time,seconds_elapsed,z,y,x
1775066237165099300,228.2960993652344,-0.0027380466617643,0.0341840091526508,0.0310869290533009
1775066237175138600,228.306138671875,0.0526322506435215,-0.0036275428473949,0.0877279038815293
1775066237185177300,228.31617724609376,-0.0246910814031958,0.0066898530274629,0.0635312731980811
1775066237195216400,228.32621630859376,-0.0772600575521588,0.0435059642493724,0.0457480897535104
1775066237205255400,228.33625537109376,-0.0704325496196746,0.0234562789112329,0.0588688434781506
1775066237215294500,228.34629443359376,0.0026290333293378,-0.0181599260687828,0.0774225455043371
1775066237225333000,228.3563330078125,0.0292030058696866,-0.0313145911961793,0.0534269812177866
1775066237235371800,228.36637182617187,0.0137459090188145,-0.0042716859698295,-0.0034102468349039
1775066237245410800,228.37641088867187,-0.0780067842662334,0.0111444943487644,-0.0447498450969345
1775066237255449900,228.38644995117187,-0.1364312084451317,-0.018498948764801,-0.0607334135073237
1775066237265489000,228.39648901367187,-0.0985914532639086,-0.0207137022048234,-0.0597033763398416
1775066237275528000,228.4065278320313,-0.0268156723417341,-0.0225163677126169,-0.0274478327654302
1775066237285567700,228.41656762695317,-0.0043899055220186,-0.0460118095904588,0.0555012119422666
1775066237295606800,228.42660668945317,-0.008138882791996,-0.0195253692030906,0.0823913012270815
1775066237305645800,228.43664575195317,-0.0380897844195365,-1.40285253524e-05,0.077691599103529
1775066237315684900,228.44668481445316,-0.0495768085956573,0.0224380417793989,0.0763401844945736
1775066237325724000,228.45672387695316,-0.0232180862411856,0.0415583373129367,0.0525188351306132
1775066237335763000,228.46676293945316,-0.0453320106327533,0.0302460851818323,0.0124888764287345
1775066237345801700,228.4768017578125,-0.1264390990018844,0.0202478382587432,0.0006986863212659
1775066237355841000,228.48684106445316,0.0586661239802837,0.0108475572288036,-0.0338343737310729
1775066237365879800,228.4968798828125,0.0071614160619676,-0.0180026896804571,-0.0119734742525033
1775066237375918800,228.5069189453125,-0.2020342920817434,0.0153530519545078,-0.0075908935204148
1775066237385958000,228.5169580078125,-0.1214075345754623,0.0012362637966871,0.0007459412627853
1775066237395997000,228.52699682617188,-0.0082008421123027,-0.0128039519935846,-0.0501874878399074
1775066237406036000,228.53703588867188,0.0174994163334369,0.0276566532105207,-0.0750046341750305
1775066237416074800,228.54707470703124,0.0367056365847587,0.0577121842563152,-0.0752474756207317
1775066237426113800,228.55711376953124,0.0254065361961722,0.0614221446901559,-0.0740382824940606
1775066237436153900,228.56715380859376,-0.0033671383455395,0.0608826309859752,-0.0544286508073098
1775066237446193000,228.57719287109376,0.011175912400335,0.0312894567549228,-0.0641658721740357
1775066237456232000,228.58723193359376,-0.0132721540272235,0.0067594111323356,-0.090192458231002
1775066237466271000,228.59727099609376,-0.0954946562923491,-0.0272609318912029,-0.0838457378190942
1775066237476309800,228.60730981445312,-0.1208512158669531,-0.011866963404417,-0.0977261234051547
1775066237486348800,228.61734887695312,-0.123723556432873,-0.0011900865674018,-0.1242201260444708
1775066237496387800,228.62738793945311,-0.082138477243483,-0.0045171851634979,-0.1164062191568315
1775066237506427000,228.6374270019531,-0.0124015086725354,0.006555412992835,-0.1095085320649668
1775066237516466000,228.6474658203125,0.024886603975296,0.0027495909690856,-0.0514202993041835
1775066237526504700,228.65750463867187,0.0119102180242538,0.0039174657046794,-0.0361979062583297
1775066237536543700,228.6675437011719,-0.0002899228572845,0.0434007503092288,-0.0118923535740002
1775066237546583000,228.6775830078125,-0.0232430745519697,0.0051040451407432,-0.0056922385585494
1775066237556621800,228.68762182617183,-0.0230921217739582,0.0206318691402673,0.0276826461683027
1775066237566660900,228.69766088867183,-0.0425251365184783,0.0121048638135194,0.0106413853985257
1775066237576701000,228.7077009277344,-0.0322727687038481,-0.0102566055983304,-0.0243774488767609
1775066237586739700,228.7177397460937,-0.0331413682319223,-0.0191197110116481,-0.0651753414775244
1775066237596778800,228.7277788085937,0.0005950432837009,-0.0150368256121873,-0.0908108641239814
1775066237606818000,228.7378181152344,0.0166859079934656,-0.0197854814440011,-0.0458796711107716
1775066237616856800,228.7478569335937,0.019213234513998,-0.025837621089816,-0.024732728587836
1775066237626896000,228.75789575195316,0.0313281813301146,0.0034621231526136,-0.0391260503984056
1775066237636934700,228.7679345703125,0.0296913739085197,0.0108306060940027,-0.0603957973171025
1775066237646974000,228.77797387695315,0.0033048867642879,0.00833645119071,-0.0205506023312918
1775066237657013000,228.78801293945315,-0.0519546436429023,0.0209562787890434,0.0020474157827906
1775066237667051800,228.7980517578125,-0.0647065731883049,0.0329781404942274,-0.019656521302089
1775066237677090800,228.8080908203125,-0.0493627274535596,0.0635153175771236,-0.02360500319954
1775066237687129900,228.8181298828125,-0.0309178469635546,0.0605015227138996,-0.0137118788850493
1775066237697169000,228.8281689453125,0.0312951558433473,0.0414215591907501,-0.0188775362862274
1775066237707208000,228.8382080078125,0.068595835711807,0.0430336705625057,-0.034904962104652
1775066237717248000,228.848248046875,0.0549940113388001,0.031557752302289,-0.026972981795296
1775066237727286800,228.8582868652344,0.0258333833061158,0.0469277553915977,-0.0323021409288048
1775066237737325800,228.8683259277344,0.0268459213495254,-0.0042424598753452,0.0020745595180429
1775066237747364900,228.87836474609372,0.0382933441676199,-0.0220925893425941,0.0332013182582333
1775066237757404000,228.88840380859372,0.0834030903518199,-0.0497007272362709,0.0001603599271737
1775066237767443000,228.89844287109372,-0.1187771860718727,-0.0201180743992328,-0.0687278645936399
1775066237777481700,228.9084816894531,-0.2231225266873836,0.0003735094875097,-0.0831097334284335
1775066237787520800,228.91852075195317,-0.0101379476547241,0.0045130935102701,0.0050012788860127
1775066237797560000,228.92856005859372,0.0264671511650085,-0.0027355624437332,0.0278141818597912
1775066237807598800,228.93859887695317,-0.0395088574372232,0.0629646979570388,0.0510191894236952
1775066237817638000,228.94863793945316,0.1754629498898983,0.0509814146965742,0.0359497401835396
1775066237827676700,228.9586767578125,0.1929214496910572,0.0295101721227169,0.0392205785477533
1775066237837716000,228.96871606445316,-0.0015796704068779,0.0314063611328601,0.0354131856214255
1775066237847755000,228.97875512695316,-0.1501614815033972,0.04945990421772,-0.00713938689325
1775066237857794800,228.988794921875,-0.1882465897478163,0.0292757788449525,-0.0098391473712399
1775066237867833900,228.9988337402344,-0.0735388450719416,-0.0194920514553785,0.0145626504954881
1775066237877873000,229.0088728027344,-0.0011083996333181,-0.0367290174603462,-0.0316924845978617
1775066237887911700,229.01891162109376,-0.0803437027812004,0.0182113639950752,-0.0526537135566584
1775066237897951000,229.0289509277344,-0.1509061623908579,0.0343406610190868,-0.0515503554246388
1775066237907990000,229.0389899902344,-0.0553938243113458,0.0176794490754604,-0.0175131525978446
1775066237918028800,229.04902880859376,0.0742963854409754,-0.0204214412599802,0.0508217854217626
1775066237928067800,229.05906787109376,0.0858021143175661,-0.0114367552936077,0.0328675197266042
1775066237938107000,229.06910693359376,0.013724573969841,0.0134749831229448,-0.0407908235391601
1775066237948146000,229.07914599609376,-0.0928910496652126,0.0616243892639875,-0.0878984472759999
1775066237958185000,229.08918505859376,-0.135129916588217,0.0584077653050422,-0.0892306274615228
1775066237968223700,229.0992236328125,-0.0764915573976934,0.0279997675597667,-0.0980393906054087
1775066237978262800,229.1092626953125,-0.0093710549354553,0.0453191511511802,-0.0722255157173611
1775066237988302800,229.119302734375,0.015342384430021,0.0410480497032403,-0.0514143627537414
1775066237998342000,229.129341796875,-0.0170098792508244,0.0444926371991634,-0.0235756309745833
1775066238008381000,229.139380859375,-0.0475754056453704,0.0139133745402097,-0.0406845684194006
1775066238018420000,229.149419921875,-0.0509198937676846,-0.0250502701044082,-0.0656218248696997
1775066238028458800,229.1594587402344,-0.052569706801325,-0.049489714834094,-0.0631627778124064
1775066238038498000,229.169498046875,-0.1144376955628395,-0.0642658436834812,-0.037742322688736
1775066238048536800,229.1795368652344,-0.0590121609389781,-0.0475099391937255,-0.0417955984012223
1775066238058576000,229.1895759277344,0.0737596482157707,-0.0435971496641635,-0.020570750070177
1775066238068615000,229.1996149902344,-0.0976795991159975,-0.0379091671556234,0.0214132105099968
1775066238078653700,229.2096538085937,-0.0975815455690026,0.0365963309913873,-0.0127452075436711
1775066238088693000,229.2196928710937,0.0260813667178154,0.0599509030938148,-0.0782485936654731
1775066238098731800,229.22973168945316,0.0489278431676328,0.0520668718457221,-0.075761562622711
1775066238108770800,229.23977075195316,0.0654886634767055,0.0608195026218891,-0.1011607740289531
1775066238118811000,229.2498107910156,0.0156513042487204,0.0719710112333297,-0.0778283954920247
1775066238128850000,229.2598498535156,-0.038653117390722,0.0490361258476972,-0.0336588345010764
1775066238138889000,229.2698889160156,-0.0390238503992557,0.0331178412258625,0.020007581495773
1775066238148928000,229.2799279785156,-0.0479400011740624,0.0039028526574373,0.0287102173840627
1775066238158966800,229.289966796875,-0.0021722294725477,-0.0101905546247959,-0.0049224414961412
1775066238169005800,229.300005859375,0.0278653275251388,-0.0161754742532968,-0.0644651656478643
1775066238179044900,229.310044921875,-0.007064531558752,-0.0279436534583568,-0.0811009874219074
1775066238189084000,229.320083984375,-0.0070880585648119,-0.0406014749795198,-0.0766680099431425
1775066238199123000,229.330123046875,-0.0270212779164314,0.0020826514929533,-0.0762437383827753
1775066238209161700,229.34016162109376,-0.0232113642394542,0.0254857389122247,-0.0782764497867785
1775066238219200800,229.35020068359376,-0.0249706289969384,0.0177297179579734,-0.0054642750215716
1775066238229240600,229.36024047851564,-0.0226243581317365,0.020132687446475,0.0218959342593327
1775066238239279600,229.37027954101563,-0.0064648120999336,0.0293745630443096,0.068952814189624
1775066238249318700,229.38031860351563,-0.0002034136176109,0.0303834478259086,0.0594848564846441
1775066238259358700,229.3903586425781,-0.003875380128622,0.0368640420168638,0.0363788888484239
1775066238269397500,229.4003974609375,-0.0161105923235416,0.0075485156834125,0.0248131186139769
1775066238279436500,229.4104365234375,-0.0118714934490621,-0.015984920117259,0.020715273107402
1775066238289475600,229.4204755859375,-0.020586714824289,-0.0326993235528469,0.0320285481518134
1775066238299514600,229.4305146484375,-0.0065093818940222,-0.0199503166168928,0.0299584456131793
1775066238309553700,229.4405537109375,0.0024177286662161,-0.0112245738476514,0.0258983200347982
1775066238319592700,229.4505927734375,0.0245196703590452,-0.0261702140450477,0.0532496153568849
1775066238329631500,229.46063159179687,0.019586159479618,-0.0232078571081161,0.0386196717788465
1775066238339670800,229.4706708984375,0.0158463884294033,-0.0069306760460138,0.0497608964582905
1775066238349709600,229.48070947265623,0.0213804955504834,0.0136029934167861,0.0309667093402706
1775066238359748600,229.49074853515623,0.0075227967202663,0.0068880059480667,-0.0181722923600114
1775066238369787600,229.50078759765623,-0.0102092593252658,0.0166109430611133,-0.0574127081193961
1775066238379826400,229.5108264160156,-0.0375837345935404,-0.0066594578891992,-0.0547810261752456
1775066238389866500,229.5208664550781,-0.0107705464698374,-0.0040162499040365,-0.0284010235707275
1775066238399905800,229.53090576171877,0.0151787183009088,-0.0046603930264711,0.0136444762046448
1775066238409944600,229.54094458007813,0.0062684127449989,0.0136935943096876,0.052890262258891
1775066238419983600,229.55098364257813,0.0047952714525163,0.0091740710586309,0.0573470407383516
1775066238430022700,229.56102270507813,0.0217196643769741,-0.0118979430645704,0.0762284860147163
1775066238440061700,229.57106176757813,0.0439782579362392,-0.0039899464190006,0.1068492497278377
1775066238450100700,229.58110083007813,0.1149943065322935,-0.01393149471879,0.1223441213058307
1775066238460139500,229.59113940429688,-0.0389442092917859,-0.0231833071887493,0.038593496157974
1775066238470178600,229.60117846679688,-0.2748198345683515,0.043708208823204,-0.0129278706341981
1775066238480217600,229.61121752929688,-0.1509714827120304,0.0263327111303806,-0.0415247273042798
1775066238490256600,229.62125659179688,-0.0210918878674507,-0.0579746345847845,0.0404430147484876
1775066238500295700,229.63129565429688,-0.0669989219091832,-0.0314881941974163,0.065502363208495
1775066238510334700,229.64133471679688,0.0435213079489767,0.0246843594014644,0.0940006548749282
1775066238520374500,229.6513745117188,0.1509201909162104,0.0270376445293426,0.1122087126680649
1775066238530413600,229.6614135742188,0.017147680286318,0.0659194561094045,0.0816268927258439
1775066238540452600,229.67145263671875,-0.1928733727656304,0.1170049157023429,0.0439832446386106
1775066238550491600,229.68149169921875,-0.2189583927452564,0.0914741686046123,0.0158591017805039
1775066238560530700,229.69153076171875,-0.0325556772984564,0.0014350012391805,0.0314811982010491
1775066238570569500,229.7015695800781,0.0967981401063501,-0.0517868858605623,0.0767481259746477
1775066238580608500,229.7116083984375,0.0302361483097076,-0.0258276842176914,0.0765639285141602
1775066238590647800,229.7216477050781,-0.0545415913961827,0.0246487035661935,0.0088503372632898
1775066238600686600,229.7316865234375,-0.0955984089277684,0.0095867435127496,0.0173639533855021
1775066238610725600,229.7417255859375,-0.0186661220252513,-0.0339613063126802,0.0475785109179094
1775066238620764700,229.7517646484375,0.0547488044060766,-0.0496755927950143,0.0845259021029807
1775066238630803700,229.7618037109375,0.009147767573595,-0.0347533334732055,0.0371229304150678
1775066238640842800,229.7718427734375,-0.0959083516597747,0.0122889882087707,-0.0273973994861356
1775066238650882800,229.7818828125,-0.1356089322768151,0.0398006799906492,-0.0499370750091038
1775066238660921600,229.79192163085935,-0.0873741859398782,0.0424964949458837,-0.0370503401028923
1775066238670960600,229.80196069335935,-0.0315372940361499,0.0224397953450679,-5.85069878958e-05
1775066238680999400,229.81199951171877,0.0074443246565759,0.0483890601158142,0.053797586362157
1775066238691038700,229.82203881835937,0.04787468085289,0.0379337170749902,0.0658991987726651
1775066238701077800,229.83207788085937,0.0081973349809646,0.033838556715846,0.0815926433963701
1775066238711116500,229.84211645507813,-0.0302981076300144,0.0263549229621887,0.0697785792229697
1775066238721155600,229.85215551757813,-0.0125248427912592,0.0358668476730585,0.0142613477276638
1775066238731194600,229.86219458007807,-0.0680772186651825,0.0235042097061872,0.0054814818846993
1775066238741233700,229.87223364257807,-0.0003776011407375,-0.003386719828844,-0.0219541672525927
1775066238751272700,229.8822727050781,0.064823769827187,-0.0337421106040477,0.0040839631116949
1775066238761311500,229.8923115234375,-0.1331678227350115,-0.0056347910165786,0.021423311778903
1775066238771351600,229.9023515625,-0.1474058991849422,0.0310123933792114,-0.0593768843318335
1775066238781390600,229.912390625,-0.010830021572113,-0.0081833064556121,-0.0815082347822375
1775066238791429600,229.9224296875,0.0349343891285359,0.0004103343665599,-0.0022813341365195
1775066238801468700,229.93246875,0.0143019354663789,0.036419805380702,-0.0081341700842604
1775066238811507700,229.9425078125,-0.0198036016225814,0.0566267271071672,-0.0451250716174952
1775066238821546500,229.95254638671875,-0.012216653624922,0.0521843607455492,-0.0174462248414754
1775066238831585500,229.96258544921875,-0.0026700959920883,0.0336415728390216,-0.0034962811505421
1775066238841624600,229.97262451171875,0.0039738720670342,0.0095399817615747,-0.0016823270637542
1775066238851663600,229.98266357421875,-0.0299918181598186,0.0158329444259405,-0.0110019623392261
1775066238861702700,229.99270263671875,-0.0634440059065818,0.0170896664887666,-0.0541271653763949
1775066238871741400,230.0027414550781,-0.0572644404888153,0.0263110838204622,-0.0598697458826936
1775066238881780700,230.01278076171877,0.0106266079545021,0.0337818580925464,-0.0778521234274841
1775066238891819800,230.02281982421877,0.0181610951125621,0.0357096112847328,-0.0819321410164237
1775066238901859600,230.03285961914065,0.0102235801115632,0.0226660053163766,-0.0855184568042866
1775066238911898600,230.04289868164065,-0.003579758182913,0.0169517193228006,-0.0491327911552041
1775066238921937700,230.05293774414065,-0.028730419921875,0.0325812501311302,-0.0331832711448892
1775066238931976400,230.0629765625,0.0074525079630315,0.0349169996023178,-0.0455897299871779
1775066238942015700,230.073015625,0.0107128249332308,0.0112432785481214,-0.0416023591177538
1775066238952054500,230.08305444335937,-0.013055004145205,0.0006903203517198,-0.0515338426812551
1775066238962093600,230.09309350585937,-0.0709809772826731,-0.0037017771273851,-0.0360075713180005
1775066238972132600,230.10313256835937,-0.0327916780114173,0.0017313538372516,-0.0592445814553648
1775066238982171600,230.11317163085937,-0.0020611703135073,0.0092991587430238,-0.0901991071674972
1775066238992210700,230.12321069335937,0.0225847567737102,-0.0073281509310007,-0.0859184707062318
1775066239002249700,230.13324975585937,0.0148716981783509,-0.0153770173519849,-0.0566606476430781
1775066239012288500,230.1432885742188,0.0034089316606521,-0.0187532157868146,-0.0851115017049014
1775066239022327600,230.1533276367188,0.0083881813779473,0.028799393504858,-0.0616296316946856
1775066239032367600,230.16336767578125,-0.0006676701284945,0.0479535913079977,-0.0063943589459173
1775066239042406700,230.17340673828124,0.005720861864835,0.0313864873886108,0.0099928948945365
1775066239052445700,230.18344580078124,-0.0574950343742966,0.0208387898892164,-0.0068602411583065
1775066239062484500,230.193484375,-0.1029332818605005,-0.0094061262488365,-0.03258221824551
1775066239072523500,230.2035234375,-0.053939679980278,0.0118862526267766,-0.0269068760228343
1775066239082562600,230.2135625,0.0059472179666161,0.0409253001064062,-0.0438687514134682
1775066239092601600,230.2236015625,0.0427370257034897,0.0470300467222929,-0.049135512835253
1775066239102640600,230.233640625,0.087313834054768,0.0523895279288291,-0.0366086607499979
1775066239112679700,230.2436796875,0.0889224382951855,0.0244932207435369,-0.05187100221375
1775066239122718500,230.25371850585935,0.1030184759259223,-0.008120178091526,0.0219021265381015
1775066239132757800,230.2637578125,0.0762368519842624,-0.0150923551917076,0.0449252747290767
1775066239142796500,230.27379663085935,0.0708265173733234,-0.0136953478753566,0.0668631393008399
1775066239152836600,230.28383666992187,0.0401823727846145,-0.05526011492908,-0.0167465430063661
1775066239162875600,230.29387573242187,-0.1439205412872135,-0.0121925420969724,-0.0739272598676383
1775066239172914400,230.3039145507813,-0.240982885287702,0.0375531933248043,-0.075229729901487
1775066239182953500,230.31395336914065,0.0217146959409117,0.0394458752036094,0.0640710243642795
1775066239192992800,230.32399267578128,0.1333233055576682,0.0273030174672603,0.1275337167050223
1775066239203031600,230.33403149414065,0.0424433034539222,0.0434317299693822,0.0182663090527057
1775066239213070600,230.34407055664065,0.0808805861368775,0.0709071813941001,-0.0448127542653121
1775066239223109600,230.35410961914064,-0.0151271342441439,0.1115372979462146,-0.0562883345988113
1775066239233149000,230.36414892578125,-0.1972667854189872,0.1995195327818393,-0.0042916784450877
1775066239243187700,230.3741877441406,-0.0928989407107234,0.1671177308708429,-0.0081626472600735
1775066239253226800,230.3842268066406,0.0946110053256154,0.0703776045620441,0.020296088714106
1775066239263265800,230.3942658691406,0.2442708209171891,0.0383662632733583,0.1313424704713746
1775066239273305900,230.40430590820316,0.1733212616860866,0.0559977815538644,0.1100885695757809
1775066239283344600,230.4143447265625,-0.0245648246750235,0.0874175866901874,0.0437617747745011
1775066239293384000,230.42438403320315,-0.1386591136276722,0.0717313572585582,0.0189808322639204
1775066239303422700,230.43442260742188,-0.0749450586080551,0.02010463039577,0.0543091252140235
1775066239313461800,230.44446166992188,0.0692263887003064,0.0207762460470199,0.0821081095046829
1775066239323500800,230.45450073242188,0.1031952937975525,0.0130769237160682,0.0210018623632844
1775066239333539800,230.46453979492188,0.0066743631973862,0.0396761768281459,-0.0218035615344531
1775066239343579000,230.47457885742188,-0.0682554978415369,0.0674245999753475,-0.0378040445470251
1775066239353617700,230.48461767578124,-0.0563151769399642,0.0662228229701519,-0.0369630636782385
1775066239363656700,230.49465673828124,0.0182651400089263,0.0569856235474348,-0.0279705414652824
1775066239373695700,230.5046958007813,0.0653182753458619,0.0514566309928894,-0.0070779298964422
1775066239383734800,230.5147348632813,0.0702165687814354,0.0359948579668998,0.0184848015084397
1775066239393774800,230.52477490234372,0.0487011948049068,0.02689326762259,0.0477652199958916
1775066239403814000,230.53481396484372,0.0433667019091546,0.0199701903611421,0.0549439159862231
1775066239413852700,230.5448527832031,0.0291138662815093,0.0090133275389671,0.0508048616864252
1775066239423891700,230.5548916015625,-0.0748012662231922,0.0112777653396129,0.0424684561614878
1775066239433930800,230.5649306640625,0.017678280031681,-0.0029997663378715,0.0552097638481762
1775066239443969800,230.5749697265625,0.1966118286415934,-0.0345224473267793,0.0614239256552886
1775066239454008800,230.5850087890625,-0.0818006235912442,-0.0091822543650865,0.0884594878253992
1775066239464047600,230.59504760742183,-0.1396855340659618,0.0567728575795888,0.0517174373535439
1775066239474086700,230.6050866699219,0.0022737901508808,0.0525660535395145,0.0654129952914547
1775066239484126000,230.6151259765625,0.122773269970715,0.0343377384096384,0.0724628316045738
1775066239494164700,230.6251647949219,0.0967481634847819,0.0475303974598646,0.0579686432354152
1775066239504203800,230.63520385742189,0.0220808989048004,0.0556651885986328,0.0497418081653304
1775066239514243800,230.6452438964844,-9.4984807074e-06,0.0097270287662744,0.1260545657968614
1775066239524282600,230.6552827148437,0.0361459568753838,-0.0143991122305393,0.1329510107797104
1775066239534321700,230.66532177734376,0.0427856871508061,-0.0010392799198627,0.1353896543697919
1775066239544361000,230.67536083984376,0.0047520168326795,0.0099380411684513,0.1184352133669424
1775066239554399700,230.68539965820312,0.0074304422616958,0.0293856689602136,0.0778778149911668
1775066239564438800,230.69543872070312,-0.0127205114938318,0.0243944365441799,0.0480077417811844
1775066239574477600,230.7054775390625,-0.0032208617426455,0.0446954662948846,0.0446488598073367
1775066239584516900,230.71551684570312,0.0561630551181733,0.0547410594910383,0.0666749871844425
1775066239594556000,230.72555590820312,0.0563150308094918,0.0655021074801683,0.0916958393981214
1775066239604594700,230.7355947265625,0.0856990923345089,0.0726180769652128,0.066036935876077
1775066239614633700,230.7456337890625,0.105160164129734,0.0837818605363368,0.093949271747563
1775066239624672800,230.7556728515625,0.1071114443279802,0.054321957296133,0.1012814960654825
1775066239634712600,230.7657126464844,0.0098877722859382,0.0130769237160682,0.096742975853011
1775066239644752000,230.775751953125,-0.0582977290593087,-0.0122989250808954,0.0356984871025197
1775066239654791000,230.785791015625,-0.0694620971523225,-0.0346159708291292,-0.0289253031731583
1775066239664829700,230.79582958984372,-0.088127926916629,-0.0427139370888471,0.0001257178720552
1775066239674868700,230.80586865234372,-0.0689652535460889,-0.0353033685714006,0.0193260929044801
1775066239684907800,230.81590771484372,-0.034089462736994,-0.0339987157136201,0.0041910128158982
1775066239694946800,230.82594677734372,-0.0152782331526279,-0.0253822785377502,0.0470892386967781
1775066239704985900,230.83598583984372,0.0127367319762706,0.018851415464282,0.0441839183098636
1775066239715024600,230.84602465820316,0.0600501256845891,0.0722276163429021,0.0258766835917253
1775066239725063700,230.85606372070316,0.0902887582123279,0.0950578723102807,0.0521093866800423
1775066239735103000,230.8661030273437,0.0528793572723865,0.0720867465674877,0.0777279764580074
1775066239745141800,230.87614184570316,0.0131857909180223,0.0526432104289531,0.0420217535736039
1775066239755181800,230.8861818847656,-0.0274760359466075,-0.0207283152520656,-0.0016579324080143
1775066239765220900,230.8962209472656,-0.0851496417582035,-0.0267021289646625,-0.0078462199883535
1775066239775259600,230.906259765625,-0.0904183759413659,-0.0599438888311386,-0.010654317945335
1775066239785299000,230.916298828125,-0.0420924441896378,-0.0611474194020032,-0.0064364445219747
1775066239795337700,230.9263376464844,-0.0222680920399725,-0.0592775338768959,0.0001209046996198
1775066239805376800,230.9363767089844,-0.0082943656146526,-0.0366109440386295,0.0100874595765024
1775066239815415800,230.9464157714844,0.0295300458669662,-0.02372282089293,-0.0298128996626473
1775066239825454600,230.95645458984376,0.0552208058319985,-0.0171042795360088,0.0028151487522758
1775066239835494000,230.9664938964844,0.1192750525914132,0.0205400992035865,0.0292421140373684
1775066239845533000,230.9765329589844,0.0406849154792726,0.0204115043878555,-0.0286223929701372
1775066239855571700,230.98657177734376,-0.211135444034636,0.0617675971269607,-0.0441560256559401
1775066239865611800,230.99661181640624,-0.1733668543934822,0.077761285072565,-0.051717492152471
1775066239875650800,231.00665087890624,-0.0298996098317205,-0.003698269996047,0.0220089113808237
1775066239885689900,231.01668994140624,-0.1118145074523985,-0.0345107568889856,0.0123317861708812
1775066239895729000,231.02672900390624,0.0499390660367906,0.0079974284946918,0.0316807210948318
1775066239905767700,231.036767578125,0.2168644892059266,0.0335445422053337,0.0549724022951908
1775066239915806700,231.046806640625,0.0326021467886865,0.0761456665694713,0.0366471843957901
1775066239925845800,231.056845703125,-0.1683551637113094,0.0911006591171026,-0.0266640619765967
1775066239935884800,231.066884765625,-0.1573532927036285,0.0576367809325456,-0.0432141234296374
1775066239945923800,231.076923828125,-0.0453052687563002,-0.0272603473693132,-0.0131404174063354
1775066239955963000,231.086962890625,0.0445696479581296,-0.1026291843473911,0.0070807337748818
1775066239966001700,231.0970017089844,-0.0150163673460483,-0.0665109922617673,0.0400267072988674
1775066239976041000,231.107041015625,-0.1086613041184842,0.0142798697650432,0.0057315841882489
1775066239986080800,231.11708081054687,-0.1211585282504558,0.018978256714344,0.019185853316728
1775066239996119800,231.1271198730469,-0.0473462730646133,-0.0003419453054666,0.0598757189657539
1775066240006158800,231.1371589355469,0.0471942973732948,-0.018390812215209,0.0338350495845079
1775066240016197600,231.14719775390623,0.0187023623824119,-0.0141214643329381,0.0174693865213543
1775066240026236700,231.1572365722656,-0.0912557035483419,-0.0053279170244932,-0.0407865674891509
1775066240036276000,231.16727587890625,-0.1343229841195047,0.011691606837511,-0.0565228831402026
1775066240046314800,231.1773146972656,-0.1049756013430655,0.0350379956334829,-0.007437091198191
1775066240056353800,231.1873537597656,-0.0758512136675417,0.0041489363729953,0.0343375740128569
1775066240066392800,231.1973928222656,-0.0675815441027283,0.0248760825812816,0.0417528917706571
1775066240076432000,231.2074318847656,-0.0711189244486391,0.0116664723962545,0.0768997363397851
1775066240086471000,231.21747094726564,-0.0317817703165113,-0.0216477681845426,0.1134738920319825
1775066240096511000,231.22751098632813,-0.0396527959525585,-0.0183621706426143,0.1152330837242305
1775066240106549800,231.2375498046875,-0.076176061707735,0.0035217443853616,0.067147883659508
1775066240116588800,231.2475888671875,-0.1551427770473062,-0.0027963527202606,0.0580987724211066
1775066240126627600,231.25762768554688,-0.211296625945717,-0.0251297650814056,0.0237504760848358
1775066240136667000,231.2676669921875,0.0051529988490045,-0.0548924506604671,0.0179396161152981
1775066240146706000,231.27770581054688,-0.1416612180531024,-0.067723875182867,0.1063127682309597
1775066240156744700,231.28774462890624,-0.1959247231602668,-0.0134925187796354,0.1155691838108003
1775066240166783700,231.29778369140624,-0.1008382092773914,0.0355038595795631,0.0644554479714483
1775066240176822800,231.30782275390624,-0.0725111094594001,0.0412497097551822,0.0402638770556077
1775066240186861800,231.31786181640624,-0.0296972191274166,0.0737339292526245,0.0151572919203899
1775066240196900900,231.32790087890623,-0.0415199049986898,0.0616758271902799,0.0093767722901888
1775066240206939600,231.33793969726565,-0.0726888041138649,0.0237719207316637,0.0481499358640052
1775066240216979700,231.3479797363281,-0.0564450869299471,-0.0132154554039239,0.0937360673882998
1775066240227018200,231.35801831054687,-0.0385936422884464,-0.0300800809651613,0.0562901886291801
1775066240237057000,231.36805712890623,-0.067590458061546,-0.0502647908598184,-0.0022085428949445
1775066240247096000,231.3780959472656,-0.0828245598115026,-0.0417997448533773,-0.009500910126511
1775066240257134800,231.388134765625,-0.0771650727450847,-0.0341202962666749,0.0144861877257935
1775066240267174000,231.398173828125,-0.0683481445610523,-0.0315817176997661,0.0081083415232598
1775066240277213200,231.4082131347656,-0.0411795671284198,-0.0004454056799411,0.0069714281815104
1775066240287252000,231.418251953125,-0.0448268375895917,-0.0131488199084997,0.0148122961413115
1775066240297291000,231.428291015625,-0.0891207373462617,0.004627075278759,0.0443566079956479
1775066240307330000,231.438330078125,-0.10645911789909,0.0300403334766626,0.0093423950965516
1775066240317369000,231.448369140625,-0.079522887917608,0.0342044674187898,-0.0149346438793465
1775066240327409200,231.4584091796875,-0.1098081360660493,0.0165074826866388,0.003720810621418
1775066240337448200,231.4684482421875,-0.0987349533878266,0.0021171382844448,-0.0147582643991336
1775066240347487000,231.47848706054688,-0.0842353033922612,-0.0221253225684165,-0.0292141117855906
1775066240357526000,231.48852612304688,-0.0406429760336875,-0.0292985751986503,-0.012522340306919
1775066240367564800,231.49856469726564,-0.0084906188391149,-0.0472042342454195,-0.0173536329208873
1775066240377604000,231.50860400390624,-0.0123731593608856,-0.0159679689824581,-0.0241059201926924
1775066240387643100,231.51864306640624,-0.0277589445412158,-0.0130652332782745,-0.0493124403047375
1775066240397682000,231.52868188476563,-0.0318282398067414,-0.0065536594271659,-0.0569612380248494
1775066240407721000,231.53872094726563,-0.0371847984038293,0.0044821138501167,-0.0732204450388439
1775066240417760300,231.54876025390624,-0.0666904404819011,0.0114881932199001,-0.0366186524210497
1775066240427799000,231.55879907226563,-0.0947029213927686,0.0343003290086984,-0.0173377594983205
1775066240437839000,231.5688391113281,-0.1157749355159699,0.052110126465559,0.0044829541003331
1775066240447878100,231.5788781738281,-0.1309726507782936,0.031716157734394,0.0174102036800235
1775066240457917000,231.5889169921875,-0.1087609651006758,0.037456747213006,-0.0066622343681752
1775066240467956000,231.5989560546875,-0.0797955673791468,0.0248527017056942,-0.0398232023497112
1775066240477995000,231.6089951171875,-0.024817630392313,0.0009521861582994,-0.0303119534922763
1775066240488034000,231.61903393554687,-0.0544577125050127,0.0333960736453533,0.0034284948776476
1775066240498073000,231.6290729980469,-0.0997653193488717,0.0352647901266813,0.0065335482208989
1775066240508112000,231.63911181640623,-0.063778498557955,0.0232540343374013,-0.0153324292915873
1775066240518151200,231.6491511230469,-0.0098414489261806,-0.0009720599025487,-0.004438914029207
1775066240528190200,231.6591901855469,0.0408978275775909,-0.0337502939105033,0.0203057059258222
1775066240538229000,231.66922900390625,0.1394410577856004,-0.0478577297180891,0.0400588925354182
1775066240548268000,231.67926806640625,-0.0415925318434834,-0.0672796385467052,0.0357805210964754
1775066240558308000,231.68930810546877,-0.2900691338874399,-0.0305173033386468,-0.0610722535402514
1775066240568347000,231.69934692382813,-0.1337093822658062,-0.0168085114598274,-0.0436399110936559
1775066240578386200,231.70938623046877,-0.0371872826218605,-0.0633510669261217,0.0320590894205495
1775066240588425000,231.71942504882813,-0.1854395695030689,0.0300941094905138,0.0731064450040459
1775066240598464000,231.72946411132813,0.0146690152131021,0.0734843384057283,0.0704910383412614
1775066240608503000,231.7395029296875,0.1937351041615009,0.0560872134029865,0.0661765909419395
1775066240618542000,231.7495419921875,-0.0135562316656112,0.0883317789256572,0.066836315225996
1775066240628581000,231.7595810546875,-0.1585186832211911,0.1339455291092395,-0.0439799841024447
1775066240638620200,231.7696201171875,-0.1057632445894181,0.0630722499847412,-0.0692679171539377
1775066240648659000,231.77965893554688,0.0485714309453964,-0.0432663102746009,-0.0293164579152129
1775066240658698000,231.78969799804688,0.0834697258472442,-0.0939420200228691,-0.0012532514641061
1775066240668738000,231.79973803710936,-0.0675870970606803,-0.0599912351042032,0.0039122324071358
1775066240678777000,231.80977709960936,-0.1345420336976647,-0.0014279869765043,0.0038410303344484
1775066240688816000,231.81981616210936,-0.0348246451437473,0.0262058698803186,0.0451632390702608
1775066240698855000,231.82985498046875,0.0303447232507169,0.0175783267885446,0.1203873338154051
1775066240708894000,231.83989404296875,0.0729753659702837,0.0328863705575466,0.0516522083639167
1775066240718933000,231.84993310546875,0.0216683725811541,0.0525403345763683,-0.0576274468486197
1775066240728972000,231.8599719238281,-0.0611538491427898,0.0660334378778934,-0.0582006344935391
1775066240739011000,231.8700109863281,-0.0758781016744673,0.0496492893099784,-0.0638588246520143
1775066240749050000,231.8800500488281,-0.0087527769066393,0.0166588738560676,-0.045794933703076
1775066240759089000,231.8900888671875,0.0172550861835479,-0.0083668463289737,-0.0176309154923073
1775066240769128200,231.9001281738281,-0.0128304016090929,-0.0313186828494071,0.0534725921914912
1775066240779168300,231.91016821289065,-0.0388837112762033,-0.0187368491739034,0.0634737799903377
1775066240789207000,231.92020703125,-0.0516099218584597,-0.0105219785362482,0.0940861412012949
1775066240799246000,231.93024609375,-0.0347848976552486,-0.0078320087999105,0.0761476758634671
1775066240809284900,231.94028491210935,0.017070377266407,-0.0015209259569644,0.0415858646406792
1775066240819324000,231.95032397460935,-0.0347743762612342,-0.000704933398962,0.0109764991044066
1775066240829363200,231.96036328125,0.0248388193108141,-0.0043687166035175,-0.000981850644201
1775066240839402000,231.97040209960937,0.1638859093427658,-0.0185112237244844,0.0112121618906501
1775066240849441000,231.9804409179688,-0.0643548371411859,8.35866302251e-05,0.0395095424238126
1775066240859480000,231.9904799804688,-0.0897276171982288,0.0084679686158895,0.0347538997287861
1775066240869519000,232.0005190429688,-0.0059774669744074,0.0063864861667156,0.0299155015205964
1775066240879558100,232.0105581054688,0.010028057539463,-0.0169400288850069,0.0406945783567614
1775066240889598200,232.02059814453125,0.0386836586594581,-0.005391629910469,0.0409350269159767
1775066240899637000,232.0306369628906,0.0608497516296803,0.0323866043418645,-0.0015491565376054
1775066240909676000,232.04067602539064,0.0475299590684473,0.036216391763091,0.0372910809230525
1775066240919714800,232.05071484375,0.0328384397625923,0.0231833071887493,0.0691717815693933
1775066240929754000,232.06075415039064,0.05387523644194,0.0283563259124755,0.0376499956296291
1775066240939793200,232.07079321289064,0.0153752637863159,0.0054313773989677,0.0022131916705984
1775066240949832000,232.08083203125,-0.0092436291635036,-0.0158510646045207,-0.0102894666883163
1775066240959871000,232.09087109375,-0.0342341319046914,-0.0052682957917451,-0.0113395602631382
1775066240969910300,232.10091015625,-0.0607232026405632,-0.0207493580400943,-0.0087685589976608
1775066240979949000,232.11094897460936,-0.0559912056826055,0.0285258372604846,0.0222650506995152
1775066240989988000,232.12098803710936,-0.0520388147950172,0.0436193614959716,0.0203246480883099
1775066241000028200,232.13102807617187,-0.0430336705625057,0.0680780954480171,0.0263665312015917
1775066241010067000,232.1410668945313,0.0075286419391632,0.0426315195024013,0.0255720472224988
1775066241020106000,232.1511059570313,0.0556276330672204,0.022519874843955,0.0107281229670625
1775066241030145000,232.1611450195313,0.0537431344948709,0.004921674311161,0.0216080206960439
1775066241040184000,232.1711840820313,0.0188916013441979,-0.0017348609685897,-0.0081522171976044
1775066241050223000,232.1812231445313,0.0308450739882886,-0.0011877484798431,-0.0329254330594558
1775066241060262000,232.19126196289065,-0.0036322190225124,0.0050099371165037,0.0070846518981736
1775066241070301000,232.20130102539065,-0.049685529667139,0.0231125800400972,0.0075955331629142
1775066241080340200,232.21134033203128,-0.034384061769396,0.0313093304991722,0.0140437411879189
1775066241090379000,232.22137890625,-0.0359809755720198,0.0065308630734682,0.0509750214884057
1775066241100418000,232.23141796875,-0.013646248036623,-0.0010158990442752,0.0031813334498554
1775066241110458000,232.2414580078125,0.0344317003034055,-0.0082084408968687,0.0059637124436907
1775066241120497000,232.2514968261719,0.0084252985179424,0.0174216749221086,0.0283434664309024
1775066241130536200,232.2615361328125,0.0372550871610641,0.0321662395894527,0.0003762585670221
1775066241140575000,232.27157495117189,0.0628945553302764,0.0688034871131181,0.018636530604586
1775066241150614000,232.28161401367188,0.0299906491160392,0.0499181693792343,0.0456949073947034
1775066241160653000,232.29165307617188,-0.0030897827088832,0.0200526079475879,0.0260105573707725
1775066241170691800,232.30169189453125,0.0026093057155609,0.0034866730719804,-0.011651905014785
1775066241180731100,232.31173120117188,0.0063430854164063,-0.0052127662122249,0.0158713584738783
1775066241190770200,232.32177026367188,-0.001758534105122,-0.0136713824778795,0.0418624074265826
1775066241200809000,232.33180908203124,0.0086005089543759,0.0010468787044286,0.0152601221072021
1775066241210848000,232.34184790039063,0.0338556539811193,0.0100666359841823,-0.0115796160967089
1775066241220888000,232.35188818359376,0.0340390477240085,0.0305932911843061,0.0170921507067978
1775066241230927600,232.361927734375,0.0459703085362911,0.0141109429389238,0.0041108054528478
1775066241240966700,232.3719665527344,0.0856653361953794,0.0427729737997055,0.0217059829114936
1775066241251005700,232.3820056152344,0.1042050553619861,0.0488180991828441,0.0704642142664175
1775066241261044500,232.39204443359372,0.1299567517340183,-0.0198024325788021,0.0545747082144953
1775066241271083500,232.40208349609372,-0.0729097533881664,-0.0113116676092147,-0.0245158892330713
1775066241281122600,232.41212255859372,-0.26100290613994,0.0409451738506555,-0.0602395655757747
1775066241291161600,232.42216162109372,-0.0982476082623004,-0.00074584993124,-0.0096207736465148
1775066241301200600,232.43220068359372,0.007197948680073,0.0015004676908254,0.0618726010045502
1775066241311239700,232.44223974609372,-0.048224371073395,0.0550076014727354,0.0842668493079952
1775066241321279500,232.45227954101563,0.1979271490238607,0.0621603958368301,0.0100625808635726
1775066241331318500,232.46231860351563,0.2355317802749574,0.0512438650250434,0.0497112577634397
1775066241341357800,232.47235791015623,-0.0585538957774639,0.1001098950028419,0.056328255617246
1775066241351396600,232.4823967285156,-0.2113771438360214,0.1453816998809576,-0.0047100499876309
1775066241361435600,232.492435546875,-0.0950222164750099,0.0736520961880683,-0.0127284756045788
1775066241371474400,232.5024743652344,0.1361947693407535,-0.0334486806154251,0.0244634557929355
1775066241381513500,232.5125134277344,0.0842471399605274,-0.0605956307381391,0.0939215069578029
1775066241391552800,232.522552734375,0.0673977119684219,-0.0426543158560991,0.0499505098794121
1775066241401591600,232.5325915527344,0.0082207158565521,0.0371551339179277,-0.0015385438120458
1775066241411630600,232.5426306152344,0.0228219265304505,0.021012977412343,0.0269871107853483
1775066241421669600,232.5526696777344,0.078811378647387,-0.002935468930006,0.0618511746240314
1775066241431709400,232.56270947265625,0.1037973513439297,0.0340092371076345,-0.0016237926763948
1775066241441748700,232.5727487792969,0.0001847089171409,0.0559860911160707,-0.0779847642306704
1775066241451787800,232.5827878417969,-0.0932666049793362,0.0362000251501798,-0.0964500299215782
1775066241461826600,232.59282666015625,-0.0703176910683512,0.0122580085486173,-0.0814595002696849
1775066241471865600,232.60286547851564,-0.0026581132933497,0.0006985036581754,-0.0696797950236126
1775066241481904400,232.612904296875,0.027646716338396,0.0228740951091051,-0.040546959180152
1775066241491943700,232.62294360351564,0.0731749801956117,0.0357306540727615,-0.0112931638381443
1775066241501982700,232.63298266601564,0.0615057313203811,0.0453752652525901,0.0424730318719055
1775066241512021500,232.643021484375,0.0705843791805207,0.0510229157507419,0.0509745465643703
1775066241522060500,232.653060546875,0.0472539186060428,0.0441477692842483,0.0383665646674577
1775066241532099800,232.66309985351563,-0.0132160399258136,0.0239513689517974,-0.0154410681646782
1775066241542139600,232.6731396484375,-0.0401890947863459,-0.0339917014509439,0.003624802901037
1775066241552178700,232.6831787109375,0.1564043214157223,-0.0428553913861513,0.0036499008096754
1775066241562217700,232.6932177734375,-0.0284191620156168,-0.0237333422869443,-0.0086437087752856
1775066241572256500,232.70325659179687,-0.1695161703146994,0.0288578456938266,-0.0136856941310223
1775066241582295600,232.71329565429687,-0.0510322681009769,0.0389782576918601,-0.0437957592424936
1775066241592334600,232.72333447265623,0.0632978754341602,0.0342605815201997,0.0044273788550402
1775066241602373600,232.73337353515623,0.0871416923582553,0.0551075547158718,-0.0033009138420689
1775066241612412700,232.74341259765623,0.003768997144699,0.0626788667529821,-0.0158714041396509
1775066241622451500,232.7534514160156,-0.0387479560673236,0.0407090270072221,0.0497448586389422
1775066241632490800,232.76349072265623,0.0125613754093647,0.0058346975028514,0.0793401608949992
1775066241642530600,232.7735305175781,0.0438476172938942,-0.0275742356240749,0.0562871655550319
1775066241652569600,232.7835695800781,0.0166522979848086,0.0024649288088083,0.0423972814882639
1775066241662608600,232.7936086425781,-0.0277625978030264,0.0292155730903148,0.0193460214476566
1775066241672647700,232.8036477050781,-0.019420155262947,0.0356675257086753,-0.008546632475825
1775066241682686500,232.8136865234375,-0.0350596229434013,0.0564180527925491,-0.02539626139733
1775066241692725800,232.82372583007813,-0.0158501878216862,0.0638759675830602,-0.0246134495897218
1775066241702764500,232.8337646484375,-0.0068181555822491,0.0644213265061378,-0.0131757718475069
1775066241712803600,232.84380346679689,-0.0632537440314889,0.0536696308672428,-0.0079067362702451
1775066241722842600,232.85384252929688,-0.0207061034202575,0.0601093085259199,-0.0165841829183511
1775066241732881700,232.86388159179688,0.0168298465088009,0.0584831686288118,-0.0176804628556128
1775066241742920700,232.87392065429688,-0.003370060954988,0.0510492192357778,-0.0036734643483534
1775066241752960800,232.88396069335937,-0.0162134681761264,0.0409247155845165,-0.0068245944561902
1775066241762999600,232.8939995117188,-0.007796499095112,0.0257142869710922,-0.0084306870791129
1775066241773038600,232.9040385742188,-0.0125505617544054,0.0042214170873165,-0.0368399944209959
1775066241783077600,232.9140776367188,-0.0451671754598617,-0.0304705415874719,-0.0553078904604073
1775066241793116700,232.9241166992188,-0.0502326421558856,-0.0470551811635494,-0.0085869918856769
1775066241803155700,232.9341557617188,-0.0327253347769379,-0.0091781627118587,-0.0012222170050255
1775066241813194500,232.9441945800781,-0.0251942086197435,0.0065337856829166,0.0128440282756462
1775066241823233500,232.9542336425781,-0.040808103467524,0.0420341381311416,0.0008441957391798
1775066241833272600,232.9642724609375,-0.0132394208014011,0.0936193639397621,-0.0348899837312288
1775066241843311600,232.9743115234375,-0.0058887657776474,0.1210445464819669,0.0056727666730992
1775066241853351700,232.9843515625,0.0017990122459828,0.0920914237201213,0.0078019972541369
1775066241863390700,232.994390625,-0.0153111125089228,0.0781669432640075,-0.0028643033899366
1775066241873429500,233.00442944335936,-0.0013873627051711,0.0896001914262771,-0.0185390798457898
1775066241883468500,233.01446850585936,-0.0060588616475462,0.0804103382766246,-0.0308167429429478
1775066241893507800,233.0245078125,-0.037755145637691,0.0381301164299249,-0.0454575367085635
1775066241903546600,233.03454663085935,-0.0327203663408756,0.0253097978234291,0.0084335548896342
1775066241913585700,233.04458569335935,-0.0102130587175488,0.0167950674563646,0.0016062296202406
1775066241923624400,233.05462451171877,-0.0179977212443947,0.0182674780964851,-0.0031458054787479
1775066241933663500,233.06466357421877,0.0047753977082669,0.0013666121780872,0.0184460312674753
1775066241943702800,233.07470288085935,0.0286098622821271,0.0014963760375976,0.0273880288695916
1775066241953741600,233.08474145507813,0.0376642524838447,0.0100146135360002,0.0016479864027351
1775066241963781600,233.09478173828128,0.0514006630219519,0.0140507371842861,-0.0075130973101593
1775066241973820700,233.10482055664065,0.0782579825483262,0.0108218382656574,0.0512487238632515
1775066241983859500,233.114859375,0.0858640736378729,-0.0124158294588327,0.0031427732714451
1775066241993898800,233.12489868164064,-0.1238132805429399,-0.0092401220321655,-0.07942759258328
1775066242003937800,233.1349377441406,-0.2562837686635553,0.0212456171244382,-0.0407156028784811
1775066242013976600,233.1449765625,-0.0653812575794756,0.0140180039584636,0.0470204203774221
1775066242024015600,233.155015625,0.1598572383485734,-0.0187315884768962,0.0684375764101743
1775066242034054400,233.16505444335937,0.1290953125990927,0.0172632694900035,0.0701127613470889
1775066242044093700,233.17509375,0.226252203015238,0.0289747500717639,0.026631237419229
1775066242054132700,233.1851328125,0.0786990043140947,0.1050590418428182,0.0139184343078173
1775066242064172500,233.19517260742188,-0.2307807863555848,0.1540957522124052,-0.0050455564191564
1775066242074211600,233.20521166992188,-0.1789278495214879,0.0655336716622114,-0.0426835967495106
1775066242084250600,233.21525073242188,0.0652421413697302,-0.0307680632293224,0.018700645349361
1775066242094289700,233.22528955078124,0.1614496221065521,-0.0584182866990566,0.0497867432856
1775066242104328700,233.23532861328124,0.0613878040291368,0.0088578447163105,0.0311069215285591
1775066242114367700,233.24536767578124,-0.0706231037557125,0.0737356828182935,-0.0215147711883299
1775066242124406500,233.25540649414063,-0.080655837470293,0.0863350521504879,0.0053879035834223
1775066242134445600,233.26544555664063,0.0109654845200479,0.0411117625892162,0.0720582876579836
1775066242144484600,233.27548461914063,0.088287355262041,0.0298445186436176,0.1078497502735815
1775066242154523600,233.28552368164063,0.0314225816152989,0.0193850839495658,0.0653939891968853
1775066242164563700,233.29556372070311,-0.0879167683839798,0.0254115046322345,-0.0343387613229453
1775066242174602500,233.3056025390625,-0.1229341596208512,0.0367062211066484,-0.0773625498122535
1775066242184641500,233.3156416015625,-0.082914430052042,0.0443394924640655,-0.0405274964278563
1775066242194680600,233.3256806640625,-0.0264143980644643,0.0407499435395002,-0.0375065046388655
1775066242204719600,233.3357197265625,0.0318482596814632,-0.0049888943284749,0.0023108342256397
1775066242214758700,233.34575854492184,0.014130086030811,-0.001126373681426,0.0294532725700177
1775066242224797700,233.35579760742183,-0.0262945710770785,0.0066992053776979,0.0437898409583605
1775066242234836000,233.3658359375,0.0236697755314409,-0.002084989580512,0.0279124728688038
1775066242244875000,233.375875,0.0137247201003134,-0.021227496945858,-0.0101976602190174
1775066242254913800,233.38591381835937,-0.0814868814669549,-0.0183791217774152,-0.0195912557798437
1775066242264952800,233.39595288085937,0.0351285965263843,0.0007885200291872,-0.014645086348243
1775066242274993000,233.40599291992189,0.1767360385656356,-0.0114642278224229,-0.0504222829764708
1775066242285031700,233.41603173828125,-0.0588378272853791,-0.0016343232035636,-0.0502363502166233
1775066242295071000,233.42607104492188,-0.1139548804819583,0.041028175958991,-0.0078982789691537
1775066242305110000,233.43611010742188,-0.0171126089729368,0.0353214887499809,-0.0289612147367559
1775066242315148800,233.44614868164064,0.0164472769320011,-0.0060176528543233,-0.0754704159227199
1775066242325187800,233.45618774414064,0.0371615636587142,-0.0027016601741313,-0.0624982494890689
1775066242335227100,233.46622705078124,0.0014028525352478,0.0096335052639245,-0.0258297300443053
1775066242345266000,233.47626586914063,-0.016170359686762,0.0071370122730731,0.0019372882055118
1775066242355305000,233.48630493164063,0.0326537308454513,0.0232055190205574,0.0333796522335149
1775066242365343700,233.49634375,0.0681048373244702,0.0169569800198078,0.029280107960198
1775066242375383800,233.5063837890625,0.0277729730665683,-0.0144061264932155,-0.0037245186821557
1775066242385422800,233.5164228515625,-0.0441524454593658,-0.0368751479327678,-0.0356219147349707
1775066242395462000,233.5264619140625,-0.0380932915508747,-0.0158183313786983,-0.0733472862889058
1775066242405501000,233.5365009765625,0.0503016157388687,0.0482446832090616,-0.0529180270486511
1775066242415540000,233.5465400390625,-0.0047555239640176,-0.0174082309186458,0.0350662718798965
1775066242425578800,233.55657885742187,-0.00241977449283,0.0079424834370613,-0.049190969349537
1775066242435618000,233.5666181640625,0.031195933252573,-0.0061783963739871,-0.0476707557786256
1775066242445657000,233.57665698242187,-0.001479863294214,-0.0077039985060691,-0.0029756548099219
1775066242455696000,233.58669580078129,0.0299869958542287,0.0188256965011358,-0.0017921989127062
1775066242465735000,233.59673486328128,0.0241290636062622,0.0425789125323295,-0.0065912697575055
1775066242475775000,233.60677490234372,0.0211633456684648,0.0495750550299882,0.0028923969732597
1775066242485813800,233.61681372070316,0.0304325476646423,0.0411240375488996,0.0174804193720221
1775066242495853000,233.6268530273437,0.0211069393061101,0.0113286187440156,-0.0055598260842263
1775066242505891800,233.63689184570316,-0.0086311963535845,-0.0077338091224431,0.0117569819576106
1775066242515931000,233.64693090820316,-0.0156676708616316,-0.0097919106960296,0.0313275602756068
1775066242525970000,233.65696997070316,0.000267564895004,0.0025999533653259,0.0310765446566045
1775066242536009000,233.66700903320316,0.0431399074159562,0.0249888953059911,0.0272039044743403
1775066242546048000,233.67704809570316,0.0376908482298254,0.022980478093028,0.0399189178091473
1775066242556087000,233.68708715820316,0.0087162442885339,0.0058475569844245,0.0532447199860587
1775066242566125800,233.69712573242188,0.0038636896908283,0.0213116680979728,0.0175981457338668
1775066242576166000,233.7071657714844,0.0162894560217857,0.0180821846574544,0.0163496983090415
1775066242586205000,233.7172048339844,0.0116061205111443,0.0239022691130638,0.0001634834660217
1775066242596244000,233.7272438964844,0.0313933555208146,0.0253629893153905,-0.005412764030043
1775066242606283000,233.7372829589844,0.0246234229944646,0.0273550399154424,-0.0176013058053329
1775066242616321800,233.74732177734376,-0.0057670390941202,0.0227530990779399,0.0066899078263901
1775066242626360800,233.75736083984376,-0.0367921458244323,0.0017938976794481,0.0353407231734134
1775066242636399900,233.76739990234373,-0.0103144732654094,0.0052612815290689,0.031578575894609
1775066242646439000,233.77743896484372,-0.0517291643239557,0.0146592244714498,0.0293145947516895
1775066242656478000,233.78747802734372,-0.0462532171308994,0.0194289230912923,0.0162534531266428
1775066242666517000,233.79751708984372,-0.0177018070377409,0.027879940572381,-0.0063577897951938
1775066242676556800,233.80755688476563,0.0016238018095493,0.0611819061934947,-0.0222046348823234
1775066242686595800,233.81759594726563,0.0333235929310321,0.0751356127440929,-0.0052443669268861
1775066242696635000,233.827634765625,0.0727228525139391,0.0680827716231346,0.0600922112606465
1775066242706674000,233.837673828125,0.1344564012408256,0.017297756281495,0.0577077455432154
1775066242716713000,233.847712890625,0.0371044266439974,-0.0487736755192279,0.0078722129461355
1775066242726751700,233.8577517089844,-0.2516625386036932,-0.0536444964259862,-0.0486453912307508
1775066242736790800,233.8677907714844,-0.1664053448177874,-0.030462942802906,-0.0811726644186303
1775066242746830000,233.877830078125,0.0591010082662105,-0.0531599277794361,0.0133950680208392
1775066242756868900,233.8878688964844,-0.0912028043173253,-0.0071393503606319,0.0651254196548834
1775066242766908000,233.8979079589844,0.0353624052822589,0.0845996066600084,0.076749642078299
1775066242776948000,233.9079479980469,0.2765643401481211,0.0737754303067922,0.0742503178095445
1775066242786986800,233.91798681640623,0.0108886198915541,0.0792798729419708,0.0869658243346959
1775066242797025800,233.92802587890623,-0.2031716255486011,0.1087456214010715,0.0536719324221834
1775066242807065000,233.9380651855469,-0.1487606747947633,0.072722121861577,-0.0146162255799397
1775066242817104000,233.9481037597656,0.0271066181123256,-0.0183662622958421,-0.0009308693756349
1775066242827143000,233.9581428222656,0.0853835966445505,-0.079199208921194,0.0602264503658749
1775066242837181700,233.968181640625,-0.0282518426246941,-0.0439642294108867,0.0859180871137417
1775066242847221000,233.9782209472656,-0.1022328785061836,0.0182160401701927,-0.000909771788679
1775066242857260000,233.9882600097656,-0.0379250953771173,-0.0173176300257444,0.0816466294727753
1775066242867298800,233.998298828125,0.009627075523138,-0.04668108715415,0.1318741935947444
1775066242877339000,234.0083388671875,0.1054968487381935,0.0080845222562551,0.0554780411292333
1775066242887378000,234.0183779296875,0.0266308172941207,0.0252665432035922,0.0086089845217764
1775066242897416700,234.02841674804688,-0.0589898029766976,0.0303138897210359,-0.0089067618919536
1775066242907456000,234.0384560546875,-0.0679459935009479,0.0478396095395088,-0.0644520321716554
1775066242917495000,234.0484951171875,-0.037781156861782,0.0549742837250232,-0.0577240208245813
1775066242927533800,234.05853393554688,-0.0183937348246574,0.0241384159564971,-0.0475229539389256
1775066242937572900,234.06857275390624,-0.039734775147587,0.028829204121232,0.0222614796360954
1775066242947612000,234.07861181640624,-0.0435012880742549,0.0411100090235471,0.05161627853401
1775066242957651000,234.08865087890624,-0.0310885273553431,0.0149643448978662,0.0481481640320271
1775066242967690000,234.09868994140623,0.0069733461439609,0.016141571983695,0.0142053249577991
1775066242977729800,234.1087297363281,0.03352802946195,-0.0020896657556295,0.0060949558742344
1775066242987768800,234.1187687988281,0.0089687577448785,-0.0332207170784473,0.0010748626898974
1775066242997807900,234.1288078613281,-0.0368121656991541,-0.042134091374278,-0.0005137856078799
1775066243007847000,234.1388469238281,0.1418340904019772,-0.0326812033742666,-0.0075228697855025
1775066243017886000,234.1488859863281,-0.0228080441355705,-0.0383516502261161,0.0123526828284375
1775066243027925000,234.1589250488281,-0.138608114092797,-0.0470896679550409,0.0562718675212003
1775066243037963800,234.1689638671875,-0.0575331744275987,-0.0214776723146438,0.0884021042155101
1775066243048003000,234.1790031738281,0.0010813654959201,-0.0105190559267997,0.0485765637782402
1775066243058041900,234.1890417480469,-0.039735798060894,0.0295727159649133,0.0057105596665292
1775066243068081000,234.1990808105469,-0.0763620857991278,0.0543728107005357,0.0095896295895799
1775066243078121000,234.20912084960935,-0.0759374306462705,0.0329705417096614,0.0599883124947547
1775066243088159700,234.21915966796877,-0.0729084382139146,0.0122428109794855,0.1009809970152564
1775066243098198800,234.22919873046877,-0.0270760768435895,-0.0037935470640659,0.0888358377239666
1775066243108238000,234.23923803710937,-0.020535423028469,-0.0067196636438369,0.0301971497398801
1775066243118276900,234.24927685546876,0.0139526836372911,0.0038742110848426,-0.051444374299515
1775066243128316000,234.2593159179688,0.0127053139247,0.0140793787568807,-0.0848857666576281
1775066243138355000,234.2693549804688,0.0059958794139325,0.0323071093648672,-0.1052580715462565
1775066243148394000,234.2793940429688,-0.0147628309763967,0.0504120903760194,-0.1017262989572249
1775066243158433000,234.2894331054688,0.004226093262434,0.0514700749963521,-0.0569282490707002
1775066243168471800,234.2994719238281,0.0056102410972118,0.0577706364452838,-0.0141158200434409
1775066243178512000,234.30951196289064,-0.0242332546330988,0.0143739777892827,-0.0066816879873163
1775066243188551000,234.31955102539064,-0.0799731159031391,-0.0046896191209554,0.0022975728852674
1775066243198589700,234.32958959960936,-0.1199720949448645,-0.0227834942162036,0.0230285915510728
1775066243208629000,234.33962890625,-0.107234047794342,-0.0111421562612056,-0.0104529136217199
1775066243218668000,234.34966796875,-0.093666125690937,-0.0134258832842111,-0.0157181041409261
1775066243228706800,234.3597067871094,-0.1021544064424932,-0.0013543372184038,0.0284807377434335
1775066243238746000,234.36974609375,-0.0709914986766874,0.0097001407593488,0.0447745411467738
1775066243248785200,234.37978515625,-0.0445734473504126,0.0079471596121788,0.0506363458522595
1775066243258824400,234.38982446289063,-0.0458978278219699,0.0473608861118555,0.0549384269603528
1775066243268863200,234.39986328125,-0.0468586356781423,0.0398006799906492,0.0334030696417205
1775066243278903300,234.4099033203125,-0.0386636387847363,0.0202747262656688,0.0106963121898472
1775066243288942300,234.4199423828125,-0.0256686942636966,-0.0116705640494823,0.0206809324463829
1775066243298981000,234.42998120117187,-0.042076223707199,-0.0227630359500646,0.0304634542595595
1775066243309020200,234.44002026367187,-0.0865958950437605,-0.0139040221899747,0.0055388015625067
1775066243319059200,234.4500590820313,-0.0613303747534751,-0.0011976853519678,-0.0144633365731686
1775066243329098200,234.4600981445313,-0.0383865754090249,0.0020657003581523,0.0232842650788836
1775066243339137300,234.47013720703129,-0.0412111313104629,0.0221159702181816,-0.0169727438445203
1775066243349176000,234.48017602539065,-0.0321847981594502,0.0155026895582675,-0.0507355684430338
1775066243359215400,234.49021533203128,-0.0456043978333473,0.0404851551234722,-0.0209128963050432
1775066243369254400,234.50025439453125,-0.0068342299342155,0.0376595763087272,-0.036018147510942
1775066243379294200,234.51029418945316,-0.0155434599600732,-0.0044055414825677,-0.0379140442601405
1775066243389333200,234.52033325195316,-0.021877339156717,-0.0448281527638435,-0.0659269635624252
1775066243399372300,234.53037231445316,-0.034112697482109,-0.0472784685254097,-0.0762556297499686
1775066243409411000,234.5404111328125,-0.0766448482632637,-0.0403916316211223,-0.0968168448068201
1775066243419450400,234.55045043945316,-0.0616553689241409,-0.0498550410151481,-0.0650907867329195
1775066243429489200,234.5604892578125,-0.0103530517101287,-0.0328963074296712,-0.0428239368019625
1775066243439528200,234.57052807617188,-0.0276338568568229,-0.0029547581523656,-0.042924949491024
1775066243449567200,234.58056713867188,-0.0215020761035382,0.0235042097061872,-0.0593162219194695
1775066243459606300,234.59060620117188,0.0238775730632245,0.0443622888177633,-0.0243629636936821
1775066243469646300,234.6006462402344,0.1099193413555622,0.018028993165493,-0.0110427510073408
1775066243479685400,234.6106853027344,0.0018681319594383,-0.0247229378461837,-0.0607434599773027
1775066243489724200,234.62072412109376,-0.2616260064743459,0.0145996032387018,-0.1192096957376226
1775066243499763200,234.63076318359376,-0.2063280437529087,0.0403483770012855,-0.0834295217010192
1775066243509802200,234.64080224609376,-0.0337795200049877,-0.0564975477695465,-0.003364179203473
1775066243519841300,234.65084130859373,-0.1365757314823567,-0.0501987398862838,0.0320678207162767
1775066243529880300,234.66088037109373,0.0020353052198886,0.0124690209507942,0.0385188417528755
1775066243539919000,234.67091918945312,0.2409193185321986,-0.0080243165016174,0.0333914522691629
1775066243549958100,234.68095825195311,0.0321031112253665,0.0281371302038431,0.0388996029650792
1775066243559997400,234.69099755859372,-0.200956287586689,0.0967921487569808,-0.0301149330828338
1775066243570037200,234.70103735351563,-0.1992212804876267,0.0854804811477661,-0.0902233465596102
1775066243580076300,234.711076171875,-0.0113011462152004,-0.0090951606035232,-0.0751045600187033
1775066243590115300,234.721115234375,0.060603229522705,-0.0608282704502344,-0.0134558948299847
1775066243600154000,234.7311540527344,-0.0366178121708333,-0.0211620304942131,-0.009125921067968
1775066243610193200,234.7411931152344,-0.1239548809707164,-0.0107891050398349,-0.0316504903533495
1775066243620232400,234.751232421875,-0.0746096891738474,-0.010233224722743,-0.0161516732526011
1775066243630271200,234.7612712402344,0.00112359720245,8.65092396736e-05,0.1025686863318085
1775066243640310300,234.7713103027344,0.0334182854771614,0.0439250664442777,0.0651580798154696
1775066243650349000,234.7813491210937,0.0126019996806979,0.0823532890379428,-0.0372240892346017
1775066243660388400,234.7913884277344,-0.0440964774884283,0.0824964969009161,-0.0683163063843734
1775066243670428200,234.80142822265623,-0.0401065310694277,0.0565484011739492,-0.0944493119578808
1775066243680467200,234.81146728515623,0.0033935879610478,0.0115028062671422,-0.0629052411210723
1775066243690506200,234.82150634765625,0.0059714756250381,-0.0288695361316204,0.0445353255634196
1775066243700545300,234.8315451660156,-0.0272283447958529,-0.0287491246223449,0.073832877848763
1775066243710584000,234.841583984375,-0.0373265449620783,-0.0357312385946512,0.075505797763355
1775066243720623400,234.8516232910156,-0.0417477224051952,-0.0109165308117866,0.0594412730712443
1775066243730662400,234.8616623535156,0.0153286481656134,0.0083884736388921,0.0470034692426212
1775066243740701200,234.871701171875,0.0435725997447967,0.0068757309883832,0.0279767520103603
1775066243750740200,234.881740234375,0.0350267435871064,0.0121042792916297,-0.0123901835609227
1775066243760779300,234.891779296875,0.0596118803977966,0.0299573313683271,0.0162040062280371
1775066243770819000,234.90181909179688,0.1681168249107897,0.0276619139075279,0.0184070509639568
1775066243780858400,234.9118583984375,-0.0939614553757011,0.0244645791709423,0.0479584684125147
1775066243790897200,234.92189721679688,-0.1691384230434894,0.0229243639916181,0.0513458823611028
1775066243800936200,234.93193627929688,-0.0645452451467514,0.0011895020455121,0.0079811532133258
1775066243810975200,234.94197534179688,0.0136028472863137,0.0007686462849378,-0.0060420931758359
1775066243821014300,234.95201416015624,0.0268237095177173,0.0316255568414926,-0.0170433248626999
1775066243831053300,234.96205322265624,0.0260287597477436,0.055211599612236,-0.0042339660416357
1775066243841092400,234.97209228515624,0.0383667016647756,0.0554746344625949,0.0369452357606031
1775066243851131100,234.98213110351563,0.0331890067659318,0.0376537310898303,0.0998953206703998
1775066243861171200,234.9921711425781,0.0129890993021428,-0.0062263271689414,0.0768966858661733
1775066243871210200,235.0022102050781,0.027892069401592,-0.0162134681761264,0.0194758675055578
1775066243881249300,235.0122492675781,0.0014339783258736,-0.0137929630309343,-0.0103897304587066
1775066243891288300,235.0222883300781,0.0159619776330888,-0.0068815762072801,-0.0270359640289098
1775066243901327000,235.0323271484375,0.0056979193806648,0.0023807576566934,-0.0640480179480277
1775066243911366100,235.0423662109375,-0.021494038927555,0.021367197677493,-0.0415989250516518
1775066243921405400,235.0524055175781,-0.026705782226473,0.053939679980278,-0.0224634684816002
1775066243931444200,235.0624443359375,0.0145873282790184,0.0562824437141418,-0.0088359799443744
1775066243941483300,235.0724831542969,0.0349495866976678,0.0625438421964645,-0.0228108206145465
1775066243951522300,235.0825222167969,-0.0041445524588227,0.0373433499664068,0.0083429539967328
1775066243961562000,235.09256201171877,-0.0308208163298666,0.0421937126070261,-0.0071692705748602
1775066243971601200,235.10260107421877,0.0163524382553994,0.0520265398353338,-0.0639861864918842
1775066243981640400,235.11264038085935,0.017517828772962,0.0417944841563701,-0.0833780289757996
1775066243991679200,235.12267919921877,-0.0027567513622343,0.0306564195483922,-0.0628092881996184
1775066244001718300,235.13271826171876,-0.0037679742313921,0.0083212536215782,-0.0318342494224198
1775066244011757000,235.14275708007813,0.0083244684919714,-0.0200777423888444,-0.0011400916795246
1775066244021796400,235.1527963867188,0.00714285749197,-0.0213216049700975,-0.0088295136709697
1775066244031835400,235.1628354492188,0.0118061731278896,-0.02929915972054,0.0110609077185392
1775066244041874200,235.17287426757807,0.0105285544075071,0.0133335288256406,-0.0081095653659664
1775066244051914200,235.1829143066406,-0.0090494217656552,0.0345943435192108,-0.0154879851794801
1775066244061953300,235.19295336914064,-0.0109318745113909,0.057003743726015,-0.0290070723056327
1775066244071992000,235.20299194335936,0.0033646541275084,0.0428495461672544,-0.0356450398822315
1775066244082031400,235.21303125,0.0268203485168516,0.0399263521969318,-0.0078503207747358
1775066244092070400,235.2230703125,0.0246001882493495,0.0256423907786607,-0.0132156928659416
1775066244102109200,235.23310913085936,0.0272246915340423,0.0248626385778188,0.0028204733813647
1775066244112148200,235.2431481933594,0.0278581671319901,0.0061164370536804,-0.0106649763366673
1775066244122187300,235.2531872558594,0.022471359527111,-0.0027332243561744,-0.0189583647037856
1775066244132226300,235.2632263183594,0.0159011873565614,-0.014908815318346,-0.0079205821325071
1775066244142265300,235.27326538085936,0.0279354701519012,-0.016866963648796,-0.0273776810055132
1775066244152305200,235.28330517578124,0.0054044893920421,-0.0143657944828271,-0.0370651814789976
1775066244162344200,235.29334423828124,-0.0133282681286334,0.0050607905209064,0.0019518190543632
1775066244172383200,235.3033833007813,0.0151589906871318,0.0252227040618658,-0.0067842989784199
1775066244182422300,235.3134223632813,-0.0227425776839256,0.0371083721667528,0.0294124656355939
1775066244192461300,235.3234614257813,-0.0406653339959681,0.048081601601839,0.0175549459129571
1775066244202500400,235.33350024414065,-0.0160850194908678,0.0331973362028598,-0.0055696898911148
1775066244212539100,235.3435390625,0.012972878819704,0.0353057066589593,-0.0121749699076637
1775066244222578200,235.353578125,-0.0112555535078048,0.017208324432373,-0.003729295321973
1775066244232617200,235.3636171875,-0.0070715458214282,0.0090408000677824,-0.0089093009089119
1775066244242657300,235.3736572265625,0.018793547797203,-0.0062795186609029,0.0420779316070955
1775066244252696000,235.38369604492183,0.0598164630591869,-0.0529611903369426,0.0755129672896582
1775066244262735000,235.39373510742183,0.1546177302598953,-0.0641752427905797,0.064920453401003
1775066244272774100,235.4037741699219,0.0812054341770708,-0.0728524702429771,0.0029401633714325
1775066244282813200,235.4138132324219,-0.2292458318732678,-0.007562544208765,-0.0297684851321857
1775066244292852200,235.4238522949219,-0.2471846625372767,0.0440893170952796,-0.0224024224767461
1775066244302891000,235.43389111328125,-0.0259688462540507,0.0065302785515785,0.0424985407724976
1775066244312930000,235.44392993164064,0.0990066099360585,0.0056739539831876,0.0864718850716017
1775066244322969000,235.45396899414064,0.0617713965192437,0.0779834033906459,0.0350346711652353
1775066244333008100,235.46400805664064,0.1166939500570297,0.1250613809078931,-0.0103859401995781
1775066244343048200,235.47404809570315,-0.1249462300956249,0.1738555146932602,0.0367023760485928
1775066244353087200,235.48408715820312,-0.2950819936133921,0.1297153441935777,0.0278304206085391
1775066244363126000,235.4941259765625,-0.1331704530835151,0.051826633349061,0.0290438789183739
1775066244373165000,235.5041650390625,0.098076927870512,-0.0289408478021621,0.0577425063293427
1775066244383204000,235.5142041015625,0.1422175367616117,-0.0512181460618972,0.1101784306831657
1775066244393243100,235.5242431640625,-0.0624573329567909,0.0090326167613267,0.0932316158643458
1775066244403282200,235.5342822265625,-0.1455269535705447,0.0607230565100908,0.0240537516140379
1775066244413321000,235.54432104492187,-0.0548249383822083,0.0235094704031944,0.0703859613984357
1775066244423360000,235.55436010742187,0.0500900188148021,-0.0036526772886514,0.1284054945708718
1775066244433400000,235.5644001464844,0.0735278852865099,-0.0260749369770288,0.1166650344897992
1775066244443439000,235.5744392089844,-0.0518596588358283,-0.0090893153846263,0.0387870003029238
1775066244453478100,235.58447802734372,-0.1477539819702506,0.0393085125595331,-0.0410729649487882
1775066244463517200,235.59451708984372,-0.0853527631148695,0.0540939937591552,-0.0986692768736276
1775066244473556000,235.60455590820317,0.0259340672016143,0.0543184501647949,-0.0870873774882871
1775066244483595000,235.61459497070317,0.0761027042105794,0.0422188470482826,-0.028608108716458
1775066244493634300,235.62463427734372,0.0330044439792633,0.0396831910908222,0.0001661868797615
1775066244503673000,235.63467309570316,0.0210502406828105,0.0459434205293655,0.0250055907124653
1775066244513712000,235.64471215820316,0.0056678165033459,0.0240115747064352,0.0307183332029264
1775066244523751000,235.6547509765625,-0.0163923318743705,-0.0268260476052761,0.0332510939504019
1775066244533791000,235.664791015625,-0.0867678906098008,-0.0289689048528671,-0.006238830457488
1775066244543830300,235.6748303222656,-0.1793758855499327,-0.0211889185011386,-0.0133363966361619
1775066244553869000,235.684869140625,0.0342903921365737,-0.0172498254865407,-0.0148863386250566
1775066244563908000,235.694908203125,0.1202270926192402,-0.0038999300479888,0.0096656265683937
1775066244573947100,235.7049470214844,-0.1092924416288733,0.0602671294361352,0.0153384023746475
1775066244583986000,235.71498583984376,-0.0597767155706882,0.1133528229355812,-0.0358227528030052
1775066244594025200,235.7250251464844,0.0563984713092446,0.0939338367164134,0.0088801387465093
1775066244604064300,235.7350642089844,0.029573300486803,0.0533989972323179,0.0358288628833834
1775066244614103000,235.74510302734376,-0.0989106022156774,0.0477548538655042,0.0189270014511421
1775066244624143000,235.75514306640625,-0.1148234800100326,0.02987725186944,0.0241768117381259
1775066244634182100,235.76518212890625,-0.0209279294773936,0.0035503859579563,0.1022893396674655
1775066244644221200,235.77522119140625,0.0494353542983531,-0.0081570029705762,0.1265829096530564
1775066244654260200,235.78526025390624,0.0269791923403739,-0.0133539870917797,0.0680100260473322
1775066244664299000,235.79529907226564,-0.0010533084452152,0.0093050039619207,0.0291707932336721
1775066244674338000,235.80533813476563,-0.0179784320220351,0.0247334592401981,0.012779493405763
1775066244684377000,235.81537719726563,-0.0009472177222371,0.0288169291615486,-0.0003248297738842
1775066244694416100,235.825416015625,0.0225882639050483,0.0110965635538101,0.0202701231557875
1775066244704455200,235.835455078125,0.02140080768615,-0.0016910218268632,0.0062461643805727
1775066244714494200,235.845494140625,-0.0113698275372385,0.0025473463952541,0.0258049426629208
1775066244724534000,235.85553393554687,-0.056474166893959,0.0153933839648962,0.0600476414665579
1775066244734573000,235.86557299804687,-0.0478606523275375,0.0506546669602394,0.0553998521933332
1775066244744612000,235.87561206054687,0.0173114925459027,0.0569447070151567,0.0452924001415725
1775066244754651100,235.88565112304687,0.0444178183972835,0.0670218643933534,0.0695956330046523
1775066244764690200,235.89569018554687,0.0046842122934758,0.0690583386570215,0.0586708732206374
1775066244774729000,235.90572900390623,-0.0004397065915167,0.0581143353164195,0.0735694228732958
1775066244784768000,235.91576806640623,0.0184486798822879,0.0211766435414552,0.0545987192777451
1775066244794807300,235.9258073730469,0.0102642043828964,-0.0238724584966897,0.0796777588189113
1775066244804846000,235.93584619140623,0.0119140174165368,-0.0350502705931663,0.0430565582477487
1775066244814886100,235.94588623046877,0.0095918580792844,-0.0042921442359685,0.0521654185830615
1775066244824925200,235.95592529296877,-0.0066740709364414,0.0312841960579156,0.0552483605592045
1775066244834964000,235.9659638671875,-0.0151879245206713,0.0348275677531957,0.0157061853742692
1775066244845003000,235.9760029296875,-0.0008355740413069,0.0433323612481355,0.0037874917826149
1775066244855042300,235.98604223632813,-0.0220025729715824,0.0316238032758235,0.0048718712195288
1775066244865081000,235.9960810546875,-0.0103987905479967,0.0244610720396041,-0.0092415559374261
1775066244875120000,236.0061201171875,-0.0121172849036753,0.023732173243165,-0.0072798548098653
1775066244885159000,236.01615893554688,-0.009897416897118,0.0359048415958881,0.0149377491518855
1775066244895198200,236.0261982421875,0.0079717095315456,0.0184948571115732,-0.014821328831138
1775066244905238300,236.03623828125,0.0228396083176136,0.008327098840475,-0.0052177072488237
1775066244915277000,236.04627709960937,0.0096937110185623,0.0178121355444192,-0.0079075856536161
1775066244925316000,236.05631616210937,-0.0139386551119387,0.010507365489006,-0.0105159049884881
1775066244935355100,236.06635522460937,-0.040712095747143,0.0035948096215724,-0.0020187650770414
1775066244945394000,236.0763937988281,-0.0606944149374961,0.0083043024867773,-0.0025341215874999
1775066244955433200,236.0864331054688,-0.0409388902403414,0.0068640405505895,0.0360658317107241
1775066244965472300,236.0964721679688,-0.0226233352184295,0.011484686088562,0.0502910852116998
1775066244975511000,236.1065109863281,-0.0155506203532218,0.0184662155389785,0.0106130360868759
1775066244985550000,236.1165500488281,0.0396701854787766,0.034629414832592,-0.0202960247820243
1775066244995590100,236.12659008789063,0.0366214654326438,0.0150742350131273,0.0101122195584233
1775066245005629200,236.13662915039063,-0.0187689978778362,0.0189881935864686,0.0095966347191017
1775066245015668200,236.14666821289063,-0.0369604881286621,0.0081073186099529,-0.0102214338202495
1775066245025707000,236.15670703125,0.0054207098744809,0.0069809449285268,-0.0015582622926682
1775066245035746000,236.16674609375,0.0397157781861722,0.0076788640648126,0.0388597184792626
1775066245045785000,236.17678515625,0.1322293728411197,-0.0048614685565233,0.0404547599852085
1775066245055824100,236.18682421875,0.0744502608284354,-0.0070522565990686,-0.0251552922483067
1775066245065863200,236.19686328125,-0.1581366981662809,0.0180576347380876,-0.0874767695315182
1775066245075902200,236.20690209960935,-0.0739034406006336,0.0238490776211023,-0.0464431593455839
1775066245085941000,236.21694091796877,-0.0197298057340085,-0.0218207866638898,0.0450888312603347
1775066245095981000,236.2269809570313,-0.0410964188896119,-0.0087999770492315,0.0374849138615652
1775066245106020000,236.2370200195313,0.1012064580678939,0.0202472537368536,0.0520707534363958
1775066245116059100,236.24705908203129,0.1762964781045913,0.0283113177269697,-0.004155941502517
1775066245126098200,236.25709814453128,-0.0332478973463177,0.08834522292912,0.0027704693603329
1775066245136137000,236.26713696289065,-0.2225732222415506,0.0986789854168891,-0.0278494175699539
1775066245146176000,236.27717602539065,-0.1375309863805771,0.0522702854633331,-0.0583504638935439
1775066245156215300,236.28721533203125,0.0820189425170421,-0.0294774388968944,-0.027992935960181
1775066245166254000,236.2972541503906,0.144375737708807,-0.0443593662083148,0.0245308402070309
1775066245176293000,236.3072932128906,-0.0325029241979122,0.0087409403383731,0.0503683516989927
1775066245186333200,236.31733325195316,-0.1428629950582981,0.064887190452218,-0.0026430435883812
1775066245196372000,236.3273720703125,-0.0826714150764048,0.0480295791536569,-0.0071404920049477
1775066245206411000,236.33741088867188,-0.0118166945219039,0.0092342768132686,0.0577876149795483
1775066245216450300,236.3474501953125,0.0374421341657638,-0.0186614458501338,0.0199904111652635
1775066245226489000,236.35748901367188,0.054746174057573,0.0133113169938325,-0.0429463210726156
1775066245236527600,236.36752758789063,-0.010183686492592,0.0372287836760282,-0.0996699874819256
1775066245246566700,236.37756665039063,-0.0360918886005878,0.0104249479025602,-0.1001405458694323
1775066245256605700,236.38760571289063,-0.0530173044383525,-0.0025707272708415,-0.0540399346175137
1775066245266644700,236.39764477539063,0.000100537765026,0.0197194304704666,-0.036073759288853
1775066245276684800,236.40768481445312,0.0416503995105624,0.0195832368701696,-0.0014738354122266
1775066245286723800,236.41772387695312,0.0148036013782024,0.0095429043710231,0.0259477760665584
1775066245296762600,236.4277626953125,0.0147132927462458,0.0009299743264913,0.0300549099912866
1775066245306802000,236.43780200195312,-0.001036941832304,0.0029214404046535,0.0397951178995426
1775066245316840700,236.4478408203125,-0.0264040228009223,0.0243576116651296,0.0313072664062492
1775066245326879700,236.45787963867187,-0.0275439866162836,-0.0203735104650259,0.0238346107043325
1775066245336918800,236.46791870117187,-0.0417430462300777,-0.0195084180682897,0.0031780546473804
1775066245346957600,236.4779575195313,0.150025580164045,-0.043327685073018,0.0256860289909876
1775066245356996900,236.48799682617187,-0.0125591834522783,-0.0441454311966896,0.0242134539540857
1775066245367035600,236.49803564453129,-0.173717859788239,0.004414309310913,0.0426682256504427
1775066245377075700,236.50807568359372,-0.083342446205765,0.0163525843858718,0.0639475441150832
1775066245387114800,236.51811474609372,-0.0321757380701601,0.013871873486042,0.0084343038083054
1775066245397153800,236.52815380859371,0.0183585173808038,-0.0080664020776748,-0.0216311549764592
1775066245407192800,236.5381928710937,0.0306722016394138,0.007202478724718,0.0051721145414281
1775066245417232000,236.5482319335937,0.0336158538758754,0.0078986442953348,0.0465492866011802
1775066245427270700,236.55827075195316,0.0315033917665481,0.0030851065337657,0.1099903881646227
1775066245437309700,236.56830981445316,0.0202899238348007,0.021132219877839,0.1008531693845056
1775066245447348700,236.5783486328125,0.0664227294564247,0.0346866979777812,0.0239187453238293
1775066245457387800,236.5883876953125,0.0312019246019423,0.0551344427227973,-0.0299516322799026
1775066245467427800,236.598427734375,-0.025729484540224,0.0323053557991981,-0.0308638974197674
1775066245477467000,236.608466796875,-0.0324830504536628,0.026216391274333,-0.0079388027757871
1775066245487505700,236.6185056152344,-0.0473826595522463,0.0031780455142259,-0.0265232378669548
1775066245497544700,236.6285446777344,-0.0422001423478126,-0.0106020580351352,-0.0352436651402618
1775066245507583700,236.6385837402344,-0.0263103531681001,-0.0169388598412275,-0.0265997645687311
1775066245517622800,236.6486228027344,-0.0177554369211196,0.0064765025377273,-0.0186638844023924
1775066245527661800,236.6586618652344,-0.0269746622957289,0.023282675909996,0.0072684201003983
1775066245537700600,236.66870068359376,-0.0110474637150764,0.0318587810754776,0.0139823937889654
1775066245547739600,236.67873974609373,-0.0016682254731655,0.0341582901895046,0.0119329687121789
1775066245557779700,236.68877978515624,-0.0045111938141286,0.0133966571897268,0.0227495188813656
1775066245567818800,236.69881884765624,-0.0346210853956639,-0.0073696519851684,0.0179062253023497
1775066245577857800,236.70885791015624,-0.0439991545937955,-0.0174941556364297,-0.004933282550564
1775066245587896800,236.71889672851563,-0.0437033865176141,0.0046913726866245,0.0282085240727756
1775066245597935600,236.728935546875,-0.0492027145862579,0.0165595051348209,0.0305027176908683
1775066245607974700,236.738974609375,0.0126009767673909,0.0198000944912433,0.0015285612741485
1775066245618013700,236.749013671875,0.040238340755552,0.0263765502721071,-0.0032184140572324
1775066245628052700,236.759052734375,0.0114424543820321,0.0368394920974969,-0.0011888079257681
1775066245638091800,236.769091796875,-0.008649754923582,0.0454471614450216,-0.0244593093407806
1775066245648131800,236.7791318359375,-0.0214380709566175,0.020190555113554,-0.0242624167955014
1775066245658170600,236.78917065429687,-0.0224070621192455,0.0099456399530172,0.0126404319949448
1775066245668209700,236.79920971679687,-0.0334874051906168,0.0409580333322286,0.0180462091617751
1775066245678248700,236.8092487792969,-0.0161633454240858,0.019263503396511,0.0233807111906819
1775066245688287700,236.8192878417969,-0.0031844752550125,0.0072112465530633,0.0034555929471272
1775066245698326800,236.8293269042969,0.0022911796770989,-0.007025368592143,0.0124192543917801
1775066245708365600,236.8393654785156,0.0108826285421848,-0.0183265148073434,0.0163191387739963
1775066245718404900,236.84940478515625,0.0097710140384733,-0.0082809216111898,0.0041478403944522
1775066245728443600,236.8594436035156,0.0305133578158915,-0.0107750765144824,0.0227986643858719
1775066245738483700,236.86948364257813,0.0068996963858604,-0.01911620388031,0.0587307319154031
1775066245748522800,236.87952270507813,-0.0513138615213334,-0.0242570739001035,0.0795971678633708
1775066245758561800,236.88956176757813,-0.0441385630644857,-0.0088701196759939,0.0575263336948584
1775066245768600600,236.8996005859375,-0.0434931047677993,0.0094932200103998,0.0403233795573469
1775066245778640000,236.90963989257813,-0.0433878908276557,0.0500824200302362,0.038638559142407
1775066245788678700,236.9196787109375,-0.0260299287915229,0.0723451052427291,-0.015705418189289
1775066245798717700,236.9297177734375,-0.040376287921518,0.0658522360920906,-0.0183763818310573
1775066245808756700,236.9397568359375,-0.0337746976993978,0.0473299064517021,-0.0060808451504912
1775066245818795800,236.94979565429688,-0.011880845799297,0.0092114804595708,0.0038209099950268
1775066245828835800,236.9598359375,0.0099415482997894,-0.0408066421627998,0.0373423270530998
1775066245838875000,236.969875,0.0099473935186862,-0.0540752890586853,0.0832075769128743
1775066245848913700,236.9799135742188,0.0764237528584897,-0.048187984585762,0.0731686417863704
1775066245858952700,236.98995263671875,-0.0068375909350812,-0.0377963544309139,-0.0183930498380679
1775066245868991700,236.99999169921875,-0.1612403632700443,0.0003740940093994,-0.0771246585363056
1775066245879030800,237.01003076171875,-0.0132638245902955,0.01794131488204,-0.0191757429146673
1775066245889069800,237.02006982421875,0.0634008974172175,-0.0110416184961795,0.0431276324562728
1775066245899108600,237.0301086425781,-0.0519661879502236,0.0564262360990047,0.0565701654811855
1775066245909147600,237.0401477050781,0.0760975896440446,0.0784083508044481,0.0393340305932797
1775066245919187700,237.05018774414063,0.2410588731333613,0.0433586647331714,0.0374969330929219
1775066245929226800,237.06022680664063,-0.0026047756709158,0.0804495012432336,0.071976655522827
1775066245939265800,237.07026586914063,-0.1380700616933405,0.1283493165373802,0.0106198585533071
1775066245949304800,237.08030493164063,-0.1475556829191744,0.0832505301386117,-0.0207357587730046
1775066245959343600,237.09034350585935,-0.0032699615813791,-0.0099976624011993,-0.0202188404931221
1775066245969382700,237.10038256835935,0.0635550650656223,-0.0458721088588237,0.0231563735160511
1775066245979422000,237.110421875,-0.0915969182014465,0.0175204591214656,0.0192982824489474
1775066245989460700,237.12046069335935,-0.143189450533688,0.0292085588276386,-0.0368772942240815
1775066245999499800,237.13049975585935,-0.0749814450956881,-0.0020353052198886,0.0025230430710595
1775066246009539800,237.14053979492184,0.0260346049666404,-0.0244289233356714,0.1023777486032806
1775066246019578600,237.15057861328123,0.05984802724123,-0.0099994159668684,0.0620709000556264
1775066246029617700,237.16061767578125,0.0238297883987426,-0.0024456395864486,0.027455760343559
1775066246039656700,237.17065673828125,-0.0677672759331762,0.022314707660675,-0.0141152720541693
1775066246049695700,237.18069580078125,-0.0737573101282119,0.0514040240228176,-0.0656514436898287
1775066246059734800,237.19073486328125,-0.0135281746149063,0.0478308417111635,-0.0763973671750631
1775066246069773600,237.2007736816406,0.0190999833978712,0.0093786537200212,0.0023868312044534
1775066246079812900,237.2108127441406,0.0070107555449008,0.0265969150245189,0.0204859213309362
1775066246089852000,237.22085180664064,0.0105646486341953,0.0119032037615776,0.0168791472769342
1775066246099890700,237.230890625,-0.0075097911082208,0.0141045131981372,0.0506330213840119
1775066246109930800,237.2409306640625,-0.0398071097314357,-0.0234697229146957,0.0744891498004086
1775066246119969800,237.2509697265625,0.0057937809705734,-0.0380775094598531,0.0447578092076815
1775066246130008600,237.26100854492188,-0.0162659290157258,-0.0470084194123744,0.0321372692232951
1775066246140048000,237.2710478515625,-0.06143325060606,-0.0035217443853616,0.0184806915889028
1775066246150086700,237.28108666992188,0.0759739632643759,0.0221522105753421,0.0103548874741885
1775066246160125700,237.29112573242188,0.0076174892663955,0.0361614467054605,-0.0083964194833301
1775066246170164700,237.30116479492187,-0.1079882271625101,0.0845130974203348,-0.0153583583172876
1775066246180203800,237.31120385742187,-0.0269020354509353,0.0683569123893976,-0.0059781702273059
1775066246190243800,237.3212438964844,-0.0084286595188081,-0.0121563017398118,0.0110848822491709
1775066246200283000,237.3312829589844,0.018447656968981,-0.0198825120776891,0.0044914296677336
1775066246210321700,237.34132177734372,-0.0036380642414093,-0.0245949275523424,0.0059060274397023
1775066246220360700,237.3513605957031,-0.0826492032445967,-0.0119335988998413,0.048464207711257
1775066246230399700,237.3613996582031,-0.0626911417126655,-0.0120405664056539,0.073103339731507
1775066246240439600,237.371439453125,0.0307224705219268,0.0123217214345932,0.075944362710556
1775066246250478800,237.38147875976563,0.0515804035030305,0.0387204835385084,0.006559577711299
1775066246260518000,237.39151782226563,0.0359502881728112,0.0107803372114896,-0.0196494796399492
1775066246270556700,237.401556640625,0.013695494005829,0.0166536131590604,-0.0292459408291149
1775066246280596700,237.4115966796875,0.0206700091935694,0.0161281279802322,-0.024535525515303
1775066246290635800,237.4216357421875,-0.0112390407644212,0.0167985745877027,0.0091762264830991
1775066246300674600,237.43167456054687,-0.065971624688059,0.0124333651155233,-0.02832027735156
1775066246310713900,237.4417138671875,-0.0559795152448117,0.040528409743309,-0.0321667601792607
1775066246320752600,237.4517526855469,-0.0055645022593438,0.0353816945046186,-0.0305212579945567
1775066246330791700,237.4617917480469,-0.0206194480501115,0.0294441211491823,-0.0315448471549432
1775066246340830700,237.4718308105469,-0.0167198102630674,0.0383113182157278,0.0041037272580899
1775066246350869800,237.4818698730469,-0.019692542463541,0.0183282683730125,0.0017822803068906
1775066246360908800,237.49190869140625,-0.0044597558878362,0.0240068985313177,0.0108509090965148
1775066246370948900,237.50194897460935,0.008963058656454,0.0067535659134387,-0.0059333264385815
1775066246380987600,237.51198754882813,0.0165361242592334,-0.012963526469469,-0.0061407129784114
1775066246391026700,237.52202661132813,-0.0283401054300367,-0.000822422298789,-0.0226360668358393
1775066246401065700,237.53206567382813,-0.040344723739475,-0.0032312370061874,-0.0193986101514194
1775066246411104800,237.54210473632813,-0.0258856980152428,-0.0013356325179338,-0.0047977739368565
1775066246421143800,237.55214379882813,-0.0613956950746476,0.0165823014885187,0.0017672654008492
1775066246431182600,237.5621826171875,-0.0393183033011853,0.0175339031249284,0.0150263864165637
1775066246441221600,237.5722216796875,-0.0017183482252061,0.0221907890200614,0.0146719743551686
1775066246451261000,237.58226098632807,0.0037514614880084,0.021434417694807,0.0224951696609612
1775066246461300700,237.59230078125,0.0246283914305269,0.0367436305075883,0.0065473666836973
1775066246471339800,237.60233984375,0.055967824807018,0.0385457114934921,0.0098469014194328
1775066246481378800,237.61237890625,0.0518798248410224,0.0237771814286708,0.0045869441977702
1775066246491417600,237.6224174804688,0.0285785903610289,0.0262894565105438,0.0040828214673791
1775066246501456600,237.63245654296875,0.0257974352099001,0.0045890813559293,0.0266361601895187
1775066246511496000,237.64249584960936,-0.0004351765468716,-0.0088987612485885,0.0020312500992789
1775066246521534700,237.65253466796875,-0.0103695644535124,-0.0270259540915489,-0.0293468439203221
1775066246531573800,237.66257373046875,-0.0183376207232475,-0.0384720617353916,-0.0132540795144159
1775066246541612500,237.6726125488281,-0.0459188706099987,-0.0239946235716342,0.0167193901379592
1775066246551652600,237.68265258789063,-0.0510907202899456,-0.0081125793069601,0.0229384199164342
1775066246561691600,237.69269165039063,-0.0354093131639063,0.026522096222639,0.0531807787712197
1775066246571731000,237.7027309570313,-0.034836335581541,0.0388321272194385,0.0534635869011282
1775066246581769700,237.71276977539063,0.0410217462182044,0.058566755259037,0.0158270170086529
1775066246591808800,237.72280883789065,0.0654058074988424,0.0414244818001985,0.0237332509553991
1775066246601847600,237.73284765625,0.0237878489531576,0.0410386973530054,0.0332637159699574
1775066246611886800,237.74288696289065,-0.0327180282533168,0.0046042789250612,0.0303416727771051
1775066246621926000,237.75292578125,-0.0200526079475879,-0.0121270756453275,0.0017986286534927
1775066246631964700,237.76296459960935,-0.0054584115363657,-0.0185328510344028,0.0117811665507964
1775066246642004700,237.77300463867184,0.0325508549928665,-0.0094523034781217,0.0180341259983368
1775066246652043800,237.78304370117183,0.0818564454317092,0.0123877724081277,0.0481775636564474
1775066246662082600,237.79308251953125,0.1384308578297495,0.011945289337635,0.0351513837469276
1775066246672121900,237.8031218261719,-0.0060708443462848,-0.0063508303314447,-0.0177918690745253
1775066246682161000,237.8131608886719,-0.2039278507433831,0.0298223068118095,-0.0726146154996473
1775066246692199700,237.82319970703125,-0.082135700764507,0.0310462956488132,-0.0490898379294667
1775066246702238700,237.83323876953125,0.0243302852667868,-0.0384931045234203,0.0185792474593967
1775066246712277800,237.84327783203125,-0.0547508502326905,-0.0188210203260183,0.0993570490752346
1775066246722316800,237.85331689453125,0.0122938105143606,0.0294961435973644,0.0874494431331753
1775066246732356900,237.86335693359376,0.1454208628475665,0.0441015920549631,0.0563743323818314
1775066246742395600,237.87339575195315,0.0130697633229196,0.0643698885798454,0.0520476830880623
1775066246752434700,237.8834345703125,-0.1318587859630584,0.0962877063661813,0.0026792565460782
1775066246762473700,237.8934736328125,-0.1301695177018642,0.0992500633031129,-0.0243506978671532
1775066246772512800,237.9035126953125,0.0431483829833567,0.0057984571456909,-0.0328120632123202
1775066246782551800,237.9135517578125,0.1048351699590682,-0.0553676669567823,0.020954917949019
1775066246792590800,237.9235908203125,-0.0162939860664308,-0.0541553685575723,0.0003811813373118
1775066246802629600,237.93362963867187,-0.1158896479368209,0.0050572833895683,-0.0477746362782083
1775066246812669000,237.9436689453125,-0.1001717081926763,-0.0039782559812068,-0.0217449540818575
1775066246822708700,237.9537087402344,-0.0252840788602828,-0.002653729379177,0.0486446879778523
1775066246832747800,237.9637478027344,0.0722515817403793,0.006779284876585,0.0369594926148187
1775066246842786800,237.9737868652344,0.0706043990552425,0.045694414204359,-0.0111455994604621
1775066246852825600,237.98382568359372,-0.0691477705061435,0.0719412006169557,-0.0558331564435269
1775066246862864600,237.99386474609372,-0.1214775310717523,0.0684913524240255,-0.0706605314229615
1775066246872904000,238.0039040527344,-0.0531361085124313,0.0358177478343248,-0.0644939807503949
1775066246882942700,238.01394262695317,-0.0077421385593712,-0.0067447980850934,-0.0213587495095562
1775066246892981800,238.02398168945317,-0.0205586577735841,-0.0354191039055585,-0.0048851964919827
1775066246903020500,238.0340205078125,-0.0254547592520713,-0.0004991816937923,0.0229605130172334
1775066246913060600,238.044060546875,-0.0234919347465038,-2.3380875587e-06,0.0286458377778064
1775066246923099600,238.054099609375,-0.0374818816542625,0.0221446117907762,0.0446313606832642
1775066246933139000,238.0641389160156,-0.0012365560576319,-0.0021685762107372,0.0358280500326305
1775066246943177700,238.074177734375,0.0032683541461825,-0.0489589689582586,0.0250635131784714
1775066246953216800,238.084216796875,-0.0258636323139071,-0.0338543388068676,0.0045179249490145
1775066246963255600,238.0942556152344,0.1306768827021122,-0.0147457337111234,-0.0198964584046509
1775066246973294800,238.104294921875,0.0066381228402256,-0.0047615153133869,-0.0148468285985756
1775066246983334000,238.114333984375,-0.1801774111911654,0.0068558572441339,0.0385877696700859
1775066246993373700,238.1243737792969,-0.0679334262803196,0.0198351658046245,0.0075501961838454
1775066247003412700,238.1344128417969,-0.0059551090121269,0.0289274037986993,-0.0326279296839144
1775066247013451800,238.14445166015625,0.0279486218944191,0.0650859278947114,-0.0529311513917055
1775066247023490600,238.1544904785156,0.0222165079832077,0.0789496180742979,-0.0422144083351828
1775066247033529900,238.16452978515625,0.0149266432359814,0.055026890695095,0.0059716674212832
1775066247043569000,238.17456884765625,0.029592005187273,0.0359416664749383,0.0556083712443243
1775066247053607700,238.18460766601564,0.0326432094514369,0.0156388831585645,0.0257704741377383
1775066247063646700,238.19464672851564,-0.0013479074776172,-0.0096545480519533,0.010940066951001
1775066247073685800,238.20468579101563,-0.0432651412308216,0.013384966751933,-0.0046282808551564
1775066247083724800,238.21472485351563,-0.0714637923635542,0.003043605479598,-0.0161095511439256
1775066247093764900,238.2247648925781,-0.0587434270001947,-0.0047381344377994,-0.034285624629911
1775066247103803600,238.2348037109375,-0.0702045860826969,0.0160731829226016,-0.0375933152726385
1775066247113842700,238.2448427734375,-0.0563455720782279,0.0325537776023149,-0.0421139893011655
1775066247123881700,238.2548818359375,-0.0086997315451502,0.029278701454401,-0.0147888422004878
1775066247133920800,238.26492065429687,0.0467079751610755,0.0449421345323324,0.0027504403524566
1775066247143959800,238.27495971679687,0.0470180640235543,0.052697570964694,0.0026266039102338
1775066247153998800,238.28499877929687,-0.0062801031827926,0.0421580567717552,-0.01018816173831
1775066247164037600,238.29503759765623,-0.0224739898756146,0.0258738614469766,-0.0227025927334092
1775066247174077700,238.30507763671875,-0.0369558119535446,-0.0159539404571056,-0.0540376878615003
1775066247184116700,238.31511669921875,-0.0456987981185317,-0.0392751948118209,-0.0756237981198355
1775066247194155800,238.32515576171875,-0.0460740611717104,-0.0662479574114084,-0.0678875139125157
1775066247204194800,238.33519482421875,-0.0208382053673267,-0.0609229629963636,-0.0587781421205494
1775066247214233600,238.3452336425781,-0.0243403682693839,-0.0331271935760974,-0.0499608486103359
1775066247224272600,238.3552727050781,0.0091001290395855,-0.0086000705629587,-0.0310711469622794
1775066247234310700,238.365310546875,0.0216276021793484,0.0379892466545105,-0.0050390170805156
1775066247244349700,238.375349609375,0.0098354575768113,0.0608311930596828,0.0048727297360543
1775066247254388500,238.3853884277344,0.0124529465988278,0.088168112796545,-0.0188970995032228
1775066247264428500,238.3954284667969,-0.0212906253099441,0.0507154572367668,-0.0384562157122883
1775066247274467600,238.40546752929689,-0.0779362032480537,0.0541729042142629,-0.0525527374002151
1775066247284506600,238.41550659179688,-0.0498551871456205,0.0123000941246747,-0.0478258915414102
1775066247294545700,238.42554565429688,-0.0337163916409015,-0.0042477205723524,-0.0089202972269617
1775066247304584700,238.43558471679688,-0.0284079099692404,-0.0137175597071647,-0.0109091055571567
1775066247314623500,238.44562353515624,-0.0098480247974395,-0.0174567462354898,-0.0260625798189546
1775066247324662800,238.45566284179688,-0.0418555666938424,0.0154360540628433,-0.0177774843561463
1775066247334701600,238.46570166015624,0.0096934187576174,0.0343318931907415,-0.006987228538841
1775066247344740600,238.47574072265624,0.0554886629879474,0.0395388141840696,-0.0285334177787415
1775066247354780700,238.4857807617188,0.0334543797038495,0.0289069455325603,-0.0177344215325545
1775066247364819700,238.4958198242188,0.0030035657301545,0.0045049102038145,-0.0358225518736056
1775066247374858500,238.5058583984375,-0.0480158428892493,-0.0181686938971281,-0.0232682729253079
1775066247384897800,238.5158977050781,-0.0784032362379133,-0.0443447531610727,0.0402204397726804
1775066247394936600,238.5259365234375,-0.088647420746088,-0.0165431385219097,0.0540468027497176
1775066247404975600,238.5359755859375,-0.0524608395993709,0.0075882631719112,0.0476564167260192
1775066247415014700,238.5460146484375,-0.0323997560843825,0.0263999311476945,0.0273841107462998
1775066247425053700,238.5560537109375,-0.0249859726965427,0.0395703783661127,0.0277885450950358
1775066247435092700,238.5660927734375,-0.0116515670880675,0.065180035918951,0.0005348649285268
1775066247445132800,238.5761328125,0.0338261356256902,0.0377507617235183,-0.0032830859244335
1775066247455171600,238.58617163085935,0.0600318593755364,0.0219371065199375,0.0581785413927398
1775066247465210600,238.59621069335935,0.0903375657901167,0.0125415016651153,0.0544104210308752
1775066247475249700,238.60624975585935,0.1033960770666599,-0.0213777190715074,-0.0042238282401114
1775066247485288700,238.61628881835935,-0.0905424407124519,-0.0086222823947668,-0.0365189640393946
1775066247495327700,238.62632763671877,-0.2632531692847609,0.0451624992847442,-0.0046991084685083
1775066247505366500,238.63636645507813,-0.0851928963780403,0.0435264225155115,0.0758357969027012
1775066247515405600,238.64640551757813,0.0520566427126526,-0.0053571431189775,0.1165076337046921
1775066247525444900,238.65644482421877,0.0548749150037765,-0.0012479542344808,0.0536530176591593
1775066247535484700,238.66648461914065,0.0441534683726728,0.030024551385641,0.0266687746843323
1775066247545523700,238.67652368164065,0.0598950812533497,0.0618289719253778,0.0406023791618179
1775066247555562800,238.68656274414064,-0.1608358741223812,0.1923842740744352,0.0276059185371268
1775066247565601500,238.6966015625,-0.1506312909722328,0.1771995644241571,-0.0248920382022392
1775066247575640600,238.706640625,0.0081251465275883,0.066862289917469,0.0223592774547636
1775066247585680000,238.7166799316406,0.1121864095047116,-0.0126642512619495,0.0642315852208528
1775066247595718700,238.72671875,0.0585457124710082,-0.0197609315246343,0.0758896825144067
1775066247605757700,238.7367578125,-0.126079910300672,0.0200596222102642,0.0441723922688514
1775066247615796500,238.7467963867188,-0.2090133373141288,0.047298342269659,0.0254216515669133
1775066247625836500,238.75683642578124,-0.0548003884628415,-0.0010398644417524,0.0905436736883129
1775066247635875600,238.76687548828124,0.1150546584174036,-0.0232721545159816,0.1218701379853766
1775066247645914600,238.77691455078124,0.1163151798725128,-0.0237122994989156,0.0546898042278364
1775066247655953700,238.78695361328124,-0.0470925905644893,0.0329652810126543,0.0199178756520152
1775066247665992700,238.79699267578124,-0.1149602581322193,0.0837976426273584,-0.033829551425483
1775066247676031500,238.80703149414063,-0.0656710343062877,0.0990460651636123,-0.0712228688803035
1775066247686070800,238.81707080078124,-0.044265842705965,0.0435036261618137,-0.040454248528555
1775066247696109800,238.82710986328124,0.0065583356022834,0.0299047243982553,0.0032411190793849
1775066247706149600,238.83714965820312,0.0040238486886024,0.0185591545194387,0.0839586327421944
1775066247716188700,238.84718872070312,-0.016484686332941,0.0050239656418561,0.1036871689677238
1775066247726227700,238.85722778320311,-0.0198925950802862,-0.0104512513875961,0.1466223749912809
1775066247736266500,238.8672666015625,0.0186357268869876,0.0057990416675806,0.1131983447599224
1775066247746305800,238.8773059082031,0.0337634456530213,0.001449029764533,0.0161826529127545
1775066247756344600,238.88734448242187,-0.0909869696095585,-0.0004354688078165,-0.0093983630674891
1775066247766383600,238.8973835449219,0.018752631264925,-0.0047135845184326,0.023733579748962
1775066247776422700,238.90742260742184,0.0824643481969833,0.0212169755518436,0.0138477802244015
1775066247786461700,238.91746166992183,-0.118116384075582,0.0450187068998813,0.0746928465458098
1775066247796501800,238.9275017089844,-0.0902362973727285,0.0487917956978082,0.0660222588967531
1775066247806540800,238.9375407714844,0.0336751828476786,-0.0068190323650836,0.0397194862469099
1775066247816579600,238.9475795898437,0.0781901780091226,0.0110533089339733,0.0291305251553654
1775066247826618600,238.9576186523437,0.0530699114084243,0.0262508780658245,0.0032856249413918
1775066247836657700,238.9676577148437,0.0259444424651563,0.0353594826728105,0.0162560652088373
1775066247846696700,238.9776967773437,0.0347813905239105,0.0455219802469015,0.0499406460725236
1775066247856735700,238.9877358398437,0.0467772410050034,0.0271317525535821,0.0751376403043977
1775066247866774500,238.9977744140625,0.0569666265860199,-0.0109580318659543,0.0530630980751477
1775066247876814600,239.0078146972656,0.0063873629495501,-0.0183797062993049,0.056992309016548
1775066247886853600,239.017853515625,-0.0397558179356157,-0.014977788901329,0.0369338101842906
1775066247896892700,239.027892578125,-0.0307658712722361,-0.0052758945763111,-0.0023519060215447
1775066247906931700,239.037931640625,0.0188423553749918,0.0073439330220222,-0.0043245395350735
1775066247916970800,239.047970703125,0.0235901344239711,0.0363373877942562,-0.0033246326443739
1775066247927009500,239.0580095214844,-0.030130934369564,0.0589917026728391,0.0197971444823313
1775066247937048600,239.0680485839844,-0.038601825594902,0.0602285509914159,0.0510725544455926
1775066247947088000,239.078087890625,-0.067453533808887,0.04643851056993,0.0343908933689817
1775066247957126700,239.0881267089844,-0.0643807022348046,0.0296060337126255,0.0546060075350571
1775066247967166700,239.09816674804688,-0.0255737094566225,0.0042085576057434,0.0609575685188639
1775066247977205800,239.10820581054688,0.0514822038255631,0.0052501756131649,0.0305469495582394
1775066247987244500,239.11824462890624,0.0507739094257354,0.0186895029008388,-0.0037371681011747
1775066247997283600,239.12828369140624,0.0276068227194249,0.0083317750155925,-0.0455757653939072
1775066248007322600,239.13832250976563,0.0090435765467584,0.0047001405149698,-0.0496609614814631
1775066248017361700,239.14836157226563,0.0039979835949838,0.0007516951501369,-0.0419407607592642
1775066248027400700,239.15840063476563,0.0259422505080699,0.0241962836235761,-0.0235367694020736
1775066248037439500,239.168439453125,0.0377647902488708,-0.009481529572606,-0.0287945620661135
1775066248047478800,239.1784787597656,0.0509986580923199,-0.0296533799856901,-0.0408382794100791
1775066248057518800,239.1885187988281,0.0186325120165944,-0.022344518277049,-0.0557880660596303
1775066248067557600,239.1985576171875,-0.0067886372268199,-0.0035281741261482,-0.0813328234164044
1775066248077596700,239.2085966796875,-0.0096096859969198,0.0131055652886629,-0.0847414993487298
1775066248087635700,239.2186357421875,-0.0443485525533556,0.0302694660574197,-0.058316178031452
1775066248097674500,239.2286745605469,-0.0416515685543417,0.0675806673198938,-0.0591868964513763
1775066248107713800,239.2387138671875,-0.0208721076369285,0.0423421811670064,-0.0693676238019019
1775066248117752600,239.2487526855469,0.0332907135747373,0.0130944593727588,-0.0263313411572016
1775066248127791600,239.25879150390625,0.0278558290444314,-0.002034720697999,-0.0177580672696232
1775066248137830700,239.26883056640625,0.0014785481199622,-0.0290764568805694,-0.0071023976174183
1775066248147870500,239.27887036132813,0.0027228490926325,-0.0048702363848686,-0.0189892530323937
1775066248157909500,239.28890942382813,0.0018296996451914,0.0012818565040826,-0.0454258811949752
1775066248167948800,239.29894873046877,0.0044553719736635,0.0208300220608711,-0.0345152321347035
1775066248177987600,239.30898754882813,-0.0324083777822554,0.0322732070952653,0.0067477389608509
1775066248188026600,239.31902661132813,-0.0168145028091967,0.0382891063839197,0.0084738321010954
1775066248198065700,239.32906567382813,-0.0140858084976673,0.0351227513074874,0.0105504191794432
1775066248208104700,239.33910473632807,-0.0116518593490123,0.0142500591486692,-0.0109349615176208
1775066248218143700,239.34914379882807,-0.0170456812165677,0.004198036211729,-0.0167596673494204
1775066248228183800,239.3591838378906,-0.0404093134082853,0.004656885895133,0.004880447251629
1775066248238223000,239.36922314453125,-0.0682967066347599,0.009871405673027,-0.0108872864509932
1775066248248262100,239.37926220703125,-0.0301790112949907,0.0165612587004899,3.41397316195e-05
1775066248258301200,239.38930126953124,0.0349380423903465,-0.0155512048751115,0.0116649380262941
1775066248268340200,239.39934033203124,0.1470224528253078,-0.0213438168019056,0.014266279631108
1775066248278379300,239.40937915039063,0.1075732166208326,-0.0319464593589305,-0.0386878964431583
1775066248288418000,239.41941796875,-0.1697955717779695,0.006008885025978,-0.0969591576206497
1775066248298457000,239.42945703125,-0.1447464707173407,0.0347159240722656,-0.0930054332925006
1775066248308496100,239.43949609375,0.0295231777347624,-0.0282686476290225,-0.0014789865113794
1775066248318536000,239.44953588867187,-0.0929319661974906,-0.0252250421494245,0.0516718081135302
1775066248328575200,239.4595751953125,-0.0393920991897583,0.0361795668840408,0.0329947263028472
1775066248338614300,239.4696142578125,0.2190039854526519,0.0543880082696676,0.0158112623170949
1775066248348653000,239.47965307617187,0.1070927396275103,0.0707926151037216,0.0387700765675865
1775066248358692000,239.48969213867187,-0.105464115512371,0.1209498539358377,0.017339677460771
1775066248368731100,239.49973120117187,-0.1431995335362851,0.1148755024582147,-0.0428732193037867
1775066248378770200,239.50977026367187,-0.0340391938544809,0.0085188220202922,-0.0304430325260385
1775066248388809200,239.51980932617187,0.0739241911277174,-0.0639350042939186,-0.0119065464961342
1775066248398849300,239.5298493652344,0.0337992476187646,-0.0429968456834554,0.0166158566982485
1775066248408888000,239.53988818359372,-0.0983130747139453,0.0149468092411756,0.0208970776814036
1775066248418927000,239.54992700195317,-0.1110429385580122,0.0041752398580312,0.0051441579554229
1775066248428966100,239.55996606445316,-0.0056489656724035,-0.0187473705679178,0.0403595194498077
1775066248439005200,239.57000512695316,0.0662871203780174,-0.0308691855162382,0.0464320625628344
1775066248449044200,239.58004418945316,0.0443991136968135,-0.0118155254781246,-0.000613108663354
1775066248459083000,239.5900830078125,-0.0182474582217633,0.0476665910601615,-0.0497999315607361
1775066248469122000,239.6001220703125,-0.0398341438688337,0.0649444735974073,-0.0794877618052996
1775066248479161300,239.61016137695316,-0.026951135289669,0.0523188007801771,-0.0671431892180815
1775066248489201200,239.620201171875,0.0137220897518098,0.0304372238397598,-0.0280352772645652
1775066248499240200,239.630240234375,0.0252067758403718,0.0320505042552948,0.0025337745276279
1775066248509279200,239.640279296875,0.0069606327928602,0.0158101480722427,0.0427809744430705
1775066248519318000,239.6503181152344,-0.0304034677006304,0.0017371990561485,0.0682611786636523
1775066248529357300,239.660357421875,-0.040242140147835,-0.0035357729107141,0.0863319468779489
1775066248539396000,239.67039599609376,-0.014654109904915,-0.0388391414821147,0.0680044639562256
1775066248549435100,239.68043505859376,-0.0236707984447479,-0.0520054970473051,0.0302111417326144
1775066248559474200,239.69047412109376,-0.0847663415290415,-0.020240823996067,-0.0066755870400927
1775066248569514200,239.70051416015625,-0.0438613535583019,0.0312298355221748,0.0125942912982776
1775066248579553000,239.71055297851564,0.15244082461223,0.0178875388681888,0.0028706052665598
1775066248589592300,239.72059228515624,0.0092810385644435,0.0540700283616781,0.0195943245197646
1775066248599631000,239.73063110351563,-0.0786732853509485,0.0704956779837608,0.0244815668383613
1775066248609670100,239.74067016601563,-0.000557633882761,0.0476145686119794,0.0018594554626382
1775066248619709200,239.75070922851563,0.0447626863121986,0.0122165074944496,-0.0211259910664521
1775066248629748200,239.76074829101563,0.0382626567684113,-0.0124181675463914,-0.0139451031190343
1775066248639787300,239.77078735351563,-0.0356955827593803,-0.0231920750170946,-0.0070381550084799
1775066248649826000,239.7808259277344,-0.0586532644987106,0.0287000247836112,-0.0068998607826419
1775066248659866000,239.7908662109375,0.0104908527456223,-0.008101473391056,0.0604227035903371
1775066248669905200,239.8009052734375,0.0550045327328145,-0.0091010058224201,0.0603189874875359
1775066248679944000,239.81094384765623,0.050916532766819,0.0072913260519504,0.0072028988498263
1775066248689983200,239.82098315429687,0.0384476579464971,0.0199409642666578,-0.0265319782958365
1775066248700022300,239.83102221679687,0.004073971440643,0.0142681793272495,-0.0249173735728953
1775066248710061000,239.84106103515623,-0.0604196896493434,0.0053647419035434,-0.0290599350040312
1775066248720100000,239.85110009765623,-0.0434929586373269,0.013373860836029,-0.1019159945767372
1775066248730139100,239.86113916015623,-0.0008896423161029,0.0099321959495544,-0.0939010486916638
1775066248740178200,239.87117822265623,-0.0030197862125933,0.0180137955963611,-0.0643152266500052
1775066248750218200,239.88121826171877,-0.0204442376136779,0.0334229616522789,-0.0638256621679291
1775066248760257300,239.89125732421877,-0.0369676485218107,0.0558919830918312,-0.0539965703998226
1775066248770296000,239.90129614257813,0.0045369127772748,0.0501572388321161,-0.0264941487697884
1775066248780335000,239.91133520507813,0.0217078278087079,0.0484077648162841,-0.0335514925359282
1775066248790374100,239.9213740234375,0.003903437179327,0.0513566777497529,-0.0332650950762908
1775066248800413200,239.9314130859375,-0.008710399069637,0.0480360088944435,-0.0199777069473173
1775066248810452200,239.9414521484375,-0.0156930975638329,0.0147790514588356,-0.0404973113521467
1775066248820491000,239.95149096679688,-0.0261773744381964,-0.0124053080648183,-0.0597661759103648
1775066248830531000,239.96153100585937,-0.0474352665223181,-0.0225602068543434,-0.0439352133789565
1775066248840570000,239.97157006835937,-0.0283237388171255,-0.0099812957882881,-0.0086480561568401
1775066248850609200,239.98160913085937,-0.0323486104190349,0.0179407303601503,0.0144922430072445
1775066248860648200,239.99164819335937,0.0008767828345298,0.0183282683730125,-0.01015509058577
1775066248870687200,240.00168725585937,-0.006290624576807,0.040498599126935,-0.0095240718063898
1775066248880726000,240.0117260742188,-0.018107319098711,0.0489279892981052,0.0036300270654261
1775066248890765300,240.02176538085936,-0.0549390662811696,0.0572258620440959,0.006187173335487
1775066248900804000,240.03180419921875,-0.0510359213627874,0.0555278259545564,-0.0116494755956809
1775066248910843100,240.0418430175781,-0.0267655495896935,0.0296487038105726,-0.0327912944189272
1775066248920883200,240.05188330078124,-0.0013769874416291,0.0176759419441223,-0.0488727428463753
1775066248930922200,240.06192211914063,0.0177285489141941,-0.0017190788775682,-0.0642911790541373
1775066248940961000,240.0719609375,0.0392227339722216,-0.0168973587870597,-0.0190494039881043
1775066248951000300,240.08200024414063,0.024553572628647,-0.0305406842142343,-9.3578301277e-05
1775066248961039000,240.0920390625,0.0039199499227106,-0.0156020582795143,0.0193923265411052
1775066248971078100,240.102078125,-0.0485457119822502,0.0187426943928003,0.0241222137403674
1775066248981117200,240.1121171875,-0.0901508110463619,0.0299766205906867,0.0183446623853873
1775066248991156200,240.12215625,-0.0503964544154703,0.0432692328840494,0.0011221724303439
1775066249001195300,240.1321953125,-0.0727824737466871,0.0548538722157478,0.0235276636470109
1775066249011235300,240.1422353515625,-0.0573158784151077,0.028155834904313,0.0672603767238091
1775066249021274000,240.15227416992187,-0.0276395559452474,0.0212117148548364,0.0662567800386808
1775066249031313200,240.16231323242187,-0.0523918660163879,0.0078670801132917,0.0554740316743962
1775066249041352200,240.17235229492184,-0.0220214238025248,0.005958616143465,0.0414920854100026
1775066249051391200,240.18239111328128,-0.0141454297304153,0.005714285993576,0.0648565030530095
1775066249061430300,240.19243017578123,-0.0098866032421588,0.0071440265357494,0.0866881307713221
1775066249071469000,240.20246899414065,0.0775368286669254,-0.0227466693371534,0.0905962806583847
1775066249081508000,240.21250805664064,0.1283889178954065,-0.0378664970576763,0.0394183113432489
1775066249091548200,240.22254809570316,-0.0601309358358383,-0.0372433967232704,0.0061168937114067
1775066249101587000,240.2325869140625,-0.1589502065062522,-0.0140519062280654,-0.010469435498258
1775066249111626200,240.24262622070316,-0.016425065100193,-0.0508984125882387,0.0305354052509181
1775066249121665300,240.25266528320316,-0.0565125992082059,-0.0367149889349937,0.074122289249394
1775066249131704000,240.2627041015625,-0.0616378332674503,0.0450040938526392,0.0597020794318988
1775066249141743000,240.2727431640625,0.1853178428195417,0.0514192215919494,0.0370759586013387
1775066249151782400,240.28278247070315,0.166008746715635,0.0551841270834207,0.1046063753050286
1775066249161821200,240.2928212890625,-0.0553552458666265,0.1199777940332889,0.0936603900698944
1775066249171860200,240.30286010742188,-0.1389477213107049,0.1563029068678617,0.0154718194959685
1775066249181900300,240.312900390625,-0.0595288782894611,0.0684200407534837,0.0008366243540775
1775066249191939000,240.32293896484376,0.0895043298363685,-0.0382744933366775,0.0328537834621965
1775066249201978000,240.33297802734376,0.0733164344929158,-0.0418722255676984,0.0475680260565131
1775066249212017200,240.34301708984376,-0.1012766006946563,0.004032031995058,0.0246260259435046
1775066249222056200,240.35305615234373,-0.1311105979442596,0.0161748897314071,-0.0133488085931632
1775066249232095200,240.36309521484372,-0.030904841351509,-0.0416881011724472,0.0426479865800123
1775066249242134800,240.373134765625,0.0444482135355472,-0.0425637149631977,0.1126770516990218
1775066249252173600,240.3831735839844,0.0800092101298272,-0.009214987590909,0.0501363695740234
1775066249262213600,240.39321362304688,0.0187431327842175,0.0309334829241037,0.0237535082921385
1775066249272252700,240.40325268554687,-0.0615700287282466,0.0567950694113969,0.0043295536369085
1775066249282291700,240.41329174804687,-0.0645288785338401,0.0427770654529333,-0.0271082164143677
1775066249292330800,240.42333081054687,-0.0104559275627136,0.0290337867826223,-0.0120357988989911
1775066249302369800,240.43336987304687,0.025748189240694,0.0090191727578639,0.0404026005397085
1775066249312408600,240.44340869140623,0.0095849899470806,0.0180108729869127,0.0393870850879233
1775066249322448000,240.45344775390623,0.018315262760967,0.0239952080935239,0.0622615455232094
1775066249332486700,240.4634865722656,0.0060744976080954,0.0220697929888963,0.0942682471693959
1775066249342525700,240.4735256347656,-0.0005788228012621,-0.0017909750699996,0.0756948540620505
1775066249352565800,240.4835656738281,0.0326242124900221,-0.0293307239025831,0.0479517281444743
1775066249362604800,240.4936047363281,-0.0487912111759185,-0.0220820679485797,-0.0042706813228316
1775066249372643600,240.5036435546875,-0.0836765004657209,0.0146434423804283,0.0020481007693801
1775066249382683000,240.5136828613281,0.1144550850890576,-0.0031885669082403,0.0028152674832846
1775066249392721700,240.5237216796875,-0.0346843598902225,0.0183259302854537,0.031590878253756
1775066249402760700,240.5337607421875,-0.1153191545724868,0.0455868621766567,0.0269497196507174
1775066249412799700,240.5437998046875,0.0182569567024707,0.0642126521915197,0.023385259501636
1775066249422838800,240.5538388671875,0.0304534443221986,0.0484703086584806,0.0202284851043019
1775066249432878800,240.56387890625,0.0449076477408409,0.0182674780964851,0.0035581948050763
1775066249442918000,240.57391796875,0.0132571025885641,0.0456026442676782,0.0154757010866422
1775066249452956700,240.58395678710937,6.31283640861e-05,0.0627969401746988,0.0102236805762629
1775066249462995700,240.5939956054688,-0.0023766660034656,0.0008843816190958,0.0278566601614933
1775066249473034500,240.60403442382807,-0.0079391224361956,-0.0314373407930135,0.04525099041895
1775066249483073800,240.6140737304688,-0.0114507838189601,-0.0043348143339157,0.0141947670311667
1775066249493112800,240.6241127929688,-0.0193910752989351,0.0201584064096212,-0.0412794564394745
1775066249503151600,240.6341516113281,-0.0219392984770238,-0.0329407310932874,-0.0674722111098933
1775066249513190700,240.6441906738281,-0.0213958392500877,-0.0380137965738773,-0.0645992677557747
1775066249523230700,240.65423071289064,-0.0265372937917709,-0.0043272155493497,-0.0416164059094153
1775066249533269800,240.66426977539064,-0.0041502515472471,0.0311526786327362,-0.026433184963325
1775066249543308800,240.67430883789064,-0.0114065062858164,0.0285287598699331,0.0236070398929994
1775066249553347800,240.68434790039063,-0.007902882079035,0.0404155970185995,0.0587307958474848
1775066249563386600,240.69438671875,-0.0298750599123537,0.0386509254336357,0.0460370992953423
1775066249573425700,240.70442578125,-0.0446646327652037,0.0380862772881984,0.0279593807504512
1775066249583464700,240.71446459960936,-0.0212216517269611,0.039901802277565,0.0028492793507408
1775066249593503700,240.72450366210936,-0.0248759364508092,0.0074222589552402,0.0091642437843605
1775066249603543800,240.73454370117187,-0.0416528837285935,-0.0297153393059968,0.0190138942833058
1775066249613582800,240.74458276367187,-0.0410848745822906,-0.0377063380599021,0.0313488770582713
1775066249623621600,240.7546215820313,-0.0106476507425308,-0.023206103542447,0.0228205748235806
1775066249633660700,240.7646606445313,-0.0193650640748441,-0.0112684129893779,0.0580791270057205
1775066249643699700,240.7746997070313,-0.0276139831125736,0.0031873978644609,0.0685157562129199
1775066249653738800,240.7847387695313,-0.0197262986026704,0.0107288992851972,0.0329201814956031
1775066249663777800,240.7947778320313,-0.0176524149380624,0.0068728083789348,0.0284820985834579
1775066249673816600,240.80481665039065,0.00475567009449,0.0097761286050081,-0.0022474227337632
1775066249683856000,240.81485595703128,0.0006464812099933,0.0175455935627222,-0.0192092067928519
1775066249693896000,240.82489599609372,-0.032338235155493,0.0082838442206382,0.003661901774723
1775066249703934700,240.83493481445316,-0.0564449407994747,0.0140630121439695,0.0261256442509591
1775066249713973800,240.84497387695316,-0.0428152055062353,0.0053372693747282,0.0076080547177698
1775066249724012800,240.8550126953125,-0.005368395165354,0.016277765583992,0.0100072248139884
1775066249734051600,240.8650515136719,0.0047052550815045,0.0137473703235387,0.0143452266188338
1775066249744091000,240.8750908203125,-0.0262615455903112,0.0116314010828733,0.0086113956745713
1775066249754129700,240.88512963867188,-0.0482630956485867,0.0007750760257244,-0.0079945606841705
1775066249764168700,240.89516870117188,-0.0202339558638632,0.0194032041281461,-0.0041659240404143
1775066249774208800,240.9052087402344,-0.0087947163522243,0.0094575641751289,0.0401842633476015
1775066249784247600,240.91524755859376,-0.0198516785480082,0.0112333416759967,0.024138881747378
1775066249794286800,240.9252868652344,-0.0380383464932441,0.0134369892001152,0.0366231094004586
1775066249804326000,240.9353259277344,-0.0265197581350803,0.0206365453153848,0.0490392402533907
1775066249814364700,240.94536474609376,-0.0608510668039321,0.0441103598833084,0.0402540680476464
1775066249824403700,240.95540380859376,-0.0496913748860359,0.0196323367089033,0.0193449802680406
1775066249834442800,240.96544287109376,-0.037679596183449,-0.0126145669013261,0.0482075569359119
1775066249844481800,240.97548168945312,-0.0209993872784078,-0.0092968206554651,0.0468732121927663
1775066249854520800,240.98552075195312,-0.0270972657620906,-0.0291688113391399,0.0195831729380879
1775066249864561000,240.99556079101563,-0.0212228207707405,-0.0098410105347633,0.039151824160479
1775066249874599700,241.005599609375,-0.0236916951023042,0.0032142858713865,0.0494881895972881
1775066249884638700,241.015638671875,0.0269314076758921,-0.0051075522720813,0.0728074529243167
1775066249894677800,241.025677734375,0.0756499920070171,-0.007269698742032,0.0688351791593246
1775066249904716800,241.035716796875,-0.0118869832791388,-0.0212561385184526,-0.0013853899437934
1775066249914755800,241.045755859375,-0.237100929287821,0.0053361003309488,-0.0510493744994048
1775066249924794600,241.0557946777344,-0.1804910071849823,0.0243798234969377,-0.0379952928028069
1775066249934833700,241.0658337402344,0.0089655428744852,-0.0196761758506298,0.0433475496841128
1775066249944873700,241.07587377929687,0.0043628713846206,-0.0244721779555082,0.1015327308801934
1775066249954912800,241.08591284179687,0.0658509209178388,0.0128431149601936,0.0557829149604775
1775066249964951800,241.09595190429687,0.1374455000542104,0.0570201103389263,0.069408385070553
1775066249974990800,241.10599096679687,0.0122011637948453,0.077526307272911,0.0531695723906159
1775066249985029600,241.1160295410156,-0.1664310637809336,0.1197843172878026,-0.0198769043208099
1775066249995068700,241.1260686035156,-0.1460439631819725,0.0819119750112295,-0.0665765317786484
1775066250005107700,241.1361076660156,0.0699427202761173,-0.0107499420732259,-0.0190255207890179
1775066250015146800,241.1461467285156,0.1708405507862568,-0.0736240391373634,0.0334983375765848
1775066250025186800,241.1561867675781,0.0180664025664329,-0.0561725535988807,0.0225954882302787
1775066250035225600,241.1662255859375,-0.1191078793309629,-0.0014431845456361,-0.0213839113502763
1775066250045264600,241.1762646484375,-0.1168074934341013,0.0364712433069944,-0.0222609955789055
1775066250055304000,241.18630395507813,-0.0009562778115272,0.0018850830942392,0.0506635352532844
1775066250065342700,241.1963427734375,0.0716202980995178,-0.0085369421988725,0.0806325753257144
1775066250075381800,241.2063818359375,0.0349440337397158,0.0154243636250495,0.026009315261757
1775066250085420800,241.2164208984375,-0.0711151250563561,0.0481552513599395,-0.0411710093626286
1775066250095459600,241.22645947265624,-0.0973614730775356,0.0460147321999073,-0.0609994257660582
1775066250105499000,241.23649877929688,-0.0520106116138398,0.0095388127177953,-0.0578052419677842
1775066250115539000,241.2465390625,-0.015263035583496,0.0065928223937749,-0.0500394668044988
1775066250125577700,241.2565776367188,-0.0175052615523338,0.0241284790843725,0.0096669417426455
1775066250135616800,241.2666166992188,-0.0290286722160875,0.0492670119941234,0.0239460625890176
1775066250145655600,241.2766555175781,0.0046728141166269,0.0057288990408182,0.049646348434221
1775066250155694800,241.2866948242188,0.0323567937254905,-0.0174117380499839,0.0524554601713549
1775066250165734000,241.2967338867188,0.0344996509730815,-0.0209171158224344,0.0255686040232423
1775066250175772700,241.3067727050781,-0.0151823715627193,-0.03690846568048,0.0171862039321102
1775066250185811700,241.3168117675781,-0.0921603973031044,-0.0389648136883974,-0.0005703107012435
1775066250195851800,241.32685180664063,0.0894479234740138,-0.0293237096399068,-0.0173791144220158
1775066250205890600,241.336890625,0.0103235333546996,-0.0152004917412996,0.0131022773530334
1775066250215929900,241.34692993164063,-0.1849320583723485,0.0314911168068647,0.0278827079182025
1775066250225969000,241.35696899414063,-0.0973427683770656,0.0494330162107944,-0.005205688017467
1775066250236007700,241.36700756835936,0.0228105283536016,0.0441623823314905,-0.0148232924593612
1775066250246046200,241.3770461425781,0.0519359389424324,0.0361795668840408,0.0367905201229266
1775066250256085500,241.38708544921877,0.008936024519056,0.0572217703908681,0.072615373551473
1775066250266124300,241.3971242675781,-0.0349077933825552,0.0823696556508541,0.0657340713388286
1775066250276163300,241.4071633300781,0.0379731723025441,0.0464572152704,0.0775487200341187
1775066250286203400,241.41720336914065,0.0298870426110923,0.0001806172639131,0.0660084130344912
1775066250296242400,241.42724243164065,-0.0009188684105873,0.0006236848562955,0.0320927359618246
1775066250306281200,241.43728125,-0.0446679937660694,0.007877601507306,-0.0210340749992989
1775066250316320500,241.44732055664065,-0.0481074666954576,-0.0086392335295677,-0.0633580172567162
1775066250326359300,241.457359375,-0.0627742899514734,-0.0313467399001121,-0.0745952679228503
1775066250336398300,241.4673984375,-0.0301743351198732,-0.0021621464699506,-0.049065169279091
1775066250346437400,241.47743725585937,-0.0080862758219242,0.0244990659624338,-0.0256194848271086
1775066250356476400,241.48747631835937,-0.0019841595545411,0.0347018955469131,0.0073177391348406
1775066250366516200,241.49751611328125,0.0033846740022301,0.0384983652204275,0.0008825001892633
1775066250376555500,241.50755541992189,-0.0042214170873165,0.065856912267208,-0.0174915800868533
1775066250386594300,241.51759423828125,-0.0113406014427542,0.0411778135627508,-0.0462961612234823
1775066250396633300,241.52763330078125,-0.0306593421578407,0.0298579626470804,-0.0416214839433319
1775066250406672400,241.53767236328125,-0.0745335551977157,0.0068611179411411,-0.0374524911629967
1775066250416711400,241.54771142578124,-0.0557969982847571,-0.002681786429882,-0.031582704080455
1775066250426750500,241.55775048828124,-0.0023424714729189,-0.0283843829631805,-0.05519532433087
1775066250436789200,241.56778930664063,0.0106932434499263,-0.0446639021128416,-0.0195540655746124
1775066250446829300,241.57782934570312,-0.0082886665262281,-0.013715221619606,-0.0326843269131146
1775066250456868400,241.58786840820312,0.0003346387818455,0.0272135856181383,-0.0529623045817948
1775066250466907100,241.5979072265625,-0.0254909996092319,0.0378770184516906,-0.0417326709665358
1775066250476946400,241.60794653320312,0.0042914135836064,0.0550204609543085,-0.0183611659956164
1775066250486985500,241.6179853515625,0.0139256494998931,0.060709612506628,-0.0129179337620735
1775066250497024300,241.62802416992187,0.0146150930687785,0.0582055207312107,-0.0377980349313467
1775066250507063300,241.63806323242187,-0.0254886615216732,0.0160579853534698,-0.0390045977095142
1775066250517102600,241.6481025390625,-0.0288229205109179,0.0305266556888818,-0.046064562691003
1775066250527142400,241.6581423339844,-0.0167921448469162,0.0258896435379982,-0.0663547239878214
1775066250537181400,241.6681813964844,-0.0218435830175876,0.0133446347415447,-0.0454573357791639
1775066250547220500,241.6782204589844,0.0130757546722888,0.0315384630799293,-0.0298049538182094
1775066250557259300,241.68825927734372,0.0163595986485481,0.0690261899530887,0.0132009702208451
1775066250567298300,241.69829833984372,-0.0140177116975188,0.0554600214153528,-0.0049370545433834
1775066250577337300,241.70833740234372,-0.025293138949573,0.0041799160331487,-0.023314203559421
1775066250587376400,241.71837646484371,-0.0242436298966407,-0.0187789347499609,-0.028161369595956
1775066250597415400,241.7284155273437,-0.0275587457939982,-0.0110357732772827,-0.0402112152866087
1775066250607454200,241.7384541015625,-0.0265276491805911,0.0328898776888847,-0.029966647185944
1775066250617494300,241.7484943847656,-0.0361488794848322,0.0549924039036035,-0.0213898113681003
1775066250627533300,241.758533203125,-0.025416180807352,0.0730517922073602,0.0054385195258073
1775066250637572400,241.768572265625,-0.0078919222936034,0.0943307270795106,0.0133847475562244
1775066250647611400,241.778611328125,-0.0023003858968615,0.0635731852442026,-0.0365897185875102
1775066250657650400,241.788650390625,0.0184006029568612,0.0481119967401027,-0.0150570281499996
1775066250667689200,241.7986892089844,0.0210217452406883,0.0151806179970502,0.0203721952907741
1775066250677728500,241.808728515625,0.0692306264840066,0.0030658173114061,0.0234374280802905
1775066250687767300,241.8187673339844,0.1764271187469363,-0.0267658418506383,0.021885650327336
1775066250697806300,241.8288063964844,0.1764756340637803,-0.0647702860742807,-0.0450560067029669
1775066250707846400,241.83884643554688,-0.0611351444423198,-0.0403179818630218,-0.0571701680677942
1775066250717885200,241.84888525390625,-0.2062193226814269,-0.0063835635572671,-0.0414688689311966
1775066250727924200,241.85892431640625,-0.0862272078618407,-0.0540741200149059,0.0217713762979023
1775066250737963500,241.86896362304688,0.0639338352501392,-0.1065647702306508,0.0467503712643869
1775066250748002300,241.87900219726563,0.036484979571402,-0.0181920747727155,0.0678242485511116
1775066250758041300,241.88904125976563,0.045748482479155,0.088805826178193,0.0101390801658853
1775066250768080400,241.89908032226563,-0.0222632697343826,0.1757470275282859,0.0108669560490176
1775066250778119400,241.90911938476563,-0.1885419194325804,0.2432721652686595,0.0171205730836838
1775066250788159500,241.9191594238281,-0.1090060259029269,0.2127414179265499,-0.0140674143244512
1775066250798198500,241.9291984863281,0.0703042470648884,0.1503203253269195,0.0078682491570711
1775066250808237300,241.9392373046875,0.189134770759195,0.059967269706726,0.0301347885607741
1775066250818276400,241.9492763671875,0.129420160639286,0.0445160180747509,0.0512315352664329
1775066250828315100,241.95931518554687,-0.0865676918625831,0.0672808075904846,0.0020222265426069
1775066250838354400,241.9693544921875,-0.1820700930699706,0.0516226352095603,0.0232325714242644
1775066250848393500,241.9793935546875,-0.0704533001467585,0.0069634092718362,0.0748228387341834
1775066250858432300,241.98943237304687,0.0599134936928749,-0.0700508568257093,0.103719135008566
1775066250868472300,241.99947241210936,0.0810403067432344,-0.0512432805031538,0.0665772989636287
1775066250878511400,242.00951147460935,-0.0154286014087498,-0.0162912095874547,-0.0138549588838592
1775066250888550400,242.01955029296877,-0.0927601167619228,0.0373164619594812,-0.0656991461559198
1775066250898589400,242.02958935546877,-0.068412149707973,0.0362064548909664,-0.0700830237959511
1775066250908628500,242.03962841796877,0.0097708679080009,0.000824175864458,-0.0437022905390709
1775066250918667300,242.04966723632813,0.0255646493673324,0.0087111297219991,-0.0062057045060209
1775066250928706300,242.05970629882813,0.0112348029807209,0.0315197583794593,0.0432224528665654
1775066250938745300,242.06974536132813,-0.0150071611262857,0.0276116450250148,0.0850968703913502
1775066250948785400,242.07978540039065,0.0169207396626472,0.016807342416048,0.0291039294093847
1775066250958824400,242.08982446289065,0.045269174529612,0.0091723174929618,-0.0009620134325698
1775066250968863200,242.09986328125,0.0073380878031253,-0.0387923797309398,-0.0243396193507127
1775066250978902300,242.10990234375,-0.063728960327804,-0.0493891770690679,-0.0123725565726868
1775066250988941300,242.11994140625,0.146816993381083,-0.0366793330997228,0.0236995861478149
1775066250998980400,242.12998046875,0.1122729187443852,-0.023185645276308,0.0303257628219202
1775066251009019400,242.14001928710937,-0.1713562452234327,0.0057727381825447,0.0450951514032669
1775066251019058400,242.15005834960937,-0.088282825217396,0.027089082455635,-0.0065287624479271
1775066251029097200,242.1600971679688,0.0456825776360928,0.0302104293465614,-0.0059593650621362
1775066251039137300,242.17013720703125,0.0693608287349343,0.0420358916968107,-0.0099973701402544
1775066251049176600,242.18017651367188,0.0445507971271872,0.0705576373040676,-0.0294808912293054
1775066251059215400,242.19021533203124,-0.0079611881375312,0.0772884068638086,-0.0218917147419415
1775066251069254400,242.20025439453124,-0.0110661684155464,0.0549292755395174,0.0218010225174948
1775066251079293200,242.21029321289063,0.0478781879842281,0.0415267731308937,0.0722191955744288
1775066251089332200,242.22033227539063,0.0611010960422456,0.0162830262809991,0.0397218060681596
1775066251099371500,242.23037158203124,0.012641893299669,-0.0153092128127813,-0.0129466301335953
1775066251109410300,242.24041040039063,-0.0350035088419914,-0.0043254619836807,-0.0469801248996518
1775066251119450400,242.25045043945312,-0.0244026198506355,-0.0045832361370325,-0.0542311920064501
1775066251129489400,242.26048950195312,0.0138368021726608,0.0034089316606521,-0.0411590723296627
1775066251139528200,242.27052807617187,0.0313444018125534,0.0039864392876625,-0.0376909030287526
1775066251149567500,242.2805673828125,0.0324701909720897,0.0046995559930801,-0.0208742995940148
1775066251159606500,242.2906064453125,0.0200001471079885,0.0164887779861688,-0.0265036289841867
1775066251169645300,242.30064526367187,0.0025206045188009,0.0216822549760341,-0.0083037362311966
1775066251179684400,242.31068432617187,-0.0200374103784561,0.0206821380227804,0.0276165769284591
1775066251189723100,242.32072314453129,-0.0467804558753967,0.0171732531189918,0.0020540647192858
1775066251199763200,242.33076318359372,-0.0454231960475444,-0.0115700262844562,-0.0145711625955067
1775066251209802500,242.3408024902344,-0.0632382542014122,0.009576806640625,-0.0158056545602157
1775066251219841500,242.3508415527344,-0.0258547183550894,-0.0074064768642187,-0.0005615246065892
1775066251229880300,242.3608803710937,0.0269148949325084,-0.0020668694019317,0.0019286299750208
1775066251239919600,242.3709196777344,0.0290823020994663,0.0052379006534814,0.0072760736838914
1775066251249958400,242.3809584960937,0.0392576591551303,0.0171060331016778,0.0061956945686601
1775066251259997700,242.3909978027344,0.0272983412921428,0.0200818340420722,-0.0229095134823583
1775066251270036700,242.4010366210937,0.0235750829853117,-0.0003507131338119,-0.0163861578619107
1775066251280076500,242.41107666015623,0.0185739136971533,0.0067319386035203,-0.012145944742579
1775066251290115600,242.4211154785156,-0.0003844692729413,0.0153577281296253,-0.0161234335388056
1775066251300154600,242.4311545410156,0.0071126084841787,0.0164677351981401,-0.0472559096337296
1775066251310193700,242.4411936035156,0.0041031975351274,0.0202396549522876,-0.0385911215377971
1775066251320232700,242.4512326660156,-0.0305531053043901,0.006700958943367,-0.0315374949655495
1775066251330271700,242.4612717285156,-0.0126445236481726,0.014959084200859,0.0093091869466938
1775066251340310500,242.471310546875,0.0018390519954264,0.0119721773445606,-0.0096823493743315
1775066251350349600,242.481349609375,-0.0160204298220574,-0.0191512751936912,-0.0212369406276382
1775066251360389600,242.4913896484375,0.0205729785598814,0.0018254618614912,0.0125086040425114
1775066251370428700,242.5014287109375,-0.0004861760817468,-0.000753448715806,-0.0215810778901912
1775066251380467700,242.5114677734375,-0.0293605345189571,0.0012730886757373,-0.0349464266262017
1775066251390506500,242.52150659179688,0.0020808979272842,-0.0050508536487817,0.0033252171662636
1775066251400545500,242.53154565429688,-0.0101870474934577,0.0142114807039499,0.001591470442526
1775066251410584600,242.54158447265624,-0.0219055423378944,0.032124738535285,0.0007977445152588
1775066251420623600,242.55162353515624,0.0043162557639181,0.0341606282770633,-0.0008427344344556
1775066251430662700,242.56166259765624,5.0268882513e-05,0.0063519993752241,0.0156452581004239
1775066251440702700,242.57170263671875,-0.0278337633430957,0.0094195702522993,0.0213495341566391
1775066251450741500,242.5817414550781,-0.0339338337838649,0.0150987849324941,0.0172181334403343
1775066251460780500,242.5917805175781,0.0046424189783632,0.0324029709547758,0.0451031155140139
1775066251470819600,242.6018195800781,0.077010612835735,0.0089069445550441,0.0497681664492934
1775066251480858600,242.6118586425781,0.0114180505931377,-0.0035328503012657,-0.0073730129860341
1775066251490897700,242.6218977050781,-0.1727601206719875,-0.0050777416557073,-0.0839584226796403
1775066251500936400,242.6319365234375,-0.0592504997394979,0.0035895489245653,-0.039437399636209
1775066251510975500,242.6419755859375,0.040058454144001,-0.0562993948489427,0.0217842357794754
1775066251521015600,242.652015625,-0.081872665914148,-0.0381739555716514,0.025462613764964
1775066251531054600,242.6620546875,-0.0033620237790048,0.0349105698615312,0.0183754319829866
1775066251541093600,242.67209375,0.1956092274703085,0.0211053318709135,0.0501414202084764
1775066251551132700,242.68213256835935,0.0591172287486493,0.0597147562503814,0.0859751327969133
1775066251561171500,242.69217138671877,-0.1166834286630153,0.1005301662415266,0.036612514941208
1775066251571210500,242.70221044921877,-0.1687302806340158,0.0717307727366685,-0.0383548285638913
1775066251581249800,242.71224975585935,-0.0362507324241101,0.008082768690586,-0.0200566813345067
1775066251591289600,242.72228955078128,0.0970575216948986,-0.0268079274266958,0.0019208302610553
1775066251601328600,242.73232861328125,0.0376816420100629,-0.0229044902473688,-0.0239696169945411
1775066251611367700,242.74236767578125,-0.0847322931289672,0.0166793321222066,-0.0479314890740439
1775066251621406500,242.75240649414064,-0.0882816561736166,0.0383808763206005,-0.0366420150303281
1775066251631445800,242.76244580078125,-0.0106850601434707,0.0193184484541416,0.0656943055840209
1775066251641484500,242.7724846191406,0.042740240573883,0.002769464713335,0.050897133946605
1775066251651523600,242.7825236816406,0.0511773756600916,0.0139350018501281,-0.0010246851389296
1775066251661562600,242.79256274414064,-0.0529307951986789,0.0384901819139718,-0.035765159130562
1775066251671602700,242.80260278320316,-0.1163793311499059,0.0341179581791162,-0.0977880096602253
1775066251681641500,242.81264135742188,-0.0655528147540986,-0.0024620061993598,-0.0712149139027111
1775066251691680800,242.8226806640625,-0.0061197980545461,-0.0183767836898565,-0.0369340933120809
1775066251701719600,242.83271948242188,0.0214377786956727,0.0012953005075454,-0.0132307443046011
1775066251711758600,242.84275854492188,0.005756225439161,0.0060363575547933,0.0256663013772107
1775066251721797600,242.85279760742188,0.0209724992714822,0.029670331120491,0.0668268167452886
1775066251731836700,242.86283666992188,0.0138191203854978,0.0150432553529739,0.0469855134608224
1775066251741876500,242.87287646484376,-0.0176738961175084,-0.0039092823982238,0.0135518660177476
1775066251751915800,242.8829157714844,-0.0090086513638496,-0.0205833538234233,-0.0205421084975823
1775066251761954600,242.89295458984373,-0.0688024641998112,-0.0535726002335548,-0.0084249149254523
1775066251771993600,242.90299365234372,-0.1187548281095921,-0.0438935022622346,-0.0105725762123242
1775066251782032600,242.91303271484372,0.0934182884097099,-0.0498497803181409,-0.0149670665779151
1775066251792071700,242.92307177734372,-0.0185983174860477,-0.0072059858560562,0.028707915829122
1775066251802110700,242.93311083984372,-0.1194096387565135,0.0632774171680212,0.021575470133312
1775066251812149500,242.9431494140625,-0.0247194307148456,0.0836152717977762,0.0091545078416354
1775066251822189600,242.953189453125,0.0206125799179077,0.0475678068608045,0.0137440641216002
1775066251832228600,242.963228515625,0.0632462913773953,0.0267442145407199,0.0084444233435206
1775066251842267400,242.9732673339844,0.0276700972139835,0.0242699333816766,-0.0034908195241354
1775066251852306700,242.983306640625,-0.0126209966421127,0.006243862825632,0.0136455539168789
1775066251862345700,242.993345703125,-0.0255368845775723,0.0073696519851684,0.044737880664505
1775066251872384500,243.0033845214844,-0.0012136135734617,-0.0059410804867744,0.0284311995132826
1775066251882423600,243.0134235839844,0.039850510481745,-0.0103127196997404,-0.0007014262676239
1775066251892463600,243.0234636230469,-0.0107234924577176,-0.0075415014207363,-0.0172241247897036
1775066251902502700,243.0335026855469,-0.0407037663102149,-0.0053109658896923,-0.0279059883290901
1775066251912541700,243.0435417480469,-0.0412589159749448,0.0219710087895393,-0.0485163945562206
1775066251922580700,243.0535808105469,-0.0013021686397492,0.0146796827375888,-0.0504249681239016
1775066251932619500,243.06361962890625,0.0053809623859822,0.0144645786821842,-0.0037413236864842
1775066251942658600,243.0736584472656,-0.0021392039857804,0.0371516267865896,-0.0143754756266251
1775066251952697600,243.0836975097656,0.0030091186881065,0.0543202037304639,-0.0049201582075096
1775066251962736600,243.0937365722656,-0.0267198107518255,0.042398879790306,0.0199300410138443
1775066251972776700,243.10377661132813,-0.0244295078575611,0.0297808057576417,-0.0073763191879726
1775066251982815500,243.1138154296875,-0.0214390938699245,0.0234434194296598,-0.0164055018831975
1775066251992854500,243.1238544921875,-0.03506196103096,-0.0146492875993251,-0.0190772418431006
1775066252002893600,243.1338935546875,-0.039270372506231,-0.0261965175300836,-0.0262687607823871
1775066252012932600,243.1439326171875,-0.0372093483231961,-0.0157417590111494,-0.0191635318870656
1775066252022971600,243.1539716796875,-0.0120316524468362,0.0021779285609722,-0.002243705539871
1775066252033010700,243.1640107421875,-0.0093278003156185,0.0224608381330966,0.015197532599233
1775066252043050500,243.17405053710937,-0.0071254679657518,0.0405728334069252,0.0013222798460163
1775066252053089500,243.18408959960936,0.0371799760982394,0.009811784440279,-0.0023781273081898
1775066252063128800,243.19412890625,0.0130712246276438,0.0070265376359224,-0.0201800154532305
1775066252073167600,243.20416772460936,-0.0475436953328549,0.0063350482404232,-0.0270196522149257
1775066252083206700,243.21420654296875,-0.0735772773861885,0.0042494741380214,-0.0378525781301781
1775066252093245400,243.2242453613281,-0.0648351680040359,-0.0011146832436323,-0.0042871392672881
1775066252103284500,243.2342844238281,-0.0166555128552019,-0.0034749826341867,0.0233654222900047
1775066252113324500,243.24432446289063,0.0208193545363843,0.012913257586956,0.021764709095098
1775066252123363800,243.25436376953124,0.0415536611378192,0.0549205077111721,-0.0011017324305139
1775066252133402600,243.26440258789063,0.0026293255902826,0.0580307486861944,-0.011270513614919
1775066252143441700,243.27444165039063,0.0054489130556583,0.0429699576765298,-0.0124801268666982
1775066252153480400,243.28448046875,-0.0007341594934463,0.0297036488682031,0.0083848386433906
1775066252163519700,243.29451977539065,-0.0384602251671254,0.0281172564595937,0.0137974382766522
1775066252173558800,243.30455883789065,-0.0196786600686609,0.0066518591046333,-0.0148997186964377
1775066252183597600,243.31459765625,-0.0252386322833597,-0.015457096850872,0.003500738129951
1775066252193637600,243.3246376953125,-0.0442645275317132,0.0047521629631519,-0.0014434037413448
1775066252203676700,243.3346767578125,-0.0177355631768703,0.0356885684967041,-0.0206539713742211
1775066252213715500,243.34471557617184,-0.0308276844620704,0.0264928701281547,-0.011795578668639
1775066252223754800,243.35475463867184,-0.02478124390468,0.010557634371519,-0.0246485391694121
1775066252233793500,243.36479345703123,0.0211688986264169,-0.0064963762819767,-0.0213319254347123
1775066252243832000,243.37483203125,-0.0029835458554327,0.0143272160381078,0.0123347087803296
1775066252253871000,243.38487109375,0.0010274433515965,0.0079512512654066,0.0521504767422564
1775066252263911000,243.3949108886719,0.0830932937502861,-0.0234603705644607,0.0351427529159001
1775066252273950200,243.4049501953125,-0.0131492582999169,-0.0289700738966465,-0.0162820399003103
1775066252283989200,243.4149892578125,-0.2049626006186008,0.0254629425585269,-0.0804460489108227
1775066252294028000,243.42502807617188,-0.1066257066376507,0.0305482829988002,-0.0671259092897176
1775066252304067000,243.43506713867188,-0.0061797115482389,-0.0177875856250524,0.0541921021050773
1775066252314106000,243.44510620117188,-0.0528980619728565,-0.0114618897348642,0.0905876680936664
1775066252324145200,243.45514526367188,0.0676994713939726,0.0416653048187494,0.0650081682170741
1775066252334185200,243.4651853027344,0.1820832448124885,0.0282657250195741,0.0675962484815158
1775066252344224300,243.4752243652344,0.0332544732175767,0.0825093563824892,0.0984536339621059
1775066252354263000,243.48526293945312,-0.1282747899964451,0.1086035825818777,0.0624028810895048
1775066252364302000,243.49530200195312,-0.1656630020178854,0.0722276163429021,0.0043234709559939
1775066252374341000,243.50534106445312,-0.0286990018703043,0.010703180322051,0.0263062980474904
1775066252384380200,243.51538012695312,0.0650806671977043,-0.0884650499165058,0.0627325879679061
1775066252394419200,243.52541918945312,-0.0413831268765032,-0.0838946732610464,0.0450278765870258
1775066252404459000,243.535458984375,-0.1196772036515176,-0.0138853174895048,0.0141050246547907
1775066252414498000,243.545498046875,-0.0791432409502565,0.009235445857048,0.0435849751691799
1775066252424537000,243.555537109375,-0.0137187287509441,-0.0308498962938785,0.1073951749064959
1775066252434576100,243.565576171875,0.0182991884090006,-0.0418371542543172,0.1202247179990634
1775066252444615200,243.575615234375,0.0528792111419141,0.0056494040638208,0.0597825333901215
1775066252454654200,243.585654296875,-0.0300118380345404,0.0292038826525211,0.0035539296219125
1775066252464693000,243.59569287109372,-0.1107120991684496,0.0126011228978633,-0.0292832680316641
1775066252474732300,243.6057321777344,-0.1000268928945064,0.0240665197640657,0.0338830717110075
1775066252484772000,243.61577221679687,-0.0402468163229525,0.0342827933520078,0.0414522557231131
1775066252494811100,243.62581103515623,-0.0236123462557792,0.0474877273619174,0.0431389941005036
1775066252504850200,243.63585009765623,-0.0057984571456909,0.0516840100079774,0.0532639361431822
1775066252514889000,243.6458889160156,-0.0051588440679013,0.0146165543735027,0.0885008975480217
1775066252524928000,243.6559279785156,-0.0159421038888394,0.0041729017704725,0.1473041193109005
1775066252534967300,243.66596728515623,0.0107705464698374,-0.0041360768914222,0.1336990618011914
1775066252545006000,243.6760061035156,0.0194856217145919,-0.0651525633901357,0.0424720637575257
1775066252555046100,243.6860461425781,-0.03789689219594,-0.0792880562484264,-0.0067959346172865
1775066252565085200,243.69608520507813,0.0289348564527928,-0.0901613324403762,-0.0146934920672327
1775066252575124000,243.7061240234375,0.115363578236103,-0.0808002143770456,0.0225165138430893
1775066252585163000,243.7161630859375,-0.1085856085337698,-0.0176823716849088,0.0803448992244433
1775066252595202300,243.72620239257813,-0.095740009355545,0.0035310967355966,0.0776824659490026
1775066252605241000,243.73624096679688,0.0170331139959394,-0.0014794249027967,0.0759633048730436
1775066252615280000,243.74628002929688,0.0462917955756187,0.0275917712807655,0.05971324014673
1775066252625320200,243.7563203125,0.0553811109602451,0.05442074149549,0.0143825264219194
1775066252635359000,243.7663588867188,0.0336342663154006,0.062324646487832,0.0071082154368516
1775066252645398000,243.7763979492188,0.0186988552510738,0.0356967518031597,0.0660483249197714
1775066252655437300,243.78643725585937,0.0277460850596427,0.0395090035676956,0.0651409551507327
1775066252665476000,243.7964760742188,0.0255848153725266,-0.0018453356057405,0.0244694654086139
1775066252675515100,243.8065151367188,-0.0144033500142395,-0.0088981767266988,0.0237136146731674
1775066252685554000,243.8165539550781,-0.0390098218739032,0.0174175832688808,0.0284342408537399
1775066252695593200,243.8265932617188,-0.0230525204159319,-0.0021750059515237,0.0071247281802352
1775066252705633300,243.83663330078124,-0.0031166707158088,0.0135632459282875,-0.0181086525392718
1775066252715672000,243.84667211914064,0.0198608847677707,0.0289794262468814,-0.0293694576109293
1775066252725711000,243.85671118164063,0.0213198514044284,0.0502373183310031,-0.0288737373827025
1775066252735750100,243.86675024414063,-0.0140764561474323,0.0469166494756937,-0.0150500138873234
1775066252745789000,243.8767888183594,-0.0220738846421241,0.0344400297403335,-0.0030101872671861
1775066252755828200,243.886828125,-0.0343885918140411,0.0448006802350282,0.0014171276557724
1775066252765867300,243.8968671875,-0.0731717653252184,0.0510650013267993,-0.0026955044279806
1775066252775907000,243.90690698242187,-0.0676620619930327,0.0328805253386497,0.0063393773556686
1775066252785946000,243.91694604492187,-0.0501649837471544,0.0112561380296945,-0.013168693652749
1775066252795985200,243.92698510742187,-0.020806787315756,0.0127121820569038,-0.0384814871508628
1775066252806024200,243.93702416992187,-0.0078065820977091,0.0127151046663522,-0.0168802980544045
1775066252816063200,243.94706323242187,-0.0046703298985958,0.0079009823828935,-0.0029003976166248
1775066252826102000,243.9571020507813,0.0028057050704956,0.0212234052926301,-0.0020718926369212
1775066252836141000,243.9671411132813,0.0176926008179783,0.007504676541686,0.0135708447128534
1775066252846180000,243.97718017578129,0.0316259952329099,0.0340565833806991,-0.0050012697528582
1775066252856220000,243.98721997070317,0.0194447051823139,0.0418289709478616,-0.0242082754554692
1775066252866259200,243.99725927734372,0.0331574425838887,0.051906712847948,-0.0299625646658707
1775066252876298200,244.00729833984371,0.0536531181238591,0.0450531936913728,-0.0373578442826401
1775066252886337000,244.0173369140625,0.0389376334205269,0.0172089089542627,-0.048233568160003
1775066252896376000,244.0273759765625,0.0144166478872299,-0.0114022685021162,-0.0551250447067897
1775066252906415000,244.0374150390625,-0.0045589784786105,-0.0133773679673671,-0.0663584685811772
1775066252916454100,244.0474541015625,-0.0286085471078753,-0.0367787018209695,-0.091137036471581
1775066252926494200,244.057494140625,-0.0125415016651153,-0.0254343009859323,-0.0897993398607242
1775066252936533200,244.067533203125,-0.0013935001850128,-0.004656885895133,-0.0838220007504802
1775066252946572000,244.0775720214844,-0.0044284839667379,-0.0028483751684427,-0.0821938698256854
1775066252956611000,244.0876110839844,0.0012520458877086,-0.016141571983695,-0.070790158285154
1775066252966650000,244.0976501464844,-0.0122248369313776,0.0324848040193319,-0.0556618732635397
1775066252976689200,244.1076892089844,-0.0083013798773288,0.090790277993679,-0.053215347761102
1775066252986728200,244.1177282714844,-0.0038134208083152,0.0897135886728763,-0.0374131455332972
1775066252996767000,244.12776708984376,-0.0198538705050945,0.0524468110740184,-0.0183221856920979
1775066253006807000,244.13780712890625,-0.0179720022812485,0.0605418547242879,-0.0069155515421181
1775066253016846000,244.14784619140624,-0.0323816359058022,0.0401169063329696,-0.0170329587323125
1775066253026885000,244.15788500976564,-0.0406536435581743,0.0167015439540147,0.0013935093181673
1775066253036924200,244.16792407226563,-0.0369239555105566,-0.0106891517966985,-0.0008140471960883
1775066253046963200,244.17796313476563,-0.0126727268293499,-0.0076648355394601,-0.0107514216442592
1775066253057002000,244.188001953125,0.0014306173250079,0.0177209501296281,0.0068533456266392
1775066253067041300,244.19804125976563,0.0528966006681323,0.0445049121588468,0.0609356946137733
1775066253077080000,244.208080078125,0.1588824019670486,0.028077508971095,0.0821905179579742
1775066253087120100,244.2181201171875,0.0530254877448081,-0.011210545322299,0.005840780183766
1775066253097159200,244.2281591796875,-0.1945858757719397,3.68248790502e-05,-0.0102905991994775
1775066253107198000,244.23819799804687,-0.1579877912148833,-0.0045025721162557,-0.0056342521604616
1775066253117237000,244.24823706054687,-0.0211176068305969,-0.0629968466609716,0.066916705252137
1775066253127276300,244.2582763671875,-0.0120332598820328,-0.0986602807164192,0.0995514939351007
1775066253137315000,244.26831518554687,-0.0105307463645935,-0.0544663342028856,0.0565707226036116
1775066253147354000,244.27835400390623,0.1045090067446231,0.0106400519579648,0.0482318602601066
1775066253157393200,244.28839306640623,-0.0120250765755772,0.0963140098512172,0.0425206612727604
1775066253167433000,244.2984328613281,-0.1608535559095442,0.1694447125136852,-0.0072601911281701
1775066253177472000,244.3084719238281,-0.0178054135426878,0.1531996801555156,-0.0532077855091542
1775066253187511300,244.31851123046877,0.1824003479376435,0.0551712676018476,-0.0105382994833867
1775066253197550000,244.3285500488281,0.2574934367142618,-0.0041261400192975,0.0272889798087533
1775066253207589000,244.33858911132813,0.119477735556662,0.0151648359060287,0.0472308939234819
1775066253217628000,244.3486279296875,-0.0288470320388674,0.0588438186347484,-0.0119362749141175
1775066253227667200,244.35866723632813,-0.0586382130600512,0.0292313551813364,-0.0081736253118142
1775066253237706200,244.36870629882813,-0.0098563542343676,-0.021992051577568,0.0908219335072673
1775066253247746000,244.37874609375,0.0488365116223692,-0.0330745866060256,0.0906104461810551
1775066253257785000,244.38878515625,0.0421978042602539,-0.0162286657452583,0.0403684882075525
1775066253267823900,244.39882397460937,-0.0130146721348166,0.0175356566905975,-0.0037999585385434
1775066253277863000,244.4088627929688,-0.0568080750234425,0.0674064797967672,-0.0196805323653388
1775066253287902000,244.4189018554688,-0.0352618675172328,0.090066639894247,-0.0003049742959439
1775066253297941000,244.4289409179688,0.0267044670522212,0.0839753372818231,0.0293549815610051
1775066253307980000,244.4389799804688,0.0405883232370018,0.0544698413342237,0.0702407990403939
1775066253318018800,244.4490187988281,-0.0083016721382737,0.0279705414652824,0.0966751073817256
1775066253328059000,244.45905883789064,-0.0211117616117,0.0019265841484069,0.0822437368493992
1775066253338098200,244.46909814453124,-0.0101661508359014,-0.0336743060648441,0.0920375472415704
1775066253348137000,244.47913696289064,0.0228375624909996,-0.030356559818983,0.0544439123085234
1775066253358176000,244.48917602539063,-0.050698213841021,-0.0405757560163736,-0.0189138405754696
1775066253368215000,244.49921508789063,-0.1186953530073165,-0.0274824656873941,-4.32728861458e-05
1775066253378253800,244.50925390625,0.1226478900253772,0.00313303732872,0.0478117442850489
1775066253388293000,244.51929321289063,0.0633364538788795,0.0149421330660581,0.062870306805009
1775066253398332000,244.52933178710936,-0.1547790583014488,0.037087329378724,0.049793319156859
1775066253408372000,244.5393720703125,-0.0290983764514327,0.0614063625991344,-0.0039080402892082
1775066253418411000,244.54941088867187,0.1052750226810574,0.0688940880060196,0.0218953132048249
1775066253428450000,244.55944995117187,0.1010372389808297,0.0814548788934946,0.0192364144601859
1775066253438489000,244.56948901367187,-0.0426443789839744,0.0917138225793838,-0.0114148357227444
1775066253448528100,244.57952807617187,-0.0601544628418982,0.0804950939506292,0.0139325541647151
1775066253458567000,244.5895668945313,0.0432042048238217,0.0357873526960611,0.0853199020248837
1775066253468606000,244.5996059570313,0.0575751138731837,-0.0057902738392353,0.1027876537115778
1775066253478645000,244.60964501953129,-0.0079679101392626,0.0252682967692613,0.0607304634984117
1775066253488684000,244.61968408203128,-0.0383946125850081,0.0328507147222757,0.0335967473166063
1775066253498724000,244.62972412109372,-0.0166596045084297,0.0446451974123716,0.0065506820187903
1775066253508763100,244.63976318359371,0.01191723228693,0.0357312385946512,-0.0109772114904597
1775066253518802000,244.64980200195316,0.0052466684818267,0.0576034631848335,-0.0262213688435498
1775066253528841000,244.65984106445316,0.0092997432649135,0.0613058248341083,-0.0140449102316983
1775066253538879700,244.6698796386719,-0.0097939565226435,0.0675613780975341,0.0369882529184222
1775066253548919000,244.6799189453125,-0.0210787361249327,0.0865080706298351,0.051573644968681
1775066253558958000,244.6899580078125,-0.0014037293180823,0.074922846776247,0.0459544168474152
1775066253568996900,244.69999682617188,0.0408384986057877,0.0433726932585239,0.057319632141618
1775066253579037000,244.7100368652344,0.0525476410999894,0.0522521652847528,0.0395201186167541
1775066253589076000,244.7200759277344,0.0217792856097221,0.0344680867910385,0.0308985394748859
1775066253599115000,244.7301149902344,-0.0111877489686012,0.0250724819362163,0.0239089089164044
1775066253609154000,244.7401540527344,0.0265384628355503,0.0098187987029552,0.0323264168535359
1775066253619193000,244.7501931152344,0.012189619487524,-0.0097404727697372,0.0221660838370677
1775066253629231900,244.76023193359376,0.0360886737301945,-0.0132668933302164,-0.0252999157502315
1775066253639271000,244.77027099609376,0.043574791701883,0.0199614225327968,0.0084577760154381
1775066253649310000,244.78031005859376,0.0108230073094367,0.0470277086347341,0.0060132324075326
1775066253659350000,244.79035009765624,0.0047007250368595,0.0532581274569034,-0.0137026817984413
1775066253669389000,244.80038916015624,-0.0014801555551588,0.0411322208553552,0.0170065913151949
1775066253679428000,244.81042797851563,0.0280593887925147,0.0250800807207822,0.0265146709680091
1775066253689467000,244.820466796875,0.0136700673036277,0.0371381827831268,0.0223677256227005
1775066253699506000,244.830505859375,0.0280323546551167,0.0501297663033008,0.0223649491437245
1775066253709545000,244.840544921875,0.057169747942686,0.0694581516295671,0.0032776608306448
1775066253719584000,244.850583984375,0.042427959754318,0.047846623802185,-0.0203409142365213
1775066253729623000,244.860623046875,0.0381773165725171,0.0205816002577543,-0.0295445219168905
1775066253739661800,244.8706618652344,0.0332572496965527,0.0029699557214975,-0.0263434882527217
1775066253749702000,244.88070190429687,0.0276198283314704,-0.0044879590690135,-0.0143294079951941
1775066253759741200,244.8907412109375,-0.0058652387715876,0.0074427172213792,-0.004545991132874
1775066253769780000,244.90078002929687,0.0143861066184937,0.032928456133604,-0.0081222056518308
1775066253779819000,244.91081909179687,0.053989948862791,0.0203261641919612,-0.0160997878017369
1775066253789858000,244.92085815429687,0.0446165558397769,0.0241103589057922,-0.0181557248177006
1775066253799896800,244.9308967285156,0.0539797197297215,0.0440858099639415,0.0001963810886256
1775066253809936100,244.94093603515623,0.0333437589362263,0.0310088862478733,-0.0113314317556098
1775066253819975000,244.9509748535156,0.0084080551221966,0.0229418996483087,-0.0163452413296327
1775066253830014000,244.9610139160156,0.0050222120761871,0.0004220248043537,0.0046746772801503
1775066253840054000,244.97105395507813,0.0151838328674435,0.0056628480672836,0.0189334859908558
1775066253850092800,244.9810927734375,0.0349636152230203,-0.0025192893445491,-0.000114383627288
1775066253860132000,244.99113208007813,0.0483025508761405,0.004265256229043,0.0092596852491609
1775066253870171100,245.00117114257813,0.0639829350888729,0.0163046535909175,0.0415082693598233
1775066253880210000,245.0112099609375,0.0930500396192073,-0.0039683191090822,0.0317767470815218
1775066253890249000,245.0212490234375,-0.0678397566474974,0.0077577745199203,-0.0413530422654934
1775066253900288000,245.0312880859375,-0.2084209243789315,0.0380891998976469,-0.0486767727497033
1775066253910327000,245.0413271484375,-0.0364028542459011,0.0270078339129686,0.0136025184927508
1775066253920366000,245.05136596679688,0.0469613654002547,-0.0182587102681398,0.0364089551931247
1775066253930406100,245.06140625,0.1244189913511276,-0.0071212301820516,0.0351776232998818
1775066253940445000,245.0714448242188,0.1477393689230084,0.0513175147831439,0.0372376976348459
1775066253950484000,245.0814838867188,0.1297664898589253,0.0798947899699211,0.0115441063919104
1775066253960523000,245.0915229492188,-0.0819461695417761,0.1326537357330322,0.0094946082498878
1775066253970562000,245.1015620117188,-0.1535442558094859,0.1243026714950799,-0.0385649641832336
1775066253980601000,245.11160107421875,-0.0616157675661146,0.0649164165467023,-0.0464275690508075
1775066253990639900,245.1216398925781,0.0877089708521962,-0.0196779294162988,-0.0320254611455835
1775066254000679000,245.1316789550781,0.1666650186672806,-0.044422494572401,-0.0039986594484187
1775066254010719000,245.14171899414063,0.0312698752716183,0.0027653730601072,-0.0273787130519747
1775066254020758000,245.15175805664063,-0.0474292751729488,0.0413029012471437,-0.0547443474266678
1775066254030797000,245.16179711914063,-0.0774058957636356,0.0042570729225873,-0.0054412960047833
1775066254040836000,245.17183618164063,-0.0261208219453692,-0.0201677587598562,0.0479993484121747
1775066254050875000,245.181875,0.0555707883134484,-0.0455476992100477,0.0365067530117928
1775066254060914000,245.19191381835935,0.0527788195073604,-0.028508301603794,-0.0498772893795743
1775066254070953000,245.20195288085935,-0.021314152316004,0.0009966098219156,-0.1067544658501632
1775066254080992000,245.21199194335935,-0.038914106414467,0.0482698176503181,-0.107130441289395
1775066254091031000,245.22203100585935,0.0273905496202409,0.0504629437804222,-0.0938919886023737
1775066254101069800,245.23206982421877,0.0459863828882575,0.0443085128039121,-0.0409536128854379
1775066254111110000,245.24210986328129,0.0329755101457238,0.0054378071397542,-0.0217943918473087
1775066254121149200,245.25214916992184,0.0248198223493993,-0.0067523968696594,-0.0078057053148746
1775066254131188000,245.26218798828128,-0.0101402857422828,0.0002379004091024,0.0301780066479928
1775066254141227000,245.27222705078125,-0.0343558585882186,0.0177244572609663,0.0369582779052667
1775066254151266000,245.28226611328125,-0.0075217738069593,0.0321311682760715,0.0203395168638788
1775066254161304800,245.2923049316406,0.0018061726391315,0.0038315409868955,-0.0022464454862289
1775066254171344100,245.30234423828125,-0.0765327661909163,0.0057341597378253,-0.0004688596207648
1775066254181383000,245.3123828125,0.1253225160621106,0.0108534024477005,0.0043306404822971
1775066254191422000,245.322421875,0.0574628856703639,0.013627543336153,0.0419091052456758
1775066254201462000,245.3324619140625,-0.165565825253725,0.022657822009921,0.0399099033856298
1775066254211500800,245.34250073242188,-0.0851435042783617,0.0351905558466911,0.0133005946704186
1775066254221540000,245.3525400390625,-0.0078723408102989,0.0193482590705156,0.0068635199607815
1775066254231579100,245.3625791015625,0.0177557291820645,0.0286409880727529,0.0011464757545385
1775066254241618400,245.37261840820312,0.0253743874922394,0.0468126045793294,-0.0183313645123969
1775066254251657500,245.38265747070312,0.0126256728172302,0.0176630824625492,0.0369024377984926
1775066254261696300,245.3926962890625,0.0724012193441391,-0.0011772270858287,0.0840301727415993
1775066254271735600,245.40273559570312,0.0598749152481555,0.0010357727885246,0.1131103650823701
1775066254281774600,245.41277465820312,0.0168529351234436,0.016152677899599,0.0925740378716029
1775066254291813400,245.4228134765625,-0.0265919465884566,0.0111310503453016,0.0404382472418248
1775066254301853400,245.432853515625,-0.0437160998687148,0.0012333411872386,0.008450469491817
1775066254311892500,245.442892578125,-0.0639303281188011,-0.0155009359925985,-0.0031159491966012
1775066254321931300,245.45293115234372,-0.075391779462248,0.0063888242542743,0.0201857054085005
1775066254331970600,245.4629704589844,-0.0331963132895529,0.020065467429161,-0.0056490387376397
1775066254342009300,245.47300927734372,0.0170659933522343,0.0289805952906608,0.0222525474109686
1775066254352048400,245.48304833984372,0.0048678982973098,0.0136439099490642,0.0425780722821131
1775066254362087400,245.49308740234372,-0.0065641808211803,0.009528291323781,0.0520862250001635
1775066254372126500,245.50312646484372,-0.0058817515149712,0.0424298594504594,0.056897324209474
1775066254382165500,245.51316552734372,0.0070095865011215,0.0394622418165206,0.0742052365588024
1775066254392204500,245.52320458984371,0.0035667525708675,0.0128477911353111,0.0633394769530277
1775066254402244400,245.5332443847656,-0.0315861016139388,-0.0076572367548942,0.0540734076288528
1775066254412283400,245.5432834472656,-0.0627381957247853,-0.0295990194499492,0.0576839445425197
1775066254422322400,245.5533225097656,-0.0417293099656701,-0.0291676422953605,0.0590127911266405
1775066254432361500,245.5633615722656,0.000592997457087,-0.0043926820009946,0.0571548061018809
1775066254442400500,245.573400390625,0.034660979014635,0.0299812967658042,0.0488883240079972
1775066254452439300,245.5834392089844,0.0110568160653114,0.0258832137972116,0.0516069444500841
1775066254462478300,245.5934782714844,-0.0011962240472435,0.0270171862632036,0.0618754231492988
1775066254472517400,245.6035173339844,-0.0007891045510768,0.0288584302157163,0.0460452278028707
1775066254482556400,245.6135563964844,-0.0078455989338457,0.0280126270413398,-0.0070478544185869
1775066254492596500,245.6235964355469,-0.0122670686379075,-0.0221066178679466,-0.0036649979141075
1775066254502635500,245.63363549804689,-0.0445512355186045,-0.0398877737522125,0.0324626835190691
1775066254512674300,245.64367431640625,-0.0433588108636438,-0.0063508303314447,0.0561216545287054
1775066254522713300,245.65371337890625,-0.0380266560554504,0.0008978256225585,0.033076084443368
1775066254532752600,245.66375268554688,-0.0228381470128893,0.0118161100000143,0.0670094889689702
1775066254542791400,245.67379150390624,-0.0006906126126646,0.0214034380346536,0.0488462749645579
1775066254552830500,245.68383056640624,0.0177241650000214,0.0588227758467197,0.0188104623993858
1775066254562869200,245.693869140625,0.0225017546653747,0.0661585255622863,-0.0175245690410025
1775066254572908300,245.703908203125,-0.0109184305079281,0.0604395633935928,-0.0166841726941056
1775066254582947600,245.71394750976563,-0.0381701561793684,0.0204027365595102,-0.0114719636043068
1775066254592986400,245.723986328125,-0.0433899366542696,-0.0356985053688287,0.0320540570524055
1775066254603026400,245.7340263671875,-0.0266226339876651,-0.0556453148543834,-0.0121339437775313
1775066254613065500,245.7440654296875,-0.0322634163536131,-0.0363479091882705,-0.0165226071905344
1775066254623104300,245.75410424804687,-0.0315621362164616,-0.0100642978966236,0.0285060000488534
1775066254633143600,245.7641435546875,-0.0338067002728581,0.0342103126376867,0.0364299249159172
1775066254643182600,245.7741826171875,-0.0119087567195296,0.0566734888583421,0.028950857739523
1775066254653221400,245.78422143554687,-0.0218070503994822,0.0268377380430698,0.020707656056527
1775066254663260400,245.79426049804687,-0.0023719898283481,0.0150473470062017,0.0216726286311633
1775066254673299200,245.80429931640623,0.0710720165669918,0.0103974753737449,0.0039493769465945
1775066254683338500,245.81433837890623,0.0184030871748924,0.0104535894751548,-0.065510674379114
1775066254693377500,245.82437744140623,-0.1681822913624346,0.0324023864328861,-0.0836023392509669
1775066254703416300,245.8344162597656,-0.0971219652332365,0.0133475573509931,-0.0524926777760498
1775066254713456400,245.8444562988281,0.0177707806207239,-0.0294090498358011,0.0324853337422944
1775066254723495400,245.85449536132813,-0.0536601323865354,-0.0340711964279413,0.0519768554747104
1775066254733534500,245.86453442382813,0.0221359900929033,0.0057318216502666,0.0466641725519672
1775066254743573500,245.87457348632813,0.1536335415281355,-0.0009095160603523,0.0529637841528281
1775066254753612500,245.88461254882813,-0.0046130467534065,0.0444014517843723,0.0755243563333526
1775066254763651300,245.8946513671875,-0.1425030757047236,0.1016618006199598,0.0182728849239647
1775066254773690400,245.9046904296875,-0.1584510248124599,0.089361706495285,-0.0397752532884478
1775066254783729400,245.9147294921875,-0.014037877702713,0.0253816940158605,-0.0394060729161836
1775066254793768400,245.9247685546875,0.093624186245352,-0.0242003752768039,0.0115802554175257
1775066254803807500,245.93480737304688,0.0358484352335333,-0.0096931264966726,0.0302821794085204
1775066254813846300,245.94484619140624,-0.0680320643492043,0.0108218382656574,0.0302424684526398
1775066254823885600,245.95488549804688,-0.1017943409584462,0.0384796605199575,0.035567608998157
1775066254833925400,245.9649252929688,-0.0520551814079284,0.006007131460309,0.0552248974852263
1775066254843964400,245.9749643554688,0.0164811792016029,-0.0245130944877862,0.0871808918574824
1775066254854003500,245.9850034179688,-0.0373990256763994,-0.0059814124971628,0.029619733444415
1775066254864042500,245.99504248046875,-0.0740435797236859,0.0041325697600841,-0.0272198326958343
1775066254874081300,246.0050812988281,-0.0888086026571691,-0.0119745154321193,-0.0532096304063685
1775066254884120600,246.01512060546875,-0.065756374502182,0.0048673137754201,-0.0682467848121188
1775066254894159400,246.0251594238281,-0.0295173325158655,0.0136602765619754,-0.0436037255354225
1775066254904198400,246.0351984863281,-0.0074130527354776,0.0151648359060287,-0.0213693165693432
1775066254914237400,246.0452375488281,0.0059599313177168,0.0360457113713026,0.0267891131283715
1775066254924276200,246.05527612304687,-0.0526582618676126,0.0224199216008186,0.0341377223255112
1775066254934315500,246.0653154296875,-0.0772417912431061,0.0214607211798429,0.0518090428934432
1775066254944354300,246.0753542480469,-0.0461912578105926,0.0297340440064668,0.046971192674525
1775066254954394400,246.08539428710935,-0.0524631776869297,-0.0173182145476341,0.0641190373576246
1775066254964433400,246.09543334960935,-0.119424690195173,-0.0320896672219037,0.0435263494502753
1775066254974472400,246.10547241210935,-0.1241675008080899,-0.0012222352713346,0.033754330764804
1775066254984511500,246.11551147460935,0.0598198240600526,-0.0141588737338781,-0.0497477264494635
1775066254994550500,246.12555053710935,-0.0303787716507911,-0.0121352589517831,-0.0299377681513316
1775066255004589300,246.13558935546877,-0.1081203291095793,0.0310533099114894,0.0053539647812023
1775066255014628400,246.14562841796877,-0.0405810167133808,0.0361246218264102,-0.0537399378907866
1775066255024667400,246.15566748046876,-0.0052735564887523,0.0036257892817258,-0.0720668728232383
1775066255034706400,246.1657065429688,0.0673849986173212,-0.0306026435345411,-0.0494603243428282
1775066255044745500,246.17574536132813,0.0398049177743494,-0.0203337629765272,-0.0223651592062786
1775066255054784300,246.1857841796875,-0.0376221669077873,-0.0162082074791193,0.0227650452440604
1775066255064823300,246.1958232421875,-0.0581201805353164,-0.0062929626643657,0.0516843022689223
1775066255074862600,246.2058625488281,-0.0455249028563499,0.0033247605085372,0.0409472927425056
1775066255084902400,246.21590234375,-0.0332489202596247,0.01590834774971,-0.0070445847492665
1775066255094941400,246.22594140625,-0.0358064957879483,-0.0025906010150909,-0.0179251857311464
1775066255104980500,246.23598046875,-0.0415641825318336,-0.0027162732213735,-0.0368701977630145
1775066255115019300,246.24601928710936,0.0061515083670616,-0.0005821838021278,-0.0325043307037092
1775066255125058300,246.25605834960936,0.0108138010896742,-0.0303057064145803,-0.0054659007230773
1775066255135097600,246.26609765625,-0.00349207989946,-0.0402723891556262,0.0119033133594319
1775066255145136400,246.2761364746094,-0.0078536361098289,-0.0066828387647867,0.0403152053840458
1775066255155175400,246.2861755371094,-0.013696516919136,0.0075473466396331,0.0472615539232268
1775066255165214200,246.2962141113281,-0.0352327875532209,0.0263584300935268,0.0271915199168026
1775066255175253500,246.30625341796875,0.0005362988337874,0.024360534274578,0.0280731067906133
1775066255185292500,246.31629248046875,0.0019885434687137,0.0242681798160076,0.034973241567891
1775066255195331300,246.3263312988281,-0.0145418817020952,-0.0003700023561716,-0.0194490160312503
1775066255205370400,246.3363703613281,0.0160227679096162,-0.0011912556111812,-0.0187474071005359
1775066255215410400,246.34641040039065,0.0001483224295079,0.0071107087880373,-0.0330040969193913
1775066255225449200,246.35644921875,0.0022469021439552,-0.0216571205347776,-0.0147562003062106
1775066255235488500,246.36648852539065,-0.0115104050517082,-0.0280769244492053,0.0357827495861798
1775066255245527000,246.37652709960935,-0.039229455973953,-0.0303209039837121,0.0539191121162846
1775066255255566000,246.38656616210935,-0.0504370786868035,-0.0146563018620014,0.0275165871527045
1775066255265605000,246.39660522460937,-0.0431267556734383,0.0089016838580369,0.010618972637318
1775066255275644200,246.40664404296876,-0.0453368329383432,0.0382750778585672,0.0014807948759756
1775066255285683200,246.4166831054688,-0.0358498965382576,0.0580173046827316,-0.0141651756105013
1775066255295722000,246.42672192382813,-0.0075065762378275,0.0615922405600547,0.013085161821451
1775066255305761000,246.43676098632807,-0.0183960729122161,0.0366121130824089,-0.0109314361199736
1775066255315800000,246.44680004882807,-0.0060541854724287,0.0268996973633766,-0.0567440333439037
1775066255325839000,246.4568391113281,0.0159562785446643,0.0075379942893981,-0.0450626556394621
1775066255335878100,246.4668781738281,0.0185945180937647,0.0027583587974309,-0.0006101677875965
1775066255345917200,246.4769172363281,-0.0085141458451747,0.0123193833470344,0.0109590730455704
1775066255355957000,246.48695703125,-0.0393184494316577,0.0125806646317243,0.0011652991860173
1775066255365996000,246.49699609375,-0.0393196184754371,0.025768647506833,-0.0065802551731467
1775066255376035300,246.50703540039063,-0.0374982482671737,0.0149701901167631,-0.0166307802727445
1775066255386074000,246.51707421875,-0.0619593203067779,-0.0178483759015798,-0.0013374956814572
1775066255396113200,246.5271130371094,-0.0608463906288146,-0.023614684343338,-0.0151471358525566
1775066255406152000,246.53715185546875,-0.026369243748486,0.0177507607460021,-0.0066030697931535
1775066255416191000,246.54719091796875,-0.0292620425805449,0.0409007501870393,-0.0148814706536941
1775066255426230300,246.55723022460936,-0.0025578677892684,0.0527899254232645,-0.0360857876533642
1775066255436269000,246.56726904296875,0.0356463367901742,0.0522147558838129,-0.0348828781370073
1775066255446308000,246.57730810546877,0.0083656772851943,0.0456949987262487,-0.0293560958058573
1775066255456347100,246.58734716796877,-0.0098947865486145,0.0221826057136058,-0.0069887629088014
1775066255466386200,246.59738623046877,0.0101551910504698,-0.002379588612914,0.006139525668323
1775066255476425200,246.60742529296877,-0.0541445549026131,-0.0196580556720495,0.0140475771128199
1775066255486465300,246.6174653320313,-0.2066167975664138,0.0147580086708068,-0.0761902180972509
1775066255496504000,246.62750415039065,-0.0953144774198532,-0.0052700493574142,-0.1048844341945834
1775066255506543000,246.63754321289065,0.0556654808595776,-0.0551619152516126,-0.0447817015399225
1775066255516582000,246.64758178710937,0.0061596916735172,-0.0130243167459964,0.0138087085893377
1775066255526621200,246.65762109375,0.0285221839986741,0.044832828938961,-0.0464053754853084
1775066255536660200,246.66766015625,0.1599555841565132,0.0359451736062765,-0.0441206072826869
1775066255546699000,246.67769897460937,0.0568096824586391,0.0525403345763683,0.0450610299379564
1775066255556738000,246.68773803710937,-0.1389971134103834,0.1077951888084411,-0.0085955039856955
1775066255566777300,246.69777734375,-0.1550283568874001,0.0787754305511713,-0.0739747522711753
1775066255576816000,246.70781616210937,-0.0231119955182075,0.010322656571865,-0.090012918679323
1775066255586855200,246.71785522460937,0.1248386780679225,-0.0699468119293451,-0.0719157739147543
1775066255596894000,246.7278940429688,0.0717643827453255,-0.0545130959540605,-0.0746086662605404
1775066255606933000,246.7379331054688,-0.0714741676270961,0.0070873279124498,-0.0678296553785912
1775066255616972300,246.74797216796875,-0.0791182526394724,0.0266764100015163,-0.0591090271758846
1775066255627011000,246.7580109863281,0.0184571554496884,0.0035223289072513,-0.0173625286133959
1775066255637051100,246.76805102539063,0.0710997813567519,-0.006242109259963,0.0004876921853981
1775066255647090200,246.77809008789063,0.0545449523970484,0.0056166708379983,-0.0650259596020914
1775066255657129000,246.78812890625,-0.0454065371736884,0.0003904606223106,-0.1493724134849384
1775066255667168300,246.79816821289063,-0.0319862068474292,-0.0022585925817489,-0.1622080940573476
1775066255677207300,246.80820727539063,0.0445557655632495,-0.0039829321563243,-0.1084247554162517
1775066255687246000,246.81824609375,0.079350307829678,-0.0030710780084133,-0.0729908558003604
1775066255697285000,246.82828515625,0.0722176794707775,0.013071663019061,-0.0180030915392562
1775066255707324000,246.83832397460935,0.0150330262199044,0.0397697003304958,0.0515320160503499
1775066255717363200,246.84836328125,-0.0320212781608104,0.0214285724759101,0.066153228332661
1775066255727402200,246.85840234375,-0.0373217226564884,-0.0239917009621858,0.0773118425383232
1775066255737441000,246.86844091796877,-0.026458675597608,-0.0377174439758062,0.047410296477843
1775066255747480000,246.87847998046877,-0.0362020709767937,-0.0542740265011787,0.0123902566261589
1775066255757519000,246.88851904296877,-0.1267351593390107,-0.0466080219179391,-0.0186454445634037
1775066255767558100,246.89855810546877,0.0659063043668866,-0.0049532384932041,0.0001592639486305
1775066255777598200,246.90859814453125,0.1328551035240292,0.0050450084298849,0.0502210978485643
1775066255787637000,246.91863696289064,-0.1288977442003786,0.0441793334662914,0.0693172270552255
1775066255797676000,246.92867602539064,-0.0921874314405024,0.0532236406654119,0.026119707700517
1775066255807715000,246.9387150878906,0.0438815195634961,0.0372170932382345,0.0022458244317211
1775066255817754000,246.9487541503906,0.068428808581829,-0.0016080197185277,-0.0129488038243725
1775066255827793200,246.9587932128906,0.0245654091969132,0.0133335288256406,0.008238708170969
1775066255837832200,246.96883227539064,-0.0119651630818843,0.0232388367682695,0.0332427645134739
1775066255847871000,246.97887109375,-0.006409867042303,0.0105488665431737,0.0273061958050355
1775066255857910300,246.98891015625,0.0565527850881218,0.0164016842246055,0.0037787878863513
1775066255867949000,246.99894897460936,0.1065770451903343,0.0279249487578868,-0.0087694723131135
1775066255877988000,247.00898803710936,0.0237900409102439,0.050614334949851,-0.0358230815965682
1775066255888027100,247.0190270996094,-0.0041088966235518,0.0483078115731477,-0.0691685940984636
1775066255898066000,247.02906591796875,0.0123204062603414,0.0284720612466335,-0.0929375556880608
1775066255908105200,247.0391052246094,-0.001581423972547,0.0032248072654008,-0.0669767831426113
1775066255918145300,247.04914526367187,-0.0048138300225138,0.0134504332035779,-0.0465652970210649
1775066255928184000,247.05918408203124,0.0291328632429242,0.0488923334628343,-0.0635638511602766
1775066255938223000,247.06922314453124,0.0508924212388694,0.0516103602498769,-0.0369093059306964
1775066255948262100,247.0792622070313,0.0641033465981483,0.0518669653594493,0.0228824245460331
1775066255958301200,247.0893012695313,0.0803098005115985,0.0610965659976005,0.0168275449538603
1775066255968340200,247.0993403320313,0.0543348167777061,0.0584504354029893,0.0095023348986171
1775066255978379000,247.10937890625,0.0044597558878362,0.0684720632016658,-0.0018077070090919
1775066255988418000,247.11941796875,0.0041164954081177,0.0365361252367496,-0.0211049665447324
1775066255998457000,247.12945703125,-0.0299557239331305,0.0150637136191129,-0.051681763251964
1775066256008496000,247.13949609375,-0.0930932942390441,-0.0133563251793384,-0.0413364381905645
1775066256018535200,247.14953515625,-0.0911430369541048,-0.0144821143388748,-0.0476273915609344
1775066256028574200,247.15957421875,-0.0528280654765665,0.0021381810724735,0.0048753692177124
1775066256038613000,247.16961303710937,-0.0270586873173713,0.0302776493638753,0.053889794690255
1775066256048652300,247.17965234375,0.0112236970648169,0.0474842202305793,0.0699834724116139
1775066256058692000,247.1896921386719,0.012820026345551,0.0461877506792545,0.0935308819387108
1775066256068731100,247.1997312011719,0.0023541619107127,0.0818985310077667,0.0172438706697896
1775066256078770200,247.20977026367189,-0.014410802668333,0.0972521674841642,-0.0328006102365441
1775066256088809000,247.21980908203125,-0.0350936713434755,0.0765671068519353,-0.0268400030653923
1775066256098848000,247.22984790039064,-0.0284752761170268,0.0269803613841533,-0.0344068398567847
1775066256108887300,247.23988720703124,-0.0401240667261183,0.0079155954301357,-0.0288652983479201
1775066256118926000,247.24992602539064,-0.0393267788685858,0.0301899710804224,-0.0162375614377669
1775066256128965000,247.25996508789063,-0.0136953478753566,0.0489011012911796,0.028818134737946
1775066256139004200,247.27000415039063,-0.0222341897703707,0.0553945549637079,0.067330181423854
1775066256149043200,247.28004321289063,-0.0287336347922682,0.074238371643424,0.0363602937458083
1775066256159082200,247.29008227539063,-0.0038090368941426,0.0886024125605821,-0.0005802475733682
1775066256169121000,247.30012109375,-0.0086459555312991,0.0665817194104194,0.010348302469775
1775066256179160000,247.31016015625,-0.0225298117160797,0.0563642767786979,0.002365706218034
1775066256189199000,247.32019921875,-0.0226468622244894,0.0478852022469043,-0.0426025674025528
1775066256199239000,247.33023901367187,8.15408036112e-05,0.0473585480242967,-0.0192210342279635
1775066256209278200,247.3402783203125,0.008894085073471,0.0398632238328456,-0.0021730697227641
1775066256219317200,247.35031713867187,0.0250676596306264,0.0166390001118183,0.0489462373408488
1775066256229356000,247.3603559570313,0.0574862665459513,-0.0048088615864515,0.0701713961991481
1775066256239395000,247.3703950195313,0.0687377284005284,0.0078419456720352,0.0270555637785233
1775066256249434600,247.3804345703125,-0.0927940190315246,0.0424637617200613,-0.0469993410567753
1775066256259473700,247.3904736328125,-0.2490358433619141,0.0720370622068643,-0.0273839372163638
1775066256269512700,247.4005126953125,-0.0990580478623509,0.0649900663048028,0.0493465435037389
1775066256279551500,247.41055151367183,0.083366703864187,0.0227186122864484,0.0683377875638194
1775066256289590500,247.42059057617183,0.1343007722876966,0.0176285956710577,0.0334684447618201
1775066256299629600,247.4306296386719,0.0763417736634612,0.021648937228322,0.0157079663394019
1775066256309668600,247.4406687011719,0.035376287677139,0.0447194316923618,0.0212648880804888
1775066256319707600,247.4507077636719,-0.1838663288369774,0.1204156009286642,0.0395666155064478
1775066256329747700,247.4607478027344,-0.1408273975774645,0.1305816056340932,0.0237457268444821
1775066256339786500,247.47078637695316,-0.030766894185543,0.0590682750403881,0.0196522287194617
1775066256349825500,247.48082543945316,0.0604419014811515,0.0093991119861602,0.0183273367912508
1775066256359864800,247.49086474609376,0.0830421480849385,-0.001947042414546,0.0099840174683369
1775066256369903600,247.50090356445315,0.0136121996365487,0.0206441440999507,0.0148719721729867
1775066256379942700,247.51094262695312,-0.05174450802356,0.0279494986772537,-0.0097633604549802
1775066256389981400,247.5209814453125,-0.0265989608511328,-0.034220834031701,0.0175606815339997
1775066256400020500,247.5310205078125,0.0063935004293918,-0.0874707781821489,0.0860218762817792
1775066256410059800,247.54105981445312,0.0125881172858178,-0.0675590400099754,0.0873807983437553
1775066256420098600,247.5510986328125,-0.0261995862700045,-0.006574117693305,0.0161465038871392
1775066256430137600,247.5611376953125,-0.071880994862318,0.0068599488973617,-0.0570303760046139
1775066256440176600,247.5711767578125,-0.0594224953055381,0.0286678760796785,-0.1069378778593614
1775066256450215700,247.58121557617187,0.017407938657701,0.0248597159683704,-0.0702074538932181
1775066256460255700,247.591255859375,0.0600166618064045,0.0241097743839025,-0.0140989054412581
1775066256470294800,247.6012946777344,0.0390589217126369,0.0356049818664789,0.0140878725905902
1775066256480333600,247.61133349609372,-0.0012481003649532,0.0207511116057634,0.0564242816039361
1775066256490372600,247.62137255859372,-0.0458332381531596,0.0272170927494764,0.029896303629782
1775066256500411400,247.63141137695317,-0.0473360439315438,0.0115273561865091,0.0115523079646751
1775066256510450700,247.64145068359372,-0.0767941936060786,-0.0204126734316349,-0.0039871882063336
1775066256520489700,247.65148974609372,-0.0943302886880934,-0.0201227505743503,-0.0359082208630628
1775066256530528500,247.66152856445316,-0.0519222026780247,-0.0072784665703773,-0.0177806992265395
1775066256540567600,247.67156762695316,0.169267894642055,-0.0206008894801139,-0.0006329824076034
1775066256550606800,247.6816069335937,-0.0344286315634846,-0.0153203187286853,0.0075481503572314
1775066256560645600,247.69164575195316,-0.1577484295010566,0.0432148723483085,-0.0254952739255502
1775066256570684700,247.7016845703125,-0.0828841810442507,0.0611842442810535,-0.0652988034604117
1775066256580723500,247.71172338867189,-0.0017801614150404,0.0476040472179651,-0.0472306655946187
1775066256590763500,247.7217634277344,0.0013233575582504,0.060347793456912,-0.0187225831865333
1775066256600802600,247.7318024902344,-0.036593116120994,0.0533329462587833,-0.0483907040836289
1775066256610841600,247.7418415527344,-0.0239069452881813,0.0086702131897211,-0.0339844314599409
1775066256620880600,247.7518806152344,-0.009594488427788,-0.0031979192584753,0.0210275173943489
1775066256630919700,247.7619196777344,-0.0172201610006391,-0.0072153382062911,0.0158236834072507
1775066256640958500,247.77195849609376,-0.0105924134239554,-0.0405278252214193,-0.0493211716004647
1775066256650997800,247.7819978027344,-0.0142518127143383,-0.0113695352762937,-0.0530637008633464
1775066256661036800,247.7920368652344,-0.0328935309506952,-0.0205757550388574,-0.0591206628147512
1775066256671075600,247.80207568359376,-0.0302618672728538,-0.0233697696715593,-0.0800883945795707
1775066256681114600,247.81211450195312,0.0057829673156142,-0.03172375651896,-0.0809970886560157
1775066256691153400,247.8221533203125,-0.0194841604098677,-0.0295592719614505,-0.055538420413807
1775066256701192700,247.83219262695312,-0.0301040463626384,-0.0188356333732604,-0.0337142544827423
1775066256711231700,247.84223168945311,0.0032940731093287,-0.0082552026480436,-0.0267696229766122
1775066256721271600,247.852271484375,-0.0101169048666954,0.0130436059683561,-0.0355390404907986
1775066256731310600,247.862310546875,-0.0316273104071617,0.0578097994118928,-0.0540787779237143
1775066256741349600,247.872349609375,-0.0116799163997173,0.0560445433050394,-0.0534344521381892
1775066256751388700,247.882388671875,-0.0029191023170948,0.0179272863566875,-0.0564238432125188
1775066256761427700,247.892427734375,0.0296479731582105,0.0048363341152668,-0.0816564841465093
1775066256771466800,247.902466796875,0.0235936415553092,-0.0072702832639217,-0.0605286481828428
1775066256781505500,247.9125056152344,-0.004226093262434,-0.0044289223581552,-0.0417099476780742
1775066256791544600,247.9225446777344,-0.0111528237856924,-0.0070370590299367,-0.0694697872684337
1775066256801583600,247.9325834960937,-0.0143500123918056,0.022822072660923,-0.0623272220374084
1775066256811622700,247.9426225585937,0.0188042153216898,0.0139484458535909,-0.0415865222278051
1775066256821661700,247.9526616210937,-0.0059153615236282,0.0098445176661014,-0.0340800007889047
1775066256831700500,247.96270043945316,-0.0168844993054866,0.0230628956794738,-0.049970063963253
1775066256841740500,247.9727404785156,-0.0017009586989879,0.0392360318452119,-0.018588380613923
1775066256851779600,247.9827795410156,0.0292215644396841,0.0235696761578321,-0.0420672366831451
1775066256861818600,247.9928186035156,0.047409255298227,0.0197147542953491,-0.0061934660789556
1775066256871857700,248.0028576660156,0.0632978754341602,0.015544775134325,-0.015801581173297
1775066256881896400,248.012896484375,0.0550512944839894,0.0082902739614248,-0.0450758804472163
1775066256891935500,248.022935546875,0.0248268366120755,0.0040092356413602,-0.0532121328907087
1775066256901974800,248.0329748535156,-0.0351755044080317,0.0271183085501194,-0.0670796407288871
1775066256912013600,248.043013671875,-0.0663689534425735,0.0480956301271915,-0.0135865720049478
1775066256922052600,248.0530524902344,-0.0258661165319383,0.0440910706609487,0.0124441787704825
1775066256932091600,248.0630915527344,-0.082346420905739,0.0301613295078277,0.0582927788895554
1775066256942130700,248.0731306152344,-0.073281509310007,-0.0053892918229103,-0.0328700587435625
1775066256952169700,248.0831696777344,-0.0594715951442718,0.0003290858238935,-0.0414171570102684
1775066256962208500,248.09320849609372,-0.0534393292427062,-0.0025052608191967,-0.0347602198717184
1775066256972248600,248.10324853515624,-0.033480537058413,-0.0080973817378282,0.0137926159710623
1775066256982287600,248.11328759765624,0.0040383156053721,-0.0126905547469854,0.0650297041954472
1775066256992326400,248.12332641601563,0.0820866009257733,0.0032639702320098,0.0678495291228406
1775066257002365700,248.13336572265624,0.1265947279550135,-0.0085673373371362,0.051853338692896
1775066257012404700,248.14340478515624,-0.078461688426882,-0.0064320788741111,-0.0438771173830144
1775066257022443500,248.15344360351563,-0.2298923130832612,0.0112280809789896,-0.0629898141319863
1775066257032482600,248.1634826660156,-0.0118973585426807,-0.0211579388409852,-0.007948273857031
1775066257042521600,248.173521484375,0.0460287607252597,-0.0724392132669687,0.0255016671337187
1775066257052560600,248.183560546875,-0.070806643629074,0.0074251815646886,0.0535948303316719
1775066257062599700,248.193599609375,0.1119511394441127,0.0478127215325832,0.0874426297998987
1775066257072638500,248.2036384277344,0.192156164406985,0.0286579392075538,0.0756554171008057
1775066257082677500,248.2136774902344,-0.0534535038985311,0.0400362423121929,0.1041871909117326
1775066257092717600,248.2237175292969,-0.1667887911774218,0.093440500241518,0.0215721182656008
1775066257102756600,248.2337565917969,-0.1357259827852249,0.0720750561296939,-0.0250913327671587
1775066257112795600,248.2437956542969,0.0335877968251705,-0.0287087926119565,0.0188342451337724
1775066257122834700,248.2538347167969,0.0789304749824106,-0.0320206936389207,0.0560618871654849
1775066257132873500,248.26387353515625,0.0097090547181665,0.0062111295998096,0.0536692929405253
1775066257142912500,248.27391259765625,-0.0860088889360427,0.0617985767871141,0.0179259894487448
1775066257152951800,248.28395190429688,-0.0963667629517614,0.0515787960678338,0.0690004344573244
1775066257162990600,248.29399047851564,0.0063641282044351,0.0343026670962572,0.1237016551283188
1775066257173029600,248.30402954101564,0.0796291247710585,0.0324520707935094,0.1039913121466059
1775066257183068400,248.314068359375,0.0426582613788545,0.024017419925332,0.0435702981898561
1775066257193107700,248.32410766601564,-0.0473791524209082,0.0306850611209869,-0.0268316005632281
1775066257203147800,248.33414770507807,-0.0763574096240103,0.0554179358392953,-0.0917779281910043
1775066257213186600,248.3441865234375,-0.0191324243627488,0.0625070173174142,-0.1226252124026883
1775066257223225600,248.3542255859375,-0.0006827215671539,0.0674140785813331,-0.0673868526476901
1775066257233264600,248.3642646484375,0.0152361475765705,0.0264800106465816,-0.0007298669108189
1775066257243303400,248.37430346679687,0.0347030645906925,0.0208493112832307,0.0452895414642058
1775066257253342500,248.38434252929687,0.0144246850632131,0.0015817162334918,0.0704548253835644
1775066257263381500,248.39438159179687,-0.0200527540780603,-0.0204717101424932,0.0782411044787615
1775066257273420500,248.40442065429687,0.0157213007450103,-0.0208551565021276,0.0817633237881585
1775066257283459300,248.4144592285156,0.0165339323021471,-0.0307791691452264,0.0762673932529985
1775066257293498600,248.42449853515623,-0.0546634642101824,-0.0403442853480577,0.0674217869637534
1775066257303537700,248.43453759765623,0.0387257442355155,0.0118798228859901,0.0525080671414267
1775066257313577500,248.4445773925781,0.2036450882792472,0.015680968734622,0.0260649727054405
1775066257323616500,248.4546164550781,0.0124536772511899,0.0425426721751689,0.048291627623327
1775066257333655600,248.4646555175781,-0.0282265620529651,0.0685685093134641,0.0550773879064712
1775066257343694300,248.4746943359375,0.0548396975599229,0.0481757096260786,0.0277816769628319
1775066257353733600,248.4847336425781,0.1020494847632944,0.0039069443106651,-0.0004199241788126
1775066257363772400,248.4947724609375,0.0938660321772098,0.0205336694628,-0.0212087465796153
1775066257373811500,248.5048115234375,0.0397862130738794,0.0113753804951906,-0.0153081442337017
1775066257383850500,248.5148505859375,0.0024022388361394,0.0090577512025833,0.0386447331548668
1775066257393889500,248.5248896484375,0.0355259252808988,0.021706804895401,0.0750125800194684
1775066257403928600,248.53492846679688,0.0595135345898568,0.0148626380890607,0.067283730199933
1775066257413967400,248.54496728515625,0.0972993676267564,0.0183130708038806,0.0297477802708744
1775066257424006400,248.55500634765625,0.0648059419095516,0.0301543152451515,0.01564494757317
1775066257434046500,248.5650463867188,0.0006957271791994,0.0318687179476022,-0.0147296319596935
1775066257444085500,248.5750854492188,-1.3151742517e-06,0.0223813431560993,-0.0171935195888858
1775066257454124500,248.5851245117188,0.0258123405180871,0.035550621330738,-0.0244541217090096
1775066257464163600,248.5951635742188,0.0599216769993305,0.0736018273055553,-0.0384943922982085
1775066257474202400,248.6052023925781,0.0622268852017819,0.0786596952170133,-0.0128465124936774
1775066257484241400,248.6152414550781,-0.0013841478347778,0.0714677378863096,0.0583813430889975
1775066257494280700,248.6252807617188,-0.0095103172756731,0.0417716878026723,0.022623344351584
1775066257504319500,248.6353195800781,0.039136224732548,0.0146007722824811,0.0075792487483937
1775066257514358500,248.6453586425781,0.0085410338521003,-0.009295067089796,0.0327308786017354
1775066257524397300,248.65539721679687,0.0125941086351871,-0.0218330616235733,0.060219061643863
1775066257534436400,248.66543627929687,0.0300925020553171,0.0112660749018192,0.006310388723202
1775066257544476400,248.6754763183594,0.0481517442286014,0.0088929160296916,0.0297695263118017
1775066257554515700,248.685515625,0.0621335078299045,0.0143774849206209,0.0380607957870699
1775066257564554500,248.69555444335936,0.0776338593006134,0.0184258835285902,0.0245202548809349
1775066257574593500,248.70559350585935,0.0820880622304976,0.0412374347954988,0.0353967642095871
1775066257584632300,248.71563232421877,0.0742285809017717,0.0312023629933595,0.0655020070154685
1775066257594671400,248.72567138671877,0.0501205600835382,0.0322480726540088,0.1035935997996013
1775066257604710700,248.73571069335935,-0.0271780759133398,0.0216477681845426,0.0738920241574756
1775066257614749400,248.74574951171877,-0.0275274738729,0.008278583523631,0.0162526768085081
1775066257624788500,248.75578857421877,0.0313233590245246,0.009265256473422,0.0405476806993596
1775066257634827300,248.7658271484375,0.0668609747432172,0.0121744219183921,0.0476880905059166
1775066257644866600,248.77586645507813,0.0544387155435979,0.0187292503893375,0.0021550500088836
1775066257654906600,248.78590673828128,0.0196820210695266,0.0140267717868089,-0.006682446039142
1775066257664945700,248.79594555664065,0.0202381936475634,0.0024403788894414,0.0332601905723102
1775066257674984400,248.805984375,0.0523088639080524,0.0117576578110456,0.0208383514977991
1775066257685023500,248.8160234375,0.0485642705522477,0.0035211598634719,-0.0307212649455294
1775066257695062300,248.82606225585937,0.0500397499322891,0.007034720942378,-0.0021535704378504
1775066257705101600,248.8361015625,-0.0157025960445404,0.0152981068968772,0.0730765613224357
1775066257715140600,248.846140625,-0.100984339749813,0.0452834953159093,0.0884646297913975
1775066257725179400,248.85617944335937,-0.0683107351601123,0.0806903242617845,0.0352280109134037
1775066257735218400,248.86621850585936,0.0676256755053997,0.075959788608551,0.0208636777353007
1775066257745257500,248.87625756835936,0.0809141961455345,0.0350824192970991,-0.0060161184843629
1775066257755297500,248.88629760742188,0.0466517149291932,0.0301800342082977,-0.0055851979875005
1775066257765336600,248.89633666992188,0.0267697873733937,0.0482020131111145,0.0052875393483322
1775066257775375600,248.90637573242188,-0.007622165441513,0.0035030396848917,0.0307674604411236
1775066257785414400,248.91641430664063,-0.0321251769267022,-0.0187514622211456,0.1007589608955662
1775066257795453400,248.92645336914063,0.073135232707113,-0.0098240593999624,0.114510651201196
1775066257805492500,248.93649243164063,0.0438099156320095,-0.0179015673935413,0.0054151295170653
1775066257815531500,248.94653149414063,-0.1513970146477222,0.0138946698397397,-0.0771457287237979
1775066257825570600,248.95657055664063,-0.0691467475928366,0.0493161118328571,-0.0655004909118171
1775066257835609300,248.966609375,0.0537397734940052,-0.0091892686277627,-0.013583174471464
1775066257845648600,248.97664868164065,-0.0288147372044622,-0.0143973586648702,0.0493212903314735
1775066257855687400,248.9866875,-0.0013701193094253,0.0519663340806961,0.0820627177266869
1775066257865727500,248.9967275390625,0.1349311791457235,0.0573053570210933,0.0580994756740052
1775066257875766500,249.0067666015625,0.0380886153757572,0.0784486828148365,0.1002178488893434
1775066257885805600,249.0168056640625,-0.1318589320935309,0.1099129116147756,0.0705148393419571
1775066257895844400,249.02684423828129,-0.1151427750922739,0.0983165818452835,-0.021577378962608
1775066257905883600,249.03688354492184,-0.0154537358500063,0.0509258851170539,0.0247285730025265
1775066257915922400,249.04692236328123,0.0470879143893718,0.0027121815681457,0.0286658941851463
1775066257925961500,249.05696142578125,0.0031039573647081,-0.0146463649898767,0.0232623089754022
1775066257936000500,249.06700048828125,-0.051934769898653,0.0003477905243635,0.0045594625358004
1775066257946039600,249.07703955078125,-0.0960625193081796,-0.0128220721721649,0.0141035085511393
1775066257956078600,249.08707861328125,-0.0742481623850762,-0.0513619384467601,0.0468770298513583
1775066257966118700,249.0971186523437,0.0174142222680151,-0.0164554602384567,0.0766133662796113
1775066257976157400,249.10715747070316,-0.0272480724096298,-0.0203629890710115,0.0456396152772009
1775066257986196500,249.11719653320316,-0.1232405952215194,0.0071679919332265,-0.001036786568677
1775066257996235300,249.1272353515625,-0.1015245841063559,0.0419400301069021,-0.016538060487993
1775066258006274600,249.13727465820315,-0.0045842590503394,0.0469540588766336,0.0048105603531934
1775066258016313600,249.14731372070312,0.0259128782831132,0.0463046550571918,0.0179516992787364
1775066258026352400,249.15735229492188,-0.0217559047341346,0.0283119022488594,0.0301403506518807
1775066258036391400,249.16739135742188,-0.0391172277711331,0.0209288062602281,0.0674447751136962
1775066258046430500,249.17743041992188,-0.0392541520237922,0.0133726917922496,0.0686619323511142
1775066258056469500,249.18746948242188,-0.0602080927252769,0.0070353054642677,0.0729524874181952
1775066258066509600,249.1975095214844,-0.0706673812888562,0.0167366152673959,0.0785256935738027
1775066258076548600,249.2075485839844,-0.094117376589775,-0.0099479780405759,0.0598425564816687
1775066258086587400,249.21758740234372,-0.1116904426813125,-0.0049023850888013,0.0395855120031628
1775066258096626400,249.22762646484372,-0.0365719272024929,-0.0095405662834644,0.0435374918987974
1775066258106665500,249.23766552734372,0.0732384008206427,-0.0030599720925092,0.0447382551238406
1775066258116704500,249.24770458984372,-0.0992062241613864,0.0070464113801717,0.0506421180059202
1775066258126743600,249.25774365234372,-0.1406299753092229,0.0300543620020151,0.0737855315756984
1775066258136782300,249.2677822265625,-0.0798820766188204,-0.0054062429577112,0.0526492657104041
1775066258146821400,249.2778212890625,-0.0466319873154163,-0.0334042569518089,0.0081811144985258
1775066258156860700,249.28786059570317,-0.015377748004347,-0.0272948341608047,0.0041823271859437
1775066258166900500,249.297900390625,-0.009566431377083,-0.0231336228281259,0.0194879598021507
1775066258176939500,249.307939453125,-0.0058183308899402,-0.004060089045763,0.081608571617864
1775066258186978600,249.317978515625,-0.0179648418880999,-0.0019072949260473,0.1176829245617613
1775066258197017300,249.3280173339844,0.0092645258210599,-0.0140408003121614,0.0488183823106344
1775066258207056600,249.338056640625,0.0346234234832227,0.0043394905090332,0.0203676195803564
1775066258217095400,249.3480954589844,-0.0228385854043066,0.0014314941078424,0.0414256782434415
1775066258227134500,249.3581345214844,-0.0699229926623404,-0.0145616093158721,0.0326259569225367
1775066258237173500,249.3681735839844,-0.0717687666594982,-0.011465981388092,-0.0179530509856063
1775066258247212300,249.37821240234376,-0.0310030410289764,-0.0291740720361471,-0.018843086027354
1775066258257251300,249.38825122070315,-0.0170436353899538,-0.0301788651645183,0.0037767420597374
1775066258267291400,249.39829150390625,-0.0363221902251243,-0.0177443310052156,0.0407960568367037
1775066258277330400,249.4083303222656,-0.0112662210322916,-0.0004898293435573,0.0471842600364703
1775066258287369200,249.418369140625,0.0068307228028774,-0.0073404258906841,0.0466570395582821
1775066258297408300,249.428408203125,-0.0381612422205507,-0.0079214406490325,0.0566524095376953
1775066258307447300,249.438447265625,-0.0627590923823416,0.0119809451729059,0.0230556165553163
1775066258317486300,249.448486328125,-0.082651395201683,0.0113654436230659,0.0238086542791686
1775066258327525400,249.458525390625,-0.1025870987713336,-0.0001057984620332,0.0186361013463232
1775066258337564200,249.4685642089844,-0.0959761561989784,-0.0208697695493698,0.0040221773213241
1775066258347603200,249.4786032714844,-0.0850713158249855,-0.0060533086895942,0.0167496117462869
1775066258357642200,249.4886423339844,-0.0525755520202219,0.0172743754059076,0.0082287073667626
1775066258367682300,249.49868237304688,-0.0009060089290142,-0.0278758489191532,-0.0189645752488635
1775066258377721300,249.50872143554687,-0.0213385561048984,-0.0252630360722541,-0.0338155776990577
1775066258387760000,249.51876000976563,-0.0341654505826532,0.0071235682696104,-0.002674516438879
1775066258397799200,249.52879907226563,-0.0390029537416994,0.0054758010625839,-0.0087726323845796
1775066258407838500,249.53883837890623,-0.0383678707085549,-0.0223942026376724,-0.020905900308676
1775066258417877200,249.54887719726565,-0.0694846012450754,-0.0296983881711959,0.0361748815757688
1775066258427916300,249.5589162597656,-0.1119673599265515,-0.0162269121795892,0.0118559214205946
1775066258437955300,249.5689553222656,-0.0724305915690958,-0.0237251589804887,-0.0664626596080139
1775066258447994000,249.578994140625,-0.0125743810214102,-0.0246188929498195,-0.0417972971679642
1775066258458033400,249.5890334472656,-0.0250501239739358,-0.0110065471827983,-0.0162963058876805
1775066258468073500,249.5990734863281,-0.0257997732974588,0.0054623570591211,-0.0265244617096614
1775066258478112300,249.6091123046875,-0.0105379067577421,0.0189934542834758,-0.0533146799497306
1775066258488151300,249.6191513671875,-0.0381705945707857,-0.0043026656299829,-0.019037010297412
1775066258498190000,249.6291901855469,-0.0952478419244289,-0.0190139125496149,0.0429487322254106
1775066258508229400,249.6392294921875,-0.1024270859040319,-0.0196937115073204,0.0119146019384264
1775066258518268400,249.6492683105469,-0.0725403355538845,-0.0054682022780179,-0.0312755012948066
1775066258528307200,249.65930712890625,-0.0504243653357028,-0.0047585927039384,0.0126714025219436
1775066258538346200,249.66934619140625,-0.016946312495321,-0.0040489831298589,-0.0173294483277015
