time,seconds_elapsed,z,y,x
1775068780239064600,227.96406469726563,0.1371602533720433,0.0508592496216297,0.0314487024372443
1775068780249103400,227.9741032714844,0.1258604223310947,0.0056201779693365,-3.02124751731e-05
1775068780259143400,227.98414331054687,0.12968772553429,-0.0006330372065305,0.0157034728273749
1775068780269182500,227.99418237304687,0.1127400978647172,0.0015320318728685,0.0110398283978924
1775068780279221200,228.00422119140623,0.097265611487627,0.0201689278036355,0.007105082764849
1775068780289261300,228.01426123046875,0.1076664478622376,0.023860768058896,-0.0046323725083842
1775068780299300400,228.02430029296875,0.1526594357989728,0.0220645322918891,0.0046558264492079
1775068780309340400,228.0343403320313,0.1933269617520272,0.0303594824284315,0.0101002642591483
1775068780319379500,228.0443793945313,0.1833387978315353,0.0648959582805633,0.0123610487979836
1775068780329419300,228.0544191894531,0.1642316540405154,0.0789805977344512,0.0359993149463087
1775068780339458600,228.06445849609372,0.1633770830377936,0.0927303061455488,0.040763405809272
1775068780349498600,228.07449853515624,0.1835783056758344,0.0991542017132043,0.0391057017301209
1775068780359537400,228.08453735351563,0.1592940515078604,0.0803998168826103,0.0250889581469818
1775068780369577500,228.0945773925781,0.1162988132596015,0.1044616604715585,0.0160097805638797
1775068780379616500,228.1046164550781,0.1322340490162372,0.100385789334774,-0.0066959539746865
1775068780389656300,228.11465625,0.1404034730769693,0.0822720404952764,-0.0111991654117591
1775068780399695400,228.1246953125,0.1265957508683204,0.0887847833901643,-0.0058781530520878
1775068780409734400,228.134734375,0.0959751332856714,0.1019599067836999,-0.0276324138184078
1775068780419774200,228.14477416992187,0.0986193641841411,0.088902856811881,-0.0325555677006021
1775068780429813500,228.1548134765625,0.1082489239253103,0.0741126994371414,0.0117206868015229
1775068780439853300,228.1648532714844,0.1012822997830808,0.0914390972912311,0.0200537039261311
1775068780449892600,228.174892578125,0.0922384309753775,0.0922007293134927,0.047259873422794
1775068780459932400,228.18493237304688,0.077249390027672,0.0931423940777778,0.0344029126003384
1775068780469971500,228.19497143554688,0.0683703563928604,0.0697837303221225,0.0546172687145881
1775068780480011500,228.20501147460936,0.0676676149509847,0.0396083722889423,0.067095550684072
1775068780490050300,228.21505029296875,0.1204359130643308,0.0285772751867771,0.0155817918096203
1775068780500090400,228.22509033203124,0.1719838756024837,0.0449660999298095,0.0025809655370656
1775068780510129400,228.23512939453124,0.1732967117667198,0.0742927321791648,0.034624400730757
1775068780520169500,228.24516943359376,0.142063076852262,0.0948082814633846,0.0782552334688138
1775068780530208300,228.25520825195312,0.0734856535799801,0.1274357088238001,0.0689487864684779
1775068780540247300,228.26524731445312,0.0433808765649795,0.1241951194673776,0.0536313629497773
1775068780550287400,228.27528735351564,0.0439430404923856,0.0674210928440093,0.0637036888892296
1775068780560326400,228.28532641601564,0.0770550364993512,-0.0045540100425481,0.1012559232328087
1775068780570366500,228.29536645507807,0.099519381763786,-0.0181973354697227,0.1124858947747852
1775068780580405200,228.3054052734375,0.0846095435321331,0.0005617255359888,0.09195994282756
1775068780590445300,228.3154453125,0.0636966654933989,0.0291214650660753,0.0478882618536707
1775068780600484400,228.325484375,0.0583013823211193,0.0745364778071641,0.059287982205674
1775068780610524200,228.33552416992188,0.06373655911237,0.1093880109578371,0.0613628705172799
1775068780620563200,228.34556323242188,0.0928445801749825,0.121615039846301,0.062523566593416
1775068780630603300,228.3556032714844,0.1060220416560769,0.1188806464463472,0.1018068533801473
1775068780640642000,228.36564208984376,0.1516460209727287,0.107390699660778,0.1452977113919332
1775068780650682000,228.37568212890625,0.1146608367942273,0.1099590888440608,0.0640214952672831
1775068780660721400,228.38572143554688,-0.0682765406295657,0.0937298385769128,-0.0443145680853631
1775068780670760400,228.39576049804688,-0.0453039535820484,0.0695353085190057,0.0737650367769412
1775068780680800300,228.4058002929688,0.1416521579638123,0.0343769013762474,0.0873799946261569
1775068780690839300,228.4158393554688,0.0938382673874497,0.0318383228093385,0.0293767641345504
1775068780700879400,228.42587939453125,-0.0008215455159544,0.0897463218986988,0.117157959972741
1775068780710918100,228.4359182128906,0.1471419875517487,0.0944488005012273,0.1123985178854316
1775068780720958200,228.44595825195316,0.1712146447956562,0.054888943529129,0.0481659188844263
1775068780730997200,228.45599731445316,0.0094297993853688,0.0597656096547841,0.0313325515445554
1775068780741037300,228.4660373535156,-0.1031143375158309,0.0638905806303024,-0.001046591010061
1775068780751076000,228.476076171875,-0.0394981899127364,0.0336006563067436,0.0199564495301572
1775068780761116200,228.4861162109375,0.0838506879888474,0.0089396777808666,0.0193458753171842
1775068780771155500,228.49615551757813,0.0988031963184475,0.0376858797937631,0.0190182850473443
1775068780781195300,228.5061953125,-0.0167535664021968,0.0622644407331943,0.0610561609219759
1775068780791234300,228.516234375,-0.0760319770619273,0.0524883121281862,0.0351677846091683
1775068780801273300,228.5262734375,-0.0068402212835848,0.0347054026782512,0.0468622980731073
1775068780811313400,228.5363134765625,0.060256315781176,0.0457709865719079,0.0984927421297878
1775068780821352200,228.5463522949219,0.1000400446370244,0.0543640428721904,0.0930576384037733
1775068780831392300,228.5563923339844,0.0559327534936368,0.0653308425664901,0.0382011015901924
1775068780841431300,228.5664313964844,-0.0232534498155117,0.0586257919698953,-0.0407954631816595
1775068780851471000,228.57647119140623,-0.0646235710799694,0.03467033136487,-0.0771654015386477
1775068780861510400,228.5865104980469,-0.0420892293192446,0.0227747263878583,-0.0604827677810797
1775068780871550200,228.59655029296877,0.0060158992886543,0.0215250185877084,-0.0156239983999752
1775068780881589200,228.60658935546877,0.0308919818699359,0.0204442376136779,0.0216178593867574
1775068780891629300,228.6166293945313,0.0464697824910283,0.015613748717308,0.0236742644768906
1775068780901668400,228.6266684570313,-0.0073635145053267,-0.0174064773529767,0.1125604030494112
1775068780911708400,228.63670849609372,-0.0120703770220279,-0.0330026904135942,0.1258395256735384
1775068780921747200,228.64674731445317,0.0150482237890362,-0.0301771115988492,0.0642666291347704
1775068780931787300,228.65678735351565,0.0076306410089135,-0.0101397012203931,0.0072563780361553
1775068780941826300,228.6668264160156,-0.0601695142805576,-0.0066419222325086,0.0043522266930202
1775068780951865000,228.6768649902344,-0.0016296470284461,0.0322650237888097,0.0246899169259937
1775068780961905200,228.6869052734375,0.1445958102002739,0.057100774359703,0.0488858717560069
1775068780971944400,228.6969443359375,-0.0060436640784144,0.1072235264003276,0.0578497295634821
1775068780981984300,228.706984375,-0.1185749414980411,0.0985533132106065,0.0634891693557146
1775068780992023300,228.71702319335935,-0.0026744799062609,0.069846274164319,0.0637986919626127
1775068781002063400,228.7270634765625,0.0818541073441505,0.0595814852595329,0.0420060810804367
1775068781012102400,228.73710229492187,0.0368976520255208,0.0463712905526161,0.0167345329081639
1775068781022142200,228.74714208984372,-0.0298667304754257,0.0638379736602306,-0.0102884529081638
1775068781032181200,228.75718115234372,-0.0001133972465991,0.0329062443017959,0.0174198482912033
1775068781042221300,228.76722119140624,0.0627434564217925,-0.0100204587548971,0.0863668629277031
1775068781052260000,228.77726000976563,0.0860097657188773,0.0140443074434995,0.1236891335734631
1775068781062300200,228.7873000488281,0.084171444375813,0.0351508083581924,0.0972403948479797
1775068781072339200,228.7973391113281,0.0846609814584255,0.0275713130146265,0.0366926949047949
1775068781082378500,228.80737841796875,0.0754994776204228,0.0162619834929704,-0.0064080860771704
1775068781092418300,228.81741821289063,0.0517968227326869,-0.0142120652258396,-0.0345206480953376
1775068781102457300,228.82745727539063,0.0298293210744857,-0.0291091901063919,-0.034644511937024
1775068781112497400,228.83749731445312,0.033836803150177,-0.0270832372367382,-0.0254935386261902
1775068781122536200,228.8475361328125,0.0015641805768013,-0.0321095409661531,-0.0105442634332925
1775068781132576300,228.857576171875,-0.0233361596629023,-0.0047194297373294,0.024642292091716
1775068781142615300,228.867615234375,0.0069604866623878,0.0118973585426807,0.0812028586274944
1775068781152655400,228.8776552734375,0.0285386967420578,0.053950785896182,0.0708047074003145
1775068781162694100,228.88769409179687,0.036484979571402,0.1009118590354919,0.0341909503500908
1775068781172734200,228.89773413085936,0.0634720629572868,0.1227437516152858,0.0208489094244316
1775068781182773200,228.90777319335936,0.1045510923206806,0.1209621288955211,0.0149873969798907
1775068781192813300,228.91781323242188,0.1079226145803928,0.0957721580594778,-0.0313278160039335
1775068781202852400,228.92785229492188,0.0777311821952462,0.0462082089453935,-0.0203955396337434
1775068781212892400,228.9378923339844,0.0381415146067738,0.0258837983191013,-0.0239738182456232
1775068781222931500,228.9479313964844,0.0001183656826615,0.0199380416572093,-0.0239172840191051
1775068781232970200,228.95797021484373,-0.0020072481691837,0.0090513214617967,0.002826309467107
1775068781243010300,228.96801025390624,0.031882161951065,0.0057008419901132,0.0082447725855745
1775068781253049300,228.97804931640624,0.0535609097957611,-0.0025479309171438,0.0408096561037935
1775068781263089200,228.9880891113281,0.0809083509266376,0.0053302551120519,0.0150994790522381
1775068781273128200,228.9981281738281,0.1149699027433991,0.0324088161736726,-0.007726484332513
1775068781283168300,229.00816821289064,0.1110332939468324,0.0442529832243919,0.0199830498427152
1775068781293207300,229.01820727539064,0.0948994668781757,0.0636117636889219,0.0364350212161429
1775068781303247000,229.0282470703125,0.0752675685606896,0.0473065255761146,0.0603399389440193
1775068781313286400,229.03828637695312,0.0441768492482602,-0.001254968497157,0.0138990720202215
1775068781323326500,229.0483264160156,-0.0096750063180923,-0.04985153388381,0.0105761381425894
1775068781333365200,229.058365234375,-0.0247787596866488,-0.0112824415147304,0.1067925511045381
1775068781343405300,229.0684052734375,0.022853636842966,0.0256090730309486,0.1358659575114958
1775068781353444400,229.0784443359375,0.0607680646955966,0.0787988114267587,0.0980720324996858
1775068781363483100,229.08848315429688,0.1051215856850147,0.1162894609093666,0.1063699600446037
1775068781373523200,229.09852319335937,0.1708975416705012,0.1303524730533361,0.0541418514888733
1775068781383562200,229.10856225585937,0.2187114322468638,0.1258826341629028,0.0257276579093188
1775068781393602300,229.11860229492189,0.2809234121404588,0.1141986261099577,0.0203880321807228
1775068781403641300,229.12864135742188,0.1869545041106641,0.0859159499555826,-0.0018471622366458
1775068781413681200,229.1386811523437,0.0117966746471822,0.0680634824007749,0.0820285505956038
1775068781423720400,229.1487204589844,0.1441770002663135,0.0751268449157476,0.1123470616928301
1775068781433760300,229.15876025390625,0.2313759757697582,0.0597884060084819,0.0849121249415911
1775068781443799300,229.16879931640625,0.1279907123580574,0.0376928940564394,0.0039271651147864
1775068781453839400,229.17883935546877,-0.1067334047958254,0.0642640901178121,-0.0284124582801945
1775068781463878400,229.18887841796877,-0.0866983325049281,0.0868090994030237,0.0337336715692654
1775068781473918200,229.19891821289065,0.2006219410657882,0.0900806684195995,0.0512163559636101
1775068781483957200,229.20895727539065,0.2376201308563351,0.1231616847664117,0.1044901376473717
1775068781493996300,229.21899633789064,0.0661491732120513,0.1746902119517326,0.1320101223335601
1775068781504036000,229.2290361328125,0.0839762140646576,0.1929991911023855,0.035863559737429
1775068781514075400,229.23907543945316,0.0529743420794606,0.1533902342915535,-0.019993388573639
1775068781524115200,229.249115234375,-0.0305392229095101,0.1346194828480482,-0.0216238027870655
1775068781534154500,229.2591545410156,0.0138110832095146,0.0874696091383695,-0.0405174134252592
1775068781544194300,229.2691943359375,0.1099533897556364,0.0144300918906927,0.029827348313108
1775068781554233300,229.2792333984375,0.1587000311374664,-0.0160492175251245,0.0852581436339765
1775068781564273400,229.2892734375,0.1005031321041285,0.0011129296779632,0.0971644526680931
1775068781574312200,229.29931225585935,0.0076432082295417,0.0294809460282325,0.0731992378540337
1775068781584352300,229.3093522949219,0.0333083953619003,0.045675709503889,0.0596557926047593
1775068781594391300,229.31939135742184,0.1360651516117155,0.0541886863052845,0.0735389546697959
1775068781604431400,229.3294313964844,0.1982655871979892,0.0565372952580451,0.0942939387330785
1775068781614470100,229.33947021484371,0.193043030244112,0.0479553448736667,0.047127132154908
1775068781624510200,229.34951025390623,0.1457179460979998,0.0479267033010721,-0.0203009566854685
1775068781634549500,229.35954956054687,0.1071386245958507,0.0629787264823913,-0.0529358549662865
1775068781644588300,229.36958837890623,0.1204806289888918,0.0645469987124204,-0.0760681260875426
1775068781654628400,229.37962841796875,0.1588845939241349,0.0787193164497613,-0.0684278404674492
1775068781664667400,229.38966748046877,0.1975767281509935,0.0738303753644227,-0.0298683744432404
1775068781674707500,229.3997075195313,0.1828700112760067,0.0439402640134096,0.0008755407255142
1775068781684746200,229.40974633789065,0.1802314794659614,0.0208037185758352,0.0380707326591946
1775068781694786300,229.4197863769531,0.1736078235425054,0.0135690911471843,-0.0119257991858758
1775068781704825300,229.4298254394531,0.1504525734044611,-0.0247165081053972,-0.0098586375229991
1775068781714865200,229.439865234375,0.1146319029606878,-0.037820319828391,-0.0176499855189584
1775068781724904200,229.449904296875,0.0418950219213962,-0.0665238517433405,-0.0319102007354609
1775068781734944300,229.4599443359375,0.0180021051585674,-0.0630213965803384,-0.0435811301111243
1775068781744983600,229.4699836425781,0.2165560077786445,0.0057680620074272,-0.0114157855708152
1775068781755023400,229.4800234375,0.1913468938507139,0.0553846180915832,-0.0404534082783386
1775068781765062400,229.4900625,-0.0189737266696989,0.1045674589335918,-0.0347370947244577
1775068781775101400,229.50010131835936,0.0031562720738351,0.1444581552952528,-0.0256742289553396
1775068781785141200,229.51014135742187,0.1116482109747827,0.1412216575920581,-0.0152082366563379
1775068781795180300,229.5201801757813,0.1576562211729586,0.1486953544735908,0.011330810701102
1775068781805220400,229.5302204589844,0.1005145302809774,0.1677647966027259,-0.0572229942335747
1775068781815259100,229.5402590332031,0.0511632010042667,0.1710632536262273,-0.0910023315754719
1775068781825299200,229.55029931640624,0.0874000510334968,0.1032137062370777,-0.030489301086869
1775068781835338200,229.56033813476563,0.0941958486534655,-0.035373511198163,0.0235783526546321
1775068781845378300,229.57037841796875,0.0496646330095827,-0.0295505041331052,0.0556635994297452
1775068781855417300,229.5804172363281,0.073414926431328,-0.0371533803522586,0.0417808026908896
1775068781865457400,229.59045751953124,0.0824281078398227,-0.0793131906896829,-0.0176497297906316
1775068781875496400,229.60049633789063,0.0842705208361148,-0.1064215623676776,-0.0956660490701906
1775068781885536500,229.61053662109376,0.068290861415863,-0.1057423479318618,-0.1513659436560235
1775068781895575300,229.6205751953125,0.105892131666094,-0.0774900669157505,-0.1215431071212515
1775068781905615400,229.63061547851564,0.1449507611177861,-0.0136614456057548,-0.0996702432102523
1775068781915654400,229.640654296875,0.1437747030757367,0.0659580345541238,-0.0387749902047216
1775068781925693200,229.6506931152344,0.1165289687536656,0.1309533615559339,-0.0246333416002802
1775068781935733200,229.66073315429688,0.0743311644934117,0.1765922461807727,-0.030945374291297
1775068781945772300,229.67077221679688,0.0470374993763864,0.1487169817835092,-0.0485312176660168
1775068781955812000,229.6808120117188,0.0633969518944621,0.1075040969073772,-0.0685828209666069
1775068781965851400,229.69085131835936,0.0583433217667043,0.0468260485827922,-0.0448388750872574
1775068781975891500,229.70089135742188,0.0928477950453758,0.0137035311818122,-0.0593314925538375
1775068781985930200,229.71093017578124,0.1004078550361096,-0.0023754969596862,-0.079406960787205
1775068781995970300,229.72097021484376,0.102371994715929,0.002622165197134,-0.0589876566853839
1775068782006009300,229.73100927734376,0.1088262854218482,0.0280839387118816,-0.0642628114761784
1775068782016049400,229.74104931640625,0.1387139125548303,0.0530973839372396,-0.1066548961995169
1775068782026088200,229.75108813476564,0.1755177488170564,0.0567062220841646,-0.1233640389380976
1775068782036128300,229.76112817382813,0.1719546495079994,0.0521831917017698,-0.1235190377035643
1775068782046167300,229.77116723632813,0.1525624051652848,0.0260053788721561,-0.1064993585779331
1775068782056206300,229.78120629882807,0.0932801951132714,-0.0152864164590835,-0.0871093061923049
1775068782066246100,229.79124609375,0.0403553912639617,-0.0304606047153472,-0.0866718920225743
1775068782076285400,229.8012854003906,0.0185724523924291,-0.0142442139297723,-0.0892067533955909
1775068782086325500,229.81132543945316,0.0278504222169518,0.0185614926069974,-0.0930687169202137
1775068782096364300,229.8213642578125,0.0355061976671218,0.05322714779675,-0.0259772898554103
1775068782106404400,229.831404296875,0.056676557598263,0.1153413664042949,0.0288850739107583
1775068782116443400,229.841443359375,0.0650360974036157,0.1500105287253856,0.0240744313591741
1775068782126483200,229.8514831542969,0.0663886810563504,0.1358066468060016,-0.0106522287362371
1775068782136522200,229.86152221679689,0.0351741892337799,0.1089893670290708,0.015781549882132
1775068782146562300,229.87156225585937,0.0186988552510738,0.1078454576909542,0.0355843363706721
1775068782156601300,229.88160131835937,0.0348094475746154,0.0838958423048257,-0.0011224195963382
1775068782166641200,229.89164111328125,0.0124793962143361,0.0532394227564334,-0.0355143444409593
1775068782176680400,229.9016804199219,-0.0051671735048294,0.059575640040636,-0.0577826008777134
1775068782186720300,229.9117202148437,0.0212039699397981,0.0583066430181264,-0.0633598438876215
1775068782196759300,229.9217592773437,0.0952314753115177,0.0444581504076719,-0.0408564543875865
1775068782206798300,229.9317983398437,0.2189443642199039,0.0709486824482679,-0.0421648564053
1775068782216838400,229.94183837890623,0.2611936064064502,0.0644891310453414,-0.0836135182321071
1775068782226877200,229.9518771972656,0.0672201634444296,0.0138818103581666,-0.1353979290077928
1775068782236917200,229.96191723632813,0.0246725228331983,-0.0045621933490037,-0.146936409376515
1775068782246956300,229.97195629882813,0.2447897302247583,-0.0876332752674818,-0.075735049075121
1775068782256996400,229.98199633789065,0.1793348228871822,-0.1523065307080745,-0.0787184396669268
1775068782267035100,229.99203515625,0.0190330556415021,-0.088246438729763,-0.0526565539677161
1775068782277075200,230.0020751953125,0.2058300311028957,-0.0172533326178789,-0.035598963117646
1775068782287114500,230.01211450195316,0.228673000421375,0.0021007716715335,-0.0757617818184197
1775068782297154300,230.022154296875,0.0395218630492687,0.0377560224205255,-0.0771822156761307
1775068782307193300,230.032193359375,-0.0443687185585498,0.1083715273916721,-0.0973932929879054
1775068782317233400,230.0422333984375,0.0497382827676832,0.1017313587248325,-0.1285772618080489
1775068782327272400,230.0522724609375,0.1434064542852342,0.0720849930018186,-0.0930208317910321
1775068782337311200,230.0623112792969,0.1338400229081511,0.0526169069439172,-0.0421616369683295
1775068782347351300,230.07235131835935,0.0574256223998963,0.0592605827420949,0.0105943222532514
1775068782357390300,230.08239038085935,-0.0260989023745059,0.0686146865427494,0.0350914976526983
1775068782367430100,230.0924301757813,-0.0309131707884371,-0.0020247838258743,0.0604969744029454
1775068782377469200,230.1024692382813,0.0299473944962024,-0.0398351667821407,0.0818058751550968
1775068782387509200,230.11250927734372,0.0822959328275173,-0.0171516258090734,0.0570394543602131
1775068782397548500,230.1225485839844,0.0377949661914259,-0.0024555764585733,-0.0434500602105166
1775068782407588400,230.13258837890623,-0.0242928028006106,0.0415665206193923,-0.0967209375511389
1775068782417627400,230.14262744140623,-0.0144214701928198,0.0698532884269952,-0.0956675012417603
1775068782427667500,230.15266748046875,0.0530441924452781,0.0657037675321102,-0.1121586903807241
1775068782437706200,230.1627062988281,0.1097147586941719,0.0125432552307844,-0.1155328977878671
1775068782447746300,230.17274633789063,0.0919768574297428,-0.0495090040564537,-0.0858765677932649
1775068782457785300,230.18278540039063,0.05187273751311,-0.0655219812244176,-0.0693251911659725
1775068782467825400,230.19282543945312,0.0152162738323211,-0.1112187335163354,-0.0737237549184821
1775068782477864200,230.2028642578125,-0.0218283854484558,-0.1238964287817478,-0.0534404160880949
1775068782487903200,230.2129033203125,-0.0522410593688488,-0.0950105260372161,-0.0207516413287259
1775068782497943300,230.222943359375,-0.0334533567905426,-0.0736655401915311,-0.066341736642085
1775068782507982300,230.232982421875,-0.0464754085142165,-0.0271457810789346,-0.0938953404700849
1775068782518022400,230.2430224609375,-0.0551135460652411,0.0229734638303518,-0.0787677952339872
1775068782528061700,230.2530617675781,0.1173509526610374,0.0850035112857818,-0.0369981806573923
1775068782538101500,230.2631015625,0.0680946081914007,0.091972765776515,-0.0452015343871898
1775068782548140500,230.273140625,-0.1396598151028156,0.0635042116612196,0.0020465937988832
1775068782558180600,230.2831806640625,-0.1736498360533267,0.0446773461163043,0.0131670496849343
1775068782568219400,230.29321948242188,-0.100473467618227,-0.010643559089303,0.014671426365897
1775068782578259500,230.3032595214844,-0.0303846899349242,-0.0332896906614303,-0.0063411491876468
1775068782588298500,230.3132985839844,-0.0209025027751922,-0.0383943203240633,-0.0641808505474589
1775068782598338600,230.32333862304688,-0.0529261190235614,-0.0387391882389783,-0.0518484067894518
1775068782608377300,230.33337744140624,-0.071793316578865,-0.0567611671417951,0.0059203938917722
1775068782618416600,230.34341674804688,-0.0459329722005873,-0.0430821858793497,0.0481692250863648
1775068782628456700,230.35345678710937,-0.0446434438467025,-0.0685971508860588,0.0370876125065144
1775068782638495500,230.3634956054688,-0.0353542950410395,-0.0682172116577625,-0.0311397552190814
1775068782648535600,230.37353564453124,-0.0541571951884776,-0.0817635064512491,-0.0829878971470519
1775068782658574600,230.38357470703124,-0.0313175138056278,-0.1017675990819931,-0.1150135044231079
1775068782668614700,230.39361474609376,-0.0117068774718791,-0.0689426033228635,-0.1349018343202304
1775068782678653400,230.4036533203125,-0.0111795656621456,-0.0187853644907474,-0.1064810922688804
1775068782688693500,230.4136936035156,-0.0470035240415483,0.0464653985768556,-0.0563933156435145
1775068782698732500,230.42373266601564,-0.0525577241025865,0.1019751043528318,-0.057340090407757
1775068782708772400,230.4337724609375,-0.0612450345575809,0.1214502046734094,-0.0781515812980942
1775068782718811400,230.44381127929688,-0.0884206262528896,0.0594949760198593,-0.1125593162040226
1775068782728851500,230.4538515625,-0.1099343927942216,0.0020376433074474,-0.0933586854432709
1775068782738890800,230.4638908691406,-0.0907889628194272,0.0155137954741716,-0.0873748617933131
1775068782748930600,230.4739306640625,-0.0920924466334283,0.0266243875533342,-0.0902958638065494
1775068782758969600,230.48396948242188,-0.1002899277448654,0.0229418996483087,-0.0144676234475744
1775068782769008600,230.49400854492188,-0.131127037622407,0.0035480478703975,0.0203791547545231
1775068782779048400,230.50404833984376,-0.1150398992396891,-0.0417173272669315,0.0025460392125125
1775068782789087500,230.51408740234376,-0.1021792486228048,-0.0395218630492687,0.0061408476924407
1775068782799127600,230.52412744140625,-0.1089187129456549,-0.041498131558299,-0.0012989743189536
1775068782809166300,230.5341662597656,-0.1293710608005523,-0.0163677819550037,-0.0160107167122187
1775068782819206400,230.54420629882813,-0.1291546415708959,0.0027945991545915,-0.0006800044536823
1775068782829245400,230.55424536132813,-0.1314320849835872,0.0598223082780838,0.0423794490040512
1775068782839285500,230.56428540039065,-0.1152257772006094,0.0917225904077291,0.0871242845657281
1775068782849324500,230.57432446289064,-0.111750210044533,0.0911515125215053,0.0437925489386776
1775068782859364600,230.58436450195316,-0.1182606148518621,0.0684253014504909,0.0262970370288006
1775068782869403600,230.59440356445316,-0.125613754093647,0.0441664739847183,0.0368216093809343
1775068782879443700,230.6044436035156,-0.0919897169113159,0.0466769955009222,0.0291365530373528
1775068782889482500,230.614482421875,-0.0905167948145419,0.0141425071209669,-0.0039521899581886
1775068782899521500,230.624521484375,-0.1324164198458194,-0.0259147779792547,-0.0283975164393894
1775068782909561600,230.6345615234375,-0.1863724664390087,-0.0285913037121295,0.0726907220763154
1775068782919600400,230.6446003417969,-0.1252023237485438,-0.0197603470027446,0.0657473052797373
1775068782929640400,230.65464038085935,-0.0769137283325195,-0.0137678285896778,0.020020596240973
1775068782939679700,230.6646796875,-0.1084486842811107,0.0072936641395092,0.0037151480656117
1775068782949719600,230.67471948242184,-0.1318541828531771,-0.003864274212718,-0.0231682192174717
1775068782959758600,230.68475854492183,-0.1385340990085154,-0.0195399822503328,-0.0374413487144745
1775068782969798700,230.6947985839844,-0.0951239963490516,-0.0052986909300088,-0.0313484751994721
1775068782979837400,230.7048374023437,-0.0600339782673865,-0.0281213481128215,-0.0190076106729917
1775068782989877500,230.71487744140623,-0.061457873590663,-0.0479255342572927,0.0139271656035445
1775068782999916500,230.72491650390623,-0.0714414344012737,-0.0224058930754661,0.0628932036234065
1775068783009956600,230.73495654296875,-0.1647076740544289,-0.0168821612179279,-0.0534173366066068
1775068783019995400,230.7449953613281,-0.2877694786429405,0.0222205996364355,-0.0649239422660321
1775068783030035500,230.75503540039065,-0.1199509060263633,-0.0005962123274803,-0.0082666008248925
1775068783040074500,230.76507446289065,0.01950089234896,-0.0077180270314216,-0.0222189008696936
1775068783050113500,230.77511352539065,-0.1302840109270066,0.0098258129656314,0.0112327023551799
1775068783060153600,230.7851535644531,-0.0825145440142601,-0.0020838205367326,0.0155140329361893
1775068783070192600,230.79519262695317,0.03826981716156,-0.0385012878298759,0.0157023768488317
1775068783080232700,230.80523266601563,-0.0526688563268631,-0.041321021425724,-0.0527633296772837
1775068783090271500,230.815271484375,-0.218584298735857,0.0135234984397888,-0.0442866845645941
1775068783100311600,230.8253115234375,-0.269795430535078,0.0131003045916557,-0.0014600991478189
1775068783110350600,230.8353505859375,-0.0795732298653572,-0.0264946236938238,-0.0582190377999097
1775068783120390400,230.84539038085936,0.0400386534649878,-0.0322463190883398,-0.0511935230772942
1775068783130429400,230.85542944335936,-0.0368751479327678,-0.0245581026732921,-0.0361269051150418
1775068783140469500,230.86546948242187,-0.13961422239542,-0.0327957696646451,-0.0028013028900139
1775068783150508500,230.87550854492187,-0.1313736327946186,-0.0869885476231575,-0.0200328072685748
1775068783160548400,230.88554833984372,-0.0745976334098726,-0.0928144772976636,0.0195295156552456
1775068783170587600,230.8955876464844,-0.0477389987092465,-0.0927683000683784,0.0424996184847317
1775068783180627700,230.90562768554688,-0.0734451754391193,-0.0348135392278432,0.0072675067849457
1775068783190666500,230.91566650390624,-0.1250829351525753,-0.0221048643022775,-0.080777491088584
1775068783200705500,230.92570556640624,-0.1339583885908127,-0.0615361264586448,-0.1411603558588773
1775068783210745600,230.93574560546875,-0.0937082112669944,-0.0350204599767923,-0.1133550696915946
1775068783220784400,230.9457844238281,-0.0552699787359684,-0.0138935007959604,-0.0824768240860663
1775068783230824400,230.95582446289063,-0.0705706429161131,-0.0035462943047285,-0.0274053635968826
1775068783240863500,230.96586352539063,-0.0873579654574394,-0.0176233349740505,0.0021180150672793
1775068783250903600,230.97590356445312,-0.0871628082115203,-0.0379980144828557,0.0183551015810109
1775068783260942300,230.9859423828125,-0.0839677384972572,-0.0376069693386554,0.0019988821996375
1775068783270982400,230.995982421875,-0.064413070134446,-0.0459013349533081,-0.0350923927018418
1775068783281021700,231.00602172851563,-0.0178232414603233,-0.0676648384720087,-0.064124024059996
1775068783291061800,231.0160617675781,-0.0469103658653795,-0.0598369213253259,-0.1103322695380076
1775068783301100500,231.0261005859375,-0.1415326963026076,-0.0405471144437789,-0.0976202153452672
1775068783311140600,231.036140625,0.0008031330764293,-0.0019388591080904,-0.0521779127384536
1775068783321179600,231.0461796875,0.0671602499507367,0.0019219079732894,-0.0784147074799984
1775068783331219500,231.05621948242188,-0.0928582433741539,0.0085685063809156,-0.0418591834230348
1775068783341258500,231.06625854492188,-0.095553912198916,0.0101017072975635,-0.0521871554908342
1775068783351297500,231.07629760742188,-0.0318820888858288,-0.0211222830057144,-0.0748389313524588
1775068783361337300,231.08633740234376,0.0239701467175036,-0.0236100081682205,-0.0447547952666878
1775068783371376600,231.0963767089844,0.0357423445105552,0.0004021510601043,-0.0785444165405817
1775068783381416400,231.10641650390625,-0.0129109194993972,0.014077040669322,-0.0873824971104972
1775068783391455500,231.11645556640624,-0.0318131153028458,0.0100666359841823,-0.0219705886644311
1775068783401495600,231.1264956054688,-0.0460625899296253,0.0089046064674854,0.0038946328183636
1775068783411534600,231.1365346679688,-0.0295277077794075,0.0334913507133722,-0.0110173060388304
1775068783421574700,231.14657470703125,-0.034394437032938,0.0266226339876651,-0.0069543491825461
1775068783431613400,231.1566135253906,-0.0060251785736531,0.0139122054964303,-0.0265848957931622
1775068783441653500,231.16665356445316,0.041975685942173,-0.0439659829765558,-0.0516849415897391
1775068783451692500,231.17669262695316,0.0601485445577651,-0.0960159036874771,-0.0661016077432781
1775068783461732600,231.1867326660156,0.040046690640971,-0.1130541322499513,-0.0720902902314439
1775068783471771400,231.196771484375,-0.0051986646216362,-0.0832961228460073,-0.0186571167348884
1775068783481811500,231.2068115234375,-0.0255026900470256,-0.0318897607356309,-0.0034097171119414
1775068783491850500,231.2168505859375,-0.0528430438499897,0.0088373864501714,0.0164249920349568
1775068783501889500,231.2268896484375,-0.0218809924185276,0.0516197126001119,0.0162127923226915
1775068783511929600,231.2369296875,-0.0061795654177665,0.0970534300416707,0.0084326781067997
1775068783521968600,231.24696875,0.0064425272028893,0.1270312196761369,-0.0255836463287472
1775068783532008000,231.2570080566406,0.0207294112306088,0.1185422082722187,-0.0518502334203571
1775068783542046700,231.26704663085937,0.017129998499155,0.0960007061183452,-0.0505808893379755
1775068783552086800,231.27708666992189,-0.0125752578042447,0.0583452214628458,-0.0593037460303865
1775068783562125800,231.28712573242188,-0.0422667778432369,0.002291910329461,-0.0930777678763493
1775068783572165600,231.2971655273437,-0.0190144970715045,-0.0449035560876131,-0.0895609553944319
1775068783582205000,231.3072048339844,-0.0023683365665376,-0.0685737700104713,-0.0751433393928222
1775068783592244700,231.31724462890625,-0.0114658352576196,-0.0456973368138074,-0.0644982094009406
1775068783602283800,231.32728369140625,-0.007525134807825,-0.0271697464764118,-0.0719433195088058
1775068783612323800,231.33732373046877,0.0019920506000518,0.0073842650324106,-0.0639152949464507
1775068783622363000,231.34736279296877,0.0273090088166296,0.0106698625743389,-0.0333155192224308
1775068783632403000,231.35740283203128,0.0093115798331797,0.0308674319505691,-0.0293306325710378
1775068783642441700,231.36744165039065,0.0151661510802805,0.0314782573252916,-0.0120725507128052
1775068783652480800,231.37748071289064,0.0310334361672401,-0.0223866038531064,-0.0114850148821249
1775068783662520800,231.38752075195316,0.0200888483047485,-0.0496428595691919,-0.0485563795067369
1775068783672559600,231.3975595703125,-0.0128992290616035,-0.0379243647247552,-0.0644741070061456
1775068783682599700,231.407599609375,-0.0360194809515029,-0.0134328975468873,-0.0671747716664336
1775068783692639000,231.4176389160156,-0.0025964462339878,0.014157120168209,-0.0426768473483156
1775068783702679000,231.4276789550781,0.045859395507723,0.0523369209587573,-0.0058446161086671
1775068783712717800,231.4377177734375,0.053077071801573,0.0550327359139919,0.0276072885103058
1775068783722758000,231.4477578125,0.0537467877566814,0.0499269372075796,0.0219942983335815
1775068783732797000,231.457796875,0.0459831680178642,0.0123123690843582,-0.0116643078386317
1775068783742836700,231.4678366699219,0.0390413860559463,-0.0305938757061958,-0.0460937522528693
1775068783752875800,231.47787573242184,0.0236437643073499,-0.0588584316819906,-0.0573557903003878
1775068783762915800,231.4879157714844,0.0437000255167484,-0.0940022257775068,-0.0274252647405955
1775068783772954600,231.49795458984372,0.0700165161646902,-0.0936626185595989,0.0370740771715063
1775068783782994700,231.50799462890623,0.0960593044377863,-0.0578267505466938,0.0199519240520894
1775068783793033700,231.51803369140623,0.0634932518757879,0.0015939911931753,-0.0382172741235699
1775068783803073000,231.52807299804687,-0.0840226835548877,0.0345242008924484,-0.1055730740458704
1775068783813112800,231.53811279296875,-0.0431893725808709,0.0396054496794939,-0.0669243953682482
1775068783823151900,231.54815185546877,0.0828396112501621,0.0007201309680938,-0.0570212976490147
1775068783833192000,231.5581918945313,-0.0296307297624647,-0.000656418082118,-0.032657091846317
1775068783843230700,231.56823071289065,-0.0597734276350587,0.0497334604620933,0.0315695888705551
1775068783853270800,231.5782707519531,0.1238052433669567,0.0548842673540115,-0.0146329757853411
1775068783863309800,231.5883098144531,0.1418538910809904,0.0465472316414117,-0.050192721137451
1775068783873350000,231.59834985351563,-0.0606491144910454,0.060642392489314,-0.0510413464565761
1775068783883388700,231.608388671875,-0.1525520299017429,0.0725198772877454,-0.0604124105251859
1775068783893428700,231.6184287109375,-0.0814464033260941,0.0542068064838647,-0.0901564827353227
1775068783903467800,231.6284677734375,0.0904464329920709,0.0025274726510047,-0.0627134540091734
1775068783913507800,231.6385078125,0.1115643320836126,-0.0348655616760253,-0.0763181827253196
1775068783923547000,231.648546875,-0.0162907711960375,-0.0154214410156011,-0.0732537445202469
1775068783933587000,231.6585869140625,-0.086896193164587,-0.0249357038140296,-0.018225173324719
1775068783943626000,231.6686259765625,-0.0594109509982168,-0.0466150361806154,0.0347488764937967
1775068783953664800,231.67866479492187,-0.0358968044199049,-0.0675870970606803,0.063225723513402
1775068783963704800,231.6887048339844,-0.0124327805936336,-0.0762350984185934,0.0581920219288207
1775068783973743900,231.6987438964844,-0.0193359841108322,-0.0662742608964443,0.0009612097149714
1775068783983783700,231.70878369140624,-0.0319220555700361,-0.0404939229518175,-0.0995762630501762
1775068783993822700,231.71882275390624,0.0417266796171665,-0.0017009586989879,-0.1127243523063138
1775068784003862800,231.7288627929688,0.1485655906140804,0.0574263530522584,-0.1228378231069073
1775068784013901800,231.73890185546875,0.1740552750490605,0.1141536179244518,-0.1579642276762053
1775068784023941600,231.74894165039063,0.1437782102070748,0.141745973727107,-0.1007638471332378
1775068784033981000,231.75898095703124,0.1077868593715131,0.1211912614762783,-0.0756292232136242
1775068784044021000,231.76902099609376,0.0578102378033101,0.0814940418601036,-0.0785936259771697
1775068784054059800,231.77905981445312,0.0150268887400627,-0.0088666125446557,-0.0684028521566651
1775068784064099800,231.78909985351564,0.0179201259635388,-0.0800239693075418,-0.123026952470839
1775068784074139000,231.79913891601564,-0.0619556670449674,-0.1005073698878288,-0.1697282969617284
1775068784084177700,231.809177734375,-0.1499460851870477,-0.0696212332367897,-0.1893255988898687
1775068784094217700,231.8192177734375,0.0178325938105583,0.0001028758525848,-0.1220450104950927
1775068784104256800,231.8292568359375,0.1543148017905652,0.0891121156483888,-0.1094425541566684
1775068784114296800,231.839296875,0.0131916361369192,0.1324894850820303,-0.1082663499841466
1775068784124335900,231.8493359375,0.0396400826014578,0.0974041431754827,-0.0623060513852164
1775068784134376000,231.8593759765625,0.1539630657434463,0.0572322917848825,-0.086091817979142
1775068784144415000,231.8694150390625,0.1572584540270268,0.0137286656230688,-0.1128071352189406
1775068784154454800,231.8794548339844,0.1047438384138047,-0.0156447283774614,-0.1272432549916207
1775068784164493800,231.8894938964844,0.0433610028207302,-0.0310398659080266,-0.1235147725204005
1775068784174534000,231.89953393554688,0.0516390018224716,-0.0339350028276443,-0.0557420897597447
1775068784184573000,231.90957299804688,0.0269862066030502,-0.0474468108296394,0.0116363695189356
1775068784194612700,231.9196127929688,0.0250621066726744,-0.017081483182311,0.0541565741339698
1775068784204651800,231.9296518554688,0.0183083946287631,0.0145914199322462,0.0243392722908407
1775068784214691800,231.93969189453125,0.02394187047109,0.071069678479433,-0.0281525104360654
1775068784224730600,231.9497307128906,0.0404806250788271,0.1047726261168718,0.0010761778641492
1775068784234770000,231.95977001953125,0.1038952587604522,0.0952834977596998,-0.0635834143772721
1775068784244810000,231.9698100585937,0.1164085572443902,0.1441442670404911,-0.0608708309503272
1775068784254848800,231.97984887695316,0.0876455502271652,0.1184247193723917,0.0457168817644938
1775068784264888800,231.9898889160156,0.0247850432969629,0.1051432129949331,-0.0347796004256233
1775068784274927900,231.9999279785156,-0.0690166914723813,0.0781020613342523,0.1062529278025031
1775068784284968000,232.00996801757813,-0.0641758273124694,0.051388241931796,0.1589172540847212
1775068784295006700,232.0200068359375,-0.0164718268513679,-0.0066319853603839,0.0607909341145306
1775068784305046800,232.030046875,0.0235796130299568,-0.0162725048869848,0.0754013510081917
1775068784315085800,232.0400859375,0.0508672867976129,0.0014116203635931,0.0916937296394258
1775068784325126000,232.0501259765625,0.0615397797204554,-0.0024900632500648,0.0640004707455635
1775068784335164700,232.06016455078125,0.1392003808975219,-0.0035661680489778,0.1027944213790819
1775068784345204700,232.0702048339844,0.1325252870477735,-0.0339940395385026,0.0224187890896573
1775068784355244000,232.080244140625,0.0732723030902445,-0.0383539883136749,-0.0295157250806689
1775068784365283800,232.0902839355469,0.0560379674337804,-0.0174064773529767,-0.0252424316756427
1775068784375323000,232.1003229980469,0.099234135081619,-0.0033820436537265,-0.0399187534123659
1775068784385362000,232.11036181640625,0.1029364967308938,-0.0082435122102499,0.0058431730702519
1775068784395401700,232.12040161132813,0.13318462773934,-0.0137783499836921,-0.0291588379343971
1775068784405440800,232.13044067382813,0.1281564243137836,0.024310265392065,-0.0212502932995557
1775068784415480800,232.14048071289065,0.0889934577047824,0.0328062910586595,0.0004603840533643
1775068784425519600,232.15051953125,0.0524184617623686,0.0282487738847732,-0.0690991821240633
1775068784435559700,232.1605595703125,0.0047847500585019,0.0815507404834032,-0.0497379539741203
1775068784445598700,232.1705986328125,-0.0357994815252721,0.1339127958834171,0.016756744739972
1775068784455638800,232.180638671875,-0.005976297930628,0.1350531980901956,0.052605033843033
1775068784465677800,232.190677734375,0.0183867205619812,0.129537649539113,0.0332533772390335
1775068784475718000,232.2007177734375,-0.0048155835881829,0.1428057119131088,0.0540154486302286
1775068784485757000,232.2107568359375,-0.0177650815322995,0.0901870514035224,0.0239519534736871
1775068784495797000,232.220796875,0.0304758022844791,0.0403162282973527,0.0618896526040509
1775068784505835800,232.23083569335935,0.1059717727735638,0.0210755212545394,0.1301009825102984
1775068784515875800,232.24087573242187,0.0945616132259368,0.0390899013727903,0.0767948877258226
1775068784525915100,232.2509150390625,0.0946072059333324,0.0663718760520219,0.0698374698033556
1775068784535954000,232.26095385742187,0.1195147065661847,0.1098901152610778,0.0349983942754566
1775068784545994000,232.2709938964844,0.1506555486306548,0.1310059685260057,-0.051962169362232
1775068784556033000,232.2810329589844,0.1820958120331168,0.0755740041613578,0.0137716279819607
1775068784566072800,232.29107275390623,0.1925239748060703,-0.0048071080207824,0.1399417738493532
1775068784576112000,232.30111206054687,0.1410439629375934,-0.0388911639302968,0.026351561961323
1775068784586152200,232.3111520996094,-0.0271548411682248,-0.017971125498414,-0.0117900987759232
1775068784596191000,232.32119091796875,-0.1180839431107044,0.0111520931333303,0.0048329000491648
1775068784606231000,232.33123095703124,0.1295706750258803,0.0666904404819011,0.0392310634091496
1775068784616270000,232.34127001953124,0.3833002291619777,0.0584095188707113,0.0184100283723324
1775068784626310100,232.35131005859373,0.2508651046156883,0.0613952566832304,0.0176658589415252
1775068784636349000,232.36134887695312,0.0700046795964241,0.0905810191571712,-0.0296622939445078
1775068784646389000,232.37138891601563,0.0628428251430392,0.0922241101890802,-0.0899733355876058
1775068784656428000,232.38142797851563,0.0419837231181561,0.099261169219017,-0.0808205995779484
1775068784666468000,232.3914680175781,0.0434556953668594,0.0950216319531202,-0.0679758041173219
1775068784676507000,232.4015068359375,0.1224734102413058,0.0870259570240974,-0.0549235764510929
1775068784686546200,232.4115461425781,0.2008309076413512,0.0833884773045778,-0.0502394372228533
1775068784696586200,232.42158618164063,0.2086284296497702,0.0738537562400102,-0.0402326416671276
1775068784706625000,232.431625,0.078144585301727,0.0775491036266088,-0.0370056424446404
1775068784716665000,232.4416650390625,0.0100911859035491,0.0760872143805027,-0.0483540618676692
1775068784726704000,232.4517041015625,0.0867414409942925,0.0430681573539972,0.0208221310153603
1775068784736744000,232.4617438964844,0.2504007019743323,0.0444417837947607,0.1020877709470689
1775068784746783000,232.4717829589844,0.3384662311792373,0.0479869090557098,0.1034399162083864
1775068784756823000,232.48182299804688,0.3623766835987567,0.0431938295602798,0.02507723117657
1775068784766861800,232.49186181640624,0.3746016666606068,-6.25438421964e-05,-0.0651632309146225
1775068784776902000,232.5019018554688,0.3325153599508106,-0.0325263050734996,-0.1675982809294015
1775068784786941000,232.5119409179688,0.2736848391890525,-0.0446352605402469,-0.2474149641618132
1775068784796981000,232.52198095703125,0.208644650132209,-0.0480856932550668,-0.2336580222923308
1775068784807020000,232.53202001953125,0.2125764366231858,-0.0643944384992122,-0.141768843146041
1775068784817060000,232.54206005859376,0.272772838910669,-0.0838502495974302,-0.0550900921244174
1775068784827099100,232.55209912109376,0.2817066714726388,-0.0796451991230249,0.0103504944268614
1775068784837138000,232.56213793945312,0.2191486546203493,-0.0320773922622203,0.0164249189697206
1775068784847178000,232.5721779785156,0.0814721222892403,-0.0009726444244384,-0.0488647878687828
1775068784857217000,232.58221704101564,-0.072481591103971,0.0655377633154392,-0.1506861629646271
1775068784867257000,232.59225708007813,-0.1945464205443859,0.098272742703557,-0.1859174161478877
1775068784877295900,232.6022958984375,-0.0336817587189376,0.1170411560595035,-0.1017056397616863
1775068784887336000,232.6123359375,0.1830208179235458,0.1608960798770189,-0.0429652084361761
1775068784897375200,232.6223752441406,0.0567367633529007,0.2011778213828802,0.0247100783646106
1775068784907415000,232.6324150390625,0.0311525325022637,0.2187356899052858,0.0365806950308382
1775068784917454000,232.6424541015625,0.0867171833358705,0.2183347078889608,0.0936019013483077
1775068784927494100,232.652494140625,0.070321782721579,0.2133890681803226,0.1262212184675037
1775068784937533200,232.662533203125,-0.0536623243436217,0.1973117936044931,0.0484055728591978
1775068784947573000,232.6725729980469,-0.1904907154127955,0.1865717884033918,0.0130334499005228
1775068784957612000,232.6826120605469,-0.1828868162803351,0.1717506513684988,0.0543941457495093
1775068784967652000,232.69265209960935,-0.0635232086226344,0.1320528472304344,0.0555940230585634
1775068784977691000,232.70269091796877,-0.0081315762683749,0.100866850849986,0.0898741860620677
1775068784987730000,232.71272998046877,-0.0454731726691126,0.102334585314989,0.0752117467202246
1775068784997770000,232.72277001953125,-0.0642877632543444,0.1166623858749866,0.0346237888094037
1775068785007809000,232.73280908203125,-0.0430672805711627,0.1478004514604806,-0.0042646717071533
1775068785017849000,232.7428491210937,0.0170204006448388,0.1671533867061138,-0.0147523095823824
1775068785027888000,232.7528881835937,0.0415232659995555,0.1773831042975187,0.001951572459191
1775068785037928200,232.76292822265623,0.0701471568070352,0.1755599805235862,0.0269772195789963
1775068785047967000,232.7729670410156,0.1054955335639417,0.1874766282886266,0.0794303142633289
1775068785058007000,232.7830070800781,0.0805778037980198,0.1858662704825401,0.0752967215899378
1775068785068046000,232.7930461425781,0.0646925446629524,0.142872347408533,0.0745641695316881
1775068785078086100,232.80308618164065,0.058201136817038,0.126046300292015,0.1191495995808392
1775068785088125000,232.813125,0.0903252908304333,0.1049187565892934,0.0818451933853328
1775068785098165000,232.8231650390625,0.1323626438319683,0.0933066447287797,0.0671566697541624
1775068785108204000,232.8332041015625,0.1394597624860704,0.1015963341683149,0.0731821405887603
1775068785118243800,232.8432438964844,0.1119289276123046,0.0951607481628656,0.0582861116867512
1775068785128283100,232.853283203125,0.1063828377924859,0.1150076044052839,0.042380832676962
1775068785138322200,232.863322265625,0.1170166061401367,0.0761567724853754,0.0535118830222636
1775068785148362000,232.87336206054687,0.1230094168141484,0.050272974166274,0.0610006313424557
1775068785158401000,232.88340112304687,0.131852063961327,0.0641261429518461,0.066241235409677
1775068785168441000,232.89344116210935,0.1570984411597251,0.066149757733941,0.0571541850473731
1775068785178479900,232.90347998046877,0.1255262219406664,0.1057692359387874,0.0805016698218882
1775068785188520000,232.9135200195313,0.1051416055597364,0.1193126081228256,0.09304266003035
1775068785198559000,232.9235590820313,0.0680126289963722,0.1564922919601201,0.1075223632164299
1775068785208599000,232.93359912109372,0.0537502948880195,0.1467266847491264,0.1381743257854134
1775068785218637800,232.9436379394531,0.0688566786050796,0.1424351250350475,0.1493263458535075
1775068785228678000,232.95367797851563,0.071323360979557,0.1502180339962243,0.1571232102748006
1775068785238717200,232.96371728515624,0.0489734358750283,0.1212403613150119,0.1356658500958234
1775068785248757200,232.97375732421875,0.0262533622838556,0.1443985340625047,0.1252766310937702
1775068785258796000,232.9837961425781,0.0906957315780222,0.1562637439012527,0.1152680089071393
1775068785268836000,232.99383618164063,0.1736089925862848,0.1353857910454273,0.0992437066275626
1775068785278875100,233.00387524414063,0.2306010458745062,0.1079343050181865,0.10585537985228
1775068785288914000,233.01391381835936,0.2009853675507009,0.0837707546204328,0.103499756636843
1775068785298954000,233.0239541015625,0.150666362285614,0.0271001883715391,0.1100903140082955
1775068785308993000,233.03399291992187,0.1587030998773873,-0.0379290408998727,0.1509351692896336
1775068785319033000,233.044033203125,0.1852441930614411,-0.0521533810853958,0.2435067777421325
1775068785329071900,233.05407177734372,0.1518671163775026,-0.0544587354183197,0.2403977788761258
1775068785339112000,233.06411181640624,-0.0226209971308708,-0.0966495254158973,0.0849463012058287
1775068785349151200,233.07415112304687,-0.0470129494570195,-0.0083083941400051,0.0682755907814949
1775068785359191000,233.08419091796875,0.1242892274916172,-0.0177706344902515,0.0980067852437496
1775068785369230000,233.09422998046875,0.2231974916197359,-0.0774029731541872,0.0215167622160166
1775068785379270100,233.10427026367188,0.1677121896326542,-0.020692074894905,0.0630395167589187
1775068785389309000,233.11430883789063,0.2041488000176846,0.0559416674524545,0.1229769027840346
1775068785399349000,233.12434887695312,0.2197299616396427,0.0980997242242097,0.0248808318216353
1775068785409388000,233.13438793945312,0.1061867306984961,0.1305693306744098,-0.0320163097247481
1775068785419428000,233.14442797851564,0.0053834466040134,0.1536415787041187,-0.0637063831698149
1775068785429467000,233.154466796875,0.0234907657027244,0.1579921751290559,-0.0904633110616356
1775068785439506200,233.16450610351563,0.1460604759253561,0.141863462626934,-0.0939706615954637
1775068785449546000,233.1745458984375,0.2514975573003292,0.0935895533233881,-0.0676587740574032
1775068785459585000,233.1845849609375,0.1769464664459228,0.0303460384249687,-0.0804397105015814
1775068785469625000,233.194625,0.0812192435067147,-0.0475736520797014,-0.0383998732820153
1775068785479664000,233.2046640625,0.0525485178828239,-0.1410416248500347,0.0207732503723353
1775068785489704200,233.2147041015625,0.045344723983854,-0.1926601684063673,0.1444512140978127
1775068785499743000,233.22474291992188,0.0275238206110894,-0.142704589626193,0.2515249567639082
1775068785509783000,233.2347829589844,-0.0282068344391882,-0.1180845276325941,0.111392555713281
1775068785519822000,233.2448220214844,-0.0245534264981746,-0.0364753349602222,0.0927594591747969
1775068785529862100,233.25486206054688,0.0410755222320556,0.0990659389078617,0.0940806978411972
1775068785539901200,233.26490112304688,0.0592459696948528,0.1129120934307575,0.0091878073230385
1775068785549941200,233.27494116210937,0.051708121535927,0.1012573114722967,0.037364904211089
1775068785559980300,233.28498022460937,0.0318529358565807,0.0985685107797384,0.0901974997323006
1775068785570020000,233.29502001953125,0.0406896647196263,0.0713946726500988,0.1212587006893008
1775068785580059400,233.3050593261719,0.0509188708543777,0.0293622880846261,0.0897442030068486
1775068785590099500,233.3150993652344,0.0255307470977306,-0.0251087222933769,0.0523487575270235
1775068785600138200,233.3251381835937,-0.0538088201422244,-0.0704910018086433,0.0557709139954298
1775068785610177300,233.33517724609376,-0.0817513776220381,-0.113935006737709,0.0099197748593986
1775068785620217300,233.34521728515625,-0.1019090533792972,-0.1222679507970809,-0.0821757405139505
1775068785630256000,233.3552561035156,-0.1470061592776328,-0.118660866215825,-0.1115332062929868
1775068785640296200,233.36529614257813,0.0162333419203758,-0.0994593221396207,-0.07529957113415
1775068785650335200,233.37533520507813,0.1454828221678733,-0.0739338357388973,-0.0782108554709702
1775068785660375300,233.38537524414065,0.0388414795696735,-0.0407879374623298,-0.1080241021934896
1775068785670414300,233.39541430664065,0.013131941838935,-0.0395651176691055,-0.1465943636063486
1775068785680454100,233.4054541015625,0.028163433688879,-0.0575549478679895,-0.1886194416482001
1775068785690493400,233.41549340820316,0.0156219320237636,-0.1086333931982517,-0.2478410806193947
1775068785700533500,233.4255334472656,0.0105622374814003,-0.1177238776266574,-0.2602910315435379
1775068785710572300,233.435572265625,0.0479950192969292,-0.1141039335638284,-0.2522225836392492
1775068785720612400,233.4456123046875,0.0778360308092087,-0.092677699175477,-0.2164228098530322
1775068785730651400,233.4556513671875,0.1157528698146343,-0.0732961223572492,-0.1347710201479494
1775068785740691200,233.46569116210935,0.1414882726389914,-0.0537333437532186,-0.0862293267536908
1775068785750730200,233.47573022460935,0.1182710631806403,-0.0395680402785539,-0.0951710503611713
1775068785760769300,233.48576928710935,0.0812765997171402,-0.0773819303661584,-0.143826798589155
1775068785770809000,233.4958090820313,0.0425474214155226,-0.1459136148005723,-0.1535647871408611
1775068785780848400,233.50584838867184,0.0112017774939537,-0.2004535987615585,-0.1573666636418551
1775068785790888200,233.51588818359372,0.0041150341033935,-0.2056348007917404,-0.1269205258432775
1775068785800927200,233.52592724609372,0.0232276577871292,-0.1349672733724117,-0.1119629029471427
1775068785810967300,233.53596728515623,0.0510007039189338,-0.0896165580391883,-0.0977731226183474
1775068785821006300,233.54600634765623,0.0299825388748198,-0.0316191271007061,-0.0305499634992331
1775068785831046400,233.55604638671875,-0.010595043772459,0.0258458043962717,-0.021676336691901
1775068785841085200,233.5660852050781,0.0074245970427989,0.0498480267524719,-0.0383720354270189
1775068785851125200,233.57612524414063,0.0304384659487754,0.0417851318061351,-0.0469319931752979
1775068785861164300,233.58616430664063,0.0481026443898677,0.0148041859000921,-0.0477619411934167
1775068785871204400,233.59620434570311,0.0425777434885501,0.0087210665941238,-0.0755300188891589
1775068785881243100,233.6062431640625,0.0044845250029116,-0.0301852949053049,-0.0491933622360229
1775068785891283200,233.616283203125,-0.0289897284451872,-0.0630500381529331,-0.0954754401352256
1775068785901322200,233.626322265625,-0.0264051918447017,-0.0798684864848852,-0.1343235686413943
1775068785911361300,233.636361328125,0.0065898997843265,-0.0921305866867303,-0.1147926464803516
1775068785921401300,233.6464013671875,0.048833296751976,-0.0603133066654205,-0.1183531885061413
1775068785931440400,233.6564404296875,0.0468424882609397,-0.0322889891862869,-0.11705934930332
1775068785941480200,233.6664802246094,0.0372188468039035,-0.0216793323665857,-0.0922531901530921
1775068785951519200,233.6765192871094,-0.0188169286727905,-0.0249099848508834,-0.1008130748361349
1775068785961559300,233.68655932617187,-0.0495792197484523,-0.0325596228212118,-0.081921875350736
1775068785971598300,233.69659838867187,-0.0096283176321536,-0.0086783964961767,-0.058181737996824
1775068785981638100,233.70663818359372,0.002131093744561,0.00438274512887,-0.0368413187284022
1775068785991677200,233.71667724609372,0.0100257194519042,0.0208370363235473,-0.0040960371419787
1775068786001717200,233.72671728515624,-0.0035083003818988,0.05921382099092,0.0218488802472129
1775068786011756300,233.73675634765624,-0.0093956048548221,0.0789677382528781,0.0258895704727619
1775068786021796400,233.7467963867188,-0.0254734639525413,0.0637415275484323,0.0149201769625768
1775068786031835400,233.7568354492188,-0.0352747269988059,0.0188128370195627,0.0184777598462998
1775068786041875500,233.76687548828124,0.0079821578603237,-0.02691197232306,0.0241841913269832
1775068786051914200,233.77691430664063,0.0292306975942105,-0.0469148959100246,0.0492085598051547
1775068786061954300,233.78695434570312,0.0131003045916557,-0.0532078585743904,0.029887992459163
1775068786071993300,233.79699340820312,0.0178371969204396,-0.0591132832258939,-0.0391734514703974
1775068786082032000,233.8070322265625,0.0065606736898422,-0.0644680882573127,-0.0456970810854807
1775068786092072200,233.817072265625,-0.0084334087591618,-0.0742225895524024,-0.0191026137463748
1775068786102111200,233.827111328125,0.0285878696460276,-0.0802840815484523,0.0024986118827015
1775068786112151300,233.8371513671875,0.0751939918678253,-0.0742471394717693,0.0370597107194364
1775068786122190300,233.8471904296875,0.0880394449155777,-0.0519505519896745,0.0389614892201498
1775068786132230400,233.85723046875,-0.0437889459092169,-0.0118131873905658,-0.0248153288373723
1775068786142269400,233.86726953125,-0.0681682579495012,0.0105038583576679,-0.0149566730480641
1775068786152309200,233.87730932617188,0.0955086848177015,-0.0087438629478216,-0.0065817164778709
1775068786162348300,233.88734838867188,-0.0514518086872994,-0.0192997437536716,-0.0176453276101499
1775068786172388400,233.8973884277344,-0.1871780837334692,0.0029682021558284,0.0280754996770992
1775068786182427100,233.90742724609376,0.0328968919515609,-0.0332440979540348,0.0130532505795359
1775068786192467200,233.91746728515625,0.1571066244661808,-0.0399485640287399,-0.002871719511412
1775068786202506200,233.92750634765625,0.0188998577158898,0.0065483987301588,0.0098831326434388
1775068786212546300,233.93754638671876,-0.0965408043444156,0.0778308431774377,0.0144155519086867
1775068786222585000,233.94758520507813,-0.0569043750047683,0.1114256542652845,-0.0181315036918967
1775068786232625200,233.95762524414064,0.0795884274344891,0.1127723926991224,-0.0157383980102837
1775068786242664400,233.96766455078125,0.1092718372322618,0.121633744546771,-0.0068370794784277
1775068786252703200,233.977703125,0.0435575483061373,0.1277916826546192,-0.0037706411125138
1775068786262743300,233.98774340820316,0.0107622170329093,0.0914332520723342,-0.0030760829770937
1775068786272782300,233.9977822265625,0.0149063311003148,0.0398339977383613,0.0559485721172764
1775068786282822400,234.0078225097656,0.0783130737364292,0.0098486093193292,0.1047663790391758
1775068786292861200,234.0178610839844,0.0863129864491522,0.0478273345798253,0.0845452095916494
1775068786302901200,234.0279013671875,0.0467383702993392,0.0866501094490289,0.0185782610787078
1775068786312940300,234.0379401855469,0.038334260699898,0.0929307971537113,-0.0202932848356664
1775068786322980000,234.04797998046877,0.0462941336631774,0.0916390037775039,-0.0659627837944775
1775068786333019100,234.05801904296877,0.0621018705826252,0.0841641378521919,-0.0608546104678884
1775068786343059200,234.06805908203123,0.0740869074087589,0.0386363123863935,-0.0611316007783636
1775068786353098500,234.07809838867183,0.0576523438278585,0.0113461544007062,-0.0398270200083032
1775068786363138300,234.0881381835937,0.058955973772332,-0.0217979903101921,-0.0243788005836308
1775068786373177300,234.0981772460937,0.0279179344952106,-0.0374275211185216,-0.0128733639679849
1775068786383217400,234.1082175292969,0.0599473959624767,-0.0037608138382434,-0.0171069829497486
1775068786393256200,234.1182561035156,0.0533155567325651,0.0010673369705677,-0.0470721322983503
1775068786403295200,234.1282951660156,0.0326585531510412,0.0376584072649478,-0.1062367438526824
1775068786413335300,234.1383352050781,0.0167816234529018,0.0544932222098112,-0.1391344029892235
1775068786423374000,234.1483740234375,-0.0551810583434998,0.0693318949013948,-0.1257661316437646
1775068786433414100,234.1584140625,0.0140963298916816,0.0773947898477315,-0.105014618179202
1775068786443453200,234.168453125,0.1020902551651,0.0942266821831464,-0.0913346870686858
1775068786453493200,234.1784931640625,-0.0435233537755906,0.1089268231868743,-0.0137886156493797
1775068786463532300,234.1885322265625,-0.0858404005013406,0.1252232934713363,-0.002544204590097
1775068786473572400,234.198572265625,-0.0059013329982757,0.1173100361287593,-0.0208060566633939
1775068786483611400,234.208611328125,0.0765386114098131,0.1036135192096233,-0.0631007088942453
1775068786493651500,234.2186513671875,0.0773429135300219,0.0808452225625515,-0.1253604734523221
1775068786503690200,234.22869018554687,0.0328898776888847,0.0348889425516128,-0.1418885970681905
1775068786513730300,234.23873022460936,0.0218692289154976,0.0116676414400339,-0.0586288607098162
1775068786523769300,234.24876928710935,0.0592132364690303,-0.0095271222800016,0.0483448921805247
1775068786533809000,234.25880883789063,0.1119476323127746,-0.0133995797991752,0.0685527637550607
1775068786543847700,234.26884765625,0.139296388617903,0.0191541978031396,0.0480920499306172
1775068786553887000,234.27888696289065,0.0924362916350364,0.0468307247579097,0.0094095237823203
1775068786563927000,234.2889270019531,0.0803273361682891,0.0229956756621599,-0.0328833748828619
1775068786573965800,234.2989658203125,0.0706479459360241,0.0211287127465009,-0.0534677881522104
1775068786584006000,234.309005859375,0.0396038422442972,-0.000617255115509,-0.0815590333877131
1775068786594045000,234.319044921875,0.0116321317352354,-0.0026572365105152,-0.1007617830403149
1775068786604085000,234.3290849609375,0.0005997194588184,0.0060708443462848,-0.0879226866681128
1775068786614123800,234.33912377929687,0.0342985023777931,0.0462555552184581,-0.0416539797071367
1775068786624163800,234.3491638183594,0.0697615184903144,0.0682365008801221,-0.0142403780048713
1775068786634203000,234.35920288085936,0.0591407557547092,0.1092898112803697,0.0074065133968368
1775068786644243000,234.36924291992187,0.0731238345302641,0.1142266831606626,0.0049690571168437
1775068786654281700,234.37928173828124,0.0811656866885721,0.110863344207406,-0.0504337176859378
1775068786664321800,234.38932177734372,0.0778689832307398,0.0669914692550897,-0.1039780416730791
1775068786674361000,234.3993610839844,0.0472821217872202,0.0277612826287746,-0.1014813294865191
1775068786684401000,234.40940087890624,0.0312975669961422,-0.0098123689621686,-0.0623927432879805
1775068786694440000,234.41943994140624,0.0349358504332602,-0.0213473239332437,-0.0207838813642039
1775068786704479000,234.42947900390624,0.0488252595759928,-0.0106932434499263,-0.0051319560609757
1775068786714518800,234.4395187988281,0.0957705506242811,0.0179635267138481,-0.0097807682475075
1775068786724557800,234.4495578613281,0.1288579967118799,0.0690998397111892,0.0091538685208186
1775068786734598000,234.45959790039063,0.1263385612368583,0.0768617058843374,-0.0279317438248544
1775068786744637000,234.46963696289063,0.0927624548494815,0.0522837294667959,-0.016743556464836
1775068786754676700,234.4796767578125,0.0618950228989124,0.0267775322884321,-0.0095127649610862
1775068786764716000,234.48971606445312,0.0775917737245559,0.0130950438946485,-0.04954378310889
1775068786774755800,234.499755859375,0.0705552261512726,0.0085702599465847,-0.0625304712582379
1775068786784795000,234.509794921875,0.036359526560828,-0.0050713119149208,-0.0380045903541147
1775068786794835000,234.5198349609375,0.0065934069156646,-0.0051005380094051,-0.0397159608492627
1775068786804874000,234.5298740234375,0.0371802683591842,0.0318652108162641,-0.0454789813553914
1775068786814914000,234.5399140625,0.0567630668379366,0.049998833400011,-0.0026005013545975
1775068786824952800,234.54995288085937,0.0514100153721868,0.0657370852798223,-0.0198045514706522
1775068786834993000,234.55999291992188,0.0448339979827403,0.0705786800920963,-0.0268878242624923
1775068786845032000,234.57003198242188,0.0498586942769587,0.0950537806570529,-0.0233094177864491
1775068786855072000,234.5800720214844,0.0501484710037708,0.0857177970349788,-0.0219427690757438
1775068786865110800,234.59011083984376,0.020005846196413,0.0534673862934112,-0.0376798153791576
1775068786875150000,234.6001501464844,0.0012226736627519,0.016268413233757,-0.0256974454341456
1775068786885190000,234.61018994140625,0.033127047445625,-0.007016016241908,-0.0022609306693077
1775068786895229000,234.62022900390625,0.0929401495039463,-0.0251163210779428,-0.0017035890474915
1775068786905269000,234.6302690429688,0.1643408135034144,-0.0384369904220104,-0.0207526825083419
1775068786915308000,234.6403081054688,0.1824234365522861,-0.0392296021044254,-0.0213172210559248
1775068786925347800,234.6503479003906,0.1325929454565048,-0.0136415718615055,-0.0220246752055361
1775068786935387000,234.6603869628906,0.110432551574707,0.0177028299510478,-0.0088795816240832
1775068786945427000,234.67042700195316,-0.0271847979150712,0.030315643286705,-0.0666076575692743
1775068786955465700,234.6804658203125,-0.1170797345042228,0.0365939929038286,-0.0352019174909219
1775068786965505800,234.690505859375,0.0812006118714809,0.0580529605180025,0.0129022612689062
1775068786975544800,234.700544921875,0.1350631349623203,0.0424345356255769,-0.0165322152690961
1775068786985585000,234.7105849609375,-0.0283341140806674,0.0928115546882152,0.0165954532310366
1775068786995624000,234.7206240234375,-0.0374819547194987,0.1167494796365499,0.0446221818629652
1775068787005663700,234.73066381835935,0.0741968705892562,0.0932674817621707,-0.0005053922388702
1775068787015703000,234.740703125,0.0393874230146408,0.1046171432942151,0.0193321481859311
1775068787025741800,234.75074194335937,-0.0616236586116254,0.1568354063093662,0.0943243704039603
1775068787035782000,234.76078198242183,-0.0368307242691516,0.139524790546298,0.0955933308938518
1775068787045821000,234.7708210449219,0.0738369512356817,0.0994546459645032,0.0351501142384484
1775068787055861000,234.7808610839844,0.155256028163433,0.0271609786480665,0.0419243210811167
1775068787065899800,234.79089965820316,0.1266927815020084,-0.0222591780811548,0.0244146025493741
1775068787075939800,234.80093994140623,0.0191489371061325,-0.0359878437042236,-0.0107915161926299
1775068787085979000,234.8109787597656,9.46925461292e-05,-0.0834334854900836,0.0075487714117392
1775068787096018700,234.8210187988281,0.030033903735876,-0.0783937377572059,0.0760035912176594
1775068787106058000,234.83105810546877,0.0344260742802172,-0.0447708696186542,0.1345444813830777
1775068787116098000,234.8410981445313,0.0273088626861572,-0.0141834236532449,0.0900130100108683
1775068787126137000,234.8511372070313,0.0284101749915629,0.0076747724115848,0.0310252893934026
1775068787136177000,234.86117700195317,0.0535327796798199,0.0158656776517629,-0.0078975483167916
1775068787146216000,234.8712158203125,0.0973567238371819,0.0118903442800045,-0.0463271591499447
1775068787156256000,234.8812561035156,0.118850762764737,0.0115092360079288,-0.0471731815200299
1775068787166294800,234.8912946777344,0.1136450838804244,0.0386965181410312,-0.008201645829901
1775068787176334800,234.9013349609375,0.1221849486887454,0.0527291351467371,-0.0234625990541651
1775068787186374000,234.91137377929687,0.1041127009034156,0.0563186840713024,-0.0037208836866542
1775068787196413000,234.9214128417969,0.100839451386407,0.0258276842176914,0.0204829256562516
1775068787206452700,234.93145263671877,0.1115279455959796,-0.0149655139416456,0.0355350949680432
1775068787216492000,234.94149194335935,0.1162052897572517,-0.0187654907464981,-0.0002551803374662
1775068787226532000,234.95153198242187,0.1045510923206806,-0.0369838690042495,-0.055709648794867
1775068787236571000,234.9615708007813,0.0313665405791252,-0.014282207852602,-0.0699022421352565
1775068787246611000,234.97161083984372,0.1146995613694191,0.0096305826544761,-0.0227343578448519
1775068787256650000,234.98164990234372,0.2033457400064915,0.010624854388833,-0.0128573261486366
1775068787266690000,234.99168994140624,0.0668926850557327,0.0030348376512527,0.0236908548520877
1775068787276728800,235.00172875976563,0.0397181893389672,0.0156254391551017,0.0220652994768694
1775068787286769000,235.0117687988281,0.1059376513082534,0.0224082311630249,0.0023219036089256
1775068787296808000,235.0218078613281,0.0806220082659274,-0.0039963761597871,-0.0011940320901572
1775068787306847700,235.03184765625,0.0267371272128075,-0.0091319854825735,-0.0243579769913107
1775068787316886800,235.04188671875,-0.018254618614912,-0.0094534725219011,-0.0165624277442693
1775068787326926800,235.0519267578125,-0.0172153386950492,-0.0244084650695323,0.0570672374162822
1775068787336966000,235.0619658203125,-0.0081366177696734,0.019683190113306,0.0850943313743919
1775068787347006000,235.072005859375,0.0222317055523395,0.0865963334351778,0.1000722298735752
1775068787357045000,235.082044921875,0.0215350285250693,0.1017874728262424,0.0671897683061659
1775068787367083800,235.0920837402344,0.0254862503688782,0.1052192008405923,0.0343002924760803
1775068787377123800,235.10212377929687,0.0919697701018303,0.1069090536236763,0.002515782213211
1775068787387163000,235.11216284179687,0.1034638085406273,0.0748281542301178,-0.0441366999009624
1775068787397203000,235.12220288085936,0.072464274642989,0.0976788684636354,-0.016094444906339
1775068787407241700,235.13224169921875,0.0758370390117168,0.1215700316607952,-0.0220493347227573
1775068787417281800,235.14228173828124,0.0738707804400473,0.0896229877799749,-0.0539385840017348
1775068787427320800,235.15232080078124,0.0478197357952594,0.050916532766819,-0.0264793165268376
1775068787437361000,235.16236083984376,0.031227497434616,0.0247644389003515,0.0171562654515728
1775068787447400000,235.17239990234376,0.0704488431673496,0.0223895264625549,-0.0250634583795443
1775068787457440000,235.18243994140624,0.0677681527160108,0.0300239668637514,-0.0470380108330398
1775068787467479000,235.19247900390624,0.0956709627073258,0.0511158547312021,-0.0809020307837054
1775068787477518800,235.20251879882807,0.1183785421431064,0.0916658917844295,-0.1201220613421872
1775068787487558000,235.2125578613281,0.1005761973403394,0.1043850881040096,-0.1030066393576562
1775068787497598000,235.22259790039064,0.0881984348695725,0.0870095904111862,-0.1008376978207379
1775068787507636700,235.23263671875,0.0774140790700912,0.0522971734702587,-0.0924955110089853
1775068787517676800,235.2426767578125,0.0764519560396671,-0.0126361942112445,-0.0730297995712608
1775068787527715800,235.2527158203125,0.0101484690487384,-0.0274690216839313,-0.0704474914604798
1775068787537755100,235.26275512695312,-0.0250409908194094,-0.0453337641984224,-0.083643986435607
1775068787547795000,235.272794921875,-0.0389186364591121,-0.0150385791778564,-0.0652086409589275
1775068787557834000,235.282833984375,-0.0050000367769971,0.0207557877808809,-0.0452392177827656
1775068787567874000,235.2928740234375,-0.0070271221578121,0.0442512296587228,-0.0278140357293188
1775068787577913000,235.3029130859375,-0.0150573569435626,0.0403401936948299,0.0150134082039818
1775068787587953000,235.31295288085937,-0.0217641976384446,0.01710194144845,0.0215203058799728
1775068787597992000,235.32299194335937,-0.0254232681352645,0.0137608143270015,0.0394629724688828
1775068787608032000,235.3330319824219,-0.0529846077451482,0.0020014029502868,0.0047112829634919
1775068787618070800,235.34307080078125,-0.0316704919617623,-0.0259843360841274,-0.0241296846607699
1775068787628110800,235.3531108398437,-0.0423695806305855,-0.038611177945137,-0.0157804835863411
1775068787638150000,235.36314990234376,-0.0254477815220132,-0.0186544315874576,0.0042891485612839
1775068787648190000,235.37318994140625,-0.0210123928904533,-0.0093611180633306,-0.0196870260382071
1775068787658229000,235.38322900390625,-0.0528116257984191,-0.0457499437838792,-0.0036956396475434
1775068787668268800,235.39326879882813,-0.0952408641943708,-0.0549549945026636,0.0008291077679023
1775068787678308000,235.40330810546877,-0.0932861864626407,-0.1001139866560697,0.001940831869468
1775068787688347000,235.41334692382813,-0.0802875886797905,-0.0892114843696355,-0.0381464099775999
1775068787698387000,235.42338696289065,-0.0483691498389467,-0.0618763181984424,-0.0739388772401958
1775068787708426000,235.43342602539065,-0.0151718501687049,-0.0581990909904241,-0.0567359961679205
1775068787718466000,235.44346606445316,0.0058206324448809,-0.0775865130275487,-0.0204617732703685
1775068787728504800,235.4535048828125,0.011638926802203,-0.0716828419417142,-0.000796082281135
1775068787738545000,235.463544921875,-0.0103647786805406,-0.0783931532353162,-9.82362100854e-05
1775068787748584000,235.473583984375,-0.1841022199520841,-0.0712865361005067,-0.0639290129445493
1775068787758623700,235.4836237792969,-0.2457259516289457,-0.0381926602721214,-0.0446855659553781
1775068787768663000,235.4936630859375,-0.0024035540103912,-0.0478460392802953,0.0461762063719332
1775068787778702800,235.50370288085935,0.1005225309243425,-0.1041670614391565,0.0368005117939785
1775068787788742000,235.51374194335935,-0.1104898347198963,-0.1035492218017578,0.041430875008367
1775068787798782000,235.52378198242187,-0.1525519933691248,-0.0733843851625919,-0.0057102308729663
1775068787808821000,235.53382104492184,-0.0914858955750241,-0.0485316834568977,-0.0930020722916349
1775068787818861000,235.5438610839844,-0.1269826678266748,-0.018176292681694,-0.1045805010782554
1775068787828899800,235.55389990234372,-0.1494914367547258,0.0316419234544038,-0.0720353086411953
1775068787838940000,235.56393994140623,-0.1004279114434495,0.0490390484571456,-0.0429861050937324
1775068787848979000,235.57397900390623,0.0023298311870545,0.0700917733579874,-0.0221248476443812
1775068787859019000,235.58401904296875,0.0469803988942876,0.0155962130606174,-0.0407632414124906
1775068787869057800,235.5940578613281,-0.0518353646447882,-0.0477460860371589,-0.0326197555106133
1775068787879097000,235.60409716796875,-0.183914003903605,-0.0745943454742431,-0.0284495206212624
1775068787889137200,235.6141372070313,-0.166142163836956,-0.0856008926570415,-0.0045728243408724
1775068787899176000,235.62417602539065,-0.0803659511456266,-0.0698123718947172,0.0365306088114157
1775068787909216000,235.6342160644531,-0.0470002726385369,-0.029025018954277,0.0313660656550899
1775068787919255000,235.6442551269531,-0.0756020612120628,0.0209913501024246,0.0213871810195967
1775068787929295000,235.65429516601563,-0.1161211186051368,0.0553770193070173,-0.0340672143725678
1775068787939334000,235.664333984375,-0.0956886079618707,0.0653320116102695,-0.0775953173885121
1775068787949374000,235.6743740234375,-0.0652267976701259,0.0459486812263727,-0.0436609356153756
1775068787959413000,235.6844130859375,-0.0607341624259948,0.0009732289463281,-0.0116139019588008
1775068787969452800,235.6944528808594,-0.0859200416088104,-0.0344248321712017,0.0119694373982027
1775068787979491800,235.7044919433594,-0.0882242268979549,-0.0340612595558166,0.0259849206060171
1775068787989532000,235.71453198242187,-0.0968564826974645,-0.0338473245441913,0.0251184399697929
1775068787999571000,235.72457104492187,-0.0922340105285868,-0.0255605577141046,0.0210286499055102
1775068788009611000,235.7346110839844,-0.109652762841247,-0.0238601835370063,0.0251950854025781
1775068788019650000,235.7446501464844,-0.1159141978561878,-0.0297819748014211,0.029222550820373
1775068788029688800,235.75468872070311,-0.1127308551123365,-0.0198445181548595,0.0010346402773633
1775068788039729000,235.76472900390624,-0.1576011665174737,0.0134176999777555,0.0058818245802074
1775068788049768000,235.77476782226563,-0.0117641240844503,0.0434101026594638,0.0455571976907551
1775068788059808000,235.7848081054688,0.0677249711614102,0.0063660279005765,0.0254899036306887
1775068788069846800,235.7948466796875,-0.1106628531992435,-0.0099047234207391,0.0793065782858058
1775068788079886800,235.80488696289063,-0.1879296327531337,-0.0088414781033992,0.0991994656270369
1775068788089926000,235.81492578125,-0.0935492578456178,0.0055161330729722,0.0189415049005299
1775068788099966000,235.82496606445312,-0.0470785620391368,0.0249468097299337,0.0035576924815773
1775068788110005000,235.8350048828125,-0.0480756833177059,0.0404693730324506,-0.0427962450774386
1775068788120045000,235.84504516601564,-0.0762216544151306,0.0221720843195915,0.0032545082839205
1775068788130084000,235.855083984375,-0.0696411435136571,0.0204980136275291,0.0949648237319663
1775068788140124000,235.8651240234375,-0.0731447677204385,0.028868367087841,0.1448230796175077
1775068788150163000,235.87516284179688,-0.0400221407216042,0.0210872116923332,0.103533695439063
1775068788160203000,235.885203125,-0.0105459439337253,-0.0109212069869041,0.0558702096514403
1775068788170241800,235.8952416992188,-0.0281528026970103,-0.0273719910502433,0.0182903475154191
1775068788180281900,235.90528173828125,-0.028965397721529,-0.0430950453609228,-0.0285422038733959
1775068788190321000,235.91532080078125,-0.032405820498988,-0.0555599746584892,-0.0272810248311609
1775068788200360000,235.92535986328124,-0.0414613066792488,-0.0283726925253868,-0.0311655015816912
1775068788210399700,235.93539965820312,-0.0646001902043819,-0.0282628024101257,-0.0263302999775856
1775068788220439000,235.94543896484376,-0.0951495691817253,-0.0453518843770027,0.0066738517407327
1775068788230479000,235.95547900390625,-0.0762414550941437,-0.0194797764956951,0.0517349730102345
1775068788240518000,235.96551782226564,-0.0587526697525754,-0.0131815531343221,0.0789205381102859
1775068788250558000,235.97555786132813,-0.0226666263708844,0.0191746560692787,0.0948269496312364
1775068788260597000,235.98559692382813,0.0157598426571115,-0.0309288067489862,0.0070825786720961
1775068788270637000,235.9956369628906,-0.0586941810309886,-0.028379706788063,0.0028652532380074
1775068788280675800,236.00567578125,-0.0354664501786231,-0.0177560214430093,0.0689502386400476
1775068788290716000,236.0157158203125,-0.0514110748181119,-0.0303588979065418,0.004258680357784
1775068788300755000,236.0257548828125,-0.0676606737535446,-0.0338660292446613,0.0162485394895076
1775068788310794800,236.0357946777344,-0.0565408023893833,-0.0312619842261076,0.0192294184638187
1775068788320834000,236.045833984375,-0.0152291698465123,0.0062023617714643,0.0358634501395747
1775068788330873900,236.0558737792969,0.0072433952569961,0.0218061736166477,0.0134271984584629
1775068788340913200,236.0659130859375,-0.0021335779625922,-0.0166390001118183,0.0167289068849757
1775068788350953000,236.07595288085935,0.0017640139978379,-0.0202285490363836,0.0168750373573973
1775068788360992000,236.08599194335935,-0.0083446344971656,-0.0096212303042411,0.0154014211408793
1775068788371032000,236.09603198242183,-0.0072433221917599,0.0089186349928379,0.0034794030809774
1775068788381070800,236.10607080078125,-0.0015687836866825,-0.0063426470249891,0.0376755775954574
1775068788391110000,236.11610986328125,-0.0268541411885991,-0.0048445174217224,0.0506466297842562
1775068788401150000,236.1261499023437,-0.042191959041357,-0.0212970550507307,0.0299629939241334
1775068788411188700,236.13618872070316,-0.0129155226092785,-0.0278933845758438,-0.0198199682354927
1775068788421228800,236.1462287597656,0.0007423427999019,-0.0507949522137641,-0.0232174286540597
1775068788431268000,236.15626806640623,0.0229962601840496,-0.0648860214084386,-0.009347381798923
1775068788441308000,236.1663078613281,0.012537921468541,-0.0472726233065128,0.0219963624265044
1775068788451347000,236.1763469238281,-0.0088274495780467,-0.0181593415468931,-0.0055311479790136
1775068788461387000,236.18638696289065,-0.0247369663715362,0.011956395253539,-0.012421820808202
1775068788471426000,236.19642602539065,-0.0164297412753105,0.0315454773426055,0.0215642546195536
1775068788481466000,236.20646606445317,-0.0150012428421527,0.0512538018971681,0.0340778453644365
1775068788491505000,236.2165048828125,0.0009339929144829,0.0503086300015449,0.0199841092886403
1775068788501545000,236.226544921875,0.0241056827306747,0.0373918652832508,-0.0004078501485288
1775068788511584000,236.236583984375,0.0575683188062161,0.0258083949953317,-0.0088767686124891
1775068788521623800,236.24662377929687,0.0321276611447334,0.0313929171293973,-0.0128226201614364
1775068788531664000,236.25666381835936,0.0319288506370037,0.0175192900776863,-0.0277660318691283
1775068788541704000,236.26670385742187,0.0541734156709164,0.0265682734519243,-0.0300074906529858
1775068788551742700,236.27674267578124,0.081179496018216,0.0149830495983362,-0.0125858522634953
1775068788561781800,236.2867817382813,0.0938858328562229,0.0080570497274398,0.0234540869541466
1775068788571821800,236.29682177734372,6.94119744e-06,-0.0020984335839748,-0.0244078805476427
1775068788581860900,236.30686083984372,-0.1777625320691615,-0.0144318454563617,-0.0603956511866301
1775068788591901000,236.31690087890624,-0.0325017551541328,-0.0431365464150905,-0.0059197819704189
1775068788601940000,236.32693994140624,0.1505750307403504,-0.0663999331027269,-0.0257891057729721
1775068788611979800,236.3369797363281,-0.0407400066673755,0.0090180037140846,-0.0120757838495075
1775068788622018800,236.3470187988281,-0.076823785026744,0.0974672715395689,0.0456746865905821
1775068788632059000,236.35705883789063,0.1297206048905849,0.1430862824201584,0.0592937178267166
1775068788642097700,236.36709765625,0.1403074653565883,0.1612140597850084,0.0751665193390101
1775068788652137700,236.3771376953125,-0.0382242244541645,0.1718494355678558,0.0904663798015564
1775068788662176800,236.3871767578125,-0.1199940875809639,0.1777075139462947,0.0503204665698111
1775068788672216800,236.397216796875,-0.0847990016896277,0.095191727823019,-0.0239645937595516
1775068788682256000,236.407255859375,0.029284619738534,0.0238946703284978,-0.0736871309688314
1775068788692295700,236.41729565429688,0.0383797072768211,-0.0473112017512321,-0.1134536529615521
1775068788702335000,236.4273349609375,-0.0021427841823548,-0.073994041493535,-0.0895908756086602
1775068788712373800,236.43737377929688,0.0243781429965049,-0.1087391916602849,-0.0121166638491675
1775068788722413800,236.44741381835937,0.0766343999344855,-0.1013631099343299,0.0862776594074443
1775068788732452900,236.45745288085936,0.0806043995440006,-0.0643190351754427,0.1179266701897606
1775068788742493000,236.46749291992188,0.0374234294652938,-0.0063584291160106,0.0613922244759276
1775068788752531700,236.47753173828124,0.0152620857354253,0.0223211374014616,-0.0147695895107462
1775068788762571800,236.48757177734376,0.016284706781432,0.0426665908157825,-0.0770594204135239
1775068788772610800,236.49761083984376,0.0667407093644142,0.0602308890789747,-0.0848030568102374
1775068788782650600,236.50765063476564,0.0806628517329692,0.0710246702939271,-0.0470681867755949
1775068788792690000,236.51768994140625,0.0421918859761208,0.0563467411220073,0.0129161436637863
1775068788802729700,236.52772973632813,-0.0126783528525382,0.0234866740494966,0.0122934086555615
1775068788812769000,236.5377690429688,-0.0273544553935527,-0.0074824647098779,0.0007425619956105
1775068788822808800,236.5478088378906,0.0245370598852634,-0.012749006935954,0.0141556953961029
1775068788832848000,236.5578479003906,0.0871954683721065,-0.0178641579926013,0.0056742097115144
1775068788842888000,236.56788793945316,0.126065004992485,-0.017111293798685,0.0188785957321524
1775068788852926700,236.5779267578125,0.1498608911216259,-0.0119920510888099,0.0335375279426574
1775068788862966800,236.587966796875,0.1412204885482788,0.0264577988147735,0.020894465599209
1775068788873005800,236.598005859375,0.0896176540177315,0.0195025728493928,-0.0216765193549916
1775068788883046000,236.6080458984375,0.1586301807716488,0.0086263740479946,-0.0411608258953318
1775068788893084700,236.6180847167969,0.1700118448771536,-0.0430342550843954,-0.0553719047404825
1775068788903124000,236.6281240234375,-0.0510883822023868,-0.082796941152215,-0.0483027700718492
1775068788913163800,236.63816381835937,-0.1045885017216205,-0.0404582671165466,-0.0328424218179658
1775068788923202800,236.64820288085937,0.0118904904104769,-0.0145317986994981,-0.0654246217971667
1775068788933243000,236.65824291992183,0.1175625495851039,0.0269943899095058,-0.038087848190777
1775068788943282000,236.6682819824219,0.1467792917191982,0.0500011714875698,-0.0251158096212893
1775068788953322000,236.6783220214844,0.1314743166901171,0.0401332729458808,-0.0153274060565978
1775068788963360800,236.6883608398437,0.1061059205472469,0.0677589464962482,0.021516543020308
1775068788973400800,236.69840087890623,0.0717946317531168,0.0595627805590629,0.0474188268441706
1775068788983440000,236.70843994140623,-0.0133935884498059,0.040774493458867,0.0280567949766293
1775068788993479700,236.7184797363281,-0.0279892461657524,0.0169090492248535,-0.0093489161688834
1775068789003518700,236.72851879882813,0.0229880768775939,0.0136678753465414,-0.0275559693150222
1775068789013558800,236.73855883789065,0.0647999505601823,-0.009039631024003,-0.0319149317095056
1775068789023597800,236.74859790039065,0.1147986378297209,0.0226759421885013,-0.0378169953601434
1775068789033638000,236.75863793945317,0.1510427943825721,0.0988181016266346,-0.0667770593194291
1775068789043677000,236.76867700195317,0.163856537117809,0.1370072547674179,-0.0973705696994438
1775068789053717000,236.7787170410156,0.1366449973262846,0.1324286948055028,-0.0549016203476116
1775068789063755800,236.788755859375,0.0985772786080837,0.0989899510622024,0.0096795728953555
1775068789073794800,236.798794921875,0.0607120967246592,0.0245838216364383,0.0336978696035221
1775068789083835000,236.8088349609375,0.0194799226261675,-0.0519002831071615,0.024105792328529
1775068789093873700,236.8188737792969,0.0403052685119211,-0.0405132121741771,0.0150605718139559
1775068789103913700,236.82891381835935,0.0726245067059993,0.011827800437808,-0.0099976258685812
1775068789113952800,236.83895288085935,0.0760638335049152,0.0454249496132135,6.30187662318e-05
1775068789123992800,236.84899291992187,0.0848011205814778,0.0767056385397911,-0.0039252471523359
1775068789134032000,236.85903198242187,0.0945604441821575,0.0806692814737558,-0.0085819138517603
1775068789144072000,236.8690720214844,0.1354103409647941,0.0475531938135623,-0.0104456253644078
1775068789154111000,236.8791110839844,0.1401310858763754,-0.0030558804392814,-0.0205429852804169
1775068789164150800,236.88915087890624,0.1316869365274906,0.0060118076354265,-0.0197772616049274
1775068789174189800,236.89918994140623,0.1686895102322101,-0.011760580420494,-0.0647726972270757
1775068789184230000,236.90922998046875,0.1908311994135379,-0.0170411511719226,-0.0772132227357477
1775068789194268700,236.9192685546875,0.1782835602685809,-0.0072761284828186,-0.0913574468897655
1775068789204308700,236.92930883789063,0.1905728407382965,0.0080775079935789,-0.0955536199379712
1775068789214347800,236.93934765625,0.2217886477351188,0.0297802212357521,-0.0946503509553149
1775068789224387800,236.94938793945312,0.2376630932152271,0.0259948574781417,-0.0623126637890934
1775068789234426600,236.95942651367187,0.1776667435444891,0.0178863698244094,-0.0706696828437969
1775068789244466000,236.9694658203125,0.1181505786061286,0.0475625461637973,-0.0317693492263555
1775068789254506000,236.97950610351563,0.078319941868633,0.0814589705467224,-0.0433947589598596
1775068789264544800,236.9895446777344,0.0288518543444573,0.0936094270676374,-0.0610102394210174
1775068789274584800,236.99958471679687,0.035126404569298,0.0970849942237138,-0.0535355561587959
1775068789284624000,237.00962377929687,0.0545430527009069,0.0784556970775127,-0.0427379390189424
1775068789294664000,237.01966381835936,0.0415068993866443,0.0710801998734474,-0.0356024611158296
1775068789304702700,237.02970263671875,0.0228138893544673,0.0551665914267301,-0.0282294115971773
1775068789314742800,237.03974267578124,0.0375963018141686,0.0325292276829481,0.0237658928496763
1775068789324781800,237.04978173828124,0.0504034686781465,0.0452501775681972,0.0599205079555511
1775068789334822000,237.05982177734376,0.0587000262498855,0.0566384175449609,0.0160061455683782
1775068789344860700,237.06986059570312,0.0332568113051354,0.0418482601702213,-0.042609234605357
1775068789354900700,237.07990063476564,0.0187291042588651,0.0165530753940343,-0.0866595348645001
1775068789364940000,237.08993994140624,0.0353480844959616,0.0218365687549114,-0.118645595581457
1775068789374979800,237.09997973632807,0.0714693453215062,0.0686310531556606,-0.1477213583422824
1775068789385019000,237.1100187988281,0.1080465332210064,0.0693605364739894,-0.1193392404014244
1775068789395059000,237.12005883789064,0.0985831238269805,0.0983610055088996,-0.0935728579169139
1775068789405097700,237.13009765625,0.0591626753255724,0.1076280155479908,-0.1017581371339037
1775068789415136800,237.14013671875,0.0302770648419857,0.0960176572531461,-0.1122408065730705
1775068789425176800,237.1501767578125,0.0581783404633402,0.0854874954104423,-0.1058938852317631
1775068789435215600,237.16021557617188,0.1069767120324075,0.0961234557151794,-0.0956073228865861
1775068789445255700,237.1702556152344,0.1440551274523138,0.1114630636662244,-0.0588152135947719
1775068789455294700,237.1802946777344,0.16559388230443,0.1289835227876901,-0.0516231101335957
1775068789465334800,237.19033471679688,0.010130641131103,0.105005265828967,-0.1048307129796594
1775068789475373800,237.20037377929688,-0.0634390374705195,0.0717892249256372,-0.0787137269591912
1775068789485414000,237.21041381835937,0.1064038805805146,0.0336556013643741,-0.020639394859597
1775068789495453000,237.22045288085937,0.0420877680145204,-0.011729016238451,-0.0445659946963191
1775068789505493000,237.2304929199219,-0.1180596854522824,0.0175982005327939,-0.0042518122255802
1775068789515531800,237.24053173828125,0.0760682174190878,0.0183662622958421,0.0425318585202097
1775068789525571800,237.2505717773437,0.2306561370626091,0.0447486577868461,0.0104535164099186
1775068789535610000,237.26061010742188,0.0909175576351583,0.092483637908101,-0.0192563430033624
1775068789545650200,237.2706501464844,-0.039043724143505,0.1780436140328645,-0.0072136577058583
1775068789555689200,237.2806892089844,0.015495236904174,0.1895750618726015,-0.0508636335358023
1775068789565729000,237.29072900390625,0.1539957989692688,0.128804659089446,-0.0655063087312504
1775068789575768300,237.30076831054689,0.1706017735943198,0.0858750334233045,-0.0295061170021072
1775068789585808100,237.31080810546877,0.0209819977521896,0.0679880790770053,-0.0031879093211144
1775068789595847200,237.32084716796876,-0.0889732916995883,0.0196387664496898,0.020664675431326
1775068789605886200,237.3308862304688,-0.0199241592623293,-0.0005167173504829,0.0704722240429371
1775068789615926300,237.34092626953125,0.0796115891143679,0.0026484686821699,0.093561130946502
1775068789625965000,237.3509650878906,0.1378032274506986,0.0648059419095516,0.061594761310704
1775068789636005000,237.36100512695316,0.1021836325369775,0.1323433546096086,-0.0521044639097526
1775068789646044200,237.37104418945316,0.0389582378171384,0.1582914503365755,-0.0893642637785524
1775068789656084000,237.381083984375,0.0755915398180484,0.1437216577142477,-0.1120012256635352
1775068789666123300,237.3911232910156,0.1145636600300669,0.0932300723612308,-0.0863441853050142
1775068789676163000,237.4011630859375,0.1210473229609429,0.070327335679531,-0.0383691128175705
1775068789686202000,237.4112021484375,0.0958054758071899,0.0051157355785369,-0.019397979963757
1775068789696242200,237.4212421875,0.0604217354759573,-0.0619961451858282,-0.0315995456174015
1775068789706281200,237.43128125,0.0173345811605453,-0.0604933394074439,0.0243084022285416
1775068789716321300,237.4413212890625,0.0272660464577376,-0.0359597866535186,0.0412518651796504
1775068789726360000,237.45136010742183,0.0459624174907803,0.0081914897620677,0.0278202462743967
1775068789736400100,237.4614001464844,0.0751394121363759,0.0440834718763828,-0.0067240475580096
1775068789746439200,237.4714392089844,0.0482969979181885,0.0671422759026288,-0.0567989784015342
1775068789756479200,237.48147924804687,0.0226303494811058,0.0947901612848043,-0.0501390455882996
1775068789766518000,237.49151806640623,0.1913292120635509,0.0884282250374555,0.0213043250417336
1775068789776558000,237.50155810546875,0.1990131906948983,0.07819967648983,0.0561888836791738
1775068789786597400,237.51159741210935,0.0198386729359626,0.0843359872877597,0.0647348859673365
1775068789796636200,237.52163623046877,0.0341745106719434,0.0844634130597114,0.0015061302466318
1775068789806676200,237.5316762695313,0.0726630851507186,0.0130459440559148,-0.0212737837729975
1775068789816715300,237.5417153320313,0.1288090430036187,-0.0224742821365594,-0.0600485730483196
1775068789826755000,237.5517551269531,0.1369359430968761,-0.0218406604081392,-0.0450549289907328
1775068789836794000,237.56179418945317,0.0926867592647671,-0.0083785367667675,-0.0210501128186471
1775068789846834200,237.57183422851563,0.0876435044005513,-0.0160977328419685,0.058011222001817
1775068789856873000,237.581873046875,0.0944948316000401,-0.0006961655706167,0.1109393685856834
1775068789866913000,237.5919130859375,0.1355973879694938,0.0270236160039901,0.089790763828624
1775068789876952000,237.6019521484375,0.1120012621961533,0.012286650121212,0.0386970113313756
1775068789886992100,237.6119921875,0.1116533255413174,0.0110509708464145,0.035062655150704
1775068789897031200,237.62203125,0.0954337198853492,0.0513157612174749,0.0393928115758113
1775068789907071200,237.6320712890625,0.0993242975831031,0.0478834486812353,-0.0109901623035781
1775068789917110300,237.6421103515625,0.0811446439005434,0.0318652108162641,-0.0177428514341823
1775068789927150300,237.652150390625,0.0870982916079461,0.0537117164433002,0.0073824384015053
1775068789937189000,237.6621892089844,0.1032554995521903,0.0612666618674993,0.0181844577218405
1775068789947229200,237.67222924804688,0.1180732755862176,0.0406388843804597,0.0393638046770356
1775068789957268200,237.68226831054687,0.1392052032031119,0.0310369432985782,0.0330213951140642
1775068789967307000,237.69230712890624,0.1235058220289647,0.032839024284482,-0.005927435553912
1775068789977347000,237.70234716796875,0.1248503685057163,-0.0023877719193696,-0.0302065203564241
1775068789987386000,237.71238623046875,0.119930009368807,-0.0070540101647377,-0.0370048021944239
1775068789997426200,237.72242626953124,0.1207217442683875,-0.0245014040499925,-0.0564484296645037
1775068790007465200,237.73246533203124,0.116834089180082,-0.026883915272355,-0.031340109229926
1775068790017505300,237.74250537109376,0.104408468979597,-0.0141565356463193,-0.0005825125956907
1775068790027544300,237.75254443359376,0.0955002092503011,0.0088841482013463,0.0233814966419711
1775068790037584100,237.76258422851564,0.0619417846500873,0.0230816003799438,0.048635052499827
1775068790047623200,237.772623046875,0.0628548078417778,0.027391280272603,0.0466165157516486
1775068790057663200,237.7826633300781,0.0541886863052845,0.0631213498234748,0.0232552033811807
1775068790067702000,237.79270190429688,0.0357832610428333,0.0355441915899515,-0.0411402580313384
1775068790077742000,237.8027421875,0.0584264700055122,0.0382236399322748,-0.0740889715016819
1775068790087781000,237.81278100585936,0.0870166046738624,0.0476262590497732,-0.0505887621171772
1775068790097821200,237.8228212890625,0.0525358045317232,0.0468558591991662,-0.0567434305557049
1775068790107860000,237.83285986328124,0.0668260495603084,0.0330921222627162,-0.0096514793120324
1775068790117900000,237.8429001464844,0.0979283131800591,0.0275432559639215,0.0188495523007586
1775068790127939300,237.8529392089844,0.0774738464333116,0.0287152223527431,-0.0010419285346753
1775068790137978000,237.86297802734376,0.0700888507485389,0.0108078097403049,-0.0052084005643613
1775068790148018200,237.87301806640625,0.0414227282345294,-0.0013578443497419,-0.0283627921858802
1775068790158057200,237.88305712890624,0.0475321510255336,0.0169774382859468,-0.0243965006371028
1775068790168097300,237.8930971679688,0.08495090431571,0.0275111072599887,-0.0235689272391609
1775068790178136000,237.90313598632807,0.1184264729380607,0.0354255336463451,-0.0213809339419007
1775068790188176100,237.9131760253906,0.1180615851484239,0.0737666624784469,0.0034344862270168
1775068790198215200,237.9232150878906,0.0828536397755146,0.0524064790636301,-0.0090397040892392
1775068790208255000,237.9332548828125,0.0592108983814716,0.0296966346055269,-0.0149204326909035
1775068790218294000,237.9432939453125,0.0274469559825956,-0.0156143332391977,0.0077807535367086
1775068790228334000,237.953333984375,0.0066937985502183,-0.0121007721602916,0.0259693942433223
1775068790238373000,237.963373046875,0.0135422031402587,0.0146463649898767,0.010584650242608
1775068790248413200,237.9734130859375,0.0186966632939875,0.0493102666139602,-0.0124858990203589
1775068790258452200,237.9834521484375,0.026439240244776,0.0496843606233596,-0.0067508990323171
1775068790268492300,237.9934921875,0.0376103303395211,0.0342225875973701,-0.0094603041214868
1775068790278531000,238.00353100585937,0.072709993032366,0.0437748443186283,-0.031050369035732
1775068790288571100,238.0135710449219,0.1040425582766532,0.0559551114559173,-0.0297559818436391
1775068790298610200,238.0236101074219,0.1043114383459091,0.0704483317106962,-0.0735229168504476
1775068790308649000,238.03364892578125,0.0866449948824942,0.0628776041954755,-0.1080969482339918
1775068790318689000,238.0436889648437,0.0524793981693685,0.039972529426217,-0.090442670132406
1775068790328728300,238.0537282714844,0.0437960332371294,0.0411059173703193,-0.0259667273622006
1775068790338768100,238.06376806640623,0.0481971908055245,0.0528407788276672,-0.0221915562050417
1775068790348807200,238.07380712890625,0.0335490722499787,0.0399982483893632,-0.0741645940211601
1775068790358847200,238.08384716796877,-0.1373312260247766,0.0421235699802637,-0.09602317367848
1775068790368886300,238.09388623046877,-0.0659399143755435,0.0670183572620153,-0.0178090850708074
1775068790378926000,238.10392602539065,0.0900442819319665,0.0459673859268426,-0.0396428773467429
1775068790388965000,238.11396508789065,0.0282709857165813,0.054536476829648,-0.0628896234268322
1775068790399005200,238.12400512695316,-0.0165289638660848,0.0950754079669713,-0.0283544810152612
1775068790409044200,238.13404418945316,0.1138822536371648,0.0931897403508424,-0.0493619785348884
1775068790419084000,238.144083984375,0.1355542794801294,0.1052922660768032,-0.0382354399679228
1775068790429123000,238.154123046875,-0.0084067399479448,0.1150795005977153,0.0311786898568272
1775068790439163100,238.1641630859375,-0.0311971022963523,0.1063695399194955,0.0109105211961083
1775068790449202200,238.1742021484375,0.023859014493227,0.0735948130428791,-0.0044501478092744
1775068790459242000,238.18424194335935,0.123210638474673,0.0072165072500705,-0.0305387845180928
1775068790469281300,238.19428125,0.1341759768642485,-0.0742027158081531,0.0130851983540691
1775068790479321300,238.2043212890625,0.05423427901268,-0.0584486818373203,-0.0008363594925962
1775068790489360100,238.21436010742187,-0.0159387428879737,-0.037771804511547,0.0334547815626487
1775068790499399200,238.22439916992187,0.0423965417027473,-0.0226718505352735,0.0528435918392613
1775068790509439200,238.2344392089844,0.1228888591744005,-0.0110381113648414,0.0915116693370975
1775068790519478000,238.24447802734372,0.1167687688589096,0.0486614473164081,0.0706224279022775
1775068790529518000,238.25451806640623,0.0314053382195532,0.094212653657794,-0.0253541301555
1775068790539557400,238.26455737304687,0.0035294893004,0.1113788925141096,-0.1334531059497967
1775068790549597400,238.2745974121094,0.0169873751580715,0.0793482620030641,-0.1633050772475078
1775068790559636500,238.28463647460936,0.0507797546446323,0.0437900418877601,-0.0940795653300359
1775068790569676500,238.29467651367187,0.0698817838691174,0.0056786301583051,-0.0648488494695164
1775068790579715600,238.30471557617187,0.077781012686342,-0.0350397491991519,-0.0115450745062902
1775068790589755600,238.3147556152344,0.0755167210161685,-0.0421492889434099,0.0574862482796423
1775068790599794700,238.3247946777344,0.0861316385328769,-0.0274731133371591,0.0638658115152269
1775068790609834500,238.33483447265624,0.1000982045650482,-0.0192459677398204,0.0384013711193576
1775068790619873500,238.34487353515624,0.0901566562652587,-0.0202665429592132,-0.0094802143983542
1775068790629913600,238.3549135742188,0.0783155579544603,-0.0141045131981372,-0.0474508842165581
1775068790639952400,238.3649523925781,0.0354873468361794,-0.0072615154355764,-0.0568723358986899
1775068790649992400,238.37499243164064,0.0842775350987911,0.0204284555226564,-0.0230743303889408
1775068790660031500,238.38503149414063,0.1246494391061365,0.0223825121998786,-0.0117176363279111
1775068790670071600,238.39507153320312,-0.0381153572522103,0.0510784453302621,0.0430682486855424
1775068790680110300,238.4051103515625,-0.1133342643655836,0.0715507399946451,0.0673396616382524
1775068790690149600,238.41514965820312,-0.0025042379058897,0.0447486577868461,0.0248905860306695
1775068790700189700,238.42518969726564,0.0628116993524134,0.0340332025051116,0.0339461452761664
1775068790710228500,238.435228515625,0.0377859791673719,0.0589554623156785,0.0074484345761127
1775068790720268500,238.4452685546875,-0.0076185121797025,0.0725134475469589,-0.0328476825149729
1775068790730307600,238.4553076171875,0.0028011750258505,0.0847404764354228,-0.0172010727076791
1775068790740347600,238.46534765625,0.0664648150324821,0.0590764583468437,0.0658546837775036
1775068790750386400,238.47538647460937,0.0665315966583788,0.0400748207569122,0.1003510468149557
1775068790760426500,238.48542651367188,0.0554477464556694,0.024075287592411,0.0611692111087031
1775068790770465500,238.49546557617188,0.0632687954701483,0.0259171160668134,0.0352068859269842
1775068790780505300,238.50550537109376,0.0570294626891613,0.0018348142117261,0.0163886603462509
1775068790790544400,238.51554443359376,0.0513829812347888,-0.0197363816052675,-0.0560497857357375
1775068790800584400,238.52558447265625,0.0263537539184093,-0.0023398411244153,-0.0611805179540067
1775068790810623700,238.53562377929688,0.0281119957625865,0.0118283849596977,-0.0649986332037486
1775068790820663600,238.54566357421876,0.021854104411602,0.0226157364338636,-0.0579435270604677
1775068790830702600,238.5557026367188,0.0422037956096231,0.0290150820821523,-0.000814476454351
1775068790840742700,238.56574267578125,0.0800058491289615,0.0565600916117429,0.0406367106896825
1775068790850781400,238.5757814941406,0.077230685327202,0.0457967055350542,0.0346907348320819
1775068790860821500,238.58582153320316,0.0488872188962996,0.0179798933267593,0.019955266786646
1775068790870860500,238.59586059570316,0.0251766729630529,-0.0195931737422943,-0.0267708102867007
1775068790880899300,238.6058994140625,-0.0050948389209806,-0.0786141025096178,-0.0367880724375136
1775068790890939400,238.615939453125,0.0128233873464167,-0.0923170491695404,-0.0242710841591469
1775068790900978700,238.6259787597656,0.0453906089521944,-0.0472492424309253,-0.0172771153522655
1775068790911018500,238.6360185546875,0.0622119798935949,-0.0137269120573997,-0.0247011461394838
1775068790921057500,238.6460576171875,0.0948643955647945,0.0398445191323757,-0.0306088723459281
1775068790931097600,238.65609765625,0.1062814232446253,0.0863683698982,-0.0413182814793661
1775068790941136600,238.66613671875,0.0880653830744326,0.0922936682939529,-0.0364972727973945
1775068790951176700,238.6761767578125,0.0487422574676573,0.0625800825536251,-0.0602414835382252
1775068790961215500,238.68621557617183,0.0438578464269638,0.0200099378496408,-0.0658335313916206
1775068790971255600,238.6962556152344,0.0577216827370226,0.0006686930418014,-0.034981187412329
1775068790981294600,238.7062946777344,0.0574010724805295,-0.0206055656552314,-0.0255290117983706
1775068790991334400,238.71633447265623,0.048432314735651,-0.0114917003512382,-0.0323997195517644
1775068791001373400,238.72637353515623,0.0264659821212291,0.0252419932842254,-0.0384846654886379
1775068791011413500,238.73641357421877,0.0251062380753457,0.0380792630255222,-0.0784719358262606
1775068791021452500,238.74645263671877,0.0507471675492823,0.0377338105887174,-0.062644873151835
1775068791031492400,238.75649243164065,0.0823592803873121,0.0010509703576564,-0.0523633523079566
1775068791041531600,238.7665317382813,0.0965444576062262,-0.0262917945981025,-0.0271123537333682
1775068791051571700,238.77657177734372,0.1195114916957914,-0.0327706352233886,-0.0449944675077684
1775068791061610500,238.78661059570317,0.0867361802972853,-0.0164624745011329,-0.0064198769796639
1775068791071649500,238.7966494140625,0.0686275460243225,0.0231447287440299,-0.0260685255025513
1775068791081689600,238.80668969726565,0.0602266512952744,0.0428209045946598,-0.0416013544707559
1775068791091728400,238.8167282714844,0.0948445218205451,0.0732347475588321,-0.0300128244152292
1775068791101768400,238.8267685546875,0.0868843565963208,0.0444791931957006,-0.0273858917114324
1775068791111807500,238.83680737304687,0.0540517620526254,0.0364706587851047,-0.0147425188407301
1775068791121847600,238.84684765625,0.0479261187791824,0.0321715002864599,0.0122918377529829
1775068791131886600,238.85688647460935,0.0557294860064983,0.0304220262706279,0.0163007446007803
1775068791141926400,238.86692651367187,0.067732204619795,0.0331985052466392,-0.0205554063705727
1775068791151965700,238.87696557617187,0.0690158146895468,0.0168728088676929,-0.0124873785913921
1775068791162005500,238.8870056152344,0.039352497831732,0.0215273566752672,-0.001972359518893
1775068791172044500,238.89704443359372,0.001782791763544,0.0395242011368274,0.0250092805068939
1775068791182084600,238.90708471679687,0.0089480072177946,0.074669164276123,0.0251016714980825
1775068791192123400,238.91712329101563,0.0355189110182225,0.0995715503424406,0.0008241027992218
1775068791202163500,238.92716357421875,0.0759634418703615,0.0645978521168231,0.0230214128916151
1775068791212202500,238.9372023925781,0.1071617132104933,0.0589127922177314,0.0429681127793155
1775068791222242600,238.94724267578124,0.1268785133324563,0.0340168358922004,-0.0029392500559799
1775068791232281300,238.95728125,-0.0093580493234097,0.0085047934949398,-0.0431825227149762
1775068791242321400,238.9673212890625,-0.1956733787477016,0.0426052160173654,-0.0867420072498731
1775068791252360700,238.97736059570312,-0.0814215611457824,0.0811217014163732,-0.0111351602648384
1775068791262399500,238.9873994140625,0.1822704379476606,0.0655430240124464,0.0220116147945635
1775068791272439600,238.997439453125,0.1641034976162016,0.0756020612120628,0.0336069764496758
1775068791282478600,239.007478515625,0.0134042559742927,0.1054974332600831,0.0778698417472653
1775068791292518700,239.0175185546875,0.0816623841643333,0.1456073253303766,0.0252986371085979
1775068791302557400,239.02755737304688,-0.0080206632398068,0.1681272001743316,-0.0349155930965207
1775068791312597500,239.03759741210936,-0.0962649100124835,0.1563315484404563,-0.0520982716309837
1775068791322636500,239.04763647460936,-0.0081330375730991,0.0843605372071266,-0.0377427428138442
1775068791332676400,239.05767626953124,0.1220434943914413,0.0159206227093935,-0.0019012122451327
1775068791342715400,239.06771533203124,0.1579167718052864,0.0142062200069427,0.0146728694043122
1775068791352755500,239.07775537109376,0.0613233604907989,0.0211485864907503,0.0070824325416237
1775068791362794800,239.0877946777344,-0.0704101916573941,0.0263496622651815,-0.002674516438879
1775068791372834600,239.09783447265625,-0.0657867696404457,-2.51344412565e-05,-0.0021785130828619
1775068791382873600,239.10787353515624,0.0853344968058168,-0.0440823028326034,0.0698703126270323
1775068791392913700,239.1179135742188,0.1792167494654655,-0.0065974985688924,0.1091955753919668
1775068791402952400,239.12795239257807,0.1114377830944955,0.0407511125832796,0.0644617498480714
1775068791412992500,239.1379924316406,0.02677680163607,0.0751379508316516,-0.0345738669867627
1775068791423031600,239.14803149414064,0.0237888718664646,0.0828963098734617,-0.1109292307841591
1775068791433071600,239.15807153320316,0.0703320118546485,0.0554997689038515,-0.1000405743599869
1775068791443110400,239.1681103515625,0.1270680445551872,0.0244645791709423,-0.0712323947604745
1775068791453149400,239.1781494140625,0.1454068343222141,0.0223158767044544,-0.0055518985060974
1775068791463189500,239.188189453125,0.1540029593624174,0.0023614684343338,0.0062826239334419
1775068791473228500,239.198228515625,0.138277128572762,-0.0134124392807483,0.0202476738619618
1775068791483268600,239.2082685546875,0.10332125826478,0.0038888241320848,0.0485038821345195
1775068791493307600,239.2183076171875,0.0942109000921249,0.0081382982701063,0.0144822970019653
1775068791503347700,239.22834765625,0.0750200235404074,-0.0012368483185768,-0.0307147073405794
1775068791513386500,239.23838647460937,0.0377110142350196,0.0006949965268373,-0.0170515995007008
1775068791523426600,239.2484265136719,0.0313560922503471,-0.0026963994771242,0.0020095131915062
1775068791533465300,239.25846533203125,0.2094515826009214,-0.0072784665703773,0.0086956764245405
1775068791543505400,239.2685053710937,0.1876173519335687,-0.0258826292753219,-0.0006562171527184
1775068791553544200,239.27854418945316,-0.0133842360995709,-0.0204582661390304,0.0608199227469973
1775068791563584300,239.2885842285156,-0.01234627135396,0.0403361020416021,0.0439524659078568
1775068791573623300,239.2986232910156,0.0919488003790378,0.1028466264903545,0.017134163217619
1775068791583663000,239.3086630859375,0.1391968737661838,0.1249719490587711,-0.0096962317692115
1775068791593702400,239.31870239257813,0.0882451235555112,0.1204419044137,-0.0568909858002327
1775068791603742500,239.32874243164065,0.0307657251417636,0.1117009640753269,-0.0231639266348443
1775068791613781200,239.33878125,0.0524771331470459,0.0784521899461746,0.0271622207570821
1775068791623821300,239.3488212890625,0.0899392141222953,0.0785527277112007,0.0552674945179373
1775068791633860400,239.3588603515625,0.1114648172318935,0.0715618459105491,0.0876902661517262
1775068791643899100,239.3688991699219,0.0844222773317247,0.0788742147505283,0.0593147423484362
1775068791653939200,239.3789392089844,0.0394620956860482,0.0600111088484525,0.0112523569037206
1775068791663978200,239.3889782714844,0.0490401444356888,0.0441349098026752,0.0080411215059459
1775068791674018300,239.3990183105469,0.0649975189588964,0.0208054721415042,-0.0255654713512398
1775068791684057300,239.4090573730469,0.0735770581904798,0.0257651403754949,-0.0317345884402282
1775068791694097400,239.41909741210935,0.0738682962220162,0.0548088640302419,0.0028031112546101
1775068791704136400,239.42913647460935,0.1040824518956243,0.0999953287124633,-0.0009270517170429
1775068791714176500,239.43917651367187,0.0810100577354431,0.0982101988613605,0.0217260941177606
1775068791724215300,239.4492153320313,0.0528967467986047,0.0814800133347511,0.0547513434230349
1775068791734255400,239.45925537109372,0.0618412468850612,0.0403378556072711,0.0548655809198506
1775068791744294400,239.46929443359372,0.0668926850557327,0.0095224461048841,0.0592334938057698
1775068791754334200,239.47933422851565,0.096482352155447,0.0144739310324192,0.0767077756979502
1775068791764373200,239.4893732910156,0.1214040274441242,0.0308130714148282,0.0824796188313514
1775068791774413300,239.4994133300781,0.134020201780647,0.0320440745145082,0.0802601526835933
1775068791784452400,239.5094523925781,0.1072129319410771,0.0278226574271917,0.0229421371103264
1775068791794492200,239.5194921875,0.1110020220257341,0.0259364052891731,0.0331075390275567
1775068791804531500,239.52953149414063,0.1237665918570011,0.044500820505619,0.0610767470522783
1775068791814571300,239.5395712890625,0.1381797326128929,0.0253255799144506,0.0368101746714673
1775068791824610300,239.5496103515625,0.1421333656094968,0.0166045133203268,0.0280805411783978
1775068791834649300,239.5596494140625,0.1238379035275429,-0.0038093291550874,0.0485467166292481
1775068791844689400,239.569689453125,0.1120259582459926,0.0254588509052991,0.0236760591417551
1775068791854728200,239.5797282714844,0.1228979923289269,0.0132779992461204,-0.0061261364637874
1775068791864768300,239.58976831054687,0.1136369736392051,0.0214636437892913,-0.0024864282545633
1775068791874807300,239.59980737304687,0.0867383722543716,0.0288823956131935,0.0098288086403161
1775068791884847400,239.6098474121094,0.0690623572450131,0.0554518381088972,0.0034339382377453
1775068791894886100,239.61988623046875,0.0628290158133953,0.0785971513748168,-0.0092517942036502
1775068791904926200,239.62992626953124,0.0927098478794097,0.1116793367654085,-0.0230778009876608
1775068791914965500,239.63996557617187,0.1123767444450408,0.1309212128520011,-0.0389426018565893
1775068791925005300,239.65000537109376,0.1326583388429135,0.1162356848955154,-0.0501590289304032
1775068791935044400,239.66004443359373,0.1417113408051431,0.0756692812293767,-0.0348371940980665
1775068791945084400,239.67008447265624,0.1090706155717372,0.0299877265065908,-0.0415754893771372
1775068791955123500,239.68012353515624,0.0450350735127925,0.0086287121355533,-0.1112941916390322
1775068791965163300,239.6901633300781,0.0106464816987514,0.0114408469468355,-0.17618408550499
1775068791975202300,239.7002023925781,-0.0289736540932208,0.0354430693030357,-0.161014993548952
1775068791985242400,239.71024243164064,-0.0105271661680191,0.0396972196161746,-0.1138520046293735
1775068791995281200,239.72028125,0.0373720646042376,0.0426209981083869,-0.0501466078402474
1775068792005321200,239.7303212890625,0.0592458966296166,0.0071370122730731,0.018092084996961
1775068792015360300,239.7403603515625,0.0412380193173885,-0.011857611054182,0.0389501641085371
1775068792025399300,239.7503994140625,-0.0062601563733071,-0.0275672213613986,0.0418539409923367
1775068792035439400,239.760439453125,-0.037239816526696,-0.0405944607168436,0.0145676919967867
1775068792045478400,239.770478515625,-0.0251683435261249,-0.0402887557685375,0.0410127043952234
1775068792055518500,239.7805185546875,0.0389911902386695,0.0263128373861312,0.060098969794996
1775068792065557200,239.79055712890624,0.0743535224556922,0.0608972440332174,0.0862397385498508
1775068792075597300,239.80059741210937,0.0537012681145221,0.0615934096038341,0.0922379560513421
1775068792085636400,239.8106362304688,-0.0861608646273612,0.0763882431536912,0.0560005945654585
1775068792095676400,239.82067651367188,-0.2054676640639081,0.1066530330359935,0.0255165907082147
1775068792105715200,239.83071508789064,-0.0121873179325833,0.0712234077364206,0.0724080692100338
1775068792115755300,239.84075537109376,0.0583528202474117,-0.0206634333223104,0.0385162844696082
1775068792125794300,239.85079418945315,-0.1676794929394498,-0.0366390010893344,0.063086041048076
1775068792135834000,239.8608342285156,-0.1379939642498269,-0.0267857155948877,0.1053784465229138
1775068792145873400,239.8708732910156,0.0068190323650836,-0.0681301178961992,0.0930238639983348
1775068792155913500,239.88091357421877,-0.0999076504290103,-0.0866354964017868,0.0798592437325045
1775068792165952300,239.8909521484375,-0.2455097515949979,-0.045793198403716,0.0720613929305225
1775068792175992300,239.90099243164065,-0.2652431740581989,-0.0043494273811578,0.0615073935545049
1775068792186031400,239.91103125,-0.1245873701879754,-0.0022194296151399,0.0572749070839025
1775068792196071400,239.92107153320316,-0.0200946935236453,-0.0187695823997259,0.0520925177436321
1775068792206110200,239.9311101074219,-0.1008347021460533,-0.0369780237853527,0.033159616274666
1775068792216150300,239.941150390625,-0.2167172992875799,-0.0327823256611824,0.0500322059466503
1775068792226189300,239.9511892089844,-0.2508511126229539,-0.0233890588939189,0.0835990604484919
1775068792236228400,239.9612282714844,-0.1679600269138813,-0.0225596223324537,0.094820711686695
1775068792246268200,239.97126806640625,-0.1249228126874193,-0.0021732523858547,0.1133971278681885
1775068792256307500,239.9813073730469,-0.1241851825952529,-0.0107148707598447,0.0926349468791391
1775068792266347500,239.99134741210935,-0.1279062854776158,-0.0273953719258308,0.01374589988566
1775068792276386300,240.00138623046877,-0.1427683025121688,-0.0881271962642669,-0.1238125772900413
1775068792286426400,240.01142626953128,-0.1444576073059812,-0.1269201605170965,-0.1523374829687643
1775068792296465400,240.02146533203128,-0.1372668007527478,-0.1497393105685711,-0.1021223308037966
1775068792306505200,240.03150512695316,-0.1130243216335773,-0.1474374633669853,-0.0693189806208945
1775068792316544300,240.04154418945316,-0.1198667348742485,-0.1262958911389112,-0.0174360870399512
1775068792326584300,240.0515842285156,-0.1422130067169666,-0.1252197863399982,0.0192035533702
1775068792336623400,240.0616232910156,-0.1431458853865973,-0.0843506003350019,0.0586714303430635
1775068792346663200,240.0716630859375,-0.1392997496187686,-0.0506798014014959,0.0297821026655845
1775068792356702200,240.0817021484375,-0.1547381417691707,-0.0343763168543577,0.0101248963769059
1775068792366742300,240.0917421875,-0.1649731017912737,-0.0372404741138219,0.0008681337371934
1775068792376781300,240.10178125,-0.2194762608732096,-0.0211187758743762,-0.0345002537612803
1775068792386821400,240.1118212890625,-0.2301426345825195,-0.0349321971714496,-0.0415839192787651
1775068792396860400,240.1218603515625,-0.0793698893129825,-0.0720873310893774,-0.0110033597118686
1775068792406899200,240.1318991699219,-0.1086252098917961,-0.0815688606619834,-0.000165520159481
1775068792416939300,240.1419392089844,-0.2045943518280983,-0.0801432117730379,0.0043870011788792
1775068792426978300,240.1519782714844,-0.2127250513136386,-0.0541904398709535,-0.0069214424267876
1775068792437018400,240.16201831054687,-0.1597463435863144,-0.0668511840015649,-0.0304348218201193
1775068792447057200,240.17205712890623,-0.1072398930132389,-0.0450987863987684,-0.0199063313446938
1775068792457097200,240.18209716796875,-0.1172550728048197,-0.0330769246935844,-0.0254055863481014
1775068792467136300,240.19213623046875,-0.1675134521901607,-0.0294382759302854,-0.0028317802266683
1775068792477176300,240.20217626953124,-0.19347557644248,-0.0237052852362394,0.0622348036467563
1775068792487215400,240.2122153320313,-0.183986429818999,0.0086614453613758,0.0931984899128787
1775068792497255400,240.22225537109372,-0.156035798630584,-0.0001227495968341,0.0427509537641424
1775068792507294500,240.23229443359372,-0.1447182858024723,0.0024696049839258,0.0199973797621671
1775068792517334300,240.24233422851563,-0.1132733462248928,-0.0012292495340108,-0.0175753402470145
1775068792527373300,240.25237329101563,-0.0994739534531719,-0.0192927294909954,-0.0435245593519881
1775068792537413600,240.26241357421875,-0.1283914203797466,-0.0752197838962078,-0.0590704852637834
1775068792547452400,240.2724523925781,-0.1325941145002842,-0.0989712463617324,-0.0367206058250274
1775068792557492500,240.28249243164063,-0.1508417005862109,-0.1073041904211044,-0.0014474314624909
1775068792567531500,240.29253149414063,-0.211629657292366,-0.119226098883152,0.1052789134048856
1775068792577571600,240.30257153320312,-0.2427496026992797,-0.0950906055361032,0.1214328060140367
1775068792587610400,240.3126103515625,-0.2317407174289226,-0.055243163794279,0.0992355963863432
1775068792597650400,240.322650390625,-0.176640176975727,0.0366793330997228,0.1047178454560227
1775068792607689700,240.33268969726564,-0.1514799984897487,0.1357867730617523,0.0806706057811621
1775068792617728500,240.342728515625,-0.1244774435400962,0.1599228509306907,0.0174927628303645
1775068792627768600,240.3527685546875,-0.1465712019264698,0.1743254702925682,-0.0309464063377585
1775068792637807600,240.3628076171875,-0.1584217804516665,0.1780921293497085,-0.0305312085664132
1775068792647847400,240.37284741210937,-0.1394377059178892,0.1597007326126098,0.0100717551172943
1775068792657886500,240.38288647460936,-0.1213572656929492,0.1142144082009792,0.0148390859668259
1775068792667926500,240.39292651367188,-0.1103331828534603,0.0871165579169988,0.0259908617230365
1775068792677965600,240.40296557617188,-0.0821346778512001,0.0655395168811082,0.0012867370335326
1775068792688005400,240.41300537109376,-0.1002478695682715,0.0413946711838245,-0.0280692388996714
1775068792698044400,240.42304443359376,-0.1155529815946705,0.0064548752278089,-0.0725563642400782
1775068792708084500,240.43308447265625,-0.0719195915733464,-0.0545411530047655,-0.0509217980304034
1775068792718123500,240.44312353515625,-0.0721510439753532,-0.0932587139338254,-0.0198718103038729
1775068792728163600,240.4531635742188,-0.0518108512580394,-0.1263052434891462,-0.0292643669683719
1775068792738202600,240.4632026367188,-0.0342892413591034,-0.1482879427164793,-0.0039026585779036
1775068792748242700,240.47324267578125,-0.0384077825938351,-0.1972188546240329,-0.0248148972958209
1775068792758281500,240.4832814941406,-0.0543371548652648,-0.2522925070703029,-0.0614289808563189
1775068792768321500,240.49332153320316,-0.0698725959156639,-0.2708580913305282,-0.0710237113127019
1775068792778360600,240.50336059570316,-0.1339104760621674,-0.2506798111766576,-0.048939264177368
1775068792788400400,240.513400390625,-0.2004115131855011,-0.1905646574318409,-0.0580511795528698
1775068792798439400,240.523439453125,-0.2305997307002544,-0.0977016648173332,-0.0488381647233385
1775068792808478700,240.5334787597656,-0.2393488726113923,0.0156382986366748,-0.0522232497175224
1775068792818518500,240.5435185546875,-0.2107458601951599,0.1403273391008377,-0.1030211702065076
1775068792828557600,240.5535576171875,-0.1334147832334041,0.2404758125483989,-0.1090461021849885
1775068792838597600,240.56359765625,-0.0673310764729976,0.3078460519880056,-0.152250562737137
1775068792848636700,240.57363671875,-0.0334440044403076,0.3095242143332958,-0.180256979233399
1775068792858676500,240.58367651367183,0.049745132633578,0.2296416993230581,-0.1868249411805533
1775068792868715500,240.5937155761719,0.1511152750968933,0.0767500622034072,-0.170623327839002
1775068792878755600,240.6037556152344,0.2072737819041125,-0.0719341863542795,-0.1819057693537324
1775068792888794400,240.6137944335937,0.1443710615336895,-0.2174789678424596,-0.1156179274565074
1775068792898834400,240.62383447265623,0.1003880908897146,-0.3600532090872526,-0.0932726419944781
1775068792908873500,240.63387353515623,0.0766810703541152,-0.4355979871541261,-0.1299447142363526
1775068792918913500,240.64391357421877,0.0948223099887371,-0.3820253869205713,-0.1108095316609367
1775068792928952600,240.65395263671877,0.0167476481180638,-0.2306400627106428,-0.1572750033030286
1775068792938992400,240.66399243164065,-0.0863245307564735,-0.0546247396349906,-0.2180709789188578
1775068792949031700,240.6740317382813,0.062598787254095,0.1466588802099228,-0.2426845198401249
1775068792959071700,240.68407177734372,0.232030603753589,0.2740460737168789,-0.285056365493033
1775068792969110500,240.69411059570317,0.1370867497444153,0.3209229757040739,-0.2578799700801261
1775068792979150600,240.70415063476565,0.0793675512254238,0.2797930929362773,-0.1976641872387379
1775068792989189600,240.7141896972656,0.1156897414505481,0.1638590213358402,-0.1736046086721122
1775068792999228400,240.724228515625,0.0940834743201732,0.0509159482449293,-0.1976087124581448
1775068793009268500,240.7342685546875,-0.0894120119104161,-0.0524918192595243,-0.2491867230746895
1775068793019307500,240.7443076171875,-0.1834475554356351,-0.0956172597587108,-0.3350217167485505
1775068793029347300,240.75434741210935,-0.0725192927658557,-0.1081967553466558,-0.2577427353002131
1775068793039386600,240.76438671875,0.0492295660605654,-0.08019523422122,-0.1895289759748615
1775068793049426400,240.77442651367187,0.0546118436207994,-0.0274701907277107,-0.1723159023021347
1775068793059465700,240.7844658203125,-0.0110767263421788,0.0605500380307435,-0.0844971509325318
1775068793069505500,240.7945056152344,-0.0703951767513528,0.0448193849354982,-0.0196684674682095
1775068793079544600,240.8045446777344,0.0052221185624599,0.0154740479856729,-0.0127179907431825
1775068793089584600,240.81458471679687,0.0804909657647833,-0.0256552502602338,-0.0033789383811876
1775068793099623400,240.82462353515623,0.0879939252734184,0.0921241569459438,0.1644720021350309
1775068793109663500,240.83466357421875,0.0474526560485362,0.1099216794431209,0.074727744329255
1775068793119702500,240.84470263671875,0.0221299622109159,0.104337741830945,-0.1415800425756722
1775068793129742600,240.85474267578124,-0.0017735124785453,0.1234177053540944,-0.1924837889261543
1775068793139781400,240.86478149414063,-0.029758009403944,0.1198410159111022,-0.2457004701278172
1775068793149821400,240.87482153320312,-0.0341618703860789,0.0231312847405672,-0.2015646835423074
1775068793159860700,240.88486083984372,0.0433481433391571,-0.0819552296310663,-0.0435554111479781
1775068793169900500,240.89490063476563,0.198315417689085,-0.1844178252398967,0.1991264600773341
1775068793179939600,240.90493969726563,0.2073661180963739,-0.1339063661426305,0.1655384988553822
1775068793189979600,240.9149797363281,0.0999216789543628,-0.0610679244250059,0.0369376917749643
1775068793200018700,240.9250187988281,0.0529576832056045,-0.0111181908637285,-0.1934177453080192
1775068793210057500,240.93505737304687,0.0172048903662711,-0.1044353569865226,0.1754452133038081
1775068793220097500,240.94509765625,0.0612486147541552,0.0255208102256059,0.2562783618360758
1775068793230136600,240.95513647460936,0.3048550534784793,0.1482061096519231,0.0528571089079603
1775068793240176400,240.96517626953124,0.3107879506587982,0.2582207280755043,-0.1390196723020635
1775068793250215400,240.97521533203124,-0.0281938653597608,0.0956172597587108,0.1805212196601554
1775068793260255500,240.98525537109376,-0.0760206519503146,0.0482698176503181,0.1341437368287704
1775068793270294500,240.99529443359376,-0.0017968202888965,0.0665904872387647,0.061299486424867
1775068793280334600,241.00533447265624,0.0242038093429058,0.0994189901292324,-0.1105296918062493
1775068793290373600,241.01537353515624,-0.0765279438853263,-0.0597533346951007,0.0295184102280996
1775068793300413700,241.0254135742188,0.0430640657007694,-0.2115501623153686,0.227710566863697
1775068793310452500,241.0354523925781,0.1598035353999584,-0.1025590417206287,0.0315331110513769
1775068793320492500,241.04549243164064,0.0565675442658364,0.0746036978244781,-0.0819460599439218
1775068793330531600,241.05553149414064,-0.0713444768328219,0.0267360312342643,-0.0515991812687367
1775068793340571600,241.06557153320315,0.1115220273118466,-0.1519295140892267,0.1749265049256384
1775068793350610400,241.0756103515625,0.2710485724013298,0.0179500827103853,0.3896636267140507
1775068793360650500,241.085650390625,0.2812192532818764,0.1481651931196451,0.194537798846513
1775068793370689500,241.095689453125,0.1789372749369591,0.1629495052754878,-0.0487035694250836
1775068793380729300,241.10572924804688,0.1665769750576466,0.1057061075747013,-0.1099794557786546
1775068793390768600,241.1157685546875,0.1150092849057167,-0.008912789773941,-0.0943044418607838
1775068793400807700,241.1258076171875,0.1204080021440982,-0.0715174222469329,0.0104843773390632
1775068793410847500,241.13584741210937,0.0914401932697743,0.01633738681674,0.132320284261275
1775068793420886500,241.14588647460937,0.1007341643810272,0.008511807757616,0.1164633653047028
1775068793430926600,241.1559265136719,0.1474140824913978,0.0346101256102323,0.0722585320709738
1775068793440965400,241.16596533203125,0.202608073381707,-0.017892799565196,0.0435090512556023
1775068793451005400,241.1760053710937,0.2339467030405998,0.0051367783665657,0.0605423479146324
1775068793461044500,241.1860444335937,0.2199449926298111,-0.0521340918630361,0.0152066383542958
1775068793471084500,241.19608447265625,0.1462087983548641,-0.1394119778215885,-0.0148094648634083
1775068793481123300,241.2061232910156,0.0693487729709595,-0.1369879655450582,0.0994389369387179
1775068793491163400,241.21616333007813,0.012361541988328,-0.0843190361529588,0.1177498614512849
1775068793501202700,241.22620263671877,0.0652326428890228,0.060249009257555,-0.1149117976143024
1775068793511242800,241.23624267578128,0.0613419921260327,-0.3810714471966028,0.0232618797171395
1775068793521281500,241.24628149414065,0.1431890121422707,-0.1352934365868568,0.1601364206161349
1775068793531321600,241.25632153320316,0.2461046852808445,0.2056207722663879,0.0385863540311344
1775068793541360600,241.26636059570316,0.1745113482534885,0.2631529237806796,0.0106779819487128
1775068793551400700,241.2764006347656,0.134258978972584,0.3644838850110769,0.0255523287418764
1775068793561439700,241.2864396972656,0.1155016715325415,0.293721665045619,0.0621871833790559
1775068793571479600,241.2964794921875,0.1073661497414112,0.1877946081966161,-0.0226968936449848
1775068793581518600,241.3065185546875,0.1162543895959854,0.028008535388112,-0.0232331468129996
1775068793591557600,241.3165576171875,0.1119651679694652,0.0042407063096761,0.0302567664060508
1775068793601597400,241.32659741210935,0.1551907078422605,-0.040735330492258,-0.0138993368817027
1775068793611636700,241.33663671875,0.1550738034643232,-0.0873030203998088,-0.0340139817814109
1775068793621676800,241.3466767578125,0.165865246591717,-0.0947849005877971,-0.0934191651925444
1775068793631715600,241.3567155761719,0.1609529246307909,-0.07519698754251,0.0488764143744949
1775068793641755600,241.3667556152344,0.1788823298793286,0.065668696218729,-0.0053116645760135
1775068793651794700,241.3767946777344,0.1270950786925852,0.1132066924631595,-0.0676843240571906
1775068793661834800,241.38683471679687,0.2238321362614631,0.1559697293907403,0.0560264322596136
1775068793671873500,241.39687353515623,0.2210042193591594,0.1071317564636468,0.0119553769068093
1775068793681913600,241.40691357421875,0.1850831572808325,0.0145288760900497,0.0016994174791616
1775068793691952600,241.41695263671875,0.1773791587747633,-0.0002747252881526,0.0298307093139737
1775068793701992700,241.4269926757813,0.2088192760467529,-0.0139689041197299,-0.0155181588387466
1775068793712031500,241.43703149414063,0.1828489684879779,0.0194973121523857,0.0372312907269457
1775068793722071600,241.44707153320311,0.1267136781595647,0.1221329262405633,0.0222883813427528
1775068793732110800,241.45711083984372,0.1378887137770652,0.0461433270156383,-0.0238443466470576
1775068793742150700,241.46715063476563,0.0756723499692976,-0.067850716432929,-0.1372329624152276
1775068793752189700,241.47718969726563,-0.1672059936761856,-0.0201075530052185,-0.1649591645974665
1775068793762229800,241.4872297363281,-0.2663151872038841,-0.0252630360722541,-0.2898283839341253
1775068793772268800,241.4972687988281,0.4781237081944942,-0.0319739318877458,-0.3822645659713074
1775068793782308600,241.50730859375,0.7569057243920863,0.1230073709875345,-0.0102231017625948
1775068793792347600,241.51734765625,0.2728032340489327,0.1222246961772441,-0.0235891845759004
1775068793802386700,241.52738671875,0.150270933227241,0.2759416782051325,-0.2156390938631258
1775068793812426500,241.53742651367187,0.1328651865266263,-0.0442167428672313,0.0470211144971661
1775068793822465500,241.54746557617187,0.0426689289033412,-0.185707865050435,0.2816430133855901
1775068793832505600,241.5575056152344,-0.0574025337852537,-0.0602618687391281,0.221345452278573
1775068793842544600,241.5675446777344,0.130212772321701,0.1665904921263456,-0.1440339750664308
1775068793852584700,241.57758471679688,0.0835201408602297,0.2611123578637838,-0.4341927234660834
1775068793862623700,241.58762377929688,0.079794252204895,-0.0729588532269001,-0.31252489398662
1775068793872663800,241.59766381835936,0.2614740307830274,-0.0213461548894643,0.1035531673245132
1775068793882702600,241.6077026367188,0.354949748468399,0.0835603267401456,0.2592745297110639
1775068793892742700,241.61774267578124,0.251310364165157,0.2047755536139011,0.0791462366249412
1775068793902781700,241.62778173828124,0.2153602221228182,0.1643880136460065,-0.1604170276558026
1775068793912821800,241.63782177734376,0.1972434045433998,0.2411801614254713,-0.0501410366159863
1775068793922860500,241.64786059570312,0.023402941288799,0.1845955198943615,-0.0996900438892655
1775068793932900600,241.65790063476564,-0.0048119303263723,0.353069926071167,-0.288331788700819
1775068793942939600,241.66793969726564,-0.108306353200972,0.7917822458535433,-0.7338262429039925
1775068793952979500,241.6779794921875,-0.5281446072958409,-0.2981190232217311,-0.5021210351798683
1775068793963018800,241.68801879882807,-0.0185420572541654,-0.4989473005145788,0.429063690014556
1775068793973058800,241.6980588378906,0.3615405250355601,-0.2318061838805675,0.739630106877163
1775068793983097600,241.70809765625,0.4018411173723638,0.037702830928564,0.1008883868283592
1775068793993137700,241.7181376953125,0.3806929692730307,0.1482891117602586,-0.163640264018625
1775068794003176700,241.7281767578125,0.2883082616947591,0.0181038119673728,-0.0327649909338913
1775068794013215500,241.73821557617188,0.1822140315853059,-0.0119733463883399,0.1300696009913459
1775068794023255600,241.7482556152344,0.1285223350167274,-0.037018355795741,0.1936169211419299
1775068794033294600,241.7582946777344,0.0966984791241586,-0.1729284629762172,0.1839579161105677
1775068794043334700,241.7683347167969,0.3608941899560391,-0.2405956395357847,0.1694620289746672
1775068794053373700,241.77837377929689,0.4691349305748939,-0.1545522638082504,0.1132670169488061
1775068794063413500,241.78841357421877,0.0859666572295129,-0.0246843594014644,0.1136960834152996
1775068794073452800,241.79845288085937,0.0307633870542049,0.0530073675662279,0.2184881631513126
1775068794083492900,241.8084929199219,0.1950093618810176,0.0957388403117656,0.1921452046215534
1775068794093531600,241.81853173828125,0.2125603622712194,0.1436082604676485,0.1677247568532824
1775068794103571700,241.8285717773437,0.1178382977865636,0.1190489887505769,0.2306530317900702
1775068794113610800,241.8386108398437,0.0548259612955152,0.2527075176119804,0.2147044250952079
1775068794123650600,241.8486506347656,0.1886230218447744,0.4283697894662618,-0.1361022322190925
1775068794133689600,241.8586896972656,-0.1558754752360284,0.5402934563815593,-0.1563999923004768
1775068794143729700,241.8687297363281,-0.230441909790039,0.3296913885712623,0.2350986678210087
1775068794153768400,241.8787685546875,0.1730789773628115,0.3417769631624222,0.0974195234077051
1775068794163808500,241.88880859375,0.09890110373497,0.2394037994027137,0.0049198659465648
1775068794173847600,241.89884765625,-0.024517186141014,0.0567097292155027,-0.0872050399180501
1775068794183887600,241.9088876953125,-0.0143663790047168,-0.0506605121791362,-0.219242470383644
1775068794193926700,241.9189267578125,0.0212555539965629,-0.091025255793333,-0.2053919684791937
1775068794203965700,241.92896557617183,0.0387058704912662,-0.0682289020955562,-0.1021950033143628
1775068794214005800,241.939005859375,0.0270374983988702,-0.0139209733247756,-0.0323851613034494
1775068794224044500,241.9490444335937,0.0226958159327507,-0.0534580339431762,-0.0882242451642639
1775068794234084600,241.95908471679687,-0.0235971486866474,0.0016255553752183,-0.144598413149314
1775068794244123600,241.96912353515623,-0.0083539868474006,0.0946861163884401,-0.1147752752204425
1775068794254163700,241.97916381835935,0.0510147324442863,0.215367090255022,-0.0745702430794481
1775068794264202500,241.9892023925781,0.0759843385279178,0.2372930908590555,-0.0847104648896493
1775068794274242600,241.9992426757813,0.0521707706116139,0.1684375812977552,-0.0348735349199268
1775068794284281900,242.0092817382813,0.038767829811573,0.0938783071368932,-0.0038272301379591
1775068794294321700,242.01932177734372,0.1125150569371879,0.0985042133718729,-0.0242407164203468
1775068794304360700,242.02936059570317,0.1946037036895752,0.1138964282929897,0.1325568329635076
1775068794314400800,242.03940087890624,0.1262308630786836,0.2668015094161033,0.0237417721885722
1775068794324439800,242.04943969726563,-0.0663841510117053,0.3329360695809126,-0.1836652898395434
1775068794334479600,242.0594797363281,-0.2205808793805539,0.3437105615735054,-0.2487879695480689
1775068794344518700,242.0695185546875,-0.1369197226144373,0.188339382597804,-0.0725985868134535
1775068794354558700,242.07955883789063,0.1253692778132855,-0.0960492214351892,0.2026539948826655
1775068794364597500,242.08959741210936,0.3530114738821983,0.1345429104804992,-0.1045202679241541
1775068794374637600,242.09963745117187,0.2713676482878625,0.2644154910624027,-0.3484405492374673
1775068794384676600,242.10967651367187,0.1065279453516006,0.013481997385621,-0.1081661318795289
1775068794394716700,242.1197165527344,0.1594764223374426,-0.1080856961876153,0.0626709072088124
1775068794404755700,242.1297556152344,0.1903219347171485,0.0884714796572923,-0.1422370360465254
1775068794414794800,242.1397946777344,0.0636930122315883,0.1065133323043584,-0.2607186823710799
1775068794424834800,242.14983471679687,0.0184252990067005,-0.0532090276181697,-0.2026609178137965
1775068794434873600,242.15987353515624,0.0373627853192389,-0.128500707706809,-0.0148930309440358
1775068794444913700,242.16991357421875,0.0171732531189918,-0.0944359410196542,0.0543359127562493
1775068794454952700,242.17995263671875,-0.0211433257937431,0.0128314245223999,0.0159845456579234
1775068794464992800,242.18999267578124,0.024277678296715,0.0771995595365762,0.0258955389892449
1775068794475031600,242.20003149414063,0.0653546618334948,0.1088514198631048,0.0113193120595533
1775068794485071600,242.21007153320312,0.0741910253703594,0.0839011030018329,0.0078156056543812
1775068794495110700,242.22011059570312,0.0651112084664404,0.046927170869708,0.0009648081778548
1775068794505150500,242.230150390625,0.0077509063877165,0.0116600426554679,-0.1554045332560315
1775068794515189800,242.24018969726563,-0.1840517684064805,0.0434182859659194,-0.2737592926647514
1775068794525229600,242.2502294921875,-0.2054454156994819,0.0579331335306167,-0.1247789746367838
1775068794535268900,242.2602687988281,0.2134241394937038,-0.0568669656038284,0.0435748099681921
1775068794545308700,242.27030859375,0.5066076060093939,-0.1342868898928165,0.010517950815102
1775068794555347700,242.28034765625,0.2273709779120981,0.0772930830389261,0.0347345557074993
1775068794565387800,242.2903876953125,0.1092541554450988,0.265588041973114,0.1243812896892428
1775068794575426600,242.30042651367188,0.1273217270553112,0.4821978257656097,0.1519511779317632
1775068794585466600,242.3104665527344,-0.0674678545951843,0.0791261436849832,0.2864545053205453
1775068794595505700,242.3205056152344,-0.2714531346142292,-0.2884364181190729,-0.2390683569032698
1775068794605544700,242.3305446777344,0.0281622646450996,0.1676981611073017,-0.0198132645000703
1775068794615584500,242.34058447265625,0.2267721352361142,0.0730886170864105,0.1113695766964927
1775068794625623800,242.35062377929688,0.2448256783209741,-0.012023615270853,0.0472396708849817
1775068794635664000,242.36066381835937,0.1669523111760616,-0.0225473473727703,0.0258571660405024
1775068794645702700,242.3707026367188,0.039791619901359,0.0226361947000026,0.0117477940041571
1775068794655742700,242.38074267578125,0.011032412276417,0.0527314732342958,0.0491332843455485
1775068794665781800,242.39078173828125,0.0542250727929174,0.0249187526792287,0.0996420217627659
1775068794675821800,242.4008217773437,0.08781842257604,-0.0571393528044223,0.1444898290751501
1775068794685860600,242.41086059570316,0.0542659893251955,-0.0583534047693014,0.1608661048638634
1775068794695900700,242.4209006347656,0.1088356377720832,-0.0319973127633333,0.0525487370785325
1775068794705939700,242.4309396972656,-0.0119990653514862,-0.018373861080408,0.01774655949492
1775068794715979800,242.44097973632813,0.0194682321883738,0.0207464354306459,0.0747751636675558
1775068794726018600,242.4510185546875,0.1138905830740928,0.0269224937170743,0.0663401292068883
1775068794736058600,242.46105859375,0.1354747845031321,0.0710322690784931,0.0385185860245488
1775068794746098000,242.47109790039065,0.1021872127335518,0.1349649352848529,0.0485597953065298
1775068794756137700,242.4811376953125,0.0708474870961159,0.1092635077953338,0.0572589971287176
1775068794766176800,242.4911767578125,0.0493557862561196,0.0886310541331768,0.0323263620546087
1775068794776216800,242.501216796875,0.083669632333517,0.0544838698595762,0.050469464852754
1775068794786255600,242.5112556152344,0.0930498204234987,-0.0456979213356971,0.0372835460705682
1775068794796295700,242.5212956542969,0.0884508752606809,-0.1395721368193626,0.0883391950471326
1775068794806334700,242.5313347167969,0.3156825908325612,-0.1767524051785469,0.199719037409313
1775068794816373500,242.54137353515625,0.2262180815499276,-0.131895026320219,0.1675134704564698
1775068794826413600,242.55141357421877,0.036152605811879,-0.0496399369597434,0.1401571701657027
1775068794836452600,242.56145263671877,0.1023543859940022,0.0334545258343219,0.1189145852485671
1775068794846492700,242.5714926757813,0.1156065932117402,0.0259580325990915,0.1079809389051981
1775068794856531700,242.58153173828129,0.205301623314619,-0.0169318455785512,0.1148938966314308
1775068794866571800,242.59157177734372,0.1846221887055784,-0.0577174449533224,0.0828953782917
1775068794876610800,242.60161083984372,-0.000685205785185,-0.1216565409004688,0.0079034483346156
1775068794886651000,242.61165087890623,-0.0262918676633387,-0.0266208804219961,-0.0510542607370764
1775068794896689700,242.6216896972656,0.02632905786857,0.0112111298441886,0.0144940239723771
1775068794906729700,242.6317297363281,0.0931039617635309,0.0823439366877079,0.0072355590104125
1775068794916768800,242.6417687988281,0.0535131251312792,0.1108434704631566,0.0586328062325715
1775068794926808600,242.65180859375,0.0736227970283478,0.0489309119075536,0.0481690424232743
1775068794936847600,242.66184765625,0.0516894899006932,0.0538584314376115,-0.0609914616553112
1775068794946887700,242.6718876953125,-0.1070494850076735,-0.0089607205688953,-0.0872702689076773
1775068794956926500,242.68192651367187,-0.1085351935207843,-0.0245119254440069,-0.0329917306281626
1775068794966966500,242.6919665527344,-0.0327295725606381,-0.029681437036395,0.0502556942379102
1775068794977005800,242.702005859375,0.0074549921810626,-0.0357049351096153,0.0838104107773862
1775068794987046000,242.7120458984375,0.0205460905529558,-0.0101186584323644,0.0948828445369377
1775068794997084700,242.72208471679687,0.0226361947000026,0.0015133271723985,0.1040558196170255
1775068795007124700,242.7321247558594,0.0279845699906349,0.022618659043312,0.0863682603003457
1775068795017163800,242.7421638183594,-0.0007213000118732,0.0458405446767807,0.0334405703742057
1775068795027202600,242.75220263671875,0.0658289282817393,0.0551893877804279,0.0220671078414656
1775068795037242600,242.76224267578124,0.0555389318704605,0.0480804325580596,0.0690692253772169
1775068795047281700,242.77228173828124,-0.0492050526738166,0.0521487049102783,0.0570831656377762
1775068795057321700,242.78232177734372,-0.0394856957573443,-0.0340863939970731,0.0797999330270104
1775068795067360500,242.79236059570312,0.0783528212249279,-0.0941349122464656,0.045635158297792
1775068795077400600,242.80240063476563,0.0387187299728393,0.0065308630734682,0.0208921823105774
1775068795087440000,242.81243994140624,-0.0149135645586997,-0.0069599021404981,0.0064981481139548
1775068795097479700,242.8224797363281,0.0050442777775228,-0.0379395622938871,-0.0676505907509475
1775068795107518700,242.8325187988281,0.1116717379808425,-0.0055494508206844,-0.027359040237125
1775068795117558800,242.84255883789064,0.1834347324866801,0.0013286182552576,-0.0104956019859761
1775068795127597800,242.85259790039063,0.1059399893958121,0.0049520694494247,0.052104610040225
1775068795137637600,242.8626376953125,0.0250293003816157,0.0250233820974826,0.0874665403984487
1775068795147676700,242.8726767578125,0.1340670365970581,-0.0361404039174318,-0.0120577732687816
1775068795157716700,242.882716796875,0.1051122333347797,-0.0486585247069597,-0.0635243411337956
1775068795167755500,242.8927556152344,-0.0506827970761805,-0.0340349560707807,0.0270396172907203
1775068795177795600,242.90279565429688,-0.033120106248185,-0.0141834236532449,0.0218630731693468
1775068795187834600,242.91283471679688,0.0370751274842768,-0.0070528411209583,0.0086242551561445
1775068795197874700,242.92287475585937,0.052545083816722,0.0156359605491161,-0.0211748899757862
1775068795207913700,242.93291381835937,0.0518107781928032,0.0281347921162843,-0.0583306266819126
1775068795217953800,242.94295385742188,0.0675064330399036,0.0928302593886852,-0.0588237987600266
1775068795227992800,242.95299291992188,0.1081388146143406,0.1082885252833366,-0.0613787622061558
1775068795238031600,242.96303149414064,0.0788742147505283,0.0389116221964359,-0.0454056238582357
1775068795248071700,242.97307177734376,0.032502851132676,0.0211544317096471,0.0447045263841748
1775068795258110700,242.98311083984376,0.0492856436293572,-0.0182739078372716,0.0625442440552637
1775068795268150800,242.99315087890625,-0.0730851830203086,-0.0218769007652997,-0.0289501818860881
1775068795278189600,243.003189453125,-0.2433773792088031,-0.0212175600737333,-0.1226269933678209
1775068795288229600,243.01322973632813,0.0374748673915863,-0.0086345573544502,-0.1563450837754644
1775068795298268700,243.0232685546875,0.162426942706108,0.0029173487514257,-0.0680198989873751
1775068795308308500,243.03330859375,-0.078014967572689,0.0097246906787157,-0.0315003778255544
1775068795318347800,243.04334765625,-0.0363349766414612,0.0509866753935813,0.0253796664555557
1775068795328387800,243.05338793945316,0.1343186732705682,0.0673334145605564,0.0037938575913198
1775068795338426600,243.06342651367189,0.0432511857707053,0.0504851556122303,-0.0291591667279601
1775068795348466700,243.073466796875,-0.1344997289258986,0.0870475843340158,0.010984956405498
1775068795358505700,243.0835056152344,-0.1412367820959538,0.0692033000856637,-0.0975562649972736
1775068795368545800,243.0935458984375,-0.0955272433876991,0.0147492408424615,-0.094531163288746
1775068795378584600,243.10358447265625,0.0377496657449752,0.0048170448929071,-0.0035847996842116
1775068795388624600,243.11362475585935,-0.054084568343684,-0.0039589667588472,0.0159304134510457
1775068795398663700,243.12366357421877,-0.1064016155581921,0.0065086512416601,0.0541818364393897
1775068795408703700,243.13370385742184,-0.1647591850459575,0.1288590196251869,-0.1097943084700964
1775068795418742800,243.14374267578123,-0.1873907035708427,-0.006790390792489,-0.0794772221449762
1775068795428781800,243.15378173828125,-0.051220484149456,-0.0632341625481844,0.0624308102760463
1775068795438822000,243.1638217773437,0.0423299792725592,-0.0528518847435712,0.086834526105225
1775068795448860700,243.17386059570316,-0.0309890125036239,-0.0092307696819305,-0.0612853665679693
1775068795458900700,243.1839006347656,-0.1370809045255184,0.0638432343572378,-0.1129117463708855
1775068795468939800,243.1939396972656,-0.1482627352099865,0.062059858071804,-0.0370797488604672
1775068795478979600,243.2039794921875,-0.0760731858551502,0.0161176065862178,0.0168487156060524
1775068795489018600,243.2140185546875,-0.0866073662858456,-0.0089098671644926,-0.0452485518666915
1775068795499058700,243.22405859375,-0.1452291396677494,0.0297732069730758,-0.1044094370939768
1775068795509097700,243.23409765625,-0.1674818880081176,0.0556575898140668,-0.0940327305136248
1775068795519137500,243.24413745117187,-0.1721275949221104,0.0408954894900321,-0.0399360333407297
1775068795529176800,243.2541767578125,-0.1383831462305039,0.0391010072886943,-0.0713139720967039
1775068795539216600,243.2642165527344,-0.0952840822815895,0.0212619837373495,-0.0948919776914641
1775068795549256000,243.274255859375,-0.0878022020936012,0.006094809743762,-0.0214565747276879
1775068795559296000,243.2842958984375,-0.1425298906464129,-0.0388707056641578,0.019518921195995
1775068795569334800,243.29433471679687,-0.1479027427911758,-0.0584989507198333,0.0487329233837313
1775068795579374800,243.30437475585936,0.0526256747722625,-0.104798345080018,0.0557111648985184
1775068795589414000,243.31441381835936,-0.0222878927189856,-0.1490074891626834,0.1162870314902626
1775068795599453700,243.3244536132813,-0.1998047794640064,-0.1277121876776218,0.0328103461792692
1775068795609492700,243.3344926757813,-0.2204302919287234,-0.0299918181598186,-0.0354289494461379
1775068795619532800,243.34453271484372,-0.1089291612744331,0.0146317519426345,-0.0020944515286013
1775068795629571600,243.3545715332031,0.0031833062112331,-0.0783569128781557,-0.0471806524404324
1775068795639611600,243.36461157226563,-0.0601871230024844,-0.1010240872383117,-0.0924874007677659
1775068795649650700,243.37465063476563,-0.1723159571010619,-0.0817249280065298,0.0131028801412321
1775068795659689700,243.38468969726563,-0.1442413707394153,-0.1078033721148967,0.0748584397705271
1775068795669729800,243.3947297363281,-0.0990928999800234,-0.0937923824191093,0.0287462933444418
1775068795679768800,243.4047687988281,-0.0468915150344371,0.002124152547121,0.0386016794644296
1775068795689809000,243.41480883789063,-0.0391150358140468,0.0470084194123744,0.0195343927597627
1775068795699847700,243.42484765625,-0.0654734659075736,0.0888484962761402,-0.0187366299781948
1775068795709887700,243.4348876953125,-0.0572094223659485,0.1077560258418321,-0.0377807550029829
1775068795719926800,243.4449267578125,-0.0782289756495505,0.0507476059406995,-0.0626873423203825
1775068795729966800,243.454966796875,-0.1302712975759059,0.0083650927633047,-0.1487654605677351
1775068795740005600,243.4650056152344,-0.1459985166050493,0.0120323830991983,-0.1462597978897392
1775068795750045700,243.47504565429688,-0.1015245110411196,0.0224199216008186,-0.1257238999372348
1775068795760085000,243.4850849609375,-0.085902579017356,0.0067541504353284,-0.0882653991585597
1775068795770124800,243.49512475585936,-0.0455541289508342,-0.0406114118516445,-0.0763681867463514
1775068795780163800,243.50516381835936,-0.0210077167153358,-0.051309915998578,-0.0653721974901855
1775068795790204000,243.51520385742188,-0.0307891790825873,-0.0651700990468263,-0.0759630765441805
1775068795800242700,243.52524267578124,-0.0535598138172179,-0.0660240855276584,-0.1277276775076985
1775068795810282800,243.53528271484376,-0.0738449884116649,-0.0639408495128154,-0.1219998744454234
1775068795820321800,243.54532177734376,-0.089440032428503,-0.0683259327292442,-0.0726394485468044
1775068795830361900,243.55536181640625,-0.0920376477062702,-0.0887327609419822,-0.1392850269736722
1775068795840400600,243.56540063476564,-0.1004361312825232,-0.1099117425709962,-0.0838251882214099
1775068795850439700,243.57543969726564,-0.0983458079397678,-0.0899614259541034,-0.0482252478562295
1775068795860479700,243.58547973632807,-0.1297123485188931,-0.0799251851081848,-0.0804397835668176
1775068795870518800,243.59551879882807,-0.141374802327156,-0.0360813672065734,-0.0422817562166601
1775068795880558800,243.6055588378906,-0.086345500479266,0.0041676410734653,0.0001255626084282
1775068795890598000,243.6155979003906,-0.0599509030938148,0.0026531448572874,-0.0062042614676058
1775068795900638000,243.62563793945316,-0.1015804790120571,0.0014198036700487,-0.0273426188252866
1775068795910676700,243.6356767578125,-0.1097707997303456,0.0097065705001354,-0.0278319367121905
1775068795920716800,243.645716796875,-0.1247801528137177,0.0034475101053714,-0.08023823311273
1775068795930755800,243.655755859375,-0.1048269135873764,0.0178285021573305,-0.1045167881922796
1775068795940795600,243.6657956542969,-0.0852023217935115,0.0308615867316722,-0.0731707424119114
1775068795950834700,243.67583471679689,-0.1546691681861877,0.031304069802165,-0.0517302237698808
1775068795960874800,243.68587475585937,-0.1938846687000244,-0.0089542908281087,-0.0374941566139459
1775068795970913800,243.69591381835937,-0.1820271307110786,-0.0755634827673435,-0.0434961369751021
1775068795980953600,243.70595361328125,-0.1240110681373626,-0.0558212559431791,0.0040032808246091
1775068795990993000,243.7159929199219,-0.0606102437853813,-0.0399649306416511,-0.0084685531377792
1775068796001032700,243.7260327148437,-0.0488379729270935,-0.0302320566564798,-0.0315468655820935
1775068796011071700,243.7360717773437,-0.0680628978788852,-0.0073246437996625,-0.0151407609106972
1775068796021111800,243.74611181640623,-0.0370574456971138,-0.0049316111832857,-0.0408726931363344
1775068796031150800,243.75615087890623,-0.1564824281532317,0.0055815995246171,-0.100401754088886
1775068796041191000,243.76619091796877,-0.267816166351363,-0.0014922843843698,-0.0568232725925743
1775068796051229700,243.77622973632813,-0.14362404255867,-0.0654015697151422,-0.0024134543498978
1775068796061269800,243.78626977539065,-0.1200865881700068,-0.089842768010497,0.0036798575565218
1775068796071308800,243.79630883789065,-0.2469114716190844,-0.0154623575478792,0.0740401091249659
1775068796081347600,243.80634765625,-0.1197813946783542,0.0690010555118322,0.0703292353756725
1775068796091387600,243.8163876953125,0.0605774374943226,0.0476274280935525,0.047458464734815
1775068796101427000,243.82642700195316,-0.0032781448878347,0.0185895496577024,0.0091867113444954
1775068796111467000,243.8364670410156,-0.1548177828766405,0.0588777209043502,-0.0149307714218273
1775068796121505800,243.846505859375,-0.1839467005968093,0.0970347253412008,-0.0267831948442384
1775068796131545900,243.8565458984375,-0.075618427824974,0.0671738400846719,-0.0600211553184315
1775068796141585000,243.8665849609375,-0.0157798990644514,-0.005880290210247,-0.088416607664898
1775068796151624700,243.87662475585935,-0.1149077972926199,-0.0087415248602628,0.0062962505999952
1775068796161663700,243.88666381835935,-0.092785835725069,-0.027999183037877,-0.0160693652640096
1775068796171703800,243.89670385742187,-0.0485247422594577,-0.0718804103404283,-0.0248824940557591
1775068796181742600,243.9067426757813,-0.0086626144051551,-0.1145323881089687,0.0230738006659783
1775068796191782700,243.91678271484372,-0.0157445354901254,-0.0970534300416707,0.0465439985047094
1775068796201821700,243.92682177734372,-0.0512450340688228,-0.0622773002147674,0.0437944440682418
1775068796211861800,243.93686181640624,-0.0851145704448223,-0.0163654438674449,-0.0364497986601665
1775068796221900800,243.94690087890623,-0.0592717617232352,0.0225929400801658,-0.0813277271161787
1775068796231940900,243.95694091796875,-0.0284430543478578,0.0463373882830142,-0.0881977772824466
1775068796241980000,243.96697998046875,0.0107995533686131,0.0681891546070575,-0.113487938823644
1775068796252020000,243.97702001953124,0.0190494953196495,0.0585614945620298,-0.1163174083622172
1775068796262058800,243.98705883789063,0.0201800337195396,0.0481605120569467,-0.1039099996718578
1775068796272097800,243.99709790039063,-0.0132302876468747,0.0324918182820081,-0.0668222684343345
1775068796282137900,244.00713793945312,0.0264494693778455,0.0346539647519588,-0.0358429370745085
1775068796292176600,244.0171767578125,0.0460531645141541,0.0190530755162239,-0.0028224370095878
1775068796302216700,244.027216796875,0.0431926605165004,-0.0026379472881555,0.0045908897205255
1775068796312255700,244.037255859375,0.0256524737812578,-0.0159194536656141,-0.0210585153208114
1775068796322295600,244.04729565429687,-0.0666131374619901,-0.0161971015632152,-0.0591179594010114
1775068796332334800,244.0573349609375,0.054994303599745,-0.0136415718615055,-0.0754112513476982
1775068796342375000,244.067375,0.1361271109320223,-0.0209726454019546,-0.0617769677435047
1775068796352414000,244.0774140625,-0.0889256531655788,-0.0328144743651151,-0.044855369564332
1775068796362453800,244.08745385742188,-0.0725216308534145,-0.0073556234598159,-0.023975115153566
1775068796372492800,244.09749291992188,0.023218232371658,0.0087637366920709,-0.0067294361191801
1775068796382532900,244.1075329589844,0.0490332032382488,0.0152688808023929,-0.0378798862622119
1775068796392571600,244.11757153320312,0.0802372467320412,0.0971878700762987,-0.1079300672344863
1775068796402611700,244.12761181640624,0.0803589003503322,0.1373509536385536,-0.1237542803646996
1775068796412650800,244.13765063476563,0.1027998647391796,0.1333849726170301,-0.0620345957663841
1775068796422690800,244.1476909179688,0.0760299312353134,0.0971428618907928,-0.007540734235756
1775068796432729600,244.1577294921875,0.044099838489294,0.0547983426362276,0.027144538969919
1775068796442769700,244.16776977539064,0.0065663727782666,0.0150526077032089,0.0617036285126581
1775068796452809000,244.17780908203125,0.0005342530071735,-0.059202715075016,-0.0047061866632662
1775068796462848800,244.18784887695315,0.0055484279073774,-0.1201017126739025,-0.0631509047115221
1775068796472887800,244.1978876953125,0.0286170226752758,-0.0962356839179992,-0.0515893722607754
1775068796482926800,244.2079267578125,0.0497531880758702,-0.0295744695305824,-0.0564793179931119
1775068796492967000,244.217966796875,0.0489583844363689,0.0584516044467687,-0.0377374090516008
1775068796503005700,244.2280056152344,0.0594295095682144,0.1145785653382539,-0.049165688777808
1775068796513045800,244.23804565429688,0.0443700337328016,0.124088151961565,-0.0656825238146819
1775068796523084800,244.24808471679688,0.0175869484864175,0.0825204622983932,-0.0518599510967731
1775068796533124600,244.2581245117188,-0.0156182787619531,0.0144470430254936,-0.0354901415814645
1775068796543163600,244.2681635742188,-0.0205577809907495,-0.0425637149631977,0.0003272774592973
1775068796553203500,244.2782033691406,-0.0206583187557756,-0.0659603726416826,0.0011531155578792
1775068796563242800,244.28824267578125,-0.0146250299409031,-0.0606686959743499,-0.0214479530298151
1775068796573282600,244.29828247070316,-0.0160851656213402,-0.018763737180829,0.0437709170621819
1775068796583321600,244.30832153320316,-0.019658932454884,0.0229483293890953,0.0863198363150469
1775068796593361700,244.3183615722656,-0.0131529115617275,0.0359732306569814,0.0714585499328561
1775068796603400400,244.328400390625,0.045197424467653,0.0287596460163593,-0.0348373219622299
1775068796613440500,244.3384404296875,0.0482195487678051,0.0411246220707893,-0.0119785157538019
1775068796623479600,244.3484794921875,0.0214659818768501,0.0381570044368505,0.0483057109476067
1775068796633519600,244.35851953125,0.0500327356696128,-0.0244984814405441,0.0677439498565159
1775068796643558400,244.36855834960937,0.11885668104887,-0.0488046551793813,0.0889729994386434
1775068796653598500,244.37859838867183,0.1251893912017345,-0.0696674104660749,0.0715541557944379
1775068796663637800,244.3886376953125,0.1055728365838527,-0.086955814397335,0.0602165317600593
1775068796673677600,244.3986774902344,0.0845148509860038,-0.0766430946975946,0.0548319161122664
1775068796683716600,244.4087165527344,0.1072118359625339,-0.0181774617254734,0.1305463881902396
1775068796693756700,244.4187565917969,0.1578172569535672,-0.0113040688246488,-0.0262249764395877
1775068796703795700,244.4287956542969,0.1505659706510603,0.0388122534751892,0.0045704862533137
1775068796713834500,244.43883447265625,0.0967092927791178,0.0430219801247119,0.020530911250133
1775068796723874600,244.44887451171877,0.0415184436939656,0.0267956524670124,-0.0514938211981207
1775068796733913600,244.45891357421877,0.012816226953268,0.0641395869553089,0.013096596530918
1775068796743953400,244.46895336914065,0.061580550122261,0.0776864662706851,0.0172820929214824
1775068796753992400,244.47899243164065,0.0388286200881004,0.0675099401712417,0.0455927987270988
1775068796764032500,244.48903247070317,0.0416261418521404,0.0409077644497156,0.0989525873270351
1775068796774071600,244.49907153320316,0.0295252235613763,0.0586889203339815,0.104301355343312
1775068796784111600,244.5091115722656,-0.1613571215175092,0.0362695832550525,-0.015287795565417
1775068796794150700,244.5191506347656,-0.2910251194380223,0.0761304690003395,0.0620591730852145
1775068796804190700,244.5291906738281,-0.0142272627949714,0.1073760866135358,0.1199792918706312
1775068796814229500,244.5392294921875,0.1980219877004623,0.0673188015133142,0.1414362136581912
1775068796824269600,244.54926953125,0.041975685942173,0.0737035341143608,0.1584089757690206
1775068796834308600,244.55930859375,-0.0160344583474099,0.1160597438067197,0.1929555711563676
1775068796844348700,244.5693486328125,0.1064179091058671,0.276516847744584,0.1301449495161883
1775068796854387500,244.57938745117187,-0.0415421168304979,0.1680979740798473,-0.0273572821048786
1775068796864427500,244.5894274902344,-0.0719615127526223,0.2205132209718227,-0.2333416863521561
1775068796874466600,244.5994665527344,-0.0616388561807572,0.1504939283281564,-0.1622226888382807
1775068796884506400,244.60950634765624,0.0808567668698728,0.0774707776933908,0.0472241719217505
1775068796894545700,244.61954565429687,0.2448176411449909,0.0700806674420833,0.0780876766158733
1775068796904585500,244.62958544921875,0.2384697334229946,0.0933007995098829,0.0356751701590139
1775068796914624500,244.63962451171875,0.1315773386731743,0.0592787029206752,0.0461904038606444
1775068796924663600,244.64966357421875,0.0852037100329995,-0.0043856677383184,0.0414622747936286
1775068796934703600,244.65970361328124,0.1387033911608159,-0.0343669645041227,0.116784012093814
1775068796944742700,244.66974267578124,0.1767591271802782,-0.0736865829795598,0.1537114656025543
1775068796954782500,244.67978247070312,0.1179848666504025,-0.1140507420718669,0.0682544657950755
1775068796964821500,244.68982153320312,0.0279193957999348,-0.0707967067569494,0.1019376127535011
1775068796974861600,244.69986157226563,0.0460886742189526,-0.0910702639788389,0.0519939892726019
1775068796984900400,244.709900390625,0.1086769400790333,-0.1015069023191928,-0.0769912231486756
1775068796994940400,244.7199404296875,0.1439841080427169,-0.0842453863948583,-0.0193544833153253
1775068797004979700,244.7299797363281,0.1697360966756939,-0.032124738535285,0.0512379650072194
1775068797015019800,244.74001977539064,0.15321020154953,0.018353402814269,0.0334742534480988
1775068797025058600,244.75005859375,0.1349579210221767,0.0460533106446266,0.0248326087657362
1775068797035098600,244.7600986328125,0.0988869290791451,0.0720516752541065,0.0643737153715919
1775068797045137700,244.7701376953125,0.0979378116607666,0.0387935487747192,-0.0641140963210258
1775068797055177700,244.780177734375,0.1293812899336218,0.0824210935771465,-0.0010958172859027
1775068797065216500,244.7902165527344,0.1061339775979518,0.0679787267267704,0.0622118839954724
1775068797075256600,244.80025659179688,0.0878160844884812,-0.0086263740479946,-0.0260173341714311
1775068797085295600,244.81029565429688,0.2746811567500233,0.0166454298526048,0.0692562952148029
1775068797095335400,244.8203354492188,0.1398581141538918,0.0436252067148685,0.1399964540455024
1775068797105374500,244.8303745117188,-0.0765071933582425,-0.0138449854791164,-0.0344162173231947
1775068797115414500,244.84041455078125,-0.0016004209339618,-0.0140682728409767,-0.0807021334305871
1775068797125453600,244.85045361328125,0.083287355017662,-0.0285650002270936,-0.1013377745636738
1775068797135493600,244.86049365234376,0.0493580512784421,-0.0190495683848857,-0.0904411996945273
1775068797145532700,244.87053271484376,-0.0321124635756015,0.038055297628045,-0.0609704417001688
1775068797155571500,244.88057153320312,-0.0496852374061942,0.1137754322618246,0.0192397252287017
1775068797165611500,244.8906115722656,-0.002693915259093,0.1861976943939924,0.0820507532942574
1775068797175650600,244.9006506347656,0.0307364990472793,0.2453255906671285,0.1264571004494559
1775068797185690600,244.91069067382813,-0.0123202601298689,0.2724438992172479,0.0836416574812028
1775068797195729400,244.9207294921875,-0.0578171059355139,0.2939356000572443,0.0294774982623988
1775068797205769500,244.93076953125,0.0193520584627985,0.3047346419692039,0.0234198467578273
1775068797215808500,244.94080859375,0.0355538362011313,0.2714414441764354,-0.1367175237063784
1775068797225848600,244.9508486328125,0.0193897601246833,0.2174456500947475,-0.2456527402622625
1775068797235887600,244.9608876953125,0.0279565129399299,0.1336789871275424,-0.1625342755381018
1775068797245927700,244.970927734375,0.0614490326970815,0.1091892735153436,-0.0043073829042958
1775068797255966700,244.980966796875,0.0938902898356318,0.0300099383383989,-0.0406473690810147
1775068797266006500,244.9910065917969,0.1491255625844001,-0.0099918171823024,-0.0622110757112968
1775068797276045600,245.0010456542969,0.1927510615602135,-0.0153016140282154,0.0717119401720352
1775068797286085600,245.01108569335935,0.1941501147031784,-0.0534375756770372,0.0657855594974709
1775068797296124400,245.02112451171877,0.1529325536519289,-0.0527969396859407,-0.0295962361211073
1775068797306164500,245.03116455078128,0.1326584119081497,-0.0203869544684886,-0.0302278554053977
1775068797316203500,245.04120361328123,0.1198021452054381,-0.0014174655824899,0.0202928738437127
1775068797326243600,245.05124365234371,0.1202139408767223,-0.0115180038362741,-0.0769435937478207
1775068797336282400,245.06128247070316,0.1569602017328143,0.0131827221781015,-0.0964448696892708
1775068797346322400,245.0713225097656,0.1288341774448752,0.0483212555766105,-0.0955574923954904
1775068797356361700,245.08136181640623,0.1054684994265437,0.0869575679630041,-0.0387300824839156
1775068797366401800,245.09140185546875,0.1122679503083229,0.0931891558289527,-0.0467793598968535
1775068797376440600,245.1014406738281,0.1409574536979198,0.1296802728801965,-0.0610300629329169
1775068797386479600,245.1114797363281,0.1416568341389298,0.138293787446618,-0.0590866235478315
1775068797396519700,245.12151977539065,0.114975747962296,0.1122200195133686,-0.0568985708850668
1775068797406558500,245.13155834960935,0.0994248353481292,0.1066921960026025,-0.0123915170014835
1775068797416598500,245.1415986328125,0.1038312536135315,0.0774842216968536,0.0276361949443817
1775068797426637600,245.1516374511719,0.064719432669878,0.0290647664427757,-0.0725842112282291
1775068797436677400,245.1616774902344,0.0810313927844166,0.0175549459129571,-0.0111466954390052
1775068797446716700,245.1717165527344,0.1063680786147713,0.0096264910012483,-0.0273399702104739
1775068797456756500,245.18175659179687,0.0716378337562084,0.0055067807227373,-0.0492433068915503
1775068797466795800,245.19179565429687,0.0700619627416133,0.0188075763225555,0.033889222890581
1775068797476835600,245.20183569335936,0.0730535457730293,0.0412999786376953,0.033697070452501
1775068797486874600,245.21187451171875,0.0507496517673134,0.0936497590780258,-0.0133427578782895
1775068797496914700,245.22191479492187,0.0140916537165641,0.162953012406826,-0.0444870111759752
1775068797506953500,245.23195336914063,0.0286404035508632,0.1975251440942287,-0.0698860855848994
1775068797516993500,245.24199365234372,0.0704945089399814,0.1989613143771886,-0.0526306203754385
1775068797527032600,245.2520324707031,0.1269894263610243,0.1911772363722324,-0.0189239920767257
1775068797537072600,245.26207275390624,0.1491065656229853,0.1712403637588024,0.0011979913126444
1775068797547111000,245.27211083984372,0.1564192267239093,0.1106914947718381,0.0074609058986185
1775068797557150700,245.28215063476563,-0.0368444605335593,0.0550204609543085,-0.0298675570259103
1775068797567190000,245.29218994140624,-0.0281631414279341,-0.0094768533974885,0.0410100101146381
1775068797577230000,245.30222998046875,0.1663926314666867,-0.0724503191828727,0.0174152862805174
1775068797587268900,245.3122687988281,0.1703121429979801,-0.0766173757344484,2.21889989217e-05
1775068797597308000,245.3223078613281,0.0436786904677748,-0.0235796130299568,0.0196982917843153
1775068797607348000,245.33234790039063,0.0118847913220524,0.0130114572644233,-0.0186350829995935
1775068797617387000,245.34238696289063,0.139563953512907,0.0417260950952768,-0.0731479277919046
1775068797627426800,245.3524267578125,0.0390367098808288,0.0806347946822643,-0.0477827465194277
1775068797637465900,245.3624658203125,0.0275394565716385,0.0861024124383926,-0.0503501401888672
1775068797647506000,245.372505859375,0.0679410250648856,0.081828972902894,-0.048755075850035
1775068797657545000,245.382544921875,0.1271954703271389,0.0668593673080205,-0.0353925766582367
1775068797667585000,245.3925849609375,0.1292316523298621,0.0665951634138822,0.0208267386918188
1775068797677624000,245.4026240234375,0.0312634455308318,0.1182400104552507,0.012960818489152
1775068797687664000,245.4126640625,-0.0424970794677734,0.1033282725274562,-0.034073360985564
1775068797697703000,245.42270288085936,0.0293985284417867,0.080322075471282,0.0051288644881686
1775068797707743000,245.43274291992188,0.1132443941250443,0.0222416424244642,0.0597736194313038
1775068797717782000,245.44278198242188,0.1637143521681427,0.0211544317096471,0.0703383228644262
1775068797727821800,245.45282177734376,0.1619444198861718,0.073298460444808,-0.0295480290482286
1775068797737860900,245.46286083984376,0.1128165241017937,0.1198392623454332,-0.0972274714343249
1775068797747901000,245.47290087890624,0.1026116486907005,0.1325871002376079,-0.1369701741600409
1775068797757940000,245.48293994140624,0.1095487544775009,0.0879600230038166,-0.1354165789093356
1775068797767979800,245.49297973632807,0.1363093356311321,0.0499713608711957,-0.0969391012133099
1775068797778019000,245.5030190429688,0.1311699269160628,0.0142523972362279,-0.0600764657022431
1775068797788059000,245.5130588378906,0.0349345352590084,-0.0376011241197586,-0.0148983578564133
1775068797798098000,245.52309790039064,0.0116331546485424,-0.0353571445852518,0.0247558491685194
1775068797808137000,245.53313696289064,0.0850283534660935,-0.0411117625892162,0.0466786166358506
1775068797818177000,245.54317700195315,0.1318003337740898,-0.0043628713846206,0.0173068620365578
1775068797828215800,245.5532158203125,0.1640609736487269,0.0122948334276676,-0.0110118489790009
1775068797838255900,245.563255859375,0.1485363645195961,0.014078794234991,-0.0332562359164003
1775068797848295000,245.573294921875,0.0755316263243556,0.0114040220677852,-0.0756246612029382
1775068797858335000,245.5833349609375,0.2665370132610202,0.0148486095637083,-0.0294911431952612
1775068797868373800,245.59337377929688,0.2078895939812064,0.0218897602468729,-0.01328731049716
1775068797878413800,245.60341381835937,-0.0076233344852924,0.00035422026515,-0.0088789331701118
1775068797888453000,245.613453125,0.0595931756973266,0.0051963995993137,-0.0254317254363559
1775068797898493000,245.6234929199219,0.1198912847936153,0.0150783266663551,-0.0334778336446732
1775068797908532000,245.63353198242189,0.2029860398486256,0.0366045142978429,-0.063953526331298
1775068797918572000,245.6435720214844,0.1603679643496871,0.0750356595009565,-0.1318653435680084
1775068797928611000,245.6536110839844,0.1035828318104147,0.1165390517562627,-0.0656556723403744
1775068797938651000,245.66365087890625,0.0716615068927407,0.1260924775213003,0.0247979575774632
1775068797948690000,245.67368994140625,0.048644788442552,0.1105506249964237,0.0735768024621531
1775068797958730000,245.68372998046877,0.047923196169734,0.1194248363256454,0.0859570856835693
1775068797968768800,245.69376879882813,0.0495244938865303,0.098899350169301,0.053133204169292
1775068797978808800,245.70380883789065,0.0654920244775712,0.0941495252937078,0.0105338059713598
1775068797988847900,245.71384790039065,0.1333044547267258,0.0968447557270526,-0.0270029020095244
1775068797998888000,245.72388793945316,0.1867848466321826,0.1326736094772815,-0.0817896820721216
1775068798008927000,245.73392700195316,0.2021779383361339,0.1600800873190164,-0.0805332979360129
1775068798018967000,245.7439670410156,0.1463455764770507,0.1701794565290212,-0.0694405337744858
1775068798029006000,245.7540061035156,0.1152523729465901,0.1128174008846282,-0.0702178930888418
1775068798039046100,245.7640461425781,0.0901239230394363,0.0624924042701721,-0.0473812165138311
1775068798049085000,245.7740849609375,0.0747466134265065,0.020190555113554,-0.0256389019136317
1775068798059124000,245.7841240234375,0.0762196085885167,0.0019411971956491,-0.0276341947835404
1775068798069164000,245.7941640625,0.1027588020764291,-0.0366653045743703,-0.0065448367998935
1775068798079202800,245.80420288085935,0.1048667341411113,-0.0332937823146581,-0.0099231815260369
1775068798089243000,245.81424291992187,0.097384853953123,0.0005424363136291,-0.0587144566340371
1775068798099282000,245.8242819824219,0.1144604919165372,0.0495849919021129,-0.0727271085639484
1775068798109321700,245.83432177734372,0.1095347259521484,0.0910416224062442,-0.0545301110209431
1775068798119361000,245.8443610839844,0.096812314762175,0.1100602111309766,-0.045423049917072
1775068798129401000,245.85440112304687,0.0889618935227394,0.0788297910869121,0.000152350150654
1775068798139440000,245.86444018554687,0.1073275712966918,0.0220966809958219,0.0236288863986264
1775068798149480000,245.87447998046875,0.1297743809044361,0.0182335758268833,0.0674069547208026
1775068798159519000,245.88451904296875,0.1511098682694137,0.0405272406995296,0.0882436896502505
1775068798169559000,245.89455908203124,0.1600388785257935,0.0636053339481353,0.0259701157625298
1775068798179597800,245.90459790039063,0.1529014278613031,0.0504074142009019,0.0129318526895716
1775068798189638000,245.91463793945312,0.1582955419898033,0.0488707061529159,-0.0121800114089623
1775068798199677000,245.9246770019531,0.1402571964740753,0.0350099385827779,-0.0151181243872037
1775068798209717000,245.93471704101563,0.0891395881772041,0.0336509251892566,-0.0221978306822013
1775068798219755800,245.944755859375,0.0496843606233596,0.0248614695340394,-0.0339368659911677
1775068798229795800,245.9547958984375,0.0333818989895284,0.0286006560623645,-0.002231594976969
1775068798239835100,245.9648352050781,0.1705564731478691,0.0168020817190408,-0.0053033397056628
1775068798249875000,245.974875,0.2807166375219821,0.0020288754791021,0.0280376199187012
1775068798259914000,245.9849140625,0.3021741438314319,-0.0334837519288063,0.0322574706700164
1775068798269953000,245.994953125,0.2299874440208077,-0.0346580564051866,0.0713055878608487
1775068798279993000,246.0049931640625,0.1233411329865455,0.0088391400158405,0.07755158784464
1775068798290031900,246.01503198242187,0.0519480677716433,0.0410655853599309,0.0300999364431016
1775068798300072000,246.0250720214844,0.0504303566850721,0.100161917451024,-0.0022081684356089
1775068798310111000,246.0351110839844,0.0443866926066577,0.1215372984349727,0.0020117782138288
1775068798320150800,246.04515087890624,0.0808557439565658,0.146647189772129,0.0088296278354013
1775068798330189800,246.05518994140624,0.1552164268054068,0.1869488050222396,0.0486670870393281
1775068798340230000,246.0652299804688,0.1317043260537088,0.2007645644068718,0.0483769906521076
1775068798350269000,246.0752690429688,-0.0254496446855366,0.2037012023806571,-0.0274086789319757
1775068798360309000,246.08530908203124,0.1113948207356035,0.1253168169736862,-0.0315816994334571
1775068798370348000,246.09534814453124,0.1128853515543043,0.0214671509206295,-0.0424627479399088
1775068798380388000,246.10538818359376,-0.1094363801442086,-0.0489449404329061,-0.0397226189189124
1775068798390427000,246.11542700195312,-0.1440225403569638,-0.0930067849993705,0.0154336703095119
1775068798400467000,246.1254670410156,-0.0037220892630517,-0.1390887372165918,0.0737169324520509
1775068798410506000,246.13550610351564,0.0758310476623475,-0.124382750993967,0.088939051503269
1775068798420546000,246.14554614257813,-0.0128010293841361,-0.0319499664902687,0.1092246279565151
1775068798430584800,246.15558471679688,-0.0685468820035457,0.0621153876513242,0.0640617176798172
1775068798440625000,246.165625,0.0079050740361213,0.1211187807619571,0.0182398468791099
1775068798450664000,246.17566381835937,0.1169676524318754,0.1735287669569253,0.0078028454958635
1775068798460703700,246.18570385742188,0.1390543965555727,0.1903665045112371,-0.0378868365928065
1775068798470743000,246.19574291992188,0.0232183785021305,0.1814320874273776,-0.0263557495126733
1775068798480783000,246.205783203125,-0.0442832322321832,0.1409334883004427,-0.0054223972247797
1775068798490822000,246.21582177734376,-0.03032499563694,0.0571282468885183,0.0091705119824764
1775068798500861000,246.22586083984376,-0.0109048403739929,-0.0380845237225294,0.0982560381639283
1775068798510901000,246.23590087890625,-0.0103144732654094,-0.0902209536731243,0.1097046117594931
1775068798520939800,246.2459396972656,-0.0234194540321826,-0.106844171693921,0.0389425835902802
1775068798530979800,246.25597973632813,-0.0424805667243897,-0.0848790081232786,-0.0276750930495094
1775068798541019600,246.26601953125,-0.0339548765718936,-0.0556347934603691,-0.0777527090404648
1775068798551059700,246.27605981445316,-0.0158662621736526,-0.0355775093376636,-0.0465705805509584
1775068798561098500,246.2860983886719,-0.0026059447146952,-0.0040332010388374,0.016261056477786
1775068798571138600,246.296138671875,0.0333224238872528,0.0245645324140787,0.0516197856653481
1775068798581177600,246.3061774902344,0.0811608643829822,0.0350198754549026,0.079808116333466
1775068798591217700,246.3162177734375,0.1086252098917961,0.0089741645723581,0.0967061875065788
1775068798601256700,246.3262565917969,0.0771685798764228,-0.0029886604219675,0.0902514218766242
1775068798611296800,246.336296875,0.0559808304190635,-0.0051321021914482,0.0376307383733103
1775068798621335800,246.34633569335935,0.0921617124773561,-0.0361351432204246,0.0031985779872455
1775068798631375600,246.35637573242187,0.0935034824751317,-0.0590606762558221,0.0127160282566037
1775068798641414700,246.3664145507813,-0.0112603758133947,-0.0948147112041711,0.0055512009614205
1775068798651454700,246.3764548339844,0.0322527488291263,-0.0793307263463735,0.0128982415392703
1775068798661493500,246.38649340820317,0.1072420849703252,-0.0267225872308015,0.0022526708726829
1775068798671533600,246.39653344726565,-0.0370363298438489,-0.0058048868864774,0.0195790493188193
1775068798681572600,246.4065725097656,-0.0519838697373867,-0.0027741408884525,0.0479846942657372
1775068798691612700,246.41661279296875,0.0291230725012719,-0.0087637366920709,0.0039626097458589
1775068798701651500,246.4266513671875,0.096182930817455,0.01570318056643,-0.0210279626356321
1775068798711691500,246.43669140625,0.0818972158335149,0.0077630352169275,-0.0408104050224646
1775068798721730800,246.44673071289063,0.052474721994251,-0.0049111529171466,-0.0226986198111902
1775068798731771000,246.45677099609372,0.0738426503241062,-0.0217810391753911,0.0562671274140011
1775068798741809700,246.4668095703125,0.0936943288721144,0.0099801267445087,0.1168449028350412
1775068798751848700,246.4768486328125,0.0915174232244491,0.0449339512258768,0.1467906350971199
1775068798761888800,246.486888671875,0.0174269356191158,0.0487462029904127,0.1020495212959125
1775068798771927600,246.4969274902344,0.0079962594509124,0.0656868163973093,0.0234788652023766
1775068798781967600,246.50696752929687,0.0201600138448178,0.0623521190166473,-0.0074833312179136
1775068798792006700,246.51700659179687,0.0407388376235961,0.0467296024709939,-0.0241057831953745
1775068798802046500,246.52704638671875,0.0541723196923732,0.0318190335869789,-0.0083282473346567
1775068798812085500,246.53708544921875,0.0576679067231714,0.0116600426554679,0.0214380412738653
1775068798822125600,246.54712548828124,0.0681575904250144,0.0235351893663406,0.0437026330323657
1775068798832164900,246.55716479492187,0.0826338595449924,0.0192950675785541,0.0633862935031298
1775068798842204700,246.56720458984373,0.0957317529838532,0.0552051698714494,0.0729521494914777
1775068798852243700,246.57724365234372,0.0490834721207618,0.0672773004591465,0.036553736241965
1775068798862283800,246.58728369140624,0.0158440503418445,0.0511889199674129,0.0142414306009304
1775068798872322600,246.59732250976563,-0.0324784473437815,0.0384872593045234,0.0177209101720771
1775068798882362600,246.6073625488281,0.0310628083921968,0.0378588982731103,0.0351950173926772
1775068798892401700,246.6174016113281,0.1121802720248699,0.0386965181410312,-0.0157879647815425
1775068798902441700,246.62744165039064,0.1613455041449517,0.0263718740969896,-0.006029241685773
1775068798912480500,246.63748046875,0.1851740504346787,-0.0090232644110918,0.0180618885048083
1775068798922520600,246.6475205078125,0.1545711146391928,-0.0235211608409881,-0.0252726099014864
1775068798932559600,246.6575595703125,0.1401344468772411,-0.0471668248444795,-0.069730780858756
1775068798942599400,246.6675993652344,0.0901554141562432,-0.0527349803656339,-0.0905557842512149
1775068798952638700,246.677638671875,0.044178164422512,-0.0661094257235527,-0.0835258947475813
1775068798962678800,246.6876787109375,0.0332183789908885,-0.0561602786391973,-0.0503203341390704
1775068798972717800,246.6977177734375,0.08655483238101,0.0192401225209236,0.0050458509633899
1775068798982756600,246.70775659179688,0.1439957984805107,0.0971416928470134,-0.0026638306480832
1775068798992796700,246.71779663085937,0.1661656908430159,0.1357914492368698,-0.0335690190594643
1775068799002835700,246.72783569335937,0.1334171213209629,0.153202602764964,-0.0759473355523543
1775068799012875500,246.73787548828125,0.0963923357844352,0.1637280884325504,-0.0947551265040412
1775068799022914600,246.74791455078125,0.0820798789240419,0.1454126795411109,-0.0872200456909369
1775068799032954600,246.75795458984376,0.0646552813924849,0.122055184829235,-0.083387162130326
1775068799042993700,246.76799365234376,0.0346831908464431,0.0957657283186912,-0.0813343760526739
1775068799053033500,246.7780334472656,-0.0062368485629558,0.0414151294499635,-0.0696003548455424
1775068799063072800,246.78807275390625,-0.0193640411615371,0.000432546198368,-0.0535697050235699
1775068799073112800,246.79811279296877,0.0134931033015251,0.0193266317605972,-0.0306337327925488
1775068799083151600,246.80815161132813,0.0360110784493386,0.0217746094346046,-0.0384194730316288
1775068799093191700,246.81819165039065,0.0495990204274654,0.0358978273332118,-0.0904422591404523
1775068799103230700,246.82823071289064,0.064133741736412,0.0857592980891466,-0.0999874924658797
1775068799113270800,246.83827075195316,0.0610872136473655,0.0769540603429079,-0.1232192875720094
1775068799123309600,246.8483095703125,0.0232042038463056,0.0905962167263031,-0.1236990156466606
1775068799133349600,246.858349609375,0.0095651162028312,0.0981347955375909,-0.0869200306979008
1775068799143388700,246.868388671875,-0.0016555121220648,0.0714233142226934,-0.0461458751657512
1775068799153428500,246.8784284667969,0.0486847551267594,0.0303816942602395,-0.0280128827696666
1775068799163467500,246.8884675292969,0.0695392540417611,-0.0240408008009195,-0.0465953633657656
1775068799173507600,246.89850756835935,-0.1114917783040553,-0.0300140299916267,-0.1067573519269935
1775068799183546600,246.90854663085935,-0.0280513516165316,-0.0123866033643484,-0.0539827884696424
1775068799193586700,246.91858666992184,0.1611526119213551,-0.0366337403923273,-0.0169041173214092
1775068799203625700,246.92862573242184,0.0396070571146905,-0.0460147321999073,-0.0192877245223149
1775068799213664800,246.93866479492183,-0.0827614314474165,-0.0188362178951501,-0.0242872133100405
1775068799223704600,246.94870458984371,0.0540787961900234,-0.0286059167593717,-0.0571542215799912
1775068799233743600,246.9587436523437,0.1562437970917672,-0.0380471143215894,-0.0544825729516334
1775068799243783700,246.96878369140623,0.0470095884561538,0.0307499430507421,0.0033246143780648
1775068799253822500,246.9788225097656,-0.0123919371265918,0.1077408282727003,0.0476412191568873
1775068799263862500,246.9888625488281,0.0240589209794998,0.1262660805225372,0.0657341078714467
1775068799273901800,246.99890185546877,0.1140717117946594,0.0866647224962711,0.0444137998092919
1775068799283941600,247.00894165039065,0.094299674354121,0.0469394458293914,0.0227144475679844
1775068799293980700,247.01898071289065,-0.0003180529732257,0.0345861602127552,0.0163255685147829
1775068799304020700,247.0290207519531,-0.04539879225865,0.0189426008790731,0.0137027274642139
1775068799314059800,247.0390598144531,-0.0222597626030445,-0.0383124872595071,0.0756401464664377
1775068799324099600,247.049099609375,-0.0109212800521403,-0.0854085849553346,0.1404850138805806
1775068799334138600,247.059138671875,-0.0129670336008071,-0.0888467427104711,0.1340800239427946
1775068799344178700,247.0691787109375,-0.0823041891992092,-0.0766395875662565,0.0606349763678386
1775068799354217700,247.0792177734375,-0.1002770682632923,-0.0495610265046358,-0.0123406270644627
1775068799364257500,247.0892575683594,-0.0756594174224883,0.0137760118961334,-0.0717689493225887
1775068799374296600,247.09929663085936,-0.0325449367087334,0.0136024088948965,-0.1325910274940542
1775068799384336600,247.10933666992187,-0.0365150824487209,0.0182230544328689,-0.0556729335136711
1775068799394375700,247.11937573242187,-0.0423321712296456,-0.0114525373846292,0.0429584499018266
1775068799404415500,247.12941552734372,-0.0368657955825328,-0.0311304668009281,0.0475503808019682
1775068799414454800,247.1394548339844,-0.0130558809280395,-0.0394715941667556,0.0076111325908452
1775068799424494800,247.14949487304688,-0.023292028260231,-0.0047545010507106,-0.0312689619561657
1775068799434533600,247.15953369140624,-0.0435362863223999,-0.0094102179020643,-0.079712455672957
1775068799444573700,247.1695737304688,-0.0419862073361873,-0.0395177713960409,-0.0970904375838115
1775068799454612700,247.17961279296875,-0.097246906787157,-0.0454167663067579,-0.0892719823852181
1775068799464651500,247.1896516113281,-0.1946281805437058,-0.0356757090151309,-0.0763230689629912
1775068799474691600,247.19969165039063,-0.068767758212611,-0.0191489371061325,-0.0376244684627279
1775068799484730600,247.20973071289063,0.0878805280268192,-0.0275689749270677,0.008318769403547
1775068799494770700,247.21977075195312,-0.1073509521722793,-0.020201661029458,0.0200693764192983
1775068799504809700,247.22980981445312,-0.1524152517795562,0.0180909524857997,-0.008123648690246
1775068799514849500,247.239849609375,-0.0924081615190953,0.0103121351778507,-0.0554290052225813
1775068799524888800,247.24988891601564,-0.0967406377654522,0.0148234751224517,-0.0328717940429225
1775068799534928600,247.2599287109375,-0.1168014290194958,0.0428337640762329,-0.0349740270191803
1775068799544967400,247.26996752929688,-0.1153296759665012,0.0709860918492078,-0.0117202118774876
1775068799555007500,247.28000756835937,-0.1082826069992035,0.0557493597507476,0.0918016104606911
1775068799565046500,247.29004663085936,-0.0394973131299018,0.060271221089363,0.1189224762940779
1775068799575086600,247.30008666992188,-0.0340554143369197,0.0439887793302536,0.0833740834530442
1775068799585125400,247.31012548828124,-0.0316342516046017,0.0013338789522647,0.0729018258100375
1775068799595165400,247.32016552734376,-0.0292167421340942,-0.0416553679466247,0.0238395060751587
1775068799605204500,247.33020458984376,0.0029155951857566,-0.0534983659535646,-0.0500051170103251
1775068799615244500,247.34024462890625,0.0139548755943775,-0.0993102690577507,-0.0587843069998547
1775068799625283600,247.35028369140625,-0.0254115046322345,-0.0819879628568887,-0.0179697737915441
1775068799635323600,247.3603237304688,-0.0190518334072083,-0.0420674558788538,-0.0011471242085099
1775068799645362700,247.3703627929688,-0.0403776030957698,-0.0203033678382635,0.0154254596035927
1775068799655402500,247.3804025878906,-0.0474560901146382,0.0012818565040826,0.0275818344086408
1775068799665441500,247.3904416503906,-0.0219499660015106,0.0037228199154138,0.0256264260245487
1775068799675481600,247.40048168945316,0.0052642772037535,0.0025806641429662,0.0313247837966308
1775068799685520400,247.41052026367188,-0.0084556205909699,-0.0229775554835796,0.0369012322220951
1775068799695559400,247.42055932617188,-0.0599147358018904,-0.0853670839011669,0.0010275529494509
1775068799705599500,247.430599609375,-0.0663526598948985,-0.0743055916607379,-0.0018551628800109
1775068799715638500,247.4406384277344,-0.0677577774524688,-0.0157803374558687,-0.0064057388564571
1775068799725678300,247.45067822265625,-0.0529543222047388,-0.0476268435716629,-0.0140039023678749
1775068799735717600,247.4607175292969,-0.0449882386963814,-0.0442880545377731,-0.0090922745266929
1775068799745757700,247.4707578125,-0.0293090965926647,-0.0059375733554363,-0.0005295037668198
1775068799755796500,247.48079638671877,-0.0107785105805844,-0.0027665421038866,-0.0086687518849968
1775068799765836500,247.49083642578125,0.0115782095909118,-0.0256190099030733,-0.0005379793342202
1775068799775875600,247.50087548828125,0.0014940379500389,-0.0219926360994577,-0.0039832609498873
1775068799785915600,247.5109155273437,-0.014761515802145,-0.0411141006767749,-0.0082587463119998
1775068799795954400,247.52095434570316,-0.0280628959238529,-0.0886895063221454,-0.0159880253897979
1775068799805994500,247.5309943847656,-0.0507388381123542,-0.0970890858769416,-0.0152073598735034
1775068799816033500,247.5410334472656,-0.0473217962104827,-0.0683943217903375,-0.0043612274168059
1775068799826073600,247.5510734863281,-0.0296902779299765,-0.0397299528419971,-0.0326404329724609
1775068799836112400,247.5611123046875,-0.0176736769217997,-0.0287391877502203,-0.0101189141606912
1775068799846152400,247.57115234375,-0.0438566773831844,-0.0021966332614421,0.0032618513401597
1775068799856191700,247.58119165039065,-0.0553144754648208,0.0247866507321596,-0.004824972471036
1775068799866231600,247.5912314453125,-0.0668481883268803,0.0418868386149406,-0.0119301283011212
1775068799876270600,247.6012705078125,-0.0720703799545764,0.0361053326040506,0.0116300128433853
1775068799886310700,247.611310546875,-0.085098203831911,0.0201759420663118,0.0206781559674069
1775068799896349400,247.6213493652344,-0.0796913763523101,0.0144254157155752,0.0137960683034732
1775068799906389500,247.63138940429687,-0.0869019653182476,0.0279909997314214,-0.0141534303737804
1775068799916428500,247.64142846679687,-0.10210895986557,0.01434182908535,-0.0247947975059971
1775068799926468600,247.65146850585936,-0.1471346810281276,-0.0166921916037797,-0.0531749792180955
1775068799936507400,247.66150732421875,-0.1526503026444464,-0.072447981095314,0.0063558353001251
1775068799946546400,247.67154638671877,-0.0549859010975807,0.0380564666718244,0.0836208978209644
1775068799956586500,247.6815864257813,0.016816694766283,0.0682546210587024,0.0826873067652806
1775068799966625500,247.6916254882813,0.0357878641527146,0.0426800348192453,0.0706618648635223
1775068799976665600,247.70166552734372,-0.0025134441256523,-0.0412491252332925,0.0639073125693947
1775068799986704600,247.71170458984372,-0.1744189207296818,-0.0411959337413311,-0.0302805719733238
1775068799996744700,247.72174462890624,-0.1943172879636287,-0.0010825345396995,-0.0244905903950333
1775068800006783500,247.73178344726563,0.0271183085501194,0.0079565119624137,0.0292185687649995
1775068800016823600,247.7418234863281,-0.0507271476745605,-0.0005319149196147,0.0066659972278401
1775068800026862600,247.7518625488281,-0.1696095476865768,0.0057376668691635,-0.0092626626575365
1775068800036902400,247.76190234375,-0.1116109477043151,0.0190635969102382,-0.0464269662626087
1775068800046941400,247.77194140625,-0.039820042278245,0.0017722703695297,-0.0712019996222108
1775068800056981500,247.7819814453125,-0.1098165385682135,0.0459556954890489,-0.0385227690093219
1775068800067020500,247.7920205078125,-0.1775380756635218,0.0678659140020608,-0.0010274798842146
1775068800077060400,247.8020603027344,-0.145819579841569,0.0271072026342153,0.0049582799945026
1775068800087099600,247.812099609375,-0.1171533111970871,0.0001484685599803,0.0107748573187738
1775068800097139700,247.8221396484375,-0.0607282441418617,-0.0162871179342269,0.0086571710450574
1775068800107178500,247.83217846679688,-0.0374981752019375,-0.0036503392010927,-0.0442340227955952
1775068800117218600,247.84221850585936,-0.0929202757596969,0.0241138660371303,-0.1108958582375198
1775068800127257600,247.85225756835936,-0.0830418558239936,0.0094113869458436,-0.0620879881877452
1775068800137297700,247.86229760742188,-0.0300888487935066,0.0273515327841043,0.0384750574100762
1775068800147336400,247.87233642578124,-0.0490169096905738,0.0300455941736698,0.0922446415204554
1775068800157376500,247.88237646484376,-0.0879939983386546,0.0045592707395553,0.0390971348311752
1775068800167415600,247.89241552734376,-0.1380138745266944,-0.0358142407029867,-0.0086599840566515
1775068800177455400,247.90245532226564,-0.1316365945797413,-0.0029360534518957,-0.0459781630491837
1775068800187494400,247.91249438476564,-0.0550912611681967,0.0352829103052616,-0.1050068732641637
1775068800197533700,247.92253369140624,-0.0139431851565837,0.0285913037121295,-0.0935801279079169
1775068800207573500,247.93257348632807,-0.0382967782337218,0.020211013379693,-0.0691600454658269
1775068800217612500,247.94261254882807,-0.0373719915390014,-0.0166430917650461,0.0070501742398366
1775068800227652600,247.9526525878906,-0.0287923792421817,-0.0120277069240808,0.0543195826759561
1775068800237691600,247.96269165039064,-0.0142166683357208,0.0120487497121095,0.0733798185853287
1775068800247731500,247.9727314453125,-0.022490064227581,0.0338736280292272,0.0022848595341667
1775068800257770500,247.9827705078125,-0.0110205757081508,0.0328185660183429,-0.0533689308876171
1775068800267810600,247.992810546875,0.0022691139757633,0.006008885025978,-0.0767487104965373
1775068800277849300,248.0028493652344,-0.0250877525705844,-0.0268330618679523,-0.0795030872385948
1775068800287889400,248.01288940429689,-0.1108897207576781,-0.0290589212238788,-0.0754287139391526
1775068800297928400,248.02292846679688,0.0701215109091252,0.0043932665228843,-0.0212011203955858
1775068800307968500,248.03296850585937,0.1025613067429512,0.0108826285421848,-0.0012325374696403
1775068800318007600,248.04300756835937,-0.0583048894524574,0.0160211604744195,0.0087037866657599
1775068800328047600,248.0530476074219,-0.0536146858096122,0.0281195945471525,-0.0331497707340866
1775068800338086700,248.0630866699219,0.004250716247037,0.0056026423126459,-0.0707872813414782
1775068800348126500,248.0731264648437,0.0280277515452355,-0.0237754278630018,-0.0982987173950299
1775068800358165500,248.0831655273437,0.0498163895051926,-0.0291886850833892,-0.0862285595687106
1775068800368205600,248.09320556640623,0.0478746077876538,-0.0441729037255048,-0.0163614983446896
1775068800378244600,248.10324462890625,0.0402162019889801,-0.0603618219822645,0.0873338539294898
1775068800388284400,248.11328442382813,0.0258897166032344,-0.039013913527131,0.1005631917282939
1775068800398323500,248.12332348632813,-0.0024618600688874,-0.0220195241063833,0.0807001150034368
1775068800408363500,248.13336352539065,-0.0181703013323247,-0.0047632688790559,0.014855112369731
1775068800418402600,248.14340258789065,-0.0263525848746299,-0.0014537059396505,-0.0425899453829973
1775068800428442400,248.1534423828125,-0.0248433493554592,0.0040653497427701,-0.084493771665357
1775068800438481700,248.16348168945316,-0.0139677350759506,0.0032978725016117,-0.0862048133669421
1775068800448520400,248.1735205078125,0.0106382983922958,0.0085240827172994,-0.0673140888055786
1775068800458560500,248.183560546875,-0.0021463643789291,0.0376958166658878,-0.0714643768854439
1775068800468599600,248.193599609375,-0.0070435618359595,0.0442535677462816,-0.0564227289676666
1775068800478639600,248.2036396484375,0.0114776718258857,0.049001054534316,-0.0661701064022257
1775068800488678400,248.2136784667969,0.0481938298046588,0.0550748214900493,-0.0687109499914571
1775068800498718500,248.22371850585935,0.0497124176740646,0.0515033927440643,-0.0648202626958489
1775068800508757500,248.23375756835935,0.0266414848186075,0.0465098222404718,-0.0695712931478396
1775068800518797600,248.24379760742187,0.053441667330265,0.0463823964685201,-0.0825462543267756
1775068800528836600,248.25383666992187,0.0601743365861475,0.0412900417655706,-0.067678136344999
1775068800538876400,248.26387646484372,0.0570002365946769,0.0131301152080297,-0.0668046049134805
1775068800548915500,248.27391552734372,0.0448992452386766,-0.0291465995073318,-0.059641837144643
1775068800558955300,248.28395532226563,0.0062520461320877,-0.0591863484621047,-0.0428796125119552
1775068800568994300,248.29399438476565,0.0236005096875131,-0.0584317307025194,-0.0531866696558892
1775068800579034400,248.3040344238281,0.003647343526408,-0.0533498973935842,-0.0502315461773425
1775068800589073200,248.3140732421875,0.0079609689418226,-0.0268850843161344,-0.0225948763089254
1775068800599113200,248.32411328125,0.0077904346805065,0.0290273570418357,-0.0080399159295484
1775068800609152300,248.33415234375,0.0085526512246578,0.0711474198907613,0.0435158280562609
1775068800619192300,248.3441923828125,0.0388730437517166,0.1192430500179529,0.0389442823570221
1775068800629231000,248.35423120117187,0.072802201360464,0.1110001223295927,-0.0214421626098453
1775068800639271200,248.3642712402344,0.1033854095421731,0.0812333450973033,-0.0575223242400214
1775068800649310500,248.374310546875,-0.0131646019995212,0.0274760359466075,-0.0403172877432778
1775068800659350300,248.38435034179687,-0.0855249048113823,-0.0139589672476053,-0.0749228833088651
1775068800669389300,248.39438940429687,-0.0760709208328276,-0.0591997924655675,0.0202867089644074
1775068800679429400,248.40442944335936,0.0352862713061273,-0.0414303270190954,0.0342666824674233
1775068800689468400,248.41446850585936,0.0477354915779083,-0.0238525847524404,0.0352740694116801
1775068800699507200,248.4245070800781,0.011911314002797,0.005889642560482,0.0191069611279293
1775068800709547300,248.43454736328124,0.0498410124897956,0.0131406366020441,-0.0139278779895976
1775068800719586300,248.44458642578124,0.074381506441161,0.0308352832466363,-0.0217062569061294
1775068800729626000,248.45462622070312,0.0575390196464955,0.0196621473252773,-0.0170792912252247
1775068800739665200,248.4646650390625,0.0431480176571756,0.0240109901845455,-0.0036761312294751
1775068800749705200,248.47470532226563,-0.0189946233272552,0.0553764347851276,0.0385053064178675
1775068800759744300,248.484744140625,-0.0326152985312044,0.0553974775731563,0.0056195203822106
1775068800769784300,248.4947844238281,-0.0080725395575165,0.0690098233401775,-0.0214382901523262
1775068800779823400,248.5048232421875,0.0324047245204448,0.069738137614727,-0.0284961727745831
1775068800789863400,248.51486352539064,0.0402677129805088,0.0702829120159149,-0.0407949517250061
1775068800799902200,248.52490209960936,-0.0039982758559286,0.0588064092338085,-0.025914558783546
1775068800809942300,248.5349423828125,-0.0140672499276697,0.0323322438061237,-0.0227667622771114
1775068800819981300,248.54498120117188,-0.0222995100915431,0.0103238256156444,-0.0342796515468507
1775068800830021400,248.555021484375,0.0208532568059861,-0.0350239671081304,-0.0035448330000042
1775068800840060200,248.56506005859376,0.0830968008816242,-0.0563777207821607,0.04336370623447
1775068800850100200,248.57510034179688,0.1583211148224771,-0.0539180526703596,0.087842680234462
1775068800860139300,248.58513916015625,0.1264800155341625,-0.0069067106485366,0.1008410588216036
1775068800870179000,248.59517895507813,-0.0872844618298113,0.0593967763423919,-0.106599841544032
1775068800880218400,248.6052182617188,-0.1305262221850454,0.0564671526312828,-0.1554141413345932
1775068800890258400,248.6152585449219,-0.0242493289850652,0.0133019646435976,-0.0849696820814162
1775068800900297200,248.6252971191406,-0.0710940822683274,-0.0324485636621713,-0.0186575003273785
1775068800910337300,248.63533715820316,-0.0148585464358329,0.0931347952932119,0.0015153729990124
1775068800920376300,248.64537622070316,0.1484146378360688,0.1590706180155277,0.0454354710072279
1775068800930416400,248.65541650390625,0.1822457418978214,0.093283848375082,0.056687663514167
1775068800940455200,248.665455078125,0.0708206721544265,0.0058843818634748,0.099358199852705
1775068800950494200,248.675494140625,0.076481036003679,0.0653238283038139,0.0909432035330683
1775068800960534300,248.6855341796875,0.1812088000655174,0.1438192728698253,0.0633129268728196
1775068800970573300,248.6955732421875,0.2752981196045875,0.1093763205200433,0.0293894683524966
1775068800980613000,248.70561303710937,0.2401424889408051,0.0593657966822385,0.0451262589275836
1775068800990652400,248.71565234375,0.1399846631430089,0.0567535683572292,0.0788686617925763
1775068801000692500,248.7256923828125,0.0895709653317928,0.0053799394726753,0.0978515216168016
1775068801010731300,248.7357312011719,-0.0574013647414743,-0.0726169079214334,0.013086203001067
1775068801020771300,248.7457712402344,-0.0482991898752748,-0.0828214910715818,0.0808644387196749
1775068801030810400,248.7558103027344,-0.0172435418762266,-0.0128396078288555,0.1163373917043209
1775068801040850200,248.76585009765623,-0.0020518179632723,0.0203068749696016,0.0198562816578894
1775068801050889200,248.77588916015625,0.0198619076810777,0.0796492907762527,0.0570456101063638
1775068801060929300,248.78592919921877,0.1161605738326907,0.0786187786847353,0.1341836487140506
1775068801070968300,248.79596826171877,0.1782519960865378,0.1597182682693004,0.0876087253481149
1775068801081008000,248.80600805664065,0.2259913601219653,0.2028893014758825,0.0873855110514909
1775068801091047200,248.81604711914065,0.2384906300805509,0.1423737502366304,0.0761903094287961
1775068801101087200,248.82608715820317,0.2128137525103986,0.0529945080846548,0.0413041433561593
1775068801111126300,248.83612622070316,0.2242518229782581,-0.0097609310358762,0.0132976537946611
1775068801121166300,248.8461662597656,0.0856895938538014,-0.0562900424987077,-0.0270392519645392
1775068801131205400,248.8562053222656,0.0974479823172092,-0.0421218164145946,-0.0704719317819923
1775068801141245400,248.8662453613281,0.1316493809960782,-0.0787280842781066,-0.1297412823524326
1775068801151284200,248.8762841796875,0.1114449434876442,-0.0224427179545164,-0.1844233781978488
1775068801161324300,248.88632421875,0.0784007520198822,0.0397018957912921,-0.139227780361101
1775068801171363300,248.89636328125,0.0602887567460536,0.0450204604655504,-0.1597140304856002
1775068801181403100,248.90640307617187,0.1950688369832932,0.080911273536086,0.0164911160737276
1775068801191442200,248.91644213867187,0.1097147586941719,0.1323965461015701,0.072155135628581
1775068801201482200,248.9264821777344,-0.025163521220535,0.1151245087832212,0.1228257308103144
1775068801211521300,248.9365212402344,0.0071558631040155,0.1055997245907783,0.0908146087173372
1775068801221560300,248.9465603027344,0.0343022287048399,0.1000526118576526,0.1021253995437175
1775068801231600400,248.95660034179687,0.1136332473121583,0.0907885244280099,0.0866221254635602
1775068801241639400,248.96663940429687,0.1261898004159331,0.0540928247153758,0.0239538531698286
1775068801251679200,248.97667919921875,0.088254768166691,0.0411281292021274,0.0792738815926015
1775068801261718300,248.98671826171875,0.0608593962408602,0.0671171414613723,0.104124975863099
1775068801271758300,248.99675830078124,0.0596621492803096,0.1212561434060335,0.0918752236861735
1775068801281797000,249.00679711914063,0.0899063347660005,0.1366711546808481,0.0955839420109987
1775068801291837200,249.01683715820312,0.0972141735613346,0.1286310560882091,0.0498868243928998
1775068801301876200,249.02687622070312,0.0215991067372262,0.0463198526263236,-0.0112652711842209
1775068801311916300,249.03691625976563,0.0110416184961795,0.0202916774004697,-0.0180921215295791
1775068801321955300,249.04695532226563,0.0779775581717491,0.0314285729646682,-0.0310039178118109
1775068801331995100,249.0569951171875,0.1068354038655757,0.0436854124695062,-0.0543185962952673
1775068801342034400,249.0670344238281,0.1015058794058859,0.0629313802093267,-0.1057506773687899
1775068801352074500,249.07707446289064,0.1131378650106489,0.0975719009578228,-0.2416023323602974
1775068801362113300,249.08711328125,0.0712136169947683,-0.0351601607084274,-0.1507401581741869
1775068801372153300,249.0971533203125,0.1496830503366887,0.0505728338956832,-0.0711803723122924
1775068801382192400,249.1071923828125,0.2009925279438495,0.142870593842864,-0.1130447068344801
1775068801392232200,249.1172321777344,0.2045769623018801,0.138586632913351,-0.1763481352265924
1775068801402271200,249.1272712402344,0.1516191329658031,0.0720791477829217,-0.093596129194647
1775068801412311300,249.13731127929688,0.1278105334855616,0.0132902742058038,-0.1355468268260359
1775068801422350000,249.14735009765624,0.1431600783087313,0.0437923799753189,-0.0875398248303681
1775068801432390100,249.1573901367188,0.2433294484138488,0.0068301382809877,-0.0660418403800576
1775068801442429200,249.1674291992188,0.2049415578305721,-0.0491705658823251,-0.003000277794525
1775068801452469200,249.17746923828125,0.1567734469890594,-0.0463549239397048,-0.095606226908043
1775068801462508300,249.18750830078125,0.0560860443592071,-0.0282394215345382,-0.0293525704082101
1775068801472548400,249.19754833984376,0.1108686049044132,0.0291395852446556,-0.0646051586404442
1775068801482587400,249.20758740234376,0.1653966061666607,0.0413800581365823,-0.0931909093946218
1775068801492626200,249.21762622070312,0.1463411925628781,-0.0144178169310092,-0.0732568132601678
1775068801502666200,249.2276662597656,0.1241170857951045,0.0067161565124988,-0.0221022339537739
1775068801512705300,249.2377053222656,0.0908639277517795,0.0558358689904212,-0.0010967091955244
1775068801522745300,249.24774536132813,0.1244504094026982,0.077878773972392,-0.0374922569178044
1775068801532784000,249.2577841796875,0.0524362896800041,0.1191349134683609,-0.1158990002870559
1775068801542824200,249.26782421875,0.0631176965616643,0.1203162322074174,-0.0902722454689443
1775068801552863200,249.27786328125,0.135240829616785,0.1015863972961902,-0.0099193364679813
1775068801562903300,249.2879033203125,0.1245724283471703,0.0916097776830196,0.0103184187881648
1775068801572942300,249.2979423828125,0.1578422452643513,0.1348755034357309,-0.0527725358970463
1775068801582982400,249.307982421875,0.2098858823649585,0.1659790822297334,-0.1105474101260304
1775068801593021400,249.318021484375,0.2313236610606312,0.123483756327629,-0.0983694810763001
1775068801603061500,249.3280615234375,0.1387431386493146,0.0572679476201534,-0.0957142903923988
1775068801613100300,249.3381003417969,0.1453042507305741,0.0372580097705125,-0.1396193369619548
1775068801623140400,249.34814038085935,0.1540060281023383,0.0075198741108179,-0.1197312719263136
1775068801633179400,249.35817944335935,0.1714884933009743,-0.0166927761256694,-0.0396330683387815
1775068801643219200,249.36821923828128,0.1764765108466148,-0.0099865564852952,-0.1421457866996526
1775068801653258200,249.37825830078123,0.1573278660014271,-0.0738613550245761,-0.1321821726985275
1775068801663298300,249.38829833984371,0.1387646198287606,-0.0838379746377468,-0.0486035796493291
1775068801673337300,249.3983374023437,0.1280842358604073,-0.0808019679427146,0.0212536543004214
1775068801683377200,249.4083771972656,0.1501284560166299,-0.0441191277116537,0.0605927081286907
1775068801693416400,249.41841650390623,0.1914414402663707,-0.0216547824472188,0.079350307829678
1775068801703456500,249.42845654296875,0.2160018810272216,0.0413426487356424,0.0133788292720913
1775068801713495300,249.4384953613281,0.2169172423064708,0.1330862819314003,-0.0676243603311479
1775068801723535400,249.44853540039065,0.222694656664133,0.138586632913351,-0.0732625123485922
1775068801733574400,249.45857446289065,0.1847591860234737,0.1266185472220182,-0.0514785505637526
1775068801743614500,249.4686145019531,0.1902767804011702,0.1372790574461221,-0.0506058593824505
1775068801753653200,249.4786533203125,0.1642895217075944,0.1371370186269283,-0.0399943028666079
1775068801763693300,249.488693359375,0.1317433428898453,0.1140232695430517,-0.0463712905526161
1775068801773732400,249.498732421875,0.1188800619244575,0.0803413646936416,-0.0214877553172409
1775068801783772200,249.50877221679687,0.1647322970390319,0.0804033240139484,-0.0565466476082801
1775068801793811200,249.51881127929687,0.0470972667396068,0.0893009162187576,-0.1507278832145035
1775068801803850500,249.5288505859375,0.0649132016763091,0.0914402663350105,-0.1283954937666654
1775068801813890300,249.53889038085936,0.2196970822833478,0.0759621266961097,0.0101480306573212
1775068801823929300,249.54892944335936,0.2084793765679001,0.0667863020718097,-0.0406644572131335
1775068801833969400,249.55896948242187,0.1567559113323688,0.0852975257962942,-0.0305789703980088
1775068801844008200,249.5690083007813,0.2556269121900201,0.1103086329340934,0.0324704832330346
1775068801854048300,249.57904833984372,0.3032639848947525,0.0900099412709474,0.0569574203662574
1775068801864087300,249.58908740234372,0.1525780411258339,0.1238286242425441,0.0704186672247946
1775068801874127400,249.59912744140624,0.0256546657383441,0.1498322495490312,0.061616936609894
1775068801884166100,249.60916625976563,0.0489054852053523,0.1014852750092744,0.0181311383657157
1775068801894206200,249.6192062988281,0.1744412056267261,0.0918780732303857,0.0322489494368433
1775068801904245500,249.62924560546875,0.222492265959829,0.0704465781450271,0.0246397896073758
1775068801914285300,249.63928540039063,0.0784171186327934,0.1205097089529037,-0.0213794726371765
1775068801924324400,249.64932446289063,0.0013747954845428,0.1383878954708576,-0.0329259719155728
1775068801934364400,249.65936450195312,0.0474348281309008,0.1224047289192676,0.0328521760269999
1775068801944403500,249.66940356445312,0.1241001346603035,0.1125426755964756,0.0717266810834407
1775068801954443300,249.679443359375,0.1550564139381051,0.1596522172957658,0.0518127509541809
1775068801964482300,249.689482421875,0.1270621993362903,0.1375263102054595,0.0035503859579563
1775068801974522400,249.6995224609375,0.07032002915591,0.1221773499041795,-0.0104436526030302
1775068801984561200,249.70956103515624,0.0374117390275001,0.126855863109231,0.0027203648746013
1775068801994601200,249.71960131835937,0.1018082233533263,0.1140069029301404,-0.0236978325821459
1775068802004640300,249.7296401367188,0.123848351856321,0.084305592149496,-0.0403299645617604
1775068802014680300,249.73968041992188,0.1030697677217423,0.0548714078724384,-0.0065919456109404
1775068802024719400,249.74971923828124,0.066484542646259,0.0457324081271886,0.0079036127313971
1775068802034759200,249.75975927734376,0.0893697436712682,0.0374655150413513,0.0617675971269607
1775068802044798500,249.7697985839844,0.1328220780372619,0.0482522819936275,0.1082800497159361
1775068802054837200,249.77983715820312,0.1347990771986544,0.0495633645921945,0.0964995955511927
1775068802064877300,249.78987719726564,0.1411645205773413,0.0396112948983907,0.0900987885981798
1775068802074916400,249.79991625976564,0.1126467204928398,0.0564998858571052,0.081784256978333
1775068802084956400,249.80995629882813,0.0795453920103609,0.0270849908024072,0.0783538441382348
1775068802094995200,249.8199951171875,0.1774922637604176,-0.0141775784343481,0.0681793638654053
1775068802105035300,249.83003515625,0.2929832677684724,-0.0504530069082975,0.0889788446575403
1775068802115074300,249.84007421875,0.1795383826352656,-0.0686743077754974,0.1286643738359212
1775068802125114000,249.85011401367188,0.131425070720911,-0.0644032063275575,0.1622114002592861
1775068802135153400,249.8601533203125,0.1965852328956127,-0.0425093544274568,0.1024386302113533
1775068802145193200,249.8701931152344,0.2429055239133536,-0.0411135161548852,0.0756805332757532
1775068802155232500,249.880232421875,0.2385832768000662,-0.0357154565036296,0.0990958956547081
1775068802165272300,249.8902722167969,0.2341184063456952,-0.0025625439643859,0.133525988522917
1775068802175311400,249.9003112792969,0.2562183022119105,0.033368601116538,0.1741528902046382
1775068802185351400,249.91035131835935,0.3193688781298697,0.0639759208261966,0.1423673204958438
1775068802195390200,249.92039013671877,0.314028686145693,0.0695037443369627,0.080612875111401
1775068802205430300,249.93043017578125,0.2039290197871625,0.0768295571804046,0.0010087386511266
1775068802215469300,249.94046923828125,0.1617128030873835,0.0739583856582641,-0.0383915438450872
1775068802225509400,249.9505092773437,0.1739725652016699,0.0571896216869354,-0.0307241510223597
1775068802235548200,249.96054809570316,0.1778010374486446,0.0600865121722221,-0.0614489596318453
1775068802245588200,249.9705881347656,0.1605962201476097,0.0687643241465091,-0.1052354213230311
1775068802255627500,249.98062744140623,0.1199485679388046,0.0804623607248067,-0.1157026739973574
1775068802265667300,249.9906672363281,0.117340431267023,0.0545399839609861,-0.0949635450903326
1775068802275706400,250.0007062988281,0.0671931293070316,0.0606838935434818,-0.0513285476338118
1775068802285746400,250.01074633789065,0.0428502768196165,0.0475561164230108,-0.0235303670607507
1775068802295785500,250.02078540039065,0.0265748493231832,0.0157037650883197,-0.0023160949226468
1775068802305825300,250.0308251953125,0.0202139359891414,0.0032546178817749,0.0434253002285957
1775068802315864300,250.0408642578125,-0.0235854582488536,-0.0001169043779373,0.0339011736232787
1775068802325904400,250.050904296875,-0.0682299250088632,0.0100105218827724,0.0862969120971858
1775068802335943200,250.0609431152344,-0.0514143992863595,0.0561076716691255,0.1476725142318755
