{
  "model_type": "SVM_linear",
  "description": "Romberg balance test classifier: eyes open (normal) vs eyes closed (impaired)",
  "features": [
    "mean",
    "median",
    "std",
    "skewness",
    "kurtosis",
    "path_length"
  ],
  "classes": [
    "closed",
    "open"
  ],
  "prediction_rule": "If decision_function(x) > 0 \u2192 open (normal balance), else \u2192 closed (impaired balance)",
  "scaler": {
    "mean": [
      0.12884556792572224,
      0.11136093998619306,
      0.08217374778670732,
      2.0376234252701604,
      12.80184781158191,
      125.10615775470566
    ],
    "std": [
      0.045133847327176055,
      0.03563536555948225,
      0.05982481199494128,
      1.8077324941978443,
      37.799432270925315,
      32.934124185713905
    ]
  },
  "weights": [
    -0.7124851687616154,
    -1.630074510121072,
    0.4237209760180871,
    0.33579639354801194,
    -0.5011842804981861,
    1.0556923353687635
  ],
  "bias": -0.21889522234118264,
  "metadata": {
    "training_samples": 142,
    "training_subjects": 9,
    "cv_accuracy": 0.7394,
    "cv_precision": 0.7067,
    "cv_recall": 0.7794,
    "cv_f1": 0.7413,
    "cv_auc": 0.7705,
    "cv_method": "GroupKFold (leave-one-subject-out, 9 folds)",
    "n_features": 6
  }
}