time,seconds_elapsed,z,y,x
1776177499154244000,1.061244140625,-2.1325983039051293,-0.5636867530591786,0.5507113900214433
1776177499164176100,1.071176025390625,-3.080614483043551,0.7634064845882356,0.5986661503732205
1776177499174108200,1.081108154296875,-3.450042254197597,0.8189953930802643,0.5512725310355424
1776177499184039200,1.0910390625,-3.057327715480328,0.4140715072616934,0.1951917327105999
1776177499193971200,1.10097119140625,-2.388182838258147,-0.7558627912104129,0.4989888015687465
1776177499203902200,1.110902099609375,-1.636214716398716,-1.6053326714009046,0.7607271823763847
1776177499213834200,1.120834228515625,-1.0424901140809055,-1.3169453531205653,0.439809467369318
1776177499223765200,1.13076513671875,-0.9046540072739124,-0.7182315642133354,0.217871766552329
1776177499233697300,1.140697265625,-0.994355905508995,0.0353469154521822,0.1496861190766096
1776177499243628300,1.150628173828125,-1.0410253022253513,0.7000213692620396,0.4954559512674808
1776177499253560300,1.160560302734375,-1.168702418589592,1.0721493392854928,1.092106085643172
1776177499263492400,1.170492431640625,-1.5117957250475882,1.1346648321703077,1.7322224367797374
1776177499273423000,1.180423095703125,-1.6878122171670198,1.4575067932382224,2.1378969948351383
1776177499283355100,1.190355224609375,-1.5647002167612314,2.081174406138062,2.229553534269333
1776177499293286400,1.200286376953125,-1.065699140232801,2.8619851761221886,2.127367417514324
1776177499303218200,1.21021826171875,0.2239975559562444,3.305791604173183,2.3572803349941966
1776177499313149200,1.220149169921875,1.3258078740119934,2.853257679787278,2.690104760894179
1776177499323081200,1.230081298828125,2.057180951610208,1.5656792909264563,2.35574538051188
1776177499333013200,1.24001318359375,2.789020477676392,0.6255600025177002,1.8059715636014937
1776177499342944300,1.2499443359375,3.6046225750565526,0.723366881275177,1.7796487893432378
1776177499352876300,1.259876220703125,3.7361633811116217,1.508629369971156,2.334444233807921
1776177499362807300,1.269807373046875,2.997899082694948,2.632645674616098,2.974135637530684
1776177499372739300,1.2797392578125,1.9083117018744349,3.5765661088734864,3.441836735910177
1776177499382670000,1.289670166015625,-2.229144368946552,4.922365216034651,4.07977574300766
1776177499392602000,1.29960205078125,-1.5055276045635342,4.217465719342232,2.3569822288304567
1776177499402533400,1.309533447265625,-0.4242465720564127,2.997106178751588,0.5870856026947499
1776177499412465400,1.31946533203125,0.244478033927083,2.770683441475033,0.7212041502833366
1776177499422397200,1.329397216796875,2.5422031871467827,1.916328711852432,0.980084803572297
1776177499432328200,1.339328125,4.836290860646963,1.0333879392147065,1.3326567169934511
1776177499442260200,1.34926025390625,6.668386461064219,0.6125596511691809,1.563673504061997
1776177499452191200,1.359191162109375,7.592664621740579,0.5829197151869535,1.3467726283684371
1776177499462123300,1.369123291015625,6.686330698555707,0.8754548007965087,0.4136857228145003
1776177499472054300,1.37905419921875,4.713879701986909,0.883249984717369,-0.7263456048250198
1776177499481986300,1.388986328125,3.588132043504715,0.5932166527956724,-1.956116824622452
1776177499491918300,1.39891845703125,3.744267777112126,-0.2015378868669271,-3.1576845709815617
1776177499501849000,1.40884912109375,4.590880514305829,-0.93595340090096,-3.5035081791862845
1776177499511781000,1.418781005859375,5.357015108683705,-1.2709446494460106,-3.37670579982996
1776177499521712400,1.42871240234375,5.337291586560011,-1.506456702107191,-3.288373436382413
1776177499531644400,1.43864453125,4.562378642442822,-1.9056968432009216,-3.2697464773237703
1776177499541575200,1.4485751953125,3.629536651560664,-2.525667647409439,-3.710734048561752
1776177499551507200,1.458507080078125,3.0009271983444687,-2.7775182559311387,-4.481683349744976
1776177499561438200,1.468438232421875,2.663641116860509,-2.473964932700992,-4.976241183128953
1776177499571370200,1.478370361328125,2.206984413456172,-1.9928923115730284,-4.87124585417211
1776177499581302300,1.48830224609375,1.5221271494477986,-1.5292951413810252,-4.120758910781145
1776177499591233300,1.4982333984375,1.4199312419511376,-1.0812854164212942,-2.7539193536788225
1776177499601165300,1.508165283203125,1.2128561792232095,-0.8090174582928419,-1.0722577680960297
1776177499611096000,1.518095947265625,0.6836693693980574,-0.7726110969156026,-0.3379392846956849
1776177499621028900,1.52802880859375,-0.0904189604632556,-0.902901610648632,-0.3165948833718895
1776177499630959900,1.5379599609375,-0.7326134330481291,-0.8071879047781229,-0.2172168097749352
1776177499640892000,1.547891845703125,-0.8139952467054128,-0.5970096153378486,-0.4736234741657972
1776177499650824200,1.55782421875,-0.8516143448732792,-0.4183826484590768,-0.4152554563492536
1776177499660755000,1.5677548828125,-0.8293731408402323,-0.619763883459568,-0.034748657298088
1776177499670687000,1.57768701171875,-0.3888952726900577,-1.0657143378019331,0.355913917325437
1776177499680618000,1.587617919921875,0.5201218982294201,-1.2210831786900758,1.0889718792706726
1776177499690550000,1.597550048828125,1.1026236802652478,-0.9655226097345352,1.779866523747146
1776177499700481000,1.60748095703125,1.0462287160873411,-0.5133540115296841,1.7659376593768596
1776177499710413000,1.6174130859375,0.5050482477381825,-0.1627735641866922,0.9612640755072236
1776177499720345000,1.627344970703125,0.0766840112298727,0.1406160929143428,-0.1698874878451228
1776177499730275800,1.63727587890625,-0.1538327173620462,0.5977987198889255,-0.7487810162559151
1776177499740207900,1.647207763671875,-0.3871875919893384,0.7459832022309303,-0.7093371868789196
1776177499750139000,1.657138916015625,-0.2897095067948103,0.1631155094921589,-0.5130553208440541
1776177499760071000,1.66707080078125,0.1523719971597194,-0.6083744744390249,-0.1410211665838956
1776177499770002000,1.677001953125,0.5535986358955503,-0.8432225102335215,0.3396396588727832
1776177499779934000,1.686933837890625,0.8534364457339048,-0.9083189595222472,0.6694502899095416
1776177499789865000,1.696864990234375,0.9293938962548972,-0.6943284183174371,0.8048305279970168
1776177499799797000,1.706796875,0.7217606151223183,-0.2268196276396512,0.7661343021169305
1776177499809728800,1.716728759765625,0.0935907223671674,-0.1580669939309358,0.3574085397973656
1776177499819660000,1.726659912109375,-0.643525867319107,-0.3718605512589216,-0.2705848273470997
1776177499829592000,1.736592041015625,-1.1541279497921466,-0.667092036345601,-0.392680636447668
1776177499839523000,1.746523193359375,-0.9607833062529564,-0.0301040463626384,0.7309411159217357
1776177499849454800,1.756454833984375,-0.0167255093514919,-0.0384352368563413,1.292368838007748
1776177499859385900,1.7663857421875,0.125134446144104,-0.308699453946948,0.7446674434572458
1776177499869318000,1.77631787109375,0.2669891409426927,-0.4833078328341245,0.4635214746072888
1776177499879250200,1.786250244140625,0.1709206302851438,-0.3537754439920186,0.1790302869826555
1776177499889181000,1.796180908203125,0.5061445185422897,-0.2389139700591564,-0.2755830740258097
1776177499899113000,1.806113037109375,0.5774675872609019,-0.005656418326497,-0.6629851855486631
1776177499909044000,1.8160439453125,0.5847571597471833,0.1925871031701564,-1.0261796152710914
1776177499918976000,1.82597607421875,0.8189674821600318,0.631701574012637,-0.956483270971477
1776177499928907000,1.835906982421875,1.048251161825657,1.3331670046031474,-0.4191393120452761
1776177499938839000,1.845839111328125,1.423943254071474,1.329719494497776,-0.702177524382621
1776177499948771000,1.85577099609375,1.0076882652908563,0.6716536451727152,-1.608718806707859
1776177499958702000,1.8657021484375,-0.3556336390793323,0.67653089582026,-1.4914062863610684
1776177499968633900,1.8756337890625,-0.9054618165254592,0.7685176901221275,-0.5486361911825836
1776177499978564900,1.88556494140625,-0.1630006509408354,0.8741314432382583,0.1061230178125202
1776177499988497000,1.895496826171875,0.7604176780357956,0.7903338006108999,0.0627281127221882
1776177499998428000,1.905427978515625,0.905315101531148,0.7359948921799659,0.0931805341310799
1776177500008360000,1.91535986328125,0.5747130278557538,0.8547165486723184,0.3963761299647391
1776177500018291000,1.925291015625,0.6769777628049254,0.9855039060115812,0.5113493937090039
1776177500028223000,1.935222900390625,1.1735732394963505,1.09869364733994,0.6929972427789122
1776177500038155000,1.945155029296875,1.3155036298796534,1.212507658046484,0.8407465485740453
1776177500048086000,1.9550859375,1.455948457880318,1.4932090979993342,0.9867151084322482
1776177500058018000,1.96501806640625,1.4507093881830573,1.3800228638023138,0.8525126088872551
1776177500067949000,1.974948974609375,0.6826715905323624,0.7952367702215909,0.5292702503249049
1776177500077880800,1.984880859375,0.2410661796569824,0.4253460577309131,0.4400936180729419
1776177500087811800,1.994811767578125,0.2502443423688411,0.4660264431655406,0.5446260056931526
1776177500097744000,2.004743896484375,0.3156974961407482,0.350958633005619,0.54642107241638
1776177500107676000,2.014676025390625,0.3842196820944547,0.3951888198763132,0.7840007251318544
1776177500117607000,2.02460693359375,0.6874627703316509,0.9737760588169098,1.254487581772357
1776177500127539000,2.0345390625,1.1664762669727204,1.4394249008417128,1.3037152846693991
1776177500137470000,2.044469970703125,1.4167360991716385,1.1146090093523264,0.7291164577778428
1776177500147402000,2.054402099609375,0.2982715834349393,0.6134405256569385,-0.0793728849876672
1776177500157333000,2.0643330078125,-1.2170628371328114,0.181990890353918,-0.6251610663279891
1776177500167265000,2.07426513671875,-0.8383131108820437,-0.145688573873043,-0.5094716171383857
1776177500177196000,2.084196044921875,0.5149339741975069,0.1487321793526411,-0.2043314996408298
1776177500187128000,2.094128173828125,1.2977777113139628,0.4058563443630933,0.0273919013271108
1776177500197059800,2.104059814453125,1.0190066549018024,0.4304150315582752,-0.0538754556376487
1776177500206990800,2.113990966796875,0.424245987534523,0.2024813051968813,-0.54859962203186
1776177500216923000,2.1239228515625,0.4001157548844814,-0.2787631653666496,-0.5496333124611527
1776177500226854100,2.133854248046875,0.6347627151489258,-0.4532371042191982,0.1029073437016457
1776177500236786000,2.143785888671875,0.7581856812000274,-0.5928431433081627,0.5683324599731713
1776177500246717000,2.153717041015625,0.8394473756089806,-0.8097843510121107,0.1662545747028663
1776177500256649000,2.16364892578125,0.9740580906286836,-0.7397586286276578,-0.0306378609783947
1776177500266581000,2.1735810546875,0.7007087670043111,-0.5611357534021139,0.0080230378599837
1776177500276512000,2.183511962890625,0.2124704920306801,-0.7138818445712327,-0.2987929769605398
1776177500286444000,2.193444091796875,0.0070103171534836,-1.138819321501255,-0.3586678556760773
1776177500296375000,2.203375,-0.1088981816142797,-1.3129834637522697,0.0521887081271037
1776177500306307000,2.21330712890625,-0.120856038172543,-1.1740244903951882,0.1397806650035083
1776177500316237800,2.22323779296875,-0.0326139833569526,-0.9410399103850126,0.0783059133432805
1776177500326169900,2.233169921875,0.305353650650382,-0.8983592910438776,0.0021202070243656
1776177500336101000,2.24310107421875,0.044207975038886,-1.0904887135744097,0.1394389388937503
1776177500346033200,2.253033203125,-0.1190121638715267,-2.2445897753596307,0.3921984058886766
1776177500355965000,2.26296484375,-0.1136075283490121,-4.097419536247849,0.7233531450107693
1776177500365896000,2.27289599609375,-1.6958359491467474,-2.5981115368515253,-0.7856557257972657
1776177500375828000,2.282827880859375,-0.4418298672810196,-0.6380062271147966,-1.462926626329869
1776177500385759000,2.292759033203125,0.6353679875656962,-0.4559405179589986,-1.6168728870689868
1776177500395691000,2.30269091796875,0.2318856788575649,-0.1718985354065895,-1.2662848409414291
1776177500405622000,2.3126220703125,-0.3503668045923113,-0.1981985133111476,-0.8765273984640837
1776177500415554000,2.322553955078125,-0.5550795221030712,-0.0506172575592994,-0.9440565547924488
1776177500425486000,2.332486083984375,-0.4013452966794371,0.0443014985412359,-1.3448513049170374
1776177500435416800,2.342416748046875,0.259884861895442,-0.4328589175790548,-1.2877948080904782
1776177500445348900,2.352348876953125,0.1786982785493135,-0.7105874792009592,-0.765154058907926
1776177500455280000,2.362280029296875,-0.2747191506728529,-0.3926689460098743,-0.5401296075893566
1776177500465212000,2.3722119140625,-0.6698550713181495,-0.5152005161792039,-0.5202344552258029
1776177500475143000,2.382142822265625,-0.8372071954667568,-0.8937567656844854,-0.2890182731276378
1776177500485075000,2.392074951171875,-0.2746300110846758,-1.210940554860234,-0.0764707703379914
1776177500495007000,2.402007080078125,-0.2385021743878722,-1.202334639078379,-0.1681170075738802
1776177500504938000,2.41193798828125,-0.8036760972648859,-0.5531622903048992,-0.1824834961764514
1776177500514870000,2.4218701171875,-1.0167518617123366,0.207364401063323,0.0480416349176317
1776177500524801000,2.431801025390625,-0.8825386215776204,0.5856383264958858,0.2842624934352934
1776177500534733000,2.441733154296875,-0.5562205088317393,0.8908464311957359,0.3036042862324044
1776177500544663800,2.451663818359375,0.0471162637010216,1.6923206345021724,-0.0211981612535193
1776177500554595800,2.461595947265625,0.546640779581666,1.683305553397536,0.1623356842260807
1776177500564527000,2.471527099609375,0.1885994948387145,1.2079057172089815,0.1123518291994929
1776177500574459100,2.481459228515625,-0.2727908129587769,0.5856576157182455,-0.1224174422703683
1776177500584391000,2.491390869140625,-0.4054661760017276,-0.1125765778660774,-0.1573570920959115
1776177500594322000,2.501322021484375,-0.3465966384038328,-0.93848964138031,0.1912835462909191
1776177500604254000,2.51125390625,-0.1835097704842686,-1.477922097018361,0.4762881633304059
1776177500614185200,2.521185302734375,0.0246472422614693,-0.3690232820063829,0.3208557556867599
1776177500624116200,2.5311162109375,0.6058166066497565,1.120743566584587,0.8749619757782667
1776177500634047200,2.541047119140625,1.3881810358166693,1.2942068670898674,0.6675060239739715
1776177500643979300,2.550979248046875,1.6288897803381084,1.0138380200922488,0.0307383987434208
1776177500653911000,2.5609111328125,0.8156623031347989,0.7793278379499912,-0.2682959126923233
1776177500663842300,2.57084228515625,-0.8095324220776557,0.7977315096467733,0.1686017588835209
1776177500673774300,2.5807744140625,-0.943219592511654,0.1042354505002498,0.9449776151601224
1776177500683705300,2.590705322265625,-0.0438420643359422,-0.0797077429652214,0.7232694122500717
1776177500693637000,2.60063720703125,0.1915966308280825,0.4748135607331991,0.068146703704819
1776177500703568100,2.610568115234375,0.0283995805323123,1.1523363902002572,0.6663775314006954
1776177500713500200,2.620500244140625,-0.3993821799129247,0.5326017328351735,0.8850090302791446
1776177500723432200,2.63043212890625,-0.7286997667357326,-0.2380991465449333,0.6767046449519694
1776177500733363200,2.64036328125,-0.9076099344700574,0.0856464853644371,0.4582319898970425
1776177500743295200,2.650295166015625,-0.99465912623927,0.7641746924817562,0.6792197695780545
1776177500753226200,2.660226318359375,-1.1164584366112946,0.6445277378380299,0.7699054181534797
1776177500763158300,2.670158203125,-0.7584304497413337,0.724122083556652,0.6489660125464201
1776177500773089300,2.68008935546875,-0.3046078007191419,0.632901012930274,0.3722356681816279
1776177500783021300,2.690021240234375,0.0068899056442081,0.2013262899428606,0.1102388556335121
1776177500792952300,2.699952392578125,-0.0312181450843811,0.74337272747159,0.6926142348106951
1776177500802884400,2.70988427734375,-0.331639015507698,0.839338362276554,0.8293325896341354
1776177500812816100,2.719816162109375,-0.5369353781253099,0.7490694778084754,0.7636465038891881
1776177500822747100,2.7297470703125,-0.6461794505678117,0.7508914325386286,0.9258853036120532
1776177500832679200,2.73967919921875,-0.6253085119746625,0.6342921750277281,0.7829429597072303
1776177500842610200,2.749610107421875,-0.7479629778712987,0.2448334232360124,0.7034921141125261
1776177500852542200,2.759542236328125,-0.575761075603962,0.1070154366075992,0.375951619964838
1776177500862473200,2.76947314453125,-0.3090688717812299,0.630467063781619,0.1729797547720372
1776177500872405200,2.7794052734375,-0.4436337018325925,0.7792360680133104,0.320706410343945
1776177500882337300,2.789337158203125,-0.6625728053554892,1.120715509533882,0.8441685589119792
1776177500892268300,2.799268310546875,-0.574787262135744,1.1639040783971548,0.7855486121609807
1776177500902200300,2.809200439453125,-0.600016249807924,0.4556365665763616,0.9835191619351504
1776177500912131300,2.81913134765625,-0.4251160483673215,0.1349327865809202,0.9240589649677275
1776177500922063000,2.82906298828125,-0.6090729780972004,-0.2027349876970052,0.3894415083959698
1776177500931994000,2.838994140625,-0.7602531351238488,0.0108083942621946,-0.2431839024633169
1776177500941926100,2.848926025390625,-0.9302057971596718,0.3822656254172324,-0.2973268499307334
1776177500951858200,2.858858154296875,-1.2397614295445385,0.7343979783773422,0.1442753460742533
1776177500961789200,2.8687890625,-0.9797327752642332,0.9092571171551942,0.3395077030561864
1776177500971721200,2.87872119140625,-1.5015584086716174,-0.1501227569282054,1.0775582125917076
1776177500981652200,2.88865234375,-1.327208972981572,0.1486181975841522,0.9201811006210744
1776177500991584300,2.898584228515625,-0.9150731099575756,0.7338046886593103,0.1469648774191737
1776177501001515300,2.908515380859375,-0.8970099222615361,0.4106465012490749,-0.2994036562047898
1776177501011447300,2.918447265625,-0.7445400176852941,0.4272130206465721,-0.5452088470824062
1776177501021378300,2.92837841796875,-0.6594399141572416,0.4544523252278566,-0.4841002983860671
1776177501031310300,2.938310302734375,-0.3509738305747509,0.6895698256134987,-0.8281921143621206
1776177501041242000,2.9482421875,-0.1285984689928591,0.4724292959451675,-0.6568966594152152
1776177501051173000,2.958173095703125,-0.2125257293492555,0.3198042008072138,-0.4658054938912391
1776177501061105200,2.968105224609375,-0.3343791079960763,0.5367267038106918,-0.4925586223907768
1776177501071036400,2.978036376953125,-0.5594815564543009,0.5994675298839807,-0.6395527259044349
1776177501080968200,2.98796826171875,-0.63738911812976,0.5287760370671749,-0.6612364421851933
1776177501090899200,2.997899169921875,-0.3268756004981696,0.310775091177225,-0.6109837801545858
1776177501100831200,3.007831298828125,0.2394168050147593,0.4116238218486309,-0.5644213509440422
1776177501110763300,3.01776318359375,0.7325716397330164,0.5433984366595744,-0.540766042329371
1776177501120694300,3.0276943359375,1.1351854950435458,0.4334229812026023,-0.5610585965126752
1776177501130626300,3.037626220703125,1.4603922855466602,0.267973475804925,-0.5071203778371215
1776177501140557300,3.047557373046875,1.561241016218066,0.1785223374605178,-0.3926230610415339
1776177501150489300,3.0574892578125,1.5844227159716189,0.033105566266179,-0.2320300557643175
1776177501160420000,3.067420166015625,1.4598488263197242,-0.0611374825298786,-0.2932343199200928
1776177501170352000,3.07735205078125,0.9810551099091768,-0.0031751229047775,-0.3914868966184556
1776177501180284200,3.0872841796875,0.3342337081760168,-0.1063151793837547,-0.546958613359183
1776177501190215200,3.097215087890625,-0.3523543251477182,-0.3004851678311824,-1.23468061914891
1776177501200147200,3.107147216796875,-1.3127858953535556,-0.5224181924730539,-2.5419635331720114
1776177501210078200,3.117078125,-3.286802241542935,-0.8041583278238773,-3.7964462926387785
1776177501220010200,3.12701025390625,-2.887967758640647,-0.8932593375563621,-3.8405417472139
1776177501229941200,3.136941162109375,-3.628824119377136,-1.039109239470959,-2.100724909782409
1776177501239873300,3.146873291015625,-2.4463012652277945,-0.7970797677397727,0.0720328244231641
1776177501249804300,3.15680419921875,-0.3488490204405039,-0.4181687134474515,1.1675107245869931
1776177501259736300,3.166736328125,-0.1921907973289489,-0.3321189079791307,1.5847120543070137
1776177501269668400,3.17666845703125,-0.1296282504320144,-0.2806207759320736,1.3370850548297166
1776177501279599000,3.18659912109375,0.2865742044437676,-0.3308399740844965,0.7594530707873404
1776177501289531100,3.19653125,1.2340098802804946,-0.5291121371537447,-0.1852843789413571
1776177501299462400,3.20646240234375,1.938845079565048,-0.4501818083018064,-0.8296589720442891
1776177501309394200,3.216394287109375,1.7284475944161417,-0.4509013547480106,-2.05899559981674
1776177501319325200,3.2263251953125,0.0766161336254328,-0.192584180560708,-2.113313319329172
1776177501329257200,3.23625732421875,-0.4423142167318612,-0.1102946044087409,-1.7116389368258416
1776177501339189200,3.246189208984375,-0.1161678438236936,-0.1005108770191669,-1.0131789716616273
1776177501349120300,3.256120361328125,0.0940139162153005,-0.0040256022542715,-0.195173758662492
1776177501359052300,3.26605224609375,0.5180068423042073,-0.0903618234485387,0.649344782730937
1776177501368983300,3.2759833984375,1.2397376102775337,-0.6282955649614334,1.2721546097576617
1776177501378915300,3.285915283203125,1.5626181497901677,-1.1071639540433884,1.120886701382324
1776177501388846000,3.29584619140625,1.875462448456884,-1.039845152530074,0.6863032980982213
1776177501398778000,3.305778076171875,2.237393141853809,-0.745737703037262,0.1442410054132342
1776177501408710100,3.315710205078125,2.376659573724866,-0.6257195769935846,-0.2932925529133528
1776177501418641400,3.325641357421875,2.496453827884793,-0.3660989189922809,-0.3674262220732867
1776177501428573200,3.3355732421875,2.2304437611073253,0.180778591954708,-0.6727933167271316
1776177501438504200,3.345504150390625,1.6293945149898528,0.5935223577439784,-1.1822467406217008
1776177501448436200,3.355436279296875,0.9186182352185248,0.7055980003505945,-1.1094760303780435
1776177501458367200,3.3653671875,0.363722837510705,1.0286562345176935,-0.81809420645684
1776177501468299300,3.37529931640625,0.0349602724884636,0.8638742531180381,-0.1504584916885942
1776177501478231300,3.385231201171875,-0.5212046884974465,-0.3864297593593597,1.0326486651547253
1776177501488162300,3.395162353515625,-0.4303583329349756,-1.083887123352289,2.057674580346048
1776177501498094300,3.40509423828125,-0.5599702167540789,-1.3131681726694109,1.8017028002411128
1776177501508025000,3.415025146484375,-0.1670767960722558,-0.6020084465384483,0.9314262058001012
1776177501517957000,3.42495703125,0.6486760896891355,0.0861491741895675,0.2196667602103203
1776177501527888400,3.434888427734375,0.5642284587204456,0.8154191420286894,-0.4388923890570178
1776177501537820400,3.4448203125,-0.0101724344462156,0.7629056954592466,-1.105301375041902
1776177501547752200,3.454752197265625,-0.1687280886769294,0.7839058133900165,-0.8681110139049589
1776177501557683200,3.46468310546875,-0.2381517535150051,0.9497323354065418,-0.5054031255904585
1776177501567615200,3.474615234375,-0.344649303728342,0.7719885811030864,-0.566540242794156
1776177501577546200,3.484546142578125,-0.440915382784605,0.5937929913789034,-0.2084827741013839
1776177501587478300,3.494478271484375,-0.4444669377863406,0.4552238941222429,0.2165241878682747
1776177501597409300,3.5044091796875,-0.4630956504106521,0.170047354581952,0.2642127350319176
1776177501607341300,3.51434130859375,0.0199625915765762,-0.0850678086936473,0.2138631519654765
1776177501617272300,3.524272216796875,0.5566039551913738,-0.09573065700531,0.2754849291472696
1776177501627204400,3.534204345703125,0.8615349234502762,-0.1931406453996896,0.371335979395546
1776177501637136400,3.544136474609375,0.9799158767461776,-0.3974380601078272,0.3414762997154146
1776177501647067400,3.5540673828125,0.9185716195978224,-0.1888432404667138,0.2831052131589502
1776177501656999400,3.56399951171875,0.8774233243905007,0.3176964148730039,0.1922925589366816
1776177501666930400,3.573930419921875,0.7592740609586238,0.4825082068890333,0.0746813342045294
1776177501676862200,3.5838623046875,0.6672235537707806,0.6044195993334055,0.3652874199463054
1776177501686793200,3.593793212890625,0.6080862320821732,0.4035024747133254,0.5751046209892258
1776177501696725200,3.603725341796875,0.6117557874403894,-0.1094113918334245,0.2330277067658491
1776177501706657500,3.613657470703125,0.526171261396259,-0.3415916697233915,0.0239007575759897
1776177501716588300,3.62358837890625,0.2371044364191591,-0.2653244226008653,-0.0568050565158715
1776177501726520300,3.633520263671875,-0.129272861123085,-0.1424088215500116,-0.0219515734367072
1776177501736451300,3.643451416015625,-0.4041653956014662,-0.0681160893708467,-0.0450760357108432
1776177501746383400,3.65338330078125,-0.5480057843245566,-0.0891354965239763,-0.213591239688918
1776177501756314400,3.663314453125,-0.5351954756554216,-0.0730804337799549,-0.4083609475951641
1776177501766246400,3.673246337890625,-0.410060810315609,-0.0891015942543745,-0.5651939062191174
1776177501776178400,3.683178466796875,-0.4686484622322022,-0.0699479809731245,-0.6055743588590994
1776177501786109400,3.693109375,-0.2572024909436702,-0.0648959582805633,-0.3520966605922207
1776177501796041200,3.703041259765625,-0.1684534364540129,-0.168411862334609,-0.2264225911460816
1776177501805972200,3.71297216796875,-0.1345592770934104,-0.4595698143720627,-0.3523909308310597
1776177501815904300,3.722904296875,0.206426243430376,-0.7805360446959734,-0.2210697771423496
1776177501825835500,3.73283544921875,0.2832416259549558,-0.784096952047944,-0.2468729479732923
1776177501835767300,3.742767333984375,0.4474187733292579,-0.8098381270259618,-0.2043808917405083
1776177501845698300,3.7526982421875,0.4395698133945465,-0.7990466838985681,-0.0728161659537348
1776177501855630300,3.76263037109375,0.3213173818491399,-0.8019862444818019,0.186329960737843
1776177501865562400,3.772562255859375,0.0350724093597382,-0.6629618046730756,0.1971338432217016
1776177501875493400,3.782493408203125,0.0018235621653497,-0.3335726139187812,0.0910457049263175
1776177501885425400,3.79242529296875,0.0973779858209192,-0.2807552159667015,0.0255136498324573
1776177501895356400,3.8023564453125,-0.2912671115003526,-0.2542635148823261,0.3003336122649722
1776177501905288400,3.812288330078125,-3.0188685132265087,-0.9032575844794511,4.578826503896713
1776177501915219200,3.82221923828125,-3.2310359306573866,-1.9425965410530568,4.442351456309854
1776177501925151200,3.832151123046875,-2.58497323833704,-3.7322482534945007,1.6904554251521824
1776177501935083300,3.842083251953125,-1.0305227590419352,-2.786752532744408,1.154738044514507
1776177501945014300,3.85201416015625,0.3596785305559635,-0.0809983672976493,-0.8136114350195973
1776177501954946300,3.8619462890625,0.3706022217608988,1.1509452281028032,-2.1389479651927945
1776177501964877300,3.871877197265625,-0.4472596372447908,1.827746757557988,-2.218040206608176
1776177501974809300,3.881809326171875,-0.9894187413677572,1.92394035589993,-1.2281041633680465
1776177501984740400,3.891740234375,-1.3778442045889794,1.675375929442048,-0.4364468956010416
1776177501994672400,3.90167236328125,-1.423198427053541,1.5507184531599283,0.0193433271670714
1776177502004604400,3.9116044921875,-1.149478808812052,1.3644149603039026,0.0672107745615765
1776177502014535400,3.921535400390625,-0.5293221266426146,1.4575515091627835,-0.0395713282141834
1776177502024467500,3.931467529296875,0.0602700520455837,1.583420114800334,-0.0845878066243603
1776177502034398200,3.941398193359375,0.2132850232839584,1.4142559727936983,-0.0472041611801832
1776177502044330200,3.951330322265625,0.269178175419569,1.2174509596675631,0.0325388722941279
1776177502054261500,3.961261474609375,0.4279575554035604,0.8553630298823117,0.2876144707443192
1776177502064193300,3.971193359375,0.6679737876161933,0.4008481608122587,0.3302831439193338
1776177502074125300,3.981125244140625,1.028502212999761,0.0833259334623813,0.192159982065577
1776177502084056300,3.991056396484375,1.2283539003454147,-0.1325344932675361,0.1096392092399299
1776177502093988400,4.00098828125,1.293655662947893,-0.1594008728832006,0.0085368508673273
1776177502103919400,4.01091943359375,1.0113464955374598,-0.1667775391310453,0.0597055317643098
1776177502113851400,4.020851318359375,0.8283737545393407,-0.0718839174717664,0.1165753469123505
1776177502123782400,4.030782470703125,1.0074398434877394,0.0041910219490528,-0.1757187147492542
1776177502133714400,4.04071435546875,1.2646800360932946,0.0515630139768123,-0.338644583420828
1776177502143646200,4.050646240234375,1.2244270822905003,0.0607160422474145,-0.250416191804409
1776177502153577200,4.0605771484375,0.8449461191557347,-0.0114303255528211,-0.1975621881689876
1776177502163509200,4.07050927734375,0.4374572051547467,-0.0004880757778882,-0.1609087566955015
1776177502173440500,4.0804404296875,0.0228477916240692,0.078356328356266,-0.1961492708974517
1776177502183372300,4.090372314453125,-0.217330060891062,0.1019546460866928,-0.1722988963684067
1776177502193303300,4.10030322265625,-0.4191486643955111,0.108123690110445,-0.1897442444270476
1776177502203235300,4.1102353515625,-0.5916916351854801,-0.0087122987657785,-0.196750305530522
1776177502213166300,4.120166259765625,-0.7323144501015544,-0.1903606592923402,-0.2239569316849112
1776177502223098400,4.130098388671875,-0.802534526014328,-0.3069634239345788,-0.1838468204189091
1776177502233030400,4.140030517578125,-0.8628048703208565,-0.4446475550502538,-0.1484733822859823
1776177502242961400,4.14996142578125,-0.849450590968132,-0.5168880308747291,-0.1042926057812757
1776177502252893400,4.1598935546875,-0.9410803885258734,-0.3663186992228031,-0.0550523813293781
1776177502262824200,4.16982421875,-0.9769935595586896,-0.2279886714190244,0.0712873169852187
1776177502272756200,4.179756103515625,-0.8454851944684982,-0.1620423273026943,0.0954598863730672
1776177502282687500,4.1896875,-0.6294514569982886,-0.0136000708073377,-0.045313698657928
1776177502292619500,4.19961962890625,-0.2980760608628392,0.0042740240573883,-0.0529017609004396
1776177502302551300,4.20955126953125,0.0588914571687579,0.0306061506658792,-0.0487551260823849
1776177502312482300,4.219482421875,0.3168127639062702,-0.0104676180005073,-0.0640469585021026
1776177502322414300,4.229414306640625,0.5155876158006489,-0.0574590862780809,-0.1307330059366766
1776177502332345300,4.239345458984375,0.6103238549411296,-0.0175455935627222,-0.2434150260717608
1776177502342277400,4.24927734375,0.4017936249688267,0.0446896210759878,-0.1029059919947758
1776177502352208400,4.25920849609375,0.1278242697499692,0.0136772276967763,0.0056908046532887
1776177502362140400,4.269140380859375,-0.0130135030910372,0.0725321522474288,-0.2072173938080668
1776177502372072400,4.279072509765625,-0.1388388541087508,0.1254904199749231,-0.2654293808126822
1776177502382003200,4.289003173828125,-0.3551987547934055,0.0892845496058464,-0.1095941462554968
1776177502391935200,4.298935302734375,-0.5245569580674171,-0.118522919049859,0.1707413281954825
1776177502401866500,4.308866455078125,-0.2982899958744645,-0.1465221020877361,0.1540031968244351
1776177502411798300,4.31879833984375,-0.1413023216128349,-0.0724742845803499,0.0408787210183218
1776177502421729300,4.328729248046875,-0.1256850657641887,-0.0286620308607816,0.0456800020865164
1776177502431661300,4.338661376953125,-0.0858510680258274,0.0416740726470947,0.1539544623118825
1776177502441593300,4.34859326171875,0.0861225784435868,0.1303290921777486,0.0975276964899152
1776177502451524400,4.3585244140625,0.096029055429995,0.1275929452121257,0.0629396365810185
1776177502461456400,4.368456298828125,0.1189037350609898,0.0257113643616437,0.0748617277061566
1776177502471387400,4.378387451171875,0.1352598265781998,-0.0428191510289907,0.0214325910639017
1776177502481319400,4.3883193359375,0.014795856463164,-0.0339525384843349,-0.1170012076416052
1776177502491250200,4.398250244140625,-0.0002770633757114,0.051065585848689,-0.2917670421128161
1776177502501182200,4.40818212890625,-0.1349248955354094,0.1559434259057044,-0.4548685413459316
1776177502511114200,4.4181142578125,-0.3654848787471652,-0.0512672459006309,-0.0982379453848116
1776177502521045500,4.42804541015625,-0.1208063538119196,-0.1781464898854494,-0.1072833668287843
1776177502530977300,4.437977294921875,0.0885249634101986,-0.2454261284321546,-0.094737389917951
1776177502540908300,4.447908203125,0.1500865165710449,-0.2160322761654853,-0.0113915279123932
1776177502550840300,4.45784033203125,0.0801674694314599,-0.0783235951304435,-0.0650525736143812
1776177502560771600,4.467771484375,-0.0266800632633268,0.0056821372896432,-0.0181860651570372
1776177502570703400,4.477703369140625,-0.2232078668832778,0.0619809476166963,-0.0933177141120657
1776177502580635400,4.487635498046875,-0.3231993962034583,-0.0750087714940309,-0.0861644813565537
1776177502590566400,4.49756640625,-0.2547451609194278,-0.170543613666296,0.0553253256523981
1776177502600498400,4.50749853515625,-0.1613487920805811,-0.1891699882030487,0.0655666240837424
1776177502610429200,4.51742919921875,-0.0087125910267233,-0.2254769808590412,0.1028997083844616
1776177502620361500,4.527361572265625,-0.0607557897359132,-0.0396212317705154,0.0318914777686819
1776177502630292500,4.53729248046875,-0.1275306936308741,-0.0211170223087072,-0.0030219416370615
1776177502640224500,4.547224609375,-0.1867921531558036,-0.0122983405590057,0.0104411318523809
1776177502650155500,4.557155517578125,-0.2574247553922236,0.003278583279252,-0.0108180388733744
1776177502660087600,4.567087646484375,-0.208065535070002,-0.0620651187688112,0.0116955888928845
1776177502670019300,4.577019287109375,-0.1223079905465245,-0.0489016858130693,0.0110887090409174
1776177502679950600,4.58695068359375,-0.0173714060395956,0.0045808980494737,0.0351201209589839
1776177502689882600,4.596882568359375,-0.012489771477878,-0.016219897916913,-0.0404675464015454
1776177502699813400,4.6068134765625,-0.0025578677892684,-0.0091647187083959,-0.0439642294108867
1776177502709745400,4.616745361328125,0.0182885208845138,0.0044821138501167,-0.055489905096963
1776177502719676400,4.626676513671875,-0.0103239717461168,0.0244499661237001,-0.0745438573960214
1776177502729608400,4.6366083984375,0.0461008030481636,0.0225485164165496,-0.083163290246576
1776177502739540500,4.64654052734375,0.0592415857806801,0.0051829555958509,-0.0555909908512607
1776177502749471500,4.656471435546875,0.0129229021981358,0.0377460855484008,-0.038704774512723
1776177502759403500,4.666403564453125,-0.0223038940057158,0.0585597409963607,-0.024942425815761
1776177502769334500,4.67633447265625,-0.0334390360042452,0.0554869094222784,-0.0724625941425561
1776177502779266600,4.6862666015625,-0.1543722310662269,0.0677694678902626,0.0016319120507687
1776177502789197600,4.696197509765625,-0.1989190826706588,0.0571878681212663,0.0475238581212237
1776177502799129600,4.706129638671875,0.0106065880797803,-0.0684340692788362,0.024452011950314
1776177502809061600,4.7160615234375,0.0570204025998711,-0.1005623149454593,-0.0155823671983554
1776177502818992400,4.725992431640625,0.1462465000167489,-0.1806178484350442,-0.0091892320951446
1776177502828924400,4.73592431640625,0.1271814418017864,-0.1095697972655296,-0.0340159591093659
1776177502838855400,4.74585546875,0.0039582361064851,-0.0253466227024793,-0.0216744004631415
1776177502848787500,4.755787353515625,-0.1162576044663786,0.0379366396844387,-0.0709779816079884
1776177502858718500,4.765718505859375,-0.175273272536695,0.079365213137865,-0.1243195495646447
1776177502868650500,4.775650390625,-0.1885325670823454,0.0866471868395805,-0.1362053638000041
1776177502878582500,4.78558251953125,-0.1436459621295333,0.0502899253010749,-0.1497584901930764
1776177502888513500,4.795513427734375,-0.0891053936466574,0.0432698174059391,-0.064835533330217
1776177502898445300,4.8054453125,-0.0576001021839678,0.0630032764017582,-0.0112278617832809
1776177502908376600,4.81537646484375,0.0276641058646142,0.0567915622800588,0.0105482820212841
1776177502918308600,4.82530859375,0.0609694324865937,0.0193172794103622,0.0265848957931622
1776177502928239600,4.835239501953125,0.0288397255152463,-0.0347433966010808,0.0101536566805094
1776177502938171400,4.84517138671875,-0.0547521654069423,-0.0193032508850097,-0.0090223510956391
1776177502948103400,4.855103515625,-0.1406127319134771,-0.0076642510175704,-0.004167896801792
1776177502958034400,4.865034423828125,-0.1400944071277975,-0.0659966129988431,-0.0198119675921276
1776177502967966500,4.874966552734375,-0.1471019478023052,-0.1088520043849945,-0.0339502003967761
1776177502977897500,4.8848974609375,-0.1561044616863131,-0.0871118817418813,-0.004412921071425
1776177502987829500,4.89482958984375,-0.1651566599309444,-0.0932972923785448,0.0090330186201259
1776177502997760500,4.904760498046875,-0.1476654269039631,-0.0824924052476882,-0.0233752495642751
1776177503007692500,4.914692626953125,-0.1037549735069274,-0.054167058995366,0.0259547081308439
1776177503017623600,4.92462353515625,-0.0797965902924537,-0.0143926824897527,0.0538467044671997
1776177503027555600,4.9345556640625,-0.0599295680448412,0.0441208812773227,0.0199404893426224
1776177503037487600,4.944487548828125,-0.0706909082949161,0.0422574254930019,-0.053623270974867
1776177503047418600,4.954418701171875,-0.0761995887137949,0.0063420625030994,-0.0485421683182939
1776177503057350400,4.964350341796875,-0.0438356345951557,-0.0333130715370178,-0.0426513567140325
1776177503067281400,4.974281494140625,-0.0545890837997198,-0.001283025547862,0.0090052172977477
1776177503077213400,4.98421337890625,-0.1151788693189621,0.0323678996413946,0.0104924236482009
1776177503087144400,4.99414453125,-0.1066141623303294,0.0538660302221775,0.0143826725523918
1776177503097076500,5.004076416015625,-0.0775540720626711,0.02174596786201,0.0189100503163412
1776177503107008500,5.014008544921875,-0.0889104555964469,-0.0050695583492517,-0.0062627136565744
1776177503116939500,5.023939453125,-0.1532595936492085,-0.0068774845540523,0.0110476098455488
1776177503126871600,5.03387158203125,-0.1994811004675924,0.0008043021202087,-0.002153597837314
1776177503136802600,5.043802490234375,-0.1947081869773566,0.0378051222592592,0.017261004467681
1776177503146734600,5.053734619140625,-0.1742998974598944,0.0027045827835798,0.0029319617986679
1776177503156665600,5.06366552734375,-0.1181634380877017,0.0029547581523656,-0.0248639172194525
1776177503166597400,5.073597412109375,-0.0926230463787913,0.0247346282839775,-0.0023539061823859
1776177503176529400,5.083529296875,-0.1164659865200519,-0.0036532618105411,-0.0168856318166479
1776177503186460400,5.09346044921875,-0.1100932366177439,0.0061065001815557,-0.0287074043724685
1776177503196392400,5.103392333984375,-0.1570030179612338,0.0069289224803447,-0.0726983025945723
1776177503206323500,5.113323486328125,-0.1416483585715293,0.0113005616933107,-0.0833729144092649
1776177503216255500,5.12325537109375,-0.1098890923477709,-0.0135264210492372,-0.0735660618724301
1776177503226186500,5.1331865234375,-0.1196788110867142,-0.014673837518692,-0.0713509065736085
1776177503236118500,5.143118408203125,-0.0656013300709426,0.0190641814321279,-0.0489229843294247
1776177503246050600,5.153050537109375,-0.1229497955814003,0.0016898527830839,0.0038694618444889
1776177503255981600,5.162981689453125,-0.1357356273964047,-0.0238841489344835,0.0315333850460127
1776177503265913600,5.17291357421875,-0.1264382222190499,0.0024783728122711,0.0228213420085608
1776177503275844600,5.1828447265625,-0.1296405253916978,-0.0179950908958911,0.0320027195908129
1776177503285776400,5.1927763671875,-0.1454326994158327,-0.0275923558026552,-0.0344882527962326
1776177503295707400,5.202707275390625,-0.1455861364118754,-0.0281593420356512,-0.0446019427925348
1776177503305639400,5.212639404296875,-0.1367782683171332,0.0011965163081884,-0.0715246922379359
1776177503315571500,5.222571533203125,-0.1404372292160987,0.0315747034370899,-0.0793797896524891
1776177503325502500,5.23250244140625,-0.1473579683899879,0.0412263288795948,-0.021691570793651
1776177503335434500,5.2424345703125,-0.2863897147223353,0.0437076243013143,0.024147366447933
1776177503345365500,5.252365478515625,-0.3349833574995398,0.074081719776988,0.010363536571525
1776177503355297500,5.262297607421875,-0.1870937664508819,0.074366966459155,-0.0191495581606402
1776177503365228300,5.272228271484375,-0.1231365503251552,-0.0094055417269468,-0.0157930873395875
1776177503375160600,5.28216064453125,-0.121833358772099,-0.0323959566920995,-0.0657146542523056
1776177503385092600,5.292092529296875,-0.1444458803355693,-0.0180330848187208,-0.0241821455003693
1776177503395023600,5.302023681640625,-0.1448924550592899,-0.0202916774004697,0.0251357198981568
1776177503404955400,5.311955322265625,-0.1652643580891191,-0.0323971257358789,-0.0082264514775946
1776177503414886400,5.321886474609375,-0.0732730337426066,-0.0272597628474235,-0.0096755177747458
1776177503424818400,5.331818359375,-0.0223798818513751,-0.0655675739318132,-0.0107713867200538
1776177503434749400,5.34174951171875,-0.0607657266080379,-0.0527875873357057,-0.0505551886411383
1776177503444681500,5.351681396484375,-0.1574703432120382,0.0086672905802726,-0.0499094380835071
1776177503454613500,5.361613525390625,-0.1835679304122924,0.0566962852120399,-0.0352393268918618
1776177503464544500,5.37154443359375,-0.168399733505398,0.0546802692145109,-0.0465981946436688
1776177503474476500,5.3814765625,-0.1647654686562716,0.0171820209473371,-0.025950945271179
1776177503484407600,5.391407470703125,-0.1402183257684111,0.0328033684492111,-0.010658135603927
1776177503494339600,5.401339599609375,-0.1084289566673338,0.0344639951378107,-0.0090472298085689
1776177503504270600,5.4112705078125,-0.0543584899142384,-0.0146118781983852,-0.0223381616014987
1776177503514202600,5.42120263671875,-0.0419594654597341,-0.0613198533594608,-0.0086702497223392
1776177503524134400,5.431134521484375,-0.1199313245430588,-0.037214170628786,0.0011927534485235
1776177503534065400,5.4410654296875,-0.174012458820641,0.0086456632703542,-0.0233708656501024
1776177503543997400,5.45099755859375,-0.1595920115411281,0.0140542443156242,-0.0198961387442424
1776177503553928400,5.460928466796875,-0.078166066481173,-0.012003157004714,-0.0160439568281173
1776177503563860500,5.470860595703125,-0.0113490770101547,-0.0337064547687768,-0.0438299355067312
1776177503573791500,5.48079150390625,-0.0867722745239734,-0.0193190329760313,-0.0156465550083667
1776177503583723500,5.4907236328125,-0.1950675218090415,0.0357364992916584,-0.0117442138075828
1776177503593655600,5.500655517578125,-0.1576288947746157,0.0572130025625228,-0.0224856437807902
1776177503603586600,5.510586669921875,-0.0754138451635837,-0.0112502928107976,0.0083786828972399
1776177503613518600,5.5205185546875,-0.0066141574427485,-0.0167512283146381,-0.0187490145357325
1776177503623449300,5.530449462890625,-0.042454993891716,-0.0699210929661989,-0.0280191298473626
1776177503633381400,5.54038134765625,-0.2079800487436354,-0.071636664712429,0.0025561507562175
1776177503643312400,5.5503125,-0.3404315399028361,0.0194856217145919,-0.0098088618308305
1776177503653244200,5.560244140625,-0.2894482255101204,0.0176870478600263,-0.0131321975672617
1776177503663176200,5.57017626953125,-0.1313961368873715,-0.0420814844042062,-0.0011296250844374
1776177503673107500,5.580107421875,-0.0250479320168495,-0.0414484471976757,-0.0314454510342329
1776177503683039500,5.59003955078125,0.0332838454425334,-0.0561848285585641,-0.0393048227651044
1776177503692970200,5.59997021484375,0.0310325593844056,-0.0114542909502983,0.0039342341763898
1776177503702902300,5.60990234375,-0.110544487516582,0.0688555095613002,-0.0055308191854506
1776177503712833300,5.619833251953125,-0.1637047075569629,0.1185860474139452,-0.0349359965637326
1776177503722765600,5.629765625,-0.1355222769066691,0.0976800375074148,-0.0134967930959537
1776177503732697300,5.639697265625,-0.016958441324532,0.0401800346970558,-0.0073591671237722
1776177503742628400,5.64962841796875,0.0556724951222538,-0.0140273563086986,-0.0191231085451319
1776177503752560400,5.659560302734375,0.0317395386099815,-0.0432949518471956,0.0073957362744957
1776177503762491400,5.669491455078125,-0.0743944389879703,-0.0410059641271829,0.0180840112883597
1776177503772423200,5.679423095703125,-0.2444973231494426,-0.013599486285448,0.0247513967556878
1776177503782354400,5.6893544921875,-0.29763620814085,0.0089624741345644,0.0039505642566829
1776177503792286500,5.699286376953125,-0.2326549096643924,-0.0418646267831325,-0.013393953775987
1776177503802218500,5.709218505859375,-0.1283957860276103,-0.0953372737735509,-0.0300382876500487
1776177503812149200,5.719149169921875,-0.075536302499473,-0.0834615425407886,-0.0285648175640031
1776177503822081300,5.729081298828125,-0.0579098987855017,-0.0493576128870248,-0.0322690789094194
1776177503832012300,5.73901220703125,-0.059193362724781,0.012650222736597,-0.0448065254539251
1776177503841944600,5.748944580078125,-0.0956193055853247,0.0628273353129625,-0.0575465453658252
1776177503851875300,5.758875244140625,-0.1154267066001892,0.0181897366851568,-0.0575358047761023
1776177503861807400,5.768807373046875,-0.0846190420128405,-0.0186608613282442,-0.0215509567465633
1776177503871739400,5.778739501953125,-0.0578723432540893,-0.0048977089136838,-0.0167826098335906
1776177503881670100,5.788670166015625,-0.1054831124737858,-0.0086304657012224,-0.0119458738595247
1776177503891602200,5.798602294921875,-0.1672644458651542,-0.0088566756725311,-0.0364615256305784
1776177503901533400,5.808533447265625,-0.2018555745139718,0.0128296709567308,-0.0614652166469022
1776177503911465500,5.818465576171875,-0.2102805807709693,-0.010878536888957,-0.0324275574067607
1776177503921396200,5.828396240234375,-0.1397334648609161,-0.0340840559095144,-0.0388288027511909
1776177503931328300,5.838328369140625,-0.0892146992400288,-0.0209989488869905,-0.0533908504584804
1776177503941259300,5.84825927734375,-0.0437163921296596,-0.0238280348330736,-0.0373536521647125
1776177503951191600,5.858191650390625,-0.0299286897957324,-0.0153682495236396,-0.0004903408002108
1776177503961123600,5.86812353515625,-0.1328501350879669,0.0294604877620935,0.0126957058461382
1776177503971054300,5.878054443359375,-0.1625306953415274,0.0261415724724531,-0.0169756847202777
1776177503980986400,5.887986328125,-0.0939230230614543,-0.0066647185862064,-0.0269749545566737
1776177503990917400,5.89791748046875,-0.0879904181420803,-0.0397223540574312,-0.0337701676547527
1776177504000849200,5.90784912109375,-0.0297998027190566,-0.0585112256795167,0.0087400270229205
1776177504010780400,5.917780517578125,-0.1050666406273841,-0.0443505983799695,0.0004094941163435
1776177504020712400,5.92771240234375,-0.2051683523237705,0.0232493581622838,-0.0354992564696818
1776177504030644500,5.93764453125,-0.2127101460054516,0.0542103136152029,-0.0441941291766241
1776177504040575200,5.9475751953125,-0.1198407236501574,0.0416682274281978,-0.0523755359360948
1776177504050507300,5.95750732421875,-0.0672515814960002,0.0307978738456964,-0.0516156940121203
1776177504060438300,5.967438232421875,-0.0660289078332483,0.0095154318422079,-0.0275881910841912
1776177504070370600,5.97737060546875,-0.0526807659603655,0.0326022929191589,-0.0230497074043378
1776177504080301300,5.98730126953125,-0.026923078238964,0.0376864643156528,0.0015352832758799
1776177504090233300,5.9972333984375,-0.0306277779757976,0.0129220254153013,0.0027633637661114
1776177504100165400,6.007165283203125,-0.0796446146011352,-0.0141243869423866,0.0056578796312212
1776177504110096400,6.017096435546875,-0.0669490914180874,-0.0555950459718704,-0.0337408684950321
1776177504120028200,6.027028076171875,-0.1115863977849483,-0.0474883118838071,-0.0692349738655611
1776177504129959400,6.03695947265625,-0.1896354137577116,-0.0513029017359018,-0.0605782412119209
1776177504139891500,6.046891357421875,-0.1382689452663064,-0.0413403106480836,-0.0472697006970644
1776177504149822200,6.056822265625,-0.0649840749554336,-0.0759516053020954,-0.045358935172297
1776177504159754200,6.066754150390625,-0.0785112266570329,-0.0701309363245964,-0.0302393631801009
1776177504169686300,6.076686279296875,-0.1264952131032943,-0.0538905801415443,0.0087376158701255
1776177504179617300,6.0866171875,-0.1558320744857192,-0.0427221203953027,0.0658747401848435
1776177504189549600,6.096549560546875,-0.141296476393938,-0.0150070149958133,0.0609770678037777
1776177504199480300,6.106480224609375,-0.108534024477005,0.0134364046782255,0.013474362068437
1776177504209412400,6.116412353515625,-0.0853624077260494,2.27963536977e-05,-0.0242445066794753
1776177504219343400,6.12634326171875,-0.046589609478414,-0.006447276443243,-0.054255066072382
1776177504229275400,6.136275390625,-0.0654115065872669,0.0015407997012138,-0.06234126882907
1776177504239207200,6.146207275390625,-0.0403363943025469,0.0098439331442117,-0.0793991884727031
1776177504249138400,6.156138427734375,-0.0873074043139815,0.0013368015617132,-0.0624056758347898
1776177504259070500,6.166070556640625,-0.0733607120260596,0.0255085352659225,-0.0525240044960752
1776177504269001200,6.176001220703125,-0.0250889946795999,0.0014057751446962,-0.02787128234189
1776177504278933200,6.185933349609375,-0.0021112930655479,-0.0330441914677619,-0.0007721168836578
1776177504288864300,6.1958642578125,-0.046529988245666,-0.0337391879945993,0.0270536458160728
1776177504298796300,6.20579638671875,-0.1222773031473159,-0.024554595541954,-0.008466397713311
1776177504308728600,6.215728515625,-0.168012633883953,0.020279986962676,-0.0102641313176602
1776177504318659300,6.225659423828125,-0.159911160492897,0.0166933606475591,-0.0298388195551931
1776177504328591400,6.23559130859375,-0.1070551840960979,-0.0088169281840324,0.0103758480638265
1776177504338522400,6.2455224609375,-0.0594315553948283,0.0223076933979988,-0.0254903054894879
1776177504348454100,6.2554541015625,-0.0488404571451246,0.0325000015884637,-0.0333207433868199
1776177504358385400,6.265385498046875,-0.0321124635756015,0.0575982024878263,-0.0493922092763707
1776177504368317400,6.2753173828125,-0.0260530174061656,0.0293541047781705,-0.0338607685476541
1776177504378249500,6.28524951171875,-0.072835811369121,0.0099234281212091,-0.0068218453766778
1776177504388180200,6.29518017578125,-0.0628030776545405,-0.0078209028840065,0.0034139731619507
1776177504398112300,6.3051123046875,-0.0497113947607576,-0.0416109442830085,-0.020153839832358
1776177504408043300,6.315043212890625,-0.0787970578610897,-0.0620370617181062,-0.005812376073189
1776177504417975600,6.3249755859375,-0.0848477362021803,-0.0684305621474981,-0.0264941487697884
1776177504427906300,6.33490625,-0.1327922674208879,-0.02512158177495,-0.046179275111854
1776177504437838300,6.34483837890625,-0.222205996364355,-0.0116746557027101,-0.0543421598339453
1776177504447770400,6.354770263671875,-0.2300434119917452,0.0159399119317531,-0.043303756208159
1776177504457701400,6.364701416015625,-0.1365152334667742,-0.0091056819975376,-0.0037980040434747
1776177504467633200,6.374633056640625,-0.0560801991403102,-0.0444745170205831,0.0206619720175862
1776177504477564400,6.384564453125,-0.0296419818088412,-0.0121487029552459,0.0010724880697205
1776177504487496400,6.394496337890625,-0.0705573450431227,0.0144751000761985,0.022547603101097
1776177504497427500,6.404427490234375,-0.1401638191021978,0.0331295316636562,0.016199110857211
1776177504507359200,6.414359130859375,-0.0935948140203952,0.0705015232026576,-0.0142061104090884
1776177504517291300,6.424291259765625,-0.0273301977351307,0.041997897773981,-0.0629130773676559
1776177504527222300,6.43422216796875,-0.0045946343138813,8.41711521148e-05,-0.0516299782657995
1776177504537154600,6.444154541015625,0.0160341660864651,0.0066465984076261,-0.0407542543884366
1776177504547085300,6.454085205078125,-0.0117255091071128,-0.017933716097474,-0.0242324509155005
1776177504557017300,6.464017333984375,-0.0728282125845551,0.0045996027499437,-0.0152829093277454
1776177504566948400,6.4739482421875,-0.109476712154597,-0.0097621000796556,0.0112730526318773
1776177504576880400,6.48388037109375,-0.1418693078458309,-0.0160386961311101,-0.013589768609032
1776177504586812200,6.493812255859375,-0.1175311315335333,0.1342827982395887,-0.2216091629823669
1776177504596743400,6.503743408203125,-0.1712415328025817,-0.1173234801322221,0.082968863653019
1776177504606675500,6.513675537109375,-0.1931806851491332,-0.1472825650662183,0.0582690874867141
1776177504616606200,6.523606201171875,0.0007937807261943,-0.0502379028528928,-0.0630793738452717
1776177504626539300,6.533539306640625,-0.0602246054686605,-0.0385217460960149,0.0313295330369845
1776177504636470300,6.54347021484375,-0.1264485974825918,0.069348261514306,0.0432969976738095
1776177504646402300,6.55340234375,-0.1529191096484661,0.0683838003963232,-0.0354364934317767
1776177504656334000,6.563333984375,-0.1356289521515369,0.0686848291695118,-0.1033377344755455
1776177504666265300,6.573265380859375,-0.0553892942667007,0.0297141702622175,-0.0547145368102937
1776177504676197400,6.583197265625,0.001663549298048,0.0163163440287113,0.0297085807716473
1776177504686128400,6.59312841796875,-0.0010579846203327,0.0290606747895479,0.0074238663904368
1776177504696060200,6.60306005859375,-0.0117763625115156,0.059693128940463,-0.0345635099895298
1776177504705991200,6.6129912109375,-0.0550011717319488,0.0365694429844617,-0.0501396666428074
1776177504715923200,6.622923095703125,-0.0860050895437598,0.0143897598803043,-0.0706501013604924
1776177504725854200,6.632854248046875,-0.0882379631623625,-0.0307043503433465,-0.0428702601617202
1776177504735786200,6.6427861328125,-0.124466629885137,-0.0502191981524229,-0.0285965644091367
1776177504745718300,6.65271826171875,-0.1512393398679792,-0.0352039998501539,0.0038776451509445
1776177504755649300,6.662649169921875,-0.1286120591267943,-0.0525473488390445,0.0005577800132334
1776177504765581300,6.672581298828125,-0.0836859989464283,-0.0562327593535184,-0.0270119986314326
1776177504775512300,6.68251220703125,-0.0670285863950848,-0.0540741200149059,-0.019456176424399
1776177504785444400,6.6924443359375,-0.066059302971512,-0.0560726003557443,-0.0139668217604979
1776177504795375400,6.702375244140625,-0.0732990449666976,-0.0245499193668365,0.0254366025408729
1776177504805307100,6.71230712890625,-0.0783387926995754,-0.0382622183769941,0.0012755728937685
1776177504815239200,6.7222392578125,-0.0747604958213865,-0.003306640329957,-0.0486374088536947
1776177504825170200,6.732170166015625,-0.092272917766869,0.012668927437067,-0.030518728110753
1776177504835102200,6.742102294921875,-0.0907122443214058,-0.031596915268898,-0.0441230001691728
1776177504845033200,6.752033203125,-0.1029486255601048,0.0005535422295331,-0.0312892740918323
1776177504854965200,6.76196533203125,-0.0513105005204677,0.0162263276576995,-0.0125846101544797
1776177504864896300,6.771896240234375,-0.0569734947182238,0.0045908349215984,-0.0166112353220582
1776177504874828300,6.781828369140625,-0.0856771727636456,0.0161626147717237,-0.0336876770030707
1776177504884760300,6.79176025390625,-0.075803136742115,0.0102045831501483,-0.0427303037017583
1776177504894691300,6.80169140625,-0.0544004293598234,-0.0251397019535303,-0.0687642145486548
1776177504904623400,6.811623291015625,-0.043205666128546,-0.071782210662961,-0.0675162968467921
1776177504914554400,6.821554443359375,-0.0671489979043603,-0.0408639253079891,-0.0217284687379375
1776177504924486100,6.831486083984375,-0.0892941942170262,-0.0013058219015598,0.0059577028280124
1776177504934417200,6.841417236328125,-0.1256559858001768,-0.0099286888182163,0.0343130423597991
1776177504944349200,6.85134912109375,-0.121081663621962,0.0204518363982439,0.0170985804475843
1776177504954281200,6.86128125,-0.1212523440137505,0.0022030630022287,-0.0017462226128205
1776177504964212200,6.871212158203125,-0.0654341568104922,-0.000891395881772,-0.0096272947188466
1776177504974144300,6.881144287109375,-0.0746387691378593,0.0110310971021652,-0.0119750634213909
1776177504984075300,6.8910751953125,-0.0705938776612281,-0.010007599273324,-0.0340097850969061
1776177504994007300,6.90100732421875,-0.0513198528707027,-0.0194739312767982,-0.0608086889669299
1776177505003938300,6.910938232421875,-0.0544970216020941,-0.0300070157289505,-0.0447287109773606
1776177505013870300,6.920870361328125,-0.0564271128818392,0.006311082842946,0.0099056002035737
1776177505023802400,6.93080224609375,-0.041205286091566,0.0194447051823139,0.0354054772390052
1776177505033733400,6.9407333984375,-0.041227790184319,-0.0174696057170629,-0.0010997779354453
1776177505043665200,6.9506650390625,-0.093283848375082,-0.0110749362438917,-0.0356034840291365
1776177505053596200,6.96059619140625,-0.1408440564513206,-0.0254372235953807,-0.0295277808446437
1776177505063528200,6.970528076171875,-0.1090787988781929,-0.0084942721009254,-0.018247677417472
1776177505073459500,6.98045947265625,-0.103640114955604,-0.0020452420920133,-0.010150734071061
1776177505083391200,6.99039111328125,-0.0937070422232151,-0.0003396072179079,0.0106492581777274
1776177505093323300,7.0003232421875,-0.0750900200366973,0.0166062668859958,-0.0367196651101112
1776177505103254300,7.010254150390625,-0.0622960049152374,0.0278027836829423,-0.0100994788078591
1776177505113186300,7.020186279296875,-0.0554208584487438,0.037507016095519,-0.0081726023985072
1776177505123117300,7.030117431640625,-0.052712476272881,0.0311298822790384,-0.0129300991239026
1776177505133049300,7.04004931640625,-0.0470132417179644,0.001909633013606,-0.033251112216711
1776177505142980400,7.04998046875,-0.0406231022894382,-0.019733458995819,-0.025378406080231
1776177505152912400,7.059912353515625,-0.0125038000032305,0.0011176058530807,-0.0367360317230224
1776177505162844200,7.06984423828125,-0.0209302675649523,-0.0167418759644031,-0.0433941013727337
1776177505172775200,7.079775146484375,-0.1058604213535785,0.0008230068206787,-0.0259917522056028
1776177505182707200,7.089707275390625,-0.1233330958105623,0.0131225164234638,-0.0631775735227391
1776177505192638200,7.09963818359375,-0.0848114958450198,0.0654155982404947,-0.0896395735885947
1776177505202570200,7.1095703125,-0.184204767011106,-0.0977086790800094,0.0930726533098146
1776177505212501200,7.119501220703125,-0.1360132752940058,-0.0353255804032087,-0.0480983335409313
1776177505222433300,7.129433349609375,-0.011186287663877,-0.004246551528573,-0.0828785915536805
1776177505232365300,7.139365234375,-0.0120949269413948,-0.0285094706475734,-0.0176901531325653
1776177505242296300,7.14929638671875,-0.0438064085006713,-0.0220259538471698,-0.0384385247919708
1776177505252228400,7.159228271484375,-0.066274845418334,0.0149561615914106,-0.0379490607745945
1776177505262159400,7.169159423828125,-0.1260112289786338,0.0100005850106477,-0.0057948038838803
1776177505272091100,7.179091064453125,-0.1182875028587877,0.0105506201088428,-0.0377295362723991
1776177505282022100,7.189022216796875,-0.1123408694140613,0.008873626807332,-0.0643884471498429
1776177505291954200,7.1989541015625,-0.1008513610199093,-0.0226695124477148,-0.0575446091370657
1776177505301886200,7.20888623046875,-0.1612162517420947,0.0004220248043537,-0.0240638163503259
1776177505311817200,7.218817138671875,-0.1714621898159384,0.0050724809587001,-0.0292171439928933
1776177505321749200,7.228749267578125,-0.119125268857181,-0.0233428816646337,-0.0177740320237353
1776177505331680300,7.23868017578125,-0.085859251332283,0.0128887076675891,-0.0402183208808302
1776177505341612300,7.2486123046875,0.0453869556903839,-2.80570507049e-05,-0.0774441819474101
1776177505351543300,7.258543212890625,0.001714841093868,-0.0103664957135915,-0.0690895375128835
1776177505361475300,7.268475341796875,-0.0834419610574841,0.0509217934638261,-0.0771371983574703
1776177505371407400,7.278407470703125,-0.1247311260402202,0.0675087711274623,-0.0585259483246132
1776177505381338400,7.28833837890625,-0.1085512678727507,0.036167876446247,-0.0597526040427386
1776177505391270100,7.298270263671875,-0.0682566668853163,0.0175397483438253,-0.0336008755024522
1776177505401201200,7.308201171875,-0.0288685132183134,-0.012286650121212,-0.0162600472642108
1776177505411133200,7.31813330078125,-0.023743279159069,-0.0255535434514284,-0.00705203740336
1776177505421064400,7.328064453125,-0.0507693793810904,0.0189086986094713,-0.0101973862243816
1776177505430996200,7.337996337890625,-0.1273939155086874,0.0379465765565633,0.0308567644260823
1776177505440928300,7.34792822265625,-0.1412096748933196,0.0513151766955852,0.0366078387660905
1776177505450859300,7.357859375,-0.1008604211091995,0.0420996045827865,-0.0046298152251169
1776177505460791300,7.367791259765625,-0.0823544580817222,-0.0122404728919267,-0.0749239792874083
1776177505470722300,7.377722412109375,-0.0811179020240902,-0.0235895499020814,-0.101288619926013
1776177505480654300,7.387654296875,-0.0710042120277881,-0.0216121123492717,-0.0766542371461167
1776177505490585300,7.39758544921875,-0.1135711418613791,-0.0337111309438943,-0.0060621130505576
1776177505500517400,7.407517333984375,-0.1054872041270136,-0.0093564418882131,0.0473611418401822
1776177505510449200,7.41744921875,-0.1650385865092277,-0.0088765494167804,0.0529135152703151
1776177505520380200,7.427380126953125,-0.164998839020729,-0.0188467392891645,0.0209011145357042
1776177505530312200,7.437312255859375,-0.0801142779394984,-0.0695487525224685,-0.0153030388003215
1776177505540243500,7.447243408203125,-0.0196375974059104,-0.1217927345007657,-0.0727705275805667
1776177505550175200,7.45717529296875,0.0019625322446227,-0.1237093817770481,-0.0812496386449784
1776177505560106200,7.467106201171875,-0.0199162682168185,-0.0675865125387907,-0.0713687344912439
1776177505570038300,7.477038330078125,-0.0695012601189315,-0.0052279637813568,-0.0237822594625875
1776177505579970300,7.48697021484375,-0.1324292793273925,0.0379389777719974,-0.0068085109710693
1776177505589901300,7.4969013671875,-0.1465524972259998,0.0592506458699703,-0.0186212234375998
1776177505599833300,7.506833251953125,-0.0588112315393984,0.0282394215345382,-0.0182394575783982
1776177505609764400,7.516764404296875,-0.0199419871799647,-0.0745803169488906,-0.0166628924440592
1776177505619696400,7.5266962890625,-0.0271912276558578,-0.0873620571106672,-0.0155024338299408
1776177505629627000,7.536626953125,-0.0678793580055236,-0.0415051458209753,-0.0195960598191246
1776177505639559000,7.546558837890625,-0.1437960381247103,-0.0231932440608739,0.0105208460250869
1776177505649491000,7.556490966796875,-0.1597230905748903,0.0253740952312946,0.01583141005598
1776177505659422000,7.566421875,-0.1006855029337108,0.0022188450932502,-0.0111802232492715
1776177505669354000,7.57635400390625,-0.0251975696206092,-0.0109317283809185,-0.0077063365936279
1776177505679285000,7.586284912109375,0.0244154793322086,-0.0405044443458318,0.0042690190887078
1776177505689217000,7.596217041015625,0.0218938519001007,-0.0217564892560243,0.016199804976955
1776177505699148000,7.60614794921875,-0.0147032097436487,0.0117085579723119,-0.0153883059309795
1776177505709080000,7.616080078125,-0.067178370129317,0.0355628962904214,0.0242640881627798
1776177505719012000,7.62601220703125,-0.1039651091262698,0.0642757805556058,0.0268906007414683
1776177505728942800,7.63594287109375,-0.1367941965386271,0.0396563030838966,-0.0028355887521058
1776177505738875000,7.645875,-0.055881169436872,0.0250724819362163,-0.00722673638314
1776177505748806000,7.655805908203125,-0.0135739134527742,-0.0130851070225238,-0.0323600085958838
1776177505758738000,7.665738037109375,-0.036822540962696,-0.0378565601855516,-0.023797347433865
1776177505768669000,7.6756689453125,-0.0751454034857452,-0.0269739316433668,0.011517638510093
1776177505778601000,7.68560107421875,-0.1250862230882048,-0.0014630582898855,0.0180794812437146
1776177505788533000,7.695532958984375,-0.1593583489157259,-0.0008101473391056,0.010278634767048
1776177505798464000,7.705464111328125,-0.1126527118422091,-0.0354693727880716,0.0103484120676293
1776177505808395800,7.715395751953125,-0.0385538947999477,-0.0451724361568689,0.0094057243900373
1776177505818327000,7.7253271484375,-0.014631898073107,0.0057931964486837,-0.0125966293858364
1776177505828259000,7.735259033203125,-0.0384814140856266,0.0224374572575092,0.0063275590537115
1776177505838190000,7.745190185546875,-0.0681846245624124,0.0567249267846345,0.0092915234258398
1776177505848121900,7.755121826171875,-0.1042135309293866,0.0648906975835561,0.0003578735269606
1776177505858052900,7.765052978515625,-0.1022691188633441,0.0529378094613552,-0.0335607261551544
1776177505867985000,7.77498486328125,-0.0450792049154639,0.0240507376730442,-0.0068312342595309
1776177505877917000,7.7849169921875,-0.0181689861580729,-0.0149584996789693,0.0039099765179678
1776177505887848000,7.794847900390625,0.0175602066099643,-0.0471142178744077,0.0033286694986745
1776177505897780000,7.804780029296875,-0.0143665251351892,-0.0288321267306804,0.0424121045980602
1776177505907711000,7.8147109375,-0.0822014594770968,-0.0012356792747974,0.0234707458280026
1776177505917643000,7.82464306640625,-0.0702595311403274,0.0051923079460859,-0.0135732193330302
1776177505927574000,7.834573974609375,-0.0655475540570914,-0.0178717567771673,-0.0178724143642932
1776177505937506000,7.844506103515625,-0.0479052221216261,-0.0182557876586914,-0.016343633894436
1776177505947438000,7.85443798828125,-0.0565782117903232,-0.0174006321340799,-0.0176336371723562
1776177505957369000,7.864369140625,-0.0760541888937354,0.0166723178595304,-0.0174830497205257
1776177505967300900,7.87430078125,-0.0706716190725565,0.0461994411170482,-0.0254655363744124
1776177505977232000,7.88423193359375,-0.0710027507230639,0.0318073431491851,-0.0286550531307235
1776177505987164000,7.894163818359375,-0.0728743898138403,0.0203898770779371,-0.0087464567637071
1776177505997095000,7.904094970703125,-0.0356900298014283,0.011564765587449,0.0068298094874247
1776177506007027000,7.91402685546875,-0.0220298993699252,-0.0173982940465211,0.0245853560063987
1776177506016959000,7.923958984375,-0.0355249023675918,-0.0355243178457021,0.0256999296521767
1776177506026890000,7.933889892578125,-0.0530921232402324,-0.0498024340450763,0.0126810197336599
1776177506036822000,7.943822021484375,-0.1056232515968382,-0.0507838462978601,-0.0052194516813382
1776177506046753000,7.9537529296875,-0.1289618954777717,-0.0318172800213098,-0.0049670112902298
1776177506056685000,7.96368505859375,-0.075148472225666,-0.033859014981985,-0.0350722266966477
1776177506066617000,7.9736171875,-0.0745863082982599,-0.0533709401816129,-0.0523807601004838
1776177506076547800,7.9835478515625,0.0014414309799671,-0.0812502962321043,-0.0342521424854174
1776177506086480000,7.99347998046875,-0.001856587652117,-0.0608013824433088,-0.0381242346784099
1776177506096411000,8.003410888671874,-0.0597616641320288,0.0059726446688175,-0.0627240210689604
1776177506106343000,8.013343017578125,-0.0396519191697239,0.0376712667465209,-0.0451337115816771
1776177506116274000,8.02327392578125,0.0015698796652257,0.044931613138318,-0.026615327464044
1776177506126206000,8.0332060546875,0.0414483010672032,0.0008580781340599,-0.0179151940600946
1776177506136137000,8.043136962890625,0.0224736976146698,-0.0161649528592824,-0.0181164157206192
1776177506146069000,8.053069091796875,-0.0044552258431911,-0.0055383449047803,-0.0408989966213703
1776177506156001000,8.0630009765625,-0.0474585012674331,-0.0102951840430498,-0.0308007233899086
1776177506165932000,8.07293212890625,-0.0860758166924118,-0.0254021522819995,-0.0220851732211187
1776177506175864000,8.082864013671875,-0.1312228261470794,-0.008442834174633,0.0040032442919909
1776177506185795000,8.092795166015625,-0.1817091508030891,0.0128723410546779,-0.0151345503656193
1776177506195726800,8.102726806640625,-0.1952966543897986,0.0229629424363374,-0.0224722728425636
1776177506205657900,8.112657958984375,-0.2172910440549254,0.0472989267915487,-0.0100050054574385
1776177506215590000,8.12258984375,-0.2458344169721007,0.0537239914029836,0.0001186214109882
1776177506225522000,8.13252197265625,-0.1808192162260413,0.0654249505907297,0.0104796006992459
1776177506235453000,8.142452880859375,-0.1229889585480093,0.051630818516016,-0.0063964595714583
1776177506245385000,8.152385009765625,-0.10303221219033,0.0812877056330442,0.0373877005647867
1776177506255316000,8.16231591796875,-0.0249471019908785,0.0962953051507472,-0.0010283566670492
1776177506265248000,8.172248046875,-0.0030897827088832,0.0828290898561477,-0.0073817442817613
1776177506275179000,8.182178955078125,-0.0077110127687454,0.0802706375449895,-0.0361432899942621
1776177506285111000,8.192111083984376,-0.0206765850648283,0.0563046555459499,-0.078152220618911
1776177506295043000,8.20204296875,-0.0604264116510748,0.0302887552797794,-0.0659968321945518
1776177506304974000,8.21197412109375,-0.1125393145956099,-0.0051017070531845,-0.0476020013913512
1776177506314905900,8.22190576171875,-0.1184448853775858,-0.0432306544393301,-0.0357702188981696
1776177506324836900,8.2318369140625,-0.1319559627272188,-0.0693751495212316,-0.0036115415606647
1776177506334769000,8.241768798828126,-0.1461632056474685,-0.055426119145751,0.0214166628424078
1776177506344700000,8.251699951171876,-0.1376043438777327,-0.030384616869688,-0.0172822299188002
1776177506354632000,8.2616318359375,-0.089934245686233,-0.0272913270294666,-0.0276453646315261
1776177506364564000,8.27156396484375,-0.0723988812565803,-0.0001823708295822,-0.0282917727762833
1776177506374495000,8.281494873046874,-0.0407869145490229,0.0130693249315023,-0.0244238087691366
1776177506384427000,8.291427001953124,-0.0234897427894175,0.0402379023641347,-0.0677264324661344
1776177506394358000,8.30135791015625,-0.0113281803525984,0.0624175854682922,-0.0927683731336146
1776177506404290000,8.3112900390625,-0.0039969606816768,0.0598959580361843,-0.0724576622391119
1776177506414221000,8.321220947265624,0.003552724045515,0.0224888951838016,-0.0246359171498566
1776177506424153000,8.331153076171875,-0.0338411870643496,-0.0057610477447509,-0.0010574366310611
1776177506434084900,8.3410849609375,-0.0296630245968699,-0.0175596220880746,-0.0188305918719619
1776177506444015900,8.351015869140625,-0.0144511346787214,-0.0437356813520193,-0.018180128606595
1776177506453948000,8.360947998046875,-0.0562350974410772,-0.0571779312491416,-0.0146686133543029
1776177506463879000,8.37087890625,-0.0965678384818136,-0.0741536159694194,-0.0138770611178129
1776177506473811000,8.38081103515625,-0.1203831599637866,-0.0491156208246946,-0.0225310172924771
1776177506483742000,8.390741943359375,-0.0968900561735034,-0.0504863246560096,-0.0196937115073204
1776177506493674000,8.400674072265625,-0.0766337423473596,-0.0437158076077699,-0.0223388557212427
1776177506503606000,8.41060595703125,-0.1035144427493214,-0.018166940331459,-0.0355575990607962
1776177506513537000,8.420537109375,-0.1045382328391075,0.0155704940974712,-0.0214588214837014
1776177506523469000,8.430468994140625,-0.0432270011775195,0.0413233595132827,-0.0339822029702365
1776177506533400000,8.440400146484375,-0.0477428711667656,0.0476595767974853,-0.0218219922402873
1776177506543331800,8.450331787109375,-0.0554722963750362,0.0584708936691284,-0.0230764492807909
1776177506553262800,8.460262939453125,-0.0490507388949394,0.0417336938798427,-0.0225684997586533
1776177506563195000,8.47019482421875,-0.08863426900357,0.0165326171278953,-0.0049291634978726
1776177506573127000,8.480126953125,-0.0613069938778877,0.006380056425929,-0.0080491586819291
1776177506583058000,8.490057861328125,-0.0809821468152105,-0.0034334815800189,-0.0086507413042709
1776177506592990000,8.499989990234376,-0.0921804171778261,-0.0182557876586914,-0.0403683603433892
1776177506602921000,8.5099208984375,-0.103518096011132,-0.0496890367984771,-0.0058944648660719
1776177506612853000,8.51985302734375,-0.1120446629464626,-0.0468687186807394,0.003438705744408
1776177506622784000,8.529783935546876,-0.0968304349407553,-0.0299251826643943,-0.0194828452356159
1776177506632716000,8.539716064453126,-0.1389355924814939,-0.0169160634875297,-0.0333573856027796
1776177506642648000,8.54964794921875,-0.1331765905633568,0.0027770634979009,-0.0403007749998942
1776177506652579000,8.5595791015625,-0.1128797985963523,0.0323006796240806,-0.0281685847880318
1776177506662510800,8.5695107421875,-0.0884650499165058,0.0243149415671825,-0.061596843669936
1776177506672441900,8.57944189453125,-0.0539725593365728,0.0180260705560445,-0.035246669948101
1776177506682374000,8.589373779296874,-0.0599665390543639,-0.0019335984110832,-0.0426763084921985
1776177506692305200,8.59930517578125,-0.0698496351651847,0.0206067346990108,-0.0427891577495262
1776177506702237000,8.60923681640625,-0.0683297321215272,0.0052197804749011,-0.030421368683502
1776177506712169000,8.6191689453125,-0.0816008632354438,0.0040969139248132,-0.0030651231916621
1776177506722100000,8.629099853515624,-0.1061586736477911,-0.0270049113035202,-0.0061600204670801
1776177506732032000,8.639031982421875,-0.0966895651653409,0.0025187048226594,0.0091228523280471
1776177506741963000,8.648962890625,-0.0685902827538549,0.0136678753465414,-0.0148281512975692
1776177506751895000,8.65889501953125,-0.0477931400492787,0.0018418284744024,-0.0479241094851866
1776177506761826000,8.668825927734375,-0.0722249859943985,0.0312982245832681,-0.0499940841596573
1776177506771758000,8.678758056640625,-0.07850260495916,0.0059860886722803,-0.0399106066385284
1776177506781689900,8.68868994140625,0.0226879248872399,-0.0158083945065736,-0.0442140759861096
1776177506791620900,8.698620849609375,0.0277459389291703,-0.0199152453035116,-0.0322437252724543
1776177506801553000,8.708552978515625,0.0567325255692005,-0.0376736048340797,-0.0095521105907857
1776177506811484000,8.71848388671875,0.0449254756584763,-0.0654974313050508,0.0166985482793301
1776177506821416000,8.728416015625,-0.0929356194593012,-0.0182177937358617,0.0152253704542294
1776177506831347000,8.738346923828125,-0.169864691491425,0.0110305125802755,-0.0229532612925395
1776177506841279000,8.748279052734375,-0.2026550543285906,0.0104074122458696,-0.0411583051446825
1776177506851211000,8.7582109375,-0.1228561259485781,0.0251245043843984,-0.0210145848475396
1776177506861142000,8.76814208984375,-0.0209051331236958,0.0030085341662168,-0.0185135618120431
1776177506871074000,8.778073974609375,0.010250906509906,-0.036820787397027,-0.0129308663088828
1776177506881005000,8.788005126953125,-0.0111760585308074,-0.0372463193327188,0.0119569432428106
1776177506890937000,8.79793701171875,-0.0054435062281787,0.0179547588855028,0.0012858385594561
1776177506900867800,8.807867919921875,0.0219876676633954,0.005675123026967,-0.0001215440204367
1776177506910800000,8.8177998046875,0.0047884033203125,-0.0048895256072282,-0.0172930435737594
1776177506920732000,8.82773193359375,-0.0481853542372584,0.0011047463715076,-0.0306517799058929
1776177506930663000,8.837662841796876,-0.0853776052951812,0.0232931973040103,-0.018052227910608
1776177506940595000,8.847594970703126,-0.0701037560567259,0.0060468789488077,-0.0106487101884558
1776177506950526000,8.85752587890625,-0.0257923206433653,-0.0291600435107946,-0.0039746392520144
1776177506960458000,8.8674580078125,-0.0186591077625751,-0.0238894096314907,0.0250778522310778
1776177506970389000,8.877388916015626,-0.0322530410900712,-0.0246411047816276,0.0327200010146945
1776177506980321000,8.887321044921874,-0.0470063735857605,-0.0290904854059219,0.0112624581726267
1776177506990253000,8.897253173828124,-0.0514113305464386,-0.0197299518644809,-0.0286006560623645
1776177507000184000,8.90718408203125,-0.0864474264837801,-0.0015413842231035,-0.0351063846945762
1776177507010115800,8.91711572265625,-0.0696776395991444,0.0086456632703542,-0.0525845025116577
1776177507020046800,8.927046875,-0.0663128393411636,0.016279519149661,0.0026618761530146
1776177507029979000,8.936978759765625,-0.064371496015042,0.0345253699362278,-0.0004671060550957
1776177507039910100,8.94691015625,-0.0356983592383563,0.0312438640475273,-0.0484557686764746
1776177507049842000,8.956842041015625,-0.033357495200634,-0.0054734629750251,-0.0677329718047752
1776177507059774000,8.96677392578125,-0.0402022465288639,-0.0089472765654325,-0.0418596218144521
1776177507069705000,8.976705078125,-0.0523731613159179,-0.0112631522923707,-0.054350708466582
1776177507079637000,8.986636962890625,-0.0481830161496996,0.0018646248281002,-0.0574259146608412
1776177507089568000,8.996568115234375,-0.0442997449755668,-0.0144090491026639,-0.0438334061054512
1776177507099500000,9.0065,-0.0829028857447207,-0.0379132588088512,-0.0169290325669571
1776177507109431000,9.01643115234375,-0.1094026240050792,-0.0101449619174003,-0.0579541397860273
1776177507119363000,9.026363037109377,-0.06139584120512,0.0306768778145313,-0.002217018462345
1776177507129294800,9.036294921875,-0.0321472426280379,0.0159720606356859,0.0171771986417472
1776177507139225900,9.046225830078123,-0.068725453440845,-0.0144774381637573,-0.0085237539237365
1776177507149158000,9.056157958984375,-0.0737687083050608,-0.0264133751511573,-0.022194113488309
1776177507159089200,9.066089111328123,-0.0242255097180604,-0.05843056165874,-0.0065161404283717
1776177507169021000,9.07602099609375,0.0030441900014877,-0.0354857394009828,-0.03093567488119
1776177507178952000,9.085951904296875,0.0329689342744648,-0.048150575184822,-0.031975027866289
1776177507188884000,9.095884033203124,-0.0199485630512237,-0.0637450346797704,-0.0140729855487123
1776177507198816000,9.10581591796875,-0.0461675846740603,-0.0472135865956544,-0.0581165272735059
1776177507208747000,9.1157470703125,-0.0685322689563036,-0.0317763634890317,-0.0066109425723552
1776177507218679000,9.125678955078126,-0.1023689259760081,0.0041816695988178,-0.0149039930127561
1776177507228610000,9.135610107421876,-0.1079468722388148,0.0429185197502374,-0.0730666975155472
1776177507238542000,9.1455419921875,-0.1428136029586195,0.1405605633348226,-0.0069182184232398
1776177507248472800,9.155472900390626,-0.1326513976454734,-0.0189648127108812,-0.0111854839462786
1776177507258404900,9.16540478515625,0.0556944146931171,-0.0460696772575378,-0.0276649461148306
1776177507268337000,9.1753369140625,0.0324479791402816,0.0358797071546316,0.0510174723906442
1776177507278268000,9.185267822265626,0.0624611323490738,-0.0591121141821145,-0.0115525271603837
1776177507288200000,9.195199951171874,0.0150064304739236,0.0005973813712596,-0.0072407283758744
1776177507298131000,9.205130859375,-0.0063714347280561,-0.0166606274217367,-0.1468013208879157
1776177507308063000,9.21506298828125,-0.1663818178117275,0.0021586393386125,0.1959656031599268
1776177507317994000,9.224993896484374,-0.1943161189198493,0.0545405684828758,-0.0671442851966246
1776177507327926000,9.234926025390624,-0.2736532750070095,-0.0763876586318016,-0.3161377141889184
1776177507337858000,9.244858154296876,-0.0119289227247238,0.0180319157749414,0.3113143126204609
1776177507347789000,9.2547890625,0.1499788184128701,0.0678454557359218,-0.0918336860993877
1776177507357721000,9.26472119140625,0.0038553602539002,-0.1288414839684963,-0.1400912653226405
1776177507367651800,9.27465185546875,-0.0949587958499789,-0.0052589434415102,-0.0217506075045093
1776177507377583900,9.284583984375,0.0153086282908916,0.0418161114662885,0.1434284469213336
1776177507387515100,9.29451513671875,-0.0652443333268165,-0.0055634793460369,-0.0816475519213825
1776177507397447000,9.304447021484377,-0.0171769063808023,0.1395131001085043,0.057374221006222
1776177507407379000,9.31437890625,0.0587817131839692,-0.1364087043523788,-0.109426808598265
1776177507417310000,9.32431005859375,-0.0227079447619616,-0.0264502000302076,-0.0298920475797727
1776177507427242000,9.334241943359377,0.0427814493671059,-0.0008604162216186,0.1160891160316765
1776177507437173000,9.344173095703123,-0.0162719203650951,-0.0427501774460077,-0.0013728592557832
1776177507447105000,9.35410498046875,-0.0959045522674918,-0.0314069456547498,-0.005523329998739
1776177507457036000,9.3640361328125,-0.0676737524308264,-0.010781506255269,-0.0121448670303449
1776177507466968000,9.373968017578123,-0.084544369341433,0.0029991818159818,-0.002851590038836
1776177507476899800,9.38389990234375,0.0077026833318173,0.0455915383517742,-0.0066814505252987
1776177507486830800,9.393830810546875,-0.0940485491372644,0.0120750531971454,-0.0465512502294033
1776177507496763000,9.403762939453124,-0.1748879264809191,0.0117547352015972,-0.0604919511679559
1776177507506694100,9.413694091796875,-0.1326749246515333,0.0005529577076435,-0.0296646320320665
1776177507516626000,9.4236259765625,-0.0521650715231895,-0.0668517685234546,-0.0254554899044334
1776177507526557000,9.433556884765624,0.0518574668787419,-0.0336655382364988,0.0065916533499956
1776177507536489000,9.443489013671876,0.0370852835521101,0.0308516498595476,0.0474232838235795
1776177507546421000,9.4534208984375,-0.0266628198675811,0.0198895263403654,0.0631974837996065
1776177507556352000,9.46335205078125,-0.0766343268692493,0.0662350979298353,0.007497406550683
1776177507566284000,9.473283935546876,-0.1001100411333143,0.0603080459684133,-0.0702000195054337
1776177507576215000,9.483215087890626,-0.0885609115064144,0.0360153162330389,-0.0374438511988148
1776177507586147000,9.49314697265625,-0.0852630390048027,0.0386234529048204,-0.0053289399378001
1776177507596077800,9.503077880859376,-0.0745382313728332,0.0389957933485507,0.0036929727664217
1776177507606009900,9.513009765625,-0.0374573317348957,0.0443225413292646,0.0112620563138276
1776177507615942000,9.52294189453125,-0.0260728911504149,0.0249421335548162,0.0235933127617463
1776177507625873000,9.532872802734374,-0.0369391530796885,0.0146633161246776,0.0289032557381317
1776177507635805000,9.542804931640624,-0.0078910455107688,0.014830489385128,-0.0101998704424127
1776177507645736000,9.55273583984375,-0.038920682285726,0.0191319859713315,0.0037567221850156
1776177507655667700,9.562667724609376,-0.0597168020769953,0.02232406001091,0.0030587299834936
1776177507665599000,9.572598876953125,-0.051445086685568,0.0369803618729114,-0.0143021911947056
1776177507675531000,9.582531005859376,-0.042853930081427,0.0017862988948822,-0.0154746325075626
1776177507685463000,9.592463134765625,-0.0343818698123097,-0.0238818108469247,-0.0397796737352386
1776177507695393800,9.602393798828125,-0.0544241024963557,-0.0561164394974708,-0.0041539048090577
1776177507705325800,9.612325927734377,-0.1489478679299354,-0.0057873512297868,0.0072705755248665
1776177507715256800,9.6222568359375,-0.1577598276779055,0.0337327582538127,-0.0083981547826901
1776177507725188900,9.63218896484375,-0.1139651096150279,0.0303518836438655,-0.0233079199491068
1776177507735120000,9.642119873046877,0.0034244214907288,0.010214520022273,-0.0490456243284046
1776177507745052000,9.652052001953123,0.0735471745088696,-0.0150923551917076,-0.0439747508049011
1776177507754984000,9.66198388671875,0.0431106813214719,-0.0232055190205574,-0.0319040449893102
1776177507764915000,9.6719150390625,0.0188964236497879,-0.0136035779386758,-0.0290002133065834
1776177507774846700,9.6818466796875,-0.0447591791808605,-0.0004489128112792,-0.0072293301990255
1776177507784778000,9.691778076171875,-0.048898470942676,-0.0021124621093273,-0.0446350778771564
1776177507794710000,9.7017099609375,-0.0628068770468235,-0.0035316812574863,-0.0667065878991037
1776177507804641000,9.71164111328125,-0.0464193674780428,-0.0083937343358993,-0.0497500097380951
1776177507814572800,9.72157275390625,-0.0503740964531898,-0.0013479074776172,-0.0402206955010071
1776177507824504800,9.7315048828125,-0.0576432106733322,0.0249924024373292,0.0058832493523135
1776177507834435800,9.741435791015626,-0.0531437072969973,0.065002925786376,0.034631168398261
1776177507844368000,9.751367919921876,-0.013967881206423,0.0330167189389467,0.0206344994887709
1776177507854299000,9.761298828125,-0.00154781396389,0.055515550994873,0.0180738552205264
1776177507864231000,9.77123095703125,0.0142974054217338,0.0297825593233108,-0.0374903937542811
1776177507874162000,9.781161865234376,-0.0125552379295229,0.0325748203903436,-0.0663077613072469
1776177507884094000,9.791093994140626,-0.0689896573349833,0.0280354233950376,-0.0543096458038315
1776177507894025700,9.801025634765624,-0.0785796157181262,-0.0150876790165901,-0.0411572822313755
1776177507903957000,9.81095703125,-0.0398269834756851,-0.0380664035439491,-0.0480030564729124
1776177507913889000,9.820888916015624,-0.016032412520796,-0.0347147550284862,-0.0293848652426153
1776177507923819800,9.83081982421875,-0.0312654913574457,-0.0387047014474868,-0.0037752442223951
1776177507933751800,9.840751708984374,-0.0417781175434589,-0.0114016839802265,0.007335895846039
1776177507943682800,9.850682861328124,-0.0253878314957022,0.0262923791199922,-0.0107132633246481
1776177507953614800,9.86061474609375,-0.0095873280346393,0.0232329915493726,-0.0122058399699628
1776177507963547000,9.870546875,0.0164167356632649,0.0338718744635581,0.0012735635997727
1776177507973478000,9.880477783203125,0.0124444710314273,0.0388169296503067,-0.0156005239095538
1776177507983410000,9.890409912109376,-0.0275073078677058,0.0423953726589679,-0.0249341329114511
1776177507993341000,9.9003408203125,-0.0284378667160868,0.0401186598986387,-0.0256103151399642
1776177508003273000,9.91027294921875,-0.0833352858126163,0.0423836822211742,-0.0517286528673022
1776177508013204000,9.920203857421876,-0.0601633768007159,0.0613479104101657,-0.05961721416004
1776177508023136000,9.930135986328125,-0.0177200733467936,0.0480471148103475,0.0005371025513857
1776177508033068000,9.940068115234377,-0.0067851300954818,0.0467646737843751,0.0024146599262952
1776177508042998800,9.949998779296877,0.0254468682065606,0.0566717352926731,-0.0332532311085611
1776177508052930800,9.959930908203123,0.0011900865674018,-0.0026595745980739,-0.0284097000675275
1776177508062861800,9.96986181640625,0.0206663559317588,0.0047188452154397,-0.0381184259921312
1776177508072793900,9.9797939453125,0.0094917587056756,0.0009673837274312,-0.0414335418894886
1776177508082724900,9.989724853515623,-0.0054208560049533,0.0032931963264942,-0.0435311352232471
1776177508092657000,9.999656982421875,-0.027554508010298,0.0108136549592018,-0.0245059706272557
1776177508102589000,10.0095888671875,-0.0520922985479235,0.0375567004561424,0.0350039837660267
1776177508112520000,10.01952001953125,-0.0471161175705492,0.0466004231333732,0.0408125239143148
1776177508122451700,10.02945166015625,-0.0368807008907198,0.0202829095721244,-0.0114221787789836
1776177508132383000,10.039383056640624,-0.0226106218673288,0.0152945997655391,-0.0268914409916847
1776177508142315000,10.04931494140625,-0.0164189276203513,0.0346259077012538,-0.0786461050830781
1776177508152246000,10.05924609375,-0.0263005624264478,0.0095107556670904,-0.0461593283023685
1776177508162177800,10.069177734375,-0.0025599136158823,0.0423112015068531,0.0013614976115524
1776177508172109800,10.07910986328125,-0.0018400749087333,0.0541062687188386,-0.0126233712622895
1776177508182040800,10.089040771484376,-0.0538648611783981,0.0233586637556552,0.0103107104057446
1776177508191972900,10.098972900390624,-0.0386681688293814,0.0272726223289966,-0.0033872312854975
1776177508201903900,10.10890380859375,-0.0115641810655593,0.0333487273722887,-0.0216983293280005
1776177508211836000,10.1188359375,0.0272270296216011,-0.0078267481029033,0.0089514047512784
1776177508221768000,10.128767822265624,0.0661705082610249,-0.0296948810398578,-0.0309649375082924
1776177508231699000,10.138698974609374,-0.0218682790674269,-0.0146603935152292,-0.0396494349516928
1776177508241630700,10.148630615234374,-0.1095250813409686,0.0182902744501829,-0.0214796450760215
1776177508251562000,10.15856201171875,-0.1368986798264086,0.0360223304957151,-0.0298646115835756
1776177508261494000,10.168493896484376,-0.1143782204605639,0.0553437015593051,0.0105396603234112
1776177508271425000,10.178425048828124,-0.0387448873274028,0.0421188938051462,-0.0217457121336832
1776177508281356800,10.188356689453125,0.0283235926866531,-0.0118307230472564,0.0071031830687075
1776177508291288800,10.198288818359377,0.0465733889959752,-0.0331786315023899,0.0221546217281371
1776177508301219800,10.2082197265625,0.0556803861677646,0.0074766194909811,0.0351692207977175
1776177508311151900,10.21815185546875,0.0141805010437965,0.0048380876809358,0.0598033843819051
1776177508321083000,10.228082763671877,-0.0384144863292574,-0.0084480948716402,0.0273053920874372
1776177508331015000,10.238014892578123,-0.0110474637150764,-0.0368564432322978,-0.0483018202237784
1776177508340946000,10.24794580078125,-0.008884732723236,-0.0348947877705097,-0.0452768463794142
1776177508350878000,10.2578779296875,-0.0696352617621421,-0.0305044438570737,-0.0423030912656337
1776177508360809700,10.267809814453123,-0.1068339425608515,-0.0044850364595651,-0.0121880485849455
1776177508370741000,10.277740966796877,-0.1378746852517128,0.0525005870878696,0.0164802293535321
1776177508380673000,10.287673095703123,-0.1001002503916621,0.0411386505961418,0.0029643296983093
1776177508390603800,10.297603759765623,-0.0412903340265154,-0.0155757547944784,0.0231807133728638
1776177508400535800,10.307535888671875,-0.0018678396984934,-0.0299590849339962,-0.0178853103784844
1776177508410466800,10.317466796875,0.0354351782575249,-0.041762919974327,-0.010721885022521
1776177508420398800,10.32739892578125,0.0182093181684613,-0.0307148717373609,-0.0146426751954481
1776177508430331000,10.337330810546876,-0.0330859847828745,-0.0004641103804111,-0.0271149475492537
1776177508440262000,10.347261962890624,-0.0488192682266235,0.0465764577358961,-0.0144864251878112
1776177508450194000,10.35719384765625,-0.0436029948830604,0.0619312632560729,-0.0347964419625699
1776177508460125000,10.367125,-0.033389059382677,0.0275415023982524,0.0071731795649975
1776177508470057000,10.377056884765626,-0.0068117258414626,0.0214630592674016,0.0160454911980777
1776177508479988000,10.386988037109376,0.030638299369812,0.0052227030843496,0.0338469592180103
1776177508489920000,10.396919921875,0.0285410348296165,-0.0052653731822967,0.0419532549146562
1776177508499852000,10.40685205078125,-0.0160620770066976,0.031764673051238,0.0016733765723183
1776177508509782800,10.41678271484375,-0.0698594259068369,0.013051204752922,-0.0420880237428471
1776177508519714800,10.42671484375,-0.0852051713377237,-0.0039449382334947,-0.0592597424918785
1776177508529645800,10.436645751953124,-0.0727357119955122,-0.0104752167850732,-0.0209332267070189
1776177508539577900,10.446577880859374,-0.0382554963752627,0.0062590603947639,0.006860387288779
1776177508549508900,10.4565087890625,-0.002528933955729,-0.0131885673969984,0.0033110607767477
1776177508559441000,10.46644091796875,-0.006948065572232,-0.0006447276443243,-0.0015484715510159
1776177508569373000,10.476373046875,0.0098445176661014,0.0225847567737102,0.0313128741631284
1776177508579304000,10.486303955078125,-0.0272283447958529,0.0319932211101055,0.0289247003849595
1776177508589235700,10.496235595703125,-0.0818904938317835,0.0382084423631429,0.004583784126304
1776177508599167000,10.5061669921875,-0.0965248761229217,0.0400309816151857,-0.0242487809957936
1776177508609099000,10.51609912109375,-0.0993855262510478,0.0145838211476802,-0.0437810183310881
1776177508619030000,10.526030029296876,-0.0826572404205799,0.0105757545500993,-0.0431864865040406
1776177508628961000,10.5359609375,-0.074904142075777,0.0097398882478475,-0.0355419996328651
1776177508638892800,10.545892822265625,-0.0791065622016787,0.0161789813846349,-0.0005125160994008
1776177508648824000,10.555823974609376,-0.0737654934346675,0.0326274273604154,0.0118219917515292
1776177508658756000,10.565756103515625,-0.102469025349617,0.0477162754207849,-0.0067564519902691
1776177508668686800,10.575686767578125,-0.1321346802949905,0.0474631774425506,-0.03464121486824
1776177508678619000,10.585618896484377,-0.1239338381826877,0.0509136101573705,-0.0392233915593475
1776177508688550000,10.5955498046875,-0.115764560252428,0.025962708774209,-0.0230623476902022
1776177508698482000,10.60548193359375,-0.100771866042912,0.031824294283986,-0.0250773042418062
1776177508708414000,10.6154140625,-0.0956222281947731,0.0357908598273992,-0.0230597904069349
1776177508718345000,10.625344970703123,-0.1138767006792128,0.0280693256646394,0.0226935509104281
1776177508728277000,10.635277099609375,-0.1207400105774402,0.0292576586663722,0.0032645547538995
1776177508738208000,10.6452080078125,-0.1511991539880633,0.0309592018872499,-0.0159096994565799
1776177508748139800,10.655139892578124,-0.1200420914411544,0.0204693720549345,-0.0256567846301943
1776177508758071000,10.665071044921875,-0.1294923490926623,0.0097223525911569,-0.0037864962687715
1776177508768003000,10.675003173828124,-0.0581736642882227,-0.0116465986520051,-0.0227354903560131
1776177508777935000,10.68493505859375,-0.0177326405674219,-0.0081418054014444,0.0032349633332341
1776177508787865900,10.694865966796876,-0.0168120185911655,0.0205471134662628,0.0004898293435573
1776177508797798000,10.7047978515625,-0.0389540000334382,0.0102653734266757,-0.0149579516896978
1776177508807729000,10.71472900390625,-0.0568494299471378,0.0130640642344951,-0.0375298124492168
1776177508817661000,10.724660888671876,-0.0474212379969656,-0.0174473938852548,-0.0489188196109607
1776177508827592000,10.734592041015626,-0.0760498049795627,-0.0088654435008764,-0.021035846831277
1776177508837524000,10.74452392578125,-0.1353906133510172,0.0048608840346336,-0.0304353241436183
1776177508847456000,10.7544560546875,-0.1070868944086134,0.0125368254899978,-0.0213446205195039
1776177508857387000,10.764386962890624,-0.0455155505061149,-0.0042488896161317,-0.0056033364323899
1776177508867318800,10.77431884765625,-0.016937983058393,-0.0253092133015394,-0.0413372784407809
1776177508877250000,10.78425,0.0706046913161873,-0.0472264460772275,-0.0415769689481705
1776177508887182000,10.79418212890625,0.0230935830786824,-0.0408627562642097,-0.0077239453155547
1776177508897113000,10.804113037109374,-0.0773031660415232,0.0224193370789289,0.0028625498242676
1776177508907044900,10.814044921875,-0.1416027658641338,0.0613029022246599,-0.0520372804250568
1776177508916977000,10.823976806640625,-0.0932788799390196,0.0671393532931804,-0.0514713171053677
1776177508926908000,10.833907958984376,-0.0347682387813925,0.0496621487915515,-0.0630202275365591
1776177508936840000,10.84383984375,-0.0016164952859282,0.0054050739139318,-0.0383664459364488
1776177508946771000,10.85377099609375,-0.0504079987227916,-0.0117909755587577,0.0014435864044353
1776177508956703000,10.863702880859377,-0.0734548200502991,0.0046188919723033,-0.0033761253695935
1776177508966634000,10.873634033203125,-0.0541790416941046,0.0162619834929704,0.0443558956095948
1776177508976566000,10.88356591796875,-0.058074295566976,-0.0046031098812818,0.0688955858433619
1776177508986497800,10.893497802734377,-0.0434635864123702,-0.0387941332966089,0.0183702443512156
1776177508996429000,10.903428955078123,-0.0749263539075851,-0.0047696986198425,-0.0182328451745212
1776177509006361000,10.913361083984377,-0.1126022968292236,0.0076660045832395,-0.0015867942674085
1776177509016292000,10.9232919921875,-0.1080497480913996,0.0261702140450477,-0.0206633602570742
1776177509026223900,10.933223876953123,-0.0785679252803325,0.0306996741682291,-0.0640738647753372
1776177509036155000,10.94315478515625,-0.0953878349170088,-0.0065326166391372,-0.0553445783421397
1776177509046087000,10.9530869140625,-0.0817088536545634,0.0022585925817489,-0.0309097367223352
1776177509056019000,10.96301904296875,-0.0768877171084284,-0.0036176059752702,-0.0237725783187896
1776177509065950000,10.972949951171875,-0.0422854825437068,0.0060632455617189,-0.0438931734686717
1776177509075882000,10.982882080078124,-0.0474352665223181,-0.0059562780559062,-0.0165256028652191
1776177509085813000,10.99281298828125,-0.02882365116328,-0.0058633390754461,-0.0343283129941672
1776177509095745000,11.0027451171875,-0.0438696829952299,-0.0051502223700284,0.0009694295540452
1776177509105676800,11.0126767578125,-0.0391711499154567,-0.0087134678095579,0.0193600591061636
1776177509115608000,11.022608154296876,-0.043445173972845,-0.0018576105654239,-0.0336830008279532
1776177509125540000,11.0325400390625,-0.0760693864628672,-0.0219540576547384,-0.0196625491840764
1776177509135470800,11.042470947265626,-0.1425704418525099,-0.0295160173416137,-0.0272305002203211
1776177509145403000,11.05240283203125,-0.1831055735975504,-0.0228933843314647,-6.11190700903e-05
1776177509155334000,11.062333984375,-0.1780944674372672,0.0077729720890522,-0.0118852662460878
1776177509165266000,11.072265869140624,-0.1518003347516059,0.0115361240148544,-0.0077183558249846
1776177509175198000,11.082197998046874,-0.1081891565620899,0.0146679922997951,0.0040481428796425
1776177509185129000,11.09212890625,-0.0364813263095915,0.0201490540593862,-0.0075398939855396
1776177509195061000,11.10206103515625,0.0368573200151324,0.0204518363982439,0.0141642805613577
1776177509204992000,11.111991943359374,0.0469147497795522,0.0582540360480546,0.0006627747576683
1776177509214923800,11.121923828125,0.0366755337074398,0.0487900421321392,-0.0304916209081187
1776177509224855000,11.13185498046875,0.0473322445392608,0.0363303735315799,-0.0128027829498052
1776177509234787000,11.141787109375,0.0250160755738615,0.0166039287984371,-0.021010566259548
1776177509244719000,11.151718994140625,0.0050154900744557,-0.0164899470299482,-0.017095694370754
1776177509254649900,11.16164990234375,-0.0617284341603517,-0.0412754287183284,-0.0222046348823234
1776177509264582000,11.171581787109377,-0.1317817752040922,-0.0538660302221775,-0.0207620348585769
1776177509274513000,11.181512939453125,-0.1969920601308345,-0.0464104535192251,-0.0135205758303403
1776177509284445000,11.19144482421875,-0.1643561572030186,-0.0456973368138074,-0.0208707193974405
1776177509294376000,11.2013759765625,-0.1118412493288517,-0.025854572224617,-0.0199781544718891
1776177509304308000,11.211307861328123,-0.0428591907784342,-0.0095008187949657,0.0101081735709682
1776177509314240000,11.221239990234375,0.0008555939160287,0.0020230302602052,0.0063785951212048
1776177509324171000,11.2311708984375,0.0279857390344142,0.051925417548418,0.0100212624724954
1776177509334102800,11.241102783203123,0.0419229328416287,0.0745347242414951,0.0044886166561394
1776177509344034000,11.251033935546875,0.0544353545427322,0.0649929889142513,-0.019525844127126
1776177509353966000,11.260966064453124,0.0598679009854793,0.0608896452486515,-0.0449148446666076
1776177509363897000,11.27089697265625,-0.0072508479110896,0.0539677370309829,-0.0345543403023853
1776177509373828900,11.280828857421875,-0.0265454770982265,0.0691156218022108,0.0177729725778102
1776177509383761000,11.290760986328126,-0.0622279081150889,0.0224351191699504,-0.0116591658726334
1776177509393692000,11.30069189453125,-0.0804139915384352,-0.0070195233732461,-0.0127346496170386
1776177509403624000,11.3106240234375,-0.0241609200492501,0.0190448922097682,-0.0209199288340285
1776177509413555000,11.320554931640626,-0.0088837098099291,-0.004110357928276,-0.0202301199389621
1776177509423487000,11.330487060546876,-0.0273161692097783,0.0115191728800535,0.0161764241013675
1776177509433418000,11.34041796875,-0.0664051937997341,0.0415092374742031,0.0559476953344419
1776177509443350000,11.35035009765625,-0.0395884985446929,0.079814710471034,0.0520516377439722
1776177509453281800,11.36028173828125,-0.0070946344360709,0.0680319182187318,0.0120687330542132
1776177509463213000,11.370213134765624,0.0280091199100017,0.0422077411323785,-0.0296121711924672
1776177509473145000,11.38014501953125,0.0335927652612328,0.018254618614912,-0.0499237588698044
1776177509483076000,11.390076171875,0.0432522817492485,0.0069517188340425,-0.014113098363392
1776177509493008000,11.4000078125,0.0307084419965744,0.0034866730719804,0.018557875877805
1776177509502939000,11.40993896484375,0.0467608743920922,0.0167500592708587,0.0271172125715762
1776177509512871000,11.419870849609374,0.0719639969706535,0.0151268419831991,0.0368455199794843
1776177509522803000,11.429802978515625,0.0354945072293281,0.0044879590690135,0.0051776218336075
1776177509532734000,11.43973388671875,-0.0062345104753971,0.015936404800415,-0.0338689883867278
1776177509542666000,11.449666015625,-0.0263936475373804,0.0330652342557907,-0.0494208873815834
1776177509552597000,11.459596923828125,-0.0066074354410171,0.0319429522275924,-0.0449483450774103
1776177509562529000,11.469529052734377,0.00837386059165,0.0254185188949108,-0.0225480049598962
1776177509572460000,11.4794599609375,-0.0066129883989691,0.0258878899723291,0.0356104982918128
1776177509582392000,11.48939208984375,-0.0309536489292979,0.0254097510665655,0.0748010104948654
1776177509592324000,11.499323974609377,0.0107426355496048,0.0473357516705989,0.0563634365284815
1776177509602254800,11.5092548828125,0.0331900296792387,0.0228074596136808,0.0393184859642758
1776177509612187000,11.519186767578123,0.0342085590720176,-0.0114963765263557,-0.0023015549406409
1776177509622118000,11.529117919921877,0.0086874565854668,-0.0389320804625749,-0.0019839768914505
1776177509632051000,11.539051025390624,-0.0047536242678761,0.0128612351387739,0.0099564901405945
1776177509641982000,11.54898193359375,-0.0280899300612509,0.0333101489275693,-0.0318604615759104
1776177509651914000,11.5589140625,-0.0193465055048465,0.0145271225243806,-0.0323804303294047
1776177509661846000,11.568845947265626,0.0096072017788887,-0.0127203653633594,-0.050226175882481
1776177509671777000,11.578777099609376,0.0613419190607964,-0.0150946932792663,-0.0428096525482833
1776177509681709000,11.588708984375,0.0192222946032881,-0.0403705888330936,-0.0101146398443728
1776177509691639800,11.598639892578126,-0.0524561634242534,-0.0283598330438137,0.0078364657793194
1776177509701571800,11.60857177734375,-0.0579683509744703,0.0011795651733875,0.0124235013086348
1776177509711503000,11.618503173828126,-0.0890051481425762,-0.0251408709973096,0.0258665549233555
1776177509721435100,11.62843505859375,-0.076420391857624,-0.0141378309458494,-0.0165493125343695
1776177509731367000,11.638366943359374,-0.0544958525583147,0.0058288522839546,-0.0590132934501394
1776177509741298000,11.6482978515625,-0.0175941088795661,-0.0012900398105382,-0.0386695205362513
1776177509751230000,11.65822998046875,0.0174798348501324,0.0226905552357435,-0.0505400641372427
1776177509761161200,11.6681611328125,0.0368906377628445,0.0279793092936277,-0.0224843286065384
1776177509771093000,11.678093017578124,0.0052396542191505,0.0393184494316577,-0.0570488980419933
1776177509781024000,11.68802392578125,-0.0419639955043792,0.07400339384377,-0.0594439764849841
1776177509790956000,11.6979560546875,-0.0535489270970225,0.0385936422884464,-0.060033101484552
1776177509800888000,11.70788818359375,-0.0331378611005842,-0.0034317280143499,-0.0584749853223562
1776177509810818800,11.71781884765625,-0.0168283852040767,-0.0160673377037048,-0.0595743248663842
1776177509820750800,11.727750732421876,-0.0150960084535181,-0.0098316581845283,-0.0047751419799402
1776177509830682000,11.73768212890625,-0.0160021635130047,-0.0238233586579561,0.0246899488920345
1776177509840614100,11.7476142578125,-0.058842649590969,-0.0344137262552976,0.0350556043554097
1776177509850545000,11.757544921875,-0.0500714602448046,-0.0212350957304239,0.0211702503332868
1776177509860477000,11.767476806640625,-0.0364078226819634,0.0114501992970705,0.0115066787246614
1776177509870409000,11.777408935546877,-0.0502361492872238,0.0236152688652276,0.0088561276832595
1776177509880340000,11.787340087890623,-0.0313061156287789,0.019478022930026,-0.0245973387051373
1776177509890272000,11.79727197265625,-0.0584089343488216,0.01689677426517,-0.0606621931683272
1776177509900203000,11.807203125,-0.1183250583902001,0.0089595515251159,-0.0503977695897221
1776177509910135000,11.817135009765623,-0.0988774305984377,-0.008991115707159,-0.0653496568648144
1776177509920067000,11.827067138671875,-0.0555085367321968,-0.0007177928805351,-0.0478070224441587
1776177509929997800,11.836997802734375,-0.0321706235036253,0.0109521866470575,-0.0099593396848067
1776177509939929900,11.846929931640624,-0.0212824420034885,0.0103781861513853,0.0056630672629922
1776177509949861000,11.856861083984375,-0.0339943317994475,0.0085094696700572,0.0178903153471648
1776177509959793200,11.866793212890624,-0.063014674578607,-0.0405325013965368,0.0211995494930073
1776177509969724000,11.876723876953124,-0.0518301404803991,-0.0076712652802467,0.0191506541391834
1776177509979656000,11.886656005859376,-0.0471884521543979,-0.0043792379975318,0.0208319948222488
1776177509989588000,11.896587890625,-0.0621893296703696,-0.0491653051853179,-0.0421681032417342
1776177509999519000,11.90651904296875,-0.0649321986377239,-0.0159574475884437,-0.0312422931449487
1776177510009451000,11.916450927734376,-0.0632359161138534,-0.0141167881578207,-0.0227990205788984
1776177510019382000,11.926382080078126,-0.0554231965363025,0.0210392808973789,-0.0541832429451867
1776177510029314000,11.93631396484375,-0.0647546501137316,0.049284547650814,-0.039130708307214
1776177510039244800,11.946244873046876,-0.0467092903353273,0.0251221662968397,-0.0223588390633463
1776177510049176800,11.9561767578125,-0.0509647558227181,0.0261520938664674,-0.0270780496049672
1776177510059108900,11.96610888671875,-0.0535119560874998,0.014009820652008,0.007265899349749
1776177510069040000,11.9760400390625,-0.0498375053584575,0.0124035544991493,0.0135075336856767
1776177510078972000,11.985971923828124,-0.0175263043403625,0.0025058453410863,-0.0204749615455046
1776177510088903000,11.99590283203125,-0.0039896541580557,0.0028051205486059,-0.0726384256334975
1776177510098835000,12.0058349609375,-0.0053191491961479,0.0220773917734622,-0.0439673712160438
1776177510108766000,12.015765869140624,-0.0416191275894641,0.0347141705065965,-0.002132116657868
1776177510118698000,12.025697998046876,-0.0740320354163646,0.045644145321846,-0.037936749282293
1776177510128630000,12.035630126953125,0.014146014252305,0.0633013825654983,-0.0300695595711469
1776177510138561000,12.04556103515625,0.0024900632500648,0.0349321971714496,-0.0210952854009345
1776177510148493000,12.0554931640625,0.0226738963618874,-0.0130015203922986,-0.0133392644466832
1776177510158423800,12.065423828125,-0.0194224933505058,-0.0117909755587577,-0.010857749829255
1776177510168355800,12.07535595703125,-0.103649467305839,-0.0083978259891271,0.0028982787247747
1776177510178287000,12.085287109375,-0.1576221727728843,0.0152811557620763,0.0122475602198392
1776177510188219100,12.09521923828125,-0.139756991866976,0.0247089093208312,-0.00361683879029
1776177510198151000,12.10515087890625,-0.0541726119533181,-0.0245347217977046,-0.0098562081038951
1776177510208082000,12.11508203125,-0.020024550896883,-0.0453852021247148,-0.0175096454665064
1776177510218014000,12.125013916015623,-0.0106990886688232,-0.0388198522597551,0.012813450474292
1776177510227945200,12.1349453125,0.0048583998166024,-0.0097176764160394,0.0252529165370389
1776177510237877000,12.144876953125,0.0041173721909523,0.0116097737729549,0.0281806405520066
1776177510247808000,12.15480810546875,0.0072420800827443,-0.0144809452950954,0.0318551643462851
1776177510257740000,12.164739990234375,0.0200274735063314,-0.0146796827375888,0.0214219600720331
1776177510267672000,12.174672119140626,-0.0141303782917559,-0.0101367786109447,0.0311153057644143
1776177510277602800,12.184602783203124,-0.0043123102411627,-0.0241425076097249,-0.0117682888029143
1776177510287534800,12.194534912109376,-0.0444423683166503,-0.0267827929854393,-0.0449339146932587
1776177510297466000,12.204466064453126,-0.0822644417107105,-0.0500029250532388,-0.0086899042708799
1776177510307398100,12.214398193359376,-0.0695394001722335,-0.0667553224116563,0.0006726385645568
1776177510317329000,12.224328857421876,-0.0345066652357578,-0.0545873302340507,-0.004505786986649
1776177510327261000,12.234260986328126,-0.0546373068556189,-0.0447685315310955,0.032801249557361
1776177510337193000,12.24419287109375,-0.067543988571316,-0.0247983411699533,0.034947942729853
1776177510347124000,12.2541240234375,-0.0729188134774565,-0.0158802906990051,-0.0069582581726834
1776177510357056000,12.264055908203124,-0.0684556965887546,-0.0052957683205604,-0.0353544046388939
1776177510366987000,12.273987060546874,-0.0505140894457697,0.0088812255918979,-0.0480601569550111
1776177510376919000,12.2839189453125,-0.0346712081477046,-0.0011813187390565,-0.0289764671048149
1776177510386849800,12.293849853515624,-0.0107782913848757,0.0058732759475708,-0.0172926417149603
1776177510396781800,12.30378173828125,-0.0043301381587982,0.0075198741108179,-0.0181637254610657
1776177510406713900,12.3137138671875,-0.0036307577177882,-0.0122796358585357,-0.030385310989432
1776177510416645000,12.32364501953125,-0.0212774735674262,-0.0058341129809617,-0.0495455366745591
1776177510426577200,12.3335771484375,-0.030772447143495,0.0004828150808811,-0.0245340276779606
1776177510436508000,12.3435078125,-0.0392402696289122,-0.0021878654330968,0.0106165980171412
1776177510446440000,12.35343994140625,-0.0762077720202505,0.0280395150482654,0.0216550016429275
1776177510456371000,12.363370849609376,-0.0804937787763774,0.024535890841484,0.0126315911013633
1776177510466303000,12.373302978515625,-0.0476433563150465,0.0266810861766338,0.0027108663938939
1776177510476235000,12.383235107421877,-0.0155550042673945,0.0394184026747942,0.0035469884244725
1776177510486166000,12.393166015625,-0.008899638031423,0.0406768783032894,-0.0283599791742861
1776177510496098000,12.40309814453125,-0.0131000123307108,0.0530617281019687,-0.015745448805578
1776177510506028800,12.41302880859375,-0.0111060620345175,0.0400590386658906,-0.0061190308695659
1776177510515960800,12.4229609375,-0.0141197107672691,0.034826983231306,-0.0226877422241494
1776177510525892900,12.432892822265623,-0.0257633868098258,0.069465750414133,-0.0024785554753616
1776177510535824100,12.44282421875,-8.65092396736e-05,0.0742950702667236,0.0222867967404425
1776177510545756000,12.452755859375,-0.0115412385813891,0.0222872351318597,0.0084551456669345
1776177510555687000,12.46268701171875,-0.0296741305127739,0.027009002956748,-0.0125155635062605
1776177510565619000,12.472618896484375,-0.0474900654494762,-0.0065372928142547,-0.0054662295166403
1776177510575550000,12.482550048828124,-0.088565295420587,-0.0013742109626531,-0.0204166920196265
1776177510585482000,12.49248193359375,-0.1176527120865881,-0.0337982247054576,-0.0307756254812702
1776177510595414000,12.5024140625,-0.09097498691082,-0.0099660982191562,-0.0072704293943941
1776177510605345000,12.512344970703126,-0.0480874468207359,-0.0353957230299711,-0.0087580010710284
1776177510615277000,12.522277099609376,-0.0346975116327404,-0.0294365223646163,0.0294246857963502
1776177510625207800,12.532207763671876,-0.0010556465327739,-0.0190934075266122,0.0002020984433591
1776177510635139300,12.542139404296876,-0.0049941550254821,-0.0444189874410629,-0.0038327100306749
1776177510645070300,12.5520703125,-0.0011187748968601,-0.0377577759861946,0.022413820653595
1776177510655002400,12.56200244140625,0.0138622288748621,0.0111018242508172,-0.013276830202341
1776177510664934100,12.57193408203125,-0.0130032739579677,0.0254413152486085,-0.0170335523873567
1776177510674865200,12.581865234375,-0.0488335890129208,0.0155599727034568,0.0163643113562837
1776177510684797200,12.591797119140624,-0.0532597348921,0.0222685304313898,-0.013277524322085
1776177510694728400,12.601728515625,-0.0312076236903667,0.0169260003596544,-0.0116547454258427
1776177510704660200,12.61166015625,-0.0161352883733808,0.018842063114047,-0.0080468205943703
1776177510714591200,12.62159130859375,-0.0068460665024816,0.0072550856947898,-0.0071191843554377
1776177510724523300,12.631523193359374,-0.0289503462828695,0.0044645781934261,0.0081015099236741
1776177510734455300,12.641455322265625,-0.0207777073517441,0.0093225396186113,-0.0043161096334457
1776177510744386300,12.65138623046875,0.001357552088797,-0.0039560441493988,-0.0022726576397195
1776177510754318300,12.661318359375,-0.0297708688855171,-0.0111643680930137,-0.0064541445754468
1776177510764249300,12.671249267578125,-0.0460310988128185,0.0016091887623071,-0.0180195312174037
1776177510774181400,12.681181396484376,-0.0508849685847759,-0.0116664723962545,-0.0262141993172466
1776177510784112000,12.691112060546876,-0.0252624515503644,-0.028351649737358,-0.008118095732294
1776177510794044200,12.701044189453125,-0.0310218918599188,-0.0198445181548595,0.0105513507612049
1776177510803976200,12.71097607421875,0.0091267247855663,0.0074894789725542,0.0083331632550805
1776177510813907500,12.720907470703125,0.00992167455554,-0.0012982231169939,0.0231468841684982
1776177510823839200,12.730839111328123,-0.0196774910248816,0.0366378320455551,0.0272149373250082
1776177510833770200,12.740770263671877,-0.0339879020586609,0.0378928005427122,-0.0326838337227702
1776177510843702300,12.750702392578123,-0.0405098511733114,0.0340472310304641,-0.0726000298518687
1776177510853633300,12.76063330078125,0.0026443770289421,0.0301350260227918,-0.0490589587340131
1776177510863565300,12.7705654296875,-0.0354325479090213,-0.0283253462523221,0.0007085135955363
1776177510873497300,12.780497314453124,-0.059935705524683,-0.0299888955503702,0.0456770246781408
1776177510883428400,12.790428466796875,-0.0162041158258914,0.0176888014256954,0.0663366951407864
1776177510893360400,12.8003603515625,-0.0096478260502219,0.0008101473391056,0.0302342486135661
1776177510903291100,12.810291015625,0.0466141593977808,-0.0027530981004238,0.0120154684970155
1776177510913223200,12.82022314453125,0.0521799768313765,-0.0181312844961881,-0.0238591606236994
1776177510923155200,12.8301552734375,-0.0077589435636997,-0.0172223529577255,-0.0321286109928041
1776177510933086200,12.840086181640626,-0.080254855453968,0.0245043266594409,-0.0011624679081141
1776177510943018200,12.850018310546876,-0.11764920495525,0.0506757097482681,0.0043581221442669
1776177510952949200,12.85994921875,-0.1210740648373961,0.0487421113371849,0.011744286872819
1776177510962881300,12.86988134765625,-0.0787090873166918,-0.0120335521429777,0.0095163086250424
1776177510972812300,12.879812255859376,-0.031899843738228,-0.0309270531833171,-0.0248959197929128
1776177510982744300,12.889744384765624,0.0020737375341355,-0.0179407303601503,-0.0256018030399456
1776177510992676400,12.89967626953125,0.0286624692521989,-0.0255389304041862,-0.011510331986472
1776177511002607400,12.909607421875,-0.0204701027072966,-0.0219236625164747,-0.0346261634295806
1776177511012539400,12.919539306640624,-0.0490976467765867,0.0104003979831933,-0.026068762964569
1776177511022470100,12.92947021484375,-0.0042265316538512,0.0273100317299366,-0.0261562585849314
1776177511032402200,12.939402099609374,-0.101247374600172,-0.0052279637813568,-0.0381850249549374
1776177511042333400,12.94933349609375,-0.0894739346981048,-0.008726327291131,-0.0307119491279125
1776177511052265200,12.95926513671875,0.0006966039620339,0.0091284783512353,-0.045520445876941
1776177511062197200,12.969197265625,-0.0248152923047542,-0.0043587797313928,-0.059597121220082
1776177511072128300,12.979128173828125,-0.0907736191198229,0.0415296957403421,-0.0433844202289357
1776177511082060300,12.989060302734377,-0.1078758528292179,0.0417167427450418,-0.0524005242468789
1776177511091991300,12.9989912109375,-0.0976411668017506,0.0571148028850555,-0.048933469190821
1776177511101923300,13.00892333984375,-0.0702690296210348,0.0411807361721992,-0.0390939199607819
1776177511111854300,13.018854248046877,-0.0178127200663089,0.0331277780979871,-0.0493885925471782
1776177511121786400,13.028786376953123,0.0113034843027591,0.0098152915716171,-0.0545023188317194
1776177511131718100,13.03871826171875,0.0132230541884899,-0.0131470663428306,-0.0237788984617218
1776177511141649200,13.048649169921877,0.0121723760917782,0.0122913262963294,0.0131438880050554
1776177511151581200,13.058581298828123,-0.0063256958901882,0.0219131411224603,0.011322846590355
1776177511161512400,13.068512451171877,-0.0042351533517241,0.0182744923591613,-0.0162280812233686
1776177511171444200,13.0784443359375,-0.0087067458078265,0.0357663099080324,0.0022384996417909
1776177511181375200,13.088375244140623,-0.0389604297742247,0.041643677508831,-0.0137611431205645
1776177511191307300,13.098307373046875,-0.0386732833959162,0.0358212549656629,-0.0307772694490849
1776177511201239300,13.1082392578125,-0.0480734182953834,0.0256096575528383,-0.026689488678798
1776177511211170300,13.11817041015625,-0.0471723778024315,0.0233732768028974,-0.0365912894900888
1776177511221102300,13.128102294921876,-0.0581365471482276,-0.0142196640104055,-0.0329825974736362
1776177511231033300,13.138033447265624,-0.0391135745093226,-0.0164823482453823,0.0048488282706588
1776177511240965400,13.14796533203125,-0.0252452081546187,-0.0146855279564857,0.0020100246481597
1776177511250896100,13.157896240234376,-0.0330462372943759,-0.0232072725862264,0.0211911469908431
1776177511260828200,13.167828125,-0.0257093185350298,0.0149842186421155,0.0335382585950195
1776177511270760200,13.17776025390625,-0.0109878424823284,0.0006108253747224,-0.0002156155120581
1776177511280691500,13.18769140625,-0.0177937231048941,0.0070814826935529,-0.0150633482929319
1776177511290623200,13.197623291015624,-0.0400604999706149,0.025248423025012,-0.0320099530491977
1776177511300554200,13.20755419921875,-0.0458171638011932,0.0287421103596687,-0.0313680018838495
1776177511310486300,13.217486328125,-0.0230839384675025,0.0112964700400829,-0.0271242998994886
1776177511320417300,13.227417236328124,0.003733633570373,0.0027250410497188,0.0003245192466303
1776177511330349300,13.237349365234374,0.0106020580351352,0.0121726683527231,0.0105336324414238
1776177511340281300,13.24728125,-0.005386076952517,0.0240291103631258,0.0309080927545204
1776177511350212400,13.25721240234375,-0.0131475047342479,0.0307552037477493,-0.0045541561730206
1776177511360144400,13.267144287109376,0.0247100783646106,0.0065022215008735,-0.0226674300884827
1776177511370075100,13.2770751953125,-0.0100046766638755,-0.0026437925070524,-0.0400401878349482
1776177511380007200,13.287007080078125,-0.0368681336700916,-0.0254261176794767,-0.034825594991818
1776177511389938400,13.2969384765625,-0.0590343727707862,-0.0561088407129049,-0.033308651090227
1776177511399870200,13.3068701171875,-0.0909480989038944,-0.0417810401529073,0.0032028876945376
1776177511409802200,13.31680224609375,-0.0704006931766867,-0.0216349087029695,-0.0020147008232772
1776177511419733200,13.326733154296877,-0.0277402398407459,-0.0037912089765071,0.0015435031149536
1776177511429665300,13.336665283203123,-0.0137163906633853,0.0127408236294984,0.0102628892086446
1776177511439596300,13.34659619140625,-0.019823913758248,0.0081102412194013,0.0018296265799552
1776177511449528300,13.3565283203125,-0.0118963356293737,0.0196358438402414,-0.0131215300427749
1776177511459459300,13.366459228515623,0.0025904548846185,0.0240536602824926,0.0017987565176561
1776177511469391400,13.376391357421875,0.0315235577717423,-0.0023626374781131,0.0021721929399296
1776177511479323400,13.386323486328124,-0.0313562383808195,-0.018579028263688,0.0226139828681945
1776177511489254100,13.396254150390623,-0.0585389904692769,0.0106371293485164,0.0395584687326103
1776177511499186200,13.406186279296875,-0.0232139945879578,0.0128483756572008,0.0175325514180585
1776177511509117400,13.416117431640624,-0.0596576192356646,-0.0121603933930397,0.033354755254276
1776177511519049200,13.42604931640625,0.0026677579045295,-0.0264221429795026,0.0317022022742778
1776177511528981200,13.435981201171876,-0.0374751596525311,0.0147568396270275,-0.0164305449929088
1776177511538912300,13.445912353515626,-0.1090882973589003,0.0115764560252428,-0.0158610745418816
1776177511548844300,13.45584423828125,-0.1310609135836362,0.0462847813129425,-0.0504825617963448
1776177511558775300,13.465775390625,-0.1311141050755977,0.051034021666646,-0.06060217007678
1776177511568707300,13.475707275390626,-0.0414708051599562,0.0222030639797449,-0.0022030995348468
1776177511578638300,13.485638427734376,-0.0189073834352195,0.0167015439540147,0.0065315571932122
1776177511588570400,13.4955703125,0.0037548224888741,0.0521487049102783,0.0114875721653923
1776177511598502100,13.505502197265624,0.051156040611118,0.0278214883834123,0.0150443878641352
1776177511608433200,13.51543310546875,0.0528980619728565,0.03987374522686,0.0083173446314409
1776177511618365200,13.525365234375,-0.0160413264796137,0.0618213731408119,0.0033200112681835
1776177511628296000,13.5352958984375,-0.0603005933143198,0.0658773705333471,-0.0234677136206999
1776177511638228000,13.54522802734375,-0.0749732617892324,0.0334025033861398,-0.0229854465290904
1776177511648158700,13.55515869140625,-0.0741594611883163,0.0250046773970127,-0.0194626061651855
1776177511658090800,13.5650908203125,-0.0472716003932058,0.0074164137363433,-0.0196352227857336
1776177511668022800,13.575022705078124,-0.0591395867109298,-0.0089659812659025,0.0021468393029645
1776177511677954000,13.5849541015625,-0.0797884069859981,-0.0065144964605569,-0.0282395311323925
1776177511687885800,13.5948857421875,-0.0639198067247867,-0.0067260933846235,-0.0348031639643013
1776177511697816800,13.60481689453125,-0.0492459692060947,-0.0091927757591009,0.0115306075895205
1776177511707748900,13.614748779296876,-0.0446095415771007,-0.010714286237955,-0.0242585352048277
1776177511717679600,13.6246796875,-0.0474715068794786,-0.0033031331986188,-0.0342348260244354
1776177511727612000,13.63461181640625,-0.027372575572133,-0.0076268416166305,-0.0382778543375432
1776177511737544000,13.6445439453125,-0.0235952489905059,0.0040279403418302,-0.0263320170106366
1776177511747475000,13.654474853515625,-0.0345259544581174,-0.0084790745317935,-0.0111743780303746
1776177511757407000,13.664406982421877,-0.0428407783389091,-0.0112415249824523,-0.0045704862533137
1776177511767337700,13.674337646484377,-0.0402498850628733,-0.010223872372508,-0.0256263164266943
1776177511777269800,13.684269775390623,-0.0400363884426653,-0.0133855512738227,-0.0248630039039999
1776177511787201000,13.694200927734377,-0.0602890490069985,-0.0139560446381568,0.0039476051146164
1776177511797133000,13.704133056640623,-0.0592386631712317,-0.0124082306742668,-0.0224250361673533
1776177511807064800,13.71406494140625,-0.0398714071393013,-0.0290010535567998,-0.0107181952280923
1776177511816995800,13.723995849609375,-0.0695157270357012,-0.0237719207316637,0.0162681209728121
1776177511826927900,13.733927978515624,-0.0462089395977556,-0.0323696532070636,0.0551271361991763
1776177511836858600,13.743858642578124,-0.0084299746930599,-0.0171586400717496,0.037330965408869
1776177511846791000,13.753791015625,0.0086944708481431,0.0164537066727876,0.0525150540046393
1776177511856722000,13.763721923828124,0.0288227743804454,0.0070411506831645,0.0157828216738998
1776177511866654000,13.773654052734376,0.0654807724311947,-0.0037099604338407,0.0115625370977446
1776177511876586000,13.7835859375,0.0405306017003953,0.011387655454874,0.0052054962212219
1776177511886516700,13.793516845703126,0.0192446525655686,0.0238940858066082,-0.0178033677160739
1776177511896448800,13.80344873046875,0.0058148237586021,0.029064181920886,-0.0246643395267426
1776177511906380000,13.813380126953126,0.0083414196267724,0.0094558106094598,-0.0463889723397791
1776177511916311800,13.823311767578126,0.0226043382570147,-0.0087339260756969,-0.0334954423666
1776177511926242800,13.833242919921876,-1.3151742517e-06,-0.0140554133594036,-0.0207691952517256
1776177511936174800,13.8431748046875,-0.0131121411599218,-0.0122919108182191,0.0149056735131889
1776177511946107000,13.85310693359375,-0.0219160637319087,0.0066629650205373,0.0174005225362256
1776177511956037600,13.86303759765625,-0.020227672253549,0.0244996504843235,0.0321778569620102
1776177511965970000,13.872969970703124,-0.0530450692281126,0.0441869322508573,0.0063806774804368
1776177511975901000,13.88290087890625,-0.0343041284009814,0.0357213017225265,-0.0112658557061105
1776177511985833000,13.8928330078125,-0.028065380141884,0.0202700500905513,-0.0004595072705298
1776177511995765000,13.902764892578125,0.0207575413465499,0.0177951844096183,-0.0568070886427536
1776177512005695700,13.91269580078125,0.007312661100924,0.0093722239792346,-0.0614967442963272
1776177512015627800,13.922627685546876,0.0209212074756622,0.0444458754479885,0.0048076925426721
1776177512025559000,13.93255908203125,-0.0017991583764553,0.0386298826456069,-0.0241741448570042
1776177512035490800,13.94249072265625,-0.0393406612634658,0.0180552966505289,-0.0560453835552558
1776177512045421800,13.952421875,-0.0026768179938197,0.0383230086535215,-0.0233161032555624
1776177512055353900,13.962353759765625,0.00189297413975,-0.0043488428592681,-0.0456981039987876
1776177512065286000,13.972285888671877,0.0253381471350789,0.0311760595083236,-0.0234762622533366
1776177512075217000,13.982216796875,0.0213607679367065,0.0063654433786869,-0.0288155043894425
1776177512085149000,13.99214892578125,-0.0080263623282313,0.0101841248840093,-0.0349906493604183
1776177512095080000,14.002079833984377,-0.0205237325906753,0.0086836571931838,-0.0149017279904335
1776177512105012000,14.012011962890623,-0.0294286313191056,-0.0162847798466682,-0.0132675143847242
1776177512114942700,14.021942626953123,-0.0214287186063826,-0.0101677582710981,0.007516111251153
1776177512124874800,14.031874755859375,-0.0390834716320037,0.0045446576923131,-0.0165938092632219
1776177512134806800,14.041806884765624,-0.0605129208907485,-0.0015197569131851,-0.006422324665077
1776177512144738000,14.051738037109375,-0.0611667086243629,0.0105944592505693,-0.0011189575599506
1776177512154669800,14.061669921875,-0.0026829554736614,0.036733109113574,-0.0146225091902539
1776177512164600800,14.071600830078124,0.0387634458974003,0.0125713122814893,0.0076878510888665
1776177512174532900,14.081532958984376,0.0099433018654584,0.0469710100114345,0.0208748841159045
1776177512184463600,14.091463623046875,-0.0117503512874245,0.0638140082627534,0.0053186742721125
1776177512194396000,14.10139599609375,0.0230254862785339,0.0480482838541269,0.0213600738169625
1776177512204328000,14.111327880859376,0.0353252881422638,0.0224760357022285,-0.0096566304111853
1776177512214259000,14.121259033203126,0.0491710042737424,-0.0151817870408296,-0.0185784437417984
1776177512224191000,14.13119091796875,0.0479331330418586,-0.0363373877942562,0.0027617197982966
1776177512234121700,14.141121826171876,-0.0470871837370097,-0.0093657942384481,0.0121496893359348
1776177512244053800,14.1510537109375,-0.0617149901568889,-0.0060866264373064,-0.0196373782102018
1776177512253985000,14.160985107421874,-0.0719504068367183,-0.0231944131046533,-0.0414300712907686
1776177512263917000,14.1709169921875,-0.0371757383145391,-0.007661328408122,-0.0154408763684332
1776177512273848800,14.180848876953124,-0.0371580565273761,-0.0020955109745264,0.0077093322683125
1776177512283779800,14.19077978515625,-0.0451984473809599,0.0162725048869848,0.0222775905206799
1776177512293712000,14.2007119140625,-0.0068353989779949,0.038767829811573,0.0356103521613404
1776177512303642600,14.210642578125,0.008378390636295,0.0511772295296192,0.0190663368565961
1776177512313575000,14.220574951171876,0.0493020833075046,0.0227232884615659,0.0378007748777046
1776177512323507000,14.2305068359375,0.0970797335267067,-0.0126589905649423,-0.0018453721383586
1776177512333438000,14.24043798828125,0.0789759215593337,0.0214145439505577,-0.0201467525044456
1776177512343370000,14.250369873046877,-0.0101695118367671,0.027275544938445,-0.0001264759238809
1776177512353300700,14.26030078125,-0.046800329619646,0.0278115515112876,-0.0088750515794381
1776177512363232800,14.270232666015623,-0.0507566660299897,0.0192605807870626,-0.0011031754689291
1776177512373164000,14.2801640625,-0.0646123190335929,-0.010654665005207,-0.0315565101932734
1776177512383095800,14.290095703125,-0.0308818988673388,-0.0338660292446613,0.0264007348652929
1776177512393027800,14.30002783203125,-0.0156792151689529,-0.0289642286777496,0.0061293696004897
1776177512402958800,14.309958740234377,-0.0153705876111984,-0.0132815063774585,0.0275436212901026
1776177512412891000,14.319890869140623,-0.0007483341492712,-0.0108481417506933,0.0220935757232829
1776177512422822000,14.32982177734375,0.0204024442985653,0.0021639000356197,-0.0098102500703185
1776177512432754000,14.33975390625,0.0354746334850788,0.0091039284318685,-0.0609512027101591
1776177512442685000,14.349684814453123,0.0162847798466682,0.0357283159852027,-0.0468444975549355
1776177512452617000,14.359616943359375,-0.014907792405039,0.0414601376354694,-0.0428430068286135
1776177512462549000,14.369549072265626,-0.0112380178511142,0.0552379030972719,-0.0297869432374835
1776177512472479700,14.379479736328124,-0.0153399002119898,0.0626630846619605,-0.0079996569843962
1776177512482411800,14.389411865234376,-0.0288029006361961,0.0669236647158861,-0.0102789270279929
1776177512492343000,14.399343017578126,-0.020632453662157,0.0347276145100593,0.0171437347635626
1776177512502274800,14.40927490234375,-0.0016948212191462,0.0534393292427062,0.0258398495795205
1776177512512205800,14.419205810546876,0.0010880874976515,0.0628162293970584,0.0086462477922439
1776177512522137900,14.429137939453126,0.0052136429950594,0.0642202509760856,-0.0017249971617013
1776177512532070000,14.43906982421875,0.0240285258412361,0.0572223549127578,-0.035192601673305
1776177512542001000,14.4490009765625,0.0760334383666515,0.0546048658907413,-0.0320601123338565
1776177512551933000,14.458932861328124,0.0909691416919231,0.0768856712818145,-0.0026852204959839
1776177512561864000,14.468864013671874,0.0847299550414085,0.0520545968860387,-0.0066580331170931
1776177512571796000,14.4787958984375,0.0770621968924999,0.0317635040074586,-0.0042783714389428
1776177512581726700,14.488726806640624,0.0248155845656991,0.0110240828394889,0.0246448676412925
1776177512591658800,14.49865869140625,0.0041147418424487,0.007788169658184,0.0234280391974374
1776177512601590800,14.5085908203125,-0.0083893504217267,0.0084393270432949,-0.0085706983380019
1776177512611522000,14.51852197265625,-0.0257470201969146,0.0180260705560445,-0.0165782829005271
1776177512621453800,14.528453857421876,-0.0044809448063373,0.0179155959188938,0.0102541213802993
1776177512631385000,14.538385009765625,0.0379682038664817,0.0278378549963235,-0.0070732628544792
1776177512641316900,14.54831689453125,0.0568400775969028,0.0425263055622577,-0.003711458271183
1776177512651247900,14.558247802734376,0.0583610035538673,0.050703766798973,-0.0243704346140846
1776177512661180000,14.568179931640625,0.0496320459142327,0.0310667539149522,-0.0378443217584863
1776177512671112000,14.57811181640625,0.0499602549552917,0.0286216988503932,-0.0178219628186896
1776177512681043000,14.58804296875,0.0478001543119549,0.0194546420544385,-0.033523864743486
1776177512690975000,14.59797509765625,0.0178664960801601,0.0156517426401376,-0.0516070723142474
1776177512700906000,14.607906005859377,0.0157363521836698,0.0154027363151311,-0.0673152213167399
1776177512710838000,14.617838134765623,0.0292027136087417,0.0312970555394887,-0.0585493292002007
1776177512720769800,14.627769775390624,0.0415254579566419,0.0223386730581521,-0.0409334103476256
1776177512730701000,14.637701171875,0.0170692082226276,0.0429337173193693,-0.0090366718819364
1776177512740633000,14.647633056640624,-0.0071603931486606,0.035235564032197,-0.0086836571931838
1776177512750563800,14.657563720703124,-0.0269432442441582,0.0479991840153932,-0.0103342739444226
1776177512760495900,14.667495849609375,-0.0031011808857321,0.0340700273841619,-0.0466653781283646
1776177512770427000,14.677427001953124,0.0255427297964692,0.0121662386119365,-0.0404556002354249
1776177512780359000,14.68735888671875,0.0556707415565848,0.0052887540578842,-0.0223582180088385
1776177512790291000,14.697291015625,0.068199383740127,0.0164987148582935,-0.0078068012934178
1776177512800222000,14.707221923828126,0.0348944955095648,0.0331739553272724,-0.0170647512432187
1776177512810154000,14.717154052734376,0.0497391595505177,0.0330967984378337,-0.0446016505315899
1776177512820085000,14.7270849609375,0.0284022108808159,0.0204623577922582,-0.0119223468534648
1776177512830017000,14.73701708984375,-0.0316834245085716,0.0418821624398231,-0.0096210111085325
1776177512839948000,14.746947998046876,-0.0859985136725008,0.0392062212288379,-0.0179240714862942
1776177512849880000,14.756880126953124,-0.0320940511360764,-0.00516600446105,-0.0148763743534684
1776177512859812000,14.76681201171875,-0.0015527823999524,-0.0086988547623157,-0.028908589500375
1776177512869742800,14.776742919921874,0.0498643933653831,0.0034749826341867,-0.0333841274792328
1776177512879675000,14.7866748046875,0.071269292704761,0.022079729861021,0.0098298680862411
1776177512889606000,14.79660595703125,0.0487736755192279,0.0410533104002475,0.002804134167917
1776177512899538000,14.806537841796874,-0.0040738253101706,0.0446896210759878,0.0014593684954568
1776177512909469000,14.816468994140624,-0.0332359146475791,0.0824561648905277,-0.0313439999537542
1776177512919401000,14.82640087890625,-0.0398622009195387,0.0476817886292934,-0.0500177207635715
1776177512929333000,14.8363330078125,0.0028191490739583,0.0200070152401924,-0.0354266296248883
1776177512939264000,14.846263916015625,0.0021291209831833,0.0370814841598272,0.0113129097182303
1776177512949195800,14.85619580078125,-0.0278732185706496,0.0745382313728332,0.0802794784385711
1776177512959127000,14.866126953125,-0.0554606059372425,0.0826736070334911,0.1137388996437192
1776177512969059000,14.87605908203125,-0.0224278126463294,0.06879997998178,0.0772031762657687
1776177512978990000,14.885989990234377,-0.0258706465765833,0.0611503420114517,0.0296277340877801
1776177512988921900,14.895921875,0.0052504678741097,0.0404296255439519,-0.005945099074766
1776177512998854000,14.90585400390625,0.0028024902001023,0.0330494521647691,-0.0115460243543609
1776177513008785000,14.915784912109377,0.007293956400454,0.0154413147598505,-0.0236100447008386
1776177513018717000,14.925717041015623,-0.0238568225361406,0.0231511584848165,-0.0260953952431678
1776177513028648000,14.93564794921875,-0.028313509684056,0.0377250427603721,-0.0135555375458672
1776177513038580000,14.945580078125,0.0033937340915203,0.0274070623636245,0.0283741172974929
1776177513048511000,14.955510986328123,0.0151136902406811,-0.0170434892594814,0.0765614808287471
1776177513058443000,14.965443115234375,0.0128109662562608,-0.030199907952547,0.0259329346904531
1776177513068374800,14.975374755859375,0.0011845336094498,-0.0368973597645759,0.0405611064365133
1776177513078306000,14.98530615234375,0.0310346052110195,-0.0685924747109413,0.0122200511584058
1776177513088238000,14.995238037109376,0.0696460754171013,-0.0701665921598672,-0.0068608987454324
1776177513098169000,15.005169189453126,0.0179436529695987,-0.0478963081628084,0.0155758643923327
1776177513108100900,15.015100830078126,-0.039545536185801,-0.006184241592884,-0.0032967034578323
1776177513118032000,15.025031982421876,-0.051789223948121,0.00236848269701,-0.026198380693607
1776177513127964000,15.0349638671875,-0.0754420483447611,0.0048556233376264,9.54597311094e-05
1776177513137896000,15.04489599609375,-0.0246508955232799,0.0068044193178415,0.0258660434667021
1776177513147827000,15.054826904296876,0.0232988963924348,0.0209878429710865,0.0130208096146583
1776177513157759000,15.064759033203124,0.0381350848659872,0.032467852884531,-0.009079488110356
1776177513167690000,15.07468994140625,0.0184695765398442,0.0155763393163681,-0.0260384408915415
1776177513177622000,15.0846220703125,-0.0116962830126285,0.0276478853821754,-0.0063087812880054
1776177513187553800,15.0945537109375,-0.0286171688057482,0.0181797998130321,-0.0286759132556617
1776177513197485000,15.104485107421874,-0.0333750308573246,0.0022737901508808,-0.0112358989592641
1776177513207417000,15.1144169921875,-0.0515501544952392,-0.0191296478837728,0.0319841610208153
1776177513217347800,15.124347900390624,-0.1120762271285057,-0.0199035548657178,0.0371814739355817
1776177513227280000,15.13427978515625,-0.1366916129469871,-0.0203314248889684,0.0334065219741314
1776177513237211000,15.1442109375,-0.1246108606614172,-0.0426467170715332,0.0499096938118338
1776177513247143000,15.154142822265625,-0.1020142673194408,-0.0914484496414661,0.0270116333052516
1776177513257075000,15.164074951171877,-0.0894775879599154,-0.1034393316864967,0.0088145535638555
1776177513267006000,15.174005859375,-0.0872061358965933,-0.0958376245111227,0.0175680245902389
1776177513276938000,15.18393798828125,-0.0876207080468535,-0.0642874709933996,0.0370080170648172
1776177513286869000,15.193868896484377,-0.0616822569310665,-0.0150911861479282,0.0206934266017749
1776177513296801000,15.203801025390623,-0.0221139243915677,0.0104261169463396,0.0119377270856872
1776177513306732000,15.21373193359375,0.0208038647063076,0.0575888501375913,0.0029673253729939
1776177513316664000,15.2236640625,0.0121004798993468,0.0729898328870534,-0.0379770082274451
1776177513326596000,15.23359619140625,0.0046411038041114,0.0668085139036178,-0.0419082467291504
1776177513336526800,15.24352685546875,-0.0400151995241642,0.0662286681890487,-0.071572184641473
1776177513346459000,15.253458984375,-0.0697717476233839,0.0192155726015567,-0.0891819660142064
1776177513356390000,15.263389892578124,-0.0990871278263628,-0.0503974773287773,-0.0346423108467832
1776177513366322000,15.273322021484375,-0.093069328841567,-0.044597851139307,-0.007310578741692
1776177513376254200,15.283254150390626,-0.0711482966735959,-0.0551718521237373,-0.0076933309815824
1776177513386185000,15.29318505859375,-0.0860382611609995,-0.059165305674076,-0.0216688109725713
1776177513396117000,15.303116943359376,-0.0844603443197906,-0.017676526466012,-0.0165822649559006
1776177513406048000,15.313048095703126,-0.0469936602346599,0.020856325545907,-0.0394765991354361
1776177513415979800,15.322979736328126,-0.0217455294705927,0.0390647669315338,-0.0602513838777318
1776177513425911000,15.3329111328125,0.0172791977114975,0.03586392506361,-0.0535389171596616
1776177513435843000,15.342843017578126,0.0297802212357521,0.044316111588478,-0.0647596916150301
1776177513445775000,15.352775146484374,0.0399345355033874,0.0276624984294176,-0.0641933995017781
1776177513455705900,15.362705810546874,0.0076864628493785,0.0190057292431592,-0.042031836576201
1776177513465638000,15.372637939453124,-0.0381136036865413,0.0388484938323497,-0.019703977173008
1776177513475569000,15.38256884765625,-0.079212360663712,0.0409966117769479,-0.0009126213328912
1776177513485501000,15.3925009765625,-0.1503726400360465,0.074452891176939,-0.0134947838019579
1776177513495432000,15.402431884765624,-0.1990598063156008,0.069857380080223,-0.0122460258498787
1776177513505364000,15.412364013671874,-0.1178916354089975,0.0531961681365966,-0.0032647374169901
1776177513515296000,15.4222958984375,-0.0814637928523123,0.0237789349943399,-0.0130132108300924
1776177513525227000,15.43222705078125,0.0132272919721901,0.0258300223052501,0.0148210639696568
1776177513535158800,15.44215869140625,0.0698936204373836,0.0450035093307495,0.0248043690519407
1776177513545090000,15.452090087890625,0.0270212779164314,0.0769774412184953,0.0148655241658911
1776177513555022000,15.46202197265625,-0.0731004536546766,0.0871206495702266,0.0035762510515749
1776177513564953000,15.471953125,-0.0531684033468365,0.1041699840486049,-0.0226542052807286
1776177513574884900,15.481884765625,0.0521826071798801,0.0578033696711063,-0.0378946271736174
1776177513584817000,15.49181689453125,0.1119035009101033,0.0179717100203037,-0.0119264750393107
1776177513594748000,15.501747802734377,0.1481704538166522,-0.0312590616166591,0.0008993234599009
1776177513604680000,15.511679931640623,0.1227063422143459,-0.0073141224056482,0.0191722449164837
1776177513614611000,15.52161083984375,0.0266505449078977,0.0058095630615949,0.0157326623892411
1776177513624543000,15.53154296875,-0.0609209171697497,-0.0079646952688694,0.0115071171160787
1776177513634474800,15.541474853515624,-0.0744084675133228,-0.0319148951768875,-0.0228469513738527
1776177513644406500,15.551406494140624,-0.0662311524070799,-0.0673152943819761,-0.0172840930823236
1776177513654338600,15.561338623046876,-0.0739122084289789,-0.0964309142291545,-0.0185101277459412
1776177513664269600,15.57126953125,-0.05273293453902,-0.0881201820015907,-0.0216585818395018
1776177513674201600,15.58120166015625,-0.074835168492794,-0.0903571472734212,-0.0083982643805444
1776177513684132600,15.591132568359376,-0.1318039870359003,-0.0626695144027471,-0.0082116557672619
1776177513694064600,15.601064697265626,-0.1301287473000586,-0.035951603347063,-0.0305701660370454
1776177513703995600,15.61099560546875,-0.1421184603013098,-0.0036269583255052,-0.0082845383403822
1776177513713927700,15.620927734375,-0.116496527788788,0.0155962130606174,0.0117854956660419
1776177513723859500,15.630859375,-0.0857306565165519,0.0305734174400568,0.0224336578652262
1776177513733790700,15.640790771484374,-0.0446085186637938,0.0331809695899486,0.007498794790171
1776177513743722800,15.65072265625,0.0218926828563213,0.0459556954890489,0.0039983123885467
1776177513753653500,15.660653564453124,0.0474836357086896,0.0687000267386436,-0.0202205118604004
1776177513763585500,15.67058544921875,0.0729930477574467,0.0450280592501163,-0.0226263674257323
1776177513773517600,15.680517578125,0.0722436906948685,0.0078688336789608,-0.0435789929529652
1776177513783448600,15.690448486328124,0.0388382646992802,-0.0295224470824003,-0.0602034896153956
1776177513793380900,15.700380859375,0.003073416095972,-0.056179567861557,-0.043694362960942
1776177513803311600,15.7103115234375,-0.0233120481349527,-0.0959334861010312,-0.0199476862683892
1776177513813243600,15.72024365234375,-0.0770887926384806,-0.1348737498700618,-0.0120965709092095
1776177513823174700,15.730174560546876,-0.1400342013731599,-0.1677659656465053,-0.0062830988574773
1776177513833106700,15.740106689453125,-0.2083086961761117,-0.1573223130434751,0.0184100283723324
1776177513843038500,15.75003857421875,-0.1996659555152058,-0.1224795477211475,0.0319048121742904
1776177513852969700,15.7599697265625,-0.1396679984092712,-0.0581043984442949,-0.0011529328947886
1776177513862901800,15.76990185546875,-0.1085816630110144,0.0042114802151918,0.0067097267717123
1776177513872832500,15.77983251953125,-0.0495753472909331,0.0367284329384565,0.0106485275253653
1776177513882764500,15.7897646484375,0.0398933267101645,0.0425800815761089,-0.0114659083228558
1776177513892695600,15.799695556640623,0.0886634950980544,0.0667874711155891,-0.0029285277325659
1776177513902627600,15.809627685546875,0.0662026569649577,0.0654664516448974,0.0030247911812737
1776177513912559900,15.819559814453124,0.025365911924839,0.1090793834000825,0.0403560853837057
1776177513922490600,15.82949072265625,-0.1076154483273625,0.0745937609523534,0.0076658584527671
1776177513932422700,15.839422607421875,-0.1400833012118935,0.0612216536819934,-0.0117227326281368
1776177513942353700,15.849353759765624,-0.1686456710904836,0.0612333441197872,-0.0091786741685122
1776177513952285400,15.859285400390624,-0.1863072922483086,0.030531916385889,-0.0258200489005073
1776177513962216700,15.869216796875,-0.1517035963788628,0.0122328741073608,0.0022268822692334
1776177513972148700,15.879148681640626,-0.0738636931121349,0.0382552041143178,0.0331383360246196
1776177513982080800,15.889080810546876,-0.0546238628521561,0.0581090746194124,0.0440678359158337
1776177513992011500,15.899011474609376,-0.0653743894472718,0.0752916800886392,0.0432886682368814
1776177514001943600,15.908943603515626,-0.0548904048338532,0.1108802953422069,0.0179927893409505
1776177514011874600,15.91887451171875,0.0339949163213372,0.0800315680921077,-0.0040620252745226
1776177514021806600,15.928806640625,0.1157809268653392,0.0708919838249683,-0.0228931651357561
1776177514031739000,15.93873876953125,0.1420917184248566,0.069249477314949,-0.0480498547567054
1776177514041669600,15.948669677734374,0.1165875670731067,0.0724807143211364,-0.0471930917968973
1776177514051601700,15.9586015625,0.0273509482622146,0.0877642081707715,-0.0166495215058326
1776177514061532700,15.96853271484375,-0.0395814842820167,0.0817892254143953,-0.0383052172685042
1776177514071464400,15.97846435546875,-0.0769838709592819,0.0437158076077699,-0.0205519723044708
1776177514081395700,15.988395751953124,-0.0364686129584908,-0.0027571897536516,0.0016158011661842
1776177514091327700,15.99832763671875,0.1053866663619875,-0.0454717113643884,-0.0235092877401039
1776177514101259800,16.008259765625,0.1693836299762129,-0.100385789334774,0.0065985214821994
1776177514111190500,16.0181904296875,0.1065662315353751,-0.1143850885927677,0.0249943386660888
1776177514121122600,16.02812255859375,0.0425824196636676,-0.0676502254247665,-0.0106083051128312
1776177514131053600,16.038053466796875,-0.0018634557843208,-0.0225280581504106,-0.0310964184008538
1776177514140985600,16.047985595703125,-0.07526216173321,0.0128840314924716,-0.0174902831789106
1776177514150916600,16.05791650390625,-0.1764113366559147,0.0582487753510475,-0.0037671705137938
1776177514160848600,16.0678486328125,-0.1847881198570132,0.089909988027811,-0.0099805286033079
1776177514170780700,16.07778076171875,-0.1186284252509474,0.0763549254059791,-0.0301323591416701
1776177514180711700,16.087711669921877,-0.0593675502479076,0.0315238500326871,-0.0141323510531336
1776177514190643500,16.0976435546875,0.0447179703876376,-0.0101952307999134,-0.0376151161124929
1776177514200574700,16.10757470703125,0.0384326065078377,-0.0341863472402095,0.0056929144119843
1776177514210506800,16.1175068359375,-0.0365387555852532,-0.0236292973905801,0.0096615257820114
1776177514220437500,16.1274375,-0.1045160210072994,0.0380137965738773,-0.0506387387387454
1776177514230369500,16.13736962890625,-0.0887254544183611,0.0872042362004518,-0.0613727160578593
1776177514240301600,16.147301513671874,-0.014494681559503,0.0676812050849199,-0.0203122452644631
1776177514250232600,16.157232666015624,0.1080763438373804,0.0098486093193292,-0.0009954407781362
1776177514260164900,16.167164794921874,0.1845192397877574,-0.0219072959035635,0.0339036578413099
1776177514270095600,16.177095703125,0.1704898376524448,0.0155956285387277,0.0360595207009464
1776177514280027600,16.187027587890626,0.0880070770159363,0.0237830266475677,0.0288144084108993
1776177514289958700,16.196958740234376,0.0615206366285681,-0.0082493574291467,0.0094869364000856
1776177514299890700,16.206890625,0.0335983182191848,-0.0205512051194906,0.0116764823336154
1776177514309822500,16.216822509765624,-0.0089829324007034,-0.0110083007484674,-0.0182298494998365
1776177514319753700,16.226753662109374,-0.0483060580074787,-0.0286047477155923,0.00404934845604
1776177514329685800,16.236685791015624,-0.0449964950680732,-0.034864392632246,-0.0007524623351171
1776177514339616500,16.246616455078126,-0.0884895998358726,-0.0276882173925638,-0.0193613742804154
1776177514349548500,16.256548583984376,-0.1105938796162605,-0.0184469263166189,0.0056123599890619
1776177514359479600,16.2664794921875,-0.0881172593921423,0.0386684610903263,0.0365417147273197
1776177514369411600,16.27641162109375,-0.0613517098024487,0.0763537563621997,0.0476840171189978
1776177514379344000,16.28634375,-0.0383341145694255,0.0984533599674701,0.0641305268660187
1776177514389274600,16.296274658203124,0.0178799400836229,0.1194096387565135,0.0515862121893093
1776177514399206700,16.30620654296875,0.0821639039456844,0.1053442885249853,0.0087030194807797
1776177514409137700,16.3161376953125,0.1059445925056934,0.0842863029271364,-0.0189077487614005
1776177514419069400,16.3260693359375,0.1133002159655094,0.0724567489236593,-0.026002931186743
1776177514429000700,16.336000732421876,0.1072320019677281,0.0546627335578203,-0.0514568867212161
1776177514438932700,16.3459326171875,0.0741036393478512,0.0236719674885272,-0.061002457973361
1776177514448864800,16.35586474609375,0.0302118906512856,-0.0226975694984197,-0.0310474646925926
1776177514458795500,16.36579541015625,0.0041205870613455,-0.0121305827766656,-0.0324874343678355
1776177514468727600,16.3757275390625,0.0181660635486245,-0.0309673851937055,-0.0254504484031349
1776177514478658600,16.385658447265627,0.01948912884593,-0.0405085359990596,-0.0327970848388969
1776177514488590600,16.395590576171877,0.0446396444544196,-0.0715028091996908,-0.0116160939158871
1776177514498523000,16.40552294921875,0.0349774976179003,-0.0488636918902397,0.0212609973566606
1776177514508453600,16.41545361328125,0.0231467745706439,-0.0307119491279125,-0.0003783317930996
1776177514518385700,16.4253857421875,0.0070677464291453,-0.0104173491179943,0.0052359644247218
1776177514528316700,16.435316650390625,-0.029334523294866,0.0138426473915576,0.0156960932385176
1776177514538248400,16.44524853515625,-0.0596700403258204,0.0238859025001525,0.0129025900624692
1776177514548179700,16.4551796875,-0.1086930144309997,0.0213332954078912,0.0377147770946845
1776177514558111700,16.46511181640625,-0.0839621855393052,0.0136427409052848,0.0389725586034357
1776177514568043800,16.475043701171874,-0.0712137631252408,0.0101391166985034,0.0239091007126495
1776177514577974500,16.484974609375,-0.0137348031029105,0.004285714495182,0.0187250491382554
1776177514587906600,16.494906494140626,0.0247968798652291,-0.0007733224600553,0.020775588459894
1776177514597837600,16.504837646484376,0.0403401936948299,0.0116191261231899,0.0096766137532889
1776177514607769600,16.51476953125,0.0291305251553654,0.0156534962058067,-0.0294413081375882
1776177514617700600,16.52470068359375,-0.0011994389176368,0.0456605119347572,-0.030651487644948
1776177514627632600,16.534632568359374,-0.0557327008768916,0.0938122561633586,-0.0219558477530255
1776177514637564400,16.544564453125,-0.1092073936939239,0.1166506954371929,-0.029718846437335
1776177514647495400,16.554495361328126,-0.072552318252623,0.1000374142885208,-0.0624658085241913
1776177514657427500,16.564427490234376,0.0171618549421429,0.0381529127836227,-0.0499159774221479
1776177514667358500,16.5743583984375,0.1291746614456176,-0.0257528654158115,0.003026617812179
1776177514677290500,16.58429052734375,0.1081935404762625,-0.002416998013854,0.0652859439788386
1776177514687221500,16.594221435546874,0.0426443789839744,0.0398497798293829,0.0558684926183894
1776177514697153500,16.604153564453124,-0.0240139127939939,0.0435801985293626,0.0295905804151669
1776177514707085300,16.614085205078126,-0.0652513475894927,0.0277811563730239,0.0186357634196057
1776177514717016600,16.6240166015625,-0.057074763135612,-0.0151414550304412,0.0391760087536647
1776177514726948600,16.633948486328126,-0.0379468688175082,0.0030348376512527,0.0594530731068924
1776177514736879600,16.643879638671876,-0.0139022686243057,0.0076326868355274,0.013070603573136
1776177514746811400,16.653811279296875,0.0010021627798676,0.0125730658471584,-0.0059986558929085
1776177514756743400,16.663743408203125,0.0083975337281823,0.0021849428236484,-0.0366108709733933
1776177514766674400,16.67367431640625,0.0347287835538387,-0.0230669873327016,-0.0406464466324076
1776177514776606500,16.6836064453125,0.051104748815298,-0.0380424381464719,-0.0230991725692525
1776177514786537500,16.693537353515627,0.0504907085701823,-0.0299421337991952,-0.0187879217740148
1776177514796469500,16.703469482421873,0.0592702273532748,-0.0312181450843811,0.0061225745335221
1776177514806400500,16.713400390625,0.0482496516451239,-0.0374058938086032,0.0344699134219437
1776177514816332500,16.72333251953125,-0.015565233400464,-0.0110790278971195,0.0151192797312512
1776177514826264300,16.733264404296875,-0.1454138485848903,-0.0061316346228122,0.0237531429659575
1776177514836195600,16.743195556640625,-0.2503156540393829,-0.0101356095671653,-0.0170752726372331
1776177514846127600,16.753127685546875,-0.1256198915734887,-0.0143535195231437,-0.0059113064030185
1776177514856058400,16.763058349609373,-0.0046940030351281,-0.0207540342152118,-0.0221491418354213
1776177514865990400,16.772990478515624,0.0511035797715187,-0.0324485636621713,-0.1097712381217628
1776177514875921400,16.78292138671875,0.1202525193214416,-0.056923664227128,-0.1357975867167115
1776177514885853400,16.792853515625,-0.0132145786210894,-0.0437041171699762,-0.0546413254436105
1776177514895785500,16.802785400390626,-0.1248246495425701,0.0011795651733875,-0.1210902487872168
1776177514905716500,16.812716552734376,-0.0141468910351395,-0.0271796833485364,-0.2500160865709185
1776177514915648500,16.8226484375,0.1252156946867704,-0.1142237605512142,-0.0657590779159218
1776177514925579500,16.83257958984375,0.3100593441233039,-0.1966653123944997,0.0579755844328552
1776177514935511600,16.842511474609374,0.3421300143837928,-0.1152373215079307,0.0855553730148822
1776177514945442600,16.852442626953124,0.1861845426514744,-0.0121235685139894,0.0939432621318846
1776177514955374600,16.86237451171875,0.096443189188838,0.0557025979995727,0.0371834832295775
1776177514965306600,16.872306640625,-0.0595990209162235,0.1295744744181633,-0.0342608737811446
1776177514975237400,16.8822373046875,-0.1283130761802196,0.0515466473639011,0.0007688654806464
1776177514985169400,16.89216943359375,-0.2130202348679304,0.2245756481051445,-0.0911804098224267
1776177514995100400,16.902100341796874,-0.2726096111729741,0.1263315469741821,-0.0133247609972953
1776177515005032400,16.912032470703124,-0.1310766956746578,0.1354413206249475,-0.0233961462218314
1776177515014964500,16.921964599609375,-0.3202653885781765,0.2411386603713035,0.0116639151129871
1776177515024895500,16.9318955078125,-0.4595455567136406,0.1992424694061279,0.0047804757421836
1776177515034827500,16.94182763671875,-0.2347185641959309,0.2215139224469661,0.0292523249041289
1776177515044758500,16.951758544921876,-0.032204818034172,0.1495768134832382,0.0255541645059362
1776177515054690300,16.961690185546875,0.0621904987141489,0.0941787513881921,-0.0138019865876063
1776177515064621600,16.97162158203125,0.1164846912205219,0.1469330209761858,-0.0421240083716809
1776177515074553600,16.9815537109375,0.173602124454081,0.1289864453971385,-0.0640168738910928
1776177515084485600,16.991485595703125,0.1715744180187582,0.0806295339852571,-0.0486196540012955
1776177515094416400,17.00141650390625,0.1832403058931231,0.0278489609122276,-0.0112949356701225
1776177515104348400,17.011348388671873,0.140835873144865,-0.0094867902696132,0.0352885728610679
1776177515114279400,17.021279541015623,0.0409364060223102,-0.0311404036730527,0.0705655648821964
1776177515124211500,17.03121142578125,-0.0613321283191442,-0.0856096604853868,0.065568194986321
1776177515134142500,17.041142578125,-0.1167301904141902,-0.0974450597077608,0.0823191675726324
1776177515144074500,17.051074462890625,-0.1564189344629645,-0.1180558860599994,0.0650637891281396
1776177515154006500,17.061006591796875,-0.1594096407115459,-0.1254565177053213,0.0786828568968921
1776177515163937500,17.0709375,-0.211582895541191,-0.0587859509676694,0.0395239454085007
1776177515173869300,17.080869384765624,-0.2576923202872276,0.0035100539475679,-0.0527192348072305
1776177515183800600,17.090800537109374,-0.1972922121211886,0.0326823724180459,-0.1008466848447918
1776177515193732600,17.100732666015624,-0.0777946028202772,0.0278366859525442,-0.1470698721636086
1776177515203663600,17.11066357421875,0.0506952912315726,-0.0135673375815153,-0.1150808888372033
1776177515213595400,17.120595458984376,0.2460509823322296,-0.0994032080382108,-0.0542403068946674
1776177515223527400,17.13052734375,0.2143763256520032,-0.0904085851997137,0.0453230601413175
1776177515233458400,17.14045849609375,0.0197267369940876,-0.0201332719683647,0.0606619739726185
1776177515243390500,17.150390380859374,-0.156274265295267,-0.0100070147514343,-0.0071776365444064
1776177515253321500,17.160321533203124,-0.2137529330566525,-0.065523150268197,-0.0180278241217136
1776177515263253500,17.17025341796875,-0.1496320508018136,-0.098673724719882,0.0518855239294469
1776177515273184500,17.1801845703125,-0.0879223213419318,-0.1116308214485645,0.0652398032821714
1776177515283116500,17.190116455078126,-0.079148940038681,-0.0771791012704372,0.091517715485394
1776177515293048300,17.20004833984375,-0.0864715380117297,0.0234130242913961,0.0967500266483053
1776177515302979600,17.2099794921875,-0.0483098573997616,0.0637654929459095,0.1166080253392457
1776177515312911600,17.21991162109375,0.0207809222221374,0.106814361077547,0.1353169270602986
1776177515322842400,17.22984228515625,0.1301987437963485,0.1220633681356906,0.1132590802375227
1776177515332774400,17.2397744140625,0.1899523707523941,0.0840419727772474,0.1006280371254309
1776177515342705400,17.249705322265626,0.1411015383437275,0.1168921029776334,0.0659488283343613
1776177515352637400,17.259637451171876,0.0502814497336745,0.1725309880912303,0.0393604254098609
1776177515362569500,17.269569580078127,0.0341685193225741,0.1705161411374807,-0.0360928749812766
1776177515372500500,17.27950048828125,0.0208195006668567,0.1035726026773452,-0.0600811784099787
1776177515382432500,17.2894326171875,-0.0435717229619622,0.0471574724942445,-0.0529006192561238
1776177515392363500,17.299363525390625,-0.1336903853043913,0.0385509721904993,-0.054495231503807
1776177515402295600,17.309295654296875,-0.1603577352166176,0.0333878903388977,-0.0329654271431267
1776177515412227300,17.319227294921873,-0.1977028387486934,0.0151882167816162,-0.1028807114230468
1776177515422158600,17.32915869140625,-0.1565080740511417,-0.0507540356814861,-0.1487743745265528
1776177515432090600,17.339090576171873,-0.0402969390749931,-0.1456213538557291,-0.1400746795140206
1776177515442021400,17.349021484375,0.0863973037317395,-0.2416746669441461,-0.1031895216438919
1776177515451953400,17.358953369140625,0.1140159630194306,-0.246757084774971,-0.0414589320590719
1776177515461884400,17.368884521484375,-0.0453729271650314,-0.1911801589816808,-0.0159390351489186
1776177515471816400,17.37881640625,-0.2269455921068787,-0.0939472807198762,-0.0111507048938423
1776177515481748500,17.38874853515625,-0.3058662763476371,-0.0293926832228898,-0.0212487223969772
1776177515491679500,17.398679443359374,-0.2008893598303198,-0.0150175363898277,-0.0467421331590041
1776177515501611500,17.408611572265624,-0.0559130258798599,-0.0307195479124784,-0.076582925475575
1776177515511542500,17.41854248046875,0.0678834496587514,-0.0028968904852867,-0.0594513560738414
1776177515521474300,17.428474365234376,0.1378451668962836,0.0242453834623098,-0.0683954543014988
1776177515531405600,17.438405517578126,0.1604819461181759,0.0617108985036611,0.0004049640716984
1776177515541337600,17.448337646484376,0.0853954332128167,0.0737070412456989,0.0077072133764624
1776177515551269600,17.45826953125,0.0741217595264315,0.0918120222568511,-0.0345149216074496
1776177515561200400,17.468200439453124,0.0688265757277607,0.0289519537180662,-0.0252632187353447
1776177515571132400,17.47813232421875,0.0194637021437287,0.0424748676359653,0.0440771882660686
1776177515581063400,17.4880634765625,-0.0507958289965987,0.0553051231145858,0.0239485194075852
1776177515590995500,17.497995361328126,-0.0957128290876746,0.0137479548454284,0.0312376535024493
1776177515600926500,17.507926513671876,-0.1460916017159819,0.01889233199656,0.0360104573948308
1776177515610858500,17.5178583984375,-0.2322889989614486,0.0334890126258134,0.0060538201462477
1776177515620790500,17.52779052734375,-0.2739648251742124,0.0676058017611503,-0.0658498980045318
1776177515630721500,17.537721435546874,-0.2540273680388927,0.0928986484497785,-0.0721338736448437
1776177515640653600,17.547653564453125,-0.1601446769878268,0.0696627342909574,-0.0611332082135602
1776177515650584600,17.55758447265625,-0.0124333651155233,0.0144856214702129,-0.05767294822447
1776177515660516600,17.5675166015625,0.1382291977778077,-0.04149637799263,-0.0407758451657369
1776177515670448600,17.57744873046875,0.2046259160101413,-0.1425438461065292,-0.0374291285537183
1776177515680379600,17.587379638671877,0.2027200823888182,-0.1720943502396345,0.0094892744876444
1776177515690311700,17.597311767578127,0.1003998178601264,-0.1427671334683895,-0.0135375269651412
1776177515700242400,17.607242431640625,-0.0462634462639689,-0.1318757370978593,-0.063571943135187
1776177515710174500,17.617174560546875,-0.1121802720248699,-0.10473872384727,-0.0871916689798235
1776177515720105700,17.627105712890625,-0.1117664305269718,-0.0700596246540546,-0.090132471672073
1776177515730037800,17.637037841796875,-0.0222609316468238,-0.0675888506263494,-0.0635717604720965
1776177515739969500,17.646969482421873,0.0496317536532878,-0.0785433753609657,-0.0217067683627828
1776177515749900500,17.656900634765623,0.1068041319444775,-0.0520814848929643,-0.010065832266584
1776177515759832600,17.66683251953125,0.1131157993093132,-0.0366284796953201,0.0112334878064692
1776177515769763600,17.676763671875,0.1063376834765076,-0.0233709387153387,-0.0070108286101371
1776177515779695600,17.686695556640625,0.0562125933483243,-0.0378951386302709,-0.0023359686668962
1776177515789626600,17.696626708984375,-0.056304363285005,-0.0208072257071733,-0.0313552520001307
1776177515799558700,17.70655859375,-0.1626055141434073,-0.0135568161875009,-0.0308852964008226
1776177515809490700,17.71649072265625,-0.2021694627687335,0.0110410339742898,-0.0195744325092062
1776177515819421400,17.72642138671875,-0.1577200801894068,0.0391512761712074,-0.0363172948542982
1776177515829353500,17.736353515625,-0.1112298394322395,0.0594505523562431,-0.0472882227344438
1776177515839284700,17.74628466796875,-0.0401718513906002,0.0696381843715906,-0.0737712290557101
1776177515849216800,17.756216796875,-0.003448386888206,0.0938110871195793,-0.0512148215936496
1776177515859147500,17.7661474609375,0.0155859839275479,0.1340776310563087,-0.0479172413529828
1776177515869079600,17.77607958984375,0.0510159014880657,0.1274199267327785,-0.0557775994645431
1776177515879011600,17.786011474609374,0.1064446509823203,0.096982118371129,-0.0413010746162384
1776177515888942600,17.795942626953124,0.1488043678060173,0.0652466714143753,-0.0223315857302397
1776177515898874600,17.80587451171875,0.1316542033016681,0.071058572563529,-0.0024754136702045
1776177515908805600,17.8158056640625,0.008687164324522,0.0166734869033098,0.0554927181085571
1776177515918737700,17.825737548828126,-0.0146481185555458,0.021980945661664,0.021523849543929
1776177515928669700,17.835669677734376,-0.0235202840581536,-0.0087549688637256,0.004142945023626
1776177515938600400,17.845600341796874,-0.041826340599358,-0.0666542001247406,0.0487229682452976
1776177515948532500,17.855532470703125,-0.0131584645196795,-0.0831038151443004,0.0318256094582378
1776177515958463700,17.865463623046875,0.0069274611756205,-0.0778103849112987,0.0254582663834095
1776177515968395800,17.875395751953125,-0.0312400646552443,-0.0292845466732978,0.0129259709380567
1776177515978326500,17.885326416015626,-0.0541685203000903,-0.0212549694746732,-0.0038517069920897
1776177515988258600,17.895258544921877,-0.0567275571331381,0.0167635032743215,-0.0008516483932733
1776177515998190600,17.905190673828123,-0.0516790415719151,0.0465472316414117,-0.0026116072705015
1776177516008121600,17.91512158203125,-0.050966801649332,0.0704880791991949,-0.0101413451882079
1776177516018053600,17.9250537109375,-0.0740904876053333,0.0895095905333757,-0.0226794858524575
1776177516027984600,17.934984619140625,-0.0509530653849244,0.1125216328084468,0.0105394045950844
1776177516037916700,17.944916748046875,-0.0147042326569557,0.1189087034970521,0.0476664449296891
1776177516047847400,17.954847412109373,-0.0026280104160308,0.1229588556706905,0.0143362395947799
1776177516057779500,17.964779541015623,-0.0032861820638179,0.1037532199412584,0.0055857642430812
1776177516067711500,17.97471142578125,0.0287701674103736,0.0856868173748254,0.0035847266189754
1776177516077642800,17.984642822265624,0.025240824240446,0.0517038837522268,0.0176431721856817
1776177516087574800,17.99457470703125,0.0335246684610843,0.0337456177353858,0.0047141325077041
1776177516097505500,18.004505615234375,0.028368600872159,0.005958616143465,0.0062596814492717
1776177516107437600,18.0144375,0.0272509950190782,0.0252706348568201,0.0247273217603564
1776177516117369600,18.02436962890625,0.0218453365832567,0.0156458974212408,-0.0022715981937944
1776177516127300600,18.03430053710937,0.0117187871053814,0.0119949736982584,0.0089071272181347
1776177516137232600,18.044232666015624,0.0218450443223118,0.0132020114004611,0.0222060961870476
1776177516147163600,18.05416357421875,0.0314455240994691,0.0024275194078683,0.011951536415331
1776177516157095700,18.064095703125,-0.0005596797093749,-0.0093722239792346,0.0370662865906953
1776177516167026400,18.0740263671875,-0.0079667410954833,-0.0093915132015943,0.0127179176779463
1776177516176958500,18.08395849609375,-0.0162102533057332,0.01255143853724,-0.0191574126735329
1776177516186890500,18.09389038085937,-0.0554769725501537,0.0106149175167083,-0.0191769941568374
1776177516196821800,18.10382177734375,-0.0545943444967269,0.0211047473490238,-0.0202090406183153
1776177516206753500,18.11375341796875,-0.0373570862308144,0.0502706360787153,0.0015077376818284
1776177516216684500,18.1236845703125,-0.0210287595033645,0.0401011242419481,0.0131667939566075
1776177516226616600,18.133616455078126,-0.056257893794775,0.0553933859199285,0.001832329993695
1776177516236547600,18.14354760742188,-0.046002164979279,0.0482031821548938,0.0177676022829487
1776177516246479600,18.153479736328126,0.0686629095986485,0.0169400288850069,0.0095946710908785
1776177516256411600,18.16341162109375,0.0586430353656411,0.0183025494098663,0.0262255244288593
1776177516266342700,18.1733427734375,0.0867149913787841,-0.0121563017398118,0.0079772990221157
1776177516276274700,18.183274658203125,0.0700207539483904,-0.0311415727168321,-0.0201895687328651
1776177516286205400,18.193205322265623,-0.0374190455511212,0.0111748894870281,-0.0167350078321993
1776177516296137500,18.20313745117188,-0.0856359639704227,0.0077700494796037,-0.0438602575797587
1776177516306068700,18.21306884765625,-0.0815770439684391,0.0308650938630104,-0.0460321217261254
1776177516316000800,18.22300073242188,-0.0653206134334206,0.021482933011651,-0.0546549886427819
1776177516325932500,18.2329326171875,-0.0354781406164169,-0.0095505031555891,-0.0292530920891091
1776177516335863600,18.242863525390625,-0.0350268897175788,0.0159048406183719,-0.018719715376012
1776177516345795600,18.252795654296875,-0.024804478649795,0.0394353538095951,0.021365115318261
1776177516355726600,18.2627265625,-0.013720774577558,0.0491296493500471,0.0286762420492246
1776177516365658600,18.27265869140625,0.0294940977707505,0.0473942038595676,-0.0110201007841154
1776177516375589600,18.282589599609373,0.0665337886154651,0.0407709863275289,0.0291657060666009
1776177516385521700,18.292521728515624,0.0903419497042894,0.0507248095870018,0.0266176655516028
1776177516395453700,18.30245361328125,0.0714879038915038,0.0774888978719711,0.0006878726663067
1776177516405384400,18.31238452148437,-0.0054255321800708,0.0378331793099641,-0.0078563395235687
1776177516415316500,18.32231640625,-0.0134451725065708,0.0192594117432832,-0.0294596475118771
1776177516425247700,18.332247802734376,-0.0101452541783452,-0.0263777193158864,-0.0319114976434037
1776177516435179800,18.3421796875,-0.0344563963532447,-0.0405365930497646,-0.0177058986909687
1776177516445111600,18.352111572265624,-0.0544204492345452,-0.0099614220440387,0.0042937151385471
1776177516455042600,18.36204248046875,-0.0221630242303013,-0.0034521862804889,-0.0074187883565202
1776177516464974600,18.371974609375,0.0085500939413905,-0.0030208091259002,-0.0313521467275917
1776177516474905600,18.38190551757813,0.0530509144470095,-0.0037894554108381,-0.0413110480209812
1776177516484837600,18.391837646484376,0.0823319539889693,0.0197965873599052,-0.0453723426431417
1776177516494768600,18.4017685546875,-0.0014008067086338,0.0324152459144592,-0.0646828635191544
1776177516504700700,18.41170068359375,0.0120654085859656,0.0540051464319229,-0.0475186704894527
1776177516514632700,18.4216328125,0.0398547482654452,0.0490595067232847,-0.0253964897261932
1776177516524563500,18.4315634765625,0.0367661346003413,0.0387713369429111,-0.0088520725626498
1776177516534495500,18.44149560546875,0.0050415012985467,0.0433849682182073,-0.0122392307829111
1776177516544426800,18.4514267578125,0.0329530060529708,0.0530056140005588,-0.0395397274995222
1776177516554358800,18.46135888671875,0.0464285736978054,0.0313397256374359,-0.0167020554106682
1776177516564289500,18.47128955078125,0.0329579744890332,0.0352782341301441,-0.0237942786939442
1776177516574221600,18.4812216796875,0.0002042904004454,0.0330967984378337,0.0148341061143204
1776177516584153600,18.491153564453125,-0.0479427776530385,0.0179670338451862,0.0627550372617319
1776177516594084600,18.501084716796875,-0.0365443085432052,0.0223252290546894,0.0415394864819943
1776177516604016600,18.5110166015625,0.009513386015594,0.0104687870442867,0.0131104971921071
1776177516613947600,18.52094775390625,0.0126452543005347,-0.0214262343883514,-0.0219810917921364
1776177516623879700,18.53087963867188,0.037324353004992,0.0042319384813308,-0.0326070056268945
1776177516633810200,18.54081005859375,0.0301508081138133,0.0325660525619983,-0.0823108016030862
1776177516643742200,18.5507421875,0.0174693134561181,0.0427022466510534,-0.0324755247343331
1776177516653674200,18.56067431640625,0.0179559279292821,0.0415863943636417,0.0086412428235635
1776177516663605500,18.57060546875,0.0359822907462716,0.0276829566955566,0.0135580217638984
1776177516673537500,18.58053759765625,0.052408524890244,-0.0108604167103767,-0.0075547262284904
1776177516683468300,18.59046826171875,0.0165931151434779,-0.0226303494811058,-0.0129593252183869
1776177516693400300,18.600400390625,-0.0208875974670052,-0.0290068987756967,-0.0169367774819955
1776177516703332400,18.610332275390626,-0.060122168007493,-0.0205664026886224,-0.0276970217535272
1776177516713263600,18.620263671875,-0.0845715496093034,-0.0171662388563156,-0.0205444831177592
1776177516723195400,18.6301953125,-0.0747583038643002,-0.0204956755399703,0.0064168813049793
1776177516733126400,18.64012646484375,-0.0425730673134326,-0.0298906958729028,-0.0035957229370251
1776177516743058400,18.65005834960937,-0.0274175837576389,-0.0544967293411493,0.0042473552461713
1776177516752989200,18.6599892578125,-0.0205614342525601,-0.013267477852106,0.0144248677263036
1776177516762921200,18.66992114257813,-0.0755450703278183,-0.0178325938105583,0.0351135450877249
1776177516772853200,18.679853271484376,-0.0673529960438609,-0.0009130231916904,0.0223012636572122
1776177516782784500,18.68978442382813,-0.0642535687237978,0.0408855526179075,0.0238556169597432
1776177516792716500,18.699716552734376,-0.0600514408588409,0.0446633175909519,-0.0421397539300844
1776177516802647300,18.70964721679688,-0.0350397491991519,0.0363186830937862,-0.0356457522682845
1776177516812579300,18.719579345703124,-0.0312044088199734,0.071929510179162,-0.0245015136478468
1776177516822510600,18.72951049804687,-0.0106020580351352,0.0693301413357257,-0.0251972042944282
1776177516832442400,18.7394423828125,-0.0158349902525544,0.0294581496745347,0.0004188099339604
1776177516842374400,18.74937451171875,-0.027631811030209,0.0194493813574314,0.0273354584321379
1776177516852305400,18.75930541992188,-0.0461953494638204,0.0177057525604963,-0.0182337219573557
1776177516862237400,18.769237548828126,-0.0320382292956113,-0.0433148255914449,-0.0419138362197205
1776177516872168200,18.779168212890625,-0.0509893057420849,-0.0859603736191988,-0.043165845574811
1776177516882100200,18.789100341796875,-0.110943423706293,-0.073740358993411,0.0038167818091809
1776177516892031500,18.799031494140625,-0.1389011056900024,-0.0402162750542163,-0.001467040345259
1776177516901963500,18.808963623046875,-0.1154191078156232,-0.0214992996245622,0.0123865668317303
1776177516911895300,18.81889526367188,-0.1008826329410076,-0.0064162967830896,0.0370142276098951
1776177516921826300,18.828826416015627,-0.085473174624145,-0.0295750540524721,-0.0090897172434255
1776177516931758300,18.83875830078125,-0.0237456172466278,-0.0281909062176942,-0.0056763651359826
1776177516941689600,18.848689697265623,-0.0699757457628846,0.0177595285743474,0.0028768340779468
1776177516951621400,18.858621337890625,-0.0915676921069622,0.0665460635751485,-0.0438615727540105
1776177516961553400,18.868553466796875,-0.1017801663026213,0.0626326895236969,-0.0397284915372729
1776177516971484400,18.878484375,-0.075480480659008,0.0653355187416076,-0.0175966296302154
1776177516981416400,18.88841650390625,-0.039301206035912,0.0417336938798427,-0.0072855173656716
1776177516991347200,18.89834716796875,-0.0400067239567637,0.0165226802557706,0.0169245390549302
1776177517001279200,18.908279296875,-0.024701895058155,0.0023602993905544,0.0329237799584865
1776177517011210500,18.91821044921875,-0.0582055207312107,-0.0175841720074415,0.0331235403142869
1776177517021142500,18.928142578125,-0.0419584425464272,-0.0385164853990077,0.0008509177409112
1776177517031074300,18.93807421875,-0.0445849916577339,-0.0514671523869037,0.0093641137380152
1776177517041005300,18.94800537109375,-0.0156432670727372,-0.0506207646906375,0.018014453183487
1776177517050937300,18.95793725585937,-0.0208922736421227,-0.0326899712026119,-0.008874320927076
1776177517060868600,18.96786865234375,-0.0450669299557805,-0.0333002120554447,-0.0060974400922656
1776177517070800400,18.97780029296875,-0.0706421007171273,-0.0201250886619091,-0.0042799058089032
1776177517080731400,18.9877314453125,-0.0942678909763693,-0.0103039518713951,0.0084959526013582
1776177517090663400,18.99766333007813,-0.0869765649244189,-0.0009375731110572,0.0268467615997418
1776177517100595500,19.007595458984376,-0.0754769735276699,-0.008364508241415,0.043896059545502
1776177517110526200,19.01752612304688,-0.068779521715641,-0.0036947628647089,0.0158151895735412
1776177517120458200,19.027458251953124,-0.0339034386456012,0.0064414312243461,-0.0182912242982536
1776177517130389500,19.03738940429687,0.0061789808958768,0.0009048398852348,-0.031665560058318
1776177517140321500,19.047321533203124,0.0019192776247859,-0.018303133931756,-0.0331445100370794
1776177517150252300,19.057252197265623,-0.0105076577499508,-0.0035381109982728,-0.0255711521733552
1776177517160184300,19.06718432617188,-0.0711281306684017,0.0075029229760169,-0.0396082992237061
1776177517170116400,19.077116455078126,-0.0673217241227626,0.0188894093871116,-0.0600818725297227
1776177517180047600,19.08704760742188,-0.0651481794759631,0.0028039515048265,-0.0329483298778533
1776177517189979400,19.0969794921875,-0.0701288904979825,0.0007288987964391,-0.0177967187795788
1776177517199910400,19.106910400390625,-0.0577744358375668,0.0350502705931663,-0.0256371666142717
1776177517209842400,19.116842529296875,-0.0579907089367508,0.0440127447277307,-0.0010809271045029
1776177517219774500,19.1267744140625,-0.0386626158714294,0.047600540086627,-0.0017270429883152
1776177517229705200,19.136705322265627,0.0059445876181125,0.0433171636790037,-0.0025119097556918
1776177517239637200,19.14663720703125,0.0363277431830763,0.03405482981503,0.0027506869476288
1776177517249568500,19.156568603515623,0.0165299867793917,0.0352215355068445,-0.012864413476549
1776177517259500500,19.16650048828125,-0.0051274260163307,0.0277186125308275,0.0069219812829047
1776177517269431300,19.17643139648437,-0.0304725874140858,0.0013268646895885,-0.0092252167239785
1776177517279363300,19.18636328125,-0.0436544328093528,0.0260948107212781,-0.0038864860445261
1776177517289295400,19.19629541015625,-0.0544131427109241,0.0254559282958507,-0.0212744778927415
1776177517299226400,19.206226318359377,-0.0061138067051768,0.0034878421157598,-0.0376467898923903
1776177517309158400,19.216158447265624,-0.0064297407865524,0.0208206697106361,-0.0387473350128158
1776177517319089400,19.22608935546875,-0.0107493575513362,0.0335386969864368,-0.0261724790673702
1776177517329021400,19.236021484375,-0.0079532970920205,0.0269926363438367,-0.0096777827970683
1776177517338952200,19.2459521484375,-0.0089610128298401,0.0416050990641117,-0.0089078578704968
1776177517348884200,19.25588427734375,-0.0251610370025038,0.0452694667905569,-0.0119800683900713
1776177517358816500,19.26581640625,-0.0154766783341765,0.0051759413331747,-0.0069229311309754
1776177517368747500,19.27574755859375,-0.0078121350556612,-0.0085766896873712,-0.0209209517473354
1776177517378679300,19.28567919921875,-0.0316556597188115,-0.0452384871304035,-0.0214122058629989
1776177517388610300,19.2956103515625,-0.062843117403984,-0.0124672673851251,-0.0011904518935829
1776177517398542300,19.30554223632813,-0.0701730219006538,-0.0053349312871694,-0.0045767333310097
1776177517408474400,19.315474365234376,-0.0703802349105477,-0.0185047939836978,-0.0243638952754437
1776177517418405400,19.3254052734375,-0.0317731486186385,-0.0247352128058671,-0.0140797075504437
1776177517428337400,19.33533740234375,-0.0422398898363113,-0.0315367095142602,-0.0132374480400234
1776177517438268400,19.34526831054687,-0.0350055546686053,-0.0347451501667499,-0.0348368470381945
1776177517448200400,19.355200439453125,-0.0389148370668292,-0.0139554601162672,-0.0435566715233027
1776177517458131200,19.365131103515623,-0.0459141944348812,-0.0083516487598419,-0.0176308972259983
1776177517468063200,19.37506323242188,-0.0309612477138638,0.0010866261929273,0.0315111366815865
1776177517477995500,19.38499560546875,-0.0679451167181134,0.0279494986772537,0.0202974495541304
1776177517487926500,19.39492651367188,-0.0750911890804767,0.0189303259193897,-0.0242546992799267
1776177517497858300,19.4048583984375,-0.0318158187165856,0.0146381816834211,-0.0252347963584586
1776177517507789300,19.414789306640625,-0.0050786184385418,0.0230213946253061,-0.0282297403907403
1776177517517721300,19.424721435546875,-0.0334708924472332,0.0537321747094392,-0.0023457959411665
1776177517527652600,19.434652587890625,-0.0461763525024056,0.0509112720698118,0.0122638903001323
1776177517537584400,19.44458447265625,0.0029673253729939,0.0498901123285293,-0.0106617158005014
1776177517547516400,19.45451635742188,0.01582446885854,0.0332844299644231,-0.013340579620935
1776177517557447400,19.464447509765623,-0.0149544080257415,0.0155710786193609,-0.0147835815034806
1776177517567379500,19.47437939453125,-0.0692369100943207,0.0056429743230342,-0.0121593339471146
1776177517577310200,19.48431030273437,-0.0179050745248794,-0.0242559048563241,-0.0272811709616333
1776177517587242200,19.4942421875,-0.0282931975483894,-0.0309364055335521,-0.0076146031895652
1776177517597173500,19.50417358398437,0.0131935358330607,-0.0356043973445892,0.0346786608017981
1776177517607105500,19.51410546875,0.0184413733586668,-0.0229629424363374,0.0272838013101369
1776177517617037300,19.524037353515624,-0.0525230911806225,0.0181868140757083,-0.0179132943639531
1776177517626968300,19.53396826171875,-0.1253498424604535,0.0280997208029031,-0.0582453778175637
1776177517636900000,19.543900146484376,-0.1041930726632475,0.0617132365912199,-0.070362333927676
1776177517646831000,19.5538310546875,-0.0385597400188446,0.0300151990354061,-0.0296022708529606
1776177517656763100,19.56376318359375,0.0429261185348033,0.0057680620074272,0.0084864541206508
1776177517666694100,19.57369409179688,0.0782698191165924,0.0459469276607036,-0.0085605057375505
1776177517676626200,19.583626220703124,0.0850935276567936,0.0468248795390129,-0.0125146501908078
1776177517686558200,19.59355810546875,0.0515595068454742,0.0092892218708992,0.0452198554951697
1776177517696489200,19.6034892578125,0.0377411171123385,0.0265817174553871,0.0391012630170211
1776177517706421200,19.61342114257813,0.0332262700363993,0.0335989027410745,-0.0134069593880325
1776177517716352300,19.62335229492188,0.0102908001288771,0.0099181674242019,-0.0639266748569905
1776177517726284000,19.63328393554687,-0.0135004098251461,0.008785948523879,-0.0821047211043536
1776177517736215000,19.643215087890624,-0.0430497449144721,-0.0021375965505838,-0.0692424630522727
1776177517746147000,19.65314697265625,-0.0669806556001305,-0.0049433016210794,-0.0270278537876904
1776177517756079000,19.6630791015625,-0.040699966917932,0.0009609539866447,-8.6655370146e-05
1776177517766010000,19.673010009765623,-0.0256301158189773,-0.0064203884363174,0.0245322010470554
1776177517775942100,19.68294213867188,-0.0138593062654137,-0.0052454994380474,0.0106115930484607
1776177517785873200,19.692873046875,-0.0079568042233586,0.0019084639698266,-0.0262518644465133
1776177517795805200,19.70280517578125,0.0151724346905946,0.0067173255562782,-0.0345623774783685
1776177517805737200,19.7127373046875,0.0543725184395909,-0.0293003287643194,-0.0467616415770724
1776177517815668200,19.722668212890625,0.0357844300866127,0.0081499887079,-0.0650196942580863
1776177517825600300,19.732600341796875,0.0031426819398999,0.0263993466258048,-0.0680029478525742
1776177517835531300,19.74253125,-0.0224722363099455,0.0288233589023351,-0.0580371784269809
1776177517845463000,19.752463134765627,-0.0171647775515913,0.0495119266659021,-0.0442949957352131
1776177517855394000,19.76239404296875,0.0155570500940084,0.0294791924625635,-0.0626789032856002
1776177517865326000,19.772326171875,-0.0363315425753593,-3.27332258224e-05,-0.0085948463985696
1776177517875258000,19.782258056640625,-0.0534688475981354,0.0307470204412937,0.0006792509684339
1776177517885189000,19.79218920898437,-0.0262166835352778,0.0388426486134529,-0.005764554876089
1776177517895121200,19.80212109375,0.0106523269176483,0.0232458510309457,-0.0049841450881212
1776177517905052200,19.81205224609375,0.0037622751429677,0.0233668470621109,-0.0082269994668662
1776177517914984200,19.821984130859377,0.021395254728198,0.0497509961187839,0.0036451150367036
1776177517924915200,19.831915283203124,0.0316685192003846,0.0474596703112125,-0.0095048739155754
1776177517934847200,19.84184716796875,0.0066731941536068,0.0436982719510793,-0.0079629051705822
1776177517944779300,19.851779296875,0.0128422381773591,0.0382113649725914,-0.0113645303076133
1776177517954710300,19.86171020507813,0.0360147317111492,0.0070411506831645,-0.0015127791831269
1776177517964642000,19.87164208984375,0.0533466825231909,-0.0040285248637199,-0.0006445449812337
1776177517974573000,19.88157299804688,0.0659840457782149,-0.0077618661731481,0.0066141574427485
1776177517984505000,19.891505126953124,0.0269391525909304,-0.0006786299139261,-0.0148699080800637
1776177517994436000,19.90143603515625,0.0090308631956577,-0.0261088392466306,-0.0095293873023241
1776177518004368100,19.9113681640625,0.0014218494966626,-0.0380588047593832,-0.0072554144883528
1776177518014300200,19.92130004882813,-0.0034346506237983,-0.0352326414227485,-0.0342196649879217
1776177518024231200,19.93123120117188,0.0045814825713634,-0.0383271003067493,0.0003316431071609
1776177518034163200,19.9411630859375,-0.0347284912928938,-0.0447878207534551,-0.0064553136192262
1776177518044094200,19.95109423828125,-0.0446235701024532,-0.0187538003087043,-0.011420571343787
1776177518054026200,19.96102612304687,-0.0211553084924817,-0.012875848186016,0.0089531948495656
1776177518063958300,19.970958251953125,0.0006964578315615,-0.0085392802864313,0.037447066069208
1776177518073889300,19.98088916015625,-0.0124485626846551,-0.0007972878575325,0.0183550833147019
1776177518083821000,19.99082104492188,-0.0051931847289204,-0.0080815996468067,0.0024425708465278
1776177518093752000,20.000751953125,-0.019789573097229,0.0005903671085834,0.0147016023084521
1776177518103684000,20.01068408203125,0.0126186585545539,-0.0153945530086755,0.0222591780811548
1776177518113615000,20.02061499023437,0.0144233698889613,-0.0058627545535564,0.0145593442935496
1776177518123547100,20.030547119140625,0.002148410205543,-0.0157569565802812,-0.0267708833519369
1776177518133479200,20.040479248046875,-0.0229220259040594,-0.0119715928226709,0.0025309432497248
1776177518143410200,20.05041015625,-0.019535890597105,0.0138274498224258,-0.0081644556246697
1776177518153342200,20.06034228515625,-0.022406185336411,0.0052080900371074,-0.0122506654923781
1776177518163273200,20.070273193359377,-0.0171682846829295,-0.0024047230541706,-0.0036532983431592
1776177518173205200,20.080205322265623,0.0098407182738184,0.0044978959411382,-0.0184810843145474
1776177518183136300,20.09013623046875,0.0255737094566225,0.0005167173504829,0.0234890486696735
1776177518193068000,20.10006811523437,0.0296308758929371,-0.0071919573307037,-0.0019881416099146
1776177518203000000,20.11,0.0451613302409648,0.0143657944828271,-0.0065099664159119
1776177518212931000,20.11993115234375,0.0408326533868908,0.0004664484679698,0.0090862466447055
1776177518222863000,20.129863037109377,-0.0312929638862609,0.0131067343324422,-0.0016535393606871
1776177518232794000,20.139794189453124,-0.0551020017579197,0.0346434433579444,-0.0192477943707257
1776177518242726100,20.14972607421875,-0.0210933491721749,0.0029132570981979,0.0084150328522548
1776177518252658200,20.159658203125,-0.0299181684017181,-0.013424129718542,0.0187797750001773
1776177518262589200,20.16958911132813,0.0390413860559463,-0.0145978496730327,0.0044855479162186
1776177518272521200,20.179521240234376,0.0195864517405629,-0.0002203647524118,-0.0069746978508308
1776177518282452200,20.1894521484375,-0.0501622072681784,0.033340544065833,0.0166817432750016
1776177518292384300,20.19938427734375,-0.0809141961455345,0.0761520963102579,-0.0505071117157116
1776177518302315300,20.20931518554688,-0.0832256879583001,0.1054582702934742,-0.0460699695184826
1776177518312247000,20.2192470703125,-0.004975742585957,0.0630348405838012,-0.0376696958439424
1776177518322179000,20.22917895507813,0.070815995979309,0.0226496387034654,-0.0054878933591768
1776177518332110000,20.23911010742188,0.0676619158625602,0.0219283386915922,0.030606771720387
1776177518342042000,20.2490419921875,0.0637634471192955,0.0298246448993682,0.0312984072463586
1776177518351973000,20.25897314453125,0.0124766197353601,0.0215840552985668,0.0011537731450051
1776177518361905200,20.2689052734375,-0.0414911172956228,-0.0221118785649538,0.0120491881035268
1776177518371836200,20.278836181640624,-0.0256149182498455,-0.0169850370705127,-0.0149024586427956
1776177518381768200,20.288768310546875,-0.0467523988246917,-0.0318856690824031,-0.0549754162361845
1776177518391700000,20.29869995117188,-0.0568611203849315,-0.0465910707831382,-0.0344687809107825
1776177518401631200,20.30863134765625,-0.0224219674274325,-0.0325818346530199,-0.0089823113461956
1776177518411563300,20.31856323242188,-0.0068058806225657,0.0011368950754404,-0.0135410340964794
1776177518421494300,20.328494384765627,-0.029573300486803,0.0108493107944726,0.0057050432411953
1776177518431426000,20.338426025390625,-0.0039142508342862,0.0079769702285528,0.0074307710552588
1776177518441357000,20.34835717773437,0.0258215467378497,0.0325812501311302,-0.0059288785923272
1776177518451289000,20.3582890625,0.0302338102221488,0.0315302797734737,-0.0135976961871609
1776177518461221000,20.36822119140625,0.0439385104477405,0.0155664024442434,-0.0367530559230595
1776177518471152000,20.378152099609373,0.0238388484880328,0.0155126264303922,-0.0324372020179405
1776177518481084200,20.388084228515623,0.029618016411364,0.0419359384536743,-0.0360795771082863
1776177518491015200,20.39801513671875,0.0101990301921963,0.0485509726792573,-0.0411060269681736
1776177518500947200,20.407947265625,-0.0357516968607902,0.0592442161291837,-0.0498730515958741
1776177518510878200,20.417878173828125,-0.0070078329354524,0.0157709851056337,-0.0467555040972307
1776177518520810200,20.42781030273437,-0.0178892924338579,0.0183656777739524,-0.032338235155493
1776177518530742300,20.4377421875,-0.0129600193381309,0.0442851319283247,-0.0401002109264954
1776177518540673300,20.44767333984375,-0.0032242227435111,0.0436351435869932,-0.0271362825982272
1776177518550605000,20.45760498046875,0.0230611421138048,0.034983635097742,-0.0048116380654275
1776177518560536000,20.4675361328125,0.044726445955038,0.0636743075311183,0.0472526399644091
1776177518570468000,20.47746801757813,0.0571346766293048,0.0774912359595298,0.0047456966897472
1776177518580400000,20.487400146484376,0.0156999656960368,0.0790215142667293,-0.0127860144780948
1776177518590331100,20.4973310546875,0.0290773336634039,0.0638163463503122,-0.0414374143470078
1776177518600263200,20.50726318359375,0.0318713482961058,0.0398497798293829,-0.0632966698577627
1776177518610194200,20.51719409179688,-0.01154430732131,0.0287158068746328,-0.0409887937966734
1776177518620126200,20.527126220703124,-0.0221536718800663,0.0179161804407835,-0.0026553733469918
1776177518630057200,20.53705712890625,-0.0184293906599283,-0.0072404726475477,-0.0087590239843353
1776177518639989500,20.546989501953124,-0.0082964114412665,-0.0320101722449064,0.016945618375577
1776177518649921500,20.55692163085937,-0.0025517303094267,-0.0262006091833114,-0.0242450546687468
1776177518659852500,20.5668525390625,0.0084209146037697,0.0016407529443502,-0.0109323129028081
1776177518669784300,20.576784423828126,0.0022591771036386,-0.0130891986757516,-0.0147922397339716
1776177518679715300,20.58671533203125,-0.0055845221340656,-0.0138432319134473,-0.0244090130588039
1776177518689647400,20.5966474609375,0.0030544191345572,-0.0006458966881036,-0.0370875851070508
1776177518699578400,20.606578369140625,-0.0088984689876437,-0.0088730422854423,-0.0524545925216749
1776177518709510400,20.616510498046875,-0.0219710087895393,-0.0295206935167312,-0.0086126012509688
1776177518719442400,20.6264423828125,-0.0120578098013997,-0.0219113875567913,-0.0276228605387732
1776177518729373400,20.63637353515625,0.0081283613979816,-0.0344020358175039,-0.0212000974822789
1776177518739305500,20.64630541992188,0.0368611194074153,-0.0096148005634546,-0.0166571202903985
1776177518749236200,20.656236328125,0.0530146740898489,-0.0035790275305509,-0.0105825496170669
1776177518759168500,20.66616845703125,0.0057288990408182,0.0185229141622781,-7.50014649704e-05
1776177518769099500,20.676099609375,-0.016171382600069,0.0258802911877632,-0.0190748124239966
1776177518779031300,20.68603125,-0.051906712847948,0.0155441906124353,9.93687212467e-05
1776177518788963300,20.69596337890625,-0.0643944384992122,0.0101478845268487,-0.0012902224736288
1776177518798894300,20.705894287109373,-0.05612725315243,0.0243622878402471,0.0186420470299199
1776177518808826400,20.715826416015624,-0.0469829927101731,0.0104530049532651,0.0093001451237127
1776177518818757400,20.72575732421875,0.0273319513007998,0.04524491687119,0.0270940143590793
1776177518828689400,20.735689453125,-0.040121874769032,0.0051607437640428,-0.0157519881442189
1776177518838621400,20.745621337890626,-0.0188578452050685,0.0002536825001239,0.0061791635589674
1776177518848552400,20.755552490234376,0.0449976641118526,0.0586363133639097,0.0324588293278589
1776177518858484500,20.765484375,0.0735191174581646,0.0360924731224775,-0.0162094130555167
1776177518868415200,20.775415283203124,0.0088578447163105,0.0432511127054691,0.0168864355342462
1776177518878347500,20.78534741210937,-0.0589399724856019,0.0696679949879646,-0.0038083793070167
1776177518888278500,20.795278564453124,-0.0462514635652303,0.0605816022127866,0.0012535071924328
1776177518898210300,20.80521020507813,-0.0193935595169663,0.056541386911273,0.0047412762429565
1776177518908142300,20.815142333984376,0.0093245854452252,0.0527951861202716,-0.0258664087928831
1776177518918073300,20.8250732421875,0.0705237350344657,0.0252817407727241,-0.0279716739764437
1776177518928005400,20.83500537109375,0.0032625089272856,0.041479426857829,0.0024237930808216
1776177518937936400,20.84493627929688,-0.0493348165333271,0.0728080465793609,-0.0261604598360136
1776177518947868400,20.854868408203124,-0.0644914691329002,0.0857370862573385,-0.0330118966333568
1776177518957799400,20.86479931640625,-0.0291048061922192,0.0877507641673088,-0.0181514505013823
1776177518967731500,20.8747314453125,0.0153144735097885,0.062548518371582,-0.007393069393374
1776177518977663200,20.884663330078126,0.057561377608776,0.0377367331981658,0.029023630714789
1776177518987594200,20.89459423828125,0.0568327710732817,0.0473304909735918,0.034367074101977
1776177518997526500,20.904526611328127,0.0593266337156295,0.0685135642558336,0.0185215259227901
1776177519007457500,20.91445751953125,0.0081458970546722,0.0406745402157306,0.0250506719632074
1776177519017389300,20.924389404296875,-0.0060255438998341,0.0082324062943458,0.0111428869135677
1776177519027321300,20.9343212890625,-0.0042386604830622,-0.0041208793222904,-0.0182179398663341
1776177519037252400,20.94425244140625,-0.0174161219641566,-0.0181552498936653,-0.0213496985534206
1776177519047184400,20.95418432617188,-0.0554176435783505,-0.004481529328227,-0.016333222098276
1776177519057115400,20.964115478515627,-0.0462216529488563,0.0141600427776575,-0.0070878028364852
1776177519067047400,20.97404736328125,-0.0267526901081204,-0.0047790509700775,0.0033412367193028
1776177519076978400,20.983978515625,-0.0090577512025833,0.017668927681446,0.010665734388493
1776177519086910500,20.993910400390625,0.0092974051773548,0.0028670798689126,0.0200550191003829
1776177519096842200,21.00384228515625,0.0098737437605857,0.0066407531887292,0.0235154252199456
1776177519106773500,21.0137734375,0.0196107093989849,0.0027454993158578,0.012702902771905
1776177519116705500,21.02370556640625,0.0370376450181007,0.0202273799926042,0.0015268442410975
1776177519126636500,21.033636474609377,0.0259139011964201,-0.0033452187746763,-0.0230288838120177
1776177519136568300,21.043568359375,0.0068912208184599,0.0094084643363952,-0.0316657792540267
1776177519146499300,21.053499267578125,-0.035832360881567,0.0077840780049562,-0.044552806421183
1776177519156431400,21.063431396484376,-0.0123778355360031,0.0047042321681976,-0.0138534610465168
1776177519166363400,21.07336328125,-0.0305935834452509,0.0304974295943975,-0.0057024128926917
1776177519176294400,21.08329443359375,-0.038762276853621,0.0237649064689874,0.0093876772766932
1776177519186226400,21.09322631835937,-0.0491629670977592,0.0236707984447479,-0.0210163749458268
1776177519196157400,21.103157470703124,0.0008496025666594,0.0071194766163825,-0.0004914002461358
1776177519206089500,21.11308935546875,0.0175599143490195,0.0150035078644752,0.0149219305282458
1776177519216020200,21.12302026367188,0.005460603493452,0.0369616571724414,0.022299802352488
1776177519225952500,21.13295239257813,-0.0050537762582302,0.0338724589854478,0.0304126373877748
1776177519235884500,21.142884521484376,-0.0042088498666882,0.0181651867657899,0.0070019146513193
1776177519245815300,21.15281518554687,0.0023117840737104,0.0213531691521406,0.0016666545705869
1776177519255747300,21.162747314453124,-0.0078232409715652,-0.0039805940687656,-0.0207916993444785
1776177519265678300,21.17267822265625,-0.0012090835288167,0.0241413385659456,-0.0420027931448072
1776177519275610400,21.1826103515625,-0.0036111762344837,0.0069476271808147,-0.0161009477123618
1776177519285541400,21.192541259765623,0.0117032972753047,-0.011132219389081,-0.0147760192515328
1776177519295473400,21.20247338867188,-0.0012482464954257,-0.0001075520277023,-0.0148558430220931
1776177519305405400,21.212405517578127,-0.0171641930297017,-0.0125993693321943,-0.0260464050022885
1776177519315336400,21.22233642578125,-0.029985388419032,0.0141711486935615,-0.0234128781609237
1776177519325268500,21.2322685546875,-0.040054654751718,-0.0080564652055501,-0.0120075409188866
1776177519335199200,21.24219921875,-0.0253133049547672,-0.0011199439406394,-0.0010925444770604
1776177519345131500,21.252131591796875,-0.0098550390601158,0.0048316579401493,0.0096907518764957
1776177519355063600,21.2620634765625,-0.0062751347467303,-0.0006020575463771,0.0123640262063592
1776177519364994300,21.271994384765627,0.0162485394895076,-0.0057113633841276,-0.0067849108997732
1776177519374926300,21.28192626953125,0.0128770172297954,0.0046744215518236,-0.0222373315755277
1776177519384857300,21.291857421875,-0.0171755912065505,-0.0017979893326759,-0.0127909829141572
1776177519394789400,21.301789306640625,-0.0238251122236251,0.0314747501939535,-0.0192176914934068
1776177519404720400,21.31172045898437,-0.0337713366985321,0.0301782806426286,-0.0278457460418343
1776177519414652400,21.32165234375,-0.015774199976027,0.0336322204887866,-0.0065168345481157
1776177519424584400,21.33158447265625,-0.0012955927684903,0.0600713146030902,-0.0163907975044101
1776177519434515500,21.341515380859377,0.0043581952095031,0.0464566307485103,-0.0036187750190496
1776177519444447200,21.351447265625,0.0150096453443169,0.0509171172887086,0.0384034169459715
1776177519454378200,21.361378173828125,0.0165606741786003,0.0568903464794158,0.0415554877687245
1776177519464310500,21.371310546875,-0.0188698279038071,0.0568669656038284,-0.0052174423873424
1776177519474241500,21.38124145507813,-0.0250163678348064,0.048443420651555,-0.0129314142981544
1776177519484173300,21.39117333984375,0.0057400049567222,0.0448158778041601,-0.0265736802794039
1776177519494105300,21.40110522460937,0.0265253110930323,0.0348603009790182,-0.0444997245270758
1776177519504036400,21.411036376953124,0.0117629185080528,0.0359159475117921,-0.0187480281550437
1776177519513968400,21.42096850585937,-0.0392436306297779,0.0396241543799638,0.0117146223869174
1776177519523899400,21.4308994140625,-0.0495776853784918,0.0424731140702962,0.0036027737323194
1776177519533831400,21.44083154296875,-0.0184630006685853,0.0214981305807828,0.0287032031213864
1776177519543763500,21.450763427734376,-0.0311497560232877,0.0179039054811,0.0027808263575658
1776177519553694500,21.46069458007813,0.0356067354321479,-0.015544775134325,-0.0300271086689084
1776177519563626200,21.470626220703124,0.0311632000267505,-0.0159971950769424,-0.0103561204500496
1776177519573557500,21.4805576171875,-0.0738704151138663,0.0188695356428623,-0.0055566477464511
1776177519583489500,21.490489501953125,-0.1258031391859054,0.0657838470309972,-0.0256498434327542
1776177519593420500,21.500420654296875,-0.0832204272612929,0.0870008225828409,-0.0425688660623505
1776177519603352300,21.51035229492188,0.0201964003324508,0.0701683457255363,-0.052268860691227
1776177519613284400,21.520284423828127,0.0775929427683353,0.0337865342676639,-0.0006210545077919
1776177519623215400,21.53021533203125,0.0700689770042896,0.0243617033183574,0.0227663969509303
1776177519633147400,21.5401474609375,0.0395218630492687,0.0655383478373289,0.0389457071291282
1776177519643078000,21.550077880859376,0.0097346275508403,0.0366933616250753,0.0424702279934659
1776177519653010000,21.560010009765627,0.0050569911286234,-0.0067909753143787,0.0214391669351607
1776177519662941000,21.56994091796875,0.006950842051208,-0.015378770917654,0.0183599056202918
1776177519672872700,21.57987280273437,-0.0364008084192872,-0.0115612584561109,-0.0252855766976252
1776177519682804700,21.5898046875,-0.0621852380171418,0.0055699090868234,-0.024305406553857
1776177519692736000,21.59973608398437,-0.0945654126182198,0.0186322197556495,-0.0056570759136229
1776177519702668000,21.60966796875,-0.0772270320653915,0.0125952776789665,0.0050229427285492
1776177519712598800,21.619598876953123,-0.0144645786821842,0.0217804546535015,0.0073288450507447
1776177519722530800,21.62953076171875,0.0285331437841057,0.0116623807430267,0.0528166672997176
1776177519732461800,21.6394619140625,0.0310427885174751,0.0048801732569932,0.0356238326974213
1776177519742393900,21.649393798828125,0.0203089207962155,0.0383346990913152,-0.0036907077440991
1776177519752326000,21.65932592773437,0.0026844167783856,0.0241290636062622,-0.0391344711668789
1776177519762257000,21.6692568359375,-0.0064200961753726,0.0079664488345384,-0.0256634335666894
1776177519772189000,21.67918896484375,0.0022962942436337,-0.0090384619802236,-0.0268606439946219
1776177519782120000,21.68911987304688,-0.0286029941499233,-0.0110007019639015,-0.0246015034236013
1776177519792051700,21.6990517578125,-0.053372693747282,0.0062578913509845,-0.0370912018362432
1776177519801983000,21.70898291015625,-0.0373556249260902,0.0159352357566356,-0.0201233716288581
1776177519811915000,21.7189150390625,-0.0048456864655017,0.0370031582266092,-0.0190546829514205
1776177519821847000,21.72884692382813,-0.0329188115224242,0.0337748438298702,0.0195936851989477
1776177519831777800,21.73877783203125,0.0007321136668324,0.0486211153060197,0.0114183428540825
1776177519841709800,21.74870971679688,0.0315513225615024,0.0666150371581316,-0.0089065792288631
1776177519851640800,21.758640869140624,0.0360214537128806,0.0386328052550554,-0.0055867871563881
1776177519861572900,21.76857275390625,0.0593535217225551,0.0329658655345439,-0.0061504854537546
1776177519871505000,21.7785048828125,0.0397024803131818,0.0337011940717697,0.013905483494699
1776177519881436000,21.788435791015623,0.0488134230077266,0.0200227973312139,0.0453425320267677
1776177519891368000,21.79836791992188,0.0259270529389381,0.0097457334667444,0.0184967568077147
1776177519901299000,21.808298828125,-0.00593055909276,-0.0019224924951791,0.0126932946933433
1776177519911230700,21.818230712890625,-0.051513329616189,0.0183072255849838,-0.012702208652161
1776177519921162000,21.82816186523437,-0.0625628391578793,0.015664017599821,-0.0171021606441587
1776177519931094000,21.838093994140625,-0.0505380548432469,0.0030161329507827,-0.0194905536180362
1776177519941026000,21.848026123046875,-0.0293546893000602,-0.0044172319203615,-0.039257549557276
1776177519950956800,21.857956787109377,-0.0181774617254734,0.0161082542359828,-0.0224311005819588
1776177519960888800,21.867888916015627,0.0217556124731898,0.0061462476700544,0.012516805615276
1776177519970819800,21.87781982421875,0.0655742959335446,0.0006499883413314,0.010172580576688
1776177519980752000,21.887751953125,0.0548401359513401,0.0413268666446208,0.0083138740327209
1776177519990683000,21.897682861328125,0.0265571675360202,0.0149608377665281,-0.0062319897247478
1776177520000615000,21.90761499023437,-0.0179074126124382,0.0107709848612546,0.0031346812965348
1776177520010547000,21.917546875,-0.0028945523977279,0.0183411278545856,0.0076733476394787
1776177520020478000,21.92747802734375,-0.0029617724150419,0.0130552964061498,-0.0207892881916835
1776177520030409700,21.93740966796875,-0.0281280701145529,0.0035293431699275,-0.0201269152928143
1776177520040341000,21.947341064453123,-0.035250469340384,0.0077823244392871,-0.0050413917006924
1776177520050273000,21.95727294921875,-0.0164469846710562,0.0062064534246921,-0.0074169251929968
1776177520060205000,21.967205078125,0.0051873395100235,0.0066577043235301,0.0154892455548048
1776177520070135800,21.9771357421875,0.0122080319270491,0.0218383223205804,0.0286309050701558
1776177520080067800,21.98706787109375,-0.0127300099745392,0.0330845234781503,0.0378121730545535
1776177520089998800,21.99699877929688,-0.0334895971477031,0.0438116691976785,0.0065925301328301
1776177520099931000,22.006930908203124,-0.0245662859797477,0.0611526800990104,0.0170050569452345
1776177520109862000,22.01686181640625,0.0042865912780165,0.0435246689498424,0.0201229332374408
1776177520119794000,22.0267939453125,0.0385983184635639,0.0403647436141967,0.0183147513043135
1776177520129726000,22.03672583007813,0.0342035906359553,0.0270008196502923,-0.0062354603234678
1776177520139656700,22.04665673828125,0.04964636670053,0.013245266020298,-0.0023397680591791
1776177520149588700,22.05658862304688,0.0702545627042651,-0.0089893621414899,-0.014105463046208
1776177520159520000,22.06652001953125,0.0186614458501338,-0.0218184485763311,-0.0038720556603744
1776177520169452000,22.0764521484375,-0.0458951974734664,-0.0098088618308305,-0.0117781526098027
1776177520179382800,22.0863828125,-0.0541182514175772,0.0170341369092464,-0.0023010800166055
1776177520189314800,22.096314697265623,-0.0213183900997042,-0.0213870714217424,0.0016965017195791
1776177520199246800,22.10624682617188,0.0026598668590188,-0.0349175841242074,0.0277095159089192
1776177520209177900,22.116177734375,0.0938122561633586,-0.0368196183532476,0.0269128125732764
1776177520219110000,22.12610986328125,0.027432196804881,-0.0507826772540807,0.0314795359669253
1776177520229041000,22.136041015625,-0.0383946125850081,-0.0395247856587171,0.0297028451506048
1776177520238973000,22.145972900390625,-0.1021492918759584,0.0306476517200469,-0.0269111320728436
1776177520248905000,22.155905029296875,-0.086868136113882,0.0430868620544672,-0.0534642444882541
1776177520258835700,22.165835693359377,-0.0460942271769046,0.010117489388585,0.0068889923287555
1776177520268767700,22.175767822265627,0.0151084295436739,0.0226928933233022,0.0256306272756308
1776177520278699000,22.185698974609377,0.0253869547128677,0.0168827457398176,0.04871964377705
1776177520288631000,22.195631103515623,0.0238566764056682,0.0206225167900323,0.064289699483104
1776177520298561800,22.205561767578125,0.00685381141752,0.0172071553885936,0.0420912020806223
1776177520308493800,22.21549389648437,0.0088780107215046,-0.0006681085199117,0.0300960091866552
1776177520318425900,22.22542578125,0.0012193126618862,-0.0275759891897439,0.002252747362852
1776177520328356900,22.23535693359375,-0.0090285251080989,-0.0104740477412939,-0.0183625725014135
1776177520338289000,22.245288818359377,-0.037564883762598,-0.0202425775617361,-0.0194697300257161
1776177520348220000,22.255219970703124,-0.0831029383614659,-0.0181996735572814,-0.0234319847201928
1776177520358152000,22.26515185546875,-0.0909001681089401,-0.0212988086163997,-0.0021513693476095
1776177520368083000,22.2750830078125,-0.0866167917013168,-0.0191711489379405,-0.0190489838629961
1776177520378014700,22.2850146484375,-0.0508297312662005,-0.0187292503893375,-0.0007317118080332
1776177520387946800,22.29494677734375,-0.0330056130230426,-0.0420487511783838,0.0087795918483287
1776177520397878000,22.3048779296875,-0.0181970432087779,-0.037408231896162,0.0196101614097133
1776177520407810000,22.31481005859375,-0.0337011940717697,-0.0302010769963264,0.0266166061056777
1776177520417740800,22.32474072265625,-0.0190311559453606,0.000870937615633,-0.0091123309340327
1776177520427672800,22.3346728515625,-0.0065478142082691,0.0248334124833345,-0.0198025421766564
1776177520437603800,22.344603759765626,-0.0052057519495487,0.018987609064579,-0.0698002430655062
1776177520447535900,22.35453588867188,-0.0003416530445218,0.0400678064942359,-0.069101849005185
1776177520457468000,22.36446801757813,-0.0235424958899617,0.0659860916048288,-0.0514464749250561
1776177520467399000,22.37439892578125,-0.06061258187294,0.0593874239921569,-0.0653479032991454
1776177520477331000,22.3843310546875,-0.1185550677537918,0.0600619622528552,-0.0082405530681833
1776177520487262000,22.394261962890624,-0.0562590628385543,0.0370206938832998,0.0191634770881384
1776177520497193700,22.40419384765625,0.0067126493811607,-0.0148339965164661,-0.0009374269805848
1776177520507125800,22.41412573242188,0.015746142925322,-0.0285305134356021,-0.0086701401244848
1776177520517057000,22.42405712890625,0.0131020581573247,-0.0344675022691488,-0.0383440149089321
1776177520526989000,22.43398901367188,0.0097395959869027,-0.0321370134949684,-0.0180870069630444
1776177520536919800,22.443919921875,-0.0028334698602557,0.0128168114751577,0.0003891454480588
1776177520546851800,22.453851806640625,-0.0376139836013317,0.0155921214073896,0.0186187392195686
1776177520556782800,22.46378295898437,-0.0564572157591581,0.0306365458041429,0.0112034214617684
1776177520566715000,22.47371484375,-0.0204044901251792,0.0220914202988147,0.0043686800708994
1776177520576647000,22.48364697265625,0.0062879942283034,0.0081792148023843,-0.0190611492248252
1776177520586578000,22.493577880859377,0.0535839984104037,0.0141045131981372,-0.0384307798769325
1776177520596510000,22.503510009765623,0.0562497104883193,0.01952653824687,-0.0558005784813314
1776177520606440700,22.513440673828125,0.0322784677922725,0.0271878666549921,-0.0359925564119592
1776177520616372700,22.52337280273437,-0.0030675708770751,0.0549549945026636,0.002689056420885
1776177520626304000,22.533303955078125,-0.0190218035951256,0.0765939948588609,0.0080491586819291
1776177520636236000,22.54323608398437,0.0025593290939927,0.0186246209710836,0.0014779635980725
1776177520646168800,22.5531689453125,-0.0068853755995631,-0.0455523753851652,-0.0147928607884794
1776177520656099800,22.563099853515624,-0.0147805127635598,-0.0377022464066743,-0.0167831578228622
1776177520666031900,22.57303198242188,0.0003957213193178,-0.0467816249191761,0.0148177760340273
1776177520675962600,22.582962646484376,-0.0105529581964015,-0.0392822090744972,0.0318664894578978
1776177520685894700,22.592894775390626,-0.0367059288457035,-0.0117237555414438,0.0237547869337722
1776177520695826700,22.60282666015625,-0.0364110375523567,0.0054600189715623,0.0191778344070538
1776177520705757700,22.6127578125,-0.0052981064081192,0.0086994392842054,-0.022617964923568
1776177520715689700,22.622689697265624,0.0093009123086929,-0.0124696054726839,-0.0594149695862084
1776177520725620700,22.63262084960937,-0.0127215344071388,0.0071358432292938,-0.0540765677003189
1776177520735552800,22.642552734375,-0.0079682024002075,0.0123135381281375,-0.0382204250618815
1776177520745483500,22.6524833984375,-0.010996025788784,0.0252834943383932,-0.0093922438539564
1776177520755415600,22.66241552734375,0.0003527589604258,0.0402758962869644,0.0116729386696591
1776177520765347800,22.672347900390623,0.0001087210714817,0.0615875643849372,0.0056830140724778
1776177520775278800,22.68227880859375,0.0196723764583468,0.0386158541202545,-0.0123274570556357
1776177520785210600,22.69221069335937,0.0137616911098361,0.0078442837595939,-0.0303216711686924
1776177520795141600,22.7021416015625,-0.0277463773205876,-0.0098334117501974,-0.0199829402448609
1776177520805073700,22.71207373046875,-0.0537833203747868,-0.0071621467143297,-0.0202015514316037
1776177520815005000,22.7220048828125,-0.0603092150121927,-0.0186859957695007,-0.0103184187881648
1776177520824936700,22.731936767578127,-0.0385752298489213,-0.0295750540524721,-0.0018060995738953
1776177520834868700,22.74186865234375,-0.0423848512649536,-0.0131412211239337,-0.0163745770219713
1776177520844799700,22.7517998046875,-0.0446869907274842,-0.0041138650596141,-0.0163672704983502
1776177520854731800,22.761731689453125,-0.0157987498953938,0.0019534721553325,-0.0070339902900159
1776177520864662500,22.77166259765625,-0.0257730314210057,-0.0088262805342674,-0.0377940163433551
1776177520874594800,22.7815947265625,0.0162903328046202,-0.0165250183433294,-0.0487410153586417
1776177520884526800,22.79152685546875,0.0198433491110801,-0.0205827693015336,-0.0002611351542174
1776177520894457900,22.80145776367188,-0.0335416195958852,0.0060416182518005,0.0279577915815636
1776177520904389600,22.8113896484375,-0.0714279903978109,0.0347246919006109,-0.029489786921814
1776177520914320600,22.821320556640625,-0.0777984022125601,0.0393213720411062,-0.0499254393702372
1776177520924252700,22.831252685546875,-0.030315643286705,0.0299748670250177,-0.0334272359685972
1776177520934184000,22.841183837890625,0.0225508545041084,0.0105938747286796,-0.009212247644551
1776177520944115700,22.85111572265625,0.0254021522819995,-0.0108043026089668,0.0162389314109459
1776177520954047700,22.8610478515625,0.0104848613962531,0.0206686940193176,0.0601071531014516
1776177520963978800,22.870978759765624,-0.0227522222951054,0.0110813659846782,0.0537093418231233
1776177520973910800,22.88091088867188,-0.0031204701080918,-0.0023597148686647,0.0214512226991355
1776177520983841500,22.890841552734376,0.0001391162097454,-0.0229442377358674,0.0080735624708235
1776177520993773800,22.90077392578125,-0.0124421329438686,-0.0182633864432573,-0.0328982436584308
1776177521003704800,22.910704833984376,-0.0199333654820919,0.0072439797788858,-0.0110468061279505
1776177521013636900,22.920636962890622,-0.0706546679377555,0.0138847329676151,-0.014357099719718
1776177521023568600,22.930568603515624,-0.0692953622832894,0.0425602078318595,-0.0139628762377426
1776177521033499600,22.94049975585937,-0.0486570634022355,0.0389426018565893,0.0125702163029462
1776177521043431700,22.950431640625,-0.0001931844845414,-0.0124187520682811,0.0241530290037393
1776177521053362700,22.96036279296875,0.0186447869762778,0.0047381344377994,0.0094129578484222
1776177521063294700,22.970294677734376,-0.0122056938394904,0.0033604163438081,0.0029572423703968
1776177521073225700,22.98022583007813,0.0199886028006672,-0.013843816435337,0.0034640593813732
1776177521083157800,22.99015771484375,0.0230883223816752,-0.0493365700989961,0.0003222176916897
1776177521093089800,23.00008984375,-0.0129275783732533,-0.0102454996824264,-0.013157953063026
1776177521103020500,23.0100205078125,-0.0211038705661892,-0.020270634612441,-0.0172814262012019
1776177521112952800,23.01995288085937,-0.0253778946235775,-0.0081079031318426,-0.0409177013218402
1776177521122883800,23.0298837890625,-0.0297173851326107,0.0072936641395092,-0.0497048188894987
1776177521132816000,23.03981591796875,-0.0484922282293438,-0.0309463424056768,-0.0237314060581848
1776177521142747600,23.04974755859375,-0.0844309720948338,-0.0004115034103393,0.0123766299596056
1776177521152678700,23.0596787109375,-0.0549529486760497,0.0238426478803157,-0.0278034047374501
1776177521162610700,23.069610595703125,-0.0185246677279472,0.0045639469146728,-0.0198137942230328
1776177521172541700,23.079541748046875,0.0090606738120317,-0.0389051924556493,0.021848222660087
1776177521182473700,23.0894736328125,0.0322749606609344,-0.0043833296507596,0.0270433801503852
1776177521192404700,23.09940478515625,0.0270189398288726,0.0276204128533601,0.0393686452489346
1776177521202336800,23.10933666992188,0.0068514733299613,0.0384632939070463,0.0054804772377014
1776177521212268800,23.119268798828124,0.0133548638746142,0.0156868139535188,-0.0266840818513184
1776177521222199600,23.129199462890625,-0.0019128478839993,-0.0024234277546405,-0.0049440688060596
1776177521232131800,23.1391318359375,-0.0005821838021278,-0.0055114568978548,-0.0070137877522036
1776177521242062800,23.149062744140625,-0.00856032307446,-0.0123521165728569,-0.0124915615761652
1776177521251994600,23.15899462890625,-0.0180631876960396,0.0146136317640542,-0.0123772510141134
1776177521261925600,23.168925537109377,-0.0159413732364773,-0.0055851066559553,-0.0013671966999769
1776177521271857700,23.178857666015624,-0.047160395103693,0.0081394673138856,0.0072747767759487
1776177521281789700,23.18878979492188,-0.0818017926350235,0.0300590381771326,0.0027322379754856
1776177521291720700,23.198720703125,-0.0697062811717391,0.0384621248632669,-0.0126012324957177
1776177521301652700,23.20865283203125,-0.0390659359753131,0.0170335523873567,-0.0373402446938678
1776177521311583700,23.218583740234376,-0.0095008187949657,-0.0151636668622493,-0.0154949081106111
1776177521321515800,23.228515869140622,0.0308636325582861,-0.0303168123304843,-0.0124058195214718
1776177521331447800,23.23844775390625,0.0209177003443241,-0.0174614224106073,-0.0199713228723034
1776177521341378800,23.24837890625,-0.002551145787537,-0.022725042027235,-0.012490100271441
1776177521351310800,23.258310791015624,-0.0185313897296786,-0.0279968449503183,0.0036856297101825
1776177521361241900,23.26824194335937,-0.0239323719903826,-0.0266617969542741,-0.0015645093703642
1776177521371173600,23.278173583984376,-0.0325225056812167,-0.0236859960138797,-0.0031031536471098
1776177521381104600,23.28810473632813,-0.0497939584776759,-0.0048515316843986,0.0087617273980751
1776177521391036700,23.29803662109375,-0.0670940528467297,0.0067822074860334,0.0061672173928469
1776177521400968700,23.30796875,-0.0725073100671172,0.0153325936883687,-0.0019667700283229
1776177521410899700,23.317899658203125,-0.0636523879602551,0.0133019646435976,-0.0083565806632861
1776177521420831700,23.32783178710937,-0.0360278834536671,0.0110042090952396,0.0020658099560067
1776177521430762800,23.3377626953125,-0.0054234863534569,0.0151420395523309,-0.0377126947354525
1776177521440694800,23.34769482421875,-0.0066474751904606,0.0177881701469421,-0.0263591607458889
1776177521450625500,23.35762548828125,0.0075906012594699,0.0096212303042411,-0.0025465426776558
1776177521460557800,23.367557861328127,0.0160287592589855,-0.0029933365970849,-0.0086576094364747
1776177521470489900,23.37748974609375,0.0271928350910544,0.0110158995330333,-0.0188613888690248
1776177521480420900,23.3874208984375,-0.0193935595169663,0.0254758020401,-0.0239621826067566
1776177521490352600,23.3973525390625,-0.0409603714197874,0.0209931036680936,-0.0086113956745713
1776177521500283600,23.40728369140625,-0.0119607791677117,0.0178846162587404,0.0027361104330047
1776177521510215700,23.41721557617188,-0.0281140415892004,0.0235766904205083,0.0144228218996897
1776177521520147700,23.427147705078124,-0.0789352972880005,0.02232406001091,-0.0294131414890289
1776177521530078700,23.43707861328125,-0.0429053680077195,0.0121948801845312,-0.031675606528297
1776177521540010800,23.4470107421875,0.0007233458384871,0.0063794719040393,-0.0042805633960291
1776177521549941800,23.456941650390625,0.0167731478855013,-0.0254798936933279,-0.0356028995072469
1776177521559873800,23.46687377929688,0.0550219222590327,-0.0301958162993192,-0.0278997777840122
1776177521569804500,23.476804443359377,-0.0079860303178429,0.0177840784937143,0.0147498984295874
1776177521579736800,23.48673681640625,-0.0689399729743599,0.0597743774831295,0.0037976387172937
1776177521589668900,23.4966689453125,-0.0914578019917011,0.071381228646636,-0.0116238388309255
1776177521599599900,23.506599853515624,-0.1047942534267902,0.0659188715875148,-0.0484341778991743
1776177521609531600,23.51653173828125,-0.0761734313592314,0.0371808528810739,-0.0551771493533626
1776177521619462700,23.526462646484376,-0.0380769249379634,0.0388023166030645,0.0011994389176368
1776177521629394700,23.536394775390622,0.014576806885004,0.0487304208993911,0.0625345629114657
1776177521639325400,23.546325439453124,0.0102533907279372,0.0638777211487293,0.066023939397186
1776177521649257500,23.55625756835937,0.0172536248788237,0.0527004935741424,0.0327373905409127
1776177521659189500,23.566189453125,0.0084358199119567,0.0088081603556871,0.0221917388681322
1776177521669120300,23.57612036132813,0.0014279869765043,-0.010440145471692,-0.0192258382672444
1776177521679052300,23.58605224609375,-0.0210746444717049,-0.012650222736597,-0.0343231253623962
1776177521688983600,23.59598364257813,-0.0279985985159873,-0.0124631757318973,-0.0024119565125554
1776177521698915300,23.605915283203124,-0.0221463653564453,-0.0278244109928607,0.0019974939601495
1776177521708847400,23.61584741210937,-0.0024622984603047,-0.0341863472402095,-0.0092009590655565
1776177521718778400,23.6257783203125,-0.0005427285745739,-0.0506084897309541,0.0085516283113509
1776177521728710400,23.63571044921875,-0.0160559395268559,-0.0436164388865232,0.0047215851617977
1776177521738641200,23.64564111328125,-0.0261725521326065,-0.0387941332966089,2.73263983428e-05
1776177521748573200,23.6555732421875,-0.0289919934675097,-0.0427823261499404,-0.0466312566630542
1776177521758504400,23.66550439453125,-0.0167825002357363,-0.051826633349061,-0.0401426618287339
1776177521768436500,23.6754365234375,-0.0165533676549792,-0.0374339508593082,-0.0316881372163072
1776177521778368300,23.6853681640625,-0.0078130118384957,-0.0027764789760112,-0.0478167401205748
1776177521788299300,23.69529931640625,-0.0181061500549316,0.006437924093008,-0.0444803987720981
1776177521798231300,23.70523120117188,-0.0235647077217698,0.0163666129112243,-0.0210323031673207
1776177521808162600,23.71516259765625,0.0041208793222904,0.0188397250264883,0.005007964355126
1776177521818094300,23.72509423828125,-0.0007005494847893,0.0290934080153703,0.0005113470556214
1776177521828025300,23.735025390625,-0.0005403904870152,0.0396603947371244,-0.0067146952077746
1776177521837957400,23.744957275390625,0.0040130350336432,0.0273527018278837,0.0155911715593189
1776177521847889400,23.754889404296875,-0.0133648007467389,0.0044762686312198,0.0131534960836172
1776177521857820200,23.764820068359377,-0.0156616795122623,0.0147422265797853,-0.0039177944982424
1776177521867752200,23.774752197265624,-0.0234074713334441,0.0285953953653573,0.0172454781049862
1776177521877683500,23.784683349609377,-0.047018648545444,0.0376981547534465,0.0079214406490325
1776177521887615500,23.794615478515624,-0.0527194905355572,0.0356523281395435,0.0097955639578402
1776177521897547300,23.80454736328125,-0.0376364876940846,0.0277034149616956,0.0150566993564367
1776177521907478300,23.814478271484376,-0.0191103586614131,0.0333621713757514,0.0105450306182727
1776177521917410300,23.824410400390622,-0.0074371642634272,0.0192664260059595,0.0088470675939694
1776177521927341600,23.834341552734376,-0.0007294833183288,0.0247714531630277,0.0189129729257896
1776177521937273300,23.8442734375,0.0289122062295675,0.0575251372516155,0.000927088249661
1776177521947204400,23.854204345703124,0.0072951254442334,0.0461637852817773,-0.0153834105601534
1776177521957136400,23.86413647460937,-0.0370212784051895,0.0462356814742088,0.0033460224922746
1776177521967068400,23.874068359375,-0.0269531811162829,0.0150128602147102,-0.0132835887366905
1776177521976999200,23.88399926757813,-0.0437035326480865,0.0031388825476169,-0.0129840943334624
1776177521986931200,23.89393115234375,-0.0436211150616407,0.0098585461914539,-0.0063468482760712
1776177521996862500,23.90386254882813,-0.0321332141026854,-0.0028922143101692,0.0025635668776929
1776177522006794500,23.91379443359375,-0.0464130838677287,-0.0024549919366836,-0.0025448256446048
1776177522016725200,23.92372534179687,-0.0153632810875773,0.01934007576406,0.0077014777554199
1776177522026657300,23.9336572265625,-0.002597907538712,0.0060901335686445,-0.0151372537793591
1776177522036589300,23.94358935546875,-0.0245525497153401,0.0171720840752124,-0.0035329233665019
1776177522046520300,23.95352026367188,0.0099471012577414,0.0395692093223333,-0.0196860031249001
1776177522056452400,23.963452392578127,0.0351423327907919,0.0479985994935035,-0.0136722227280959
1776177522066383400,23.97338330078125,-0.0055637716069817,0.0600111088484525,-0.0041578868644312
1776177522076315400,23.9833154296875,-0.0214358789995312,0.0572433977007865,-0.0177409700043499
1776177522086247400,23.993247314453125,-0.0018801146581768,0.0257744927257299,-0.023361367169395
1776177522096178200,24.00317822265625,0.0089963764041662,0.0222778827816247,0.0034507249757647
1776177522106110200,24.01311010742188,0.03238572755903,0.0192032976418733,-0.0134188690215349
1776177522116041500,24.02304150390625,0.0214168820381164,0.0069002809077501,-0.003180164406076
1776177522125973500,24.03297338867188,0.0147200147479772,0.0091676413178443,-0.0189105617729946
1776177522135904300,24.042904296875,0.0231423906564712,0.0187204825609922,-0.0256926596611738
1776177522145836300,24.052836181640625,-0.0078992288172245,0.0173527013391256,-0.0271211946269497
1776177522155768300,24.062768310546875,0.0046036944031715,0.0422632707118988,-0.0068252794427797
1776177522165699300,24.07269921875,0.0516588755667209,0.0612935498744249,0.0140545731091871
1776177522175631400,24.08263134765625,0.0044657472372055,0.0678027856379747,-0.0129825599635019
1776177522185562400,24.092562255859377,-0.0279869080781936,0.0472784685254097,-0.0042151700096204
1776177522195494400,24.102494384765624,0.0211550162315368,0.0262128841429948,-0.0396461835486814
1776177522205425200,24.11242504882813,0.0265951614588499,-0.0005073650002479,-0.024196247090958
1776177522215357200,24.122357177734376,0.0346028190866112,-0.0145300451338291,-0.0016575579486787
1776177522225289500,24.13228955078125,0.0301908478632569,0.0146767601281404,-0.0093777404045686
1776177522235220500,24.142220458984376,-0.0191840084195137,0.0166121121048927,-0.0019824790541082
1776177522245152300,24.15215234375,-0.0837502963542938,0.0612917963087558,-0.0212539830939844
1776177522255083300,24.162083251953124,-0.093832129907608,0.0791343269914388,-0.0701587741795927
1776177522265015300,24.17201538085937,-0.0263791806206107,0.0738338824957609,-0.0524300791349262
1776177522274947300,24.181947265625,0.0019885434687137,0.0456242715775966,-0.0145274147853255
1776177522284878300,24.19187841796875,0.0087961776569485,0.0359668009161949,0.0042227687941864
1776177522294810400,24.201810302734376,0.0044578561916947,0.0438525857299566,0.0394584424242377
1776177522304741400,24.211741455078126,0.017253040356934,0.0509475124269723,0.0474568938322365
1776177522314673400,24.22167333984375,0.0381298241689801,0.0159714761137962,0.0311719313224777
1776177522324604200,24.231604248046875,0.0604778495773673,0.0154009827494621,0.0030824761852622
1776177522334536200,24.2415361328125,0.0593301408469676,0.0392342782795429,0.016836458912678
1776177522344468500,24.25146850585937,0.0204427763089537,0.0495803157269954,0.0350644087163731
1776177522354399500,24.2613994140625,0.0105623105466365,0.066931263500452,0.0091205873057246
1776177522364331300,24.271331298828127,0.0222676536485552,0.0620633652031421,0.0096586762377992
1776177522374262300,24.28126220703125,0.0256596341744065,0.0341559521019458,0.0035279183978214
1776177522384194300,24.2911943359375,0.0236062087759375,0.0203454534143209,-0.0143351070836186
1776177522394126300,24.301126220703125,0.0448877739965915,0.0041541970700025,-0.0377004928410053
1776177522404057300,24.311057373046875,0.0650865124166011,-0.0148772511363029,-0.0377673109995201
1776177522413989400,24.3209892578125,0.0787257461905479,-0.0222825589567422,-0.0457649952225387
1776177522423920400,24.33092041015625,0.0599134936928749,-0.0343354003220796,-0.0605669526329264
1776177522433852400,24.34085229492188,0.0484074725553393,-0.0094955580979585,-0.0324488924557343
1776177522443783200,24.350783203125,0.0427072150871157,0.0264770880371332,-0.0096148736286908
1776177522453715200,24.360715087890625,0.0174383337959647,0.0228109667450189,-0.0289191108943894
1776177522463647500,24.3706474609375,0.0350058469295501,0.0366232189983129,-0.0240143146527931
1776177522473578500,24.38057861328125,0.0504971383109688,0.0470896679550409,-0.0244605605829507
1776177522483510300,24.39051025390625,0.0009627075523138,0.0496627333134412,-0.0324054551728069
1776177522493441300,24.400441162109377,0.020151392146945,0.0795072519570589,-0.0296865516029298
1776177522503373300,24.410373291015624,0.0264721196010708,0.082289576151967,-0.0157278400836512
1776177522513304300,24.42030419921875,0.0274371652409434,0.0605658201217651,0.0032652488736435
1776177522523236400,24.430236328125,0.0416945309132337,0.0687175623953342,-0.0082340137295424
1776177522533168400,24.44016845703125,0.0600596241652965,0.0564279896646738,0.0233889492960646
1776177522543099400,24.450099365234376,0.0695592739164829,0.0581809708118438,0.00460526530575
1776177522553031400,24.460031494140622,0.0430506216973066,0.0093377371877431,-0.0087472604813054
1776177522562962200,24.469962158203124,0.014459317985177,-0.0045732992649078,-0.0077536463340744
1776177522572894200,24.47989428710937,0.0013897007927298,0.001821954730153,-0.0323620544224977
1776177522582825500,24.489825439453124,0.0050663434788584,-0.0040185879915952,0.0035590807210654
1776177522592757500,24.49975756835937,0.0035772739648818,-0.0047533320069313,0.0098891970580443
1776177522602689300,24.509689208984376,-0.0053831543430686,0.0223006791353225,-0.0108106958171352
1776177522612620300,24.519620361328126,0.0108127781763672,0.0196726687192916,-0.0122862482624128
1776177522622552300,24.52955224609375,0.0533060582518577,0.0017564882785081,-0.0093993311818689
1776177522632483300,24.5394833984375,0.0579343025743961,0.0194376909196376,-0.0153020889522507
1776177522642415400,24.549415283203125,0.0415609676614403,0.0186328042775392,-0.0136644047478213
1776177522652347400,24.55934741210937,0.016117314325273,-0.001743628796935,-0.005031893219985
1776177522662278400,24.5692783203125,-0.0326645445004105,0.009334230056405,-0.0024442513469606
1776177522672210400,24.57921044921875,-0.0345724239483475,0.0249894798278808,0.025400910172984
1776177522682141200,24.58914111328125,-0.0345858679518103,0.039120296511054,0.0031745749155059
1776177522692073500,24.599073486328123,-0.0198839733824133,0.0306552505046129,-0.0011480375239625
1776177522702004500,24.60900439453125,-0.0173263978540897,0.0178431152045726,0.0047192470742389
1776177522711936300,24.618936279296875,-0.018987609064579,0.0224029704660177,-0.0280806873088702
1776177522721868300,24.628868408203125,-0.0040577509582042,0.046761166653037,-0.0255668778570368
1776177522731799300,24.63879931640625,0.0166515673324465,0.0407704018056392,0.0011778116077184
1776177522741731300,24.6487314453125,0.0031315760239958,0.0389887790858745,0.0042917423771694
1776177522751662300,24.658662353515624,-0.0103492523178458,0.0488771358937025,0.0148986227178946
1776177522761594400,24.66859448242188,-0.0043809915632009,0.0544540592432022,0.0015983751073479
1776177522771525400,24.678525390625,0.0041536125481128,0.0484130255132913,0.0026524142049252
1776177522781457400,24.68845751953125,-0.0119981885686516,0.0521557191729545,-0.0068968833742663
1776177522791389400,24.69838940429688,-0.0255555892780423,0.0597813917458057,-0.0190843474373221
1776177522801320200,24.7083203125,-0.0151534377291798,0.042915597140789,-0.0109084205705672
1776177522811252500,24.71825244140625,-0.028344343213737,0.0621481208771467,-0.0369006477002054
1776177522821183500,24.72818359375,-0.0741734897136688,0.0624824673980474,-0.0492723092237487
1776177522831115300,24.738115234375,0.0219970200136303,-0.0348503641068935,0.0292452375762164
1776177522841047300,24.74804736328125,0.0685062577322125,-0.0303437003374099,0.019312712833099
1776177522850978300,24.757978271484376,-0.0051005380094051,-0.0069727616220712,0.0472652071850374
1776177522860910300,24.767910400390623,-0.0077893387019634,-0.0066325698822736,0.039233986018598
1776177522870841300,24.77784130859375,-0.0159796594202518,0.0035310967355966,0.008889226235263
1776177522880773400,24.7877734375,0.0879071237727999,-0.0211444948375225,0.0297439078133553
1776177522890704400,24.797704345703124,0.1057256890580058,-0.0477098456799983,0.0234068137463182
1776177522900636400,24.80763647460937,-0.0050315644264221,0.0063525838971138,-0.0176700236599892
1776177522910568200,24.817568115234376,-0.0765358349308371,0.0551356117665767,-0.0484145598832517
1776177522920499200,24.827499267578126,-0.0995928853914141,0.0576823736399412,-0.0700540716961026
1776177522930431500,24.837431396484376,-0.0459466353997588,0.0185422033846378,-0.0476282318111509
1776177522940362500,24.847362548828126,-0.0113347562238574,-0.0127513450235128,-0.0040639615032821
1776177522950294300,24.857294189453125,0.008136836965382,0.0062134676873683,0.0057712403452023
1776177522960225300,24.867225341796875,0.0551864651709795,0.0105348380178213,0.0487248679414391
1776177522970157300,24.8771572265625,0.0649906508266925,0.0224234287321567,0.0630491613700985
1776177522980089300,24.88708935546875,0.0385889661133289,0.0022609306693077,0.0565509949898347
1776177522990020400,24.89702026367188,0.0332704014390707,-0.0107715693831443,0.0152468516336753
1776177522999952400,24.906952392578123,-0.001452829156816,-0.0295633636146783,-0.0036531522126868
1776177523009883400,24.91688330078125,-0.0597355067774653,-0.0034422494083642,0.0133808385660871
1776177523019815400,24.9268154296875,-0.0969011620894074,0.0194996502399444,0.0165648023644462
1776177523029747200,24.936747314453125,-0.1237786476209759,0.0097597619920969,0.0070019146513193
1776177523039678200,24.94667822265625,-0.1018295584022998,0.0058212534993886,0.0112714451966807
1776177523049610500,24.956610595703125,-0.0542322331860661,0.0210860426485538,0.006586246522516
1776177523059541500,24.96654150390625,-0.042637656982243,0.0104418990373611,0.0044181452358141
1776177523069473300,24.97647338867188,-0.0237552618578076,-0.0113438163131475,0.0130402449674904
1776177523079404300,24.986404296875,-0.0104378073841333,-0.006967500925064,0.0242879804950207
1776177523089336300,24.99633642578125,-0.0198085700586438,-0.0075029229760169,0.0203050483386963
1776177523099268400,25.00626831054688,-0.0100505616322159,-0.0533002130329608,0.0112376525249332
1776177523109199400,25.016199462890626,-0.0358607101932168,-0.036430911296606,-0.0269101822247728
1776177523119131400,25.02613134765625,-0.0820589822664856,0.0062596449166536,-0.0227387052264064
1776177523129062400,25.0360625,-0.076733695590496,0.0116138654261827,-0.0333143136460334
1776177523138994400,25.045994384765624,-0.0756491152241826,0.009558101940155,-0.0374986501259729
1776177523148926200,25.05592626953125,-0.0904001096323132,0.0217243405520915,-0.009090922819823
1776177523158857500,25.065857421875,-0.0600812514752149,0.0406920758724212,-0.041969475397095
1776177523168789500,25.07578955078125,-0.0517035914912819,0.0418757326990366,-0.0629997327378019
1776177523178720300,25.08572021484375,-0.0780550073221325,0.0221896199762821,-0.0338558366442099
1776177523188652300,25.09565234375,-0.0644473377302289,0.010399228939414,0.03263871593941
1776177523198583300,25.105583251953124,0.0177159816935658,-0.0311573548078536,0.0247588494097813
1776177523208515300,25.11551538085937,0.0005766308441758,-0.0353168125748634,0.0670217547954991
1776177523218447400,25.125447265625,-0.0226715582743287,-0.019625322446227,0.0590766775425523
1776177523228378400,25.13537841796875,-0.0254079975008964,-0.0015127426505088,0.0273128812741488
1776177523238310400,25.145310302734377,-0.0342298941209912,0.0100309801489114,0.0261756939377635
1776177523248241400,25.155241455078126,-0.0170645320475101,-0.0220475811570882,-0.0108673579078167
1776177523258173400,25.16517333984375,-0.0372752531662583,-0.0056634325891733,-0.0238213493639603
1776177523268104200,25.175104248046875,-0.0751958184987306,0.0058200844556093,0.0218698134373873
1776177523278036500,25.185036376953125,-0.0802466721475124,0.0408539884358644,0.0048855070192366
1776177523287968500,25.19496850585937,-0.0747790543913841,0.037350364229083,-0.0239611231608316
1776177523297899300,25.20489916992188,-0.0969134370490908,0.0457967055350542,-0.0201599773121997
1776177523307831300,25.214831298828123,-0.0636170243859291,0.0330354236394166,-0.0229694087097421
1776177523317762300,25.22476220703125,-0.0601589928865432,0.0429518374979496,-0.0323980390513315
1776177523327694300,25.2346943359375,-0.0392389544546604,0.0314408479243516,-0.00660082303714
1776177523337626400,25.24462646484375,0.0001847089171409,0.032018355551362,0.0109198918126523
1776177523347557400,25.254557373046875,0.0226733118399977,0.0316278949290513,0.0206416233493015
1776177523357489400,25.264489501953125,0.0285045022115111,0.0203811092495918,0.0082940002884715
1776177523367420400,25.27442041015625,0.0001402852535247,0.0009019172757863,-0.0023461977999657
1776177523377352200,25.28435229492188,-0.0033832126975059,0.0085983169972896,-0.007536204191111
1776177523387283200,25.294283203125,-0.0240972071632742,-0.0034475101053714,-0.0127992758184671
1776177523397215500,25.30421557617188,-0.001120820723474,-0.0258200854331254,-0.0331831615470349
1776177523407147500,25.3141474609375,-0.0036532618105411,-0.0206692785412073,-0.0345598932603374
1776177523417078300,25.324078369140626,-0.0017313538372516,0.00294657484591,-0.0427614294923841
1776177523427010300,25.33401025390625,0.008468845398724,-0.0026361937224864,-0.0656144452808424
1776177523436941300,25.34394140625,0.0047971711486577,0.0216816704541444,-0.0744498955022543
1776177523446873300,25.353873291015624,0.0550140312135219,0.0180149646401405,-0.0541155114712193
1776177523456804400,25.36380444335937,0.0416027609765529,-0.0068669631600379,-0.0483163602057844
1776177523466736400,25.373736328125,-0.0013248188629746,-0.0057125324279069,-0.0356374958965927
1776177523476668400,25.38366845703125,-0.0273167537316679,0.0133674310952424,-0.0566791148815304
1776177523486599400,25.393599365234376,-0.0322621011793613,0.0186216983616352,-0.0431567489529028
1776177523496531200,25.40353125,-0.0270139713928103,-0.0086924250215291,-0.0430024351740255
1776177523506462200,25.413462158203124,0.0189709501907229,-0.0163514153420925,-0.0359706003084778
1776177523516394500,25.42339453125,-0.0278702959612011,0.0069423664838075,-0.0020380086336284
1776177523526326500,25.433326416015625,-0.1103334751144051,0.0321779300272464,-0.000170168935135
1776177523536257300,25.44325732421875,-0.0686591102063655,0.0686836601257324,-0.0072984133798629
1776177523546189300,25.453189208984377,-0.0229918762698769,0.0349199222117662,-0.0295308130519464
1776177523556120300,25.463120361328127,0.0487993944823741,-0.0031727848172187,-0.0547304284991696
1776177523566052400,25.47305224609375,0.0935223333060741,-0.0279617736369371,-0.0361134063126519
1776177523575983400,25.4829833984375,0.0005766308441758,0.0189981304585933,-0.0355718467818573
1776177523585915400,25.492915283203125,-0.0601727291509509,0.052132338297367,-0.0489995566969737
1776177523595847400,25.50284741210937,-0.0851905582904815,0.0558253475964069,-0.0492009244879707
1776177523605778400,25.5127783203125,-0.0286319279834628,0.0614431874781846,-0.0402280020246282
1776177523615710200,25.522710205078123,0.0300371186062693,0.021259061127901,-0.0412676107380539
1776177523625641500,25.53264135742188,0.0337324659928679,-0.0237181447178125,0.0174832323836162
1776177523635573500,25.542573486328124,-0.0016857611298561,-0.001184241348505,0.0478999614246189
1776177523645505000,25.552505126953125,-0.0153472067356109,0.0337824426144361,0.0498052470566704
1776177523655436800,25.562436767578124,-0.0248702373623847,0.0419312622785568,0.0367030062362551
1776177523665368800,25.57236889648437,-0.0005193476989865,0.0230973824709653,0.0024832316504791
1776177523675299800,25.5822998046875,0.0146627316027879,0.0147533324956893,-0.0054576808840036
1776177523685231900,25.59223193359375,0.0050488078221678,0.0304167655736207,-0.0072810603862628
1776177523695163000,25.60216284179688,0.0049827568486332,0.0487713374316692,-0.0171135588210076
1776177523705095000,25.61209497070313,-0.0427601143181324,0.0529062452793121,0.0170484942281618
1776177523715027000,25.62202685546875,-0.0445320924267172,0.0612269143790006,0.0382013550352305
1776177523724958000,25.6319580078125,0.0301242123678326,0.0108498953163623,0.0166417765907943
1776177523734889700,25.6418896484375,0.0707633890092372,-0.0166910225600004,0.005417275808379
1776177523744820700,25.65182080078125,0.0582058129921555,-0.0579050764799118,0.0289133022081106
1776177523754752800,25.66175268554688,0.0406064434155821,-0.0471639022350311,0.0273240237226709
1776177523764684000,25.67168408203125,0.022993629835546,-0.0286298821568489,-0.0011240721264854
1776177523774615800,25.68161572265625,-0.0170756379634141,-0.0127870008587837,-0.0059921530868858
1776177523784547800,25.6915478515625,-0.0341433848813176,0.0120902507662773,-0.0296526128007099
1776177523794478800,25.701478759765624,-0.0506456068709492,0.0149456401973962,-0.0694516853561624
1776177523804411000,25.711410888671875,0.0057864744469523,-0.0206125799179077,-0.056930934218131
1776177523814342000,25.721341796875,0.0491638438805937,-0.0545318006545305,-0.038731808650121
1776177523824274000,25.73127392578125,0.0510848750710487,-0.009694295540452,-0.0047653147056698
1776177523834206000,25.7412060546875,-0.0035711364850401,0.0310971490532159,0.014859605881758
1776177523844137000,25.751136962890627,0.0056511576294898,0.0328156434088945,0.0182238946830853
1776177523854068700,25.76106884765625,-0.0038499534264206,0.0263484932214021,0.0548655261209234
1776177523863999700,25.77099975585937,-0.0139285721093416,0.0669429539382457,0.0250864008637145
1776177523873931800,25.780931884765625,0.0029556349352002,0.0627367344200611,0.016483298093453
1776177523883862800,25.79086279296875,-0.0057443888708949,0.0568143586337566,0.0201033517541363
1776177523893794800,25.800794921875,0.0207902745723724,0.0698696550399065,0.0237954477377235
1776177523903726800,25.810726806640623,0.0323038944944739,0.0592155745565891,0.0223429108418524
1776177523913657900,25.820657958984373,0.0065112815901637,0.0600216302424669,0.0273726851699873
1776177523923590000,25.83058984375,0.0181269005820155,0.0657809244215488,0.0003064356006681
1776177523933521000,25.84052099609375,0.0082855977863073,0.0268763164877891,-0.0041451369807124
1776177523943453000,25.85045288085937,-0.0094286303415894,-0.0087777652174234,0.0016701251693069
1776177523953384000,25.860384033203125,-0.0064423080071806,-0.0171545484185218,-0.0008226780271157
1776177523963316000,25.87031591796875,0.0029302082329988,-0.0122469026327133,0.0017636486716568
1776177523973247700,25.88024780273437,0.0182271460860967,-0.0158534026920795,-0.000121324824728
1776177523983178800,25.8901787109375,-0.0024295652344822,-0.0086608608394861,0.0043639673631638
1776177523993110800,25.90011083984375,0.0020841127976775,-0.0036813188612461,4.89902408793e-05
1776177524003041800,25.91004174804688,-0.0067079732060432,-0.0095551793307065,0.001963701288402
1776177524012973800,25.91997387695313,-0.0452171520814299,-0.0053641573816537,-0.0067698229284957
1776177524022905900,25.92990576171875,-0.0537035331368446,0.0060106385916471,0.0079034666009247
1776177524032836900,25.9398369140625,-0.0386363123863935,0.02133563349545,0.004884593703784
1776177524042769000,25.949768798828124,-0.0007823825493454,0.023165187010169,-0.003877097161673
1776177524052700000,25.95969995117187,0.0205336694628,0.0382259780198335,-0.0190652774106711
1776177524062632000,25.9696318359375,0.0311222834944725,0.034375732332468,-0.0223300878928974
1776177524072563000,25.97956298828125,0.0393885920584201,0.0149929864704608,0.0097298417778685
1776177524082494700,25.98949462890625,0.0068120181024074,0.0421890364319086,-0.0002492620533332
1776177524092426800,25.9994267578125,-0.032214170384407,0.0634621260851621,0.0027227029621601
1776177524102357800,26.009357666015624,-0.0431967521697282,0.0248088625639677,-0.0336002544479444
1776177524112289800,26.019289794921875,-0.0299503171056509,0.0030722470521926,-0.0310642696969211
1776177524122220800,26.029220703125,-0.0320949279189109,-0.0132797528117895,-0.0205999030994251
1776177524132152800,26.03915283203125,-0.0358349912300705,-0.0164379245817661,-0.0249671949308365
1776177524142083800,26.049083740234376,-0.0199403797447681,-0.0056342064946889,-4.53735116869e-05
1776177524152016000,26.059015869140627,0.0174202136173844,0.0235527250230312,0.0182704372385516
1776177524161948000,26.06894799804688,0.0230205178424715,0.0243429986178874,0.0178476452492177
1776177524171879000,26.07887890625,0.0148252286881208,0.0266752409577369,0.0059699047224596
1776177524181811000,26.08881103515625,-0.0022121230915188,0.0311632000267505,-0.0226234813489019
1776177524191742000,26.09874194335937,0.0126195353373885,0.0357505278170108,-0.0273551129806786
1776177524201673700,26.108673828125,0.0327343948662281,0.019528291812539,-0.0071919207980856
1776177524211605800,26.118605712890623,0.0132148708820343,0.0410445425719022,-0.0050490270178765
1776177524221536800,26.128536865234373,-0.0316205884054303,0.0509194553762674,0.0117706999557092
1776177524231468800,26.13846875,-0.0117380763277411,-0.0058060559302568,0.0209378298169001
1776177524241399800,26.14839990234375,-0.0163996383979916,-0.0020411504387855,0.0261538108995184
1776177524251331800,26.15833178710937,-0.0268014976859092,-0.0135503864467144,-0.006563377103582
1776177524261262800,26.168262939453125,0.0475461795508861,-0.0275268893510103,0.0032997721977531
1776177524271195000,26.17819482421875,0.0088528762802481,-0.0208253458857536,0.020292115791887
1776177524281126700,26.18812670898437,-0.0332408830836415,-0.003032499563694,-0.0243574290020391
1776177524291058000,26.198057861328124,-0.038752924503386,0.0486404045283794,-0.0533473035776987
1776177524300990000,26.20798999023437,0.0144128484949469,0.0531125815063714,-0.019212905720435
1776177524310921000,26.2179208984375,0.0513990555867552,0.0335930575221776,-0.0001124839311465
1776177524320852700,26.22785278320313,0.0555646508336067,0.0460223309844732,0.0401847108721733
1776177524330784800,26.23778466796875,0.0417792865872383,0.0529448237240314,0.00783876733426
1776177524340715800,26.2477158203125,0.0082043492436408,0.0396884517878294,0.0377623790960758
1776177524350647800,26.257647705078124,-0.0052425768285989,0.0359679699599742,0.0316029431508854
1776177524360578800,26.26757885742187,-0.0235109317079186,0.0125017541766166,0.006898527342081
1776177524370510800,26.2775107421875,0.0017336919248104,0.0193231246292591,-0.0212945343000814
1776177524380441900,26.28744189453125,-0.0178539288595318,0.0200765733450651,-0.026390396134369
1776177524390374000,26.29737377929688,-0.0480061982780694,0.0428536378204822,-0.0040785380179062
1776177524400305700,26.3073056640625,-0.0628910481989383,0.0251011235088109,-0.0115700262844562
1776177524410237000,26.31723681640625,-0.01920008277148,-0.0063023150146007,-0.0118956049770116
1776177524420169000,26.3271689453125,0.0323038944944739,-0.0157850136309862,0.020141345676966
1776177524430100000,26.337099853515625,0.0487900421321392,-0.0152694653242826,0.0059718409512192
1776177524440031700,26.34703173828125,-0.0057084407746791,-0.0103220720499753,-0.0240072273248806
1776177524449962800,26.356962646484376,-0.0759589118257164,0.0095966803848743,0.0081393577160313
1776177524459894800,26.366894775390627,-0.0494783166572451,0.0060796121746301,0.0339365371976047
1776177524469826800,26.37682690429688,0.0083881813779473,0.005764554876089,-0.0057143955914303
1776177524479757800,26.3867578125,0.0311003639236092,-0.0022778818041086,-0.0203698572032153
1776177524489689900,26.39668994140625,0.030032150170207,0.0127963532090187,-0.0315410934284329
1776177524499620900,26.40662084960937,-0.0158127784207463,0.0389086995869874,-0.0612426964700222
1776177524509553000,26.416552978515625,-0.061009764496982,0.0148959558367729,-0.0407260146746411
1776177524519484700,26.426484619140624,-0.0369385685577988,0.0464531236171722,-0.0057526087099686
1776177524529416000,26.436416015625,-0.0084454645231366,0.0277238732278347,0.0033627544313669
1776177524539348000,26.446347900390624,0.0626633769229054,-0.0056377136260271,-0.0100234544295817
1776177524549278700,26.45627880859375,0.0868000393137335,-0.016415712749958,-0.0040154461864382
1776177524559210800,26.46621069335937,0.0263736276626586,0.0053156420648097,0.0059553647404536
1776177524569141800,26.476141845703125,-0.0410302217856049,0.040528409743309,0.0052779038703069
1776177524579073800,26.48607373046875,-0.0637707536429166,0.0298527019500732,-0.0075156363271176
1776177524589005800,26.496005859375,-0.0696080814942717,0.0440144982933998,-0.0050365693951025
1776177524598936800,26.505936767578124,-0.0218731013730168,0.0298743292599916,-0.0043353988558053
1776177524608868900,26.51586889648437,0.0351741892337799,0.0209410812199115,0.0053879766486585
1776177524618799900,26.5257998046875,0.0603930939033627,0.0088163436621427,-0.0039399697974324
1776177524628732000,26.53573193359375,0.0869572757020592,0.0030061960786581,0.0101397377530112
1776177524638663700,26.54566357421875,0.0325683906495571,-0.0005506196200847,-0.0034497385950759
1776177524648594200,26.55559423828125,0.0103752635419368,-0.0036900866895914,-0.0049869215670973
1776177524658526200,26.56552612304688,-0.0114051911115646,-0.0066419222325086,-0.0027334800845012
1776177524668457000,26.57545703125,0.0147214760527014,-0.0083826284199953,-0.0203432614572346
1776177524678389000,26.585388916015624,-0.0018482582151889,-0.0174719438046216,-0.0235535287406295
1776177524688320300,26.5953203125,-0.031015023727715,0.0128559744417667,-0.022225641137734
1776177524698252300,26.605252197265624,-0.0533574961781501,0.0160188223868608,0.0078368311055004
1776177524708184000,26.61518408203125,-0.051584056764841,0.023390812459588,0.042673020556569
1776177524718115000,26.625114990234376,-0.0527905099451541,0.0103454529255628,0.0079893547860905
1776177524728047000,26.635047119140623,-0.012355623704195,-0.0076619129300117,-0.0057271454751491
1776177524737978000,26.64497802734375,0.0084063015565276,0.0110316816240549,-0.0140047060854732
1776177524747910100,26.65491015625,0.0126437929958105,0.0158417122542858,-0.0144904803084209
1776177524757841200,26.664841064453125,0.0080333765909075,0.0103045363932847,-0.0039424905480816
1776177524767773200,26.67477319335937,-0.0208735689416527,0.0341664734959602,0.0406044706542044
1776177524777705200,26.684705322265625,-0.0140554133594036,0.0395762235850095,0.0336141368428245
1776177524787636000,26.694635986328127,-0.0053223640665411,0.0134486796379089,0.007129669216834
1776177524797568000,26.704568115234373,-0.0031236849784851,0.003825111246109,-0.0248608484795317
1776177524807499300,26.714499267578127,-0.0399301515892148,-0.0092243399411439,-0.0285739507185295
1776177524817431300,26.724431396484373,-0.0612929653525352,0.0108043026089668,-0.0017545520497485
1776177524827362000,26.734362060546875,-0.0351215822637081,0.0374415496438741,0.0053678471760824
1776177524837294000,26.744294189453125,-0.0461772292852401,0.0345914209097623,0.0099471012577414
1776177524847226000,26.75422607421875,-0.0290779181852936,0.020526070678234,0.0112249026412144
1776177524857156900,26.76415698242188,0.0260775673255324,0.0214472771763801,0.0143031045101583
1776177524867089200,26.774089111328124,0.0308019654989242,-0.000773906981945,-0.0224035915205255
1776177524877020200,26.78402026367188,-0.010654665005207,-0.0055225628137588,-0.0331024609936401
1776177524886952200,26.7939521484375,-0.02084142023772,-0.0167553199678659,-0.0121868064759299
1776177524896884200,26.80388427734375,-0.0036716742500662,-0.0172106625199317,0.0115490565616637
1776177524906815000,26.81381494140625,-0.0195911279156804,-0.0117845458179712,0.0050829658200964
1776177524916747000,26.8237470703125,-0.0897276171982288,-0.0027671266257762,0.0162629698736593
1776177524926678300,26.83367822265625,-0.0788201464757323,-0.0089770871818065,0.0017272621840238
1776177524936610000,26.84361010742188,-0.0269172330200672,0.0012935469418764,-0.0103848350878804
1776177524946541000,26.853541015625,-0.0469800701007246,-0.0298012640237808,-0.0072169821741059
1776177524956473000,26.86347314453125,0.0073231824949383,-0.0436807362943887,-0.0344184389630332
1776177524966405000,26.87340502929688,0.012351824311912,-0.0271165549844503,0.0040052170533686
1776177524976336100,26.883336181640622,-0.024990941132605,0.0182300686955451,0.0082023399496451
1776177524986268200,26.89326806640625,-0.0710021662011742,0.0434860905051231,-0.0196788427317515
1776177524996199200,26.90319921875,-0.0768935623273253,0.0479150128632783,-0.0558048527976497
1776177525006131200,26.913131103515624,-0.0405132121741771,0.0095697923779487,-0.0526759071221575
1776177525016063200,26.923063232421875,0.0072749594390392,-0.00337561391294,-0.0039338323175907
1776177525025994000,26.932993896484376,0.0005740004956722,0.009890110373497,0.0327315818546339
1776177525035926000,26.942926025390623,-0.0320399828612804,0.0279313784986734,0.0319197905477136
1776177525045857300,26.952857177734376,-0.0240650584593415,0.011436170771718,0.0152573730276897
1776177525055789000,26.9627890625,-0.0112774730786681,-0.0165986681014299,-0.0109350893817842
1776177525065720000,26.972719970703125,0.0162356800079345,-0.0203279177576303,-0.0103763229878619
1776177525075652000,26.98265209960937,-0.0151347330287098,-0.009518938973546,-0.0363454980354756
1776177525085584100,26.992584228515625,-0.0359749842226505,0.0333919819921255,-0.0349426455002278
1776177525095515100,27.00251513671875,-0.0589329582229256,0.037419337812066,-0.0333608927341178
1776177525105447200,27.012447265625,-0.0674658087685704,0.0283715234816074,-0.0186568792728707
1776177525115378200,27.022378173828123,-0.0438183911994099,0.0219897134900093,-0.0123349462423473
1776177525125310200,27.032310302734373,-0.0219534731328487,-0.0089987144917249,-0.0008187690369784
1776177525135241000,27.042240966796875,-0.017894553130865,-0.0201432088404893,0.0198974173858761
1776177525145173000,27.052173095703125,-0.0497127099350094,-0.0052080900371074,0.0130511682203039
1776177525155105000,27.06210498046875,-0.0688794749587774,-0.0012619827598333,-0.0117122477667406
1776177525165036300,27.072036376953125,-0.0521986815318465,-0.0020019874721765,-0.032157325630635
1776177525174968000,27.081968017578124,-0.0288622296079993,0.0235112239688634,-0.0429303197858855
1776177525184899000,27.09189916992188,-0.0465165442422032,0.0281219326347112,-0.0574365091200917
1776177525194831000,27.1018310546875,-0.0339013928189873,0.0289297418862581,-0.0475530476830899
1776177525204763100,27.11176318359375,-0.0093318919688463,0.015712532916665,-0.0595377557156607
1776177525214694100,27.12169409179688,-0.0066106503114104,-0.0255377613604068,-0.055040042437613
1776177525224626200,27.13162622070313,-0.0224351191699504,-0.0085685063809156,-0.0488406398082152
1776177525234557200,27.14155712890625,-0.0266927766144275,0.0070487494677305,-0.0497092758689075
1776177525244489200,27.1514892578125,-0.0207552032589912,0.0030266543447971,-0.0095816289462149
1776177525254420000,27.161419921875,-0.0146013568043708,0.019222586864233,0.0087241353340446
1776177525264352000,27.17135205078125,-0.0324532398372888,0.0279459915459156,0.0025946196030825
1776177525274284000,27.18128393554688,-0.0247486568093299,0.0447872362315654,0.03709492816329
1776177525284215300,27.19121533203125,0.0057508186116814,0.0342886385709047,-0.0020250760868191
1776177525294147000,27.20114697265625,0.0086383567467331,0.0320452435582876,-0.0205617265135049
1776177525304078000,27.211078125,0.0103001524791121,0.0165483992189168,-0.0230214676905423
1776177525314010000,27.221010009765624,0.0366401701331138,0.0031523265510797,-0.0296834828630089
1776177525323942100,27.230942138671875,0.0429357631459832,-0.0121194768607616,-0.0096248105008155
1776177525333873200,27.240873046875,0.0181368374541401,-0.0283358676463365,-0.0109398386221379
1776177525343805200,27.25080517578125,-0.0029871991172432,-0.0361392348736524,-0.0177572635520249
1776177525353736200,27.260736083984376,-0.0458434672862291,-0.0318184490650892,-0.0062504752295091
1776177525363668200,27.270668212890627,-0.0875648862063884,-0.0570499209553003,-0.0324628113832324
1776177525373599000,27.280598876953125,-0.0661444970369339,-0.0599245996087789,-0.0423623106395825
1776177525383531000,27.29053100585937,-0.0483998737707734,-0.0600181231111288,-0.0276604891354218
1776177525393463000,27.300463134765625,-0.0450315663814544,-0.0432575424462556,-0.0213494428250938
1776177525403394000,27.31039404296875,-0.0294286313191056,-0.0110965635538101,-0.0015709756437689
1776177525413326000,27.320326171875,-0.0285492181360721,0.0173825119554996,0.0098647567365318
1776177525423257000,27.330257080078123,-0.0183992877826094,0.0389344185501337,0.0222907057305797
1776177525433189000,27.340189208984373,-0.0023021394625306,0.0659247168064117,-0.0139179411174729
1776177525443120000,27.3501201171875,0.0110942254662513,0.0465963314801454,-0.0127750181600451
1776177525453052200,27.36005224609375,0.0225663443341851,0.059652212408185,-0.0331075390275567
1776177525462984200,27.36998413085937,0.0407949517250061,0.049812370917201,-0.0426888026475906
1776177525472915200,27.379915283203125,0.0189139593064785,0.0351268429607152,-0.0365340794101357
1776177525482847200,27.38984716796875,-0.0398301983460783,0.0218991125971078,-0.0272559999877586
1776177525492778000,27.39977807617188,-0.0735536042496562,0.0218710555464029,-0.0106876539593562
1776177525502710000,27.4097099609375,-0.0806453160762786,0.0279588510274887,0.0154228292550891
1776177525512642000,27.41964208984375,-0.0870870395615696,0.031550153517723,0.0078668609175831
1776177525522573000,27.42957299804688,-0.0680608520522713,0.0332218861222267,0.0063239788571372
1776177525532505000,27.43950512695313,-0.0327229966893792,0.0318885916918516,-0.0068304305419325
1776177525542436000,27.44943603515625,-0.0007514028891921,0.0372428122013807,-0.0074909037446603
1776177525552368000,27.4593681640625,-0.009552548982203,0.0196112939208745,-0.0316532850986346
1776177525562299100,27.469299072265624,0.0168608261689543,0.0443885923027992,-0.0123350923728197
1776177525572231200,27.47923120117187,0.0272094939649105,0.0385293448805809,-0.0240043412480503
1776177525582163200,27.4891630859375,0.0085822426453232,0.0439063617438077,-0.0254903054894879
1776177525592094200,27.49909423828125,0.0067649640902876,0.0586146860539913,0.0027527693068608
1776177525602026000,27.50902587890625,-0.0009960253000259,0.0491419243097305,-0.006348857570067
1776177525611957000,27.51895703125,-0.0412228217482566,0.0390782109349966,2.20291687175e-05
1776177525621889000,27.528888916015624,-0.1003027872264385,0.0445183561623096,0.0309122574729844
1776177525631820300,27.5388203125,-0.0524479801177978,0.0380231489241123,0.0314294132148847
1776177525641752000,27.548751953125,-0.0072653148278594,0.0051642508953809,-0.0146478993598371
1776177525651684400,27.558684326171875,-0.0116691027447581,-0.0158113171160221,-0.0247921306248754
1776177525661615400,27.568615478515625,0.0154135499700903,-0.0288502469092607,-0.0003118058955296
1776177525671547400,27.57854736328125,-0.0209486800044775,0.0121843587905168,0.0208464617390185
1776177525681478100,27.58847802734375,-0.0980816040456294,0.0517670121163129,0.0193577940838411
1776177525691410200,27.59841015625,-0.096855277121067,0.0588946720391511,0.0004494608005508
1776177525701342500,27.60834252929688,-0.0883355783179402,0.0624094021618366,-0.0260851295774802
1776177525711273500,27.6182734375,-0.0368657955825328,0.0231821381449699,-0.0508802193444222
1776177525721205200,27.628205322265625,-0.0108335287034511,-0.0037631519258022,-0.0399804204717278
1776177525731136300,27.63813623046875,0.005773907226324,0.0320522578209638,-0.0009485328964889
1776177525741068300,27.648068359375,0.0088733345463871,0.0570271246016025,0.0122185167884454
1776177525750999600,27.65799951171875,0.0337137612923979,0.0432394222676753,0.0231774985024705
1776177525760931300,27.667931396484377,0.0391211732938885,0.0258411282211542,0.0367896250737831
1776177525770863400,27.67786328125,0.0246387666940689,0.0234890121370553,0.0130017395880073
1776177525780794400,27.68779443359375,0.006008885025978,0.0145201082617044,-0.0133396663054823
1776177525790726400,27.697726318359376,-0.0475029249310493,0.0166980368226766,-0.0100158191123977
1776177525800657200,27.7076572265625,-0.0913689546644687,0.0130453595340251,0.0064542907059192
1776177525810589400,27.71758935546875,-0.0752726831272244,-0.0001636661291122,-0.0212076597342267
1776177525820521500,27.727521484375,-0.0481371311813592,-0.0133171622127294,-0.0022840558165684
1776177525830452500,27.737452392578124,0.000320610256493,-0.0296492883324623,0.0219634465375915
1776177525840384300,27.74738427734375,0.0253705880999565,-0.0083820438981056,-0.0071340165983885
1776177525850315300,27.75731518554688,0.0439212670519948,-1.40285253524e-05,-0.0288930996702983
1776177525860247300,27.76724731445313,0.0511836592704057,0.0084855042725801,-0.003510455806367
1776177525870178600,27.77717846679688,0.0521536733463406,0.0040630116552114,-0.0253087018448859
1776177525880110300,27.7871103515625,0.0016007131949067,0.0027267946153879,-0.0282699993358925
1776177525890042400,27.79704248046875,-0.0369172335088253,0.0045791444838047,-0.0092255820501595
1776177525899973400,27.80697338867187,-0.0597848988771438,0.0065144964605569,0.0011967720365151
1776177525909905400,27.816905517578125,-0.0659273471549153,0.0153904613554477,0.0021139234140515
1776177525919836200,27.826836181640623,-0.0630082448378205,0.0035205753415822,-0.0297779927460476
1776177525929768400,27.8367685546875,-0.035989012748003,0.0112087917566299,-0.0071510042658075
1776177525939699500,27.846699462890623,0.0045145548149943,0.0126601596087217,-0.010108100505732
1776177525949631500,27.85663159179688,0.0204556357905268,0.0233294376611709,0.014349464402534
1776177525959563300,27.866563232421875,0.0412307127937674,0.0453033690601587,0.0274324890658259
1776177525969494300,27.876494384765625,0.0483797077655792,0.0526215831190347,0.0323582550302147
1776177525979426300,27.88642626953125,0.0427227049171924,0.0564665681093931,0.0323272753700613
1776177525989357300,27.896357421875,0.003112579062581,0.038825697478652,0.0247508487664163
1776177525999289300,27.906289306640623,-0.0055792614370584,0.0451589921534061,0.024435718402639
1776177526009221400,27.91622143554688,-0.0134630004242062,0.01452829156816,-0.0003318988354876
1776177526019152400,27.92615234375,-0.0267491829767823,-0.0270277076572179,0.0101699867608025
1776177526029084400,27.93608447265625,-0.0625765754222869,-0.0040431379109621,0.003261960938014
1776177526039015200,27.94601513671875,-0.05106383228302,-0.0026835399955511,-0.0013126169685274
1776177526048947500,27.955947509765625,-0.0469549356594681,0.0217798701316118,-0.0096753351116552
1776177526058878500,27.96587841796875,0.0025181203007698,0.0243342307895421,0.022937844527699
1776177526068810500,27.975810546875,0.0325683906495571,0.0286877498239278,0.0066930678978562
1776177526078742300,27.9857421875,0.0181876908585429,0.0279570974618196,-0.0026709362423047
1776177526088673300,27.99567333984375,-0.0034592005431652,0.0294569806307554,-0.0268636031366884
1776177526098605300,28.005605224609376,0.0057028878167271,0.0028618191719055,-0.0201890207435935
1776177526108536300,28.01553637695313,-0.001019990697503,-0.0024509002834558,-0.004948708448559
1776177526118468400,28.02546826171875,0.0023392566025257,-0.0289408478021621,0.0083118647387251
1776177526128400400,28.035400390625,-0.0278323020383715,-0.0136205290734767,-0.0170932832179591
1776177526138331400,28.045331298828124,-0.0243570271432399,-0.0140963298916816,-0.0050826370265334
1776177526148263400,28.05526342773437,-0.0192182029500603,-0.0159293905377388,-0.0172174575868994
1776177526158194200,28.06519409179688,0.0031783377751708,-0.0068517655909061,-0.0190608204312622
1776177526168126500,28.07512646484375,-0.0180538353458046,0.0036357261538505,-0.0275059196282178
1776177526178057500,28.08505737304688,-0.0146823130860924,0.0041378304570913,-0.0421569242605939
1776177526187989200,28.0949892578125,-0.0014300328031182,0.0134773212105035,-0.010678922663629
1776177526197921300,28.10492138671875,0.0049444706648588,0.0268722248345613,0.005621054752171
1776177526207852300,28.11485229492187,0.0402265041872859,0.0333674320727586,-0.0144900784496217
1776177526217784300,28.124784423828125,0.0226025846913456,0.0159843355953693,-0.028017522412166
1776177526227715300,28.13471533203125,0.0255742939785122,0.0068459203720092,-0.0009511632449924
1776177526237647400,28.1446474609375,-0.0081964581981301,0.031919571352005,-0.0115004681795835
1776177526247578400,28.154578369140623,-0.0621887451484799,0.0264817642122507,-0.0279482565682381
1776177526257510400,28.16451049804688,-0.0651955257490277,0.023939093992114,-0.0246791717696934
1776177526267442400,28.1744423828125,-0.0488242366626858,-0.0086287121355533,-0.0268061738610267
1776177526277373400,28.18437353515625,-0.0294645794153213,-0.0003583119183778,-0.0118061000626534
1776177526287305500,28.194305419921875,0.0057177931249141,-0.0183896431714296,0.0020993103668093
1776177526297236500,28.204236572265625,0.0118292617425322,0.006896773776412,0.0355087549503892
1776177526307168300,28.214168212890623,-0.0189765031486749,0.047201311635971,0.0472281265776604
1776177526317100300,28.22410034179688,-0.0131143331170082,0.0629641134351491,0.0070684040162712
1776177526327031300,28.23403125,0.0259828747794032,0.0557066896528005,-0.0241507639814168
1776177526336963300,28.24396337890625,0.045327042196691,0.0430646502226591,-0.0088363635368645
1776177526346894300,28.25389428710937,0.0949614261984825,0.0222229377239942,-0.0276303497254848
1776177526356826400,28.263826416015625,0.0858770792499184,0.0117477209389209,-0.0176285956710577
1776177526366757400,28.27375732421875,0.0037307109609246,0.0093652097165584,-0.0051882893580943
1776177526376689400,28.283689453125,-0.0433431749030947,0.0209925191462039,-0.0262245745807886
1776177526386621200,28.29362109375,-0.0796411074697971,0.0479378092169761,-0.0197627581555396
1776177526396552400,28.30355249023437,-0.0399050171479582,0.025777999857068,-0.0020628508139401
1776177526406484500,28.313484375,0.0177262108266353,0.0099333649933338,-0.0055609951280057
1776177526416415500,28.32341552734375,0.0628480858400464,0.0085182374984025,0.0225368259787559
1776177526426347300,28.33334716796875,0.0388958401054143,0.0462760134845972,0.0275246243286877
1776177526436279300,28.343279296875,0.0389805957794189,0.0788508338749408,0.0365967693828046
1776177526446210300,28.353210205078124,0.0576420416295528,0.077642042607069,0.0619528905659913
1776177526456142300,28.36314233398437,0.0970528455197811,0.0551999091744422,0.0353147667482495
1776177526466073300,28.3730732421875,0.0979907108917832,0.0238163443952798,0.0146826053470373
1776177526476005400,28.38300537109375,0.0643511838793754,0.0355424380242824,0.0066674950651824
1776177526485936400,28.39293627929688,0.0341305253997445,0.0361439110487699,-0.0344357919566333
1776177526495868400,28.40286840820313,0.0347173853769898,0.0159404964536428,-0.0121087362710386
1776177526505800200,28.41280029296875,0.0295405672609806,-0.0175362412124872,-0.0139440619394183
1776177526515731500,28.4227314453125,0.0300841726183891,-0.0260012872189283,-0.019599676548317
1776177526525663500,28.43266357421875,0.041667935167253,-0.0386485873460769,0.0533594689395278
1776177526535594500,28.442594482421875,0.0587406505212187,-0.0281944133490324,0.0521080806389451
1776177526545526300,28.4525263671875,0.0520084196567535,-0.0162462014019489,0.023281287670508
1776177526555458300,28.462458251953127,0.0340393399849534,0.0020844050586223,0.0064716802321374
1776177526565389300,28.47238940429688,0.0465071918919682,0.0319043737828731,-0.0281691327773034
1776177526575321300,28.4823212890625,0.0462055785968899,0.0460509725570678,-0.0546182368289679
1776177526585252400,28.49225244140625,0.0324307357445359,0.0443020830631256,-0.081379475569725
1776177526595184400,28.502184326171875,0.0590890255674719,0.0667944853782653,-0.0535401592686772
1776177526605115400,28.512115478515625,0.0534986582145094,0.0449029715657234,-0.0104850075267255
1776177526615047400,28.52204736328125,0.0574845129802823,0.0412596466273069,0.0188530228994786
1776177526624979200,28.53197924804688,0.0205681562542915,0.0391664737403392,0.0008173077322542
1776177526634910500,28.541910400390623,0.0250628373250365,0.0202782333970069,0.0069811641242355
1776177526644842800,28.5518427734375,0.0179600195825099,0.0385743530660867,-0.0103395346414297
1776177526654774000,28.56177392578125,-0.0295025733381509,0.0591693973273038,-0.0109365506865084
1776177526664706000,28.5717060546875,-0.0450657609120011,0.0668102674692869,-0.0105357148006558
1776177526674637000,28.581636962890624,-0.0294151873156428,0.0707043522983789,-0.0125572106909006
1776177526684568800,28.59156884765625,-0.0121031102478504,0.061032268589735,-0.0168330613791942
1776177526694500900,28.6015009765625,0.037286943604052,0.0291886850833892,-0.0175355836253613
1776177526704432000,28.61143212890625,0.0478977694675326,-0.0003694178342819,-0.0196270029466599
1776177526714364200,28.6213642578125,0.0347694078251719,-0.0228185655295848,-0.0034239830993115
1776177526724295000,28.631294921875,0.0007613397613167,-0.0275064310848712,-0.0227069218486547
1776177526734227000,28.64122705078125,-0.0286953486084938,-0.0075683894276618,-0.0344355727609246
1776177526744159000,28.65115893554687,-0.0419487979352474,-0.0175572840005159,-0.0456793627656996
1776177526754090000,28.661090087890624,-0.0437476640507578,-0.001937690064311,-0.0229109199881553
1776177526764021800,28.671021728515623,-0.0446229855805635,0.0211310508340597,-0.0578255815029144
1776177526773953000,28.680953125,-0.0432385454848408,0.0026151509344577,-0.0574087443303316
1776177526783885000,28.690885009765623,-0.0166661803796887,0.0025379940450191,-0.0647962242331355
1776177526793816000,28.700816162109376,-0.0122024789690971,0.0167296010047197,-0.0528524692654609
1776177526803747800,28.71074780273437,-0.0139341250672936,0.0107014267563819,-0.0383552304226905
1776177526813679900,28.720679931640625,-0.0149459324583411,0.0065478142082691,-0.0383660440776497
1776177526823611100,28.73061108398437,-0.0474222609102725,0.0083189155340194,-0.0110626612842082
1776177526833543200,28.740543212890625,-0.0782639738976955,0.0227899239569902,-0.042258521471545
1776177526843474000,28.750473876953127,-0.0645171880960464,-0.0040074820756912,-0.0569703529130667
1776177526853406000,28.760406005859377,-0.0498152935266494,-0.0132943658590316,-0.0317897709598764
1776177526863338000,28.770337890625,-0.0115828857660293,0.0092015435874462,-0.0147772248279303
1776177526873269000,28.78026904296875,-0.0295791457056999,0.0079682024002075,0.0112064902016893
1776177526883200800,28.79020068359375,-0.0445928827032446,-0.0273778362691402,0.0030950434058904
1776177526893132000,28.800132080078125,-0.0456020597457885,0.0067407064318656,0.0159887195095419
1776177526903064000,28.81006396484375,-0.0526633764341473,0.0015220950007438,-0.026090938263759
1776177526912994800,28.81999487304688,-0.0295417363047599,0.0019172317981719,-0.0527875508030876
1776177526922926800,28.8299267578125,-0.0438505399033427,0.0103881230235099,-0.0464689787734299
1776177526932859000,28.83985888671875,-0.0318035437569022,0.0135498019248247,-0.0375993340214714
1776177526942790100,28.8497900390625,-0.0387540935471653,0.024593758508563,-0.0006398322734981
1776177526952722200,28.85972216796875,-0.0401133992016315,0.0231382990032434,-0.0024625176560133
1776177526962653000,28.86965283203125,-0.0268771932706236,0.0102624508172273,-0.0032370456924661
1776177526972585000,28.8795849609375,-0.0495604419827461,-0.0022726211071014,0.0122825950006023
1776177526982516000,28.889515869140624,-0.0710427904725074,-0.0141173726797103,0.029821101235412
1776177526992448000,28.89944799804688,-0.0735457132041454,-0.0195119251996278,0.0053997401516884
1776177527002379800,28.9093798828125,-0.0714820586726069,-0.0043967736542224,0.0161791275151073
1776177527012311000,28.91931103515625,-0.0199836343646049,-0.028234160837531,0.0422605307655408
1776177527022243000,28.9292431640625,0.0202709268733859,-0.0346633171021938,0.0334059009196236
1776177527032173800,28.939173828125,-0.0406648956045508,0.0044634091496467,0.0275945112271234
1776177527042105900,28.94910595703125,-0.0623883593738079,0.0145545950531959,0.0017293080106377
1776177527052038000,28.95903784179687,0.0246253226906061,0.0077905077457427,0.0122144251352176
1776177527061969200,28.96896923828125,-0.0116030517712235,-0.0218517663240432,-0.03802512168549
1776177527071901200,28.97890112304687,0.0136988550066947,-0.0353162280529737,-0.0378053414549678
1776177527081832000,28.98883203125,-0.0046180151894688,-0.0045791444838047,-0.0328543314514681
1776177527091764000,28.998763916015623,-0.068031625957787,0.0042062195181846,-0.0190816440235823
1776177527101695000,29.008695068359376,-0.0942334041848778,0.0171679924219846,-0.0135334353119134
1776177527111626800,29.01862670898437,-0.1029123852029442,0.0435305141687393,-0.0440189187401905
1776177527121558800,29.028558837890625,-0.0509857986107468,0.054351767912507,-0.0181633601348847
1776177527131490000,29.03848999023437,0.0190998372673988,0.0050976153999567,0.0103370504233986
1776177527141422000,29.048422119140625,0.033094460350275,-0.0014747487276792,0.0314391308913007
1776177527151352800,29.058352783203127,0.0144482120692729,0.041360184392333,0.0334216464780271
1776177527161284900,29.068284912109377,-0.0083949033796787,0.0364075304210185,0.0163552877996116
1776177527171217000,29.078216796875,-0.0079854457959532,0.0330219796359539,0.0088593790862709
1776177527181148200,29.088148193359373,0.0014978373423218,0.0235948105990886,-0.0298026887958869
1776177527191080200,29.098080078125,0.0057753685310482,0.0156143332391977,-0.0324492577819153
1776177527201011000,29.108010986328125,-0.0131049807667732,0.0257101953178644,-0.0119574546994641
1776177527210943000,29.11794287109375,-0.0619900077059865,0.0274257670640945,-0.0160546974178403
1776177527220874000,29.1278740234375,-0.0546469514667987,-0.0053425300717353,-0.0006302972601726
1776177527230805800,29.1378056640625,-0.0392936072513461,-0.0102384854197502,0.0266631121285259
1776177527240737800,29.14773779296875,-0.0442953610613942,-0.0252665432035922,0.0047131461270153
1776177527250669000,29.1576689453125,-0.0587915039256215,-0.0321983882933855,0.015492460425198
1776177527260601000,29.16760107421875,-0.0563657380834221,-0.0220253693252801,0.0316576690128073
1776177527270531800,29.17753173828125,-0.0483048889636993,0.0018581950873136,0.0238377525094896
1776177527280464000,29.1874638671875,-0.0319672098860144,0.0105313308864831,0.020429697631672
1776177527290395100,29.19739501953125,-0.0025239655196666,-0.0050181204229593,0.0159523330219089
1776177527300327200,29.2073271484375,0.0165559980034828,-0.0080412676364183,-0.0143230147870257
1776177527310259000,29.217259033203124,-0.0036859950363636,0.0244423673391342,-0.0253717936763539
1776177527320190000,29.22718994140625,-0.0028887071788311,0.0270277076572179,-0.052601928570494
1776177527330122000,29.2371220703125,0.0146679922997951,0.0143576111763715,-0.0332910058356821
1776177527340053000,29.247052978515622,-0.0119175245478749,-0.0070750529527664,-0.029452706314437
1776177527349984800,29.25698486328125,-0.0436231608882546,-0.0010264204382896,-0.0196588959222659
1776177527359916800,29.26691674804687,-0.0395700861051678,0.0236766436636447,-0.0042639045221731
1776177527369848000,29.27684814453125,-0.0382595880284905,-0.007172668108344,0.0248030538776889
1776177527379780000,29.286780029296875,-0.0429758028954267,0.0158230075538158,0.0477868929715827
1776177527389710800,29.2967109375,0.0013280337333679,0.0161380648523569,0.0098017745029181
1776177527399643000,29.306642822265623,0.0261386498630046,0.0082663085639476,0.0250769023830071
1776177527409574100,29.31657421875,0.0274576235070824,0.0044388592302799,0.0274112636147066
1776177527419506200,29.326506103515623,0.0623868980690836,-0.0083031334429979,0.0385598496166989
1776177527429438000,29.33643798828125,0.0718807026013731,0.0112181441068649,0.0143213342865929
1776177527439369000,29.34636889648437,0.0709594961032271,0.0239747498273849,0.0172295133508741
1776177527449301000,29.356301025390625,0.0298021408066153,0.0037175592184066,0.004925839029625
1776177527459232000,29.36623193359375,0.013651800994575,0.0017670096725225,-0.0229704681556671
1776177527469163800,29.376163818359377,0.0147705758914351,-0.0101087215602397,-0.009903298648633
1776177527479095800,29.386095703125,0.0116436760425567,-0.0149000474900007,0.0114828594576567
1776177527489027000,29.396027099609373,-0.0054758010625839,-0.0358458048850297,0.0140837992036715
1776177527498959000,29.405958984375,0.0114931616559624,-0.0203735104650259,0.0113912356514483
1776177527508889900,29.415889892578125,-0.0301008314922451,0.0177542678773403,0.0223208451405167
1776177527518822000,29.42582177734375,-0.0419853305533528,0.0215887314736843,0.021023389208503
1776177527528753200,29.435753173828125,-0.0014133739292621,0.0249585001677274,0.0099267891220748
1776177527538685200,29.44568530273437,0.0115431382775306,0.023262217643857,-0.0086907079884782
1776177527548617000,29.455616943359377,0.0251791571810841,0.0337689986109733,0.0254540651323273
1776177527558548000,29.4655478515625,0.0364861486151814,0.033280922833085,-0.0164982399342581
1776177527568480000,29.47547998046875,0.0500154922738671,0.0306751242488622,-0.0102739220593124
1776177527578410800,29.48541064453125,0.0497138789787888,0.0233580792337656,0.0009378653720021
1776177527588342800,29.4953427734375,0.0337219445988535,0.0229249485135078,0.0038422450440004
1776177527598274000,29.50527416992188,-0.010580138464272,0.0309112710922956,0.0084457567840814
1776177527608206000,29.5152060546875,-0.0445408602550625,0.0301379486322402,0.0194038982478901
1776177527618138000,29.52513818359375,-0.0559653405889868,0.0227016611516475,0.0175226876111701
1776177527628068900,29.53506884765625,-0.0304933379411697,0.0290483998298645,0.0233176376255229
1776177527638001000,29.5450009765625,-0.0207306533396244,0.028144728988409,0.0008043751854449
1776177527647931600,29.554931640625,-0.0034200375765562,0.0523345828711986,-0.0150362410902976
1776177527657863700,29.56486376953125,0.0561056258425116,0.0760673406362533,0.0018879691710695
1776177527667795700,29.57479565429687,0.0596677022382617,0.0798696555286645,-0.0064244435569271
1776177527677726500,29.5847265625,0.0651098932921886,0.1079898345977068,-0.0294036430083215
1776177527687658500,29.594658447265623,0.018588380613923,0.0953910497874021,0.028041451277025
1776177527697589800,29.60458984375,0.0076890931978821,0.0765314510166645,0.025466778483428
1776177527707521800,29.614521728515623,0.0285454187437891,0.0551192451536655,-0.0117898065149784
1776177527717452500,29.62445263671875,0.049674423751235,0.0333276845842599,0.0112997945083305
1776177527727384600,29.63438452148437,0.039623862119019,0.033016134417057,-0.013698233952187
1776177527737316600,29.644316650390625,-0.0036228666722774,0.0136819038718938,0.003159012020193
1776177527747247600,29.65424755859375,-0.0135080086097121,0.032995676150918,0.0086479282926768
1776177527757179400,29.664179443359377,0.0275195828273892,0.027460253855586,0.0128726698482409
1776177527767110700,29.674110595703127,0.0552267971813678,0.0040589200019836,0.0240303890047594
1776177527777042700,29.684042724609377,-0.0022010171756148,0.0257739082038402,0.0085909374084323
1776177527786974700,29.693974609375,-0.0372013111472129,0.0350005862325429,-0.0351346244083717
1776177527796905500,29.703905517578125,0.0362216524600982,0.0042395372658967,-0.0595567526770755
1776177527806837500,29.71383740234375,0.0898936214148998,-0.0231938285827636,-0.0688680402493104
1776177527816768800,29.723768798828125,0.1350724873125553,-0.0010112228691577,-0.0536666717251762
1776177527826700800,29.73370068359375,0.1555900824233889,0.0185661687821149,-0.0275290447754785
1776177527836631600,29.74363159179688,0.0503413632273673,0.0381926602721214,0.0067701151894405
1776177527846563600,29.7535634765625,-0.0333875980779528,0.06937807213068,0.0199857897890731
1776177527856495600,29.76349560546875,-0.0458577880725264,0.0832774181455373,0.0148622362302616
1776177527866426600,29.773426513671875,0.0148982939243316,0.0853670839011669,-0.0423682654563337
1776177527876358400,29.7833583984375,0.1073307861670851,0.0485550643324851,-0.0616620909258723
1776177527886289700,29.79328955078125,0.1587947236835956,0.0384141940683126,-0.0690917660025879
1776177527896221700,29.8032216796875,0.1414388074740767,0.0718611211180687,-0.0430747697578743
1776177527906153700,29.81315380859375,0.1141989183709025,0.1079863274663686,-0.0075875325195491
1776177527916084500,29.82308447265625,0.0947214799627661,0.1140799681663513,-0.0031876535927876
1776177527926016500,29.8330166015625,0.1135562365531921,0.0549573325902223,0.0155102152775973
1776177527935947800,29.84294775390625,0.0668140668615698,0.0061298810571432,0.010583280269429
1776177527945879800,29.8528798828125,0.028901977096498,0.0037356793969869,-0.008729103770107
1776177527955810600,29.862810546875,-0.0122612234190106,0.0052899231016635,-0.029250279077515
1776177527965742600,29.87274267578125,-0.0138555068731307,0.0075853405624628,-0.0377678589887917
1776177527975674600,29.88267456054687,0.0221565944895148,-0.0050403322547674,-0.0463797661200165
1776177527985605600,29.892605712890624,0.0272419349297881,-0.0059042556077241,-0.0061630526743829
1776177527995537400,29.902537353515623,0.0309358210116624,0.000949263548851,-0.003867050691694
1776177528005468700,29.91246875,0.0432721554934978,0.0153238258600234,0.0153425305604934
1776177528015400700,29.922400634765623,0.0230298701927065,-0.0044943888098001,0.0103005178052932
1776177528025331500,29.93233154296875,0.0304702493265271,0.0017453823626041,0.0219860602281987
1776177528035263500,29.94226342773437,0.0565583380460739,-0.010291092389822,-0.015158698426187
1776177528045195500,29.952195556640625,0.0496641946181654,-0.0160340199559926,-0.0056045420087873
1776177528055126800,29.96212670898437,0.0173982940465211,0.0038975919604301,-0.0220116330608725
1776177528065058800,29.972058837890625,-0.0113455698788166,0.0347305371195077,-0.0168502317097038
1776177528074989600,29.981989501953127,-0.0069344754382967,0.0210936414331197,-0.0220522573322057
1776177528084921600,29.991921630859373,-0.0081669398427009,0.0256079039871692,-0.0294121185757219
1776177528094853600,30.001853515625,-0.0236754746198654,0.022519874843955,-0.003995645507425
1776177528104784400,30.011784423828125,-0.011995558220148,0.0103407767504453,0.0153786247871816
1776177528114716400,30.02171630859375,0.021296470528841,0.0012765958070755,-0.0250585995413362
1776177528124647700,30.031647705078125,0.034782267306745,-0.0226332720905542,0.0088392130810767
1776177528134579700,30.04157983398437,0.0579991845041513,-0.0023632220000028,0.0035023090325295
1776177528144510500,30.05151049804688,0.0422290761813521,0.0114729956507682,-0.0103469872955232
1776177528154442500,30.0614423828125,0.0202142282500863,0.0093389062315225,0.0068268503453582
1776177528164374500,30.07137451171875,0.0373880658909678,0.0201771111100912,0.003624108781293
1776177528174305800,30.081305908203124,0.0089957918822765,0.0003314239114522,-0.0068186670389026
1776177528184237800,30.09123779296875,-0.0119756844758987,-0.0020627777487039,0.0080750968407839
1776177528194168600,30.10116845703125,-0.0454001074329018,0.0091115272164344,-0.0426755778398364
1776177528204100600,30.1111005859375,-0.0470262473300099,0.0086053312599658,-0.0403646705489605
1776177528214032600,30.12103271484375,-0.0124827572152018,-0.0105155487954616,-0.0498265455730259
1776177528223963400,30.13096337890625,-0.0172670688822865,0.0088595982819795,-0.043972997239232
1776177528233895400,30.1408955078125,-0.0306301160633564,0.0239952080935239,-0.0250886293534189
1776177528243826700,30.15082666015625,-0.023301380610466,-0.0144429513722658,-0.013746785801649
1776177528253758700,30.1607587890625,-0.0406549587324261,-0.021425065344572,0.0044028380688279
1776177528263689500,30.170689453125,-0.0711412824109196,-0.0314385098367929,0.0025592560287564
1776177528273621500,30.18062158203125,-0.1009054292947053,-0.0440577529132366,-0.0070182081989943
1776177528283553500,30.19055346679687,-0.1106698674619197,-0.036341479447484,-0.0029756548099219
1776177528293484800,30.20048486328125,-0.1149099892497062,-0.0296545490294694,-0.026845775219053
1776177528303416600,30.21041650390625,-0.084480948716402,-0.0354857394009828,-0.0565550501104444
1776177528313347600,30.22034765625,-0.0607461451247334,-0.0266448458194732,-0.0278165930125862
1776177528323279600,30.230279541015623,-0.0421782227769494,0.0263771347939968,-0.0113136403705924
1776177528333211600,30.24021166992188,-0.0635237931445241,0.0576321047574281,-0.0158590287152677
1776177528343142400,30.25014233398437,-0.0725792062595486,0.0446381831496953,0.0126047030944377
1776177528353074400,30.260074462890625,-0.0527285506248474,0.0288584302157163,-0.0016636223632842
1776177528363005700,30.27000561523437,-0.0526069700717926,0.0085673373371362,0.0080821111034601
1776177528372937700,30.279937744140625,-0.0625651772454381,-0.001665302863717,0.0071224722910672
1776177528382868500,30.289868408203127,-0.0679971391662955,0.0167839615404605,-0.0248769593641161
1776177528392800500,30.299800537109373,-0.0375324427977204,0.0111292967796325,-0.0682785133909434
1776177528402732500,30.309732666015623,-0.0482268552914261,-0.0076133976131677,-0.0710456400167196
1776177528412663800,30.319663818359373,-0.0481155038714408,0.0053220718055963,-0.0381698639184236
1776177528422595600,30.329595703125,-0.0631190117359161,0.0075017539322376,-0.0027242373321205
1776177528432526600,30.339526611328125,-0.1015381742402911,0.0131470663428306,0.0132366808550432
1776177528442458600,30.34945874023437,-0.0853235370203852,0.0099783731788396,-0.0252745438469573
1776177528452389600,30.3593896484375,-0.0858390853270888,0.0007312368839979,-0.0155117496475577
1776177528462321400,30.3693212890625,-0.0736103028729558,-0.0107113636285066,-0.0248828411156311
1776177528472253400,30.37925341796875,-0.0369558119535446,-0.0117237555414438,-0.0052056788843125
1776177528482184700,30.389184814453124,-0.036089550513029,0.0322404738694429,-0.0155303082175552
1776177528492116700,30.39911669921875,-0.0368047130450606,0.0364969622701406,0.0041141207879409
1776177528502047500,30.40904760742188,-0.0157297763124108,0.0206301155745983,0.0250202037597075
1776177528511979500,30.4189794921875,0.0069356444820761,0.0050379941672086,0.0221940038904547
1776177528521911600,30.42891162109375,0.001775485239923,0.0120668698906898,0.0271984245816245
1776177528531842800,30.4388427734375,-0.0525397500544786,0.0228998140722513,0.0035461116416379
1776177528541774600,30.448774658203124,-0.0450052628964185,0.0158662621736526,-0.0273544919261708
1776177528551705600,30.45870556640625,0.0046785132050514,-0.0076326868355274,-0.0196871356360614
1776177528561637600,30.4686376953125,0.0227016611516475,-0.0571761776834726,-0.0134028677348047
1776177528571568400,30.478568359375,0.0385863357648253,-0.0445849916577339,-0.0071660922370851
1776177528581500400,30.48850048828125,0.0262812732040882,-0.0042430443972349,0.0389058500427752
1776177528591432400,30.49843237304687,-0.0147042326569557,0.0113747959733009,0.0385503146033734
1776177528601363700,30.50836376953125,-0.0505488684982061,0.0502531004220247,0.036449615997076
1776177528611295700,30.518295654296875,-0.0224848035305738,0.0661854135692119,-0.0175408443223685
1776177528621226500,30.5282265625,0.037238428287208,0.0497369675934314,-0.0306386281633749
1776177528631158500,30.538158447265623,0.0730789724752307,0.0360720148563385,-0.0298746945861726
1776177528641090600,30.54809057617188,0.1179044948905706,0.0363403104037046,0.0081646748203784
1776177528651021300,30.55802124023437,0.1048231872603297,0.0834510211467742,0.0283305704167112
1776177528660953300,30.567953369140625,0.0722694096580147,0.0781266112536192,0.0358184054214507
1776177528670884000,30.577884033203127,0.0757259798526763,0.0382148721039295,0.0169504041485488
1776177528680816000,30.587816162109377,0.0559811226800084,-0.0034416648864746,-0.0001391892749816
1776177528690747100,30.5977470703125,0.024810031607747,-0.0027314707905054,-0.0256197770880535
1776177528700679400,30.607679443359373,-0.0060600306913256,0.0022463176220655,-0.0294981894239783
1776177528710611500,30.617611572265623,-0.020403028820455,0.0107417587667703,-0.0162244279615581
1776177528720542200,30.627542236328125,-0.0424573319792747,0.0040852234870195,-0.0170792912252247
1776177528730474200,30.63747412109375,-0.0057388359129428,0.0065127428948879,-0.0040171997521072
1776177528740405200,30.6474052734375,0.0215896082565188,0.001204699614644,-0.0170109021641314
1776177528750337000,30.6573369140625,0.01464957986027,0.0246054489463567,0.0165885850988328
1776177528760269000,30.66726904296875,0.0420975587561726,0.0077986910521984,0.0251854773240163
1776177528770200300,30.677200439453124,0.0348141237497329,0.0262689982444047,-0.0001892024291679
1776177528780132400,30.68713232421875,-0.013463292685151,0.0452525156557559,0.0133108055371791
1776177528790063000,30.69706298828125,-0.0133157009080052,0.0450157842904329,-0.0248619444580748
1776177528799995100,30.7069951171875,-0.0141243869423866,0.057020694860816,-0.0423388201661407
1776177528809926100,30.716926025390624,-0.0143789462253451,0.0625567016780376,-0.0422723308011889
1776177528819858400,30.7268583984375,0.032878187251091,0.0436976874291896,-0.0224649663189426
1776177528829790200,30.736790283203124,0.0280734173178672,0.0247042331457138,0.0272223899791017
1776177528839721200,30.74672119140625,0.0154369308456778,0.0152718034118413,0.039371567858383
1776177528849653200,30.7566533203125,-0.0009542319849133,0.0298217222899198,0.0051105114141479
1776177528859584300,30.766584228515622,-0.0101689273148775,0.0116810854434967,-0.020024550896883
1776177528869516000,30.77651611328125,0.0035348961278796,-0.0002642038941383,-0.0355927434394136
1776177528879447300,30.786447265625,-0.0033040099814534,-0.0115495680183172,-0.0363805693488568
1776177528889379300,30.79637939453125,-0.033721067816019,-0.0259907658249139,-0.0090728391738608
1776177528899311400,30.806311279296875,-0.0470364764630794,0.0011567688196897,-0.0112655269125476
1776177528909242000,30.8162421875,-0.0425122770369052,-0.0140741180598735,-0.0242973693778738
1776177528919174100,30.826174072265623,-0.0213502465426921,-0.0528974774509668,-0.0374617887143045
1776177528929105400,30.83610546875,0.0007400047123432,-0.0548176318585872,-0.0219736026054248
1776177528939037400,30.846037353515623,-0.0007721534162759,-0.0408650943517684,-0.0245870365068316
1776177528948969200,30.85596923828125,-0.0008273907348513,-0.0545183566510677,-0.0212426579823717
1776177528958900200,30.86590014648437,-0.0504196891605854,-0.0358481429725885,0.0026922347586601
1776177528968832300,30.875832275390625,-0.0608253478407859,-0.0192231713861227,-0.0029041970089077
1776177528978763300,30.88576318359375,-0.068857847648859,-0.0143190327316522,-0.0077867083534598
1776177528988695000,30.895695068359377,-0.0836906751215458,-0.0081821374118328,-0.0251424784325063
1776177528998626300,30.905626220703127,-0.0849836375415325,0.010408581289649,-0.0172484372470527
1776177529008558300,30.915558349609373,-0.0725634241685271,0.0309381590992212,-0.0090765289682894
1776177529018490400,30.925490478515623,-0.0595183568954467,0.0654857408672571,-0.0233224599311128
1776177529028421000,30.935421142578125,-0.021542554244399,0.0652156917542219,-0.013287205465883
1776177529038353200,30.94535327148437,0.0165030987724661,0.0683534052580595,-0.0154863229453563
1776177529048284400,30.955284423828125,0.0131733698278665,0.0672603493243455,-0.0003212313110008
1776177529058216400,30.96521655273437,-0.0148541625216603,0.0806844790428876,-0.0187291773241013
1776177529068148200,30.975148193359377,-0.0414899482518434,0.0735404525071382,-0.0107802641462534
1776177529078079200,30.985079345703124,-0.047624797745049,0.0555202271699905,-0.0079768971633166
1776177529088011300,30.99501123046875,-0.0414484471976757,0.0384533570349216,0.0059496656520292
1776177529097942000,31.00494189453125,-0.0409714773356914,0.0163572605609893,0.0114984588855877
1776177529107874000,31.0148740234375,-0.0616258505687117,0.0334083486050367,0.0078400825085118
1776177529117805300,31.02480541992188,-0.0749938661858439,0.0665513242721557,-0.0089164430357515
1776177529127737300,31.0347373046875,-0.0786056269422173,0.092011928743124,-0.0027862331850454
1776177529137669400,31.04466943359375,-0.0471077881336212,0.0671978054821491,-0.0103147655263543
1776177529147600100,31.05460009765625,-0.0122629769846796,0.0869008693397045,0.0048060851074755
1776177529157532200,31.0645322265625,0.015774199976027,0.0831786339461803,0.0269274986857548
1776177529167463400,31.07446337890625,0.0104994744434952,0.0733072282731533,-0.0060519935153424
1776177529177395500,31.0843955078125,0.0148249364271759,0.0492296025931835,0.0154037592284381
1776177529187326200,31.094326171875,0.0161015322342515,0.0173790048241615,0.0092254724523052
1776177529197258200,31.10425830078125,-0.0230824771627783,-7.01426267623e-05,0.0060046472422778
1776177529207190300,31.114190185546875,-0.0494081740304827,0.0188069918006658,0.0214338697055354
1776177529217121000,31.12412109375,-0.0215180043250322,0.0075420859426259,-0.0003825695767998
1776177529227053000,31.134052978515623,-0.031309622760117,-0.0304781403720378,0.0073600073739886
1776177529236984300,31.143984375,-0.0532245174482464,-0.0171551329404115,0.0225562247989699
1776177529246916400,31.153916259765627,-0.0886599879667162,-0.0057592941790819,-0.0124931690113618
1776177529256848400,31.16384838867188,-0.0339455242216587,-0.0020037410378456,-0.019060053246282
1776177529266779100,31.17377905273437,0.0395393987059593,-0.0365571680247783,-0.0146503105126321
1776177529276711200,31.183711181640625,0.0899406754270195,-0.0514899487406015,-0.0308298764191567
1776177529286642400,31.19364233398437,0.0837780611440539,-0.0236281283468008,0.0252906547315418
1776177529296574200,31.20357421875,0.0233484346225857,-0.0034691374152898,0.0159921170430257
1776177529306506200,31.21350634765625,-0.015369418567419,0.0073427639782428,0.0103702951058745
1776177529316437200,31.223437255859373,-0.0619648732647299,0.0514034395009279,-0.0227359652800485
1776177529326369300,31.233369384765624,-0.0468318938016891,0.0458574958115816,-0.0487520847419276
1776177529336300000,31.243300048828125,-0.056423898011446,0.034405542948842,-0.04427866565492
1776177529346232000,31.25323217773437,-0.050953649906814,0.0450122771590948,-0.0038855727290734
1776177529356163300,31.263163330078125,-0.0274386265456676,0.0403016152501106,0.0007651391535997
1776177529366095400,31.27309545898437,0.0211301740512251,0.0429635279357433,0.0027745062146335
1776177529376027400,31.28302734375,0.0555295795202255,0.0447527494400739,0.0332851240841671
1776177529385958100,31.292958251953124,0.0539665679872036,0.0177706344902515,-0.006104527420178
1776177529395890200,31.30289013671875,0.0501169068217277,0.0086474168360233,0.005313998096995
1776177529405821400,31.312821533203124,0.0063937926903367,0.0156926591724157,0.0159078728256747
1776177529415753200,31.32275317382813,-0.0073360419765114,0.0422755456715822,-0.019024360878393
1776177529425684200,31.33268432617188,-0.0442357398286461,0.0169908822894096,-0.0162199709821492
1776177529435616300,31.3426162109375,-0.0558396683827042,0.0035556466549634,-0.041498825678043
1776177529445548300,31.35254833984375,-0.0397732074618339,-0.0081190090477466,-0.0460664623871445
1776177529455479000,31.36247900390625,0.0060813657402992,-0.0433078113287687,-0.0230282627575099
1776177529465411000,31.3724111328125,0.0125765729784965,-0.0658399611324071,-0.0422169473521411
1776177529475342300,31.38234228515625,-0.0106947047546505,-0.0630558833718299,-0.0403803795747458
1776177529485274400,31.3922744140625,-0.0213271579280495,-0.0406792163908481,-0.0520779777616262
1776177529495206100,31.4022060546875,-0.0348287367969751,-0.0483972434222698,-0.0375785834943875
1776177529505137200,31.41213720703125,-0.0220294609785079,-0.0360813672065734,-0.0216342511158436
1776177529515069200,31.422069091796875,-0.012521627920866,-0.0001139817684888,-0.0475660167625173
1776177529525000400,31.43200048828125,-0.0370572265014052,0.0277688814133405,-0.0555464575897902
1776177529534932200,31.44193212890625,-0.0385462960153818,0.0402133524447679,-0.029232962616533
1776177529544863200,31.45186328125,-0.0183621706426143,0.0169932203769683,-0.0154823408899828
1776177529554795300,31.461795166015627,-0.0142681793272495,0.0054418987929821,0.0111109939379617
1776177529564727300,31.47172729492188,-0.0363981780707836,0.0164010997027158,0.0062118602521717
1776177529574658000,31.48165795898437,-0.0081213471353054,0.026365444356203,0.0096223262827843
1776177529584590000,31.491590087890625,0.012286650121212,-0.0050794952213764,0.0095982512874528
1776177529594521300,31.50152124023437,0.004373392778635,-0.0168079269379377,0.0169860234512016
1776177529604453400,31.511453369140625,0.035979660397768,-0.0141834236532449,0.0131027888096868
1776177529614385200,31.52138525390625,0.0241477683067321,-0.0138490771323442,0.0487121180577203
1776177529624316200,31.531316162109373,0.0051657122001051,0.0055336687296628,0.0469676855431869
1776177529634248200,31.541248291015624,-0.0407610494554042,0.0011111761122941,0.0443820894967764
1776177529644179500,31.551179443359377,-0.0356608037069439,-0.0080126260638237,0.0094837945949286
1776177529654111500,31.561111572265624,-0.0312862418845295,-0.0007914426386356,0.0063302259348332
1776177529664042200,31.571042236328125,-0.0311801511615514,0.011650690305233,-0.0081498060448095
1776177529673974300,31.580974365234376,-0.024961130516231,0.0481084896087646,-0.022233605248481
1776177529683906300,31.59090625,0.0039060675278306,0.0473193850576877,0.0173103965673595
1776177529693837300,31.60083740234375,0.0212201904222369,0.0447206007361412,0.0157888860885053
1776177529703769300,31.61076928710937,0.0133726917922496,0.0712128863424062,0.0015495675295591
1776177529713700400,31.620700439453124,0.0044657472372055,0.0620323855429887,0.0320987273111939
1776177529723632400,31.63063232421875,0.0171866971224546,0.0276683436483144,0.0218949113460257
1776177529733564400,31.640564453125,0.0076157357007265,0.0346095410883426,-0.0105344361590221
1776177529743495400,31.65049536132813,0.0033761984348297,0.0552881719797849,-0.0101407241337001
1776177529753427200,31.66042724609375,0.0090159578874707,0.0408557420015335,-0.0172201610006391
1776177529763358500,31.6703583984375,0.009865852715075,0.0282195477902889,0.0011364932166412
1776177529773290500,31.68029052734375,0.0051385319322347,0.0341565366238355,-0.0012687047615647
1776177529783221200,31.69022119140625,-0.0041708559438586,0.0567056375622749,-0.0172132198031991
1776177529793153300,31.7001533203125,-0.0057034723386168,0.0403682507455348,-0.026888079990819
1776177529803085300,31.710085205078126,0.0203752640306949,0.0548468579530715,0.0096314229046925
1776177529813016300,31.72001635742188,0.0359212082087993,0.048982349833846,-0.0135529802625998
1776177529822948400,31.7299482421875,0.0516223429486155,0.0443605352520942,-0.0306024243388324
1776177529832879400,31.73987939453125,0.0628773119345307,0.0351554845333099,-0.0422707233659923
1776177529842811400,31.749811279296875,0.055931438319385,0.0383890596270561,-0.0189694888859987
1776177529852742400,31.759742431640625,0.0264446470722556,-0.0002437456279993,-0.0028013211563229
1776177529862674200,31.769674072265627,0.02080401083678,0.000393383231759,0.0017317191634327
1776177529872606200,31.77960620117188,0.0180211021199822,-0.004686696511507,-0.0142110423125326
1776177529882537500,31.789537353515627,-0.0230596808090806,-0.0140805478006601,-0.0172493870951235
1776177529892469500,31.79946948242188,-0.0297577171429991,0.0105032738357782,-0.0379461381651461
1776177529902400300,31.80940014648437,0.0223383807972073,0.0072860653549432,-0.0211219176795333
1776177529912332300,31.819332275390625,0.0228235339656472,-0.024056582891941,-0.010468202522397
1776177529922264300,31.829264404296875,0.0554778493329882,-0.0037497079223394,0.0132697428744286
1776177529932195300,31.8391953125,0.0250616682812571,0.0027846622824668,0.0225455572744831
1776177529942127400,31.84912744140625,-0.0146647774294018,0.0165700265288352,0.0167668642751872
1776177529952058400,31.859058349609377,0.0104378073841333,0.0046942952960729,-0.0062689242016524
1776177529961990400,31.868990478515624,0.0424842199862003,-0.003621697628498,0.005038140297681
1776177529971922400,31.87892236328125,0.0162742584526538,-0.0034592005431652,0.0027920418713241
1776177529981853200,31.888853271484376,0.0403092140346765,-0.0250496855825185,-0.0175327340811491
1776177529991785200,31.89878515625,0.0524310289829969,-0.0255365923166275,0.0423890159834176
1776177530001716500,31.908716552734376,-0.0159425422802567,0.0008504793494939,0.0485064028851687
1776177530011648500,31.9186484375,-0.0615095307126641,0.0083574939787387,0.0257931608935818
1776177530021579300,31.928579345703124,-0.0707262718692421,0.0546767620831727,0.0114877182958647
1776177530031511300,31.93851123046875,-0.0125786188051104,0.0425432566970586,-0.0268995512329041
1776177530041443300,31.948443359375,0.0333092721447348,-0.0011211129844188,-0.006170724524185
1776177530051374300,31.95837426757813,0.0548828060492873,0.0212625682592391,0.0085645608581602
1776177530061306000,31.96830615234375,0.0338104996651411,0.0660018736958503,-0.002839132416062
1776177530071237400,31.9782373046875,-0.0060454176440834,0.0851724381119012,0.0134590183688327
1776177530081169400,31.98816943359375,0.0172457338333129,0.0780775114148855,0.0171499453086406
1776177530091100400,31.99810034179687,0.0470832382142543,0.0683405457764863,0.0012016308747231
1776177530101032200,32.0080322265625,0.0394315544173121,0.0453244118481874,-0.024082228789851
1776177530110964200,32.017964111328126,0.0219695474848151,0.0472094949424266,-0.033644824242033
1776177530120895500,32.0278955078125,0.0011582301244139,0.0394090503245592,-0.0004883680388331
1776177530130827500,32.03782763671875,-0.0083989950329065,0.0316179580569267,-0.0228523216687142
1776177530140758300,32.04775830078125,0.0355424380242824,0.0130249012678861,-0.0409098468089476
1776177530150690300,32.057690185546875,0.031731063042581,-0.036059739896655,-0.0418099009212106
1776177530160622300,32.067622314453125,0.0222200151145458,-0.0566249735414981,0.0065908496323972
1776177530170553300,32.07755322265625,0.0083469725847244,-0.0536357285976409,0.0053547684988006
1776177530180485400,32.0874853515625,-0.022969372177124,-0.0194645789265632,-0.0066720981750637
1776177530190416400,32.09741650390625,-0.0167538586631417,-0.0023071078985929,-0.0478677396554499
1776177530200348400,32.10734838867187,0.0009571545943617,0.0034656302839517,-0.0396119159528985
1776177530210279400,32.11727954101563,0.0522395980641245,0.0292401230096817,-0.0679844258151948
1776177530220211200,32.127211181640625,0.0512821512088179,0.0587485415667295,-0.0466608115511015
1776177530230143200,32.137143310546875,0.041360184392333,0.0651209992080926,-0.0474802747078239
1776177530240074500,32.14707446289062,0.0656251493379473,0.0580430236458778,-0.0271691984871402
1776177530250006500,32.15700659179687,0.0450979096159338,0.0291594589889049,-0.0108080289360135
1776177530259937300,32.166937255859374,-0.0074216744333505,0.0138876555770635,-0.0009150324856862
1776177530269869300,32.176869384765624,-0.0318526435956358,0.0206108263522386,-0.0268134438520297
1776177530279801300,32.18680126953125,-0.0271215234205126,-0.0087590605169534,-0.0012665128044784
1776177530289732400,32.196732421875,-0.0484855062276124,-0.0105740009844303,-0.0129103349775075
1776177530299664400,32.206664306640626,-0.0599167085632681,0.0072685296982526,0.0086171312956139
1776177530309595400,32.21659545898437,-0.036572657854855,0.0141278940737247,0.0353064007787033
1776177530319527400,32.22652734375,-0.017991583764553,0.040938744109869,0.059931212012656
1776177530329458200,32.236458251953124,-0.0006532032117247,0.028771336454153,0.0550300325002521
1776177530339390200,32.24639013671875,0.0119850368261337,0.0322001418590545,0.0222043791539967
1776177530349322200,32.256322265625,0.0173331198558211,0.0357628027766942,0.0174030798194929
1776177530359253500,32.26625341796875,-0.0026139818906784,0.0330155498951673,0.0089885584238916
1776177530369185500,32.276185546875,-0.0283496039107441,0.0380377619713544,-0.0127284756045788
1776177530379116300,32.2861162109375,-0.0262839035525918,0.0143687170922756,0.0060325581625103
1776177530389048300,32.29604833984375,-0.0039306174471974,0.0005143792629241,0.0250403332322835
1776177530398979300,32.305979248046874,-0.0182408823505043,-0.0394815310388803,0.0411684246798977
1776177530408911400,32.315911376953125,-0.0449623005375266,-0.0320890827000141,0.0074009969715029
1776177530418843400,32.325843505859375,-0.0853469178959727,-0.0315425547331571,0.0052454994380474
1776177530428774400,32.3357744140625,-0.0840235603377222,-0.0356540817052125,-0.0144794474577531
1776177530438706400,32.34570654296875,-0.0531760021314024,-0.0309743994563817,-0.0459005312357097
1776177530448637200,32.35563720703125,-0.0560518498286604,-0.0272872353762388,-0.0455905519710853
1776177530458569200,32.3655693359375,-0.0616430939644575,0.0041904374271631,-0.0371961965806782
1776177530468501200,32.37550122070313,-0.0639943332657217,0.0048293198525905,0.0036554172350093
1776177530478432500,32.3854326171875,-0.0309796601533889,0.0104991821825504,0.0258186971936374
1776177530488364500,32.395364501953125,-0.0105976741209626,-0.0057213002562522,-0.0034318376122042
1776177530498295300,32.40529541015625,-0.0640028088331222,0.023223054677248,-0.0068965180480852
1776177530508227300,32.41522729492188,-0.0614016864240169,0.0051858782052993,-0.0231071001473814
1776177530518158300,32.42515844726562,-0.0404085827559232,0.0104389764279127,-0.0445910560723394
1776177530528090000,32.43509008789062,-0.0489662754818797,0.0214028535127639,-0.0568379587050527
1776177530538022400,32.4450224609375,-0.0310810747012495,0.0244569803863763,-0.0737117539534345
1776177530547953400,32.454953369140625,-0.0306403451964259,0.0371054495573043,-0.057205440310575
1776177530557885400,32.46488549804688,-0.0277925545498728,0.0375274743616581,-0.0286685701994225
1776177530567816200,32.47481616210938,-0.0229775554835796,0.0335720147341489,-0.0084884999472647
1776177530577748200,32.48474829101563,-0.0478898784220218,0.0201537302345037,0.0192733672033995
1776177530587680300,32.49468017578125,-0.0291930689975619,0.0015326163947582,0.0008540230134502
1776177530597611500,32.504611572265624,-0.0120092944845557,-0.023146482309699,0.0040690395371988
1776177530607543600,32.51454345703125,-0.0109200379431247,-0.0384761533886194,-0.0180008265169337
1776177530617474300,32.524474365234376,-0.0248015560403466,-0.0454740494519472,-0.0101051413636654
1776177530627406300,32.53440625,-0.0318219561964273,-0.0250397487103939,0.0002856120083481
1776177530637337300,32.54433740234375,-0.053583413888514,-0.0123784200578928,0.0278424946388229
1776177530647269400,32.55426928710938,-0.0615945786476135,-0.007338672325015,0.0173148900793865
1776177530657201400,32.56420141601563,-0.0576852962493896,0.006525602376461,0.0037826968764886
1776177530667132200,32.57413208007812,-0.0242912684306502,-0.0316793328553438,-0.0033753947172313
1776177530677064200,32.58406420898437,-0.0271677006497979,-0.0143570266544818,-0.0202605150772258
1776177530686995200,32.5939951171875,-0.0639642303884029,-0.0150794957101345,-0.0070598188510164
1776177530696927200,32.60392724609375,-0.0367304787650704,-0.0521627334356308,-0.01235668315012
1776177530706859000,32.61385888671875,-0.0306514511123299,-0.0340665202528238,0.0229231584152206
1776177530716790300,32.62379028320313,-0.0217187875941395,-0.0301829568177461,0.0293309430982917
1776177530726722300,32.63372241210938,0.0039601358026266,-0.0194756848424673,0.0010520663361996
1776177530736653300,32.6436533203125,-0.069963763064146,-0.0083633391976356,0.031163382689841
1776177530746585000,32.65358520507812,-0.0999687329664826,0.0113613519698381,0.0193044929940253
1776177530756516000,32.66351611328125,-0.10624006832093,0.0092617493420839,-0.0201289611194282
1776177530766448400,32.67344848632813,-0.0745943454742431,-0.0005471124887466,-0.0383392291359603
1776177530776380400,32.68338037109375,0.0071627312362194,-0.0214835175335407,-0.0373848875531926
1776177530786311200,32.69331127929688,0.0348541634991765,-0.0332563729137182,-0.0274513398967683
1776177530796243200,32.7032431640625,0.0264499077692627,-0.0044189854860305,-0.0022341522602364
1776177530806174200,32.71317431640625,0.0407452673643827,0.0144224931061267,0.001429265618138
1776177530816106200,32.72310620117187,0.0521519197806715,0.0040261867761611,-0.0035498014360666
1776177530826037200,32.73303735351563,0.0474877273619174,-0.0176823716849088,-0.0062898208592087
1776177530835969300,32.74296923828125,0.0275321500480175,0.0123749129265546,0.0004142068240791
1776177530845901300,32.7529013671875,-0.0243041279122233,0.014947978284955,0.0006952887877821
1776177530855832300,32.76283227539062,-0.0687204850047826,0.031361937469244,-0.0080803940704092
1776177530865764000,32.77276416015625,-0.0681716189503669,0.0042032969087362,-0.0100231256360188
1776177530875695000,32.782695068359374,-0.0461547251924872,-0.0190998372673988,-0.0198680451609194
1776177530885627400,32.79262744140625,-0.0221551331847906,-0.0507294857621192,-0.0045569326519966
1776177530895559400,32.802559326171874,-0.0131882751360535,-0.0130108727425336,-0.0013393953775987
1776177530905490200,32.812490234375,-0.051509530223906,-0.0109393271654844,0.0085597020199522
1776177530915422200,32.822422119140626,-0.034519232456386,-0.004227846828103,0.0087528865044936
1776177530925353200,32.83235327148437,-0.0225891406878829,0.0307201324343681,-0.0173786394979804
1776177530935285200,32.84228515625,0.0139981302142143,0.023899931025505,-0.0102898868134245
1776177530945216300,32.85221630859375,0.0298328282058238,0.0077630352169275,-0.0445168217923492
1776177530955148300,32.862148193359374,0.0123003863856196,0.0133247609972953,-0.0476423334017395
1776177530965080300,32.872080322265624,0.0086395257905125,0.0398515333950519,-0.0405065267050638
1776177530975011000,32.882010986328126,0.0501589923977851,0.0412748441964387,0.0033446342527866
1776177530984943000,32.891943115234376,0.0733726947247982,0.0285170694321393,0.0221218885023146
1776177530994874000,32.9018740234375,0.0317427534803748,0.0300151990354061,0.0130177408747375
1776177531004806400,32.91180639648437,0.0223003868743777,0.0685533117443323,-0.0016493746422231
1776177531014738400,32.92173852539062,0.0229758019179105,0.0467769487440586,-0.0224116286965087
1776177531024669200,32.931669189453125,-0.0013595979154109,0.0546527966856956,0.0019393705647438
1776177531034601200,32.941601318359375,0.0123825117111206,0.0530821863681077,0.0023885025717318
1776177531044532200,32.9515322265625,0.0073074004039168,0.0851239227950572,-0.0091947850530967
1776177531054464300,32.96146435546875,0.0435170701652765,0.0954430722355842,0.0107013536911457
1776177531064395300,32.97139526367187,0.0620247867584228,0.0683434683859348,0.0179838753821328
1776177531074327300,32.98132739257812,0.0552870029360055,0.0357142874598503,0.0334713673712685
1776177531084259300,32.99125927734375,0.0346750075399875,0.0590723666936159,0.0254353238992393
1776177531094190000,33.001190185546875,-0.0233361596629023,0.0258247616082429,0.0352011503059416
1776177531104122000,33.0111220703125,-0.032626258316636,0.0328244112372398,0.0142460040280595
1776177531114053400,33.02105346679687,-0.0047281975656747,0.0066594578891992,-0.0047284898266196
1776177531123985400,33.0309853515625,0.0275099382162094,-0.0057072717308998,0.0139083695715293
1776177531133917400,33.04091748046875,0.0217713945642113,0.0065770403027534,-0.0158930405827239
1776177531143848200,33.05084814453125,0.0195616095602512,0.0075496847271919,-0.0384852134779095
1776177531153780200,33.0607802734375,-0.0108963648065924,8.18330645561e-05,-0.0288567862479016
1776177531163711200,33.070711181640625,-0.0043152328506112,0.0140033909112215,-0.0263274869659915
1776177531173643000,33.08064306640625,-0.0050865094840526,0.0219271696478128,-0.0379299176827073
1776177531183574300,33.09057421875,0.0101201197370886,0.0230278243660926,-0.0299882014306262
1776177531193506300,33.10050634765625,0.0278992297947406,0.0113508305758237,-0.0365109177302569
1776177531203438300,33.11043823242188,0.0288505391702055,0.0446077880114316,0.003337839185819
1776177531213369000,33.120369140625,0.0227983995243906,0.0214992996245622,-0.0360556482434272
1776177531223301000,33.13030102539062,0.0164171740546822,-0.0082014266341924,-0.0031202509123831
1776177531233232400,33.140232421875,0.0066053896144032,0.0210445415943861,0.0099471743229776
1776177531243164400,33.150164306640626,0.0151370711162686,0.0132896896839141,-0.0128280635215342
1776177531253096400,33.16009643554688,0.0023401333853602,0.0341179581791162,0.0007122399225831
1776177531263027200,33.17002709960938,-0.0085281743705272,0.0668207888633012,-0.0240501531511545
1776177531272959200,33.17995922851563,-0.0398389661744236,0.0964981342464685,-0.0476473749030381
1776177531282890200,33.18989013671875,-0.0196855282008647,0.0271890356987714,-0.0414772349007427
1776177531292822000,33.19982202148437,0.0699319066211581,-0.0071592241048812,-0.046721638360247
1776177531302753300,33.209753173828126,0.0437628616198897,-0.0129483289003372,-0.0162149294808506
1776177531312685300,33.219685302734376,0.0343114349246025,0.0432481900960207,0.030947803710401
1776177531322617300,33.22961743164063,0.0178211956337094,0.0235340203225612,0.0076470806870609
1776177531332548000,33.23954809570313,-0.0004836918637156,0.0190524909943342,0.027017697719857
1776177531342480100,33.24948022460938,0.0113829792797565,-0.0005102876096963,0.0002338087558746
1776177531352411400,33.259411376953125,0.0125017541766166,-0.0024251813203096,-0.0007725918076932
1776177531362343400,33.269343505859375,-0.0006952887877821,-0.031479426369071,-0.0035375995416194
1776177531372274200,33.27927416992188,0.0159653386339545,-0.0259656313836574,-0.0110087391398847
1776177531382206200,33.28920629882813,0.0214095755144953,-0.0360445423275232,-0.020600231892988
1776177531392138200,33.29913818359375,0.0343614115461707,-0.0324473946183919,-0.0050167321834713
1776177531402069200,33.3090693359375,0.0046004795327782,0.0125210433989763,0.0068936319712549
1776177531412001000,33.3190009765625,-0.0158721073925495,0.0443804089963436,-0.0228478646893054
1776177531421932300,33.328932373046875,0.014532090960443,0.0500257214069366,-0.0162866064775735
1776177531431864300,33.3388642578125,0.0525590392768383,0.0205441908568143,-0.0277691736742854
1776177531441796400,33.34879638671875,0.0713306675031781,-0.0024801263779401,-0.0365119406435638
1776177531451727000,33.35872705078125,0.0736257927030324,0.0055079497665166,0.0055107993107289
1776177531461659100,33.3686591796875,0.0342141120299696,0.0284346518456935,0.0336200916595757
1776177531471590400,33.37859033203125,-0.0217313548147678,0.0482294856399297,-0.0070515990119427
1776177531481522400,33.3885224609375,-0.0687917966753244,0.0645195261836052,-0.0274976632565259
1776177531491453200,33.398453125,-0.0326595760643482,0.0890378813683986,-0.0485140016697347
1776177531501385200,33.40838525390625,0.0295741772696375,0.0491617980539798,-0.0734723557069897
1776177531511317200,33.418317138671874,0.0232917359992861,0.0427975237190723,-0.0344401758708059
1776177531521248300,33.42824829101563,0.0214659818768501,0.034034371548891,0.0017617489755153
1776177531531180000,33.438179931640626,0.0378942618474364,0.0479319639980792,0.0317220760185271
1776177531541111300,33.448111328125,0.0208238845810294,0.0563023174583911,0.0284075446430593
1776177531551043300,33.45804321289062,0.0378226579159498,0.0472118330299854,0.018115648535639
1776177531560975400,33.46797534179687,0.0559381603211164,0.0254085820227861,0.0233211812894791
1776177531570906000,33.477906005859374,0.0679983082100749,0.029241292053461,0.0336074513737112
1776177531580838100,33.487838134765624,0.0307069806918501,0.0421750079065561,0.0009398381333798
1776177531590769400,33.49776928710938,0.0085617843791842,0.0505897850304842,-0.0373438614230602
1776177531600701400,33.50770141601563,0.0138274498224258,0.0401344419896602,-0.0392104590125381
1776177531610632200,33.51763208007812,0.0215384625911712,0.0284931040346622,-0.0175065767265856
1776177531620564200,33.52756420898437,0.026546353881061,-0.0003103811234235,-0.0028205373134464
1776177531630496300,33.53749633789062,-0.0158297295555472,0.0258697697937488,0.0021425649866461
1776177531640427000,33.547427001953125,-0.023140929351747,0.0501315198689699,0.014562266902998
1776177531650359600,33.55735961914063,0.0059957332834601,0.0288303731650114,-0.0439134490717202
1776177531660290600,33.56729052734375,-0.0011982698738574,0.0263788883596658,-0.0146050100661814
1776177531670222600,33.57722265625,0.0152341017499566,0.0674006345778703,-0.0305528861086815
1776177531680154600,33.58715454101562,-0.0226397018313407,0.0400070162177085,0.0003255786925554
1776177531690085400,33.59708544921875,-0.0597998041853308,0.0737128864645957,-0.0478785533104091
1776177531700017400,33.60701733398437,-0.0447287840425968,0.0679039079248905,-0.0431684028580784
1776177531709948400,33.61694848632813,-0.010184709405899,0.0596469517111778,0.0135319740071892
1776177531719880700,33.62688061523438,-0.0357239320710301,0.050819502133131,0.0340228272415697
1776177531729811500,33.6368115234375,-0.0578714664712548,0.0650496875375509,0.0120619014546275
1776177531739743500,33.64674340820312,-0.0742985773980617,0.1243377428084611,0.0110985363151878
1776177531749675500,33.65667553710937,0.0154077047511935,0.0299894800722599,-0.0143541771102696
1776177531759606500,33.6666064453125,0.1055874496310949,0.005419686961174,0.0040830315299332
1776177531769538300,33.676538330078124,0.0502709283396601,0.03629296413064,-0.0069406129181385
1776177531779469600,33.68646948242188,-0.0067874681830406,0.0556792171239852,-0.0113716541681438
1776177531789401600,33.69640161132813,-0.0317900997534394,0.0470522585541009,0.0036990737136453
1776177531799333600,33.70633374023438,-0.0033282676398754,0.0258498960494995,-0.0375744553085416
1776177531809264400,33.71626440429687,-0.0136392337739467,0.0485574024200439,-0.0207864021148532
1776177531819196400,33.72619653320312,-0.0037046997368335,0.0645721331536769,-0.0178949915222823
1776177531829127400,33.73612744140625,-0.0045405660390853,0.0460924736112356,-0.0030292116280645
1776177531839059700,33.746059814453126,0.011296177779138,0.016906126615405,0.0015276479586958
1776177531848990500,33.75599047851563,-0.0095946345582604,0.019056582647562,-0.0512019986446946
1776177531858922500,33.76592260742188,0.0085761051654815,-0.0159445881068706,-0.0539434063073247
1776177531868854500,33.7758544921875,0.0304129661813378,-0.0349438876092433,-0.0284013340979814
1776177531878785500,33.78578564453125,0.0493807015016675,-0.0470090039342641,-0.0084505790896713
1776177531888717300,33.79571728515625,0.0376844184890389,-0.0125105220049619,0.0193994047358632
1776177531898648600,33.805648681640626,0.0501250901281833,0.0076174892663955,0.0101269878692924
1776177531908580600,33.81558056640625,0.0131964584425091,0.012795768687129,0.0064860740836709
1776177531918512600,33.8255126953125,-0.0161105923235416,0.0124222591996192,-0.0062928165338933
1776177531928443400,33.835443359375,-0.0184036716967821,0.0133101479500532,-0.0152138626795262
1776177531938375400,33.84537548828125,-0.0364846873104572,0.0194534730106592,0.004626052365452
1776177531948306700,33.855306640625,-0.0366316945657134,0.0270920050650835,-0.0268176451031118
1776177531958238700,33.86523876953125,0.0126627899572253,0.0301385331541299,-0.0419027668364346
1776177531968169500,33.87516943359375,0.0465220972001552,0.0482300701618194,-0.0136199445515871
1776177531978101500,33.8851015625,0.0915314517498016,0.0677647917151451,0.0092817692168056
1776177531988033500,33.895033447265625,0.0916939488351345,0.0594558130532503,0.001551613356173
1776177531997964500,33.90496459960937,0.0772293701529502,0.0397422278016805,0.0048723552767187
1776177532007896300,33.91489624023438,0.042445641541481,-0.0086509239673614,0.000891761207953
1776177532017827600,33.92482763671875,0.0094575641751289,-0.014401450318098,-0.0039337592523545
1776177532027759600,33.934759521484374,-0.0326677593708038,-0.0321387670606374,0.0069880322564393
1776177532037690400,33.9446904296875,-0.0166094817563891,-0.0217032977640628,-0.0028102351151406
1776177532047622400,33.954622314453125,-0.0341895621106028,0.0046299978882074,0.0104931177679449
1776177532057554400,33.964554443359376,-0.0169651633262634,0.0226864635825157,-0.0027373160094022
1776177532067485700,33.97448559570312,-0.0008472644791007,0.0358604179322719,0.0030159137550741
1776177532077417700,33.98441772460937,0.0241901461437344,0.0274608383774757,0.0109609544754028
1776177532087348500,33.994348388671874,0.0485351905882358,0.0284714767247438,0.0157371559012681
1776177532097280500,34.004280517578124,0.0663105012536048,0.0446294153213501,0.0018372618971392
1776177532107212500,34.014212646484374,-0.0066997898995876,0.0370931745976209,-0.0056356677994132
1776177532117143600,34.0241435546875,-0.0670887921497225,0.0464922865837812,-0.002909823032096
1776177532127075300,34.034075439453126,-0.044030864906311,0.0378103829562664,-0.0041896337095648
1776177532137006600,34.04400659179687,-0.0077884619191288,0.0175151984244585,0.0236591810721904
1776177532146938600,34.05393872070312,0.0079249477803707,0.0181096571862697,0.0307881927018985
1776177532156869400,34.063869384765624,0.0088584292382001,0.0201870479822158,-0.0457316409422084
1776177532166801400,34.073801513671874,-0.0127767717257142,0.0394143110215663,-0.0509829125339165
1776177532176733400,34.0837333984375,-0.047454994136095,0.0149415485441684,-0.0237174505980685
1776177532186664700,34.09366479492188,-0.0506695722684264,0.0383002122998237,-0.0414776367595419
1776177532196596700,34.1035966796875,-0.0345846989080309,0.0386602777838707,-0.0274150995396077
1776177532206527500,34.11352758789062,0.0251826643124222,0.0128735100984573,0.0063705579452216
1776177532216459500,34.12345947265625,0.044998833155632,-0.0141910224378108,0.0396650343796238
1776177532226391600,34.1333916015625,0.0309527721464633,-0.0072229369908571,0.0489398623989894
1776177532236322300,34.143322265625,0.0225263045847415,0.0090735332936048,0.0259664716338738
1776177532246254300,34.15325439453125,-0.0018210779473185,-0.0441530299812555,-0.0012185089442878
1776177532256185600,34.163185546875,-0.039674131001532,-0.0328553908973932,-0.0158454385813325
1776177532266117600,34.17311767578125,-0.0479132592976093,-0.0322545023947954,-0.0371697104325518
1776177532276048400,34.18304833984375,-0.0841501093268394,-0.0277449160158634,-0.0493591107243671
1776177532285980400,34.19298046875,-0.0978688380777835,-0.0084551091343164,-0.0215246532615274
1776177532295912400,34.20291235351562,-0.0859027982130646,0.0376560691773891,0.0262834651611745
1776177532305843700,34.21284375,-0.0440437243878841,0.046184828069806,0.0346809988893568
1776177532315775700,34.222775634765625,-0.0197834356173872,0.0169908822894096,0.0427574474370107
1776177532325706500,34.23270654296875,-0.031279812143743,0.0317640885293483,-8.34770323708e-05
1776177532335638500,34.24263842773438,0.0166775785565376,0.0218716400682926,-0.0228464399171993
1776177532345570600,34.25257055664063,0.0253577286183834,-0.0205552967727184,-0.0454691175485029
1776177532355501300,34.26250122070312,0.0033823359146714,-0.017706337082386,-0.0652065220670774
1776177532365433300,34.27243334960937,0.006428571742773,-0.0113560912728309,-0.0421183823484927
1776177532375364600,34.282364501953126,-0.0287082080900669,-0.0445826535701751,-0.0198686662154272
1776177532385296600,34.292296630859376,-0.0758697722375392,-0.0550140312135219,0.0103494715135544
1776177532395228700,34.302228759765626,-0.0692035923466086,-0.0446165558397769,-0.0213899940311908
1776177532405159400,34.31215942382813,-0.0523594250515103,-0.0626373656988143,0.0350461789399385
1776177532415091500,34.32209155273438,-0.0383247622191905,-0.0415226814776659,0.0078914108369499
1776177532425022700,34.332022705078124,-0.039703941617906,-0.0219411981731653,-0.0267732579721137
1776177532434954500,34.34195458984375,-0.0597542114779353,0.01773614769876,-0.0374555051039904
1776177532444885500,34.35188549804688,-0.0290773336634039,0.085889061948657,-0.0320350144252181
1776177532454817500,34.361817626953126,-0.0062412324771285,0.083542791083455,-0.0184979989167302
1776177532464749600,34.37174951171875,0.0195417358160018,0.0892038855850696,-0.0126926371062174
1776177532474680300,34.38168041992188,0.0424514867603778,0.0495633645921945,-0.0089282065387815
1776177532484612400,34.3916123046875,0.0740925334319472,-0.0532125347495079,0.0089194752430543
1776177532494543600,34.401543701171875,-0.0273150001659989,-0.0511339749097824,0.052068552346155
1776177532504475600,34.4114755859375,-0.1381152160093188,-0.0621650720119476,0.0311660495709627
1776177532514406400,34.421406494140626,-0.236853822658956,-0.0717465548276901,-0.0107691216977313
1776177532524338400,34.43133837890625,-0.2195703871637582,0.0296942965179681,-0.0331622283568605
1776177532534270500,34.4412705078125,-0.2520744804054498,0.0072317048192024,-0.039368097259663
1776177532544201700,34.45120166015625,-0.1425824245512485,0.032889293166995,-0.0878700431654229
1776177532554133500,34.46113354492188,-0.050463236041367,0.0529880783438682,-0.1230506986726075
1776177532564064500,34.471064453125,0.1066013028487563,0.0829407335370779,-0.0731563485603779
1776177532573996500,34.48099658203125,0.1115852287411689,0.0018587796092033,-0.1350722315842285
1776177532583928600,34.49092846679687,0.0641200054720044,-0.020983166795969,-0.0387249039852991
1776177532593859300,34.500859375,0.1287821549966931,0.0344400297403335,-0.018178740367107
1776177532603791400,34.510791259765625,0.0908104439988732,0.0046481180667877,-0.0530150028834119
1776177532613722600,34.52072265625,0.0569601968452334,-0.0064765025377273,0.0231165620954707
1776177532623654700,34.53065454101562,0.0701645463332533,-0.0117617494642734,0.0514029280442744
1776177532633585400,34.54058544921875,0.0411278369411826,0.0220253693252801,-0.0440912898566573
1776177532643517400,34.550517333984374,-0.0615334961101412,0.0289870250314474,-0.0327832755092531
1776177532653449200,34.56044921875,-0.150877082426846,0.0141465987741947,0.0113906145969405
1776177532663380200,34.570380126953125,-0.1688435317501425,0.0405593894034624,-0.0544466065891087
1776177532673312300,34.580312255859376,-0.1693593723177909,0.0686234543710947,-0.0242264960987493
1776177532683243300,34.5902431640625,-0.0650152007460594,0.0609627104848623,0.0024777517577633
1776177532693175300,34.60017529296875,0.0371305839985609,0.088951372128725,0.0159455014223232
1776177532703107000,34.61010717773438,0.0758896459817886,0.0947042365670204,0.0139931252455338
1776177532713038000,34.6200380859375,0.0817573689714074,0.0829956785947084,0.0599212386079132
1776177532722970400,34.629970458984374,0.0913949658885598,0.0542243421405553,0.015425569201447
1776177532732901400,34.6399013671875,0.1007026001989841,0.0466144516587257,-0.033571685940586
1776177532742833200,34.649833251953126,0.1233683132544159,-0.0072656070888042,-0.0532992631848901
1776177532752764200,34.65976416015625,0.0762219466760754,0.0742763655662536,-0.1497236015427857
1776177532762696200,34.6696962890625,-0.0507993361279368,0.023575521376729,-0.0664477542998269
1776177532772628200,34.67962817382813,-0.1009384547814726,0.0588438186347484,-0.1205978621603921
1776177532782559200,34.689559326171874,-0.0710202863797545,-0.0015004676908254,-0.1033101158162578
1776177532792491300,34.6994912109375,0.025201661273837,-0.0181564189374446,-0.038103118825145
1776177532802422300,34.70942236328125,0.0036085458859801,-0.0319108035236597,0.0491636612175032
1776177532812354300,34.71935424804688,0.0278077521190047,-0.1082154600471258,0.0701177115168422
1776177532822286000,34.7292861328125,0.0405491602703928,-0.1321545540392398,-0.0059211702099069
1776177532832217300,34.73921728515625,0.0962272083505988,-0.1380851131319999,-0.0786824915707111
1776177532842149400,34.7491494140625,-0.0238332955300807,-0.0463701215088367,-0.1333888816071674
1776177532852080400,34.759080322265625,-0.1844856297791004,0.0566664745956659,0.0232411748558282
1776177532862012200,34.76901220703125,-0.2192997535288333,-0.0293219560742378,0.1063661423860117
1776177532871943200,34.77894311523438,0.0008554477855563,-0.130242582938075,0.2143587534626945
1776177532881875200,34.78887524414063,-0.2920177837371826,-0.1482546249687671,0.40759010935314
1776177532891807200,34.79880712890625,-0.0042947745844721,-0.1190396364003419,-0.0129054030740633
1776177532901738200,34.80873828125,0.2140808498367667,0.1035346087545156,0.0283012712569907
1776177532911670300,34.81867016601562,0.0026908465191721,0.0374789590448141,0.0224585731107741
1776177532921601300,34.828601318359375,0.1164186402469873,0.1082534539699554,-0.1048848543196916
1776177532931533300,34.838533203125,-0.1457461492791771,0.0671639032125473,0.1327786042217165
1776177532941465000,34.848465087890624,-0.4588917689800262,-0.3368687328547239,0.3255977260494604
1776177532951396400,34.85839624023438,0.0790992556780576,-0.1330167238265276,-0.1643540748437866
1776177532961328400,34.86832836914063,0.0051321021914482,0.1116524487584829,-0.2268661336624994
1776177532971259100,34.87825903320312,-0.2571110132679343,0.0489911176621913,-0.2806581853330135
1776177532981191200,34.88819116210937,-0.1733168777719139,0.3205751851797103,-0.3069295581975951
1776177532991122200,34.8981220703125,-0.1114253620043397,0.2189770974457263,-0.205656866493076
1776177533001054200,34.90805419921875,0.1192263911440968,0.096025256037712,-0.042735747061856
1776177533010986200,34.917986328125,0.2517616150639951,0.0317231719970703,0.0467240495130419
1776177533020917200,34.92791723632813,0.2179965619757771,0.0013525836527347,0.0366006418403238
1776177533030849300,34.93784936523438,0.1072118359625339,0.0193769006431102,-0.0385679233253002
1776177533040780300,34.9477802734375,-0.0376323960408568,0.0616512772709131,-0.0700879009004682
1776177533050712000,34.95771215820312,-0.152698306504637,0.0548263996869325,-0.0538359273448586
1776177533060643000,34.96764306640625,-0.2099719532132148,0.0424678533732891,-0.0335533465662971
1776177533070575400,34.977575439453126,-0.1729305088028311,-0.0414238972783088,-0.0499553595844656
1776177533080507400,34.98750732421875,-0.1458086931213736,-0.1187239945799112,-0.0320373159801587
1776177533090438100,34.99743823242188,-0.1575751187607645,-0.1661591149717569,0.0368011328484863
1776177533100370200,35.0073701171875,-0.1461687586054205,-0.1698117922604083,0.094542945058085
1776177533110301200,35.01730126953125,-0.1594916199065744,-0.154483874747157,0.1381632564021274
1776177533120233200,35.02723315429687,-0.1642237629950046,-0.0983984149098396,0.1220917905125767
1776177533130165200,35.03716528320312,-0.1334673902034759,-0.022695231410861,0.0891297243703156
1776177533140096300,35.04709619140625,-0.0768868403255939,0.0459352372229099,-0.012817249866575
1776177533150028300,35.0570283203125,-0.0456955832481384,0.1032996309548616,-0.0780325397619977
1776177533159959300,35.06695922851563,-0.0617991613090038,0.1433224292635917,-0.0384065587511286
1776177533169891000,35.07689111328125,-0.0864811826229095,0.187371414348483,-0.0161280183823779
1776177533179822000,35.08682202148437,0.01036941832304,0.2739958048343658,-0.0063251844335347
1776177533189754400,35.09675439453125,-0.0194131410002708,0.1117372044324874,0.0533034279033541
1776177533199686400,35.10668627929687,-0.0583209638044238,-0.0650549482345581,0.0669517948318272
1776177533209617200,35.1166171875,0.0064203884363174,-0.1288777243256569,0.0747164009513333
1776177533219549200,35.126549072265625,-0.0452829107940197,-0.151391753950715,0.0377289152178913
1776177533229480200,35.13648022460937,-0.075680094884336,-0.1283878949820995,0.1003336207561194
1776177533239412200,35.146412109375,-0.1470434956133365,-0.1991366709440946,0.0730896765323355
1776177533249344000,35.15634399414063,-0.1439794318675994,-0.2264174765795469,0.0198060493079945
1776177533259275300,35.166275146484374,-0.1799941635787487,-0.1533680224597454,0.0254951643276959
1776177533269207300,35.176207275390624,-0.150453596317768,-0.0986088427901268,0.1070065226487815
1776177533279138300,35.18613818359375,-0.118317751866579,-0.0291039294093847,0.0463557276573032
1776177533289070000,35.196070068359376,-0.0331762934148311,0.0541980386555194,0.0127377183569595
1776177533299001300,35.20600146484375,0.0318809929072856,0.1271755965828895,0.0420138625280931
1776177533308933400,35.21593334960937,0.1103141858920454,0.1245294659882783,0.0693411741863936
1776177533318865400,35.22586547851562,0.1342366210103034,0.1359013393521309,0.0940631621845066
1776177533328796200,35.235796142578124,0.1590367157459259,0.117144616433978,0.0451623166216537
1776177533338728200,35.245728271484374,0.1300400461032986,0.1233241818517446,0.0244685612263157
1776177533348659200,35.2556591796875,0.0577636221826076,0.045821255454421,0.0810669755544513
1776177533358591200,35.26559130859375,-0.0322156316891312,-0.0130757546722888,0.0496070210708305
1776177533368523000,35.27552294921875,-0.0975549498230218,-0.0863128403186798,0.0125314917277544
1776177533378454300,35.28545434570312,-0.1639069521307945,-0.092287823075056,-0.026070151204057
1776177533388386300,35.29538623046875,-0.1954457074716687,-0.0515776270240545,-0.0093894673749804
1776177533398317300,35.3053173828125,-0.1321361415997147,-0.0072469023883342,-0.075971917437762
1776177533408249000,35.3152490234375,-0.0466658895850181,0.0480377624601125,-0.1025420905858278
1776177533418180400,35.32518041992188,0.0462754289627075,0.0877823283493518,-0.1562764572523534
1776177533428112400,35.3351123046875,0.1087818617582321,0.1236860009014606,-0.1777395165197551
1776177533438044400,35.34504443359375,0.0795814862370491,0.0973006828010082,-0.1781567190185189
1776177533447975200,35.35497509765625,0.0387079163178801,0.0935275940030813,-0.1662197591178119
1776177533457907200,35.3649072265625,0.0130137953519821,0.084137834367156,-0.1225653993736952
1776177533467838200,35.374838134765625,-0.0240375859305262,0.0512093782335519,-0.1284505118895322
1776177533477770200,35.384770263671875,-0.0605023994967341,0.0105301618427038,-0.1042368387397378
1776177533487702000,35.39470190429687,-0.083678984683752,-0.0121592243492603,0.0019034955337643
1776177533497633300,35.40463330078125,-0.0731555448427796,-0.0256371300816535,0.0241535404603928
1776177533507565300,35.4145654296875,-0.0398246453881263,0.0004839841246604,0.0670221201216802
1776177533517496000,35.42449609375,0.0136801503062248,-0.003573182311654,0.0970239847514778
1776177533527428000,35.43442797851562,0.0919917627379298,-0.0210164845436811,0.0819886204440146
1776177533537359400,35.444359375,0.1594379900231957,0.0329237799584865,0.0080864950176328
1776177533547291400,35.45429150390625,0.1252647945255041,0.0605751724720001,-0.0092196272334083
1776177533557223400,35.46422338867188,0.0765571699798107,0.0685614950507879,-0.0481959121638908
1776177533567154200,35.474154296875,0.0386243296876549,0.0354039063364267,-0.0524499894117936
1776177533577086200,35.48408618164063,-0.0081622636675834,0.007377835291624,-0.0554033958572894
1776177533587017200,35.494017333984374,-0.0212754277408123,-0.0359434200406074,-0.0521327036235481
1776177533596949200,35.50394921875,-0.0128244102597236,-0.0591904401153326,0.0001759776214137
1776177533606880300,35.51388037109375,-0.0295022810772061,-0.0356768780589103,0.0348519715420901
1776177533616812300,35.523812255859376,6.98503658175e-05,-0.0123673141419887,0.0450645553356036
1776177533626744300,35.533744384765626,0.0830479933038353,0.0130161334395408,0.0374582085177302
1776177533636675000,35.54367504882813,0.2174599708810448,0.0790869807183742,0.0029016397256404
1776177533646607000,35.55360717773438,0.252398597793281,0.154140760397911,-0.0170205833079293
1776177533656539000,35.563538818359376,0.2233481521368026,0.0856084914416074,0.094862495868653
1776177533666471000,35.573470947265626,0.1923266986683011,0.0846522136300802,0.0631956937013193
1776177533676403000,35.58340283203125,0.1431499953061342,-0.0125198743551969,-0.0210193706205114
1776177533686334000,35.593333984375,0.0108545714914798,-0.0124590840786695,0.0088911259314045
1776177533696266000,35.60326586914063,-0.1019721817433834,0.051427404898405,-0.0170972287407144
1776177533706197000,35.613197021484375,-0.1285866324245929,0.0253892928004264,-0.0554949100656434
1776177533716129000,35.62312890625,-0.0793488465249538,0.0047942485392093,-0.0022266265409067
1776177533726060000,35.63306005859375,-0.0105026893138885,-0.0510112253129482,0.0272368568958714
1776177533735992000,35.64299194335938,0.0540194672182202,-0.0663584320485591,0.0183399222781881
1776177533745924000,35.65292407226563,0.0930675752758979,-0.0393301398694515,-0.0280067452898249
1776177533755855000,35.66285522460937,0.0516129905983805,-0.0251408709973096,-0.0404504126036539
1776177533765787000,35.67278686523437,-0.0218833305060863,-0.0033820436537265,-0.0540150833040475
1776177533775718000,35.6827177734375,-0.085366791640222,-0.0116015904664993,-0.1018716074457392
1776177533785650000,35.69264990234375,-0.1437843476869165,-0.0470125110656023,-0.0763541216883808
1776177533795582000,35.70258203125,-0.1718004818595945,-0.1353355221629142,-0.0323553324207663
1776177533805513000,35.71251293945313,-0.1638777260363101,-0.1660515629440546,0.0469644341401755
1776177533815445000,35.72244506835938,-0.1209936930775642,-0.2088075856089591,0.1049676737649366
1776177533825376000,35.7323759765625,-0.1033431778356432,-0.1431862356632947,0.0600767214305698
1776177533835308000,35.74230810546875,-0.0800990803703665,-0.0618541063666343,0.0485742439569905
1776177533845239000,35.75223901367188,-0.0340384632021188,0.0226730195790529,0.0195526225361973
1776177533855171000,35.762171142578126,0.0802411191895604,0.0743272189706563,0.0442294196857139
1776177533865103000,35.77210302734375,0.1283367493167519,0.0888403129696846,-0.0039584187695756
1776177533875034000,35.7820341796875,0.1073687800899148,0.1353133103311062,-0.0017881255257874
1776177533884966000,35.7919658203125,0.0344841611430048,0.1237386078715324,0.0282527559401467
1776177533894897000,35.80189697265625,-0.0578217821106314,0.0934919381678104,0.0169881058104336
1776177533904829000,35.81182885742187,-0.1197206044018268,0.0910258403152227,0.0390868691654875
1776177533914761000,35.82176098632812,-0.1481295372843742,0.0911503434777259,0.065591064405255
1776177533924692000,35.83169189453125,-0.1114966736748814,0.0411532636433839,0.0449776077045127
1776177533934624000,35.8416240234375,-0.0911152721643447,0.0161959325194358,0.0768784012908116
1776177533944555000,35.85155493164063,-0.0613069938778877,0.0118605336636304,0.0609403890551999
1776177533954487000,35.86148706054688,-0.0445452441692352,-0.0191278943181037,-0.0003339446621015
1776177533964418000,35.87141796875,-0.05065349791646,-0.0189718269735574,-0.0157326623892411
1776177533974350000,35.88135009765625,-0.0342179114222526,-0.0037859482795,-0.0416768491260707
1776177533984282000,35.8912822265625,-0.0709609574079513,0.0004646949023008,-0.0391203695762902
1776177533994212900,35.901212890625,-0.0523939118430018,-0.045489247021079,-0.0376380585966631
1776177534004145000,35.911144775390625,-0.0096349665686488,-0.0636117636889219,-0.0329950185637921
1776177534014076000,35.92107592773438,0.0520091503091156,-0.0437783514499664,-0.0650519525598734
1776177534024008000,35.93100805664063,0.0584630026236176,-0.0560427897393703,-0.053323484310694
1776177534033940000,35.94093994140625,0.0329904154539108,-0.0622930823057889,-0.0530113496216014
1776177534043871000,35.95087109375,0.0184729375407099,-0.0530430234014987,-0.0705299455795437
1776177534053803000,35.96080297851562,-0.0118180096961557,-0.0284171161890029,-0.1190501943269744
1776177534063734000,35.97073413085938,-0.0792168907083571,0.0223924490720033,-0.1260008537150919
1776177534073666000,35.980666015625,-0.1208119067698717,0.0375040934860706,-0.1296666827462613
1776177534083597000,35.99059716796875,-0.113558282379806,0.0326928938120603,-0.0886197655541822
1776177534093529000,36.00052905273437,-0.0668070525988936,0.0388005630373954,-0.0942752340326085
1776177534103461000,36.01046118164062,-0.0437599390104413,0.0207435128211975,-0.0845790753286331
1776177534113391900,36.020391845703124,-0.046800329619646,0.0168429982513189,-0.0669130337240174
1776177534123324000,36.030323974609374,-0.0215013454511761,0.0516074376404285,-0.0761668554879724
1776177534133255000,36.0402548828125,-0.0187634449198842,0.0919686741232872,-0.0985556878307834
1776177534143187000,36.05018701171875,-0.0370247855365276,0.1276385379195213,-0.0974785966511815
1776177534153119000,36.060118896484376,-0.0616536153584718,0.1465992589771747,-0.075750456706807
1776177534163050000,36.07005004882812,-0.040416473801434,0.1151952359318733,-0.0712900066992267
1776177534172982000,36.07998193359375,-0.0424891884222626,0.0781406397789716,-0.0133047411225736
1776177534182913000,36.0899130859375,-0.0010711363628506,0.0411526791214942,0.0811335014520212
1776177534192844800,36.0998447265625,0.0615650602921843,-0.0169902977675199,0.0951871247131377
1776177534202776000,36.10977612304688,0.0885816620334982,-0.0293500131249427,0.1216920506052672
1776177534212708000,36.1197080078125,0.0913271613493561,-0.024026772275567,0.1493597366664558
1776177534222640000,36.12964013671875,0.0956406406342983,-0.0178378545075654,0.1061716792598366
1776177534232571000,36.13957080078125,0.0969381330989301,0.0463484941989183,0.0195836021963506
1776177534242503000,36.1495029296875,0.0841873725973069,0.0838420662909746,-0.0237524123135954
1776177534252434000,36.159433837890624,-0.0018261925138533,0.0772474903315305,-0.0113946331849321
1776177534262366000,36.16936596679688,-0.0320870368734002,0.0476133995682001,-0.0052490065693855
1776177534272298000,36.179298095703125,-0.0208417124986648,0.0144745155543088,0.0102590167511254
1776177534282229000,36.18922900390625,-0.0167030052587389,-0.0111012397289276,0.0132462889336049
1776177534292161000,36.1991611328125,-0.0343675490260124,-0.0470434907257556,-0.0186223924813792
1776177534302092000,36.20909204101562,-0.0213864868998527,-0.0597615180015563,-0.0121933458145707
1776177534312023800,36.21902392578125,-0.0455870083071291,-0.0488730442404747,0.070768138249591
1776177534321955000,36.228955078125,-0.0579227582670748,-0.0364648135662078,0.0469231522817164
1776177534331887000,36.23888720703125,-0.0329869083225727,-0.0153267484694719,-0.0009844809927046
1776177534341819100,36.24881909179688,-0.0169999423786997,-0.0002753098100423,0.030879524247162
1776177534351750000,36.25875,-0.017907704873383,0.0068769000321626,0.0405684860253706
1776177534361682000,36.26868188476563,-0.014591712193191,0.0384568641662597,-0.0012959215620532
1776177534371613000,36.27861303710937,-0.0092865915223956,0.0679243661910295,-0.070479128707759
1776177534381545000,36.288544921875,-0.0042342765688896,0.0757850165635347,-0.1248664428576827
1776177534391477000,36.29847705078125,-0.0078697104617953,0.110266547358036,-0.1844295887429267
1776177534401408000,36.308407958984375,-0.0469207411289215,0.1107739123582839,-0.183990247477591
1776177534411340000,36.31834008789063,-0.1255237377226352,0.0363087462216615,-0.1142132026245817
1776177534421271000,36.32827099609375,-0.0875295226320624,-0.0329494989216327,-0.0456711063940078
1776177534431202800,36.33820288085938,-0.0448188004136085,-0.0501449638724327,0.0232381061159074
1776177534441134000,36.34813403320312,-0.0388645681843161,-0.0879196909934282,0.0753001921886578
1776177534451066000,36.358066162109374,-0.0394759780809283,-0.1367792912304401,0.098617245292291
1776177534460998100,36.367998046875,0.0176107677534222,-0.1462549755841493,0.0637070042243227
1776177534470929000,36.377928955078126,0.0159589088931679,-0.138418875131011,-0.0508502260649576
1776177534480861000,36.38786083984375,-0.0807443925365805,-0.0888952580273151,-0.117804833908379
1776177534490792000,36.3977919921875,-0.1719555262908339,-0.051328620699048,-0.1986170309841632
1776177534500724000,36.40772387695313,-0.1781120030939579,-0.0340507381618022,-0.2452376566553488
1776177534510655000,36.41765502929688,-0.1134802487075328,-0.03487549854815,-0.1914530941715463
1776177534520587000,36.4275869140625,-0.0241980371892452,-0.0441366633683443,-0.1377336328132078
1776177534530519000,36.43751904296875,0.0317266791284084,-0.0223187993139028,-0.0072277227638289
1776177534540450000,36.44744995117188,0.0243149415671825,0.0348778366357088,0.0408551209470257
1776177534550381800,36.4573818359375,0.0149167063638567,0.0842494780480861,-0.0737318468933925
1776177534560313000,36.46731298828125,-0.0313563845112919,0.1304956809163093,-0.177594956949912
1776177534570245000,36.4772451171875,-0.1057581300228834,0.1627145274758338,-0.1881787486759945
1776177534580177200,36.48717724609375,-0.1398486156731843,0.151087802568078,-0.1683439116649329
1776177534590108000,36.49710791015625,-0.0917798735529184,0.0616676438838243,-0.1589987948883325
1776177534600040000,36.5070400390625,-0.0513116695642471,-0.0094037881612777,-0.1110206536609679
1776177534609971000,36.51697094726563,-0.0360962725147604,-0.0986877532452344,-0.0231753065453842
1776177534619903000,36.52690307617188,-0.0462342201694846,-0.1492570800095796,0.0636234541267156
1776177534629834000,36.536833984375,-0.0238870715439319,-0.1508300284147262,0.0837817144058644
1776177534639766000,36.54676611328125,0.0500301053211092,-0.1486760652512312,0.1250327393352985
1776177534649698000,36.55669799804687,0.1192012567028403,-0.0730588064700365,0.1741676128497347
1776177534659628000,36.5666279296875,0.1459530700281262,0.0576139845788478,0.1687234125018119
1776177534669560300,36.57656030273437,0.1370271285116672,0.1514747560590505,0.1574560954909771
1776177534679491300,36.5864912109375,0.0878057092249393,0.1969026282817125,0.2092334463382139
1776177534689423400,36.59642333984375,0.0271627322137355,0.1909364133536815,0.2082117386076599
1776177534699355400,36.60635546875,0.0312228212594985,0.1842465603262185,0.1443059969408437
1776177534709286100,36.6162861328125,0.0383285616114735,0.1496329275846481,0.1197053337674587
1776177534719218200,36.62621826171875,-0.0033761984348297,0.0879699598759412,0.1081768085371702
1776177534729149400,36.6361494140625,-0.0194224933505058,0.0685047964274883,0.0937069691579788
1776177534739081500,36.64608154296875,-0.0436450804591178,0.054528878045082,0.0881839679528027
1776177534749012200,36.65601220703125,-0.0808288559496402,0.0081938278496265,0.0520645337581634
1776177534758944300,36.6659443359375,-0.1009808326184749,-0.0243599497526884,0.02918616433274
1776177534768876300,36.67587622070312,-0.1186357317745685,-0.0275023394316434,0.0212085730496793
1776177534778807000,36.68580712890625,-0.1245458326011896,0.0183148243695497,-0.006447641769424
1776177534788739300,36.6957392578125,-0.0878469180181622,0.0270242005258798,-0.0773081344775855
1776177534798670300,36.70567041015625,-0.0774494426444172,0.0557189646124839,-0.091448778435029
1776177534808602400,36.71560229492187,-0.0794692580342292,0.1166255609959363,-0.0667304436987265
1776177534818534400,36.72553442382812,-0.025390169583261,0.0959662193268537,-0.1352167546214535
1776177534828465200,36.735465087890624,0.048378246460855,0.0728770201623439,-0.0830876311944797
1776177534838397200,36.74539721679688,0.0491387094393372,0.0723719932496547,-0.0474290925098583
1776177534848328400,36.75532836914063,0.0560381135642528,0.0958539911240339,-0.0430079515993595
1776177534858260200,36.76526025390625,0.0625575784608721,0.0699964962899684,-0.0555988088315352
1776177534868191200,36.77519116210937,0.0268278011709451,0.0391156203359365,-0.038053215268813
1776177534878123300,36.78512329101562,-0.0168120185911655,0.0419996513396501,-0.0319908464899286
1776177534888055300,36.79505517578125,-0.0794116826280951,0.0476888028919696,-0.0675049352025613
1776177534897986000,36.804986083984375,-0.1367301913917064,0.0742524001687765,-0.1072746355330571
1776177534907918300,36.81491845703125,-0.1864779726400971,0.0511620319604873,-0.0812903725141659
1776177534917849300,36.82484936523438,-0.1657987572267651,0.0061713821113109,-0.056401028592512
1776177534927781400,36.83478149414063,-0.1378232473254203,0.0065495677739381,-0.0451433927254751
1776177534937713400,36.84471337890625,-0.0294452901929616,0.016611527583003,-0.0405719200914725
1776177534947644200,36.85464404296875,0.1527013752445578,0.0313099150210618,-0.0463121442439034
1776177534957576200,36.864576171875,0.2770361954435706,0.0484182862102985,-0.0471079707967117
1776177534967507500,36.87450756835938,0.2971732668042183,0.0424275213629007,0.0314619637776166
1776177534977439200,36.884439208984375,0.2813806543886661,0.0394996512174606,0.0849079784894362
1776177534987370200,36.89437036132812,0.2227519398093223,0.0429074138343334,0.051957639317587
1776177534997302300,36.90430224609375,0.1023486138403415,0.0408481432169675,0.0909460896098986
1776177535007234300,36.914234375,-0.0072281976878643,0.0126513917803764,0.0922887729231268
1776177535017165300,36.92416528320312,-0.0196761758506298,-0.0228255797922611,0.0315959288882091
1776177535027097300,36.934097412109374,0.0151581139042973,-0.0343827465951442,0.0374949603315442
1776177535037028400,36.9440283203125,0.0221945884123444,-0.0587362666070461,0.0605656009260565
1776177535046960400,36.95396044921875,0.0053919221714138,-0.0365571680247783,0.0320106106363236
1776177535056892200,36.96389208984375,0.0195770993903279,0.0185457105159759,-0.029814160037972
1776177535066823200,36.9738232421875,0.0199823191903531,0.0296048646688461,-0.0849350491594523
1776177535076755200,36.98375512695313,-0.0215899005174636,0.0026373627662658,-0.059122672108747
1776177535086686500,36.9936865234375,-0.0508764930173754,-0.0234860895276069,-0.0317019100133329
1776177535096618200,37.0036181640625,-0.0481320166148245,-0.0637590632051229,-0.015831738849543
1776177535106549200,37.01354931640625,-0.0505748797222971,-0.0817301887035369,-0.018857662541978
1776177535116481300,37.02348120117188,-0.0104182259008288,-0.072613985311985,0.0291111263351514
1776177535126413300,37.033413330078126,0.0283753228738904,-0.0852191998630762,0.0673936568478122
1776177535136344300,37.04334423828125,0.1034697268247604,-0.071090136745572,0.0002034866828471
1776177535146276400,37.0532763671875,0.1190402209222316,-0.0291471840292215,-0.0353571811178699
1776177535156207400,37.063207275390624,0.0796130504190921,0.0293020823299884,-0.0805752099821344
1776177535166139400,37.07313940429688,0.0100002927497029,0.0217044668078422,-0.0386422306705266
1776177535176071200,37.0830712890625,-0.024698095665872,0.0372100789755582,-0.0375541066402569
1776177535186002200,37.093002197265626,-0.0222168002441525,0.0316156199693679,-0.0333076281769201
1776177535195934200,37.10293432617188,-0.0473652700260281,0.0494932219654321,0.0027362200308591
1776177535205865500,37.11286547851562,-0.0357666021689772,0.0370271236240863,0.0122385731957852
1776177535215797200,37.12279736328125,-0.0306695712909102,0.0346253231793642,0.0230034936424344
1776177535225728300,37.132728271484375,-0.0116223409935832,0.0116939449250698,0.0121223264049738
1776177535235660300,37.14266040039063,0.0032777064964175,0.0206873987197875,-0.0358190264759585
1776177535245592300,37.15259228515625,-0.0079509590044617,0.0454939231961965,-0.0509457953939214
1776177535255523300,37.1625234375,-0.0848547504648566,0.0415232659995555,-0.0065323974434286
1776177535265455400,37.17245532226563,-0.0820104669496417,0.0384703081697225,0.0124823553564026
1776177535275386400,37.18238647460937,-0.0739282827809452,0.0236608615726232,0.0293925736250355
1776177535285318400,37.192318359375,-0.0381532050445675,0.0145744687974452,0.0462300919836387
1776177535295250200,37.20225024414062,0.0228697111949324,0.0182633864432573,0.0197291846795007
1776177535305181200,37.21218115234375,0.0502314731121063,0.0147977561593055,0.0365472311526536
1776177535315113200,37.22211328125,0.0796314628586173,0.0379670348227024,0.0119417822062969
1776177535325044200,37.23204418945313,0.0999684407055377,0.0547509963631629,-0.0469557028444483
1776177535334976300,37.24197631835938,0.0969967314183712,0.0533300236493349,-0.0806466312505304
1776177535344907300,37.2519072265625,0.0554705428093671,0.0508422984868288,-0.0641499622188508
1776177535354839300,37.26183935546875,0.0274091081902384,0.0394634108603,0.0030367008147761
1776177535364771300,37.27177124023437,-0.0491343255251646,0.0002191957086324,0.0183664814915508
1776177535374702300,37.281702392578126,-0.0484846294447779,-0.0055751697838306,0.0099606183264404
1776177535384634400,37.29163427734375,-0.0235597392857074,-0.004226093262434,-0.0342271907072514
1776177535394565400,37.3015654296875,-0.0114744569554924,-0.0059831660628318,-0.0212491242557764
1776177535404497400,37.31149731445313,0.0151402859866619,0.0062871174454689,-0.0389832261279225
1776177535414429200,37.32142919921875,0.0272249837949872,0.0208598326772451,-0.0871068402405828
1776177535424360200,37.33136010742187,-0.0177241650000214,0.026902619972825,-0.0940671807724982
1776177535434292200,37.34129223632812,-0.0485389899805188,0.0418868386149406,-0.0961770855985581
1776177535444223200,37.35122314453125,-0.0706064448818564,0.0354804787039756,-0.0594447436699643
1776177535454155300,37.3611552734375,-0.0477788192629814,0.0114116208523511,-0.0294237359482795
1776177535464086300,37.37108618164063,-0.0242620423361659,-0.02472995210886,0.0119633729835972
1776177535474018300,37.38101831054688,0.0074690207064151,-0.0601478869706392,0.0044147477023303
1776177535483950300,37.39095043945313,0.0569053979180753,-0.0708271018952131,0.0232186342304572
1776177535493881300,37.40088134765625,0.0666783116526901,-0.0530658197551965,0.0299705927086994
1776177535503813400,37.4108134765625,0.0307610489666461,0.0156774616032838,0.010786365093477
1776177535513744400,37.42074438476563,-0.0082557871699333,0.046585810086131,-0.0051574192957952
1776177535523676200,37.43067626953125,-0.0513815199300646,0.0741530314475297,0.0169006467226892
1776177535533607200,37.44060717773438,-0.0864344208717346,0.0697211864799261,0.0141669839750975
1776177535543539200,37.45053930664063,-0.0883574978888034,0.0600561170339584,-0.0102392160721123
1776177535553471200,37.46047119140625,-0.0512733833804726,0.0567868861049413,0.0070837111832574
1776177535563402200,37.47040234375,-0.0316498144999146,0.0331032281786203,0.0410796138852834
1776177535573334300,37.48033422851562,-0.0208582252420485,0.0706733726382255,0.0142102385949343
1776177535583265300,37.49026538085938,0.0142892221152782,0.0860281781584024,-0.0283025864312425
1776177535593197300,37.500197265625,0.0656137511610984,0.0861918442875146,-0.0663963529061526
1776177535603129300,37.51012939453125,0.0267082664445042,0.0757774177789688,-0.0650007703619077
1776177535613060400,37.52006030273437,-0.0443967756092548,0.0068283847153186,0.0001067848427221
1776177535622992400,37.52999243164062,-0.0996282489657402,-0.015869184783101,0.0743057012585923
1776177535632923400,37.53992333984375,-0.124686702376604,-0.0084691376596689,0.1089763614170253
1776177535642855200,37.549855224609374,-0.1511974004223942,-0.0292658419728279,0.0274476501023396
1776177535652787500,37.55978735351562,-0.1740976528860628,-0.0534989504754543,0.0457200966348871
1776177535662718500,37.56971850585938,-0.1367607326604425,-0.0343909299015998,0.049600956656225
1776177535672650500,37.579650390625,-0.0300932327076792,-0.0311047478377819,0.0071373410666361
1776177535682581500,37.58958154296875,0.0419888376846909,-0.02709843480587,0.0084254446484148
1776177535692513500,37.59951342773437,0.0933168738618493,0.0099491470843553,-0.0154075951533392
1776177535702444500,37.609444580078126,0.1364803082838654,0.0371375982612371,-0.0464329210793599
1776177535712376600,37.61937646484375,0.1558233066573739,0.0651794513970613,-0.0915874197207391
1776177535722308600,37.62930859375,0.1001671781480312,0.0515127450942993,-0.0459222316108644
1776177535732239400,37.6392392578125,0.0363517085805535,0.024808278042078,-0.0315991072259843
1776177535742171600,37.64917163085938,0.024110651166737,0.0158761990457773,-0.086404756385833
1776177535752102700,37.6591025390625,-0.0019335984110832,-0.0178138891100883,-0.049329263575375
1776177535762034400,37.66903442382812,-0.0239276958152651,-0.0418938528776168,0.0066624170312657
1776177535771965400,37.67896533203125,-0.0703974783062934,-0.0795639505803585,0.0435853861611336
1776177535781897500,37.6888974609375,-0.0913854674078524,-0.0733610042870044,0.0642461160697042
1776177535791829500,37.69882958984375,-0.0601731675423681,-0.0614502017408609,0.0368764631070196
1776177535801760500,37.70876049804688,0.0273588393077254,-0.0510468811482191,0.0359514572165906
1776177535811692500,37.71869262695313,0.0886181946516037,-0.0343254634499549,-0.0159271620480343
1776177535821623600,37.72862353515625,0.1251122343122959,0.0473322445392608,-0.065375521958433
1776177535831555600,37.7385556640625,0.1016767059281468,0.079314944255352,-0.0635988676747307
1776177535841487400,37.7484873046875,0.0443278020262718,0.0776870507925748,-0.0461199096074327
1776177535851418400,37.75841845703125,-0.0258440508306026,0.0822685333639383,0.0074328168818727
1776177535861350700,37.7683505859375,-0.072263272178173,0.0307242240875959,0.0836126779818907
1776177535871281700,37.77828173828125,-0.0444938062429428,-0.0173959559589624,0.0943700727092102
1776177535881213400,37.78821337890625,-0.0686826372124254,-0.0114233112901449,0.0173390381399542
1776177535891144400,37.79814453125,-0.1310593061484396,-0.0076548986673355,0.01797043137867
1776177535901076500,37.80807641601562,-0.1300409228861332,-0.0126250882953405,0.004348441000469
1776177535911008500,37.818008544921874,-0.0543570286095142,0.0047919104516506,0.0057762453138828
1776177535920939500,37.827939453125,0.0291337400257587,0.0233481423616409,0.0129996206961572
1776177535930871600,37.83787158203125,0.0537868275061249,0.0404343017190694,-0.0070301908977329
1776177535940802600,37.84780249023437,0.0187941323190927,0.0647463206768035,0.037454336060211
1776177535950734600,37.85773461914062,-0.0061254971429705,0.0704062461346387,0.0539326291849836
1776177535960666400,37.86766625976563,-0.0257917361214756,0.0511257916033267,0.0337632995225489
1776177535970597600,37.87759765625,-0.0496542577460408,0.0373006798684596,0.0416281146135181
1776177535980529700,37.88752978515625,-0.0831812642946839,-0.0029097499668598,0.0038100232748314
1776177535990460700,37.89746069335938,-0.0766356420435011,-0.0143143565565347,-0.0186166568603366
1776177536000392400,37.907392333984376,-0.073402797602117,-0.0208043030977249,0.0378477923572063
1776177536010323500,37.91732348632812,-0.0370937591195106,-0.0222615161687135,0.0906484949028119
1776177536020255500,37.92725537109375,0.0283025498986244,-0.0295890825778245,0.0638188305683434
1776177536030187500,37.9371875,0.0932965617261827,-0.0126619131743907,-0.011425430181995
1776177536040118500,37.94711840820312,0.0937608182370662,0.002955927196145,-0.057827883057855
1776177536050050600,37.957050537109374,0.0353109673559665,0.0506371313035488,-0.0676870868364349
1776177536059981600,37.96698168945313,-0.0236792740121483,0.041526188609004,-0.1033899761194363
1776177536069913600,37.97691357421875,-0.038461832602322,0.0312871186673641,-0.1127902206167578
1776177536079845400,37.98684545898438,-0.0238049462184309,0.0491255576968193,-0.0571248858876526
1776177536089776600,37.99677661132812,-0.012958996424824,0.0144125562340021,-0.0137050655517727
1776177536099708700,38.00670874023437,0.0297638546228408,-0.0246761760950088,0.0085040263099595
1776177536109639400,38.01663940429688,0.011761603333801,-0.0013198504269123,0.0155779832841828
1776177536119571500,38.026571533203125,-0.014116203635931,0.0098632223665714,-0.0243535200119018
1776177536129502500,38.03650244140625,-0.0116429453901946,0.0232259772866964,-0.0384136826116591
1776177536139434500,38.0464345703125,-0.0096719375781714,0.0137789345055818,-0.0818658343145623
1776177536149366500,38.05636645507813,-0.0062312956050038,0.0258516496151685,-0.0874109377536922
1776177536159297500,38.06629760742187,-0.021923077994585,0.0228846165031194,-0.0309007496982812
1776177536169229600,38.0762294921875,-0.0302288417860865,-0.014850947651267,-0.0414266372246667
1776177536179160600,38.08616064453125,0.0005216857865452,0.0028787703067064,-0.0895981455996632
1776177536189092600,38.09609252929688,-0.0059422495305538,0.0035293431699275,-0.0896504603087902
1776177536199024400,38.1060244140625,-0.0409971962988376,0.0401432098180055,-0.0607928338106721
1776177536208955600,38.11595556640625,-0.0271203543767333,0.0214601366579532,-0.0580569791059941
1776177536218887700,38.1258876953125,-0.059212067425251,0.032322306933999,-0.0209906559826806
1776177536228818400,38.135818359375,-0.0797664874151349,0.0166477679401636,-0.0069789721671491
1776177536238750500,38.14575048828125,-0.0178632812097668,-0.0045639469146728,-0.016257672644034
1776177536248681500,38.155681396484376,0.0223984404213726,-0.0275695594489574,-0.0369005746349692
1776177536258613500,38.16561352539063,0.0264202432833611,-0.0400543624907731,-0.0464173216514289
1776177536268545500,38.17554565429688,0.0487058709800243,-0.0252536837220191,-0.0478957601735368
1776177536278476500,38.1854765625,-0.0008943184912204,0.03929565307796,-0.04133073910214
1776177536288408600,38.19540869140625,-0.0954790203317999,0.0632727409929037,-0.0626163229107856
1776177536298339600,38.205339599609374,-0.1561703665293753,0.0526028784185647,-0.0286533360976725
1776177536308271400,38.21527124023437,-0.1085321247808635,0.0169651633262634,-0.006660078943707
1776177536318203400,38.22520336914062,-0.0148952251844108,-0.000255436065793,-0.0612447788292542
1776177536328134700,38.235134765625,-0.0296226925864815,0.0061585226297378,-0.0739712816724553
1776177536338066700,38.24506665039063,-0.0913335910901427,0.0131640174776315,0.0376993968624621
1776177536347997400,38.25499755859375,-0.1072115437015891,0.0266764100015163,0.0637315906763076
1776177536357929500,38.26492944335938,-0.0331581732362508,0.0451122304022312,-0.0338977395571768
1776177536367860500,38.27486059570312,-0.0007131167054176,0.0744207424730062,-0.1057617102194577
1776177536377792500,38.28479248046875,-0.0279063901878893,0.0914227306783199,-0.0578091418247669
1776177536387724300,38.29472436523437,-0.0871457840114832,0.0761906747549772,-0.0125077455259859
1776177536397655600,38.30465551757813,-0.0560639786578714,0.0267787013322114,-0.0492378224322572
1776177536407587600,38.31458764648438,-0.0192950675785541,0.0031780455142259,-0.096923556584306
1776177536417518600,38.3245185546875,-0.0443890306942164,-0.0424433034539222,-0.073569130612351
1776177536427450400,38.33445043945313,-0.1169749589554965,-0.041000118908286,0.0476801446614787
1776177536437382400,38.34438232421875,-0.117832890959084,-0.0517354479342699,0.067250120191276
1776177536447313700,38.354313720703125,-0.0672165101826191,-0.0361047480821609,0.013009265307337
1776177536457245700,38.36424560546875,-0.0564965248562395,-0.0210258368939161,0.0185843620259314
1776177536467176400,38.37417651367188,-0.0304278714895248,0.0178150581538677,0.0032956805445253
1776177536477108500,38.3841083984375,-0.0341559521019458,0.04944119951725,0.0242541878232732
1776177536487039500,38.39403955078125,-0.0686485888123512,0.0105383451491594,0.0610020926471799
1776177536496971500,38.40397143554687,-0.0663616469189524,0.0016565350353717,0.0272164351623505
1776177536506903300,38.4139033203125,-0.0443771941259503,-0.0140320324838161,-0.0679998425800353
1776177536516834600,38.42383447265625,-0.0330801395639777,-0.0098404260128736,-0.0831610252242535
1776177536526766600,38.4337666015625,-0.0514694904744625,0.0100070147514343,-0.0404128570722416
1776177536536697600,38.44369750976563,-0.0796763249136507,0.0112654903799295,-0.0285197728458791
1776177536546629400,38.45362939453125,-0.082711016434431,0.0138847329676151,0.0312399185247719
1776177536556561400,38.4635615234375,-0.0452200746908783,-0.0168003281533718,0.1122366783872246
1776177536566492700,38.47349267578125,-0.0388029011249542,-0.0384960271328687,0.1064909743420779
1776177536576424700,38.4834248046875,-0.0220583948120474,-0.0245797299832105,0.0777344701308757
1776177536586355500,38.49335546875,-0.0212042622007429,-0.0105827688127756,0.0259717688634991
1776177536596287500,38.50328759765625,-0.0395581034064292,0.0082779990017414,-0.0219839413363486
1776177536606218500,38.51321850585938,-0.0815966254517435,0.0457838460534811,0.0299348638081923
1776177536616150500,38.52315063476563,-0.1140301376752555,0.0416255573302507,0.0528775306414812
1776177536626082300,38.53308227539063,-0.0748094495296478,0.0134451725065708,0.0183535124121233
1776177536636013600,38.543013671875,-0.0322014570333063,0.0194634098827838,-0.002490136315301
1776177536645945600,38.55294555664062,-0.0156213475018739,0.0289513691961765,-0.0492806386606767
1776177536655876600,38.562876708984376,0.0008002104669809,0.023761983859539,-0.0454546140991151
1776177536665808600,38.57280859375,0.011802519866079,-0.0021323358535766,-0.0354706148970872
1776177536675740700,38.58274072265625,0.0205050278902053,-0.0147287825763225,-0.0379442384690046
1776177536685671700,38.59267163085938,-0.0146282448112964,-0.0094259999930858,0.0038194486903026
1776177536695603700,38.60260375976563,-0.0570817773982882,-0.0516962849676609,0.07053560813535
1776177536705534700,38.61253466796875,-0.0451800349414348,-0.031235096219182,0.0984716628091409
1776177536715466500,38.62246655273437,-0.0316913155540823,-0.019752163696289,0.0688036332435906
1776177536725397500,38.6323974609375,-0.0060214522466063,-0.0112871176898479,0.0300907850222662
1776177536735329500,38.64232958984375,-0.0119113870680332,0.0272907425075769,0.0450951696695759
1776177536745261600,38.652261474609375,-0.0146396429881453,0.029172318470478,0.0709322427701205
1776177536755192600,38.66219262695312,0.029205928479135,0.0170288762122392,0.0438781585626304
1776177536765124600,38.67212451171875,0.0447892820581793,0.0265828864991664,0.0399517788991332
1776177536775055600,38.6820556640625,0.0531555438652634,0.0013028992921113,0.0076615841364488
1776177536784987600,38.69198754882812,0.0374728215649724,0.0055102878540754,-0.0251924185214564
1776177536794919400,38.70191943359375,-0.0259691385149955,-0.002976385462284,-0.0043273982124403
1776177536804850700,38.7118505859375,-0.0690706136167049,0.0079454060465097,-0.0368209335274994
1776177536814782700,38.72178271484375,-0.042068917183578,0.0219604873955249,-0.041493272720091
1776177536824713700,38.73171362304687,-0.0504898317873477,0.0018938509225845,-0.0243520221745595
1776177536834645500,38.7416455078125,-0.0132379594966769,-0.0249251824200153,0.0832029646698385
1776177536844576500,38.75157641601562,0.0208873052060604,-0.02568096922338,0.0877564267231151
1776177536854508500,38.761508544921874,0.059072074432671,-0.0152928461998701,0.0727292457221075
1776177536864440600,38.77144067382813,0.0828071702852845,0.0125654670625925,0.0485650377372279
1776177536874371600,38.78137158203125,0.0341886853277683,0.0429921695083379,0.0072341525046154
1776177536884303600,38.7913037109375,-0.0354918768808245,0.0575432574301958,-0.0572793823296204
1776177536894234600,38.80123461914062,-0.0656020607233047,0.0582727407485246,-0.0337189123915508
1776177536904166700,38.81116674804687,-0.0479880780994892,0.0255991361588239,0.0171024894377216
1776177536914097700,38.82109765625,-0.0385910119399428,-0.0224590845674276,0.0463499189710244
1776177536924029700,38.83102978515625,0.0442284333050251,-0.0522585950255393,0.0371719389222562
1776177536933961700,38.840961669921874,0.0652525166332721,-0.0653209056943655,0.0177856128636747
1776177536943892700,38.85089282226563,0.0363490782320499,-0.0378320102661848,0.0329980873037129
1776177536953824500,38.86082446289063,-0.0350328810669481,-0.0008487257838249,0.0328289412818849
1776177536963755500,38.87075561523437,-0.0218868376374244,0.0175473471283912,-0.001691971674934
1776177536973687600,38.8806875,-0.0013176584698259,0.0167483057051897,-0.0426486898329108
1776177536983619600,38.89061962890625,-0.0305994286641478,0.0020031565159559,-0.0097603099813684
1776177536993550600,38.900550537109375,-0.0705295802533626,0.019869652596116,0.0180742570793256
1776177537003482600,38.910482666015625,-0.0551926026508212,0.0389887790858745,0.0165673231150954
1776177537013413600,38.92041357421875,-0.0100011695325374,0.0721744248509407,-0.0224667564172297
1776177537023345700,38.930345703125,0.0505272411882877,0.0523258150428533,-0.0141551839394494
1776177537033277400,38.94027734375,0.0821861157774925,0.0343909299015998,-0.0388175872374325
1776177537043208700,38.95020874023437,0.0769511377334594,0.0407832612872123,-0.0625671865394339
1776177537053140700,38.960140625,0.0087631521701812,0.0331570041924715,-0.073424972901307
1776177537063071500,38.970071533203125,-0.046483226494491,-0.0050754035681486,-0.0842796905232593
1776177537073003500,38.98000341796875,-0.08826134403795,-0.0246323369532823,-0.0628014336867257
1776177537082934500,38.9899345703125,-0.1036572122208774,-0.0657201341450214,-0.0169268771424889
1776177537092866600,38.99986645507813,-0.0812219469204545,-0.0653583150953054,0.0127643141029402
1776177537102798600,39.00979858398438,-0.0749536803059279,-0.0399900650829076,0.0302552183363586
1776177537112729600,39.0197294921875,-0.0088227734029293,-0.025660510957241,-0.0051815308237448
1776177537122661600,39.02966162109375,0.0431330392837524,0.0037888708889484,-0.0224491476953029
1776177537132592600,39.03959252929688,0.0633094197414815,-0.0010351882666349,-0.0166232180207967
1776177537142524700,39.049524658203126,0.0612380202949047,0.0018447510838508,-0.0276114988945424
1776177537152455700,39.05945556640625,0.0304769713282585,0.0194815300613641,-0.061509165386483
1776177537162387700,39.0693876953125,0.0030979660153388,0.0248404267460107,-0.111314595106244
1776177537172319700,39.07931982421875,-0.0252818869031965,0.0238818108469247,-0.0845526622457429
1776177537182250500,39.08925048828125,-0.0610851678207516,0.010604396122694,-0.0324206162093207
1776177537192182500,39.0991826171875,-0.1018812885895371,-0.0169902977675199,0.0146012472065165
1776177537202113500,39.10911352539063,-0.0961519511573016,-0.0143576111763715,0.0064883025733754
1776177537212045600,39.11904565429688,-0.0279940684713423,-0.0207446818649768,-0.0335431174332276
1776177537221977600,39.1289775390625,-0.0068050038397312,-0.0254261176794767,-0.0033307518579065
1776177537231908600,39.13890869140625,-0.0267544436737895,-0.025854572224617,0.0511104844363406
1776177537241840600,39.14884057617188,-0.0312754282295703,-0.0012935469418764,0.0028076412992551
1776177537251771600,39.15877172851562,-0.0054503743603825,0.0264332488954067,-0.0871780788458883
1776177537261703400,39.16870336914062,-0.0129207102410495,0.0646358460396528,-0.0329836569195613
1776177537271635500,39.17863549804687,-0.0472450046472251,0.0491226350873708,0.0107999552274122
1776177537281566700,39.18856665039063,-0.064953387556225,0.0220528418540954,0.0136806617628782
1776177537291498800,39.19849877929688,0.0010309504829347,0.0457604651778936,-0.04284731767755
1776177537301429500,39.20842944335938,0.0163465930365026,0.0099298578619956,-0.0989697850570082
1776177537311361500,39.21836157226563,-0.0109375735998153,-0.006868716725707,-0.0639371962510049
1776177537321292500,39.22829248046875,-0.0487631541252136,0.0063239423245191,-0.0366333385335281
1776177537331224600,39.238224609375,-0.0961851227745413,-0.0047252749562263,0.0447494249718263
1776177537341156600,39.24815649414062,-0.1452431681931018,-0.0506827240109443,0.0638542306752875
1776177537351087600,39.25808764648438,-0.069525371646881,-0.0468646270275115,-0.0070254781899973
1776177537361019600,39.26801953125,0.0183878896057605,-0.03108955026865,-0.0792604741217568
1776177537370950700,39.27795068359375,0.0146039871528744,-0.0210842890828847,-0.1021666814021766
1776177537380882400,39.28788232421875,-0.040211306618154,-0.0022708675414323,-0.0993795714342966
1776177537390814500,39.297814453125,-0.0465501542508602,0.0120317985773086,-0.0689324107224121
1776177537400745700,39.307745849609375,-0.1196577682986855,-0.0254331319421529,-0.0151380940295755
1776177537410677800,39.317677734375,-0.1604322617575526,-0.0496872832328081,0.0294851472793146
1776177537420608500,39.3276083984375,-0.1393748606815934,-0.0512812744259834,-0.0400708021689206
1776177537430540500,39.33754052734375,-0.0848760855138301,-0.0445545965194702,-0.0889859685180708
1776177537440471600,39.34747143554687,-0.0820522602647542,-0.0247498258531093,-0.1234031288394704
1776177537450403600,39.35740356445312,-0.1035179498806595,0.0181242702335119,-0.1113442230595275
1776177537460335600,39.36733569335937,-0.0592740267455577,0.0376765274435281,-0.0845144491272047
1776177537470266600,39.3772666015625,-0.068607964541018,0.0368348159223794,0.0175883001932874
1776177537480198700,39.38719873046875,-0.1016165001735091,0.0192705176591873,0.0731845882741734
1776177537490129700,39.39712963867188,-0.0494783166572451,0.0204325471758842,-0.0070678925596177
1776177537500061400,39.4070615234375,0.0037725042760372,0.0251262579500675,-0.1146307704495266
1776177537509992700,39.41699267578125,-0.0031906127348542,0.0117453828513622,-0.0945554026808589
1776177537519924700,39.4269248046875,-0.059424541132152,0.0081967504590749,-0.0158144954537972
1776177537529856800,39.43685668945312,-0.0595125116765499,0.0208352827578783,0.0230795180207118
1776177537539787500,39.44678759765625,-0.0996878701984882,0.0123515320509672,0.0269310058170929
1776177537549719600,39.45671948242188,-0.1096583523318171,0.0064683192312717,0.0828075356114655
1776177537559650600,39.46665063476563,-0.0669929305598139,-0.0015285247415304,0.0770694668835029
1776177537569582600,39.47658251953125,-0.0061421560168266,-0.0135077163487672,-0.0699871074071153
1776177537579514600,39.4865146484375,-0.0001370703831315,-0.0070516720771789,-0.1148351339152082
1776177537589445600,39.49644555664062,-0.0102265027210116,0.0038128362864255,-0.0321736922435462
1776177537599377700,39.50637768554687,-0.0586553103253245,0.0332294849067926,-0.0180307832637801
1776177537609308700,39.51630859375,-0.1128027878373861,0.0281423909008502,0.0220414071446284
1776177537619240400,39.526240478515625,-0.130535428404808,0.0628887101113796,0.0736757693246007
1776177537629171700,39.53617163085938,-0.0738926269456744,0.0566466008514165,0.0413012207467108
1776177537639103700,39.54610375976562,0.0011874562188982,0.0733586661994457,-0.0114419429253786
1776177537649035800,39.55603588867187,0.0552922636330127,0.0870037451922893,-0.0438136784916743
1776177537658966500,39.56596655273437,0.0529872015610337,0.1169213290721178,-0.0370822148121893
1776177537668898600,39.57589868164062,0.0263826877519488,0.098116090837121,-0.0369706441964954
1776177537678829300,39.585829345703125,0.0032601708397269,0.0812356831848621,-0.0271800121420994
1776177537688761600,39.59576171875,-0.010169804097712,0.0562380200505256,0.0219005739018321
1776177537698693600,39.605693603515626,-0.0177557291820645,0.0044862055033445,-0.0084252254527062
1776177537708624400,39.61562426757813,-0.0172425189629197,-0.0423100324630737,0.0004921674311161
1776177537718556400,39.62555639648438,-0.0383224241316318,-0.0502706360787153,-0.0035444311412051
1776177537728487400,39.6354873046875,-0.0195744690418243,-0.0332914442270994,0.0072153382062911
1776177537738419500,39.64541943359375,0.0352595294296741,-0.0332984584897756,0.0446496909243986
1776177537748350500,39.6553505859375,0.0560629557445645,-0.0301069689720869,0.0472602752815932
1776177537758282500,39.665282470703126,0.1034755720436573,-0.014850947651267,0.0003658376377075
1776177537768214500,39.675214599609376,0.1016457262679934,0.012747253370285,0.0047273573154583
1776177537778145500,39.6851455078125,0.0777726832494139,0.0456862308979034,-0.0192287243440747
1776177537788077600,39.69507763671875,0.075320029400289,0.0696077892333269,-0.0963765536934137
1776177537798008300,39.70500830078125,0.0994917631044983,0.0595399842053651,-0.103920831593126
1776177537807940600,39.71494067382813,0.0848059428870677,0.0405178883492946,-0.0814199902432039
1776177537817872600,39.72487255859375,0.0525008793488144,-0.0090969141691923,-0.0413468865193426
1776177537827803400,39.73480346679688,0.0147784669369459,-0.0393336470007896,-0.0026782427659258
1776177537837735400,39.7447353515625,-0.0162029467821121,-0.033379707032442,0.0494531091507524
1776177537847666400,39.75466650390625,-0.0624175854682922,-0.0278641584813594,0.0928276290401816
1776177537857598500,39.76459838867188,-0.0475447182461619,-0.0202969380974769,0.0426424062225967
1776177537867530500,39.77453051757813,0.0244815303057432,0.0034065935730934,-0.0240866492366418
1776177537877461500,39.78446142578125,0.0384857979997992,0.0467073906391859,-0.0596731455983594
1776177537887393500,39.7943935546875,0.0054945057630538,0.0737818600475788,-0.0132030708463862
1776177537897324500,39.80432446289063,-0.020192308679223,0.0858949071675539,0.0643894700631499
1776177537907256300,39.81425634765625,0.0005322071805596,0.0865226836770772,0.0320266119230538
1776177537917187300,39.82418725585938,0.0284063025340437,0.0930780966699123,0.0290102963091805
1776177537927119600,39.83411962890625,0.0604027385145425,0.0747223557680845,-0.0298259235410019
1776177537937051600,39.8440517578125,0.1104632389739155,0.0707230569988489,-0.0999963150931522
1776177537946982400,39.853982421875,0.1135761102974414,0.0707014296889305,-0.0858017489913851
1776177537956914400,39.86391455078125,0.0193462132439017,0.0182014271229505,-0.0018604966422542
1776177537966845400,39.87384545898438,-0.0447293685644865,-0.0112064536690711,0.0569679782928898
1776177537976777500,39.88377758789063,-0.0431871075585484,-0.0173398418575525,0.0656876201149076
1776177537986708500,39.89370849609375,-0.0385056717440485,0.0123199678689241,0.1275910820486024
1776177537996640500,39.903640625,-0.0012789338946342,0.0471218166589736,0.1215351795431226
1776177538006572500,39.91357250976562,0.0689785514190793,0.0705289957314729,0.0059975233817473
1776177538016503600,39.923503662109376,0.1004714217916131,0.1197317103177309,-0.051805152169615
1776177538026435300,39.93343530273437,0.0527563154146075,0.1081038163661956,-0.030143063198775
1776177538036366300,39.94336645507813,0.0173974172636866,0.1206231061995029,0.0083701342646032
1776177538046298600,39.95329858398438,0.0327846637487411,0.0953068786352872,-0.0237584401955828
1776177538056230700,39.96323071289063,0.0412891649827361,0.0644300943344831,-0.0199997087165713
1776177538066161400,39.97316137695312,0.0038096214160323,0.0116144499480724,0.0511922079030424
1776177538076093400,39.98309350585937,0.011548106713593,-0.0127963532090187,0.0426571288676932
1776177538086024400,39.9930244140625,0.0029413141489028,-0.0044008653074502,0.0039700361421331
1776177538095956500,40.00295654296875,-0.0341129897430539,0.0005056114345788,-0.0078925068154931
1776177538105887500,40.01288745117188,-0.043670799422264,-0.0044692543685436,-0.0141491195248439
1776177538115819500,40.02281958007813,-0.0530044449567794,-0.0286281285911798,-0.0199283239807933
1776177538125751600,40.03275146484375,-0.0380792630255222,-0.006534954726696,0.0198953715592622
1776177538135682600,40.0426826171875,-0.0345578109011054,0.0157213007450103,0.0287257072141394
1776177538145614300,40.0526142578125,0.0364554612159729,0.0689309128850698,-0.0221278433190658
1776177538155545600,40.06254565429688,0.0750876819491386,0.1029535939961671,-0.0783716355232521
1776177538165477600,40.0724775390625,0.0748629332825541,0.0920586904942989,-0.0497881497913971
1776177538175409700,40.08240966796875,0.0151376556381583,0.0740782126456499,0.0242521419966593
1776177538185340400,40.09234033203125,-0.0414271121487021,0.0325035087198019,0.0373413041397929
1776177538195272400,40.1022724609375,-0.0012575988456606,0.014185177218914,0.009806268014945
1776177538205203500,40.11220336914062,0.0882242268979549,0.0168581958204507,-0.0234058638982474
1776177538215135500,40.12213549804687,0.1048354622200131,-0.0159749832451343,-0.0114861108606681
1776177538225066500,40.13206640625,0.0913642784893512,-0.0261187761187553,0.0078827526064589
1776177538234998500,40.14199853515625,0.0471975122436881,-0.0161129304111003,0.0313278890691697
1776177538244930600,40.1519306640625,-0.0289174669265747,-0.0210579855978488,0.0301280482927337
1776177538254861600,40.16186157226562,-0.0705339641675353,0.0024339491486549,0.0241408271092921
1776177538264793300,40.17179345703125,-0.0492705191254615,0.0218628722399473,-0.029551819307357
1776177538274724600,40.181724609375,0.0548681930020451,0.0481985059797763,-0.09452665151041
1776177538284656600,40.19165673828125,0.0530626048848032,0.087416417646408,-0.1036363155633211
1776177538294588700,40.20158862304688,-0.0029041970089077,0.1014098716855049,-0.0538693181578069
1776177538304519400,40.21151953125,-0.0580830633953213,0.1077706388890743,0.0138980673732236
1776177538314451500,40.221451416015626,-0.0196352593183517,0.0801712688237428,0.0077475453868508
1776177538324382500,40.23138256835937,0.0516331566035747,0.0696533819407224,-0.0419561044588685
1776177538334314500,40.241314453125,0.0683718176975846,0.0553524693876504,-0.0489800848115235
1776177538344246300,40.25124633789063,0.0732464379966258,0.0104956750512123,-0.082337397349067
1776177538354177500,40.26117749023437,0.0243833306282758,9.70306336879e-05,-0.0650616702362895
1776177538364109600,40.271109619140624,-0.0386699223950505,-0.0143850837051868,-0.0307602087164297
1776177538374040300,40.281040283203126,-0.0654468701615929,-0.0352396556854248,-0.0122968792542815
1776177538383972400,40.290972412109376,-0.0636830753594636,-0.0532078585743904,-0.0323331936541944
1776177538393903600,40.30090356445312,-0.047063364470005,-0.055220951962471,0.0214307279003784
1776177538403835600,40.31083569335937,-0.0128486679181456,-0.0574462267965078,-0.0095426851753145
1776177538413767700,40.320767578125,0.0452986928850412,-0.0450327354252338,-0.0632253216546028
1776177538423698400,40.33069848632813,0.0459267616555094,-0.0153133044660091,-0.0520034512206912
1776177538433630500,40.34063037109375,0.0246066179901361,0.0047843116670846,-0.0288147737370803
1776177538443561500,40.3505615234375,0.014384791444242,0.0305249021232128,-0.0361510714419186
1776177538453493500,40.360493408203126,-0.0163622289970517,0.0470809001266956,-0.0023165333140641
1776177538463425300,40.37042529296875,0.0228977682456374,0.0563818124353885,-0.0116882093040272
1776177538473356500,40.3803564453125,0.0610287614583969,0.0526332735568284,-0.0693390552945435
1776177538483288600,40.39028857421875,0.0712041185140609,0.0592015460312366,-0.0588590527364984
1776177538493219300,40.40021923828125,-0.0043742695614695,0.0565033929884433,-0.0446073861526325
1776177538503151400,40.4101513671875,-0.0221963419780135,0.0608253478407859,-0.0544544976346194
1776177538513082600,40.42008251953125,0.0032651392757892,0.0174941556364297,-0.076286974736303
1776177538523014700,40.4300146484375,-0.0199532392263412,-0.0383791227549314,-0.0419819695524871
1776177538532946700,40.43994677734375,-0.0507891069948673,-0.0253992296725511,0.0233456581436097
1776177538542877400,40.44987744140625,-0.0542085600495338,-0.0297410582691431,0.0433528560468927
1776177538552809500,40.4598095703125,0.0040101124241948,-0.027928455889225,0.0092953228181228
1776177538562740500,40.469740478515625,0.0643514761403203,0.0090571666806936,-0.0335898791844025
1776177538572672300,40.47967236328125,0.0619958529248833,0.0351899713248014,-0.0229022617576643
1776177538582604300,40.48960424804688,0.0445472899958491,0.0598176321029663,-0.0434255559569224
1776177538592535600,40.49953564453125,0.0299625920653343,0.0713712917745113,-0.0726230454012751
1776177538602467600,40.50946752929688,-0.0062228200376033,0.0830021083354949,-0.0708740828420966
1776177538612398300,40.5193984375,-0.0361632002711296,0.0498573791027069,-0.0469719963921234
1776177538622330400,40.52933032226562,-0.067084115974605,0.0174696057170629,-0.029506409263052
1776177538632261600,40.53926171875,-0.0681982146963477,-0.0106967505812644,-0.0222201977776363
1776177538642193700,40.549193603515626,-0.0349435953482985,-0.0202846631377935,-0.0126525608241558
1776177538652125400,40.55912548828125,-0.0287093771338462,-0.009763269123435,-0.0288195960426703
1776177538662056700,40.569056640625,-0.0323424729391932,-0.0102735567331314,-0.0204530054420232
1776177538671988500,40.57898852539063,-0.0269499662458896,-0.0033370354682207,-0.0387166841462254
1776177538681919500,40.58891943359375,0.0091851769745349,-0.0030430209577083,-0.0371602850170806
1776177538691851500,40.5988515625,0.0023483166918158,0.0230523742854595,0.0006014730244874
1776177538701782800,40.60878271484375,-0.0025742344021797,-0.0104629418253898,-0.0008870485002174
1776177538711714600,40.618714599609376,-0.0205798466920852,-0.018763737180829,0.0258741902405396
1776177538721646600,40.628646484375,-0.0102791096910834,-0.0219388600856065,0.0120427948953583
1776177538731577600,40.63857763671875,-0.0065638885602355,-0.020408581778407,0.0302732289170846
1776177538741509600,40.64850952148438,-0.0052025370791554,-0.0493178653985261,0.0015958908893167
1776177538751440600,40.658440673828125,0.0013064064234495,-0.0251093068152666,-0.013907565853931
1776177538761372700,40.66837255859375,-0.0219169405147433,-0.0122919108182191,-0.0117302218148484
1776177538771304700,40.6783046875,-0.0425359501734375,0.0118248778283596,-0.0635537864239886
1776177538781235700,40.68823559570313,-0.0591781651556491,0.0128951374083757,-0.0027150311123579
1776177538791167500,40.69816748046875,-0.0898152954816818,0.0192792854875326,0.0705878132466226
1776177538801098500,40.70809838867188,-0.0604115063428878,0.0162736739307641,0.0228409234918653
1776177538811030500,40.71803051757813,0.0004056581914424,0.051270753031969,0.0129713444497436
1776177538820962600,40.72796264648437,-0.0326148601397872,0.0700391663879156,0.0117880164166912
1776177538830893600,40.7378935546875,-0.0714195148304104,0.0936626185595989,0.0133996528644114
1776177538840825600,40.74782568359375,-0.0043441666841506,0.0757271488964557,0.0363366571418941
1776177538850756600,40.75775659179688,-0.0141848849579691,0.0568108515024185,0.0074023486783728
1776177538860688600,40.76768872070313,0.0229424841701984,0.0322527488291263,-0.016899879537709
1776177538870619600,40.77761962890625,0.0103828623265028,0.01171206510365,0.015787388251163
1776177538880551700,40.7875517578125,-0.0455371778160333,0.0409808296859264,0.0505978222064673
1776177538890483700,40.79748364257812,-0.1145917170807719,0.052660161563754,0.0058677229896187
1776177538900414700,40.80741479492188,-0.1244645840585231,0.0813473268657922,-0.0131776441441848
1776177538910346500,40.81734643554688,-0.0502513468563556,0.0750298142820596,-0.02837243679706
1776177538920277500,40.82727758789063,0.0075672203838825,0.0511819057047367,-0.010095277556777
1776177538930209500,40.83720947265625,0.0415855175808072,0.0213251121014356,0.0653647083034738
1776177538940140500,40.847140625,0.0307969970628619,0.0001712649136781,0.0392734047135338
1776177538950072600,40.85707250976562,0.0176069683611392,0.019565701213479,0.019813501962088
1776177538960004600,40.86700463867187,0.0046294133663177,0.0256587573915719,-0.002705021174997
1776177538969935600,40.876935546875,-0.0200347800299525,0.0157937814593315,-0.0203663500718772
1776177538979867600,40.88686767578125,-0.0209293907821178,0.0237947170853614,-0.0482485921991989
1776177538989798700,40.89679858398438,-0.036914018638432,0.0167079736948013,-0.0602567541725933
1776177538999730700,40.90673071289063,-0.0634209172919392,0.004500234028697,-0.022462335970439
1776177539009662700,40.91666284179688,-0.0584913519352674,0.0041962826460599,-0.0120590153777971
1776177539019593700,40.92659375,-0.0274199218451976,6.8973582983e-05,-0.0254495716203004
1776177539029525500,40.936525390625,-0.0205611419916152,-0.0121095399886369,-0.0145857939090579
1776177539039456500,40.94645654296875,-0.0205731246903538,-0.0046416883260011,-0.0194555919025093
1776177539049388500,40.956388427734375,-0.0060918871343135,0.0027846622824668,-0.0299730769267305
1776177539059320600,40.96632055664063,0.0099953243136405,0.0424327820599079,-0.0575926495298743
1776177539069251600,40.97625146484375,0.0343503056302666,0.0540688593178987,-0.0617064415242522
1776177539079183600,40.98618359375,0.0474137853428721,0.0066173723131418,-0.0329977950427681
1776177539089114600,40.99611450195312,0.0714145463943481,-0.0109691377818584,-0.0309729381516575
1776177539099046700,41.00604663085937,0.0071145081803202,-0.0071942954182624,-0.002248217318207
1776177539108977700,41.01597778320313,-0.0149547002866864,-0.0210696760356426,0.0161395626896992
1776177539118909700,41.02590966796875,-0.0328176892355084,-0.0378811101049184,-0.0218037259312346
1776177539128841700,41.035841796875,-0.0368882996752858,-0.0484492658704519,-0.0126337830584496
1776177539138772500,41.0457724609375,-0.0338324192360043,-0.0399701913386583,0.0173670951906591
1776177539148704500,41.05570458984375,-0.0202101365968585,-0.0312444485694169,0.013041852402687
1776177539158635500,41.06563549804687,0.005568740043044,-0.0012730886757373,-0.0300104863276705
1776177539168567600,41.07556762695312,-0.0084416651308536,0.0084761519223451,-0.0193021183738484
1776177539178499600,41.08549951171875,-0.0517906852528452,0.04448036223948,-0.027960348864831
1776177539188430600,41.0954306640625,-0.0351554845333099,0.0149023855775594,-0.0808606027947738
1776177539198362600,41.105362548828126,-0.0387339275419712,0.024856793358922,-0.0921982816280797
1776177539208293600,41.11529370117187,-0.0567956539332866,-0.0020224457383155,-0.0520291701838374
1776177539218225700,41.1252255859375,-0.0141559511244297,-0.0478553916305303,-0.0216686648420989
1776177539228156700,41.13515673828125,0.0346656551897525,-0.0507686487287282,-0.0187362646520137
1776177539238088700,41.14508862304688,0.0394371073752641,-0.042887540090084,-0.0213981773376464
1776177539248020700,41.15502075195312,0.0062698740497231,-0.0299327814489603,0.0177290603708475
1776177539257951500,41.164951416015626,-0.0204287477836012,0.0030003508597612,-0.0011771905532106
1776177539267883500,41.17488354492188,-0.02691197232306,0.0143646254390478,-0.0291356762545183
1776177539277814500,41.184814453125,-0.028527006304264,-0.0032622166663408,-0.0098933252438902
1776177539287746600,41.19474658203125,-0.0215428465053439,0.0230114577531814,-0.0051838689113035
1776177539297678600,41.2046787109375,-0.0103156423091888,0.0055599722146987,-0.0041514571236446
1776177539307609600,41.214609619140624,-0.0275341958746314,-0.0007668927192687,0.0319928192513063
1776177539317541600,41.22454174804688,-0.0489639373943209,-0.0231061502993106,0.0715071565812453
1776177539327472600,41.23447265625,-0.039681729786098,-0.0014987141251564,0.0497895745635032
1776177539337404400,41.244404296875,-0.0173231829836964,0.0196475342780351,0.0267076453899964
1776177539347335700,41.25433569335937,0.0224155376866459,0.0344254166930913,-0.0201505153641104
1776177539357267700,41.26426782226562,-0.0103586046680808,0.0712836134910583,-0.0493482605367898
1776177539367199700,41.27419970703125,-0.0187596455276012,0.0945885012328624,-0.0298974909398704
1776177539377130500,41.284130615234375,-0.0058908116042613,0.098429394569993,-0.0492504627181217
1776177539387062500,41.2940625,-0.0101435006126761,0.0847773013144731,-0.0424381523547694
1776177539396993500,41.30399365234375,-0.0105526659354567,0.076567691373825,-0.0276470816645771
1776177539406925600,41.31392553710938,0.004692249469459,0.0645686260223388,-0.0181758908228948
1776177539416857600,41.32385766601563,0.0150078917786478,0.0399783746451139,0.0015425167342647
1776177539426788600,41.33378857421875,0.0307739084482192,0.0199076465189456,0.0101694387715309
1776177539436720600,41.343720703125,0.0487219453319907,-0.0221165547400712,0.0091129519885405
1776177539446651600,41.353651611328125,0.0616360797017812,-0.0190443076878786,-0.0157558240691199
1776177539456583400,41.36358349609375,0.0353153512701392,-0.0203700033336877,-0.0177370244815945
1776177539466514700,41.3735146484375,-0.0152153970494866,-0.0171451960682868,-0.0304068652341142
1776177539476446700,41.38344677734375,-0.1191752454787492,0.0128296709567308,-0.0206503181124106
1776177539486378800,41.39337866210938,-0.1048816394492983,0.0019359364986419,-0.0241267255187034
1776177539496309500,41.4033095703125,-0.0630500381529331,0.0007259761869907,-0.0495918965669348
1776177539506241500,41.41324145507812,-0.0280772167101502,0.007426350608468,-0.039535489715822
1776177539516172500,41.42317260742188,0.065323536042869,-0.0075935238689184,-0.0192393918685615
1776177539526104600,41.4331044921875,0.0963107949808239,-0.0005436053574085,0.0113796182788908
1776177539536036600,41.44303662109375,0.05433686260432,0.0214081142097711,0.0249358499445021
1776177539545967600,41.45296752929688,-0.0284489726319909,0.0368587813198566,-0.0116172994922846
1776177539555899600,41.46289965820313,-0.0520285856619477,0.0612754296958446,-0.038808746343851
1776177539565830700,41.47283056640625,-0.0487611082985997,0.0703121381103992,0.0006442527202889
1776177539575762400,41.48276245117187,-0.0331096579194068,0.0139841016888618,0.0256869971053674
1776177539585693700,41.492693603515626,-0.000721592272818,-0.009117956957221,0.0443377754310145
1776177539595625700,41.50262573242188,0.0019262918874621,0.0151040456295013,0.0421190764682367
1776177539605557800,41.512557861328126,0.0297559635773301,0.0336374811857938,-0.0260160463966429
1776177539615488500,41.52248852539063,0.0365220967113971,0.0607458528637886,-0.0587318096276372
1776177539625420500,41.53242065429688,0.0234638776957988,0.0552075079590082,-0.0938741424184292
1776177539635351600,41.5423515625,-0.0113069914340972,0.0457569580465555,-0.0832578366622328
1776177539645283600,41.55228369140625,-0.0632850159525871,0.0333867212951183,-0.0278132320117205
1776177539655215600,41.56221557617187,-0.0860734786048531,0.0055348377734422,-0.0280418531358242
1776177539665147000,41.57214697265625,-0.0723334148049354,-0.0041805005550384,-0.0023635142609477
1776177539675079000,41.58207885742188,-0.0296723769471049,-0.0223749134153127,-0.0014123510159552
1776177539685010000,41.59201000976562,-0.0246568868726491,-0.0224696059614419,0.0323673151195049
1776177539694941700,41.60194165039063,0.0049205052673816,-0.022266192343831,0.0556464108329266
1776177539704873000,41.611873046875,0.0187175599515438,-0.0104454061686992,0.0036224648134782
1776177539714805000,41.62180493164063,0.0231982124969363,0.0153717566549777,-0.0315267361095175
1776177539724737000,41.63173706054688,0.0080675711214542,0.0349210912555456,-0.0443654671555385
1776177539734667800,41.64166772460938,-0.0276917245239019,0.035910686814785,-0.0367100570315495
1776177539744599800,41.65159985351563,-0.0481315782234072,0.0455570515602827,-0.0421533440640196
1776177539754530800,41.66153076171875,-0.0526478866040706,0.0366495224833488,-0.0330112390462309
1776177539764462800,41.671462890625,-0.0487105471551418,-0.0030149639070034,0.0033594299631193
1776177539774394600,41.68139453125,-0.0559726471126079,-0.034396190598607,0.0140361972022801
1776177539784326000,41.691325927734376,-0.065562313234806,-0.0425748208791017,0.0176885822299867
1776177539794258000,41.7012578125,-0.0355526671573519,-0.0589046089112758,0.0179940679825842
1776177539804189000,41.71118896484375,0.0238362181395292,-0.0426005398422479,-0.0181682189730927
1776177539814120700,41.72112060546875,0.0219663326144218,-0.0069400283962488,0.0221858571166172
1776177539824052000,41.73105200195312,-0.0090425536334514,0.0187555538743734,0.0383051076706498
1776177539833984000,41.74098388671875,-0.0159507255867123,0.0138555068731307,0.063866542167589
1776177539843916000,41.750916015625,0.0039922845065593,0.0442442153960466,0.0527801712142303
1776177539853846800,41.7608466796875,0.0302758957982063,0.0637000264942646,0.0269082094633951
1776177539863778800,41.77077880859375,0.0176221659302711,0.0389519542068243,-0.0008445610653609
1776177539873709800,41.78070971679688,0.0344122649505734,0.0217161572456359,-0.0136307947391644
1776177539883641900,41.79064184570313,0.0459352372229099,0.0110007019639015,-0.0600126797510311
1776177539893574000,41.80057397460938,-0.0047729134902358,0.0151326872020959,-0.0722585594704374
1776177539903505000,41.8105048828125,-0.0727551473483443,0.007376081725955,-0.0193047852549701
1776177539913437000,41.82043701171875,-0.0928796514883637,-0.0145621938377618,0.0029457711283117
1776177539923367700,41.83036767578125,-0.0551566545546054,-0.0232563724249601,-0.0061254606103524
1776177539933299700,41.8402998046875,0.0031765842095017,-0.0392740257680416,0.0068054422311484
1776177539943231000,41.85023095703125,0.0146621470808982,-0.0146194769829511,0.0099896252252161
1776177539953163000,41.8601630859375,0.0032326983109116,0.0141384154677391,-0.0019099252745509
1776177539963095000,41.87009497070313,0.0205015207588672,0.0126513917803764,-0.003896167188324
1776177539973025800,41.88002587890625,0.0035085926428437,0.040725978142023,-0.0374759268375113
1776177539982957800,41.88995776367187,-0.0308121946319937,0.0318354001998901,-0.0183416758438572
1776177539992888800,41.89988891601563,-0.0624386282563209,0.0431961676478385,-0.0188728601111099
1776177540002820900,41.90982080078125,-0.0723439361989498,0.0380383464932441,-0.0189054106738418
1776177540012753000,41.9197529296875,-0.0148410107791423,0.0399777901232242,0.0022390110984444
1776177540022684000,41.92968383789062,0.0040288171246647,0.0131868138313293,0.0180502916818484
1776177540032616000,41.93961596679687,0.0098237671390175,0.0164478614538908,0.0179242176167666
1776177540042546700,41.94954663085937,-0.0126338561236858,0.0350426718086004,-0.0058756871003657
1776177540052478700,41.95947875976562,-0.0001090133324265,0.0634293928593397,-0.0170128018602728
1776177540062410000,41.96940991210938,-0.0133215461269021,0.0370364759743213,-0.0161310140570625
1776177540072342000,41.97934204101563,-0.037033261103928,0.0289928702503442,-0.0190187348552048
1776177540082274000,41.98927416992188,-0.0279734640747308,0.0330634806901216,-0.0310686170784756
1776177540092204800,41.99920483398437,-0.030121582019329,0.0175818339198827,0.0303785159224644
1776177540102136800,42.00913671875,-0.0375824194192886,-0.0038584289938211,0.0626941739199683
1776177540112067800,42.01906787109375,-0.0085512629851698,0.0072299512535333,0.0014430018825456
1776177540121999600,42.02899951171875,0.0260407424464821,0.0099742815256118,-0.0262799945624545
1776177540131932000,42.03893188476562,0.0134893039092421,0.0213707048088312,0.0055099225278943
1776177540141863000,42.04886279296875,-0.0299228445768356,0.0361170230418443,-0.0029208193501457
1776177540151795000,42.058794921875,-0.0620201105833053,0.0669224956721067,-0.0391415584947913
1776177540161725700,42.0687255859375,-0.0413762587442994,0.0705190588593483,-0.0612425868721678
1776177540171657700,42.07865771484375,-0.0271370132505893,0.0266045138090848,-0.0235577299917116
1776177540181589800,42.08858984375,-0.0065539516881108,0.01631868211627,0.0106057478295639
1776177540191521000,42.09852099609375,0.0544222028002142,-0.0059732291907072,-0.0135057435873895
1776177540201453000,42.108453125,0.0647200171917676,-0.0043184477210044,-0.0084108681337907
1776177540211383800,42.1183837890625,0.0059539399683475,0.0016349077254533,0.0057852323379367
1776177540221315800,42.12831591796875,-0.0688099168539047,0.0003349310427904,-0.0468724450077861
1776177540231246800,42.13824682617187,-0.0604006926879286,0.0111783966183662,-0.068102681900002
1776177540241178600,42.1481787109375,-0.0107934889540076,-0.0154945062518119,-0.0243782891269773
1776177540251111000,42.15811083984375,0.0046563013732433,-0.0338169294059276,0.002881071861647
1776177540261042000,42.1680419921875,-0.0260825357615947,-0.0232633866876363,0.0434202952599152
1776177540270974000,42.177973876953125,-0.0060921793952584,0.0199959093242883,0.0176087584594264
1776177540280904700,42.18790478515625,0.0300701440930366,0.0516068531185388,-0.0127035603590309
1776177540290836700,42.19783666992188,0.045371758121252,0.0716688134163618,-0.0346401188896969
1776177540300768800,42.20776879882813,0.0378887088894844,0.0703320118546485,-0.0490908517096191
1776177540310700000,42.21769995117187,0.0436786904677748,0.070286419147253,-0.09178389214091
1776177540320631800,42.2276318359375,0.0254845698684453,0.0579424858808517,-0.0751222783384844
1776177540330562800,42.23756274414063,0.0016600421667098,0.0279185190171003,-0.0393190339535474
1776177540340494800,42.24749487304688,0.0012026537880301,0.0019248305827379,0.0021097221629694
1776177540350425900,42.25742578125,0.0086310502231121,-0.017510522249341,-0.0078636460471898
1776177540360358000,42.26735791015625,0.038157881219685,-0.0283832139194011,-0.0646697117766365
1776177540370290000,42.2772900390625,0.0300926481857895,0.0115904845505952,-0.1047006933918222
1776177540380221000,42.28722094726562,0.0010170680880546,0.0337567236512899,-0.0714983887529
1776177540390153000,42.297153076171874,-0.0050534839972853,0.0172305362641811,-0.047191593959555
1776177540400083700,42.307083740234376,-0.0026245032846927,-0.0062637365698814,-0.0381744304956868
1776177540410015700,42.317015625,0.0498594249293208,0.0011322189003229,-0.0557339429859071
1776177540419947000,42.32694702148437,0.0771978059709072,0.0224941558808088,-0.0640551966074854
1776177540429879000,42.33687915039062,0.0923266937807202,-0.0002098433583974,-0.0582076396230608
1776177540439810800,42.34681079101563,0.0703773123010993,-0.0198065242320299,-0.051683498551324
1776177540449741800,42.356741943359374,-0.044793665972352,-0.0402665439367294,0.0517779719017446
1776177540459673900,42.366673828125,-0.0935816622778773,-0.0468868388593196,0.0639905338734388
1776177540469604900,42.37660498046875,0.0011313421174883,-0.0515045617878437,-0.0086217709381133
1776177540479537000,42.386536865234376,0.0564504937574267,-0.0328115517556667,-0.0655254883557558
1776177540489469000,42.39646899414063,0.0407364995360374,0.023068156376481,-0.037358693666011
1776177540499400000,42.40639990234375,0.0365013461843133,0.0591477700173854,-0.0023626374781131
1776177540509332000,42.41633203125,0.0228106744840741,0.0918675518363714,0.0471842143706977
1776177540519262700,42.4262626953125,0.016406360399723,0.0858347014129161,0.0840909264855086
1776177540529194800,42.43619482421875,0.0427776499748229,0.0822241097003221,0.0363267568023875
1776177540539126800,42.44612670898437,0.0767991620421409,0.0780500388860702,-0.0137015949530526
1776177540549058000,42.45605810546875,0.0654141369357705,0.0704115068316459,-0.0451384608220309
1776177540558989800,42.46598974609375,0.0244821148276329,0.0354763870507478,-0.0533132551776245
1776177540568920800,42.4759208984375,0.0014785481199622,0.0234042564630508,-0.0342194092595949
1776177540578852900,42.48585278320313,-0.0387865345120429,-0.0112415249824523,0.0130771063791587
1776177540588783600,42.49578369140625,-0.0761152714312076,-0.0320282924234867,0.0662970572501421
1776177540598716000,42.5057158203125,-0.0334974881932139,-0.0536339750319719,0.0357221054401248
1776177540608648000,42.51564794921875,0.0160731829226016,-0.042486558073759,-0.0205431679435074
1776177540618579000,42.52557885742188,0.0371425666972994,-0.0153571436077356,-0.0015496405947953
1776177540628511000,42.53551098632813,-0.0045183542072772,0.023859014493227,0.0204806241013109
1776177540638441700,42.54544165039062,-0.0127332248449325,0.0291167888909578,0.0157531571879982
1776177540648373800,42.55537377929687,0.0067030047699809,0.0254126736760139,0.022514687212184
1776177540658305500,42.56530541992188,0.0216173730462789,0.0044108021795749,0.053422962629795
1776177540668236500,42.57523657226562,0.0473459808036684,-0.0022545009285211,0.0302748728848993
1776177540678168600,42.58516845703125,0.0724053109973669,-0.0025596213549375,0.0012078779524192
1776177540688099600,42.595099609375,0.0673567954361438,0.0351677594929933,-0.0620368790550157
1776177540698031600,42.60503149414063,0.0279810628592967,0.0413935021400451,-0.0677922277113422
1776177540707962600,42.61496264648437,-0.009190729932487,0.0101104751259088,-0.0756094773335382
1776177540717894700,42.62489477539062,-0.0156084880203008,-0.0268102655142545,-0.0281005610531196
1776177540727826700,42.63482666015625,-0.0527285506248474,-0.0755167210161685,-0.0028935660170391
1776177540737757700,42.6447578125,-0.0206289465308189,-0.0869984844952821,-0.0039421617545187
1776177540747689500,42.654689453125,-0.0194049576938152,-0.0447960040599107,-0.0348959202816709
1776177540757620500,42.664620361328126,-0.0474433036983013,-0.0296978036493062,0.011017872294411
1776177540767552500,42.674552490234376,-0.0629182284668087,-0.0162993928939104,0.009403897759132
1776177540777484500,42.68448461914063,-0.0869236656934022,0.0222100782424211,-0.0110494730090722
1776177540787415600,42.69441552734375,-0.0828466255128383,0.0220791453391313,-0.001695113480091
1776177540797347600,42.70434765625,-0.0245288765788078,0.0504728806525468,0.0017039543736726
1776177540807278600,42.71427856445312,0.0169777305468916,0.0493523521900177,-0.0148418144967406
1776177540817210600,42.724210693359375,0.0445019895493984,0.0244487970799207,-0.0258378402855247
1776177540827141600,42.7341416015625,0.0152177351370453,0.0607856003522872,-0.0238785959765315
1776177540837073700,42.74407373046875,-0.0452107223406434,0.0489572153925895,-0.0049088148295879
1776177540847005700,42.75400561523438,-0.010708733280003,0.0435118094682693,-0.0306205445174127
1776177540856936700,42.76393676757812,0.0331812618508935,-0.0106534959614276,-0.0494870844855904
1776177540866868500,42.77386840820313,-0.0261430337771773,-0.0267705180257558,-0.0203375623688101
1776177540876799500,42.78379956054688,-0.0576993247747421,-0.0539344192832708,-0.0296973287252709
1776177540886731500,42.7937314453125,-0.0407470209300518,-0.0284819981187582,0.0095003804035484
1776177540896663600,42.80366357421875,-0.0876680543199181,-0.008493103057146,0.019176519232802
1776177540906594600,42.81359448242188,-0.124418114568293,0.011074351722002,0.0119514998827129
1776177540916526600,42.82352661132813,-0.1029307976424694,0.0588268674999475,-0.0178282464290037
1776177540926457600,42.83345751953125,-0.0143558576107025,0.0785860454589128,-0.0363612801264971
1776177540936389600,42.8433896484375,0.0372863590821623,0.0782978761672973,-0.0458499335596337
1776177540946320600,42.85332055664063,0.0416609209045767,0.073982935577631,-0.0398837186316028
1776177540956252700,42.86325268554688,0.0220057878419756,0.0701987408638,-0.042405455661565
1776177540966184700,42.873184814453126,0.0329936303243041,0.0536889200896024,-0.0867624837823212
1776177540976115700,42.88311572265625,-0.0349839273586869,0.0361012409508228,-0.066598560947366
1776177540986047500,42.89304760742188,-0.0683399612545967,0.003619944062829,-0.0285415828188881
1776177540995978500,42.902978515625,-0.0823296159014105,-0.0386281290799379,0.0198003502195701
1776177541005910500,42.91291064453125,-0.1039519573837518,-0.0591617985427379,0.0490819742834195
1776177541015842600,42.92284252929687,-0.1005041550174355,-0.0421142176300287,0.0270761133762076
1776177541025773600,42.93277368164063,-0.0868202053189277,-0.0415735348820686,0.0089035470215603
1776177541035705600,42.94270556640625,-0.0594715951442718,-0.0259913503468036,-0.0117372726101428
1776177541045636600,42.95263671875,-0.0072059858560562,0.035530163064599,-0.0372005804948508
1776177541055568600,42.96256860351563,0.0458405446767807,0.0786228703379631,-0.0669842357967048
1776177541065499600,42.972499755859374,0.0531955836147069,0.1092383733540773,-0.0509037828831002
1776177541075431700,42.982431640625,0.0665057315647602,0.0950233855187892,-0.0595418839015066
1776177541085363700,42.99236376953125,0.0860050895437598,0.0908563289672136,-0.0803433009224012
1776177541095294700,43.002294677734376,0.0773237704381346,0.0563198531150817,-0.0838311065055429
1776177541105226500,43.0122265625,-0.0216918995872139,0.0126940618783235,-0.0192424240758642
1776177541115157500,43.02215747070313,-0.0449231375709176,-0.0116273094296455,0.028126024287939
1776177541125089500,43.03208959960938,-0.0502229975447058,-0.0560509730458259,0.0019298355514183
1776177541135021600,43.042021484375,-0.0801046333283185,-0.0620224486708641,0.0378061817051842
1776177541144952600,43.05195263671875,-0.0659133186295628,0.0033113165050745,0.0665260071678087
1776177541154884600,43.06188452148437,0.0070595631226897,0.0410059641271829,-0.0322517989810556
1776177541164815600,43.07181567382813,0.0769771489575505,0.0707569592684507,-0.0473836824655532
1776177541174747600,43.08174755859375,0.0874047272086143,0.1053343516528606,-0.053800709901005
1776177541184678700,43.0916787109375,0.0451674677208066,0.1325818395406007,0.0282666383350267
1776177541194610700,43.10161059570312,0.0399134927153587,0.0944727658987045,-0.0130936191225424
1776177541204542700,43.11154272460937,0.0539607227683067,0.0677396572738885,-0.0522669609950855
1776177541214473500,43.12147338867187,0.0826382434591651,0.0613052403122186,-0.0614795374331995
1776177541224405500,43.13140551757812,0.0546525044247508,0.0091968674123287,-0.0412396267525851
1776177541234336500,43.14133642578125,0.0532838464200496,-0.0331505744516849,-0.0540729509711265
1776177541244268500,43.1512685546875,0.0169485044524073,-0.051024669316411,-0.0360661696374416
1776177541254200600,43.16120068359375,-0.0154357618018984,-0.094352354389429,0.011231697708182
1776177541264131600,43.17113159179687,-0.0458636332914233,-0.1055927103281021,0.0342972968013957
1776177541274063600,43.18106372070312,-0.0233735690638422,-0.0889548792600631,-0.0241395484676584
1776177541283994600,43.19099462890625,-0.0088715809807181,-0.0673047729879617,-0.0367008142791688
1776177541293926700,43.2009267578125,-0.0206339149668812,-0.0143365683883428,0.0055059770051389
1776177541303858400,43.2108583984375,-0.0249614227771759,0.0456856463760137,0.0090915804069489
1776177541313789700,43.22078979492188,0.0095686233341693,0.0788625243127346,0.0333121582215651
1776177541323721700,43.2307216796875,0.0377782342523336,0.0643459231823682,0.0039013913527131
1776177541333652500,43.24065258789062,0.0537374354064464,0.0822381382256746,-0.0008742620838806
1776177541343584500,43.25058447265625,0.04304419195652,0.0716489396721124,-0.0379646236699074
1776177541353515500,43.260515625,0.068070788924396,0.0739414345234632,-0.0675311290897428
1776177541363447600,43.27044750976562,0.0148316584289073,0.0909457608163356,-0.0565513237833976
1776177541373379600,43.280379638671874,-0.0093187402263283,0.050576925548911,-0.0135652552222833
1776177541383310600,43.290310546875,-0.0244438286438584,0.0061415714949369,-0.0008432458911091
1776177541393242600,43.30024267578125,-0.0494613655224442,0.0054372226178646,0.033407069963403
1776177541403173600,43.31017358398437,-0.0452446246102452,-0.0165635967880487,0.037261991825886
1776177541413105400,43.32010546875,-0.0371101257324218,-0.0126794488310813,0.0438208023522049
1776177541423037400,43.33003735351563,-0.0219371065199375,-0.0076806176304817,-0.0040071532821282
1776177541432968700,43.33996875,-0.0019642858102917,0.0237292506337165,-0.0122199050279334
1776177541442900700,43.349900634765625,-0.0003241173878312,0.0385650007158517,0.0187270584322512
1776177541452831500,43.35983154296875,0.0044593174964189,0.0175286424279212,0.0249608017226681
1776177541462763500,43.36976342773438,-0.0073804656401276,0.0188110834538936,0.0534775423612445
1776177541472694500,43.37969458007812,-0.015500059209764,0.018344050464034,0.0400260497117415
1776177541482626600,43.38962646484375,-0.0011117606341838,0.0396720851749181,0.0593395297298207
1776177541492558600,43.39955859375,-0.0193961898654699,0.060651744839549,0.0465540997736156
1776177541502489600,43.409489501953125,-0.0333224238872528,0.0816162069350481,0.0452009315989911
1776177541512421600,43.419421630859375,-0.0107668932080268,0.0450455949068069,0.052895139363408
1776177541522352600,43.4293525390625,0.0104231943368911,0.0105494510650634,0.0068850833386182
1776177541532284400,43.43928442382813,0.0245554723247885,-0.0207896900504827,-0.0074818436553701
1776177541542216400,43.44921655273438,0.0286690451234579,0.0019505495458841,-0.0223390749169513
1776177541552147700,43.45914770507813,-0.0363724591076374,0.0257172095805406,0.0314285364320501
1776177541562079700,43.46907983398437,-0.0700581633493304,0.023957798692584,0.0399639442609623
1776177541572010500,43.47901049804688,-0.0590317424222826,0.0391617975652217,0.0140845298560336
1776177541581942500,43.488942626953126,-0.0328603593334555,0.0389250661998987,-0.0012308935018256
1776177541591873500,43.49887353515625,-0.0234039642021059,0.0270095874786376,-0.0016608458843082
1776177541601805600,43.5088056640625,-0.0453434088096022,0.0153945530086755,0.018348215182498
1776177541611737600,43.51873754882813,-0.0307853066250681,0.0106494043081998,0.0410678138496354
1776177541621668600,43.528668701171874,-0.0120703770220279,0.0260053788721561,0.0519897880215197
1776177541631600600,43.5386005859375,0.025479601432383,0.0206570035815238,0.0390019673610106
1776177541641531600,43.54853173828125,0.0327332258224487,0.0267535668909549,0.0237066369431093
1776177541651463400,43.55846337890625,-0.0142681793272495,0.0236363116532564,0.0547450050137937
1776177541661396000,43.56839599609375,-0.0257704010725021,0.0137678285896778,0.0436248048560693
1776177541671327000,43.57832690429687,-0.0313201441541314,-0.0090033906668424,0.0141724638678133
1776177541681259000,43.58825903320312,-0.0296028188422322,-0.019203882163763,-0.0308159209590405
1776177541691190000,43.59818994140625,-0.0118202016532421,-0.0146884505659341,-0.0453653283804655
1776177541701122000,43.6081220703125,-0.0228030756995081,-0.0143038351625204,-0.0270943431526422
1776177541711052800,43.618052734375,-0.0318175722822546,-0.0118745621889829,-0.0034446605611592
1776177541720984800,43.62798486328125,-0.0420513815268874,-0.0003472060024738,0.0216852506507188
1776177541730916900,43.63791674804688,-0.0309597864091396,-0.0091068510413169,0.0016873320324346
1776177541740848000,43.64784814453125,-0.0015089432582259,0.0087274963349103,-0.0364659460773691
1776177541750780000,43.65777978515625,0.004397650437057,0.0245598562389612,-0.0422744862256571
1776177541760711000,43.6677109375,-0.0125885556772351,0.0200385794222354,-0.0723983697999268
1776177541770643000,43.677642822265625,-0.0409855058610439,0.0428653282582759,-0.0849636541994288
1776177541780575000,43.68757495117188,-0.04987023858428,0.0067348612129688,-0.0526226060323417
1776177541790506000,43.69750610351562,-0.0561374822854995,-0.0118920978456735,-0.0056534957170486
1776177541800438000,43.70743798828125,-0.0831552530705928,-0.0153185651630163,0.0365923854686319
1776177541810369000,43.717369140625,-0.0836114724054932,-0.020973814445734,0.0240146799789741
1776177541820301000,43.727301025390624,-0.0363502472758293,-0.0302612827509641,0.0138709236379712
1776177541830231800,43.737231689453125,0.0063803486868739,0.002426350364089,-0.0164716076556593
1776177541840163800,43.747163818359375,-0.0082175009861588,0.0291769946455955,-0.0107404070599004
1776177541850095900,43.757095947265626,-0.0197948337942361,0.0523135400831699,0.0085590079002082
1776177541860027100,43.76702709960937,-0.0090627196386456,0.0613397271037101,-0.0067187868610024
1776177541869959000,43.776958984375,0.0103349315315485,0.0589998859792947,-0.0131845488090068
1776177541879890000,43.78688989257813,0.006111468617618,0.0593336479783058,-0.0245655187947675
1776177541889822000,43.79682202148437,0.009378945980966,0.0411468339025974,-0.0265171643191948
1776177541899754000,43.80675390625,0.0299660991966724,0.0358019657433033,-0.0634604821173474
1776177541909685000,43.81668505859375,0.0002396539747714,0.0148328274726867,-0.0617236118547618
1776177541919617000,43.826616943359376,-0.0567269726112484,-0.0399181688904762,-0.011000190507248
1776177541929548000,43.83654809570312,-0.0598638093322515,-0.0500987866431474,-0.0116973059259355
1776177541939480000,43.84647998046875,-0.0358954892456531,-0.068175126081705,-0.0046373774770647
1776177541949411800,43.85641186523438,-0.0428828639149665,-0.0853740981638431,0.0091368077881634
1776177541959342800,43.8663427734375,-0.0322903043605387,-0.0281616801232099,0.0161977591503411
1776177541969275000,43.87627490234375,-0.0270788533225655,0.0113952542394399,0.0020651889014989
1776177541979206100,43.8862060546875,-0.0082888126567006,0.0540010547786951,-0.0349079395130276
1776177541989138000,43.896137939453126,0.0026586978152394,0.076646017307043,-0.048653081346862
1776177541999069000,43.90606884765625,-0.0096539635300636,0.0599637625753879,-0.038331155427359
1776177542009001000,43.9160009765625,-0.0096752985790371,0.0452414097398519,0.0078441010965034
1776177542018933000,43.92593310546875,0.0247998024746775,0.0271323370754718,-0.0297059869557619
1776177542028864000,43.93586401367188,0.0317579510495066,0.0037473698347806,-0.0659086789870634
1776177542038796000,43.945796142578125,0.0113338794410228,0.0179775552392005,-0.0378588617404922
1776177542048727000,43.95572705078125,-0.0243044201731681,-0.00932487770617,-0.0353539297148585
1776177542058659000,43.9656591796875,-0.0268435832619667,-0.0037502924442291,-0.0681964245980605
1776177542068590800,43.9755908203125,-0.0313803499087691,0.014127309551835,-0.084718702995032
1776177542078521900,43.98552197265625,-0.0494014520287513,-0.0035053777724504,-0.0345160541186109
1776177542088454000,43.99545385742187,-0.0524808594740927,-0.011760580420494,-0.0360678501378744
1776177542098385200,44.00538525390625,-0.027777356980741,-0.0079898297101259,-0.0234122571064159
1776177542108317000,44.01531689453125,0.0025590368330478,-0.0085053780168294,-0.0273342528557404
1776177542118248000,44.025248046875,0.0162520466208457,-0.0044867900252342,-0.046331068140082
1776177542128180000,44.03517993164063,0.0107587099015712,0.0262117150992155,-0.029062464887835
1776177542138112000,44.04511206054688,0.0240916542053222,0.0491360790908336,-0.004088511422649
1776177542148043000,44.05504296875,0.0139018302328884,0.0500765748113393,-0.0025523148313164
1776177542157975000,44.06497509765625,-0.0350678062498569,0.0470025741934776,0.0142937521599233
1776177542167906000,44.074906005859376,-0.0614297434747219,0.0136000708073377,0.0287881049258634
1776177542177838000,44.084838134765626,-0.0170659933522343,-0.0033089784175157,-0.01460869986061
1776177542187769900,44.094769775390624,0.0139779642090201,-0.0149549925476312,-0.0490108818085864
1776177542197700900,44.10470092773438,0.0615979396484792,-0.0339963776260614,-0.044043687855266
1776177542207633000,44.1146328125,0.0675216306090354,-0.030737083569169,-0.0220220448570325
1776177542217564000,44.12456396484375,-0.000632160423696,0.0023532851278781,0.001384220900014
1776177542227496000,44.13449584960937,-0.090609368468821,0.02092529912889,-0.0076768913034349
1776177542237427000,44.144427001953126,-0.1070388174831867,0.0475099391937255,-0.0368259384961798
1776177542247359000,44.15435888671875,-0.0572711624905467,0.0132166244477033,-0.0575436227563768
1776177542257291000,44.164291015625,-0.0034156536623835,0.0167582425773143,-0.0335558307843282
1776177542267222000,44.17422192382813,0.00658347004354,0.0111380646079778,0.0104214773038402
1776177542277154000,44.18415405273438,0.0097086163267493,0.0475683913826942,0.0262156240893527
1776177542287085000,44.1940849609375,0.0302481310084462,0.0702063396483659,-0.0021020137805491
1776177542297016800,44.20401684570312,0.049640813742578,0.0814770907253027,-0.0339068727117031
1776177542306948900,44.21394897460937,0.0490542460262775,0.0742448013842105,-0.0261942525077611
1776177542316880000,44.2238798828125,0.0265957459807395,0.0425128615587949,0.0058467897994443
1776177542326812000,44.23381201171875,-0.0058007952332496,0.026932430589199,-0.0246055950768291
1776177542336743000,44.24374291992188,-0.0409961733855307,-0.0227221194177865,-0.0154501921860501
1776177542346675000,44.25367504882813,-0.0395019893050193,-0.0397527491956949,-0.0039198768574744
1776177542356606000,44.26360595703125,-0.0314344181835651,-0.0638578474044799,-0.018111849143356
1776177542366538000,44.2735380859375,-0.0102431615948677,-0.0753577310621738,0.0023616510974243
1776177542376470000,44.28346997070312,0.0145011113002896,-0.0507628035098314,0.0218724072532728
1776177542386401000,44.29340112304688,0.0405143812179565,-0.0061965165525674,-0.0216407904544845
1776177542396333000,44.3033330078125,0.0933624665692448,0.0384895973920822,-0.0407422716896981
1776177542406264000,44.31326416015625,0.1431704535722732,0.0746960522830486,-0.0391784929716959
1776177542416195800,44.32319580078125,0.2164966788068413,0.0698445205986499,-0.0222600548639893
1776177542426128000,44.3331279296875,0.2346495906129479,0.1179156008064746,-0.0738346496807411
1776177542436059000,44.343058837890624,0.2075111160576343,0.1604489206314086,-0.1392601482607424
1776177542445991000,44.35299096679688,0.276108559204638,0.2099596782535314,-0.1124743230680003
1776177542455922000,44.362921875,0.3460980412319302,0.2023638162970542,-0.006980323874019
1776177542465854000,44.37285400390625,0.518262826359272,0.1522153452932834,0.0679750369323417
1776177542475785000,44.38278491210937,0.7509367329850792,0.2448252399295568,0.192452151678875
1776177542485717000,44.39271704101562,0.924474998422712,0.2844733597069978,0.1930726947300136
1776177542495648800,44.40264868164063,1.1218193791225552,0.2608919931113719,0.0045550694884732
1776177542505580000,44.412580078125,1.2843686330340802,0.4594827206104993,-0.3035151101116091
1776177542515512000,44.422511962890624,1.31647978143543,0.5391980623602867,-0.4367928594944998
1776177542525443000,44.43244311523438,1.1722281084977089,0.417438645607233,-0.3353032005710527
1776177542535374800,44.442374755859376,1.051167926055193,0.3529740644812584,-0.2320868639854714
1776177542545307000,44.452306884765626,0.991067239227146,0.2293435931593179,-0.1447785098234191
1776177542555238000,44.46223779296875,0.9116592098608612,0.195225050458312,-0.117035091644898
1776177542565170200,44.47217016601562,0.9164929136276244,0.1646148081392049,0.0463837847080081
1776177542575101000,44.48210083007813,0.8826454429529607,0.2330494619399309,0.3238487634902819
1776177542585033000,44.492032958984375,1.6099392884135246,0.778541071486473,0.2123824484210461
1776177542594964000,44.5019638671875,1.588390304428339,0.900918912398815,-0.2349698355432599
1776177542604896000,44.51189599609375,1.3031715331815183,0.704850981375575,-0.3541801523353904
1776177542614827800,44.52182788085938,1.137828849159181,0.4785620996117591,-0.1287206706004217
1776177542624759000,44.53175903320312,1.1731949077032506,0.3395195396244526,0.1089875769307836
1776177542634691000,44.54169116210937,1.003512879302353,0.0134387427657842,0.0477604433560743
1776177542644622000,44.5516220703125,0.9511465861186384,-0.2383113279908895,0.2698589242253452
1776177542654553900,44.561553955078125,0.9647438804470002,-0.012629764470458,0.4790134966410696
1776177542664485400,44.5714853515625,1.0620412022471428,-0.0994891327559947,0.7582718981787562
1776177542674416400,44.58141650390625,1.1653028392791749,-0.1722340509712696,0.8549800949793308
1776177542684348400,44.59134838867188,1.4153402608990668,-0.1885562402188778,0.7675391274135559
1776177542694279400,44.60127954101562,1.991052236664295,-0.3165899149358272,0.4541246641760691
1776177542704211500,44.61121142578125,3.0845757878899573,-0.4241851972579956,0.5421134748829528
1776177542714142200,44.62114208984375,3.912049524849653,-0.5402946254253387,0.7441153625324368
1776177542724074200,44.63107421875,4.862409636765718,-0.5281956068307161,1.2002502340197565
1776177542734006500,44.64100659179688,5.262805962157249,-0.3923690862804651,1.4631947757467627
1776177542743937500,44.6509375,5.402402648895978,-0.2601642633587122,1.4000982681035994
1776177542753869300,44.660869384765626,5.486079880014062,-0.0929553470730781,1.171664629396051
1776177542763800300,44.67080029296875,5.384898556387424,0.1360474698245525,0.910300561793521
1776177542773732400,44.680732421875,5.426288551396131,0.0318967749983072,0.8202395479224622
1776177542783664400,44.69066430664063,5.70227465326488,-0.0399053094089031,1.0012262296698986
1776177542793595400,44.70059545898437,5.83896042099297,0.0276864638268947,0.7656197767235339
1776177542803527400,44.71052734375,6.300694719922542,0.5594838945418595,1.1443163845475763
1776177542813458400,44.72045849609375,6.146745098182558,0.4342307904541492,0.8933833292622119
1776177542823390500,44.730390380859376,5.941559210202097,0.5481845018923283,0.7975542533837259
1776177542833322200,44.740322265625,5.6790551057189695,1.1630348943471909,0.7827472179394215
1776177542843253200,44.75025317382813,4.5968774166330695,1.571412866142392,0.5538767952498048
1776177542853185500,44.760185546875,3.2005411314114927,1.9015765484005207,0.4743209549106657
1776177542863116500,44.77011645507813,1.8421411936134096,1.9680010314226148,1.057597228450328
1776177542873048300,44.78004833984375,0.4553922364264726,1.7655220643132925,1.3798834553316237
1776177542882979300,44.78997924804688,-0.106128132379055,1.719582735437155,1.46814216902107
1776177542892911400,44.799911376953126,0.1033639283627271,1.5711971775650977,1.491962020547688
1776177542902843400,44.80984350585938,0.7999789963126183,1.3526818524122235,1.5900385100267826
1776177542912774400,44.8197744140625,1.3385025204122063,1.5674766957372426,0.8924319468215107
1776177542922706400,44.82970654296875,1.3551082027763128,2.444802551102638,-0.2785803561456501
1776177542932637400,44.83963745117188,0.3923790231525897,3.2024943113058804,-0.767609489236027
1776177542942569500,44.849569580078125,-1.2209271113455296,3.1898943574517964,-0.9712575001247228
1776177542952501200,44.85950122070312,-2.4865853448212145,2.8547786057442424,-0.3977740140639245
1776177542962432500,44.8694326171875,-2.946550880512595,2.21133866314292,0.1777235152330249
1776177542972364500,44.87936450195313,-2.3186785093992945,1.913117348590493,0.3893438201751559
1776177542982295300,44.88929541015625,-1.4376345102936028,2.252942008641362,0.6418251278158277
1776177542992227300,44.89922729492187,-1.2819535347163675,2.444433133268356,0.6511622074164449
1776177543002158300,44.909158447265625,-1.5952835710734128,2.448225511288643,0.0101407971989363
1776177543012090400,44.91909033203125,-2.3496727825999257,2.530212889623642,-0.71995765735358
1776177543022022400,44.9290224609375,-2.745367798432708,2.3437048141062258,-0.8675444660633802
1776177543031953400,44.93895336914063,-2.630941208785772,2.195734266775846,-0.7053755167063325
1776177543041885400,44.94888549804688,-2.4105957455962894,1.829117461389303,-0.3587305821813643
1776177543051816400,44.95881640625,-1.9868682289779185,1.553639893564582,0.1059848514508455
1776177543061748500,44.96874853515625,-1.6675369063794612,1.3494167131364343,0.5009987531516701
1776177543071680300,44.97868017578125,-1.4997516515105962,1.148832181471586,0.6451323526676744
1776177543081611500,44.988611572265626,-1.4307272151231765,0.7478241539224982,0.6164578276515007
1776177543091543600,44.99854345703125,-1.3018237718343737,0.205409759864211,0.7591513113617897
1776177543101474300,45.00847436523438,-1.1300134992331266,0.0280196413040161,0.5169098773803562
1776177543111406300,45.01840625,-0.9429688326209784,0.3130746002912521,0.2301976527053862
1776177543121337300,45.02833740234375,-0.7188134557545185,0.9066676851838826,0.2167901818607002
1776177543131269400,45.03826928710937,-1.544551747223735,1.163245322227478,-0.1896875092711299
1776177543141201400,45.04820141601562,-2.190612101456523,1.3011153313040733,0.0150016812335699
1776177543151132400,45.05813232421875,-2.5247826812684533,1.201313187076151,0.5982665565963834
1776177543161064400,45.068064453125,-2.6419483404904605,1.1642010155171156,1.0493068083584307
1776177543170995500,45.07799536132813,-2.4507605827242136,1.2116525025218725,1.160754528325051
1776177543180927200,45.08792724609375,-2.1377584631472826,0.9313660731106996,0.993358784230426
1776177543190859300,45.097859375,-2.009310946932435,0.3631193186596035,1.157239579006657
1776177543200790500,45.10779052734375,-2.210800318482518,0.5200692912593483,0.8853943763349205
1776177543210722600,45.11772265625,-1.8058359545230864,0.8053262025594711,0.4529220469206571
1776177543220653300,45.1276533203125,-1.2059756259292362,0.6506491433277726,0.1736922869555652
1776177543230585300,45.13758544921875,-0.8082114026069641,0.6918658275961875,-0.4012026002731174
1776177543240517400,45.147517333984375,-0.5410562574476003,0.7359870011344551,-0.3663474138606339
1776177543250448400,45.15744848632813,-0.1059475151151418,0.641577071338892,0.0236821235563606
1776177543260380400,45.16738037109375,0.1050298157483339,0.4302405517742037,0.0665051835754886
1776177543270311400,45.1773115234375,0.0511111785560846,0.3726613462477922,0.1642665792234242
1776177543280243500,45.18724340820312,-0.1106856495529413,0.504608979538083,0.2969769405145198
1776177543290174500,45.19717456054688,-0.3347071709066629,0.4733119239985942,0.2947578762255609
1776177543300106200,45.20710620117188,-0.3779980311006307,0.3564817803412675,0.5139983738478273
1776177543310038300,45.217038330078125,-0.3215203570753335,0.3517740410417318,0.482713995126821
1776177543319969500,45.22696948242187,-0.0751192461311817,0.3268447669684887,0.6053357277976349
1776177543329901600,45.23690161132812,-0.2312064644217491,0.2909431402429938,0.067030376493372
1776177543339832300,45.246832275390624,-0.3468646416902542,0.2059454741761088,-0.0233952329063788
1776177543349764400,45.25676440429688,-0.1813128449618816,0.2815072033777833,0.3218987984662875
1776177543359696400,45.2666962890625,-0.1664776794016361,0.1918260556697845,0.4692271754356101
1776177543369627400,45.27662744140625,-0.0566162057131528,0.1829164807662367,0.3955385100968182
1776177543379559200,45.28655908203125,0.364213251376152,0.175914785310626,0.2342821820726618
1776177543389490400,45.29649047851562,0.4933277070671319,0.1453621183976531,0.0256344266679137
1776177543399422500,45.30642236328125,0.0376835417062044,1.4657222483977674,0.9049879154033958
1776177543409353500,45.316353515625,-2.477850249701738,2.0223405243754384,0.0597491334440186
1776177543419285200,45.32628515625,-0.6944114204257726,-1.1691828955829142,-1.5072601274445652
1776177543429217300,45.33621728515625,1.9906553463011976,0.8320733397096395,-0.3815581712676212
1776177543439148500,45.3461484375,-3.20762349088788,0.6652791417047381,3.55626800173223
1776177543449080600,45.35608056640625,-1.202215981134772,-2.078202112329006,2.6995912589028475
1776177543459011300,45.36601123046875,0.0339338337838649,0.010684475621581,-0.0839275160847231
1776177543468943400,45.375943359375,-0.8470920451432467,-0.5049158535301685,0.6211404325097799
1776177543478875400,45.38587548828125,0.1214905366837978,-0.025235271282494,0.6012698300655931
1776177543488806400,45.395806396484375,0.2048188082337379,0.4261380848914384,-0.0681071023467928
1776177543498738200,45.40573828125,-0.0123135381281375,0.9305839828222988,-1.658340623489022
1776177543508669400,45.41566943359375,0.0521253240346908,1.2891434462204574,-2.3448944622822103
1776177543518601500,45.4256015625,0.0406973365694284,1.6540575393423438,-1.8411669417537748
1776177543528533500,45.43553344726563,-0.5515794050276279,1.4471800450131296,-1.25841308465302
1776177543538464300,45.44546435546875,-0.8050193285673857,1.0940253632679582,-0.9729531981267034
1776177543548396300,45.45539624023438,-0.5440121846437453,1.003543128310144,-0.7300828916572034
1776177543558327600,45.46532763671875,0.3085088998109102,-0.63785074429214,-0.1138416476321406
1776177543568259600,45.475259521484375,1.2138199096888302,-1.588887732556462,0.0969591941532678
1776177543578190300,45.4851904296875,1.1126385860621928,-1.036503148625791,0.1846533510288223
1776177543588122400,45.49512231445313,0.3845972832351922,-1.0065104536831375,1.490492240256071
1776177543598054400,45.50505444335938,0.0730833563894033,-1.476962896597385,1.4303515136785805
1776177543607985400,45.5149853515625,-0.3338414939880371,-1.4493699562728404,-0.011413995472528
1776177543617917200,45.52491723632812,-2.2792893328189847,-0.8642179519891738,-1.0796326807782053
1776177543627848400,45.53484838867188,-2.8957752175211904,0.0167418759644031,-1.1393372078955173
1776177543637780500,45.544780517578126,-2.123202699050307,0.6983245022162795,-0.6918911081679165
1776177544144291000,46.051291015625,-2.239060782805085,-0.8729038011394441,0.1429421977743506
1776177544154222300,46.06122241210937,-1.8526883065909143,-0.2898316718697548,0.4364733086839318
1776177544164154400,46.071154296875,-1.2175497438669205,0.654703825546056,0.2059340759992599
1776177544174086400,46.08108642578125,-1.1669412541359665,1.391601219523698,-0.3181444509014487
1776177544184017200,46.09101708984375,-0.9324760801792144,1.4740046313136814,-0.270019302418828
1776177544193949200,46.10094921875,-0.7435831553518771,0.2009621328055858,-0.905920958469808
1776177544203880200,46.11088012695313,-0.1560217518389225,0.0491349100470542,-0.9718690561518072
1776177544213812200,46.12081225585938,-1.0256588062673806,-0.0572808071017265,0.1443918120607733
1776177544223744300,46.130744140625,-1.0168336947768926,1.4331874677568672,0.7457762814819813
1776177544233675300,46.14067529296875,1.1733616425722837,1.582024861049652,-1.877595076571405
1776177544243607300,46.15060717773437,0.9674860187619924,1.2547042932629584,-1.8823092456117272
1776177544253538000,46.1605380859375,-0.0137310037106275,1.196209434196353,-0.7198951135113835
1776177544263470000,46.17046997070312,0.0599888970166444,0.973479121696949,-1.1804168217808009
1776177544273401300,46.1804013671875,0.615108751130104,0.701089290754497,-0.603795622216165
1776177544283333400,46.19033349609375,0.6321726986557245,-0.0467155739456415,0.191815826536715
1776177544293265400,46.20026538085938,2.067632202997804,-0.0952846668034791,0.0424921110317111
1776177544303196200,46.21019604492187,2.7249948724895714,0.0781961693584919,-0.2184811306223273
1776177544313128200,46.22012817382812,1.945960464528203,-0.1029161845952272,-0.1942404233351349
1776177544323059200,46.23005908203125,1.2970435518205166,-0.195430217641592,-0.5075847804784774
1776177544332991200,46.2399912109375,0.7084288398623466,0.131195645879209,-1.6034738917917013
1776177544342923300,46.24992333984375,-0.7903916682779788,-1.627473191538453,-2.3047829627767205
1776177544352854300,46.25985424804688,-2.46835469160378,-2.978089635853469,-2.023644300450385
1776177544362786300,46.26978637695313,-0.4133867398679256,-1.6719366026431322,0.323192381940782
1776177544372717000,46.27971704101562,1.1007587631762028,-2.5772286155596373,-0.6904556685373187
1776177544382649000,46.28964916992187,0.8087456556141376,-1.9211162383899087,-1.9572893755331635
1776177544392580400,46.299580322265626,0.4683960949063301,-0.5641705910533666,-1.918297966098785
1776177544402512400,46.30951245117188,0.2996820347547531,0.2932993479803204,-2.063758868695796
1776177544412444200,46.31944409179688,0.124255909743905,0.6634028264388442,-2.404033902862668
1776177544422375200,46.32937524414063,-0.1974614312082529,0.5633613204970955,-2.1961834718480704
1776177544432307200,46.33930712890625,0.1188315466076135,0.3334787981554866,-1.5438962059244512
1776177544442238200,46.34923828125,0.6824480109095573,0.0625157851457595,-1.469215935732424
1776177544452170200,46.35917016601562,0.7435591899544001,-0.0880886178195476,-1.580197061100602
1776177544462102300,46.36910229492187,0.9723480718404054,0.1519520181819796,-1.240420624105632
1776177544472033300,46.379033203125,1.1615841110169889,0.3665478318035602,-1.5196233499333265
1776177544481965300,46.38896533203125,0.9602607436835764,0.4507856194138526,-1.438046013703942
1776177544491896000,46.39889599609375,0.53467853910923,0.2214396881669759,-1.323950847968459
1776177544501828000,46.408828125,0.077291329473257,-0.1897317137390375,-1.4024854555010795
1776177544511759400,46.41875927734375,-0.1360445472151041,-0.3999842374593019,-1.4035472395136952
1776177544521691400,46.42869140625,-0.1749836419403553,-0.4548720119446516,-1.5668115098267792
1776177544531623200,46.438623046875,-0.2064537159591913,-0.4213672172278165,-1.6936922151163218
1776177544541554200,46.44855419921875,0.1079588549375534,-0.2477425886809825,-1.4406409986332058
1776177544551486200,46.458486328125,0.6409165616035462,0.0081716160178184,-1.1549112091243263
1776177544561417200,46.46841723632812,0.8695622356265783,0.0924251857191324,-0.7404094937518239
1776177544571349200,46.47834936523437,0.8017021668434142,-0.006497545325756,-0.4521560309842228
1776177544581281300,46.48828125,0.7833569473356008,-0.0196329212307929,-0.3011845482721925
1776177544591212300,46.49821240234375,0.9072504535079002,-0.4482710062444209,-0.0707964144960045
1776177544601144300,46.508144287109374,0.794662185204029,-1.23534259018898,-0.0809583275482058
1776177544611075000,46.51807495117188,0.3984405151486396,-1.1110481020003558,-0.3808940448030829
1776177544621007000,46.528007080078126,-0.2423696634709835,-0.9667524437904358,-0.3498118010580539
1776177544630939100,46.537939208984376,-0.8659171571224927,-0.7506786665707826,-0.1430289992749691
