time,seconds_elapsed,z,y,x
1776177744424529700,3.61752978515625,-0.0370727163314819,-0.0423041872441768,-0.0448452500291168
1776177744434461000,3.6274609375,-0.4164391131758689,-0.112204237422347,-0.2007784468017518
1776177744444392700,3.637392822265625,-0.5557517222762107,0.2904185318470001,0.1047111051879823
1776177744454324700,3.64732470703125,-0.4744315756782889,0.0992430490404367,-0.0310647080883383
1776177744464255700,3.657255859375,-0.7494064546778798,-0.046056233254075,0.0158856975264847
1776177744474187800,3.667187744140625,-0.8669140592053532,0.0952501800119876,0.0149620068103075
1776177744484118800,3.677118896484375,-0.5389831044353545,0.5585603499561548,-0.1957038469512015
1776177744494050800,3.68705078125,-0.2040378869891166,0.2557750884890556,0.0409546357987448
1776177744503982800,3.69698291015625,-0.1471500247277319,0.1696937188386917,-0.0843491024976596
1776177744513913900,3.706913818359375,0.2169496832713484,0.265052619922161,-0.0353472807783633
1776177744523845600,3.716845703125,0.6880839709699154,0.163480835673213,-0.0127159083839505
1776177744533777700,3.726777587890625,0.853387638156116,-0.0530564674049615,0.0419185854600742
1776177744543709000,3.736708984375,0.7017321187026798,-0.1420318049311637,0.0342538595184683
1776177744553641000,3.746640869140625,0.4640481288298964,-0.1821352672606706,0.0194384581046178
1776177744563571700,3.75657177734375,0.2512470896705985,-0.1444213304162025,0.0275439135510474
1776177744573503700,3.766503662109375,0.1580409827068448,-0.1285796181619167,0.056184792025946
1776177744583435800,3.776435791015625,0.2169406231820583,-0.0604974310606718,0.0512508062224835
1776177744593366800,3.78636669921875,0.2828796607747674,-0.0993546927213668,-0.0198940929176285
1776177744603298800,3.796298828125,0.1384966165423393,-0.2108820537954568,-0.1392279630241915
1776177744613230600,3.806230712890625,-0.113295247529447,-0.2239046169757843,-0.2419843539478257
1776177744623161900,3.816161865234375,-0.2943096940666437,-0.1417418820738792,-0.2713093056967481
1776177744633094000,3.826093994140625,-0.4113163633346557,-0.0721767629384994,-0.2319333173915743
1776177744643024600,3.836024658203125,-0.4753086507737636,-0.0841314046263694,-0.1954722666850313
1776177744652956700,3.845956787109375,-0.3952455184996127,-0.1663636976331472,-0.136861416555941
1776177744662888700,3.855888671875,-0.2005517984390258,-0.1359217976182699,-0.1003333650277927
1776177744672820000,3.865820068359375,-0.0276095991984009,-0.1094154834866523,-0.0804837323063984
1776177744682752000,3.875751953125,0.1808732845008373,-0.114932785603404,-0.060158554495126
1776177744692683800,3.885683837890625,0.368845879612863,-0.0539642298996448,-0.0688505411252379
1776177744702614800,3.89561474609375,0.4343172996938228,0.0461076711803674,-0.0753142572466284
1776177744712546800,3.905546875,0.4198419073566794,0.1149877306610345,-0.0519169419810175
1776177744722477600,3.9154775390625,0.4076493652597069,0.1609954485982656,-0.0722365303017199
1776177744732409600,3.92540966796875,0.435079808498919,0.1862660834550857,-0.0637966918017715
1776177744742341600,3.935341552734375,0.3956304261639714,0.1987175687491893,-0.077031034569256
1776177744752273000,3.94527294921875,0.3526654369235038,0.2178361107170581,-0.1189492547031492
1776177744762205000,3.955204833984375,0.2879109329402446,0.210700852009654,-0.0843931243024766
1776177744772136700,3.96513671875,0.1640086589395999,0.2042337018221616,-0.0437360832108184
1776177744782067700,3.975067626953125,0.063620823778212,0.1621148080170154,-0.0372045990828424
1776177744791999700,3.984999755859375,0.0785015820458531,0.1285690967679023,-0.0070854647489264
1776177744801930800,3.9949306640625,0.1314282855913043,0.1287093820214271,0.0508111726962029
1776177744811862800,4.00486279296875,0.1704851614773273,0.0772200178027153,0.0645939065940678
1776177744821794800,4.014794921875,-0.0163376790776848,-0.0341232188761234,0.0259685905257239
1776177744831725800,4.024725830078125,-0.2338885431125759,-0.091759999808669,0.0185798685139045
1776177744841657900,4.034657958984375,-0.3523080017879605,-0.0793225430399179,0.0235490717612206
1776177744851589600,4.044589599609375,-0.4296165746569633,-0.0292640884071588,-0.0158395202971994
1776177744861520600,4.054520751953125,-0.4635688208803534,0.0240302794069051,-0.0523804313069209
1776177744871453000,4.064452880859375,-0.4455222920581698,0.0446487045437097,-0.0646437736177816
1776177744881384000,4.074384033203125,-0.3137289725467562,0.0473515337616205,-0.0147471219506114
1776177744891315700,4.084315673828125,-0.1383291510209441,0.0046551323294639,-0.0370098802283406
1776177744901247700,4.094247802734375,0.1075356610894203,-0.0713970107376575,-0.0674907605467364
1776177744911178800,4.1041787109375,0.3585480652213096,-0.0787368521064519,-0.064286923004128
1776177744921110800,4.11411083984375,0.5607601980879903,-0.0342576589107513,-0.0674199603328481
1776177744931041800,4.124041748046875,0.6744678258106112,0.0034264673173427,-0.0910752324149012
1776177744940973800,4.133973876953125,0.7194412322640419,0.0151361943334341,-0.0611768281595781
1776177744950905900,4.14390576171875,0.5645104905322194,0.0713280371546745,-0.0335820612041279
1776177744960836900,4.1538369140625,0.3603399170741438,0.106881581094861,-0.0093556747032329
1776177744970768600,4.1637685546875,0.1007958314403891,0.0696300010651349,-0.0312023995259776
1776177744980700700,4.17370068359375,-0.1734253065824508,0.0319271701365709,-0.0520353807289153
1776177744990632000,4.1836318359375,-0.3548877891480922,0.0013321253865957,-0.0233699158020317
1776177745000564000,4.19356396484375,-0.5067068286001682,0.0058662616848945,-0.0711625078620389
1776177745010494700,4.20349462890625,-0.6005778292134404,0.0128770172297954,-0.0627399858230724
1776177745020426800,4.2134267578125,-0.4735667755424976,0.0859510212689638,-0.0534778711548075
1776177745030358800,4.22335888671875,-0.2164952175021171,0.1060743563652038,-0.0191210992511361
1776177745040289800,4.233289794921875,0.0680900781467556,0.1006108302623033,0.001437595055066
1776177745050221600,4.2432216796875,0.2041428086683154,0.0517173277556896,-0.0130457979254424
1776177745060153600,4.253153564453125,0.3046799891725182,0.0014946224719285,-0.038588673852384
1776177745070084900,4.2630849609375,0.364276672001183,0.034580899515748,0.025356924900785
1776177745080017000,4.273016845703125,0.3179115189284086,0.0198579621583223,0.0297079597171396
1776177745089947600,4.28294775390625,0.230798175881803,-0.0044324294894933,0.0114963399937376
1776177745099879700,4.292879638671875,0.0381450217381119,0.0097287823319435,-0.0014557517662644
1776177745109811700,4.302811767578125,-0.2291390104979276,0.0357540349483489,-0.0218578307386487
1776177745119743000,4.312742919921875,-0.4088999498426914,0.0281610956013202,0.0095825057290494
1776177745129674800,4.3226748046875,-0.4077987106025219,-0.0162625680148601,-0.0503344950951635
1776177745139605800,4.332605712890625,-0.2489385204672813,-0.0885825388163328,-0.0497677280578762
1776177745149537800,4.342537841796875,-0.0632502369001507,-0.122044078913331,-0.0441455042619258
1776177745159469800,4.3524697265625,0.1007739118695259,-0.1222048224329948,-0.0776935535985976
1776177745169400600,4.362400634765625,0.2509127431496977,-0.0537491258442401,-0.0623529592668637
1776177745179332600,4.37233251953125,0.3189136817082763,-0.00356207639575,-0.0689805972456932
1776177745189265000,4.382264892578125,0.3070493486523628,-0.0182797530561685,-0.0961535585924983
1776177745199196000,4.39219580078125,0.200144971203804,-0.0016097732841968,-0.1319699181873351
1776177745209128000,4.4021279296875,0.0927636238932609,0.0705804336577653,-0.151877308977954
1776177745219058700,4.41205859375,0.053594519804418,0.1392792913526296,-0.111590781699121
1776177745228990700,4.42199072265625,-0.0181540808498859,0.1592716935455799,-0.1064365042084828
1776177745238922800,4.4319228515625,0.0492760720834136,0.1606312914609909,-0.0553738775018602
1776177745248853800,4.441853759765625,0.1517465587377548,0.1332055243968963,0.0477460860371589
1776177745258785800,4.451785888671875,0.1604065427944064,0.0602940174430608,0.0690410221960395
1776177745268717800,4.4617177734375,0.2059165403425693,-0.0033352819025516,0.0482860381327569
1776177745278648800,4.47164892578125,0.2084232624664902,-0.0332394217789173,0.0416517877500504
1776177745288580900,4.481580810546875,0.1003700072437524,-0.0420195250838994,0.0450122771590948
1776177745298511600,4.49151171875,0.0042693478822708,0.0059597851872444,0.0529760225798934
1776177745308444000,4.50144384765625,-0.107450320893526,-0.020377017596364,0.0282859640900045
1776177745318376000,4.5113759765625,-0.2528159464225173,-0.0404331326752901,0.0322563655583187
1776177745328306700,4.521306640625,-0.3684957510009408,-0.0142921447247266,0.0019717749970033
1776177745338238700,4.53123876953125,-0.3515484155923128,0.0228887081563472,0.0053217064794152
1776177745348169700,4.541169677734375,-0.2978922287285327,0.0470516740322113,-0.0122435781644657
1776177745358101800,4.551101806640625,-0.2122889979839324,0.0276028771966695,-0.0534296480989083
1776177745368033800,4.56103369140625,-0.0484776151821017,0.0354793096601963,-0.0675236764356494
1776177745377964800,4.57096484375,0.1356125855386257,0.0661491732120513,-0.1061883381336927
1776177745387896800,4.580896728515625,0.1775134526789188,0.0339706586629152,-0.0910064414950087
1776177745397828900,4.590828857421875,0.1344973177731037,0.0260492180138826,-0.0780554822461679
1776177745407759600,4.600759521484375,0.1522132994666695,0.0972363853931427,-0.0555444482957944
1776177745417691600,4.610691650390625,0.2190311657205224,0.12049801851511,-0.0098616879966109
1776177745427623000,4.620622802734375,0.1954886698305606,0.0343313086688518,-0.0387297993561252
1776177745437555000,4.630554931640625,0.1274178809061646,-0.036067338681221,-0.0735820996917784
1776177745447487000,4.640487060546875,0.172044958139956,0.0148041859000921,-0.0168762429337948
1776177745457417700,4.650417724609375,0.3114858697950839,0.0001870470046997,-0.083022237808071
1776177745467349800,4.660349853515625,0.1182724514201283,-0.0563011484146118,-0.1577169018516317
1776177745477281800,4.67028173828125,-0.1985290604397654,-0.0721218178808689,-0.1006931017182767
1776177745487212800,4.680212890625,-0.2127402488827705,-0.013362754920125,-0.1098973852520808
1776177745497144600,4.69014453125,-0.1616951213002204,0.0150531922250986,-0.0901626841472461
1776177745507075800,4.700075927734375,-0.1365270700350403,0.0371919587969779,-0.0207959736607968
1776177745517008000,4.7100078125,0.0726689303696155,0.0222135853737592,-0.0801509932206943
1776177745526940000,4.71993994140625,0.4787164133906364,0.0024047230541706,-0.1560677098724991
1776177745536870700,4.72987060546875,0.74306497669667,0.0599935731917619,-0.1310598906703293
1776177745546802700,4.739802734375,0.6933654185041784,0.1683715303242206,-0.1383693734334781
1776177745556734000,4.74973388671875,0.2865475356325507,0.0873147108376026,-0.2569968488363549
1776177745566666000,4.759666015625,0.3027475598052144,0.1163157643944025,-0.1578637995090335
1776177745576597800,4.76959765625,0.3486928800307214,0.4929869308054447,0.1248168315622955
1776177745586528800,4.77952880859375,0.2267199666574597,0.3275935395091772,0.0066835694171488
1776177745596460800,4.789460693359375,0.2312013498552143,0.0243821615844964,-0.1257850920725614
1776177745606392800,4.799392822265625,0.051723026844114,-0.0464607224017381,-0.0848282643167302
1776177745616323600,4.809323486328125,-0.1228833062164485,-0.0711041652709245,-0.0627065219448879
1776177745626256000,4.819255859375,-0.0462815664425492,-0.0129927525639534,-0.0160299648353829
1776177745636187000,4.829186767578125,0.0878708834156394,0.0517547371566295,-0.0356187911961227
1776177745646119000,4.839118896484375,-0.0263084534719586,-0.0346469504892826,-0.1057002623558044
1776177745656050700,4.84905078125,-0.226593563798815,-0.0894148979872465,-0.0995965021206066
1776177745665981700,4.858981689453125,-0.5191100908383727,-0.1033756188005208,-0.0402563148036599
1776177745675913700,4.868913818359375,-0.8071849821686744,-0.0354740489631891,0.0239594061277806
1776177745685845800,4.878845703125,-0.924958105764538,0.0657598816335201,0.079319108973816
1776177745695776800,4.88877685546875,-0.7687932921931148,0.0481260252654552,0.0957973290333524
1776177745705708800,4.898708740234375,-0.5145929056748747,0.0251572376102209,0.1606983653478324
1776177745715639800,4.908639892578125,-0.26415947047472,-0.0405751714944839,0.1656292824113741
1776177745725571800,4.91857177734375,-0.1055763437151908,-0.0949438905417919,0.1032865522775799
1776177745735503600,4.928503662109375,-0.0185886728748679,-0.0597328764289617,0.0650067982438951
1776177745745435000,4.938434814453125,-0.0262533622838556,-0.0101601594865322,-0.0142656585766002
1776177745755367000,4.948366943359375,-0.1649073613449931,0.0647317076295614,-0.0565941400118172
1776177745765299000,4.958298828125,-0.1266518649697303,0.1676461386591196,-0.0249260957354679
1776177745775229700,4.968229736328125,-0.0479366401731967,0.164724698254466,-0.1541818961258977
1776177745785161700,4.97816162109375,-0.0014762100324034,0.0724123252600431,-0.0332171734144911
1776177745795092700,4.9880927734375,0.2639084183230996,-0.0980494553416967,-0.0695769191710278
1776177745805024800,4.998024658203125,0.5356254645705223,0.1530190628916025,-0.174254377817735
1776177745814956500,5.00795654296875,0.4199482903406024,0.1456575942128896,-0.1312319227689877
1776177745824887800,5.0178876953125,0.1266261460065841,0.0174865568518638,-0.2128471067907288
1776177745834819800,5.02781982421875,0.0112488315060734,0.047620998352766,-0.1797606470838189
1776177745844750800,5.037750732421875,0.1038008584752678,0.1352718092769384,-0.0689222911871969
1776177745854681900,5.047681884765625,0.2188368121922016,0.00794482152462,-0.0359251902641728
1776177745864614000,5.05761376953125,0.5386570873513817,-0.0187993930160999,-0.0418785822432488
1776177745874545200,5.067545166015625,0.6266112651363015,-0.0648603024452924,0.0432376321693882
1776177745884477200,5.077477294921875,0.5430623365730047,-0.140013450846076,-0.1321244146293029
1776177745894409000,5.087408935546875,0.4396951933398842,0.0228349321424961,-0.1214424962909892
1776177745904340000,5.097340087890625,0.1254080023884773,0.085066639649868,-0.0730558107953518
1776177745914272000,5.10727197265625,-0.1237619887471199,0.0416775797784328,-0.1677610702756792
1776177745924203000,5.117203125,-0.2357438155904412,0.0892716901242733,-0.1894216979417949
1776177745934135000,5.127135009765625,-0.2390612695753574,0.0869774417072534,-0.162155578418821
1776177745944067000,5.137067138671875,-0.1956473675236106,0.0085018708854913,-0.1398842715084552
1776177745953998000,5.146998046875,-0.1386333946645259,-0.0476350268781185,-0.1532449075367301
1776177745963930000,5.15693017578125,-0.0681987992182373,-0.0552314733564853,-0.1619034302886575
1776177745973860900,5.16686083984375,-0.0260068401768803,-0.0254763865619897,-0.0469698775002732
1776177745983793000,5.17679296875,-0.0703475016847252,0.0248433493554592,-0.0530778389865532
1776177745993725200,5.18672509765625,-0.2190495781600475,0.0089735800504684,-0.0764392426885664
1776177746003656200,5.19665625,-0.2053378636717796,0.0139086983650922,-0.0450573949424549
1776177746013588000,5.206587890625,0.015309797334671,-0.0264794261246919,-0.0291162043690681
1776177746023520000,5.21652001953125,0.2535761171400547,-0.0216968680232763,0.013675364533253
1776177746033451000,5.226450927734375,0.4954381233498454,0.0032172084808349,-0.0276216184297576
1776177746043383000,5.236383056640625,0.6066144790291785,0.0245563491076231,-0.0446051941955462
1776177746053314000,5.24631396484375,0.6098553606465459,0.064368719536066,-0.019935155580379
1776177746063246000,5.25624609375,0.6228925368741154,0.1202419979274272,-0.0403139267424121
1776177746073178000,5.26617822265625,0.501854420132935,0.1213344693392515,-0.086165285074152
1776177746083109000,5.276109130859375,0.2609513220831752,0.1402858380466699,-0.1470174478566274
1776177746093041000,5.286041015625,-0.1005474096372723,0.1665045674085617,-0.1956874803382903
1776177746102972000,5.295971923828125,-0.4086559119537472,0.1929021604686975,-0.1918410705758258
1776177746112904200,5.305904296875,-0.5999027064308524,0.1937064625889062,-0.1890218484366312
1776177746122836200,5.315836181640625,-0.6411924559354781,0.1137228252917528,-0.1948527830798178
1776177746132767000,5.32576708984375,-0.5414785745128989,0.0584802460193634,-0.1042290572920814
1776177746142699000,5.335698974609375,-0.2705997326552867,0.05964286005795,-0.0712823348494246
1776177746152631000,5.345631103515625,0.0200701436042785,0.0726473030596971,-0.0253567422376945
1776177746162562000,5.35556201171875,0.2037900497078895,0.0127636199831962,-0.0998910280877724
1776177746172493800,5.365493896484375,0.3298796046197414,0.0015104045629501,-0.1524015885803848
1776177746182425000,5.375425048828125,0.4943760470762848,0.032370822250843,-0.1723241038748994
1776177746192357000,5.385357177734375,0.619353549093008,0.036350831797719,-0.243433127984032
1776177746202289200,5.3952890625,0.6322913565993309,0.0258013807326555,-0.2527407622944563
1776177746212220000,5.405219970703125,0.572540067730844,0.0749725311368703,-0.262332729971595
1776177746222152000,5.41515185546875,0.472820048828423,0.1021300026535987,-0.2749820393927395
1776177746232083200,5.425083251953125,0.1951955321028828,0.0818295574247837,-0.2306929619416594
1776177746242015200,5.43501513671875,-0.0811085496738552,0.0652156917542219,-0.1766254177980125
1776177746251947000,5.444947021484375,-0.3053632952615618,0.0962824456691741,-0.134361562564224
1776177746261878000,5.4548779296875,-0.4669134551331401,0.1434410872071981,-0.0436648080728948
1776177746271810000,5.46481005859375,-0.4728475213572383,0.1211632044255733,-0.0273415228467434
1776177746281742000,5.4747421875,-0.4177858516097068,0.0895440773248672,-0.022537885424681
1776177746291672800,5.4846728515625,-0.3053247168168425,0.0487274982899427,-0.0451714863087981
1776177746301604900,5.49460498046875,-0.1180851121544837,0.0225350724130868,-0.0782072022091597
1776177746311536000,5.5045361328125,0.1430032803118228,0.057874681341648,-0.0845031605482101
1776177746321468200,5.51446826171875,0.3754147366091608,0.0947749637156724,-0.110281781459786
1776177746331400000,5.52439990234375,0.4870867668509483,0.0894020385056734,-0.1669225005596876
1776177746341331000,5.5343310546875,0.5939341534152627,0.0787210700154304,-0.1902006098924204
1776177746351263000,5.544262939453125,0.7665703554466367,0.0819125595331192,-0.1679613055555149
1776177746361195000,5.554195068359375,0.7177753448784351,0.0783592509657144,-0.1415418659897521
1776177746371126000,5.5641259765625,0.5700421134352683,0.0409802451640367,-0.1346885660288855
1776177746381058000,5.57405810546875,0.4061490436993539,-0.0125227969646453,-0.1333207482744008
1776177746390989000,5.583989013671875,0.0568073443710804,-0.0485521417230367,-0.128861138517037
1776177746400921000,5.593921142578125,-0.3043275224730372,-0.0124602531224489,-0.1189542962044477
1776177746410853000,5.60385302734375,-0.5226686601027846,0.0426361956775188,-0.0515800747094675
1776177746420783900,5.613783935546875,-0.6270996331751346,0.0258504805713892,-0.0271008094260469
1776177746430716200,5.623716064453125,-0.6668059128805994,-0.0191822548538446,-0.0321392419846728
1776177746440647200,5.633647216796875,-0.6083902565300464,-0.0682557901024818,-0.0161248400446027
1776177746450579000,5.643578857421875,-0.4515294235184788,-0.0544768555968999,-0.0016987667419016
1776177746460511000,5.653510986328125,-0.3357528805673122,-0.0208481422394514,0.0122296957695856
1776177746470442000,5.66344189453125,-0.237589589587599,-0.0143289696037769,0.0020228475971147
1776177746480374000,5.6733740234375,-0.1865197659552097,0.0088882398545742,0.0078986808279529
1776177746490305000,5.683304931640625,-0.1337105513095855,0.0156534962058067,-0.0223007887331768
1776177746500237000,5.693237060546875,0.0037583296202123,0.0602034165501594,-0.0860880916520953
1776177746510169000,5.703169189453125,0.1903518914639949,0.0944973158180713,-0.1462041587123647
1776177746520100000,5.71310009765625,0.2660045138195157,0.0726934802889823,-0.2232747215744107
1776177746530031900,5.723031982421875,0.2820107689857483,0.0244733469992876,-0.252070717545785
1776177746539964000,5.7329638671875,0.4094216356292366,0.0169932203769683,-0.2754461863057688
1776177746549895200,5.742895263671875,0.4204251140721142,0.0036462475478649,-0.2740560105890035
1776177746559827200,5.7528271484375,0.3926347514793276,-0.0388145915627479,-0.2548372231170535
1776177746569758000,5.762758056640625,0.3639233285188675,-0.0103156423091888,-0.2247363550921902
1776177746579690000,5.77268994140625,0.3151134126424789,0.0170551796972751,-0.2115061039779335
1776177746589622000,5.7826220703125,0.2175499872520566,0.0179249482691288,-0.150920410111919
1776177746599553000,5.792552978515625,0.1397965932250023,-0.0050929392248392,-0.1566364496711641
1776177746609485000,5.802485107421875,0.0480569055519998,0.0035123920351266,-0.1614336938850581
1776177746619416000,5.812416015625,-0.0664554626822471,0.0042892216265201,-0.1193824950212612
1776177746629348000,5.82234814453125,-0.277108091636002,-0.0560217469513416,-0.1072865816991776
1776177746639280000,5.832280029296875,-0.4691805232822895,-0.06285071618855,-0.091182236453332
1776177746649211000,5.8422109375,-0.612818594366312,-0.0711690472006797,-0.0812622423982247
1776177746659143000,5.852142822265625,-0.757457074664533,-0.1191845978289842,-0.0732518082914873
1776177746669075000,5.862074951171875,-0.732971744966507,-0.0970019921153783,-0.0560074261650443
1776177746679006200,5.872006103515625,-0.6198889711439609,-0.1103822826921939,-0.0804086212435737
1776177746688938200,5.881938232421875,-0.4678877069927751,-0.0620499211996793,-0.1369799649016931
1776177746698869000,5.891868896484375,-0.2189396880447864,0.0078074588805437,-0.1083584121817722
1776177746708801000,5.901801025390625,-0.0129398533329367,-0.0268184488207101,-0.2029436254790052
1776177746718733000,5.911733154296875,0.1032934934750199,0.0076765259772539,-0.241605328034982
1776177746728663800,5.921663818359375,0.1377893450558185,0.0374725293040275,-0.2256367379980161
1776177746738595800,5.931595947265625,0.1348255268141627,0.0472656090438365,-0.2495603421600535
1776177746748527000,5.941527099609375,0.1368351130709052,0.0584217938303947,-0.2551853059023619
1776177746758459100,5.951459228515625,0.189184308989346,0.042348610907793,-0.2401915157143026
1776177746768391200,5.96139111328125,0.2088625306665897,0.0040729485273361,-0.2871414464050904
1776177746778322000,5.971322021484375,0.1308987087592482,-0.0160907185792922,-0.3172768742866814
1776177746788254000,5.98125390625,-0.0152701959766447,-0.0334866745382547,-0.2803082028515636
1776177746798186000,5.99118603515625,-0.1260004153236746,-0.0611667086243629,-0.2753160936526954
1776177746808117200,6.0011171875,-0.1806935440197586,-0.0406786318689584,-0.233002371395193
1776177746818049000,6.011049072265625,-0.1906336310148239,-0.0313145911961793,-0.2572801958223805
1776177746827980000,6.02097998046875,-0.1237456221342086,-0.045097617354989,-0.2995355024235323
1776177746837912000,6.030912109375,-0.2017360397875308,-0.0425567007005214,-0.2928876619068905
1776177746847844400,6.04084423828125,-0.2841419357955456,-0.0661895052224397,-0.2150113721525296
1776177746857775000,6.050775146484375,-0.2291442711949348,-0.0473351671487092,-0.1533549437824636
1776177746867707100,6.06070703125,-0.1398926009453833,-0.0924310309380292,-0.1537067163622006
1776177746877638400,6.070638427734375,-0.0506824317499995,-0.0959305634915828,-0.1536727044947445
1776177746887570400,6.0805703125,0.0344318464338779,-0.1096872861653566,-0.1454087705509737
1776177746897502500,6.09050244140625,0.0374319050326943,-0.1032172133684158,-0.1435613525860011
1776177746907433200,6.10043310546875,0.0004288929365575,-0.1087467904448509,-0.1164804169042035
1776177746917365200,6.110365234375,-0.0345896673440933,-0.0954927565962076,-0.0555528507979586
1776177746927297300,6.12029736328125,-0.0511558944806456,-0.0527694671571254,-0.0347511415161192
1776177746937228500,6.130228515625,-0.0176467158496379,-0.032939562049508,0.0184948571115732
1776177746947160300,6.140160400390625,-0.029435353320837,0.0206704475849866,0.0369409797105938
1776177746957091300,6.15009130859375,-0.0797358000159263,0.0237561386406421,0.036264541753754
1776177746967023400,6.1600234375,-0.0448702383399009,0.0348275677531957,0.0594112432591617
1776177746976955400,6.169955322265625,0.0044309681847691,0.0750128631472587,0.022141433453001
1776177746986886100,6.17988623046875,0.0391454309523105,0.0760889679461717,0.0588248947385698
1776177746996818400,6.189818359375,0.145182231786102,0.1019002855509519,0.1121711754029616
1776177747006749400,6.19974951171875,0.2876150187335908,0.1398544608920812,0.1192956204554065
1776177747016681500,6.209681396484375,0.2944543632343411,0.0780856947213411,0.11404624855984
1776177747026613200,6.21961328125,0.2333107432246208,0.0682826781094074,0.1148204112701117
1776177747036544300,6.229544189453125,0.189732590521872,0.1023456912308931,0.0959113108018413
1776177747046476300,6.239476318359375,0.0609013356864452,0.0669400313287973,0.1164232068242505
1776177747056407300,6.2494072265625,-0.0063340253271162,0.0299140767484903,0.1426095317538827
1776177747066339300,6.25933935546875,-0.0260822435006499,-0.0187257432579994,0.1646393945911899
1776177747076271400,6.269271240234375,-0.0646791006594896,-0.015380524483323,0.1556011518066749
1776177747086202400,6.279202392578125,-0.0868682822443544,-0.001586976930499,0.1659708989232778
1776177747096134400,6.289134521484375,-0.1185503915786743,-0.0003892915785312,0.1753477625450119
1776177747106066200,6.299066162109375,-0.1503974822163581,-0.0262409411936998,0.1938181428024545
1776177747115997400,6.30899755859375,-0.0782569596350193,-0.0185702604353427,0.2471201824663206
1776177747125929500,6.318929443359375,0.0648246466100215,-0.0254974293500185,0.2476449004601687
1776177747135860500,6.328860595703125,0.2017407159626484,-0.0112625677704811,0.2483672233853489
1776177747145792300,6.338792236328125,0.3107075788989663,-0.0097293668538331,0.235331691125594
1776177747155724300,6.348724365234375,0.3705667120561003,-0.0176022921860218,0.2096716916250064
1776177747165655300,6.3586552734375,0.4179743599191308,-0.0050432548642158,0.2145738575180992
1776177747175587300,6.36858740234375,0.4137260548248886,-0.0053314241558313,0.1855416051054373
1776177747185518300,6.378518310546875,0.3279821004353463,0.0139373399376869,0.164752061185427
1776177747195450400,6.388450439453125,0.3095370738148689,0.0484440051734447,0.1523306422360241
1776177747205382400,6.39838232421875,0.2176626538462936,0.0199450559198856,0.1440104480603709
1776177747215313400,6.4083134765625,0.0845310714684426,0.0045610243052244,0.1629420526213943
1776177747225245200,6.4182451171875,0.0309136091798543,0.0581850624650716,0.2425676702611148
1776177747235177200,6.42817724609375,0.0461561864972114,0.1008212581425905,0.2733543285930529
1776177747245108500,6.4381083984375,0.0599858282767236,0.0831289495855569,0.2777250179579481
1776177747255040500,6.44804052734375,0.1554617798686027,0.0837654939234256,0.2713625702539459
1776177747264971300,6.45797119140625,0.1627379083514213,0.1011141036093234,0.2435824002616107
1776177747274903300,6.4679033203125,0.0173334121167659,0.0669885466456413,0.1947022321606054
1776177747284835300,6.47783544921875,-0.1956700177468359,0.1059556984215974,0.2590243726085871
1776177747294766300,6.487766357421875,-0.3802288588926196,0.1570417425364255,0.2495886184064671
1776177747304698000,6.497697998046875,-0.4858920041084289,0.1847925037711858,0.2573321452053264
1776177747314629400,6.50762939453125,-0.5032515735797584,0.1800648907274007,0.2834333856673911
1776177747324561400,6.5175615234375,-0.3273950943276286,0.1094680904567241,0.2633419800793752
1776177747334493400,6.527493408203125,-0.0509784920871257,0.0704319650977849,0.3064925550198182
1776177747344424200,6.537424072265625,0.2340807046838104,0.0043494273811578,0.3278299420809373
1776177747354356200,6.547356201171875,0.445035093063116,-0.0140741180598735,0.3015422391360625
1776177747364287500,6.55728759765625,0.5561280082426965,-0.0384597867757081,0.2791760570164769
1776177747374219500,6.567219482421875,0.5439584086298942,-0.0166004216670989,0.2277994689898565
1776177747384151300,6.5771513671875,0.3545464283645153,-0.0088560911506414,0.2532403823796659
1776177747394082300,6.587082275390625,0.0147322897076606,0.0188864867776632,0.2408552768526598
1776177747404014300,6.597014404296875,-0.2602050337605178,0.0402028310507535,0.2143244128016755
1776177747413946400,6.6069462890625,-0.5495642658129334,0.0022965865045785,0.1940221774745732
1776177747423877000,6.616877197265625,-0.6980828024148941,-0.005029810860753,0.2009569817064329
1776177747433809400,6.626809326171875,-0.6094120007932186,0.017588848182559,0.2306012285375967
1776177747443740400,6.636740478515625,-0.4577462522067129,-0.0175830029636621,0.2205386842066422
1776177747453672400,6.64667236328125,-0.377609616304934,-0.0987993969261646,0.2661658053284511
1776177747463604200,6.656604248046875,-0.2813283396795392,-0.1440232710093259,0.2732081981206312
1776177747473535200,6.66653515625,-0.064907648718357,-0.1370621998250484,0.2098162146622315
1776177747483467300,6.67646728515625,0.1361447927191853,-0.1059615436404943,0.1851258273787796
1776177747493398500,6.6863984375,0.3705027069091797,-0.0832803407549858,0.1766369621053338
1776177747503330300,6.696330322265625,0.534417550085485,-0.0335574016869068,0.1047049311755225
1776177747513262300,6.706262451171875,0.6660930884361267,-0.014918167668581,0.0874640196477994
1776177747523193300,6.716193359375,0.8023191296979785,0.0424620081543922,0.073184442143701
1776177747533125400,6.72612548828125,0.8624199626564979,0.0534147793233394,0.0850996286040172
1776177747543056100,6.73605615234375,0.8277148522391915,0.0733370388895273,0.1533018984209746
1776177747552988400,6.745988525390625,0.6693439069256186,0.0618500147134065,0.1343461092667654
1776177747562920400,6.75592041015625,0.4230731443628668,0.0743581986308097,0.0689122081845998
1776177747572851500,6.7658515625,0.1534101080358028,0.067557870966196,0.0790832178587093
1776177747582783200,6.775783203125,-0.1625897320523858,0.0280044437348842,0.0649155762964859
1776177747592715300,6.78571533203125,-0.4372314335748553,-0.0310930573999881,0.0858039044158533
1776177747602646300,6.795646240234375,-0.5650608178913593,-0.0303980608731508,0.1152254849396646
1776177747612578300,6.805578369140625,-0.585550355951488,-0.0082557871699333,0.0995700525050982
1776177747622509300,6.81550927734375,-0.5602057790756225,-0.0450923566579818,0.0702588370205834
1776177747632441300,6.82544140625,-0.4692962586164474,-0.0631102439075708,0.0380025079948827
1776177747642373400,6.835373291015625,-0.4058405622720718,-0.0144680858135223,0.0149853146206587
1776177747652304400,6.845304443359375,-0.3928934024155139,0.0812801068484783,0.0980009400248527
1776177747662236200,6.855236083984375,-0.1820703853309154,0.1251648412823677,0.1101311574753373
1776177747672167400,6.86516748046875,0.1461690508663654,0.1441232242524623,0.0611498670874163
1776177747682099500,6.875099365234375,0.4456906343623995,0.1268009180516004,0.0764905710170045
1776177747692031500,6.885031494140625,0.5788461821377276,0.0425917720139026,0.040156215430051
1776177747701962200,6.894962158203125,0.5428592152163386,-0.0126823714405298,0.00661605713889
1776177747711894300,6.904894287109375,0.419596408163011,-0.029357027387619,-0.0226043747896328
1776177747721825300,6.9148251953125,0.2195122272357344,-0.0529015691041946,-0.0466651954652741
1776177747731757300,6.92475732421875,0.0705751729607582,-0.0559317305803298,-0.0856778668833896
1776177747741689300,6.934689453125,0.0509083494603633,-0.0604600216597318,-0.0446604315141215
1776177747751620400,6.944620361328125,0.0908355784401297,-0.1132552077800035,-0.0724142249561846
1776177747761552400,6.954552490234375,0.1269701371386647,-0.1869640025913715,-0.1261230553226545
1776177747771484400,6.964484375,0.0606865238919854,0.0245119254440069,0.2643358499549329
1776177747781415200,6.974415283203125,0.3871718098983168,-0.0555447770893573,0.1377709326162934
1776177747791347200,6.98434716796875,0.6975587785407901,-0.0110281744927167,0.0345103184975683
1776177747801278500,6.994278564453125,0.8615279822528362,0.0339718277066946,0.021433723575063
1776177747811210500,7.00421044921875,0.662341919209063,0.0673392597794532,-0.0227731554852798
1776177747821142500,7.014142578125,0.2063876649856567,0.1489087049633264,0.0062009735319763
1776177747831073300,7.0240732421875,-0.2596202196098864,0.2054132669955491,-0.1193959024921059
1776177747841005300,7.03400537109375,-0.6932302478171884,0.2722054142862558,-0.1957801635904237
1776177747850936300,7.043936279296875,-0.9732967508673668,0.3048661593943834,-0.1585811905307695
1776177747860868000,7.0538681640625,-0.9494318911552428,0.234863817885518,-0.1317853919332847
1776177747870800400,7.06380029296875,-0.6618626112595201,0.1436100140333175,-0.1121880169399082
1776177747880731400,7.0737314453125,-0.2846870024576783,0.0581868160307407,-0.0605246113285422
1776177747890663400,7.083663330078125,0.0593568827234208,-0.0063964230388402,-0.0862879981383681
1776177747900594200,7.09359423828125,0.3626348961435258,0.0693412472516298,-0.004832278994657
1776177747910526200,7.103526123046875,0.5543219817340374,0.121368956130743,0.080957341167517
1776177747920458200,7.113458251953125,0.6307073022782802,0.0927139395326376,0.0786976160746067
1776177747930389500,7.123389404296875,0.6231972189091146,0.0808855545729398,0.0841022150645032
1776177747940321300,7.1333212890625,0.4950888715207576,0.0911509279996156,0.0909071093063801
1776177747950253300,7.14325341796875,0.3063897156998515,0.1173971298903226,0.0436505603518337
1776177747960184300,7.153184326171875,0.1495518251724541,0.1365899061381816,0.0061923518341034
1776177747970116400,7.163116455078125,-0.0163441088184714,0.0921802710473537,-0.0318713482961058
1776177747980047000,7.173047119140625,-0.1035211647510528,0.0675496876597404,-0.0544939163295552
1776177747989979400,7.1829794921875,-0.1827896395161747,0.0463216061919927,-0.0405824414854869
1776177747999911400,7.192911376953125,-0.1687932628676295,0.0794721806436777,0.0026754297543317
1776177748009842400,7.202842529296875,-0.0296142170190811,0.1364285780966281,0.0402704163942486
1776177748019774500,7.2127744140625,0.0148771050058305,0.1289554657369852,0.0226037172025069
1776177748029705200,7.222705322265625,0.0030687399208545,0.1340542501807212,0.0721857864951714
1776177748039637200,7.23263720703125,-0.0429576827168464,0.1467354525774717,0.0575951702805235
1776177748049569300,7.2425693359375,-0.0749082337290048,0.1088783078700304,0.0066408993192017
1776177748059500300,7.252500244140625,0.0069280456975102,0.0580079523324966,-0.0252305585747584
1776177748069432300,7.262432373046875,0.1090253151252865,0.0067833765298128,-0.1014021267704665
1776177748079363300,7.27236328125,0.097222649128735,-0.0429202733159065,-0.136111767232418
1776177748089295400,7.28229541015625,0.0847138806894421,-0.0223468563646078,-0.146789630450122
1776177748099227400,7.292227294921875,0.0660477586641907,-0.0147901573747396,-0.1495584375763312
1776177748109158400,7.302158447265625,-0.078346976006031,-0.0212029470264911,-0.1565079279206693
1776177748119090400,7.31209033203125,-0.2302715216591954,-0.0019417817175388,-0.1971678185565397
1776177748129021400,7.322021484375,-0.2899709342099726,-0.0107879359960556,-0.1588208810381591
1776177748138953200,7.331953125,-0.3181308607675135,-0.0030132103413343,-0.1381175175642594
1776177748148885200,7.34188525390625,-0.2198541725412011,-0.0142073890507221,-0.1547041299017146
1776177748158816300,7.351816162109375,-0.0897640036858618,0.0128285019129514,-0.128913489758782
1776177748168748300,7.361748291015625,0.0911183409042656,0.0001233341187238,-0.1328660633094608
1776177748178680300,7.371680419921875,0.2862836239993572,-0.0239075298100709,-0.1492223740223795
1776177748188611300,7.381611328125,0.3368329308889806,-0.0417845472842454,-0.1471263515911996
1776177748198543400,7.39154345703125,0.2908101615130901,-0.0304226107925176,-0.1565172802709042
1776177748208474400,7.401474365234375,0.2897358102798462,0.0078249945372343,-0.165826448951289
1776177748218406400,7.411406494140625,0.2185086031511426,0.0433984122216701,-0.1853768429977819
1776177748228338200,7.421338134765625,0.1496075008824467,0.0516612136542797,-0.1804773074531927
1776177748238269400,7.43126953125,0.0790039786100387,0.0484773229211568,-0.1519436522124335
1776177748248201500,7.441201416015625,0.0259082021079957,0.0044242461830377,-0.2127486148523166
1776177748258132200,7.45113232421875,0.0112368488073349,-0.0353337637096643,-0.1607916696544736
1776177748268064300,7.461064208984375,-0.0825672240495681,-0.0555348402172327,-0.1426039787959307
1776177748277996300,7.470996337890625,-0.1539358854755759,-0.059918754389882,-0.1759045561775565
1776177748287927300,7.48092724609375,-0.2441325814902782,-0.0121703302651643,-0.1083779571324586
1776177748297859300,7.490859375,-0.3020844197213649,0.0034849195063114,-0.1157306579828262
1776177748307790300,7.500790283203125,-0.1653366926729679,-0.0155161335617303,-0.1161750042168423
1776177748317722400,7.510722412109375,0.0089151278614997,-0.0163461546450853,-0.1351786876333877
1776177748327654400,7.520654296875,0.1805415683284401,0.0037105449557304,-0.1592386680588126
1776177748337585200,7.530585205078125,0.4088569874837994,0.0190232648998498,-0.1672239677242934
1776177748347517200,7.54051708984375,0.4868614336624741,0.0075146134138107,-0.1621211646925658
1776177748357448400,7.550448486328125,0.4182543459042906,0.0399345355033874,-0.1715478953380137
1776177748367380500,7.56038037109375,0.2105326558358967,0.068475570333004,-0.1529078576020896
1776177748377312500,7.5703125,-0.0910965674638748,0.1165577564567327,-0.1441193883275613
1776177748387243300,7.5802431640625,-0.2757365110218525,0.1432657306402921,-0.147978694104217
1776177748397175300,7.59017529296875,-0.4048196947917342,0.1664706651389598,-0.1317365478228777
1776177748407107300,7.600107421875,-0.5283478747829795,0.0826549023330211,-0.1488117473948746
1776177748417038300,7.610038330078125,-0.4696925644576549,0.0044961423754692,-0.1551450786022469
1776177748426970400,7.619970458984375,-0.2343535302758216,0.0003472060024738,-0.1160189734049141
1776177748436901400,7.6299013671875,0.0314183438315987,-0.0101823713183403,-0.0667463353876024
1776177748446833400,7.63983349609375,0.3546422899544239,-0.0261380653411149,-0.0764376352533698
1776177748456765400,7.649765380859375,0.5424971039056777,-0.0401917251348495,-0.1022228320362046
1776177748466696200,7.6596962890625,0.6145066935837269,-0.0478179822295904,-0.1550729997467249
1776177748476628200,7.669628173828125,0.6872654941938817,0.0064946227163076,-0.1885799498880282
1776177748486559500,7.6795595703125,0.6199671509467065,0.0220452430695295,-0.1815423428688198
1776177748496491500,7.689491455078125,0.3644550973080098,-0.0193552733331918,-0.1945494162190705
1776177748506423300,7.69942333984375,0.0320234701178967,-0.0361667074024677,-0.1531665816035121
1776177748516354300,7.709354248046875,-0.2088053936518728,-0.0388707056641578,-0.1187806566705927
1776177748526286300,7.719286376953125,-0.3890380421616137,-0.0762310067653656,-0.1164195170298218
1776177748536217000,7.729217041015625,-0.4483050546444952,-0.0894043765932321,-0.1124434530057013
1776177748546149400,7.7391494140625,-0.4263260086789727,-0.1217775369316339,-0.0968851242700591
1776177748556081400,7.749081298828125,-0.3920343013681471,-0.1477852538913488,-0.1044294387023895
1776177748566012400,7.759012451171875,-0.2950060057677328,-0.1636561922401189,-0.1068474596295505
1776177748575944400,7.7689443359375,-0.0789643772520124,-0.1615899073600769,-0.1379594043930992
1776177748585875200,7.778875244140625,0.0462239910364151,-0.1330365975707769,-0.1480896436654031
1776177748595807200,7.78880712890625,0.169363902362436,-0.1049246018081903,-0.1553288742039352
1776177748605739300,7.7987392578125,0.349277401920408,-0.0347661929547786,-0.1237999096047133
1776177748615670500,7.80867041015625,0.3922635800793767,0.0158107325941324,-0.1174300823118537
1776177748625602300,7.818602294921875,0.3696355686858296,0.0636708003997802,-0.1189096168125048
1776177748635534300,7.828534423828125,0.281255858965218,0.0941506943374872,-0.0794420047011226
1776177748645465300,7.83846533203125,0.1447344880186021,0.0985258406817913,-0.0488412608627229
1776177748655397400,7.8483974609375,0.0352044382415711,0.1174403845101594,-0.015617219316028
1776177748665328400,7.858328369140625,-0.0925792072370648,0.1129290445655584,0.0157600253202021
1776177748675260400,7.868260498046875,-0.2413806524336338,0.1138975973367691,0.0544269155079498
1776177748685192400,7.8781923828125,-0.336902050602436,0.074238371643424,0.0178492892170324
1776177748695123500,7.88812353515625,-0.312177651451528,0.060075406256318,-0.0343805181054398
1776177748705055200,7.89805517578125,-0.193421508167684,0.0232663092970848,-0.0987829937806352
1776177748714986200,7.907986328125,-0.019403496389091,0.0128705874890089,-0.1703705221217125
1776177748724918300,7.917918212890625,0.164128924318403,0.0379424849033355,-0.2172227645916864
1776177748734850300,7.927850341796875,0.2567113464258611,0.0213525846302509,-0.2350106790103018
1776177748744781300,7.93778125,0.2051706904113292,0.0127145201444625,-0.2515526850210502
1776177748754713300,7.94771337890625,0.1545475876331329,0.0614139613837003,-0.2263802863743156
1776177748764644400,7.957644287109375,0.0637003187552094,0.1218693068683147,-0.1756676421491429
1776177748774576400,7.967576416015625,-0.0763468882299959,0.1061310549885034,-0.1158661939959973
1776177748784508200,7.977508056640625,-0.1803496990181505,0.0591927782028913,-0.1264631374645978
1776177748794439400,7.987439453125,-0.1905284170746803,0.051378889581561,-0.014666567527689
1776177748804371500,7.997371337890625,-0.0760885295547545,0.0777349815875291,0.014478022685647
1776177748814302500,8.007302490234375,0.0578849104747176,0.0726496411472558,0.0301391542086377
1776177748824234200,8.017234130859375,0.1730608571842312,0.0406651878654956,-0.02527545716241
1776177748834166300,8.027166259765625,0.2604024560287594,0.0465548304259777,-0.0209776138380169
1776177748844097300,8.03709716796875,0.3080889208331704,0.0689893650740385,0.0025883359927684
1776177748854029000,8.047029052734375,0.2704363587871193,0.0432855994969606,-0.0582546936351805
1776177748863960300,8.056960205078125,0.1295510935425758,0.0623760844141244,-0.0565216958301141
1776177748873892000,8.06689208984375,0.0500797896817326,0.0752215374618768,-0.0901101867750287
1776177748883824000,8.07682421875,0.0299488558009266,0.0533674330502748,-0.1008558910645544
1776177748893755100,8.086755126953125,-0.0300464709565043,0.021150924578309,-0.0917415873691439
1776177748903687200,8.096687255859376,-0.1296902097523212,-0.0005950432837009,-0.1103656238183379
1776177748913618200,8.1066181640625,-0.1140251692391931,-0.0281038124561309,-0.0942613516377285
1776177748923550200,8.11655029296875,-0.0921682883486151,-0.0393073435157537,-0.0670325319178402
1776177748933482200,8.126482177734376,-0.0388029011249542,-0.0515396331012249,-0.0764104549854993
1776177748943413200,8.136413330078126,0.0520960979402065,-0.0550239680856466,-0.0766848880127072
1776177748953345000,8.146344970703124,0.1325040981292724,-0.029584406402707,-0.0874774636512622
1776177748963277000,8.156277099609374,0.2372362461052835,0.0238397252708673,-0.087517247672379
1776177748973208000,8.1662080078125,0.3051660191237926,0.0422094946980476,-0.0507670412935316
1776177748983140400,8.176140380859374,0.266859961605072,0.055181788995862,-0.061371218220517
1776177748993071000,8.186071044921874,0.1805532587662339,0.0698778383463621,-0.0307578340962529
1776177749003003100,8.196003173828124,0.101612993042171,0.1306564244359731,-0.0584040024453774
1776177749012935200,8.20593505859375,0.0536624704740941,0.2011205382376909,-0.0382705843465402
1776177749022866200,8.2158662109375,-0.0219935128822922,0.2015501618266105,-0.0840707239476963
1776177749032798000,8.2257978515625,-0.0851961112484335,0.1959533647328615,-0.0706889355335384
1776177749042729200,8.235729248046875,-0.1415086578398942,0.1595709687530994,-0.090168529366143
1776177749052661200,8.2456611328125,-0.2209054351598024,0.136824299415946,-0.0890450052289292
1776177749062593300,8.25559326171875,-0.2193859705075621,0.1383569158107042,-0.0458471570806577
1776177749072524000,8.26552392578125,-0.1967941994711756,0.1377034203380346,0.0167182393604889
1776177749082456000,8.2754560546875,-0.1508487331151962,0.1116629701524972,0.0662021089756861
1776177749092387000,8.285386962890625,-0.0522936663389205,0.0963695394307374,0.0795452458798885
1776177749102319400,8.2953193359375,0.1215324761293828,0.1159586215198039,0.0746980250444263
1776177749112251100,8.305251220703125,0.3606393384121358,0.1074246019303798,0.0486455556275323
1776177749122182100,8.31518212890625,0.5459418375320733,0.0576665915489196,0.0397704309828579
1776177749132114200,8.3251142578125,0.5328453323327005,-0.0100625443309545,0.0231555789316073
1776177749142045200,8.335045166015625,0.4018082380160689,-0.0027770634979009,0.0176718137582764
1776177749151977000,8.34497705078125,0.2661291631124913,-0.0026280104160308,0.0032338308220729
1776177749161909000,8.354908935546876,0.0425450102627277,-0.0224000478565692,0.005579115306586
1776177749171840300,8.36484033203125,-0.1273056527033448,-0.0504980150938034,-0.0027504312193021
1776177749181772300,8.374772216796876,-0.2686431917600334,-0.06857610809803,-0.0367938993901014
1776177749191703000,8.384703125,-0.3630608664706349,-0.044472763454914,-0.0444881802197545
1776177749201635000,8.394635009765626,-0.3523927574619651,-0.0139279875874519,-0.003357238006033
1776177749211567000,8.404567138671876,-0.3604731880649924,-0.0066308163166046,0.0261852654837071
1776177749221498400,8.414498291015626,-0.3758862996436655,-0.0406909068286418,0.0152304119555279
1776177749231430100,8.42443017578125,-0.3509890281438827,-0.0338169294059276,-0.0161014957016333
1776177749241362200,8.434362060546874,-0.276164381045103,-0.0048649756878614,-0.0337963615419343
1776177749251293200,8.444293212890624,-0.1476689340353012,0.0797650261104106,-0.055531150422804
1776177749261225200,8.45422509765625,-0.0153906074859201,0.1729489212423562,-0.0549580632425844
1776177749271156000,8.464156005859374,0.0971510451972484,0.2301069787472486,-0.0138378981512039
1776177749281088000,8.474087890625,0.1882546269237995,0.2642442261487245,-0.0336261560741812
1776177749291020000,8.48402001953125,0.356544324183464,0.3166156338989734,-0.0631448402969166
1776177749300951300,8.493951416015625,0.4325254478409886,0.347592371442914,-0.095907073018141
1776177749310883000,8.503883056640625,0.3636626317560673,0.3434866896897554,-0.1140943985505029
1776177749320814000,8.51381396484375,0.3615324878595769,0.3270487651079893,-0.0898973842745646
1776177749330746000,8.52374609375,0.4150584724724293,0.2217594216406345,-0.0420555097127333
1776177749340678100,8.53367822265625,0.4225368455290794,0.0706517453283071,-0.0354641851563006
1776177749350609200,8.543609130859375,0.4203647621870041,-0.0932236426204442,-0.0073486822623759
1776177749360541200,8.553541259765625,0.3884674026668071,-0.2371837852656841,-0.0012585121611133
1776177749370472200,8.56347216796875,0.1599029771864414,-0.3237836258322,0.0223094834962859
1776177749380404200,8.573404296875,-0.2085632554590702,-0.4000672395676374,-0.0449037387507036
1776177749390336300,8.583336181640625,-0.5474103026494384,-0.4112158255696296,-0.1414755592878908
1776177749400267000,8.59326708984375,-0.8192518520593642,-0.3575222293049097,-0.0665105538703501
1776177749410199000,8.603198974609375,-0.926909970484674,-0.3568330779969692,-0.0485637956282123
1776177749420130300,8.61313037109375,-0.8015639274165034,-0.3679606212109327,-0.0582426013385877
1776177749430062000,8.62306201171875,-0.5560135880827903,-0.2923690813928842,-0.012275580737926
1776177749439994000,8.632994140625,-0.3524596852183341,-0.2044534820526838,0.0055954453868791
1776177749449925000,8.642925048828126,-0.1899821813687682,-0.0494172341197729,0.0122708680301904
1776177749459857200,8.652857177734376,-0.1529525735266506,0.0598830985546112,0.0346215968523174
1776177749469788200,8.6627880859375,-0.0774324915096163,0.150306296801567,-0.0274937542663887
1776177749479720200,8.67272021484375,0.1289899525284767,0.2921522237718105,-0.0119256347890943
1776177749489652200,8.68265234375,0.5098933496817946,0.3785398828923702,-0.0144033865468576
1776177749499583200,8.692583251953126,0.4601064054667949,0.6171832193166017,-0.0484760808121412
1776177749509515000,8.702514892578124,0.2418155367195606,0.2965320462912321,-0.4655808548225089
1776177749519446000,8.712446044921874,0.0250149065300822,0.3973012819856405,-0.0616356778429821
1776177749529378000,8.7223779296875,0.1690121663153171,0.5057920518428087,-0.0498551140803843
1776177749539310300,8.732310302734374,0.2911582442983985,0.3273486248373985,-0.0294393719088286
1776177749549241000,8.742240966796874,0.3192584034927189,0.1466688170820474,-0.0257376313140615
1776177749559173000,8.752173095703125,0.3274585149526596,0.015468202766776,-0.0189367191275581
1776177749569105200,8.762105224609375,0.2805252066031098,0.0053816930383443,-0.027457148583047
1776177749579036200,8.7720361328125,0.1146982461951673,-0.0553378563404083,-0.1030942080432549
1776177749588968200,8.78196826171875,-0.0869536224402487,-0.0762368519842624,-0.1609947544785216
1776177749598899200,8.791899169921875,-0.2272869528904557,-0.0532131192713975,-0.1115933024497702
1776177749608831200,8.801831298828125,-0.2863235176183283,-0.107429862627387,-0.1067612426508218
1776177749618763300,8.81176318359375,-0.2991875292360782,-0.1130985559135675,-0.1071720519414171
1776177749628694000,8.821694091796875,-0.3354661725804209,-0.0898795928895473,-0.1149786340391263
1776177749638626000,8.8316259765625,-0.3050562751390039,-0.0612199001163244,-0.0954607905553653
1776177749648557300,8.841557373046875,-0.3602070844747126,-0.0282066883087158,-0.0824035213878378
1776177749658489300,8.8514892578125,-0.2439794367551803,-0.0148567928701639,-0.0813912390727549
1776177749668421400,8.86142138671875,-0.1824903643086552,-0.0649871436953544,-0.1404325165083632
1776177749678352100,8.87135205078125,-0.1231026480555534,-0.1120218665927648,-0.155145809254609
1776177749688284200,8.8812841796875,-0.0209539407014846,-0.0826572404205799,-0.115743079072982
1776177749698215200,8.891215087890625,0.0586434737570583,-0.0730833563894033,-0.1020692489096894
1776177749708147000,8.90114697265625,0.285832665361464,-0.020016952112317,-0.0984211747309193
1776177749718079000,8.911078857421876,0.3936247854299843,-0.0255032745689153,-0.1417920413585379
1776177749728010200,8.92101025390625,0.2439743221886456,-0.0488011480480432,-0.1219076295847073
1776177749737942300,8.9309423828125,0.0559022122249007,-0.005928805527091,-0.1211637524148449
1776177749747873000,8.940873046875,-0.1234676819756627,0.0009855039060115,-0.1071686909405514
1776177749757805000,8.95080517578125,-0.2300423890784382,-0.0093079265713691,-0.1109249747341498
1776177749767737000,8.960737060546874,-0.2502712303757667,-0.0064636430561542,-0.0885762186734005
1776177749777668400,8.97066845703125,-0.288874517275393,-0.0598942044705152,-0.0849389946822077
1776177749787600100,8.98060009765625,-0.328145912694931,-0.0348953722923994,-0.1294340795667841
1776177749797531100,8.99053125,-0.2618950326740741,0.025932898157835,-0.1259218336621299
1776177749807463200,9.000463134765624,-0.1262266252949833,0.0234270528167486,-0.1191190583121031
1776177749817395200,9.010395263671874,0.0400559699259698,0.0043809915632009,-0.1128973342530429
1776177749827326000,9.020325927734374,0.2197613796912133,-0.0250315654039382,-0.1331131699383258
1776177749837258000,9.030258056640625,0.3283480111382901,-0.0625058482736349,-0.1516580036714672
1776177749847189200,9.040189208984376,0.3519093578591942,-0.094839261123538,-0.1791082841223105
1776177749857121000,9.05012109375,0.2628969031929969,-0.0697533351838588,-0.1877209584385156
1776177749867053000,9.060052978515625,0.0879299201264977,-0.0425654685288667,-0.1859342942174524
1776177749876984000,9.069984130859376,-0.050547114932537,-0.0528588990062475,-0.1041712626902386
1776177749886915800,9.079915771484377,-0.1242766602709889,-0.037928456377983,-0.0860851325100287
1776177749896847000,9.08984716796875,-0.1840976533748209,-0.0595049128919839,-0.087326657003723
1776177749906779100,9.099779052734377,-0.2216165060386061,-0.0553717586100101,-0.0639850905133411
1776177749916711200,9.109711181640623,-0.2270750637054443,-0.0228279178798198,-0.0551101119991391
1776177749926642000,9.119641845703123,-0.2559758717581629,0.0062596449166536,-0.0511394182698801
1776177749936574000,9.129573974609375,-0.1780817540861666,-0.0043535190343856,-0.0590229015287011
1776177749946506000,9.139506103515624,-0.0166039287984371,0.045037996122241,-0.0593228708559647
1776177749956437000,9.14943701171875,0.1270715516865253,0.0559539424121379,-0.0716211018171161
1776177749966369300,9.159369384765624,0.2508567751787602,0.0670838237136602,-0.0928454934904351
1776177749976300000,9.169300048828124,0.2998442395791411,0.0595621960371732,-0.1213624533247202
1776177749986232000,9.179232177734375,0.2551318221494555,0.0842033008188009,-0.1086904936803504
1776177749996163000,9.1891630859375,0.1878836016543209,0.0888105023533105,-0.0719388259967789
1776177750006094800,9.1990947265625,0.1611605760321021,0.1053840360134839,-0.0403902433816343
1776177750016027000,9.20902685546875,0.0854826731048524,0.1126087265700101,-0.0538127656649798
1776177750025958100,9.218958251953126,-0.0118498661391437,0.0935293475687503,-0.0355494888195768
1776177750035890200,9.22889013671875,-0.0795129510454833,0.0312678294450044,-0.022309848822467
1776177750045822200,9.238822265625,-0.0965188847735524,-0.0213408941924572,-0.0437934028886258
1776177750055753000,9.2487529296875,-0.119686702132225,-0.0841793354213237,-0.0764357720898464
1776177750065685000,9.25868505859375,-0.1693641946233809,-0.085310969799757,-0.0673798840507864
1776177750075616000,9.268615966796874,-0.1598573844790458,-0.1067681838482618,-0.0383720719596371
1776177750085548000,9.278548095703124,-0.0734217945635318,-0.1103828672140836,-0.0512723239345476
1776177750095480000,9.28847998046875,0.0220259538471698,-0.0710170715093612,-0.0662724707981571
1776177750105411000,9.2984111328125,0.0546226938083767,-0.019369886380434,-0.001699241665937
1776177750115343000,9.308343017578125,0.1188449906110763,0.032684125983715,0.0114147261248901
1776177750125273900,9.31827392578125,0.1704348925948142,0.0489390952140092,0.0152693922590464
1776177750135206000,9.328205810546876,0.2702010887265205,0.0805652365773916,0.0038896643823012
1776177750145138000,9.338137939453125,0.2792857279360294,0.091758246243,0.0122256041163578
1776177750155069200,9.348069091796877,0.151126965534687,0.0852455033481121,-0.0044504400702193
1776177750165001000,9.3580009765625,-0.1045522613644599,0.0602916793555021,-0.0066370999269187
1776177750174932000,9.367931884765625,-0.3268316152259707,0.0712526338309049,0.0353253612075001
1776177750184864000,9.377864013671877,-0.4075438590586185,0.0527209518402814,0.0956137160947546
1776177750194796000,9.387796142578123,-0.3808417300939559,-0.0187479550898075,0.0973310779392719
1776177750204727000,9.39772705078125,-0.1808370441436767,-0.0481920762389898,0.1017875824240967
1776177750214659000,9.4076591796875,0.0299696063280105,-0.0504752187401056,0.1007427130136638
1776177750224590000,9.417590087890623,0.1194049625813961,-0.0227291336804628,0.0863028303813189
1776177750234522000,9.427522216796875,0.1666553740561008,-0.0107698158174753,0.0287882510563358
1776177750244454100,9.4374541015625,0.194359665800631,0.0213935011625289,0.0130979299714788
1776177750254385000,9.447385009765624,0.2471127663448452,0.0657207186669111,0.0272853722127154
1776177750264317000,9.45731689453125,0.2687187412142753,0.0941980406105518,0.008476115389727
1776177750274248200,9.467248291015624,0.2389209843218326,0.077457333689928,0.027029132429324
1776177750284180000,9.477179931640626,0.1836776743970811,0.096249127921462,0.0175692666992545
1776177750294112000,9.487112060546876,0.0754977240547537,0.0960538976103067,0.0085432623418048
1776177750304043000,9.49704296875,-0.0763796214558184,0.0690033935993909,-0.0287850361859425
1776177750313975000,9.50697509765625,-0.1956725019648671,0.072634443578124,0.0280873362453654
1776177750323906000,9.516906005859376,-0.2571031222224235,0.0582405920445919,0.0111344113461673
1776177750333838000,9.526838134765624,-0.289455385903269,0.0552297197908163,0.0507573236171156
1776177750343770000,9.53677001953125,-0.1927741501748561,0.0062970543175935,0.0236980883104726
1776177750353701000,9.546701171875,-0.0890656461581587,-0.0526145688563585,0.012322379021719
1776177750363633000,9.5566328125,0.0485752303376793,-0.089624741345644,-0.021973675670661
1776177750373564000,9.56656396484375,0.1699507623396813,-0.0768126060456037,-0.0295078340351581
1776177750383496000,9.576495849609374,0.2006578891620039,-0.0587304213881492,-0.0327121099691838
1776177750393428000,9.586427978515625,0.1824550007343292,-0.0478302571892738,-0.0618967033993452
1776177750403359000,9.59635888671875,0.141891519677639,-0.0288923324853181,-0.0388100980507209
1776177750413291000,9.606291015625,0.0634463439941406,-0.0386310516893863,-0.0367396119195967
1776177750423222000,9.616221923828125,-0.025979367648065,-0.028096213671565,-0.0250992603452876
1776177750433154000,9.626154052734377,-0.1252373219966888,0.0124362877249717,0.0042872123325243
1776177750443086000,9.636086181640623,-0.2244479300722479,0.026990298256278,-0.0016485709246248
1776177750453017000,9.64601708984375,-0.3544821309566497,0.0046989714711904,-0.0258872323852032
1776177750462949000,9.65594921875,-0.3388368180572986,0.0319832842379808,-0.0161846439404413
1776177750472880000,9.665880126953123,-0.2292554764844477,0.0276139831125736,-0.0015276844913139
1776177750482812000,9.67581201171875,-0.0822585964918136,-0.0053565585970878,-0.0383378774290904
1776177750492744000,9.685743896484375,0.1427367383301258,-0.02948562220335,-0.0389314594080671
1776177750502675000,9.695675048828123,0.3302658274583518,-0.0228501297116279,-0.0271574349841102
1776177750512607000,9.70560693359375,0.4046449227467179,-0.0526917257457971,-0.0720622331807389
1776177750522539300,9.715539306640624,0.4591527580037712,-0.0567547374010086,-0.033452808801271
1776177750532470000,9.725469970703124,0.4782428045295178,-0.0625315672367811,-0.0438382284110412
1776177750542402000,9.735402099609376,0.4716776007950305,-0.0456061513990163,-0.0483570575423538
1776177750552333000,9.7453330078125,0.4660625373922288,-0.0065098202854394,-0.0629822336137294
1776177750562264800,9.755264892578126,0.4741979130528867,0.0352490080356597,-0.073501581801474
1776177750572196900,9.76519677734375,0.3796414143934846,0.0415630134880542,-0.0624190102403983
1776177750582128000,9.775128173828126,0.3341314168453216,-0.0124298579841852,-0.0332283158630132
1776177750592060200,9.78506005859375,0.2260958434097468,-0.0265232652664184,0.0346726329198107
1776177750601991000,9.794990966796876,0.0330219796359539,0.0104991821825504,0.1341164652293548
1776177750611923000,9.8049228515625,-0.1600995226718485,-0.0163888247430324,0.122821456493996
1776177750621855000,9.81485498046875,-0.3198176448106765,-0.0524567479461431,0.1286464363204315
1776177750631786000,9.824785888671874,-0.5342088757708668,-0.0570358924299478,0.1745289935080334
1776177750641718300,9.83471826171875,-0.6744529205024242,-0.0207400056898593,0.1778783039359375
1776177750651649000,9.84464892578125,-0.7038637239038944,-0.0323328283280134,0.1977403577474877
1776177750661581000,9.8545810546875,-0.6090016664266586,-0.0254506675988435,0.1296970048192888
1776177750671513000,9.86451318359375,-0.5065732653483748,0.0492442156404256,0.0924213863268494
1776177750681443800,9.87444384765625,-0.36782106660977,0.0891331584364175,0.063972596357949
1776177750691375900,9.8843759765625,-0.1075499818757176,0.1889244890093803,0.0537720683284103
1776177750701307100,9.89430712890625,0.1237032442972063,0.2588391522347927,0.0272617721414193
1776177750711239200,9.9042392578125,0.2910672050140798,0.2624766319543123,-0.005545505297929
1776177750721171200,9.914171142578123,0.5177388024851679,0.2391647299498319,-0.0022996187118813
1776177750731102000,9.92410205078125,0.6315699104569852,0.1817220102846622,-0.0171482648082077
1776177750741034000,9.934033935546877,0.6276712955832481,0.097470778670907,-0.0194008295079693
1776177750750965000,9.943965087890623,0.4866710256569087,0.0480038601905107,0.0081058207726106
1776177750760897000,9.95389697265625,0.2832666142657399,0.0239998842686414,0.0554014961611479
1776177750770829000,9.9638291015625,-0.0255776549793779,0.0057820905327796,0.0832372322656214
1776177750780760000,9.973760009765623,-0.3024257805049419,-0.0398328286945819,0.0369385320251807
1776177750790692000,9.983692138671875,-0.4885059859991073,-0.1151695169687271,0.020633841901645
1776177750800622800,9.993622802734375,-0.5361430587038397,-0.1112356846511364,0.0037255233291536
1776177750810555000,10.003554931640624,-0.3716457394644618,-0.1066477723389864,-0.0058350262964144
1776177750820487000,10.01348681640625,-0.212164787082374,-0.0967255132615566,-0.0605377630710601
1776177750830418200,10.023418212890626,-0.0604572451807558,-0.0648392596572637,-0.0281195580145344
1776177750840350200,10.03335009765625,0.1454945126056671,-0.0201268422275781,-0.0209421406658366
1776177750850281000,10.043281005859376,0.2861471381381154,-0.0220393978506326,-0.0232423438996076
1776177750860213200,10.053213134765626,0.3926727454021573,-0.0337245749473571,-0.0330631884291768
1776177750870145300,10.063145263671874,0.4534522082746028,-0.012963526469469,-0.0352978886786848
1776177750880076300,10.073076171875,0.3641656128421425,0.013590133935213,-0.0475602080762386
1776177750890008300,10.08300830078125,0.200057292920351,-0.0033539866030216,-0.0600049713686108
1776177750899939300,10.092939208984374,0.0834895995914936,0.017756605964899,-0.0467155008804053
1776177750909871400,10.102871337890624,-0.0148645377852022,-0.013118424770236,-0.0353299643173813
1776177750919803400,10.112803466796874,-0.1309238432005047,-0.0487917956978082,-0.0441112366661429
1776177750929734100,10.122734130859374,-0.1862120151802897,-0.0202308871239423,-0.0339329570010304
1776177750939666200,10.132666259765625,-0.1544986339248716,0.0355383463710546,-0.0156496968135237
1776177750949597400,10.142597412109374,-0.0828626998648047,0.0684761548548936,0.0082689389124512
1776177750959529500,10.152529541015625,-0.0349275209963321,0.070452423363924,0.0322522008398547
1776177750969461200,10.162461181640625,0.0616182517841458,0.1028279217898845,0.0583288548499345
1776177750979392300,10.172392333984376,0.1759871198944747,0.1198708265274763,0.000627666911669
1776177750989324300,10.18232421875,0.1264960898861289,0.1383282742381096,-0.0357750777363777
1776177750999255300,10.19225537109375,0.1318621469639241,0.1703109739542007,-0.0686331355148926
1776177751009187300,10.202187255859377,0.1056708901308476,0.1500976224869489,-0.0850583832781761
1776177751019119400,10.212119384765623,0.0562180001758038,0.1139402674347162,-0.1109232211684808
1776177751029050400,10.22205029296875,0.0607329933822154,0.0781400552570819,-0.0977846669256687
1776177751038982400,10.231982421875,0.0526595770418643,0.0650023412644863,-0.0406673432899639
1776177751048913200,10.2419130859375,0.0524377509847283,0.0611234540045261,-0.0015004676908254
1776177751058845200,10.25184521484375,0.0549824670314788,0.0702805739283561,0.0091414108980447
1776177751068777200,10.261777099609375,0.2027510620489716,0.0780494543641805,-0.0086645141012966
1776177751078708200,10.271708251953124,0.3166149032466113,0.0772229404121637,-0.0202688079815357
1776177751088640300,10.28164013671875,0.3564917172133922,0.029015666604042,-0.0317513386456295
1776177751098571300,10.2915712890625,0.3291372618198394,-0.0442623355746269,-0.0806865248695015
1776177751108503300,10.30150341796875,0.2836158660948276,-0.0699567488014697,-0.0629191783148795
1776177751118435300,10.311435302734376,0.1116737838074564,-0.0859463450938463,-0.0837763075783848
1776177751128366300,10.321366455078126,-0.1966670659601688,-0.1197790565907955,-0.0842871797099709
1776177751138298400,10.33129833984375,-0.4554650094017386,-0.1268470952808857,-0.0734091177450493
1776177751148229400,10.3412294921875,-0.617266513685882,-0.1339291624963283,-0.0622281638434156
1776177751158161400,10.351161376953126,-0.5996656828045844,-0.130222124671936,-0.0506154674610123
1776177751168093200,10.36109326171875,-0.4566436977922916,-0.1295779815495014,-0.0445988740526139
1776177751178024200,10.371024169921874,-0.156252053463459,-0.0698801764339208,-0.0012867884075269
1776177751187956200,10.380956298828124,0.0418634577393531,-0.0549473957180976,-0.0012409399718046
1776177751197888300,10.39088818359375,0.1907812227919697,-0.1169955633521079,-0.0303164835369214
1776177751207819300,10.4008193359375,0.3419841761723161,-0.0804910022974014,0.018601532356441
1776177751217751300,10.410751220703125,0.3966834423482417,-0.0316296484947204,0.0416482806187123
1776177751227682300,10.420682373046876,0.4240903585813939,-0.026570611539483,0.0448346190372481
1776177751237614300,10.4306142578125,0.4109890310764312,0.0150572838783264,0.0277181741394102
1776177751247545300,10.44054541015625,0.2812909302785992,0.0373065250873565,-0.011256649486348
1776177751257477400,10.450477294921876,0.142111592169106,0.0336900881558656,-0.0306039221761748
1776177751267409400,10.460409423828125,-0.0481572971865534,0.0066512745827436,-0.0788174065293744
1776177751277340200,10.470340087890625,-0.2208250633999705,0.0160205759525299,-0.0980480305695906
1776177751287272200,10.480272216796877,-0.2678101019367575,0.0045452422142028,-0.0694493472686037
1776177751297204200,10.490204345703123,-0.2532499539256095,-0.0161468326807022,-0.0629893940068781
1776177751307135200,10.50013525390625,-0.1549674204804003,-0.0118891752362251,-0.0417865200456231
1776177751317067300,10.5100673828125,-0.0303099441982805,-0.0038654432564973,-0.0062021060431376
1776177751326998300,10.519998291015623,0.0759011902891099,0.0279717105090618,0.0188946700841188
1776177751336930300,10.529930419921875,0.2097220701053738,0.0569850390255451,0.0185997787907719
1776177751346861300,10.539861328125,0.2799602661967277,0.1149976675331592,0.0183464250842109
1776177751356793000,10.54979296875,0.2689399827495217,0.1511784034609794,0.0413046182801946
1776177751366725000,10.55972509765625,0.2436193712711334,0.1875835957944393,-0.0228357723927125
1776177751376656400,10.569656494140624,0.1274770637474954,0.2071340994387865,-0.0264175033370032
1776177751386588400,10.57958837890625,0.0383285616114735,0.1706470740407705,0.0103017964469268
1776177751396520400,10.5895205078125,-0.0456380078420042,0.1660726057320833,-0.0307780731666833
1776177751406451200,10.599451171875,-0.1798541705861687,0.1252899289667606,-0.0152895217316225
1776177751416383200,10.60938330078125,-0.2838099273622035,0.0897457373768091,-0.0477358934367075
1776177751426314200,10.619314208984376,-0.3427509227611124,0.0399900650829076,-0.0423491588970646
1776177751436246300,10.629246337890624,-0.294954421710968,0.0437245754361152,-0.024775727479346
1776177751446178300,10.63917822265625,-0.212823250991106,0.0122410574138164,-0.0293794584151357
1776177751456109300,10.649109375,-0.1161781094893813,-0.0009440028518438,-0.0225071249602362
1776177751466041300,10.659041259765624,-0.0518552749216556,-0.0189297413975,-0.0385943729408085
1776177751475972000,10.66897216796875,0.0397772991150617,-0.038044191712141,-0.0327109409254044
1776177751485904100,10.678904052734374,0.1408139535740017,-0.0109814127415418,-0.0272134394876658
1776177751495836200,10.688836181640625,0.2449906596243381,0.0376128145575523,-0.0354682402769103
1776177751505767400,10.698767333984376,0.2453063014447689,0.0039326632738113,-0.0756803506126627
1776177751515699500,10.708699462890625,0.2132404534898698,-0.0011322189003229,-0.0550051172547042
1776177751525630200,10.718630126953125,0.1079798977255821,0.0465583375573158,-0.0147172017363831
1776177751535562200,10.728562255859377,0.0185033326789736,0.0421744233846664,-0.010252294749394
1776177751545494300,10.738494384765623,-0.0838033417157828,0.0334942733228206,0.0021278423415496
1776177751555425300,10.74842529296875,-0.196256439332664,0.0411971027851104,-0.0123742553394287
1776177751565357300,10.758357421875,-0.3125108289286494,0.0439981316804885,-0.0025356924900785
1776177751575288300,10.768288330078123,-0.3325906171441078,0.047288989919424,-0.0019603768201544
1776177751585220400,10.778220458984377,-0.3241325854003429,0.0625777444660663,0.0049730026395991
1776177751595152400,10.78815234375,-0.2104030381068587,0.0739917034059762,0.0125843178935348
1776177751605083100,10.798083251953123,-0.0230360076725482,0.0986912603765726,-0.041575398045592
1776177751615015200,10.80801513671875,0.1993292709067463,0.1348041917651891,-0.0032388357907533
1776177751624946400,10.817946533203123,0.4248156041160225,0.106685766261816,-0.0567787027984857
1776177751634878500,10.82787841796875,0.5151125456348061,0.071694532379508,-0.1092071379655972
1776177751644810200,10.837810302734376,0.3752762049213051,0.0375017553985118,-0.1285665394846349
1776177751654741200,10.8477412109375,0.2927545735791325,0.0581155043601989,-0.1067278153052553
1776177751664673300,10.85767333984375,0.1821837825775146,0.0781102446407079,-0.0972206398347392
1776177751674604300,10.867604248046876,0.0851999106407165,0.0558329463809728,-0.0783980120735242
1776177751684536300,10.877536376953126,-0.0220645322918891,0.0879722979635,-0.0304210398899391
1776177751694468400,10.88746826171875,-0.1752444848336279,0.10451485196352,-0.0527847743241116
1776177751704399400,10.8973994140625,-0.2483615973621606,0.1277390756845474,-0.022934045135416
1776177751714331400,10.907331298828124,-0.2891805144846439,0.1561976929277181,-0.0425814698155969
1776177751724262100,10.91726220703125,-0.2889455366849899,0.1662245814234018,-0.0380131389867514
1776177751734194200,10.927194091796874,-0.1666764168441295,0.1556529185265302,-0.0378190046541392
1776177751744126200,10.937126220703124,-0.0086532620549201,0.1302653792917728,-0.0363136050598695
1776177751754057200,10.94705712890625,0.0922597660243511,0.1193307283014059,-0.0599100230941548
1776177751763989200,10.9569892578125,0.1878906159169971,0.1371089615762233,-0.0677152534849941
1776177751773920300,10.966920166015624,0.1938927789412438,0.1030728364616632,-0.0672364569921046
1776177751783852300,10.976852294921876,0.1851001084156334,0.0856248580545187,-0.0706335520844906
1776177751793784300,10.986784423828125,0.1540788010776042,0.0416360787242651,-0.0868260870704427
1776177751803715300,10.99671533203125,0.0452083842530846,-0.0348538712382316,-0.050969906921871
1776177751813647400,11.0066474609375,-0.0632394232451915,-0.0248912801504135,-0.0346416532596573
1776177751823578400,11.016578369140625,-0.0850681009545922,-0.0022831425011157,-0.0624987974783405
1776177751833510400,11.026510498046877,-0.1935457190692424,-0.0539221443235874,-0.0971612743303179
1776177751843442200,11.036442138671877,-0.2761711030468344,-0.0476163221776485,-0.1330714131558313
1776177751853373000,11.046373046875,-0.2774596815526485,0.0193050044506788,-0.1129148699097335
1776177751863305200,11.05630517578125,-0.2156438613697886,0.0293786546975374,-0.1222440949974581
1776177751873236200,11.066236328125,-0.0270548879250884,0.0262006091833114,-0.049119237553887
1776177751883168000,11.07616796875,0.1095382330834865,0.0304132584422826,-0.0652017362941056
1776177751893100000,11.08610009765625,0.2946805732056498,0.0255967980712652,-0.057761320627667
1776177751903031000,11.096031005859375,0.4014472957491874,0.0292979906767606,-0.0774723485959693
1776177751912963000,11.105963134765624,0.4714541673026978,0.0485761071205139,-0.097403558653593
1776177751922894000,11.11589404296875,0.4551157575726509,0.0569902997225523,-0.0922442761942744
1776177751932826000,11.125826171875,0.364997533621639,0.0838163473278284,-0.0947655017675831
1776177751942758100,11.135758056640626,0.2499634796008467,0.0984539444893598,-0.1229257936513051
1776177751952689200,11.145689208984376,0.0716166448377072,0.1104798978477716,-0.0930074060538783
1776177751962621000,11.155620849609376,-0.1428853530205786,0.1455436124444007,-0.068158467207849
1776177751972552000,11.165552001953126,-0.3130165864937007,0.1624532461911439,-0.0291618701416999
1776177751982484200,11.175484130859376,-0.3887327756047248,0.1315355453580617,-0.0627486075209453
1776177751992416300,11.185416259765624,-0.3729207278363406,0.1073883615732193,-0.0857420546934008
1776177752002347000,11.195346923828126,-0.3859788007214665,0.0772194332808256,-0.0909654884301126
1776177752012279000,11.205279052734374,-0.3701571083419024,0.0256710323512554,-0.1096782626086845
1776177752022210000,11.2152099609375,-0.2410946750991046,0.0161924253880977,-0.106003373488225
1776177752032142000,11.22514208984375,-0.0591314034044742,0.0135749363660812,-0.1067852811135351
1776177752042073900,11.235073974609374,0.1174213875487446,0.042201311391592,-0.1066855835987254
1776177752052005000,11.245005126953124,0.3193380446001887,0.0365519073277711,-0.1156513456689193
1776177752061937200,11.254937255859376,0.5376277443036437,0.0270154326975345,-0.1377892354579642
1776177752071868200,11.2648681640625,0.5652919962987304,0.0117763625115156,-0.1120269811592996
1776177752081800000,11.274800048828125,0.4388904528282582,-0.0312339271754026,-0.1498753580383956
1776177752091732000,11.28473193359375,0.2874291407726705,-0.0099596684783697,-0.1581949676921591
1776177752101663200,11.294663330078125,0.1046376015603542,0.0129389765501022,-0.1424091868761926
1776177752111595300,11.30459521484375,-0.0794938079535961,-0.0214870246648788,-0.1670072927663102
1776177752121526000,11.314526123046877,-0.1893266400694847,-0.0158773680895566,-0.1557736222967505
1776177752131458000,11.3244580078125,-0.2416273206710815,-0.0431155036270618,-0.1254968862483277
1776177752141390000,11.33439013671875,-0.2245566511437296,-0.0743242963612079,-0.133312491902709
1776177752151321000,11.344321044921877,-0.1902911011874675,-0.0750847593396902,-0.0908369301469996
1776177752161252900,11.3542529296875,-0.1654864764072001,-0.1056143376380205,-0.0789069845089688
1776177752171184000,11.36418408203125,-0.1277091189377009,-0.0851876356810331,-0.0696806352738291
1776177752181116200,11.3741162109375,-0.0389645214274525,-0.0178711722552776,0.00337908451166
1776177752191048200,11.384048095703124,0.0113841483235359,-0.0100169516235589,0.0219840144015848
1776177752200979000,11.39397900390625,0.0721127577915787,0.0103185649186372,0.0134025024086236
1776177752210911000,11.403910888671875,0.2522667881071567,0.0209609549641609,0.0295936856877058
1776177752220842200,11.41384228515625,0.2588086109660565,0.0004705401211977,-0.0087407576752826
1776177752230774300,11.423774169921876,0.2290147995963692,-0.0152174428761005,-0.0345046194091439
1776177752240706000,11.4337060546875,0.2678817058682441,-0.0025783260554075,-0.0504060259614139
1776177752250637000,11.443636962890626,0.14804419708848,-0.0092822076082229,-0.0698357527703046
1776177752260569000,11.453569091796876,0.0626551936164498,-0.0256090730309486,-0.0898856573041528
1776177752270500000,11.4635,-0.0403672278322279,-0.0199444713979959,-0.0925752251816913
1776177752280431900,11.473431884765626,-0.0954021557033062,0.0228407773613929,-0.0200726643549278
1776177752290363100,11.483363037109376,-0.1602478451013565,0.0374397960782051,-0.0187632257241755
1776177752300295200,11.493295166015624,-0.1308876028433442,0.058725160691142,-0.0069085007468238
1776177752310227200,11.503227294921874,-0.0238762578889727,0.0713040717571973,-0.0073647566143423
1776177752320158000,11.513157958984374,0.0429088751390576,0.0592214197754859,-0.0183861725727096
1776177752330090000,11.523090087890624,0.1834732378661632,0.0729874947994947,-0.0682023063495755
1776177752340022000,11.53302197265625,0.2870753588989377,0.1090180086016655,-0.0319752105293795
1776177752349953300,11.542953369140625,0.2806792281210422,0.0771457835227251,-0.071419003373757
1776177752359885000,11.552885009765625,0.206107386739552,0.0476011246085166,-0.0967102426271885
1776177752369816000,11.562816162109376,0.1484837575495243,0.0320884981781244,-0.0900652151221409
1776177752379748000,11.572748046875,0.1064215623676776,-0.0013479074776172,-0.1070208069024607
1776177752389680000,11.58268017578125,-0.0336108854398131,-0.0508913983255624,-0.1190792377583682
1776177752399611000,11.59261083984375,-0.1237313013479113,-0.0869733500540256,-0.1431581786125898
1776177752409543000,11.60254296875,-0.1384428405284881,-0.0894505538225173,-0.0985698990192264
1776177752419474200,11.61247412109375,-0.1506033800520002,-0.090016371011734,-0.1061194010833278
1776177752429406200,11.62240625,-0.1405721076421439,-0.0600578705996274,-0.1259843409717083
1776177752439337000,11.6323369140625,-0.1684390426024794,-0.0210176535874605,-0.0798102534916251
1776177752449269000,11.64226904296875,-0.2043944453418254,0.0037730887979269,-0.0729598396075889
1776177752459201000,11.652200927734375,-0.233101484388113,0.0317903920143842,-0.0982750442584976
1776177752469132300,11.66213232421875,-0.170086517548561,0.1007183822900056,-0.0275448268665
1776177752479064000,11.67206396484375,-0.0595499210774898,0.0396902053534984,-0.030649734079279
1776177752488995000,11.6819951171875,0.0372200158476829,-0.0138052379906177,-0.0450775974802672
1776177752498927000,11.691927001953124,0.0905984086833894,-0.0424058940529823,-0.061214931680262
1776177752508859100,11.701859130859376,0.1797895809173584,-0.037331659528613,-0.073336235171929
1776177752518790000,11.711789794921875,0.2135223391711711,-0.0134299749374389,-0.0625363164771348
1776177752528722000,11.721721923828126,0.2512882984638214,0.0188438166797161,-0.0753247055754065
1776177752538653200,11.731653076171876,0.2184828841879963,0.0507844308197498,-0.0774365831628441
1776177752548585200,11.741585205078126,0.2087938493445515,0.075217445808649,-0.0567906854972243
1776177752558517000,11.75151708984375,0.2121677096918225,0.100885555550456,-0.0206076480144634
1776177752568448000,11.761447998046876,0.0629553456068039,0.0973275708079338,-0.0107789489720016
1776177752578380000,11.771380126953124,-0.0096481183111667,0.0608411299318075,-0.0259802809635177
1776177752588311000,11.78131103515625,-0.0082969959631562,0.073134209793806,-0.0344270606609061
1776177752598243000,11.7912431640625,-0.0334092253878712,0.0638099166095256,-0.0040383156053721
1776177752608175000,11.801175048828124,-0.043998277810961,0.0469873766243457,0.0033689284438267
1776177752618106000,11.811106201171874,0.0181947051212191,0.0683358696013689,-0.0196183081835508
1776177752628038100,11.8210380859375,0.0990353976391255,0.1026724389672279,-0.0033519042437896
1776177752637969000,11.830968994140624,0.1680912520781159,0.144092244592309,-0.0328256898788735
1776177752647901200,11.840901123046876,0.1901847182035446,0.1932803461313247,-0.044427353410609
1776177752657833200,11.850833251953125,0.0906967544913291,0.1508557473778724,-0.114279509326443
1776177752667764200,11.86076416015625,0.0714955026760697,0.062039399805665,-0.1481838612874969
1776177752677696000,11.870696044921877,-0.0514586768195033,0.0436333900213241,-0.1206147036973386
1776177752687627000,11.880626953125,-0.1466974586546421,-0.0108715226262807,-0.1098136159587651
1776177752697559000,11.89055908203125,-0.2478805358469486,-0.0860153186768293,-0.1535107553986832
1776177752707491000,11.900490966796877,-0.2600382988914847,-0.0688823975682258,-0.1487920197810977
1776177752717422000,11.910422119140623,-0.1942550363823771,-0.1190437280535697,-0.0937827378079295
1776177752727354000,11.92035400390625,-0.1413429458841681,-0.1483019712418317,-0.0548853267999365
1776177752737285000,11.93028515625,-0.1901977238155901,-0.0905593918472528,0.0203827532174065
1776177752747217200,11.940217041015623,-0.1478926597885787,-0.0357873526960611,0.075431965342164
1776177752757149000,11.95014892578125,-0.0768564451873302,0.0340787952125072,0.0542070256795734
1776177752767080200,11.960080078125,0.0798430597826838,0.0045417350828647,0.0195339543683454
1776177752777012200,11.97001220703125,0.2215171373173594,-0.0090577512025833,-0.0379667790943756
1776177752786943000,11.97994287109375,0.3158955029308796,-0.0299438873648643,-0.0765578275669366
1776177752796875000,11.989875,0.3161716895237564,-0.0495393991947174,-0.101668120762892
1776177752806807000,11.99980712890625,0.2404160451851785,-0.0913543416172266,-0.0955878875337541
1776177752816738000,12.009738037109376,0.1207505319714546,-0.0841822580307722,-0.0814100899036973
1776177752826670000,12.019670166015626,0.0556970450416207,-0.0054015667825937,-0.0611474924672394
1776177752836601000,12.02960107421875,0.1148233338795602,0.0334475115716457,0.0002662131881341
1776177752846533000,12.039533203125,0.1101855910763144,0.0286906724333763,0.0204571701604872
1776177752856465400,12.04946533203125,-0.0313949629560112,0.0263040695577859,0.0382423811653628
1776177752866396200,12.059396240234374,-0.1774129149138927,0.0321381825387477,0.0393673666073009
1776177752876328200,12.069328125,-0.3010505466289818,0.036664135530591,0.0200368623891845
1776177752886259200,12.07925927734375,-0.3777789815224707,0.0221171392619609,-0.0086176427522674
1776177752896191200,12.089191162109374,-0.3604267185747623,0.0535059647381305,-0.0180892719853669
1776177752906123500,12.09912353515625,-0.2432783027485013,0.077261518856883,-0.014219846673496
1776177752916054300,12.10905419921875,-0.1579705478191375,0.0155780928820371,-0.0362398457039147
1776177752925986300,12.118986328125,0.0592179126441478,0.019849194329977,-0.0556195958912372
1776177752935917300,12.128917236328125,0.2592053551986813,0.0510556489765644,-0.0599495148543268
1776177752945849000,12.13884912109375,0.3133227298334241,0.0431833081662654,-0.0826090538972988
1776177752955781000,12.148781005859377,0.3262090994134545,0.0836257931917905,-0.0934583646917715
1776177752965712400,12.15871240234375,0.3147977708220482,0.1132517006486654,-0.0594292538398876
1776177752975644400,12.16864453125,0.2187143548563122,0.1137935524404048,-0.0462900054773315
1776177752985575200,12.1785751953125,0.0957531610980629,0.0929670375108718,-0.0514857840221375
1776177752995507200,12.188507080078123,-0.0151803257361054,0.0868447552382946,-0.0443214818833395
1776177753005439200,12.198439208984375,-0.1261000763058662,0.042367315608263,-0.0541310378339141
1776177753015370500,12.20837060546875,-0.2399428747154772,-0.026167875957489,-0.0667937547259032
1776177753025302300,12.21830224609375,-0.2497616734184324,-0.0641927784472704,-0.0693941830152645
1776177753035233300,12.2282333984375,-0.2096045812055468,-0.0796738406956195,-0.0733027712937444
1776177753045165300,12.238165283203124,-0.1446887491807341,-0.0984469302266836,-0.0817590129392221
1776177753055097300,12.248097412109376,-0.0887467894673347,-0.1000122798472642,-0.0662490168573334
1776177753065028000,12.258028076171875,0.0147404730141162,-0.0417500604927539,-0.0919573490116745
1776177753074960100,12.267960205078126,0.1317772451594472,0.0059498483151197,-0.0722632356455549
1776177753084891400,12.277891357421876,0.1682946656957268,0.0550415037423372,-0.0736441320773214
1776177753094823400,12.287823486328126,0.1751835484266281,0.0664957946926355,-0.1013390349389985
1776177753104755500,12.29775537109375,0.1550970382094383,0.0815600928336381,-0.0801099305579438
1776177753114686200,12.307686279296876,0.0583785392105579,0.1210170739531517,-0.0417618970610201
1776177753124618200,12.3176181640625,-0.0206887138940393,0.1269195759952068,-0.0355560646908357
1776177753134549500,12.327549560546874,-0.0723649789869785,0.0668511840015649,-0.0362821139430627
1776177753144481300,12.337481201171874,-0.1488166427657008,0.0091074355632066,-0.0622501564795151
1776177753154413300,12.347413330078124,-0.1267944883108138,-0.0049836336314678,-0.0478740597983822
1776177753164344300,12.35734423828125,-0.0508393758773803,0.008092121040821,-0.0560792492922395
1776177753174276400,12.3672763671875,-0.0241661807462573,-0.0153682495236396,-0.0521830821039155
1776177753184207000,12.37720703125,-0.0008846738800406,-0.0285153158664703,-0.0810645278690382
1776177753194139100,12.38713916015625,0.0441126979708671,0.0030184710383415,-0.0885052357964217
1776177753204070400,12.3970703125,0.0769058372870087,0.0490939935147762,-0.0833367836499586
1776177753214002400,12.40700244140625,0.0924225553706288,0.0388216058254241,-0.0868999560242518
1776177753223934200,12.416934326171877,0.1402441908620297,0.0326309344917535,-0.0619884368034079
1776177753233865200,12.426865234375,0.1794260083019733,0.0193663792490959,-0.0810201772706583
1776177753243797200,12.43679736328125,0.1465207869134843,-0.0019067104041576,-0.0442283967724069
1776177753253729300,12.446729248046877,0.0999850995793938,-0.0456008907020092,-0.0274057837219908
1776177753263660300,12.456660400390623,0.0084115622535347,-0.0537128854870796,-0.025085560613498
1776177753273592300,12.46659228515625,-0.0005409750089049,-0.0104091658115386,-0.0208561428828164
1776177753283523300,12.4765234375,0.0067024202480912,-0.0111596919178962,-0.0123790045797824
1776177753293455400,12.486455322265623,-0.1445927414603531,-0.0512479566782712,-0.0398597532341256
1776177753303386000,12.49638623046875,-0.2306660739347338,-0.006693360158801,-0.0234418850596994
1776177753313318100,12.506318115234375,-0.2859504465222358,0.0177513452678918,-0.0316091171633452
1776177753323250200,12.516250244140624,-0.2715685776874423,0.0507774165570735,-0.0445838591465726
1776177753333181400,12.526181396484375,-0.1922887047454714,0.0612087942004203,-0.0091210622297599
1776177753343113200,12.53611328125,-0.0884428380846977,0.0465665208637714,-0.0083460592692717
1776177753353044200,12.546044189453124,0.0622515812516212,0.0642535687237978,0.0018646613607183
1776177753362976300,12.555976318359376,0.2182007062457501,0.0681312869399786,-0.0015947583781555
1776177753372908300,12.565908203125,0.3346048795759678,0.0234030874192714,-0.0269136893561109
1776177753382839300,12.57583935546875,0.3743149586737155,0.0174327808380126,-0.0322222440930083
1776177753392771300,12.585771240234376,0.2356673893533647,-0.0082335753381252,-0.0788684060642495
1776177753402702300,12.595702392578126,0.0760489281967282,-0.0203565593302249,-0.0659000572891905
1776177753412634400,12.60563427734375,-0.1087511743590235,0.0026169045001268,-0.0496096514193341
1776177753422566100,12.615566162109374,-0.2621893394455313,-0.0057838440984487,-0.0454184102745726
1776177753432497200,12.6254970703125,-0.3207961344540119,-0.0097083240658044,-0.0165257489956915
1776177753442429200,12.63542919921875,-0.3457572649702429,-0.0007107786178588,-0.0205663296233862
1776177753452360400,12.6453603515625,-0.2874558826491236,-0.0089285718649625,0.0056192646538838
1776177753462292200,12.655292236328124,-0.2368748654469847,-0.0282014276117086,0.012397234356217
1776177753472224300,12.665224365234376,-0.0889452346488833,-0.0193359841108322,0.0383525635415688
1776177753482155300,12.6751552734375,0.0502284043721854,-0.0158171623349189,0.0104758743721991
1776177753492087300,12.68508740234375,0.0329532983139157,-0.0205284087657928,-0.0260823530985042
1776177753502018300,12.695018310546876,-0.0116387076064944,0.0213666131556034,-0.0617321239547803
1776177753511950300,12.704950439453125,-0.0874643484413623,0.0852069249033927,-0.0775595884880051
1776177753521882400,12.71488232421875,-0.095823888246715,0.0861105957448482,-0.0528746445646509
1776177753531813400,12.7248134765625,-0.0411760599970817,0.0788777218818664,-0.0626863194070756
1776177753541745200,12.7347451171875,0.0310953954875469,0.0550169538229703,-0.0407813250584527
1776177753551676200,12.74467626953125,0.0798348764762282,0.0223597158461809,-0.0506050921974703
1776177753561608200,12.754608154296877,0.1661433328807353,-0.0206131644397974,-0.0677070701785385
1776177753571540500,12.76454052734375,0.1643617101609706,-0.0293944367885589,-0.0859940201604738
1776177753581471200,12.77447119140625,0.1849383419826626,0.0036754736423492,-0.0694536581175401
1776177753591403300,12.7844033203125,0.1708136627793312,0.0211906720668077,-0.0042708457196131
1776177753601334300,12.794334228515623,0.0499804209604859,0.0341588747113943,0.0365244347989559
1776177753611266300,12.804266357421875,0.0357251011148095,0.0477326420336961,0.0878844735495746
1776177753621198000,12.814197998046875,-0.040380087313801,0.0049286885738372,0.0866908067855983
1776177753631129300,12.82412939453125,-0.1572141764938831,-0.0142658412396907,0.0807694904452189
1776177753641061400,12.834061279296876,-0.2606052851244807,-0.0404687885105609,0.0927500337593257
1776177753650992400,12.843992431640626,-0.3153270553931593,-0.0534241316735744,0.0110072778351604
1776177753660924200,12.853924072265626,-0.3027498978927731,-0.0879062469899654,-0.0314695625621825
1776177753670856200,12.863856201171876,-0.2327764902174472,-0.0847808084458112,-0.0337141996838152
1776177753680787200,12.873787109375,-0.1440508896686136,-0.0977671312689781,-0.0613533172376453
1776177753690719500,12.883719482421874,-0.0879062469899654,-0.0937292540550231,-0.0295166383961215
1776177753700650200,12.893650146484376,0.0238426478803157,-0.0707715723156929,-0.0301664440743625
1776177753710582300,12.903582275390624,0.0946205038063228,-0.0370177712738513,0.0141101026887074
1776177753720514300,12.913514404296874,0.1487763107553124,-0.0215390471130609,0.0338591611124575
1776177753730445300,12.9234453125,0.253674316817522,0.0236789817512035,0.0123347635792568
1776177753740377000,12.933377197265624,0.2247673712849617,0.0006686930418014,0.0262617282534018
1776177753750308400,12.943308349609374,0.1477533974483609,0.0182300686955451,0.0187076961446553
1776177753760240400,12.953240478515625,-0.0042141105636954,0.0207154557704925,0.0391596056081354
1776177753770172400,12.96317236328125,-0.1463385622143745,0.0283487271279096,0.0453154613567516
1776177753780103200,12.973103271484376,-0.213741681010276,0.0057218847781419,0.0238767693456262
1776177753790035200,12.98303515625,-0.2311851293727755,-0.0523988802790641,0.0146584572864696
1776177753799966200,12.99296630859375,-0.1569499725997447,-0.0521183097720146,-2.8495442122e-06
1776177753809898500,13.0028984375,-0.051410746024549,-0.0917085618823766,-0.0075619962194934
1776177753819829200,13.012829345703125,-0.0243543967947363,-0.1023883613288402,0.0061734279379248
1776177753829761300,13.02276123046875,0.0170893742278218,-0.0601093085259199,0.0153167750647291
1776177753839693300,13.032693359375,0.0118953127160668,-0.0833124894589185,0.0103610523534938
1776177753849624300,13.042624267578123,-0.0631257337376475,-0.0580745878279209,0.0126663336211815
1776177753859556600,13.052556640625,-0.0734276397824287,-0.0262491245001554,0.010626936748065
1776177753869487900,13.06248779296875,-0.0155631875738501,-0.0012701660662889,0.0281692423751577
1776177753879420000,13.072419921875,0.0341008609138429,0.0041162031471729,0.0350197658570483
1776177753889352000,13.08235205078125,0.099251816868782,-0.0162520466208457,0.0170630707427859
1776177753899282700,13.09228271484375,0.0810201407380402,-0.0034667993277311,0.0014789499787613
1776177753909214700,13.102214599609376,0.0349473947405815,-0.0178401925951242,0.0414267833551391
1776177753919145700,13.112145751953124,-0.0732496528670191,-0.0142962363779544,0.0388887162448838
1776177753929077800,13.122077880859376,-0.1895955201387405,-0.0237052852362394,0.0437779495911672
1776177753939009800,13.132009765625,-0.2596072139978408,-0.0322170929938554,0.009840900936909
1776177753948940800,13.14194091796875,-0.2347663488604128,0.0075894322156906,0.0341871144251897
1776177753958872800,13.151872802734376,-0.1404758076608181,0.0237596457719802,0.024622509679012
1776177753968803800,13.161803955078126,-0.0996143665708601,0.0297772986263036,0.016465287512727
1776177753978735600,13.171735595703124,-0.0647810997292399,0.0464431867450475,0.0362497825760394
1776177753988667600,13.181667724609374,-0.0550001488186418,0.0764981332689523,0.0359121115868911
1776177753998599000,13.191598876953124,-0.0653052697338163,0.1200952829331159,0.0486925000417977
1776177754008531000,13.201531005859374,-0.0312944251909852,0.1170031621366739,0.0513589062394574
1776177754018461700,13.211461669921874,0.0343391997143626,0.086064418515563,0.0612705343250185
1776177754028393700,13.221393798828124,0.1067407113194465,0.0646066199451684,0.0315464271906763
1776177754038325800,13.23132568359375,0.0999205099105834,0.0468184497982263,0.0327852482706308
1776177754048256800,13.2412568359375,0.0725917734801769,0.0567073911279439,0.0312460194719955
1776177754058188800,13.251188720703125,0.0485009960576891,0.0614934563606977,0.0365207084719091
1776177754068119800,13.261119873046876,0.0309469269275665,0.0388520009636878,0.0476556312747299
1776177754078051800,13.2710517578125,0.0373956646755337,0.0062082069903612,0.0405475893678143
1776177754087983900,13.28098388671875,0.0538815200522541,0.0037748423635959,0.0427760425396263
1776177754097914600,13.29091455078125,0.0145778297983109,0.0083119012713432,0.0621143282053992
1776177754107846700,13.3008466796875,-0.0223347275353968,-0.0370832377254962,0.0689097604991868
1776177754117778000,13.31077783203125,-0.0373196768298745,-0.0209328979134559,0.0515798189811408
1776177754127710000,13.3207099609375,0.0067091422498226,-0.0118663788825273,0.0534882829509675
1776177754137641700,13.330641845703123,0.0286658302530646,-0.0357604646891355,0.0805213974356651
1776177754147572700,13.34057275390625,0.0267639421544969,-0.0283235926866531,0.0483095651388168
1776177754157504800,13.3505048828125,-0.01555412748456,-0.0741653064072132,0.0664166285092011
1776177754167435800,13.360435791015624,-0.0171907887756824,-0.1028583169281482,0.0466844846876338
1776177754177367800,13.370367919921875,-0.0251953776635229,-0.0972235259115695,0.0764849449938163
1776177754187299800,13.3802998046875,-0.005196837990731,-0.1125152030676603,0.0578549537278711
1776177754197230800,13.39023095703125,0.0609071809053421,-0.1097989298462867,0.0642040304936468
1776177754207163000,13.400162841796876,0.1281903265833854,-0.0602034165501594,0.0827469279980286
1776177754217093600,13.41009375,0.2266588841199874,-0.0200718971699476,0.0168496837204322
1776177754227025700,13.420025634765626,0.2276841355144977,0.0208645088523626,0.0056846215076744
1776177754236957700,13.429957763671876,0.1904410310521721,0.041975685942173,-0.0291905482469126
1776177754246889000,13.439888916015626,0.1584859499953687,0.0946171428054571,-0.0351609278934076
1776177754256820700,13.44982080078125,0.0934966143429279,0.1206254442870616,0.0019646146038547
1776177754266751700,13.459751708984374,-0.0041701252914965,0.1410012928396463,0.0552692480836063
1776177754276683800,13.469683837890624,-0.1283990008980035,0.1133253504067659,0.0748235511202365
1776177754286614800,13.47961474609375,-0.2182289094269275,0.0885328544557094,0.0548960673896595
1776177754296546800,13.489546875,-0.2450324529394507,0.0403296723008155,0.0537824070593342
1776177754306478800,13.499478759765625,-0.2795570922233164,0.0202437466055154,0.0709110538516193
1776177754316409900,13.509409912109374,-0.1901299192763864,0.0339180516928434,0.0666427654152736
1776177754326342000,13.519341796875,-0.0972314169570803,0.0184632929295301,0.0554082181628793
1776177754336272600,13.529272705078125,-0.0123930331051349,-0.0091986209779977,0.0251885095313191
1776177754346204700,13.53920458984375,0.1524155440405011,0.0331213483572006,0.051361207794398
1776177754356136700,13.54913671875,0.3390285412371158,0.0918985314965248,0.086020762036927
1776177754366068000,13.55906787109375,0.3700700145803391,0.0525835891962051,0.0549529121434316
1776177754375999700,13.568999755859377,0.3824631938159465,0.0456079049646854,0.0582220700072124
1776177754385930800,13.5789306640625,0.2562535196557641,0.0835720171779394,0.0631901772759854
1776177754395862800,13.58886279296875,0.0456511595845222,0.0627215368509292,0.0485435930904001
1776177754405794800,13.598794921875,-0.105673082087934,0.0834562818437814,0.0767937186820432
1776177754415725800,13.608725830078123,-0.1893172877192497,0.0790145000040531,0.0836662348000332
1776177754425657900,13.618657958984375,-0.1552346931144595,0.0751321056127548,0.0480096323441714
1776177754435588900,13.6285888671875,-0.1290448975861072,0.0688385584264993,0.036776436798647
1776177754445521000,13.63852099609375,-0.1120820723474025,0.040196401309967,0.0528898421337828
1776177754455452700,13.64845263671875,-0.0551096005424857,0.0095627781152725,0.0780941702887415
1776177754465383700,13.6583837890625,0.0264066531494259,0.0224333656042814,0.1168756998321041
1776177754475315700,13.668315673828126,0.1590323318317532,0.0248942027598619,0.1531406434446573
1776177754485247000,13.6782470703125,0.2650377146139741,-0.0241465992629528,0.1305028047768399
1776177754495178800,13.6881787109375,0.2551908588603139,-0.048150575184822,0.1090590712644159
1776177754505110800,13.69811083984375,0.256260095527023,-0.0013777180939912,0.0723428767530247
1776177754515041800,13.708041748046876,0.1705693326294422,0.0213636905461549,0.0380522654207423
1776177754524973800,13.717973876953126,-0.0071735448911786,0.0437713371872901,0.0433295847691595
1776177754534904800,13.72790478515625,-0.1598877796173095,0.0596089577883481,0.0139229460861533
1776177754544836900,13.7378369140625,-0.2176931951150298,0.1024783776998519,0.0490389023266732
1776177754554769000,13.747768798828124,-0.2215676984608173,0.0775163704007863,0.0690300258779898
1776177754564700000,13.757699951171874,-0.15757424197793,0.0775596250206232,0.0683166169116273
1776177754574631700,13.767631591796874,-0.0908512144006788,0.0903957257181406,0.0633135479273274
1776177754584562700,13.777562744140624,-0.0500832968130707,0.0567652587950229,0.0792721645595505
1776177754594494700,13.78749462890625,0.0163885324820876,0.0920019918709993,0.104361999489367
1776177754604426800,13.7974267578125,0.1346972242593765,0.1317693541139364,0.0733323992470279
1776177754614357800,13.807357666015625,0.2329457093045115,0.1293757369756698,0.0166058284945786
1776177754624289800,13.817289794921876,0.3390682887256145,0.1424848093956708,0.057737428295426
1776177754634220800,13.827220703125,0.382941624982655,0.1668535269767045,0.0506929531440138
1776177754644152800,13.83715283203125,0.3200945620559156,0.1482645618408918,0.0464731800245121
1776177754654084600,13.847084716796877,0.2797708811044693,0.1509019246071577,0.0212742221644148
1776177754664016000,13.857015869140625,0.1080100006029009,0.1391805071532726,0.0053259807957336
1776177754673948000,13.866947998046877,-0.1343967800080776,0.0791658911734819,0.0072205258380621
1776177754683879000,13.87687890625,-0.3254486364349723,0.0202811560064554,0.0154074490228667
1776177754693810700,13.886810791015623,-0.4413631265521049,-0.0041389995008707,0.0793918454164639
1776177754703742700,13.89674267578125,-0.4842082888051867,-0.0482552046030759,0.0885065875032916
1776177754713673700,13.906673828125,-0.4380694918341934,-0.0927349823206663,0.0784811968449503
1776177754723605800,13.916605712890624,-0.2625282160110772,-0.0844014537394046,0.0702130981827154
1776177754733536800,13.926536865234375,0.001773439413309,-0.0815624309211969,0.0760503529688343
1776177754743468800,13.93646875,0.1775835953056812,-0.1288204411804676,0.0303227306146174
1776177754753399800,13.94639990234375,0.3180956433236598,-0.1624824722856283,-0.0206599992562085
1776177754763331800,13.956331787109375,0.4487164119243622,-0.1255301674634218,0.02660075094942
1776177754773263600,13.966263671875,0.456601904477179,-0.0769353556424379,0.0520184295941144
1776177754783195000,13.97619482421875,0.4070563678026199,-0.0502858336478471,0.0735003031598404
1776177754793127000,13.986126953125,0.3189525524139404,-0.0064449383556842,0.0899817015571519
1776177754803057700,13.9960576171875,0.1015171314522623,0.0207791686564683,0.0521948090743273
1776177754812989700,14.00598974609375,-0.0870142665863037,0.0501496400475501,0.0464129742698743
1776177754822921700,14.015921630859374,-0.2628162391722202,0.0729138450413942,0.0638747254740446
1776177754832852700,14.025852783203124,-0.3543661033615469,0.0732119512051343,0.0281564924914389
1776177754842784800,14.03578466796875,-0.3312462167978287,0.0577870030581951,0.0269895676039159
1776177754852715800,14.0457158203125,-0.2681269128009677,0.0602367342978715,0.0119512806870043
1776177754862647300,14.055647216796874,-0.1260284723743796,0.0865425574213266,0.0069433893971145
1776177754872579300,14.065579345703124,0.1326598732128739,0.1349783792883157,-0.003666048226878
1776177754882510300,14.07551025390625,0.2474342533841729,0.0917804580748081,0.0526920545393601
1776177754892442400,14.0854423828125,0.2969102319538593,0.0722387222588062,0.0512098531575873
1776177754902373400,14.095373291015624,0.3465342406921088,0.0926426278620958,0.083968030758202
1776177754912305400,14.105305419921876,0.3370750690817832,0.0904553469508886,0.037355551860854
1776177754922237400,14.115237548828125,0.1742401300966739,0.0524970799565315,0.0171413236107677
1776177754932168400,14.12516845703125,-0.0264617443375289,0.0310609086960554,-0.0255646493673324
1776177754942100500,14.1351005859375,-0.2127694749772548,0.019224340429902,0.0052770270874723
1776177754952031500,14.145031494140625,-0.3518479830607772,-0.0120791448503732,-0.0059802069207653
1776177754961963500,14.154963623046877,-0.3708905371829867,-0.052404725497961,-0.0141291361827403
1776177754971895600,14.1648955078125,-0.3105783995613456,-0.0946791021257638,0.0104994379108771
1776177754981826300,14.174826416015623,-0.2325552486822009,-0.1222457389652729,0.0162628602758049
1776177754991758300,14.18475830078125,-0.1333551620006561,-0.118494861999154,-0.0110824984958395
1776177755001689300,14.194689453125,-0.0109384503826498,-0.068309566116333,0.017320954493992
1776177755011621400,14.204621337890623,0.0074447630479931,-0.0381827233999967,-0.0165621354833245
1776177755021553400,14.214553466796875,0.0881903246283531,0.0133884738832712,-0.0128777844147756
1776177755031484400,14.224484375,0.1911658381953835,0.0563274518996477,-0.020260916936025
1776177755041416400,14.23441650390625,0.2971580692350864,0.1135913078665733,-0.0373850702162832
1776177755051347500,14.244347412109375,0.3225616828218102,0.1148112050503492,-0.0284685175826773
1776177755061279200,14.254279296875,0.2787622885838151,0.1221504618972539,-0.0282667844654992
1776177755071211300,14.264211181640626,0.0939572175920009,0.0876367823988199,-0.0062339259535074
1776177755081142500,14.274142578125,-0.0514006630219519,0.0637742607742548,0.0190149719955399
1776177755091074600,14.284074462890626,-0.079322250778973,0.0423532870829105,0.0062158788401633
1776177755101005300,14.29400537109375,-0.1720189469158649,-0.0324275208741426,0.0196500550286844
1776177755110937300,14.303937255859376,-0.2137282370068133,-0.0944330184102058,-0.0149245608767494
1776177755120868400,14.313868408203126,-0.2765339450098574,-0.119218500098586,-0.0057474941434338
1776177755130800400,14.32380029296875,-0.31012247248739,-0.1521890418082475,8.99067731574e-05
1776177755140732400,14.333732421875,-0.2796770653411746,-0.1328816992700099,0.0105710783749818
1776177755150663400,14.343663330078124,-0.151038264337927,-0.1275672262489795,0.002604848736152
1776177755160595500,14.353595458984374,-0.0757186733290553,-0.0914595555573701,0.0182866942536085
1776177755170526500,14.3635263671875,0.0132756611585617,-0.051964580515027,0.0263475068407133
1776177755180458200,14.373458251953124,0.0520828000672161,-0.0090998367786407,0.0094205566329881
1776177755190390300,14.383390380859376,0.1469894273385405,0.0426397028088569,-0.0179125271789729
1776177755200321500,14.393321533203125,0.229101016575098,0.0656786330908536,-0.0538909820003435
1776177755210253600,14.403253662109377,0.1974408268116414,0.1124263557404279,-0.0351872679110616
1776177755220184300,14.413184326171876,0.1239862990222871,0.1184621287733316,-0.072112867389433
1776177755230116400,14.423116455078125,0.0218985280752182,0.0966319897592067,-0.0871553920900449
1776177755240048400,14.43304833984375,-0.0270997499801218,0.1356640234649181,-0.0834851426120847
1776177755249979400,14.4429794921875,-0.0066661798909306,0.1253027884483337,-0.0949517085220664
1776177755259911400,14.452911376953123,-0.0431472139395773,0.0513613539248704,-0.077563716673851
1776177755269842400,14.462842529296877,-0.0670706719711422,0.0345849911689758,-0.0718565910734236
1776177755279774500,14.4727744140625,-0.0640752895474433,0.0248445183992385,-0.0523684120755642
1776177755289706500,14.48270654296875,-0.014748364059627,0.0253431155711412,-0.0132531935984268
1776177755299637200,14.49263720703125,0.0091324238739907,0.0302361483097076,-0.0163939027769491
1776177755309569300,14.5025693359375,-0.019945202050358,0.0485942272990942,0.0095982512874528
1776177755319500500,14.51250048828125,-0.0653499856583774,0.0854483324438333,0.0065958911336958
1776177755329432600,14.5224326171875,-0.1009120051659643,0.0867500626921653,0.0161629435652866
1776177755339364400,14.5323642578125,-0.1487143514350056,0.0761287154346704,0.0360989759285002
1776177755349295400,14.54229541015625,-0.0983633435964584,0.0905190598368644,0.015753778242506
1776177755359227400,14.552227294921876,-0.0507419068522751,0.0497954197824001,-0.0128356988387182
1776177755369158400,14.562158447265626,-0.0134136083245277,0.0230523742854595,-0.0541578527756035
1776177755379090400,14.57209033203125,-0.0502066309317946,0.0163993461370468,-0.0848665139678865
1776177755389022500,14.5820224609375,-0.0646069122061133,0.0126911392688751,-0.1088975240271538
1776177755398953500,14.591953369140626,-0.0456581738471984,0.0354039063364267,-0.1270883201582357
1776177755408885500,14.601885498046874,-0.0423053562879562,0.0629851562231779,-0.1154060291383415
1776177755418816300,14.611816162109376,-0.0550794976651668,0.0348562093257904,-0.1263384881716221
1776177755428748300,14.621748291015624,-0.1011383612677454,0.0120516723215579,-0.1195322056902572
1776177755438680300,14.631680419921874,-0.1003206151440739,-0.0240144973158836,-0.0982465122837573
1776177755448611600,14.641611572265624,-0.059524348244816,-0.0304857391566038,-0.1118298511520028
1776177755458543400,14.65154345703125,-0.0174009243950247,-0.0714455260545015,-0.0906683321144431
1776177755468474400,14.661474365234374,0.0421577645108103,-0.0745417385041713,-0.0931672362580895
1776177755478406400,14.671406494140625,0.103828623265028,-0.081586396318674,-0.1243346010033041
1776177755488337400,14.68133740234375,0.1099777935445308,-0.0575882656157016,-0.1320127344157546
1776177755498269400,14.69126953125,0.082205697260797,-0.0281996740460395,-0.1381558768132701
1776177755508201500,14.701201416015625,0.0272621009349822,-0.0117693482488393,-0.1645870068168267
1776177755518132500,14.711132568359377,-0.0097159228503704,0.0081733695834875,-0.1311954997487366
1776177755528064500,14.721064453125,-0.016812895374,0.0543172811210155,-0.0959995736071839
1776177755537995300,14.730995361328125,-0.0042339843079447,0.0480044447124004,-0.0949208749923855
1776177755547927300,14.74092724609375,0.0159340667128562,0.0514238977670669,-0.0737753937741741
1776177755557859300,14.750859375,0.0241430921316146,0.0343482598036527,-0.0766212847245857
1776177755567790600,14.76079052734375,0.0945230347812175,0.0648579643577337,-0.0997243297513574
1776177755577722400,14.770722412109375,0.1206441489875316,0.0457534509152173,-0.1145506178854033
1776177755587653400,14.7806533203125,0.1282310969851911,0.0106932434499263,-0.1223609628427773
1776177755597585400,14.79058544921875,0.0969534767985343,-0.0078916300326585,-0.144465863677673
1776177755607517400,14.800517333984375,0.0368630191035568,0.0022702830195426,-0.1346871777893975
1776177755617448400,14.810448486328124,0.0215979376934468,-0.0046095396220684,-0.1374218999829143
1776177755627380500,14.82038037109375,0.0062310033440589,-0.0135515554904937,-0.1347211165916174
1776177755637311500,14.8303115234375,0.0412850733295083,-0.0078472063690423,-0.103290059408918
1776177755647243500,14.840243408203126,0.0402126217924058,-0.0076227499634027,-0.1071149514593183
1776177755657175300,14.85017529296875,0.0957365022242069,0.0050222120761871,-0.0862862811053171
1776177755667106300,14.860106201171876,0.1757555030956864,0.0570697946995496,-0.066425980859436
1776177755677038300,14.870038330078126,0.1905142424188554,0.1109381630092859,-0.0604210048235952
1776177755686969600,14.879969482421876,0.1583092782542109,0.0952618704497814,-0.0822740863218903
1776177755696901400,14.8899013671875,0.1188449906110763,0.1153343521416187,-0.0965538830216974
1776177755706833400,14.89983349609375,0.0824529500201344,0.1440256090968847,-0.1172315275324508
1776177755716764400,14.909764404296874,0.041823564120382,0.1248895314723253,-0.1094859183743596
1776177755726696400,14.919696533203124,-0.0030438977405428,0.0776058022499084,-0.1183714913478121
1776177755736627500,14.92962744140625,-0.0604357640013098,0.0606488222301006,-0.1144659352766349
1776177755746559500,14.9395595703125,-0.0569606352366507,0.0914198080688715,-0.1307477925138548
1776177755756490500,14.949490478515624,-0.0384580332100391,0.0837631558358669,-0.0697819036912173
1776177755766422500,14.959422607421876,0.0257750772476196,0.0531143350720405,-0.0601223506705835
1776177755776354300,14.969354248046876,0.1151917288005352,0.0400286435276269,-0.0674994918424636
1776177755786285300,14.979285400390625,0.1619581561505794,0.0526046319842338,-0.0732566671296954
1776177755796217300,14.98921728515625,0.172104579372704,-0.0081681088864803,-0.0510778242757543
1776177755806148400,14.9991484375,0.0976347370609641,-0.0309662161499261,-0.0425200950171798
1776177755816080400,15.009080322265625,0.0249352654226124,-0.0450520246475934,-0.0462101451741531
1776177755826012400,15.019012451171877,0.0525926492854952,-0.0337163916409015,-0.0674492594925686
1776177755835943400,15.028943359375,-0.0147205992698669,-0.0075461775958538,-0.0904763897389173
1776177755845875500,15.03887548828125,-0.0831751268148422,0.0043330607682466,-0.0624924408027902
1776177755855806500,15.048806396484377,-0.0725112555898725,0.0224240132540464,-0.0540861027136445
1776177755865738800,15.05873876953125,-0.096812314762175,0.0447632708340883,-0.0685988313864916
1776177755875670800,15.0686708984375,0.000604103372991,0.066675827434659,-0.0190464631123468
1776177755885601800,15.078601806640624,0.0757704035162925,0.0700485187381505,-0.0394846363114193
1776177755895533600,15.088533447265624,0.1550922159038484,0.054430093845725,-0.0300972878282889
1776177755905464600,15.098464599609375,0.2846713664971292,0.0732867700070142,-0.0467727840255945
1776177755915396600,15.108396728515626,0.3361936100721359,0.0741845956295728,-0.0559692495791241
1776177755925328600,15.11832861328125,0.3015536738455295,0.0576964021652936,-0.0603172521881759
1776177755935259600,15.128259765625,0.2036722685471177,0.077966452255845,-0.0847081816010177
1776177755945191700,15.138191650390626,0.0812277921393513,0.0817266815721988,-0.0828145133415237
1776177755955122700,15.148122802734376,-0.0012166823133826,0.0754734663963317,-0.1340568805292248
1776177755965054700,15.1580546875,-0.0640539544984698,0.0599462269186973,-0.1143338333295658
1776177755974986500,15.167986572265624,-0.1241208851873874,0.0321720848083496,-0.1192232493389397
1776177755984917800,15.177917724609374,-0.1907104956433176,-0.0186146840989589,-0.1618320090202614
1776177755994849800,15.187849853515624,-0.1485270121693611,-0.0242307704150676,-0.1873729852510616
1776177756004780800,15.19778076171875,-0.1234627135396003,-0.0548000962018966,-0.1653589410373941
1776177756014712600,15.207712646484374,-0.054866439436376,-0.0619675036132335,-0.1652453976603224
1776177756024643600,15.2176435546875,0.0201098910927772,-0.0271329215973615,-0.1523052885990589
1776177756034575600,15.22757568359375,0.0149357033252716,-0.0051478842824697,-0.1607416199676692
1776177756044507600,15.237507568359376,0.0454550524905323,0.0441606287658214,-0.1627194959118962
1776177756054438700,15.247438720703125,0.1643967814743518,0.0831365483701229,-0.1715343417366966
1776177756064370700,15.25737060546875,0.284870250070095,0.1004027404695749,-0.1880449296958744
1776177756074301700,15.2673017578125,0.348095937050879,0.0801508105576038,-0.2174975994776934
1776177756084233700,15.277233642578125,0.3444508585467934,0.0582207183003425,-0.212059061685577
1776177756094165500,15.28716552734375,0.2501120942912995,0.0699672701954841,-0.2370704610843211
1776177756104096800,15.2970966796875,0.1813179595284164,0.0890548325031995,-0.2082564179996028
1776177756114028800,15.30702880859375,-0.0125907476343214,0.0789630620777606,-0.2091218026572838
1776177756123959600,15.31695947265625,-0.1999022484891116,0.0619528905659913,-0.1966907756293192
1776177756133891600,15.3268916015625,-0.3305322233095765,0.0553144754648208,-0.1502847790895029
1776177756143823600,15.33682373046875,-0.3428922309279442,0.0425286436498165,-0.1385545938072726
1776177756153754600,15.346754638671875,-0.2622361011967062,-0.005578092393279,-0.1241849633995443
1776177756163686700,15.356686767578124,-0.1172679505527019,0.0053647419035434,-0.1232883433533832
1776177756173617700,15.36661767578125,0.0953834510028362,0.0433101494163274,-0.0997399657119065
1776177756183549700,15.3765498046875,0.2909188825845718,0.0188286191105842,-0.0830155523389577
1776177756193481700,15.386481689453126,0.434656322389841,-0.0123784200578928,-0.0995319855170324
1776177756203412700,15.396412841796876,0.4745977260254323,0.0013292027771472,-0.1165282381013035
1776177756213344500,15.406344482421876,0.4214262539386749,-0.0083095631837844,-0.119375151965022
1776177756223275800,15.41627587890625,0.2776680636063218,-0.0292938990235328,-0.1430025131268426
1776177756233207800,15.426207763671876,0.0637809827759861,-0.0499842203527688,-0.1532973318437114
1776177756243139800,15.436139892578124,-0.129024731580913,-0.0169125563561916,-0.1390790926054119
1776177756253070600,15.446070556640626,-0.2998470160581171,0.021337387061119,-0.166352189858444
1776177756263002600,15.456002685546874,-0.3262849411286413,0.0156494045525789,-0.1854784036761149
1776177756272933600,15.46593359375,-0.3576587151661515,0.0009188684105873,-0.1890282781774178
1776177756282865700,15.47586572265625,-0.2877656792506575,0.0069867901474237,-0.1377088271655142
1776177756292796700,15.485796630859374,-0.1841159196838736,0.0286924259990453,-0.1209886150436475
1776177756302728700,15.495728759765624,-0.0553632830426096,0.0471428594470024,-0.1128092541107907
1776177756312660700,15.50566064453125,0.0734708944022655,0.0185521402567625,-0.1022373720182105
1776177756322591500,15.515591552734374,0.1719802223406732,0.0199351190477609,-0.1192188654247671
1776177756332523500,15.5255234375,0.2852478512108325,0.02887012065351,-0.1505784648064523
1776177756342454800,15.535454833984376,0.364351198542118,0.0647077422320842,-0.1568662763716652
1776177756352386800,15.54538671875,0.3921896380603313,0.0514782583028078,-0.1337625737577676
1776177756362318800,15.55531884765625,0.3359457727909088,0.0354956762731075,-0.1581052070494741
1776177756372249600,15.56524951171875,0.2203098073542118,0.0602747282207012,-0.1675145116360858
1776177756382181600,15.575181640625,0.0935021673008799,0.0741460171848535,-0.1288254826817661
1776177756392112600,15.585112548828125,-0.1017524015128612,0.0438917486965656,-0.1235194121628999
1776177756402044700,15.595044677734377,-0.1736474249005317,0.032391280516982,-0.1361276223886758
1776177756411976400,15.6049765625,-0.2281938386023044,-0.0115086514860391,-0.1220164967866614
1776177756421907700,15.61490771484375,-0.3180349991776049,-0.0376671750932931,-0.0780685609234496
1776177756431839700,15.62483984375,-0.2985840103849768,-0.0367307710260152,-0.0484830585421994
1776177756441770500,15.6347705078125,-0.2275739531382918,-0.02872106757164,-0.041472814453952
1776177756451702500,15.64470263671875,-0.0959746948942542,-0.0301344415009021,-0.0282869504706934
1776177756461634600,15.654634521484375,0.0243538122728466,-0.0249082312852144,-0.0528762519998475
1776177756471565800,15.66456591796875,0.100053780901432,-0.0037345103532075,-0.0648105084868148
1776177756481497900,15.674497802734376,0.1738761190898716,0.0295966813623905,-0.0614400456730276
1776177756491428600,15.6844287109375,0.1716305321201682,0.02670680513978,-0.0828026402406394
1776177756501360600,15.694360595703126,0.1186921381369233,0.0319429522275924,-0.0699427202761173
1776177756511292700,15.704292724609376,0.0852989871010184,0.0209779060989618,-0.0861153449852019
1776177756521223400,15.714223388671876,0.111650402931869,0.0372977572590112,-0.0605139072714373
1776177756531155700,15.72415576171875,0.0880219823241233,0.0316086057066917,-0.0567402704842388
1776177756541086700,15.734086669921876,0.0263958394944667,0.0068383215874433,-0.0740309759704396
1776177756551018800,15.744018798828124,-0.0854443869210779,-0.0068283847153186,-0.0697269951662048
1776177756560950800,15.75395068359375,-0.1939338416039943,0.0215495685070753,-0.086336842248775
1776177756570881500,15.763881591796874,-0.2999415624737739,0.0412514633208513,-0.0462950835112482
1776177756580813600,15.7738134765625,-0.2834127447381615,0.0189122057408094,-0.0509083859929814
1776177756590744800,15.783744873046874,-0.1831213556885719,-0.0171130473643541,-0.0762265132533386
1776177756600676900,15.7936767578125,-0.077779989773035,-0.0193330615013837,-0.0649857554558664
1776177756610607600,15.803607666015624,0.0021697452545166,0.0028916297882795,-0.0484110892845317
1776177756620539600,15.81353955078125,0.0239551683440804,0.0051087213158607,-0.0443155635992065
1776177756630471700,15.8234716796875,0.0251321031689643,0.0350567003339529,-0.0086680577652528
1776177756640402400,15.83340234375,0.0344169411256909,0.0609656330943107,0.0146824226839467
1776177756650334700,15.843334716796877,0.0424190457955002,0.0415817181885242,-0.0004472323108464
1776177756660265700,15.853265625,0.0721380383633077,0.0146492875993251,-0.0271097233848646
1776177756670197800,15.86319775390625,0.093271719545871,0.0159627082854509,-0.0540490951715037
1776177756680129800,15.8731298828125,0.0284311447143554,-0.0106722006618976,-0.0671934946332126
1776177756690060500,15.883060546875,-0.0415454778313636,-0.0392909769028425,-0.0415568394755944
1776177756699992600,15.89299267578125,-0.0638283290490508,-0.0700765757888555,-0.0650024508623406
1776177756709923800,15.902923828125,-0.1502580737456679,-0.1041647233515977,-0.0897057341599836
1776177756719855600,15.912855712890623,-0.2774175959765911,-0.1150660565942525,-0.1309873003581538
1776177756729787600,15.92278759765625,-0.3710242465652525,-0.103606504946947,-0.114529392434284
1776177756739718700,15.93271875,-0.3858814778268337,-0.0940992564111947,-0.0828068414917215
1776177756749650700,15.942650634765624,-0.2639864519953727,-0.0390869787633419,-0.0401302772711962
1776177756759581400,15.95258154296875,-0.1247860710978508,-0.0677969404190778,0.0027600758304819
1776177756769513700,15.962513671875,0.0109605160839855,-0.0487193149834871,-0.0074235375968739
1776177756779444700,15.97244482421875,0.057432782793045,-0.0193342305451631,-0.014000468301773
1776177756789376800,15.982376708984376,0.0536484419487416,0.0055541269958019,-0.0208887665107846
1776177756799308800,15.992308837890626,0.0344843072734773,0.0579927547633647,-0.0128682859340682
1776177756809239600,16.002239501953124,-0.0234406429506838,0.0862199013382196,-0.0309810118602588
1776177756819171600,16.012171630859374,-0.066530281484127,0.0890945799916982,-0.0222779193142429
1776177756829102800,16.022102783203124,-0.0548491960406303,0.0659796618640422,-0.0308631576342508
1776177756839034600,16.03203466796875,-0.0020657003581523,0.0419780240297317,-0.0033844182739034
1776177756848966700,16.041966552734376,0.0294400294959545,0.010283493605256,-0.0220900320593267
1776177756858898000,16.05189794921875,0.0503717583656311,0.0049731122374534,0.0147694068476557
1776177756868830000,16.061829833984376,0.002663081729412,0.0333083953619003,-0.0138983961667865
1776177756878760700,16.0717607421875,-0.0647615182459354,0.0356003056913614,-0.0093694475002586
1776177756888692700,16.081692626953124,0.00676993252635,0.0280821851462125,-0.0227588712316006
1776177756898625000,16.091625,0.1235667584359645,0.0289694893747568,-0.0456099507912993
1776177756908556000,16.10155615234375,0.2435726095199585,0.0228320095330476,-0.0517437773711979
1776177756918488000,16.111488037109375,0.306802680414915,-0.0198281515419483,-0.039791948694922
1776177756928418800,16.121418701171876,0.2935319876924157,-0.0182815066218376,-0.0598096314596012
1776177756938350800,16.131350830078127,0.2060135709762573,-0.0020411504387855,-0.0120744686752557
1776177756948283000,16.141282958984377,0.0769923465266823,-0.0001525602132081,-0.0176489443393424
1776177756958214000,16.1512138671875,-0.0637187311947345,-0.0127741413772106,-0.0438763684643432
1776177756968146000,16.16114599609375,-0.0622504122078418,0.0197287828207015,-0.0533932981438934
1776177756978077000,16.171076904296875,-0.0348316594064235,0.0126519763022661,-0.0491776166776195
1776177756988009000,16.181009033203125,-0.0331026436567306,0.0271013574153184,-0.0670317282002419
1776177756997941000,16.19094091796875,-0.0287995396353304,0.0374742828696966,-0.0188825412549078
1776177757007871700,16.200871826171873,-0.1265421209849417,0.0198351658046245,0.0183030973991379
1776177757017804000,16.210803955078124,-0.1719102258443832,0.0423854357868433,0.0963130234705284
1776177757027735000,16.220735107421874,-0.0923310776948928,0.0527437481939792,0.1468876474644988
1776177757037666800,16.230666748046875,0.0039002223089337,0.0317331088691949,0.162965835355781
1776177757047597800,16.240597900390625,0.0910161957040429,0.0279945068627595,0.15272987068668
1776177757057529900,16.25052978515625,0.1612391942262649,0.0123673141419887,0.1035935724001377
1776177757067462000,16.2604619140625,0.0781412243008613,0.0431347928494215,0.079530157908611
1776177757077393000,16.270392822265624,-0.006585223609209,0.0585562338650226,0.0691696535443887
1776177757087325000,16.280324951171874,-0.0544865002080798,0.0728542238086462,0.029432942168042
1776177757097256000,16.290255859375,-0.0222395965978503,0.0890425575435161,0.0598731616824865
1776177757107188000,16.30018798828125,-0.0384390362486243,0.1009685576587915,0.0218417198540642
1776177757117120000,16.3101201171875,-0.0394116806730628,0.1260930620431899,0.0481796186162158
1776177757127050800,16.32005078125,0.0228103822231292,0.1568704776227474,0.047115021592006
1776177757136983000,16.329983154296876,0.0330921222627162,0.1486696355104446,0.0765162534475326
1776177757146914000,16.3399140625,0.0324793971918523,0.1391793381094932,0.0965487319225445
1776177757156845800,16.349845703125,0.0159095167934894,0.119589671498537,0.1194465367008
1776177757166777900,16.35977783203125,-0.0366959919735789,0.0677571929305791,0.1126101148094981
1776177757176708900,16.369708984375,-0.1188153261251747,0.0043920974791049,0.0622979776766151
1776177757186641000,16.379640869140626,-0.138403969822824,-0.0350853419065475,0.0453139269867911
1776177757196572000,16.389572021484376,-0.0887254544183611,-0.0844172358304262,0.0129398533329367
1776177757206504000,16.39950390625,-0.0114450847305357,-0.1213555121272802,-0.0255951541034504
1776177757216436000,16.40943603515625,0.01955912534222,-0.1461298878997564,-0.0485512284075841
1776177757226367000,16.419366943359375,-0.0569862080693244,-0.1525239728510379,-0.0650435135250911
1776177757236298800,16.429298828125,-0.1500049757674336,-0.0715261900752782,-0.0562015604976564
1776177757246229800,16.439229736328127,-0.1687865408658981,0.0561275454133749,-0.0773462745308876
1776177757256162000,16.449162109375,-0.14196882269755,0.1228717619091272,-0.0564199524886906
1776177757266094000,16.459093994140623,-0.0226060918226838,0.1206646072536706,-0.0693724826401099
1776177757276024800,16.46902490234375,0.1414893686175346,0.0856716198056936,-0.0362474079558625
1776177757285956900,16.478956787109375,0.2827615873530507,0.0575116932481527,-0.0364072016274556
1776177757295888000,16.488887939453125,0.2799459454104304,-0.0059200376987457,-0.0887116816213354
1776177757305820000,16.49881982421875,0.1563318407014012,-0.0279980139940977,-0.049342415317893
1776177757315751000,16.5087509765625,-0.0801160315051674,-0.056250295010209,-0.0297241436669602
1776177757325683000,16.518682861328124,-0.2246026822425424,-0.0912105492323637,-0.0560834140107035
1776177757335615000,16.528614990234374,-0.2573524208083749,-0.1052080949246883,-0.0751809131905436
1776177757345546000,16.5385458984375,-0.2182034827247262,-0.1184153670221567,-0.0844322507364675
1776177757355477800,16.548477783203126,-0.1165633094146847,-0.1082283195286989,-0.118659477976337
1776177757365409000,16.558408935546876,-0.0289735810279846,-0.050282326516509,-0.1482048675429076
1776177757375341000,16.568341064453126,0.0798717013552784,-0.0279722950309515,-0.1460997850224375
1776177757385273000,16.578273193359376,0.1037163950622081,-0.014351181435585,-0.1089329241340979
1776177757395203800,16.588203857421874,0.0931014775454998,0.0146042794138193,-0.0917920023821294
1776177757405136000,16.598135986328124,0.0466598982356488,0.0527659600257873,-0.0344354266304522
1776177757415067000,16.60806689453125,-0.0314461086213588,0.0710801998734474,-0.04152549448926
1776177757424999000,16.6179990234375,-0.0774222623765468,0.066714990401268,-0.0310555018685758
1776177757434930700,16.6279306640625,-0.0867462632998824,0.0570534280866384,-0.0356611325005069
1776177757444862000,16.637862060546876,-0.0258066414296627,0.0258908125817775,-0.0449936820564791
1776177757454794000,16.6477939453125,0.0221830441050231,-0.0202957690536975,-0.0179744134340435
1776177757464725000,16.65772509765625,0.0605146744564175,-0.0403080449908971,-0.036800694457069
1776177757474656800,16.66765673828125,0.0561877511680126,-0.0210375273317098,-0.045609147073701
1776177757484588800,16.6775888671875,-0.0247768599905073,-0.0266202959001064,-0.056731685318984
1776177757494520000,16.68752001953125,-0.1141778755828738,-0.0182096104294061,-0.0413815925065428
1776177757504452000,16.6974521484375,-0.2056473680123686,0.0143079268157482,-0.0317113719614222
1776177757514382800,16.7073828125,-0.2022223619997501,0.056052726611495,-0.0143562229368835
1776177757524315000,16.71731494140625,-0.1695934733346104,0.0613625234574079,-0.0038047625778242
1776177757534247000,16.727246826171875,-0.0600245528519153,0.0531026446342468,0.0097801837256178
1776177757544178000,16.737177978515625,0.0044737844131886,0.0367278484165668,0.0042963454870507
1776177757554109700,16.747109619140623,0.0543370087347924,0.0014338321954011,-0.0024330358332023
1776177757564041000,16.757041015625,0.117480424259603,0.0330512057304382,0.0068291884329169
1776177757573973000,16.766972900390623,0.2015069072067737,0.0330266558110713,0.0135397919874638
1776177757583904000,16.776904052734373,0.2775448756180703,0.0127449152827262,0.036572292528674
1776177757593835800,16.786835693359375,0.2949333789229393,-0.0064344169616699,-0.0035766894429922
1776177757603767800,16.796767822265625,0.2052165753796696,-0.0264770880371332,-0.0262204098623245
1776177757613699000,16.806698974609375,0.0765244367539882,-0.0355640653342008,-0.0460993417434394
1776177757623631000,16.816631103515626,-0.0333691856384277,-0.0518488451808691,-0.0376836878366768
1776177757633561900,16.826561767578124,-0.119530050265789,-0.0270271231353282,-0.0288221533259376
1776177757643494000,16.836493896484374,-0.192343649803102,-0.024722353324294,-0.0487767077265307
1776177757653426000,16.846426025390624,-0.2231830247029662,-0.0116278939515352,-0.0022313027160242
1776177757663357000,16.85635693359375,-0.236112502772361,-0.0366126976042985,0.0097285631362348
1776177757673288700,16.866288818359376,-0.162279643189907,-0.0006985036581754,0.0112156598888337
1776177757683220000,16.876219970703126,-0.0882391322061419,0.0367658423393964,0.000600961567834
1776177757693152000,16.886152099609376,-0.0004345920249819,0.054674423995614,0.0076916504811495
1776177757703084000,16.896083984375,0.084769994790852,0.0779132607638835,-0.0217873958509415
1776177757713014800,16.906014892578124,0.0956371335029602,0.1111702181994915,0.0066870034832507
1776177757722946800,16.91594677734375,0.1541641412734985,0.1472024855673313,0.0057464712301269
1776177757732878000,16.925878173828124,0.1587187358379364,0.1636462553679943,-0.0383882193768396
1776177757742810000,16.93581005859375,0.1177213934086263,0.1404664553105831,-0.0029310850158333
1776177757752740900,16.945740966796876,0.1184168283268809,0.1074725327253341,0.0150585625199601
1776177757762673000,16.9556728515625,0.0471964893303811,0.0521551346510648,0.0254417536400258
1776177757772605000,16.96560498046875,-0.0185236448146402,0.0487426958590745,0.0541021770656108
1776177757782535700,16.97553564453125,-0.0186298816680908,0.0443435841172933,0.094876707057096
1776177757792467700,16.9854677734375,0.0168213709414005,0.0465367102473974,0.0420742144132033
1776177757802399000,16.99539892578125,0.0742731506958603,0.0674175857126712,0.0099855701046064
1776177757812331000,17.0053310546875,0.1292868896484375,0.075814242658019,-0.0067591188713908
1776177757822263000,17.015262939453127,0.1752083906069398,0.0531330397725105,-0.025781799249351
1776177757832193800,17.02519384765625,0.1813552227988839,0.0696510438531637,0.0118304307863116
1776177757842125800,17.035125732421875,0.0359437123015522,0.0875111101925373,0.0124178752854466
1776177757852057000,17.04505712890625,-0.1358592537760734,0.0747498282968997,0.0571165199181064
1776177757861988600,17.054988525390623,-0.2596015149094164,0.1068599537849426,0.049226314657554
1776177757871920600,17.064920654296873,-0.2720765272095799,0.0990817209988832,0.0280194951735436
1776177757881851600,17.0748515625,-0.1783911122962832,0.0628922172427177,0.0237039700619876
1776177757891783700,17.08478369140625,-0.1569242536365985,-0.0167541509240865,0.0052195978118106
1776177757901714700,17.094714599609375,-0.1573101842142641,-0.0465419709444046,-0.0157796068035066
1776177757911646700,17.104646728515625,-0.12803732797876,-0.0195557643413543,-0.0228709898365661
1776177757921578800,17.114578857421876,-0.077825728610903,0.0216910228043794,-0.0025908202107995
1776177757931509800,17.124509765625,-0.0434185782268643,0.0152215345293283,-0.0189267091901972
1776177757941441800,17.13444189453125,0.1010249640211462,0.0142371996670961,-0.0173207718309015
1776177757951372500,17.14437255859375,0.1738107987686991,0.0293728094786405,-0.0301323956742882
1776177757961304600,17.1543046875,0.1930889152124524,0.0102209497630596,-0.0491824024505913
1776177757971236600,17.164236572265626,0.2241863565266132,-0.0081266078323125,-0.0306922580467537
1776177757981167600,17.174167724609376,0.1143674068056046,-0.0119862058699131,-0.0376563614383339
1776177757991099600,17.184099609375,0.0056920741617679,0.0115460608869791,-0.011078187646903
1776177758001030700,17.19403076171875,-0.0711360217139124,0.0455231492906808,0.0197699550813063
1776177758010962700,17.203962646484374,-0.1997249922260641,0.0078103814899921,-0.0268527894817292
1776177758020893700,17.213893798828124,-0.296604819266498,-0.013442834419012,-0.0528945183089002
1776177758030825700,17.22382568359375,-0.3256944278895854,-0.0030997195810079,-0.0632223259799182
1776177758040757800,17.2337578125,-0.242538298036158,0.0170920045763254,-0.0604939239293336
1776177758050688800,17.243688720703126,-0.1555719622448086,-0.0078378540188074,-0.064038428135775
1776177758060620500,17.25362060546875,-0.1178431200921535,-0.0047311201751232,-0.0463334062276408
1776177758070551600,17.263551513671874,-0.0763164930917322,0.0127981067746877,-0.0103561569826677
1776177758080483600,17.273483642578125,-0.0447699928358197,0.0192839616626501,-0.0337334889061749
1776177758090415600,17.28341552734375,0.0143242934286594,0.0482815080881118,-0.0168945457754656
1776177758100346600,17.2933466796875,0.1453016203820705,0.0663689534425735,-0.0040075551409274
1776177758110278700,17.303278564453127,0.2405821955323219,0.0481423918783664,-0.0246095771322026
1776177758120209700,17.313209716796877,0.3016813918784261,0.0191956988573074,-0.0264626576529815
1776177758130141700,17.3231416015625,0.2862402232490479,-0.0158113171160221,-0.0256043968558311
1776177758140073700,17.33307373046875,0.1582544793270528,-0.0122410574138164,-0.0273335587359964
1776177758150004700,17.343004638671875,0.0332882293567061,-0.0003261632144451,-0.0332768311798572
1776177758159936800,17.352936767578125,-0.0616730507113039,0.0068973582983016,0.0075468717155978
1776177758169867800,17.36286767578125,-0.1235574060857296,-2.57189631462e-05,-0.0009268325213342
1776177758179799600,17.372799560546873,-0.1359516082346439,0.0108235918313264,-0.0236612999640405
1776177758189730600,17.38273046875,-0.1631876979455351,0.0214841020554304,-0.0386556016087532
1776177758199662600,17.39266259765625,-0.1613560986042022,-0.0028594810843467,-0.0532143613804131
1776177758209594600,17.4025947265625,-0.1397545076489448,0.0212865336567163,-0.0598449585013091
1776177758219525600,17.412525634765625,-0.1051484736919403,0.0300485167831182,-0.0439017586339265
1776177758229457700,17.422457763671876,-0.0601028787851333,0.0073579615473747,-0.0177088943656533
1776177758239388700,17.432388671875,-0.0942436333179473,-0.0225064308404922,-0.0266933976689353
1776177758249320700,17.44232080078125,-0.0610793226018548,-0.0045054947257041,-0.0122482178069651
1776177758259252500,17.45225244140625,-0.0661319298163056,0.0005365910947322,-0.0069454717563465
1776177758269183700,17.462183837890624,-0.0799674168147146,-0.0018546879559755,-0.0050496480723842
1776177758279115800,17.47211572265625,-0.0307004048205912,0.0215747029483318,0.0010844707684591
1776177758289046800,17.482046875,0.0130263625726103,0.019828736063838,0.0049079015141353
1776177758298978600,17.491978515625,0.0368868383705616,0.0250368261009454,-0.0282580897023901
1776177758308910600,17.50191064453125,0.0246153858184814,-0.0134048404961824,-0.0006204699859023
1776177758318841600,17.511841552734374,0.0731762953698635,-0.0003846154034137,-0.0122898649916052
1776177758328773600,17.521773681640624,0.0955564694821834,-0.0308212547212839,0.0156663922199979
1776177758338704600,17.53170458984375,0.0092085578501224,-0.0656453153431415,-0.0153800495592877
1776177758348636700,17.54163671875,-0.0114965226568281,-0.0368184493094682,0.0070191580470651
1776177758358568700,17.551568603515626,0.0007550561510026,-0.0265630127549171,-0.0091888667689636
1776177758368499700,17.561499755859376,-0.0014230185404419,-0.0188724582523107,-0.0413621571537107
1776177758378431500,17.571431396484375,0.0315032456360757,0.0237777659505605,-0.0454471979776397
1776177758388362800,17.58136279296875,0.0433105878077447,0.0346481195330619,-0.0043452261300757
1776177758398294800,17.591294677734375,-0.0667361793197691,0.0351186596542596,-0.0204277248702943
1776177758408226800,17.601226806640625,-0.14155848833099,0.0599631780534982,-0.0269840877112001
1776177758418157600,17.611157470703127,-0.1488636967778205,0.0499842203527688,-0.0015224237943068
1776177758428089600,17.621089599609373,-0.0825358059979975,0.0215635970324277,-0.0054489861208945
1776177758438020600,17.6310205078125,0.013005465915054,0.0051122284471988,-0.000328209041059
1776177758447952600,17.64095263671875,0.0710997813567519,-0.0495785621613264,0.0053584582932293
1776177758457883600,17.650883544921875,0.0881480929218232,-0.0179091661781072,0.0315265169138088
1776177758467815700,17.660815673828125,0.1459279355868697,-0.0031727848172187,0.0097087259246036
1776177758477747700,17.670747802734375,0.1641024747028946,0.0101841248840093,-0.0024210896670818
1776177758487678700,17.6806787109375,0.1282075699791312,0.0366705652713775,0.0107850133866071
1776177758497610500,17.690610595703124,0.0386661230027675,0.0520493361890316,0.0025103753857314
1776177758507541800,17.700541748046874,-0.0290370016530156,0.0736012427836656,0.0060906815579161
1776177758517473800,17.710473876953124,-0.1053181311704218,0.0811900904774665,0.0113298608530312
1776177758527405800,17.72040576171875,-0.1371009244002402,0.0444827003270387,0.0099936438132077
1776177758537336600,17.730336669921876,-0.1620470034778118,0.009755670338869,-0.0103649978762492
1776177758547268600,17.7402685546875,-0.170561295453459,-0.0099848029196262,-0.0050798605475574
1776177758557199600,17.75019970703125,-0.066782941070944,0.0130588035374879,-0.0181926227619871
1776177758567131600,17.760131591796874,0.0542854246780276,-0.0095049104481935,0.0091298665907233
1776177758577063700,17.770063720703124,0.0709255938336253,-0.0405512060970068,0.0008403963468968
1776177758586994700,17.77999462890625,0.0562628622308373,-0.0236339735656976,0.0249494035458192
1776177758596926700,17.7899267578125,0.0213879482045769,0.0455430230349302,0.0195766975315287
1776177758606857700,17.799857666015626,0.036029929280281,0.0606949994593858,0.0293429988622665
1776177758616789500,17.80978955078125,-0.0114684656061232,0.0779798962593078,0.0002870367804542
1776177758626720800,17.819720703125,-0.0451484707593917,0.0942202524423599,-0.0132609385134652
1776177758636652800,17.82965283203125,-0.0869908857107162,0.1069809498161077,-0.0183909583456814
1776177758646584800,17.839584716796875,-0.0924979586943983,0.0710024584621191,-0.0122463546434417
1776177758656515600,17.849515625,-0.067319093774259,0.0441729037255048,-0.0053697468722239
1776177758666447600,17.859447509765626,-0.0328486688956618,-0.0110801969408988,0.0092126495033502
1776177758676378600,17.869378662109376,-0.0484513116970658,-0.0744417852610349,0.0484729390069842
1776177758686310700,17.879310546875,-0.0434168246611952,-0.0996674119323492,0.0499599261617288
1776177758696242700,17.88924267578125,0.03117342915982,-0.1108645132511854,0.0185553551271557
1776177758706173700,17.899173583984375,0.1108729888185858,-0.0978080478012561,-0.0031814430477097
1776177758716105700,17.909105712890625,0.0931304113790392,-0.1097398931354284,-0.0372260802622884
1776177758726036500,17.919036376953127,0.062244566988945,-0.100277652785182,-0.0715052568851038
1776177758735968500,17.928968505859373,0.0335945188269019,-0.0337315892100334,-0.0861915885591879
1776177758745900500,17.938900634765623,0.0270374983988702,0.023664953225851,-0.0709044779803603
1776177758755831800,17.948831787109373,0.0015254560016095,0.0714811818897724,-0.044460963419266
1776177758765763800,17.958763916015624,-0.0347965880930423,0.0836620335489511,-0.0183683446550741
1776177758775694600,17.968694580078125,-0.0091655954912304,0.134692548084259,-0.0046868791745975
1776177758785626600,17.978626708984375,-0.0109551092565059,0.1394640002697706,0.0254928262401372
1776177758795558700,17.98855859375,-0.0546320461586117,0.0931488238185644,0.0004061331154778
1776177758805489700,17.99848974609375,-0.0591422170594334,0.0594137274771928,-0.0342475759081542
1776177758815421700,18.008421630859374,-0.0352405324682593,0.0181248547554016,-0.0324461159767583
1776177758825352700,18.018352783203124,0.0108639238417148,-0.005009352594614,-0.042401985062845
1776177758835284700,18.02828466796875,0.0086102996960282,-0.0049888943284749,-0.0415470487339422
1776177758845215500,18.03821557617188,-0.0204679107502102,-0.0399199224561452,-0.0380370313189923
1776177758855147500,18.0481474609375,-0.0560626634836196,-0.0443611197739839,-0.0197541364576667
1776177758865079800,18.058079833984376,-0.0669230801939964,-0.0417243415296077,-0.0108392277918756
1776177758875010800,18.0680107421875,-0.0332348917342722,-0.0350029243201017,-0.0178021256070584
1776177758884942800,18.07794287109375,-0.0600257218956947,-0.0295130947321653,-0.0374968600276857
1776177758894873900,18.08787377929687,-0.078747958022356,-0.0042529812693595,-0.0038298239538446
1776177758904806000,18.097805908203124,-0.0026719956882297,0.0204214412599802,-0.0066401321342214
1776177758914737700,18.107737548828126,0.07819967648983,0.0416109442830085,0.0039175753025338
1776177758924668700,18.11766870117188,0.1176126723371446,0.0303314253777265,-0.0056044689435511
1776177758934600700,18.1276005859375,0.1285144439712166,0.0452186133861541,0.0055294674785807
1776177758944531700,18.13753173828125,0.1097830016247928,0.0059545244902372,0.0083025854537263
1776177758954463700,18.147463623046875,0.0698527039051055,-0.019664485412836,-0.0070193041775375
1776177758964395800,18.157395751953125,0.0367100204989314,-0.0144938047766685,-0.0258943562457337
1776177758974326800,18.167326904296875,-0.0545098810836672,-0.0361941799312829,-0.0487733832582831
1776177758984258800,18.1772587890625,-0.1488295022472739,-0.0586783989399671,-0.0531984696915373
1776177758994189800,18.18718994140625,-0.1870180708661675,-0.0281084886312484,-0.0125888114055618
1776177759004121900,18.19712182617188,-0.1665606815099716,-0.0025999533653259,-0.0402630368053913
1776177759014054000,18.207053955078123,-0.1320261053539812,0.0004985971719026,-0.0381358885835856
1776177759023984600,18.216984619140625,-0.067143006554991,0.0309551102340221,-0.0291897445293143
1776177759033916700,18.226916748046875,0.0352761883035302,0.0699257691413164,-0.0032371552903205
1776177759043847700,18.23684765625,0.1322724813304841,0.0713093324542045,0.0176885456973686
1776177759053780000,18.246780029296875,0.1908966658651828,0.0701309363245964,-0.0104149744978174
1776177759063710700,18.256710693359373,0.2113559549175202,0.0854553467065095,0.0060339829346165
1776177759073642800,18.266642822265624,0.084914517828077,0.0734574503988027,-0.0088758187644183
1776177759083574800,18.27657470703125,-0.0888065568305551,0.0550917726248502,-0.0289760287133976
1776177759093505800,18.286505859375,-0.249091957463324,0.0451864646822214,-0.017865765427798
1776177759103437800,18.296437744140626,-0.3415551371052861,0.0464554617047309,0.0102292791999876
1776177759113368800,18.306368896484376,-0.301143485609442,0.0070294602453708,0.0278580210015177
1776177759123300900,18.31630078125,-0.2390415419615805,-0.0630798487693071,-0.0063677814662456
1776177759133233000,18.32623291015625,-0.0932946620300412,-0.0799421362429857,-0.0238666863430291
1776177759143163600,18.33616357421875,0.1310065530478954,-0.0517523990690708,-0.0124011068137362
1776177759153095700,18.346095703125,0.207016464408487,-0.0473474421083927,-0.0431387383721768
1776177759163026700,18.35602661132813,0.2415675533078611,-0.0066489364951848,-0.0231712148921564
1776177759172959000,18.365958984375,0.2247907521605491,0.0148147072941064,-0.0145708155356347
1776177759182889700,18.3758896484375,0.1371370186269283,0.0488379729270935,-0.0464068367900326
1776177759192821800,18.38582177734375,0.0668503072187304,0.0549742837250232,-0.0541973445357754
1776177759202753800,18.39575390625,0.027237404885143,0.0786252084255218,-0.0185610176829621
1776177759212684800,18.405684814453124,-0.005045739082247,0.0800584560990333,-0.0062805050415918
1776177759222616600,18.415616455078126,-0.0248576701417565,0.070588616964221,0.0279825972292572
1776177759232547800,18.4255478515625,-0.0784706023856997,0.0363870721548795,0.0126915045950561
1776177759242479900,18.43547998046875,-0.0909364084661006,0.0384410820752382,0.0169322474373504
1776177759252412000,18.445411865234377,-0.0591603372380137,0.0263946704506874,0.0224482343798503
1776177759262342700,18.4553427734375,-0.0092293083772063,-0.0033148236364126,-0.0263430863939225
1776177759272274700,18.465274658203125,-0.0171451960682868,-0.0243424140959978,-0.0438281454084441
1776177759282205700,18.475205810546875,-0.0283354292549192,0.0015489830076694,-0.0713169677713885
1776177759292138000,18.485137939453125,-0.0553507158219814,-0.0054547582745552,-0.0869726559342816
1776177759302070000,18.49507006835937,-0.0558285624668002,0.0256663561761379,-0.0396702585440129
1776177759312000800,18.50500073242188,0.0184419578805565,0.0241319862157106,-0.0437676839254796
1776177759321932800,18.514932861328123,0.022963819219172,0.0169932203769683,-0.026483627375774
1776177759331863800,18.52486376953125,0.0711658323302865,0.0200163675904273,0.0013834537150338
1776177759341795600,18.534795654296875,0.054961716504395,0.0174240130096673,0.0291221957184374
1776177759351727600,18.5447275390625,-0.0073027242287993,0.0135433721840381,0.0338833457056432
1776177759361659000,18.554658935546875,-0.0119753922149538,0.0347889893084764,0.0200830030858516
1776177759371591000,18.5645908203125,-0.0628267507910728,0.0211029937833547,0.0225747103037312
1776177759381521700,18.574521728515624,-0.0690486940458416,0.0026291794598102,-0.0096836280159652
1776177759391453700,18.58445361328125,-0.0651753597438335,-0.0248848504096269,-0.0212179253999143
1776177759401384700,18.594384765625,-0.069346507948637,-0.0222048175454139,-0.0479185930598527
1776177759411317000,18.60431689453125,-0.1448643980085849,-0.0393324779570102,-0.0518144314546138
1776177759421248800,18.61424877929688,-0.1933820529401302,-0.016160276684165,-0.0655951560584828
1776177759431179800,18.6241796875,-0.2167829484023153,0.0337310046881437,-0.012700126292929
1776177759441111800,18.63411181640625,-0.1259504387021064,0.0296773453831672,-0.0168937785904854
1776177759451042800,18.64404272460937,-0.011453852558881,0.0154641111135482,-0.0524684383839368
1776177759460974600,18.653974609375,0.1387793790064752,-0.0239151285946369,-0.0898873012719675
1776177759470906600,18.66390673828125,0.258970961920917,0.0057902738392353,-0.0858957474177703
1776177759480838000,18.673837890625,0.3178457602158188,0.0217921450912952,-0.0472686047185212
1776177759490770000,18.68377001953125,0.3275191590987146,0.0228512987554073,-0.0118352165592834
1776177759500700700,18.69370068359375,0.2498740477517247,0.046436757004261,0.0318556027377024
1776177759510632700,18.7036328125,0.1318310211732983,0.076008303925395,0.048889118592441
1776177759520564700,18.713564697265625,-0.05783376480937,0.0498199697017669,0.0360889659911394
1776177759530496000,18.72349609375,-0.1848784284889698,0.0446434438467025,0.0073519336653873
1776177759540427800,18.733427734375,-0.1872702920615672,0.0331873993307352,0.0070121072517707
1776177759550358800,18.74335888671875,-0.1321722358264029,0.0323234759777784,-0.0158037183314561
1776177759560290800,18.753290771484377,-0.0267991595983505,0.0109013332426548,-0.0214440257733687
1776177759570222800,18.763222900390623,0.0276829566955566,-0.0363923328518867,-0.0252956962328404
1776177759580153600,18.773153564453125,0.0571253242790699,-0.0195604405164718,-0.0491453218432143
1776177759590085600,18.78308569335937,0.0211526781439781,0.0136614456057548,-0.0674003057843074
1776177759600017000,18.793016845703125,-0.0528127217769622,0.0326999080747365,-0.0451852225732058
1776177759609949000,18.80294897460937,-0.0740589234232902,0.0470680406451225,-0.0429300640575587
1776177759619879700,18.81287963867188,-0.0679847180761396,0.0122714525520801,-0.0354531523056328
1776177759629811700,18.822811767578123,-0.0870541602052748,0.0065051441103219,-0.0538885708475485
1776177759639743700,18.83274365234375,-0.0733364543676376,0.011534954971075,-0.0201852213513106
1776177759649675000,18.842675048828124,-0.0488674912825226,0.0244113876789808,-0.0017942995382472
1776177759659606800,18.852606689453125,-0.0859013369083404,0.0076472998827695,-0.0327244945267215
1776177759669537800,18.862537841796875,-0.0744201579511165,0.0413549236953258,-0.0059616848833858
1776177759679469800,18.8724697265625,0.0148373575173318,0.0694067137032747,-0.0143269968423992
1776177759689401900,18.88240185546875,0.0924057503663003,0.0661819064378738,-0.0064375222342088
1776177759699332600,18.89233251953125,0.1249624505780637,0.0215840552985668,-0.0363008917087689
1776177759709264600,18.9022646484375,0.1064779687300324,0.0243757318437099,-0.0415512865176424
1776177759719196000,18.91219580078125,0.0906497004792094,0.0521615643918514,-0.0585447626229375
1776177759729128000,18.9221279296875,0.0355354237616062,0.0681599285125732,-0.0626548648228868
1776177759739059700,18.93205981445313,0.015550328092277,0.0360042103171348,-0.0355683396505191
1776177759748990700,18.94199072265625,0.0023154373355209,0.0319014511734247,-0.0393342680552974
1776177759758922800,18.9519228515625,0.0727937257930636,0.0232142868489027,0.0053025999201461
1776177759768854000,18.96185400390625,0.1363353468552231,-0.0032236382216215,0.0210688723180443
1776177759778785800,18.97178588867187,0.1615031058594584,-0.0570481673896312,0.0200557862853631
1776177759788716800,18.981716796875,0.1441170867726206,-0.0822550893604755,-0.0069784972431138
1776177759798648800,18.99164892578125,0.0686985654339194,-0.0754331343859434,-0.0183404337348416
1776177759808580900,19.00158081054688,-0.0047756899692118,-0.0715793815672397,-0.0289587487850338
1776177759818511600,19.01151171875,-0.0982432243481278,-0.0375076006174087,-0.0548120789006352
1776177759828443600,19.021443603515625,-0.1722026329196989,-0.0205740014731884,-0.0549007800973951
1776177759838375000,19.031375,-0.1840937078520655,-0.030904841351509,-0.052204745946452
1776177759848307000,19.041306884765625,-0.1640212261602282,-0.0021247370690107,-0.0290455137530341
1776177759858238700,19.05123876953125,-0.1451516905173659,0.033396658167243,-0.0087382369246333
1776177759868170000,19.061169921875,-0.1680477051973342,0.0884603737413883,-0.0145484941059723
1776177759878102000,19.07110205078125,-0.1459457635045051,0.1032517001599073,-0.0238819935100153
1776177759888033000,19.081032958984373,-0.0249482710346579,0.118511813133955,-0.0487833201304078
1776177759897965000,19.090965087890623,0.0629774113081395,0.0838905816078185,-0.0387839772287756
1776177759907897000,19.10089697265625,0.100270054000616,0.0501782816201448,-0.0503179823517799
1776177759917827800,19.11082788085937,0.1225306933864951,0.0389291578531265,-0.0179299532378092
1776177759927760000,19.120759765625,0.1419184076845646,0.0212491242557764,-0.0252429431322962
1776177759937691000,19.13069091796875,0.2034811298891901,0.0111392336517572,-0.0496521388541907
1776177759947623000,19.140622802734377,0.2393964928790926,-0.0010644143611192,-0.0395870372399687
1776177759957554000,19.150553955078124,0.1415723707258701,-0.040901334708929,-0.0266462340589612
1776177759967486000,19.16048583984375,0.0026060908451676,-0.0411994408726692,-0.0444106580041348
1776177759977418000,19.17041796875,-0.1587967695102095,-0.0213099145323038,-0.0115187344886362
1776177759987349000,19.18034887695313,-0.273532863497734,-0.0065688569962978,-0.0149476129587739
1776177759997280800,19.19028076171875,-0.3277469765052199,0.0126531453460454,-0.0078937123918905
1776177760007212000,19.2002119140625,-0.2781542396880686,0.0132709849834442,-0.0031064415827393
1776177760017144000,19.21014404296875,-0.1261371934458613,0.0212502932995557,-0.0273304899960756
1776177760027076000,19.220076171875,8.50479349493e-05,0.0043482583373785,-0.0356286550030112
1776177760037006800,19.2300068359375,0.0514072388932108,-0.0045686230897903,-0.0444211428655311
1776177760046939000,19.23993896484375,0.1512250190816819,0.0364168827712535,-0.0160153152555227
1776177760056870000,19.24986987304688,0.2238508409619331,0.0563023174583911,-0.0206810055116191
1776177760066802000,19.25980200195313,0.2575857911728322,0.0340694428622722,-0.0389876100420951
1776177760076734000,19.26973388671875,0.2515443190515041,0.0283726925253868,-0.0371466583505272
1776177760086665000,19.2796650390625,0.2394683890715241,0.0289630596339702,-0.021861739728786
1776177760096597000,19.289596923828125,0.1620122244253754,0.0251128139466047,-0.0546351879637688
1776177760106528000,19.299528076171875,0.0576209988415241,0.0078191493183374,-0.0092376378141343
1776177760116459800,19.30945971679688,-0.0745464146792888,0.0028255788147449,-0.0339108547670766
1776177760126391800,19.319391845703127,-0.2078989463314414,0.0042956513673067,-0.017623188843578
1776177760136323000,19.32932299804688,-0.2531958856508136,0.0028057050704956,-0.0155671696292236
1776177760146255000,19.339255126953127,-0.2314195226505398,0.0382476053297519,0.0065544631447643
1776177760156185900,19.349185791015625,-0.1998810595706105,0.0197381351709365,-0.0017599954098463
1776177760166118000,19.359117919921875,-0.1599536844603717,0.0112485392451286,-0.0016530644366517
1776177760176049000,19.369048828125,-0.0323158771932125,0.0216173730462789,-0.0165361973244696
1776177760185981000,19.37898095703125,0.0584974894151091,0.0415437242656946,-0.0139202792050316
1776177760195913000,19.38891284179688,0.107791681677103,0.0329898309320211,-0.0247763485338538
1776177760205844000,19.398843994140623,0.1813254121825099,0.0625274755835533,-0.0145363652767613
1776177760215776000,19.40877587890625,0.2424269466161727,0.0555804329246282,-0.0566578163651749
1776177760225707000,19.41870703125,0.2689925897195935,0.0182481888741254,-0.0949298620164394
1776177760235638800,19.428638671875,0.1827405396774411,0.0002326397120952,-0.0762337832443416
1776177760245570800,19.43857080078125,0.024596534987539,0.0063262804120779,-0.03885620221477
1776177760255502000,19.448502197265626,-0.0868752965070307,0.009069441640377,0.0063326005550101
1776177760265434000,19.45843408203125,-0.1791162117004394,-0.0227694656908512,-0.003762384740822
1776177760275364900,19.46836474609375,-0.2140308732151985,-0.0528828644037246,0.0282702550642192
1776177760285297000,19.478296875,-0.1815712036371231,-0.0677379037082195,-0.0032556773276999
1776177760295228000,19.48822778320313,-0.0996563060164451,-0.0525982022434473,-0.0528186035284772
1776177760305160000,19.498159912109376,0.009574760814011,-0.027029461222887,-0.0711622886663302
1776177760315092000,19.508092041015622,0.0914531258165836,-0.0201584064096212,-0.0364615621631965
1776177760325023000,19.51802294921875,0.1296982469283044,0.0249333657264709,0.0023689210884273
1776177760334955000,19.527955078125,0.2165057388961315,0.0640109921395778,0.0543383239090442
1776177760344886000,19.537885986328124,0.2883586767077445,0.0446586414158344,0.0428785530660301
1776177760354817800,19.54781787109375,0.3497127245977521,0.0282739083260297,0.0528422035997733
1776177760364749800,19.557749755859376,0.3299348419383168,-0.0218424139738082,0.0560557588187977
1776177760374681000,19.56768115234375,0.2386824993908405,-0.0629033231586217,0.0235575473286211
1776177760384613000,19.577613037109376,0.1428026431731879,-0.0818394942969083,-0.0364982774443924
1776177760394543900,19.5875439453125,-0.0186930100321769,-0.0607341624259948,-0.0784443354332819
1776177760404476000,19.597475830078125,-0.2447276247739791,-0.0258411282211542,-0.0798940958501771
1776177760414408000,19.60740795898437,-0.3451496544659138,0.00179039054811,-0.0462881423138082
1776177760424339000,19.6173388671875,-0.3490460773825645,0.0401356110334396,-0.0171079693304374
1776177760434271000,19.62727099609375,-0.2680363119080662,0.0489443559110164,0.0098323523042723
1776177760444202000,19.63720190429688,-0.1813854718066752,0.069984221330285,0.01040200541839
1776177760454134000,19.647134033203123,-0.062777943213284,0.0642576603770256,0.0072000675719231
1776177760464064800,19.657064697265625,0.0974058967411518,0.0959305634915828,0.0043244756029918
1776177760473996800,19.666996826171875,0.2107216025367379,0.089527710711956,-0.0440108815642073
1776177760483928800,19.6769287109375,0.215777424621582,0.0810492207020521,-0.0546957955772057
1776177760493860000,19.686860107421875,0.1648810578599572,0.0831125829726457,-0.0630428046945482
1776177760503792000,19.696792236328125,0.0938952582716941,0.098889997819066,-0.0565937746856361
1776177760513723000,19.706722900390623,0.0743827485501766,0.0716816728979349,-0.0494112062377855
1776177760523655000,19.71665502929688,0.0352593832992017,0.036352585363388,-0.0509801725875586
1776177760533587000,19.7265869140625,-0.0140448919653892,0.0238040694355964,-0.0598208469733595
1776177760543518000,19.73651806640625,-0.0268704712688922,0.0218202021420001,-0.0392245606031268
1776177760553450000,19.74644995117188,-0.0745605893351137,0.0189694888859987,-0.0616684841340407
1776177760563381000,19.756381103515626,-0.1208078151166439,0.0181996735572814,-0.0268687177032232
1776177760573313000,19.76631298828125,-0.1399964997112751,0.022812720310688,-0.0289856733245775
1776177760583245000,19.7762451171875,-0.0592901010975241,0.0225286426723003,-0.0232041673136875
1776177760593175800,19.78617578125,-0.0483256394907832,-0.0252940157324075,-0.0109813396763056
1776177760603107800,19.79610791015625,-0.051354631923139,-0.0367687649488449,-0.0133216191921383
1776177760613039000,19.8060390625,-0.0209571555718779,-0.0356003056913614,-0.0036305385220795
1776177760622971100,19.81597119140625,0.0249976631343364,0.0187052849918603,-0.0047220966184511
1776177760632902000,19.82590185546875,0.1077148170486092,0.0567243422627449,0.0015508827038109
1776177760642834000,19.835833984375,0.1940931238189339,0.0636480040460825,0.0116647918958216
1776177760652766000,19.845765869140624,0.1739350096702575,0.0432090271294116,-0.0375855977570638
1776177760662697000,19.85569702148437,0.1624623062804341,0.0814355896711349,-0.0282519887551665
1776177760672629000,19.86562890625,0.0985597429513931,0.0596890372872352,-0.000185768363066
1776177760682560000,19.87556005859375,0.0179217333987355,0.037574236112833,0.0039848683850839
1776177760692492000,19.885491943359376,-0.0888169320940971,0.0128799398392438,-0.0064881564429029
1776177760702424000,19.895424072265627,-0.205868609547615,-0.0219680861800909,-0.0009584332359954
1776177760712354800,19.905354736328125,-0.1944365304291248,-0.0320581030398607,0.0048125513808801
1776177760722286800,19.91528686523437,-0.1793324847996234,-0.0686760613411665,-0.0036356896212324
1776177760732218000,19.925218017578125,-0.1221042846679687,-0.0678857877463102,-0.0093945819415152
1776177760742150100,19.93515014648437,0.0075637132525444,-0.049997079834342,-0.0216876618035137
1776177760752082000,19.94508203125,0.0124564537301659,-0.0384071798056364,-0.0472244002506136
1776177760762013000,19.955012939453123,0.0352127676784992,0.0151724346905946,-0.0356118499986827
1776177760771945000,19.964945068359373,0.0400583080135285,0.0829816500693559,-0.0309657777585089
1776177760781876000,19.9748759765625,0.0750125708863139,0.0803840347915887,-0.0276007583048194
1776177760791808000,19.98480810546875,0.097384853953123,0.0714852735430002,-0.0295596007550135
1776177760801739000,19.994739013671875,-0.0014706570744514,0.0416302335053682,-0.0154296243220567
1776177760811671000,20.004671142578125,-0.0444189874410629,0.0222808053910732,-0.0314114391667768
1776177760821603000,20.01460302734375,-0.0790866884574294,0.0051712651580572,0.0313485665310174
1776177760831533800,20.02453393554688,-0.0375938175961375,-0.015634206983447,-0.0102281466888263
1776177760841465900,20.0344658203125,-0.0237207750663161,-0.054978375378251,-0.0264091739000752
1776177760851397000,20.04439721679688,-0.0691813805148005,-0.0922498291522264,0.0193238552816212
1776177760861328000,20.05432788085937,-0.0218327693626284,-0.0725192927658557,-0.0089778908994048
1776177760871259600,20.064259765625,-0.0245436357565224,-0.0276788650423288,0.0005054653041064
1776177760881190700,20.074190673828124,-0.0032312370061874,0.0037812721043825,-0.0060030032744631
1776177760891123000,20.084123046875,0.0045826516151428,0.0125070148736238,-0.0480124088231474
1776177760901053700,20.0940537109375,0.0108440500974655,0.0440437243878841,-0.0436388333814218
1776177760910985700,20.10398583984375,0.0245990192055702,0.0767535693347454,-0.0469717406637966
1776177760920916700,20.11391674804688,-0.0069146016940474,0.1105839427441358,-0.0964026745153591
1776177760930848800,20.12384887695313,-0.0077963529646396,0.1485211669504642,-0.0468196919072419
1776177760940780800,20.13378076171875,0.0056467737153172,0.1160533140659332,-0.0363870356222614
1776177760950711800,20.1437119140625,0.0373956646755337,0.0886374838739633,-0.0090721450541168
1776177760960643800,20.153643798828124,0.0511471266523003,0.0386824896156787,-0.0016308526048436
1776177760970574800,20.16357495117187,0.0013607669591903,0.0131920745283365,0.0161537738781422
1776177760980507000,20.1735068359375,-0.0631577363111078,0.0124643447756767,0.0162914287831634
1776177760990438700,20.183438720703126,-0.1251201253578066,0.0066267246633768,0.0223123695731163
1776177761000369700,20.19336962890625,-0.0344189869523048,-0.0097048169344663,-0.0039339784480631
1776177761010302000,20.203302001953126,0.0555284104764461,0.002732055312395,-0.0487710451707243
1776177761020232700,20.213232666015625,0.07579378439188,-0.0322983415365219,-0.0623318799462169
1776177761030164700,20.223164794921875,0.0685924747109413,-0.1208107377260923,-0.0752171900803223
1776177761040096800,20.2330966796875,0.0318742709055542,-0.1821720921397209,-0.0908994009239599
1776177761050027800,20.24302783203125,-0.1266156246125698,-0.1611462552458047,-0.0606529504159465
1776177761059959800,20.25295971679688,-0.2966670708477497,-0.112360889288783,-0.0689078608030453
1776177761069890800,20.262890869140627,-0.4497919322013854,-0.0617085604161024,-0.0500318223541602
1776177761079822800,20.27282275390625,-0.4955345694616436,0.0381400533020496,0.0356068815626204
1776177761089753900,20.28275390625,-0.4448481921888887,0.1708802982747554,0.0601388999465852
1776177761099685600,20.292685546875,-0.2549579268872737,0.224805949729681,0.0924178061302751
1776177761109617700,20.30261767578125,-0.015955109500885,0.2371031212449073,0.0909494140781462
1776177761119548700,20.312548583984373,0.2014101688340306,0.2780354356139898,0.0905188041085377
1776177761129481000,20.32248095703125,0.3937554260723293,0.2782739205449819,0.0675872431911528
1776177761139411700,20.33241162109375,0.4868240242615342,0.2286865905553102,0.0287703866060823
1776177761149343700,20.34234375,0.4515235782995819,0.1627232953041791,-0.0100622155373916
1776177761159275800,20.35227587890625,0.3098620679855347,0.1026490580916404,-0.0157552760798484
1776177761169206800,20.36220678710937,0.109874917691946,0.0827431651383638,-9.69941010698e-05
1776177761179138800,20.372138916015626,-0.0283656782627105,0.010361819538474,0.0059129869034513
1776177761189069800,20.38206982421875,-0.1461409938156604,-0.0327145211219787,-0.028972338918969
1776177761199001900,20.392001953125,-0.1806616875767707,-0.0792909788578748,-0.0546152411542832
1776177761208932900,20.401932861328124,-0.1864703738555312,-0.1670733072072267,-0.1110145527137443
1776177761218864600,20.41186474609375,-0.2200993794739246,-0.1911474257558584,-0.1370324257412925
1776177761228796700,20.421796630859376,-0.2176572470188141,-0.1809837591379881,-0.1114118814682588
1776177761238727700,20.43172778320313,-0.2688710091665387,-0.1493576177746057,-0.1064486695703119
1776177761248660000,20.441659912109376,-0.2997618219926953,-0.1181178453803062,-0.0771229141037911
1776177761258590700,20.4515908203125,-0.229179342508316,-0.0733791244655847,8.62169787287e-05
1776177761268522800,20.461522705078124,-0.153150580316782,-0.0338537542849779,0.0407449751034379
1776177761278454800,20.47145483398437,-0.0826581172034144,-0.0160188223868608,0.0619269524071365
1776177761288385800,20.4813857421875,0.0308197934165596,0.0561532643765211,0.0614812909988686
1776177761298317600,20.491317626953126,0.1568697469703853,0.1287292557656764,0.0510819889942184
1776177761308248800,20.50124877929688,0.2497396077170968,0.1776800414174795,0.013556487393938
1776177761318180900,20.511180908203126,0.3220256762489676,0.1708785447090864,-0.0135261287882924
1776177761328113000,20.52111279296875,0.3596618716821074,0.1526204189628362,-0.0285857142215594
1776177761338043600,20.531043701171875,0.2815092492043972,0.1270662909895181,-0.0495594556020572
1776177761347975700,20.5409755859375,0.1220782734438776,0.1184790799081325,-0.0648730888616293
1776177761357907000,20.550906982421875,-0.0669993603006005,0.1802010843276977,-0.0267960908584296
1776177761367839000,20.5608388671875,-0.1844727702975273,0.1805506284177303,0.0034371713744476
1776177761377769700,20.570769775390627,-0.1323446697838604,0.1218657997369766,0.0371743866076692
1776177761387701800,20.58070166015625,0.0886091345623135,0.0177519297897815,0.0269704245120286
1776177761397633800,20.5906337890625,0.2516179688096046,-0.114013332670927,-0.005543094145134
1776177761407564800,20.600564697265625,0.2291469015434384,-0.2229664593428373,0.0042823900269344
1776177761417496600,20.61049658203125,0.1026233391284942,-0.2247410677999257,-0.0015169073689728
1776177761427427800,20.620427734375,-0.1048176343023777,-0.1933481506705284,9.46925461292e-05
1776177761437359900,20.63035986328125,-0.2945744824826717,-0.1759901886343955,-0.0015983385747298
1776177761447292000,20.6402919921875,-0.4730258005335926,-0.1586959394842386,0.0146904598599299
1776177761457222700,20.65022265625,-0.4959400815226137,-0.1148000991344451,0.0116948217079043
1776177761467154700,20.66015478515625,-0.4087675556346773,-0.0640823038101196,0.0069168301837518
1776177761477086000,20.6700859375,-0.3132122551962733,-0.0511877509236335,0.0062588411990553
1776177761487018000,20.68001806640625,-0.2140432943053543,-0.0506879847079515,0.0120314332511276
1776177761496949800,20.68994970703125,-0.1479223242744803,-0.0343330622345209,0.0240684194602072
1776177761506880800,20.699880859375,-0.0846747177228331,-0.0177934308439493,0.0226183667823672
1776177761516812800,20.709812744140624,0.0034255905345082,0.0183960729122161,0.0376736413666978
1776177761526743800,20.71974389648437,0.1876771192967891,0.0161556005090475,0.007268675828725
1776177761536675600,20.729675537109376,0.2479179452478885,-0.0012812719821929,-0.0465554880131036
1776177761546606800,20.73960693359375,0.2111963804416358,0.002857142996788,-0.0357877910874784
1776177761556539000,20.749538818359376,0.1762488395705819,0.0494540589988231,-0.0302776493638753
1776177761566471000,20.759470947265623,0.1291227851279079,0.0519084664136171,-0.0186302835268899
1776177761576401700,20.769401611328124,0.0846875772044062,0.0584621258407831,0.0178563034797087
1776177761586333700,20.77933374023437,0.0319916136749088,0.1183855564057826,0.0377621964329853
1776177761596265000,20.789264892578124,-0.0361444955706596,0.1414730020046234,0.0538380097040906
1776177761606197000,20.79919702148437,-0.0698874829575419,0.1756792229890823,0.0427300845060497
1776177761616128800,20.809128662109377,-0.0276537306010723,0.1802402472943067,0.0567249633172526
1776177761626059800,20.819059814453126,0.0040716333530843,0.1260509764671325,0.0010423121271654
1776177761635991800,20.82899169921875,0.0464168832600116,0.0958650970399379,0.0043569531004875
1776177761645922800,20.8389228515625,0.1033855556726455,0.0824117412269115,0.009940708049573
1776177761655854600,20.8488544921875,0.0410419122233986,0.0514566309928894,-0.0223227448366582
1776177761665785900,20.858785888671875,-0.143057056325674,0.0421072033673524,-0.0604592910073697
1776177761675718000,20.8687177734375,-0.2306852170266211,0.0238753811061382,-0.0132783280396834
1776177761685650000,20.87864990234375,-0.1121150978341698,-0.0279331320643424,-0.0151718136360868
1776177761695580700,20.88858056640625,0.0971964917741715,-0.0942044703513383,-0.0239214487375691
1776177761705512700,20.8985126953125,0.1936623311862349,-0.1805184797137975,-0.03598868395444
1776177761715444000,20.90844384765625,0.1915733960829675,-0.2222410676777362,-0.0717155386349186
1776177761725376000,20.9183759765625,0.0663042176432907,-0.1872048256099224,-0.0673481006730347
1776177761735307800,20.928307861328125,-0.1322780342884361,-0.1259445934832096,-0.047911432666704
1776177761745238800,20.93823876953125,-0.2414028642654418,-0.0454623590141534,-0.0229030654752627
1776177761755170800,20.9481708984375,-0.264256501108408,0.027107787156105,0.0076146397221833
1776177761765101600,20.9581015625,-0.2141115372359752,0.0772486593753099,0.0226150788467377
1776177761775033600,20.96803369140625,-0.1203659165680408,0.1077940197646617,0.0144313705323263
1776177761784965600,20.97796557617188,-0.0506581740915775,0.0924374606788158,-0.0046810704883188
1776177761794897000,20.98789697265625,0.0621405220925807,0.0663368047386407,-0.0149800539236515
1776177761804829000,20.99782885742188,0.1421326349571347,0.0392938995122909,-0.0621941885085776
1776177761814759700,21.007759765625,0.1679873533122241,0.0284872588157653,-0.0663385217716917
1776177761824691700,21.017691650390624,0.1112087966442108,0.0430325015187263,-0.0859598256299272
1776177761834623000,21.027623046875,0.0430067825555801,0.0486725532323122,-0.0465671419182792
1776177761844555000,21.037554931640624,-0.0262622762426733,0.1256780515015125,-0.0093585607800632
1776177761854486800,21.04748681640625,-0.0414113300576806,0.1387076289445162,-0.0011408771308138
1776177761864418800,21.05741870117188,-0.0348167540982365,0.1464800165116787,0.0017851663837209
1776177761874350800,21.067350830078126,0.018292758668214,0.1882949589341878,0.0256872893663123
1776177761884281900,21.07728173828125,0.1199167114958167,0.186852943432331,0.0034001638323068
1776177761894214000,21.0872138671875,0.1626991837762296,0.1487725113630294,-0.0238109375678002
1776177761904145700,21.097145751953125,0.0967889338865876,0.0939338367164134,-0.0144601582353934
1776177761914077000,21.107076904296875,-0.0034822891578078,0.0926817908287048,-0.0573233676018193
1776177761924009000,21.117009033203125,-0.1064182013668119,0.0913560951828956,-0.0057816521413624
1776177761933940000,21.12693994140625,-0.1423395557060837,0.0389051924556493,-0.0120528048327192
1776177761943871700,21.13687182617188,-0.1474348330184817,-0.0431996747791767,-0.0263381179578602
1776177761953802800,21.146802734375,-0.0379363474234938,-0.1106295354515314,-0.0777844102198258
1776177761963734800,21.15673486328125,0.0391750954382121,-0.1536591143608093,-0.1211505276070907
1776177761973666800,21.166666748046875,0.0587852203153073,-0.1334878484696149,-0.1090330235077068
1776177761983597800,21.176597900390625,0.0072632690012454,-0.1391150407016277,-0.0621465865071862
1776177761993529900,21.18652978515625,-0.0785487821884453,-0.0995627825140953,-0.0165479608274996
1776177762003460900,21.1964609375,-0.1206286591574549,-0.0588385579377412,0.020495894735679
1776177762013393000,21.206392822265624,-0.1304369364663958,-0.029278701454401,0.0595849558582529
1776177762023324700,21.21632470703125,-0.0163885324820876,-0.0201215815305709,0.0475428185500204
1776177762033256000,21.226255859375,0.1217304829195141,-0.0096563016176223,0.0351689650693908
1776177762043188000,21.23618798828125,0.2360255551412701,-0.0480021066248416,-0.0164856361810117
1776177762053119000,21.246118896484376,0.282493437936157,-0.0510123943567275,-0.0401489819716662
1776177762063050800,21.25605078125,0.2166077379658818,-0.051435003682971,-0.055073323652707
1776177762072981800,21.265981689453124,0.1102583640515804,-0.0424807128548622,-0.0599724208058789
1776177762082913800,21.27591381835937,0.0034472178444266,-0.0316460151076316,-0.0681939403800293
1776177762092845800,21.285845703125,-0.063621846691519,0.0030488661766052,-0.0537492719747126
1776177762102776800,21.29577685546875,-0.1656290997482836,0.0339162981271743,-0.0608727671790868
1776177762112708900,21.305708984375,-0.2467968322634696,0.0783592509657144,-0.0325372648589313
1776177762122640000,21.31563989257813,-0.2884706126496195,0.1238590193808078,-0.0028972192788496
1776177762132572000,21.325572021484376,-0.3113096364453435,0.1582423504978418,0.0149428637184202
1776177762142503700,21.33550366210937,-0.2728492651477456,0.1511632058918476,0.0269666616523638
1776177762152435000,21.34543505859375,-0.1825283582314849,0.1311778179615736,0.0184208054946735
1776177762162367000,21.35536694335937,-0.0522528959371149,0.1051093107253313,-0.0231734433818608
1776177762172297700,21.36529760742188,0.0930643604055047,0.0979787281930446,-0.0326162483792752
1776177762182229800,21.375229736328127,0.1891524525463581,0.0808680189162492,-0.0436767907716333
1776177762192161800,21.385161865234377,0.2407154665231704,0.042163901990652,-0.0687153339056298
1776177762202092800,21.3950927734375,0.3157411891520023,0.033318332234025,-0.0840995847159996
1776177762212024800,21.40502490234375,0.2217325336337089,0.0032809213668107,-0.0701017832953482
1776177762221955800,21.414955810546875,0.1027659624695777,0.0045738837867975,-0.0322083251655101
1776177762231888000,21.424887939453125,-0.0088797642871737,0.0385205770522356,0.0036112492997199
1776177762241819000,21.43481884765625,-0.1002919735714793,0.0359153629899024,0.0304483662882819
1776177762251750700,21.44475073242188,-0.1387783560931682,0.01553542278409,0.0191326070258393
1776177762261682700,21.4546826171875,-0.0878872500285506,-0.0267155729681253,0.0187058329811319
1776177762271614000,21.46461401367188,0.0062508770883083,-0.0417114820480346,0.0027622312549501
1776177762281546000,21.4745458984375,0.0385242303140461,-0.047844870236516,-0.0030784210646525
1776177762291476700,21.484476806640625,0.0336588162347674,-0.0434311454474925,0.0123004594508558
1776177762301408800,21.49440869140625,0.0131131640732288,-0.0675637161850929,-0.0117842535570263
1776177762311339800,21.50433984375,0.018277853360027,-0.053070495930314,-0.0046571416234597
1776177762321271800,21.514271728515624,0.053076048888266,-0.0144055419713258,-0.0468422325326129
1776177762331203800,21.52420385742188,0.1259234045647084,-0.0112128834098577,-0.0693493574928492
1776177762341134800,21.534134765625,0.2112098244450986,-0.0204056591689586,-0.0860609844494611
1776177762351067000,21.54406689453125,0.2776727397814393,-0.0201858789384365,-0.0814443574994802
1776177762360998000,21.553997802734376,0.2288542022071778,-0.0681593439906835,-0.0371040978504344
1776177762370929700,21.5639296875,0.0881258810900151,-0.1393921040773391,-0.041557387464866
1776177762380861700,21.57386181640625,-0.1105951947905123,-0.1513742182940244,-0.0353896220827475
1776177762390793000,21.58379296875,-0.3129296388626098,-0.0590717821717262,-0.0267787378648295
1776177762400725000,21.59372509765625,-0.4449136586405336,0.0089741645723581,-0.0315387918734922
1776177762410655700,21.60365576171875,-0.5763794997632503,0.0130675713658332,-0.0240337865382432
1776177762420587800,21.613587890625,-0.5788005894303322,0.0370160177081823,-0.015035656568408
1776177762430519800,21.623519775390623,-0.4252328066147863,0.1029132619857788,0.0041102483304217
1776177762440450800,21.633450927734376,-0.1624292807936668,0.1283276892274618,0.0516546743156388
1776177762450382600,21.64338256835937,0.0594748100146651,0.1205704992294311,0.0355104719834402
1776177762460313900,21.65331396484375,0.1983376295208931,0.125811322492361,0.0364845046473667
1776177762470246000,21.66324584960937,0.3382299382053315,0.2087280906319618,0.032030484380573
1776177762480177000,21.673177001953125,0.3767297647304832,0.2080886236846446,0.0250482242777943
1776177762490108700,21.683108642578127,0.403884605898708,0.1561187824726104,-0.0185165574867278
1776177762500040700,21.693040771484377,0.4637232807897031,0.1591360844671726,-0.0568099016543477
1776177762509972000,21.702971923828127,0.4463490982711315,0.1146937161505222,-0.0915538827773183
1776177762519904000,21.712904052734373,0.3745838387429714,0.0780213973134756,-0.1168426378127187
1776177762529834800,21.722834716796875,0.2405310498669743,0.0336485871016979,-0.086803327249363
1776177762539766800,21.732766845703125,0.0415609676614403,-0.0252232885837554,-0.0028366481980308
1776177762549698800,21.74269873046875,-0.092626407379657,-0.0740484020292758,0.0089752970835193
1776177762559629800,21.7526298828125,-0.1520852891728281,-0.0805845257997512,0.0419581502854824
1776177762569561600,21.7625615234375,-0.1907648561790585,-0.1368015030622482,0.0609080576881766
1776177762579492900,21.77249291992188,-0.1669327296927571,-0.2192564989089965,0.0360073521222919
1776177762589425000,21.7824248046875,-0.2373006896436214,-0.22363281429708,-0.0235357008229941
1776177762599356000,21.79235595703125,-0.3054895519897341,-0.1550520300239324,-0.0420681134659796
1776177762609287700,21.80228759765625,-0.373633406150341,-0.0581318709731102,-0.0425161494944244
1776177762619219700,21.8122197265625,-0.3260834272071718,-0.0274877263844013,-0.0437337085906416
1776177762629151000,21.82215087890625,-0.2182233564689755,0.0037935470640659,-0.0388994203019887
1776177762639083000,21.8320830078125,-0.0537833203747868,0.0296615632921457,-0.0350267070544883
1776177762649013800,21.842013671875,0.1181478021271526,0.0531809705674648,-0.0227739957354962
1776177762658945800,21.85194580078125,0.2475106796212494,0.0842237590849399,-0.0004669233920052
1776177762668877800,21.8618779296875,0.2978501431524753,0.1070025771260261,0.0001676481844857
1776177762678808800,21.871808837890622,0.2762589274607598,0.1158265195727348,-0.0338263182887807
1776177762688740600,21.88174072265625,0.1292167470216751,0.1347299574851989,-0.0252301567159593
1776177762698671900,21.891671875,-0.0256397604301571,0.1078331827312707,-0.0377682243149727
1776177762708604000,21.90160400390625,-0.1249380467891693,0.0905693287193775,-0.0099530926071107
1776177762718534700,21.91153466796875,-0.1180572012342512,0.0366840092748403,0.007837744420953
1776177762728466700,21.921466796875,-0.0801379510760307,-0.030472295153141,-0.0207508924100548
1776177762738398700,21.931398681640623,-0.0382534505486488,-0.0590232668548822,0.0034926278887316
1776177762748330000,21.941330078125,0.0073602996349334,-0.0740764590799808,-0.0407823479717597
1776177762758262000,21.951261962890623,-0.0093394907534122,-0.0614613076567649,-0.0306806772068142
1776177762768192800,21.96119287109375,-0.01698547546193,0.0196434426248073,-0.05328538079001
1776177762778124800,21.97112475585937,-0.0049520694494247,0.0905611454129219,-0.1132861509075388
1776177762788056800,21.981056884765625,-0.0118260468721389,0.092207743576169,-0.0898966170895844
1776177762797987800,21.99098779296875,0.028996961903572,0.1215454817414283,-0.1413829125683754
1776177762807919600,22.000919677734377,0.0851715613290667,0.1477671337127685,-0.1745449217295274
1776177762817851000,22.010850830078127,0.0039839550696313,0.1213093348979949,-0.1162384979071095
1776177762827783000,22.020782958984373,-0.0062038230761885,0.0800157860010862,-0.0439540733430534
1776177762837713700,22.030713623046875,0.0773126645222306,0.0871662422776222,0.0276243218434974
1776177762847645700,22.040645751953125,0.126444505829364,0.02847849098742,0.0829871299620717
1776177762857577700,22.05057763671875,0.118802612774074,-0.045949850270152,0.1178508650071918
1776177762867508500,22.06050854492188,0.1408354347534477,-0.0519867923468351,0.0977254840843379
1776177762877440300,22.070440185546875,0.1244970250234007,-0.058568508824706,0.0945247152816504
1776177762887371300,22.080371337890625,0.0653587534867227,-0.076370122975111,0.0986521704751998
1776177762897303300,22.09030322265625,-0.0069793374933302,-0.0697030663013458,0.0944554494377225
1776177762907235300,22.1002353515625,-0.069109484322369,-0.0437982251942157,0.0801001763489097
1776177762917166300,22.110166259765624,-0.0825306914314627,-0.0243003285199403,0.0388449136357754
1776177762927098400,22.12009838867188,-0.0424248910143971,-0.0058241761088371,0.0197548671100288
1776177762937029400,22.130029296875,-0.0258612942263484,-0.0010340192228555,-0.0101973496917635
1776177762946961400,22.13996142578125,-0.0233303144440054,0.0336456644922494,-0.0267526535755023
1776177762956893400,22.1498935546875,-0.0682232030071318,0.0209042563408613,0.0048505818363279
1776177762966824200,22.15982421875,-0.0711715314187109,0.0317675956606864,-0.0089198040366172
1776177762976756200,22.169756103515624,-0.0183848208658397,0.0360720148563385,0.007283215810731
1776177762986687500,22.1796875,0.0667091451823711,0.0205915371298789,-0.0057063949480652
1776177762996619300,22.189619384765624,0.0943780733525753,-0.0228811093717813,-0.0285968932026997
1776177763006550300,22.19955029296875,0.0940785058841109,-0.0113999304145574,-0.0056770592557266
1776177763016482300,22.209482421875,0.1503574424669146,0.0091074355632066,0.052532954987511
1776177763026414300,22.219414306640623,0.133855220477283,-0.0235299286693334,0.0100424148583784
1776177763036345300,22.229345458984376,-0.031509236985445,-0.0621609803587198,-0.0492240496352314
1776177763046277400,22.23927734375,-0.2760603361487388,-0.0645592736721038,-0.0612926000263541
1776177763056208400,22.24920849609375,-0.4996915430106222,-0.0453343487203121,-0.0794620976410806
1776177763066140400,22.25914038085937,-0.5164060925766826,-0.0289016848355531,-0.0686608637720346
1776177763076071200,22.2690712890625,-0.4198305091798305,-0.0371615636587142,-0.0198322431951761
1776177763086003200,22.279003173828126,-0.2258582352615892,-0.0456979213356971,0.0267169612076133
1776177763095935200,22.288935302734377,-0.01664513759166,-0.0201163208335638,0.0488727519795298
1776177763105866500,22.298866455078127,0.1793831920735538,-0.0058574938565492,0.0500381424970924
1776177763115798300,22.30879833984375,0.3598046411536634,0.0336690453678369,0.0648982233028858
1776177763125729300,22.318729248046875,0.4528828839540481,0.09034078066051,0.0514021973919123
1776177763135661300,22.328661376953125,0.5242331329405308,0.154610715997219,0.0217390997298061
1776177763145593300,22.33859326171875,0.4378279381632805,0.17495616941154,-0.0160009214039891
1776177763155524400,22.3485244140625,0.2646729729548096,0.1885802056163549,-0.0637323213286697
1776177763165456400,22.358456298828123,0.1522530469551682,0.1903717652082443,-0.0746531629893928
1776177763175387400,22.36838745117188,0.022803367960453,0.1693278081357479,-0.0910458601899445
1776177763185319400,22.3783193359375,-0.0598304915845394,0.1336269646793604,-0.1190907820656895
1776177763195250200,22.388250244140625,-0.0875143250629305,0.0913233619570732,-0.1078421697553247
1776177763205182200,22.39818212890625,-0.1532461496457457,0.0033592473000288,-0.0649321986377239
1776177763215114200,22.4081142578125,-0.2185501042053103,-0.0355623117685318,-0.0588647883575409
1776177763225045500,22.41804541015625,-0.2575917825222015,-0.0225923555582761,-0.0441321333236992
1776177763234977300,22.42797729492188,-0.2753936889335513,-0.0048743280380964,-0.0352159094836562
1776177763244908300,22.437908203125,-0.294710091561079,0.0501730209231376,-0.041110301284492
1776177763254840300,22.44784033203125,-0.2184991046704351,0.1359141988337039,-0.0805159175429493
1776177763264772400,22.4577724609375,-0.0910557970620691,0.1614624815881252,-0.1162215102396905
1776177763274703400,22.467703369140622,0.0118973585426807,0.1692056430608034,-0.1312328360844403
1776177763284635400,22.47763549804688,0.0801563635155558,0.1424526606917381,-0.133964745266363
1776177763294566400,22.48756640625,0.145302497164905,0.102851302665472,-0.124408396891877
1776177763304498400,22.49749853515625,0.1617380836591124,0.0293780701756477,-0.0697912925740704
1776177763314429200,22.50742919921875,0.1451084358975291,-0.0337567236512899,-0.0491833888312801
1776177763324361200,22.517361328125,0.0837175631284713,-0.0591863484621047,-0.0348534328468143
1776177763334293200,22.527293212890623,0.0443207877635955,-0.045565819388628,-0.0296673354458063
1776177763344224300,22.537224365234376,0.0284986569926142,-0.0618400778412818,-0.0463624861916527
1776177763354156300,22.54715625,-0.0364006622888147,-0.0706488227188587,-0.0764128661382943
1776177763364087300,22.55708740234375,-0.1439142576768994,-0.0631090748637914,-0.0444300933569669
1776177763374019300,22.56701928710937,-0.2079030379846692,-0.0116933604031801,-0.0554919509235769
1776177763383951400,22.576951416015625,-0.2017465611815452,0.0441167896240949,-0.0983518723543733
1776177763393882400,22.58688232421875,-0.2078244197905063,0.0747071581989526,-0.0667208721527829
1776177763403814400,22.596814453125,-0.16828399817124,0.0502741432100534,-0.0759464907355606
1776177763413745400,22.606745361328127,-0.125479314059019,0.0258826292753219,-0.0680934026150032
1776177763423677400,22.616677490234373,-0.0738018799223005,0.0378232424378395,-0.065367192521505
1776177763433609200,22.62660913085937,-0.0369371072530746,0.0218920983344316,-0.0718756611000746
1776177763443540200,22.636540283203125,0.0484182862102985,-0.0216471836626529,-0.0488084180390462
1776177763453472300,22.64647216796875,0.1743298542067408,-0.0350379956334829,-0.0102140450982376
1776177763463403300,22.6564033203125,0.2844762823164463,-0.0442582439213991,0.0493671113677322
1776177763473335300,22.666335205078123,0.2845136917173862,-0.0694236648380756,0.0442451652441173
1776177763483266300,22.67626635742188,0.2037634539619088,-0.0362520475983619,0.0738320193322375
1776177763493198300,22.6861982421875,0.135990478940308,0.0027525135785341,0.0756741766002029
1776177763503130400,22.69613037109375,0.1100973282709717,0.0243108499139547,0.0893390928046777
1776177763513061400,22.706061279296875,0.0527472553253173,-0.009912322205305,0.056054808970727
1776177763522993400,22.71599340820313,-0.0671133420690894,-0.0459118563473224,0.0226304956115782
1776177763532924400,22.72592431640625,-0.1413429458841681,-0.0107557872921228,0.007325155256316
1776177763542856200,22.73585620117188,-0.182368637625128,-0.0092044661968946,-0.0022150091683492
1776177763552787200,22.745787109375,-0.2511728553906083,-0.0109147772461175,-0.0314671514093875
1776177763562719200,22.75571923828125,-0.2364402734220027,-0.026775778722763,-0.0495639491140842
1776177763572651300,22.7656513671875,-0.1617380836591124,0.0039876083314418,-0.0434977809429168
1776177763582582300,22.775582275390622,-0.1132122454211115,0.0294061272263526,-0.069826510017924
1776177763592514300,22.78551440429688,-0.0198863114699721,0.0069043725609779,-0.0421523211507126
1776177763602445300,22.7954453125,0.0326902634635567,0.0055249009013175,-0.0572083263874053
1776177763612377300,22.80537744140625,0.0341337402701377,0.055966801893711,-0.0213152482945471
1776177763622309000,22.81530908203125,0.0717328185632824,0.0620388152837753,0.0359542336955666
1776177763632240400,22.825240478515624,0.1033972461104393,0.0636561873525381,0.03604344634898
1776177763642172400,22.83517236328125,0.0939559024177491,0.0467266798615455,0.0355315147714689
1776177763652103400,22.845103515625,0.0502446248546242,0.0619563976973295,0.0194635925458744
1776177763662035200,22.85503515625,-0.0313195596322417,0.0478992307722568,-0.0020929902238771
1776177763671966200,22.86496630859375,-0.1125762856051325,0.0854839882791042,-0.0158876702878624
1776177763681898200,22.87489819335937,-0.1254514031387865,0.0853811124265193,-0.0338551425244659
1776177763691830300,22.884830322265625,-0.0811306153751909,0.0483294388830661,-0.0466670220961794
1776177763701761300,22.89476123046875,-0.0509026503719389,0.0330184725046157,-0.0612659677477553
1776177763711693300,22.904693359375,-0.048910599771887,-0.0225666365951299,-0.0372404741138219
1776177763721624300,22.914624267578127,0.0100353640630841,-0.0750578713327646,-0.027075200060755
1776177763731556400,22.924556396484373,0.0663937956228852,-0.1219528934985399,-0.0358499696034938
1776177763741488000,22.93448803710937,0.1859239920191466,-0.0793628750503063,-0.0057644087456166
1776177763751419400,22.94441943359375,0.3000447305873036,-0.0483826303750276,-0.0116994978830218
1776177763761351400,22.95435131835937,0.1890136285975575,-0.1080810200124978,-0.0414767965093255
1776177763771282400,22.964282470703125,0.0545860150597989,-0.0863531723290681,-0.0435018725961446
1776177763781214200,22.974214111328124,-0.0648066725619137,-0.0170884974449872,-0.0238530962090939
1776177763791145200,22.98414526367188,-0.0644958530470728,0.0636690468341112,-0.033592473000288
1776177763801077200,22.9940771484375,0.0500431109331548,0.084432433399558,-0.0360736953567713
1776177763811009300,23.00400927734375,0.0581574438057839,0.0352618675172328,-0.058177902071923
1776177763820940300,23.013940185546875,0.0130802847169339,0.0112847796022892,-0.068621846935898
1776177763830872300,23.02387231445313,-0.0339721199676394,0.0095996029943227,-0.035243893469125
1776177763840803300,23.03380322265625,-0.1646926956810057,0.0483814613312482,-0.0024492197830229
1776177763850735400,23.0437353515625,-0.3044365358054637,0.0245955120742321,-0.0106490389820188
1776177763860667100,23.053667236328124,-0.4130523933470248,-0.008258125257492,0.0055591684971004
1776177763870598700,23.0635986328125,-0.3825288063980638,0.0112532154202461,-0.0082522800385951
1776177763880530700,23.07353076171875,-0.3047640141941606,0.0141302321612834,-0.0150881904732435
1776177763890461700,23.08346166992188,-0.1867548898853361,0.0305833543121814,-0.0148348002340644
1776177763900393700,23.093393798828124,-0.0966413421094417,0.05423427901268,0.0331460078744217
1776177763910324500,23.103324462890622,0.0148179221644997,0.0818856715261936,0.0135304031046107
1776177763920256500,23.11325659179688,0.1699415561199188,0.0909966142207384,0.0218290795681998
1776177763930188500,23.1231884765625,0.2731915027141571,0.0618511837571859,0.0178264928633347
1776177763940119800,23.13311987304688,0.2869907493554055,0.0041273090630769,-0.0048974897179752
1776177763950051600,23.143051513671875,0.2671240193687379,0.0055582186490297,0.0096605028687044
1776177763959982600,23.152982666015625,0.247409703464806,0.0045154315978288,0.0008753945950418
1776177763969914600,23.16291455078125,0.2067421775117516,-0.0258972423225641,0.0275889217365533
1776177763979846700,23.1728466796875,0.0942728594124317,-0.0794318486332893,0.0495996780145913
1776177763989777700,23.182777587890627,-0.1031812652722001,-0.1020662897676229,0.0553426786459982
1776177763999709700,23.19270971679688,-0.2693351195469498,-0.0941390038996934,0.0913962079975753
1776177764009640700,23.202640625,-0.3733940444365143,-0.0785696788460016,0.1092055670630186
1776177764019572700,23.21257275390625,-0.4077953496016562,-0.0780699126303196,0.0639032209161669
1776177764029503500,23.22250341796875,-0.3453799560904502,-0.0903232450038194,0.0119989192210137
1776177764039435500,23.232435546875,-0.1986833742186427,-0.1089198089241981,-0.0641419250428676
1776177764049367600,23.242367431640623,-0.071714990645647,-0.1241694005042314,-0.1191024725034832
1776177764059298800,23.252298828125,0.0446156790569424,-0.0976858827263116,-0.1190811374545097
1776177764069230600,23.262230712890624,0.1252247547760605,-0.0592927314460277,-0.1307664606817066
1776177764079161600,23.27216162109375,0.207106919170916,-0.0142512281924486,-0.1263059010762721
1776177764089093600,23.28209375,0.1728153579905629,-0.0026987375646829,-0.119656891515851
1776177764099025700,23.292025634765626,0.1135864855609834,0.0497685317754745,-0.0616972353044897
1776177764108956700,23.301956787109376,0.0790318895302713,0.1005716672956943,-0.0340755803421139
1776177764118888700,23.311888671875,-0.009672814361006,0.0868172827094793,0.0565936285551637
1776177764128819700,23.32181982421875,-0.0938124022938311,0.0574170007020235,0.0974902140237391
1776177764138751700,23.33175170898437,-0.0761095723427832,0.1203758534401655,0.0907489961352199
1776177764148682500,23.3416826171875,-0.0885343157604336,0.1124643496632575,0.0851422621693462
1776177764158614500,23.35161450195313,-0.1120282963335514,0.1312929687738418,0.0987321038436144
1776177764168546600,23.361546630859376,-0.0868098300553858,0.1720119326531887,0.1137641802154481
1776177764178477800,23.37147778320313,-0.0351648368835449,0.2215811424642801,0.120839744624868
1776177764188409600,23.38140966796875,0.0307376680910587,0.2652607097148895,0.1383906719498336
1776177764198340600,23.39134057617187,0.1448281576514244,0.3262514772504568,0.1599332261942327
1776177764208272600,23.401272705078124,0.2939163108348846,0.3404880923956632,0.2129270036265254
1776177764218204700,23.41120458984375,0.4577425989449024,0.295601487442851,0.2206988066717982
1776177764228135700,23.4211357421875,0.5494825788788497,0.2201870577573776,0.2183179028846323
1776177764238067700,23.431067626953126,0.551717352193594,0.1225976211428642,0.1975310623783618
1776177764247998700,23.44099877929688,0.4705824990347027,-0.0103846158921718,0.193464470526576
1776177764257930800,23.4509306640625,0.3513797810271382,-0.1819189941614866,0.1252532502181828
1776177764267861500,23.460861572265625,0.1715090976975858,-0.3482347609996795,0.0813814483311027
1776177764277793500,23.47079345703125,-0.0043184477210044,-0.4657710070997476,0.0651198301643133
1776177764287725600,23.4807255859375,-0.1896045802280306,-0.56901335490942,0.0316408274758607
1776177764297656800,23.49065673828125,-0.3842655670627951,-0.6649614540576935,0.0769346249900758
1776177764307588600,23.50058862304688,-0.5720641207821667,-0.6855488995343446,0.0859994635205715
1776177764317519600,23.51051953125,-0.7266983637854456,-0.655029258108139,0.1260463733572512
1776177764327451600,23.52045166015625,-0.7644830277785658,-0.5677513721495866,0.1146785185813903
1776177764337382700,23.53038256835937,-0.7060849070847034,-0.4606044181168079,0.1258843877285718
1776177764347314700,23.540314697265625,-0.6405519660748541,-0.3316004370629787,0.117247200025618
1776177764357246700,23.550246826171875,-0.5538885587528347,-0.1802308949440717,0.1145393293064087
1776177764367177700,23.560177734375,-0.4243269438162446,0.0198112004071474,0.1225702216792851
1776177764377109800,23.57010986328125,-0.2864788543105125,0.1907996352314949,0.1222844635404646
1776177764387040500,23.58004052734375,-0.0892566386856138,0.3071457947641611,0.1481573020741343
1776177764396972500,23.58997265625,0.0908402546152472,0.4253074792861938,0.1293734719533473
1776177764406904600,23.599904541015626,0.2276942185170948,0.508130139401555,0.1521051994496956
1776177764416835600,23.609835693359376,0.2571837862432002,0.5712053119957446,0.1425870641937479
1776177764426767600,23.619767578125,0.0977281144328415,0.6380296079903841,0.1550881973158568
1776177764436698600,23.62969873046875,-0.1359774733282625,0.7358002463907003,0.1765763179592788
1776177764446630700,23.63963061523437,-0.3566147590711712,0.8413157998293638,0.1784957417145371
1776177764456561700,23.649561767578124,-0.469008819977194,0.8504045306921004,0.2083369724225252
1776177764466493700,23.65949365234375,-0.3019140315905213,0.7863806790709496,0.2327443415135145
1776177764476425700,23.66942578125,0.1079915881633758,0.6648275985449552,0.2254937858633696
1776177764486356700,23.67935668945313,0.5351587238416076,0.4902402624458074,0.1791911766327917
1776177764496288800,23.689288818359376,0.9476547984801232,0.2524929980784654,0.1591977515265345
1776177764506219500,23.69921948242187,1.1974747779570518,0.0314993001133203,0.1091186194319278
1776177764516151600,23.709151611328124,1.1606440536879,-0.2096001972913742,0.0587861701633781
1776177764526083600,23.71908349609375,0.9459238830342888,-0.4608078317344188,-0.009322101227194
1776177764536014600,23.7290146484375,0.5859682891026139,-0.6965104385316372,-0.0079015669047832
1776177764545946600,23.738946533203126,0.1525625512957573,-0.8533949446797371,-0.0045422465395182
1776177764555877600,23.74887768554688,-0.2788242479041218,-0.90471421302855,-0.027875775853917
1776177764565809700,23.7588095703125,-0.4937620068311691,-1.046814991542697,-0.0562106205869466
1776177764575740700,23.76874072265625,-0.6794280785664916,-1.0479740984499455,-0.0794170894555747
1776177764585672700,23.778672607421875,-0.9081061935544014,-0.9127817841500044,-0.0680928546257317
1776177764595604700,23.788604736328125,-0.9708828215934336,-0.770510325244069,-0.0531461184497922
1776177764605535700,23.79853564453125,-0.911131971116364,-0.5443050301104784,-0.0168904175896197
1776177764615467500,23.80846752929688,-0.7742740616917609,-0.3377805870026349,-0.0018058803781867
1776177764625398500,23.8183984375,-0.6066533497348428,-0.1884989570736885,-0.0123236941959708
1776177764635330600,23.82833056640625,-0.5097139014616608,0.0308738616913557,0.0129890993021428
1776177764645262600,23.8382626953125,-0.4234720805525779,0.2564443660527467,0.1262756155358627
1776177764655193600,23.848193603515625,-0.2418814415626227,0.4066442798703908,0.1938653064124286
1776177764665125600,23.858125732421875,-0.0264721196010708,0.5468892013847828,0.2482347195794805
1776177764675056600,23.868056640625,0.1915824561722576,0.6587953326433896,0.2618918543362989
1776177764684988700,23.87798876953125,0.3979750895939767,0.7128045707285404,0.3569681025534868
1776177764694919700,23.887919677734377,0.5341418018840253,0.7279974636852741,0.3774873781647533
1776177764704851700,23.897851806640624,0.52307811768651,0.6652373483896256,0.3925725364306941
1776177764714783700,23.90778369140625,0.4636168978057801,0.5930898115456104,0.4186800239704549
1776177764724714800,23.91771484375,0.437780299629271,0.4890758948415517,0.4337745345866307
1776177764734646500,23.927646484375,0.3164686266437173,0.3490811486959457,0.3963067179903388
1776177764744577500,23.93757763671875,0.1796945961102843,0.2187199078142642,0.3867177094552665
1776177764754509600,23.94750952148437,0.0325635683439671,0.0883586669325828,0.353528118167445
1776177764764440800,23.95744091796875,-0.0908722571887075,-0.0340185894578695,0.3984046401176601
1776177764774372600,23.96737255859375,-0.1686369032621383,-0.1414928757488727,0.3408533455114811
1776177764784304600,23.9773046875,-0.2429939328491687,-0.2210422132819891,0.357552478312701
1776177764794235600,23.98723559570313,-0.2764692092105746,-0.3293552884846925,0.3123652829781174
1776177764804167700,23.997167724609376,-0.3028234015204012,-0.3852764976710081,0.23413740330711
1776177764814098700,24.0070986328125,-0.2146365840233862,-0.3690232820063829,0.1703575895749032
1776177764824030700,24.01703076171875,-0.171737207365036,-0.31203415132761,0.1369723295845091
1776177764833962800,24.02696264648437,-0.0930754663214087,-0.2443167058855295,0.1095884289007633
1776177764843893800,24.036893798828125,0.023411270725727,-0.1776408784508705,0.1507920344918966
1776177764853825500,24.046825439453126,0.1637581913098692,-0.0613373890161514,0.2165698171082884
1776177764863756500,24.05675659179688,0.2209339306019246,0.0358592488884925,0.2452148237690329
1776177764873688600,24.0666884765625,0.2692376505218446,0.163559161606431,0.3033873920787125
1776177764883619300,24.076619384765625,0.2252333813615143,0.2804536026716232,0.3582421410772949
1776177764893551400,24.08655126953125,0.1517395444750785,0.3685527418851852,0.4064615437146276
1776177764903483400,24.0964833984375,0.0756608056619763,0.4529471813619136,0.428680024459213
1776177764913414400,24.106414306640627,-0.0428314259886741,0.4940741415202617,0.3893596022661775
1776177764923346400,24.11634643554688,-0.2207151732847094,0.5216787722826004,0.3717402858801186
1776177764933277400,24.12627734375,-0.3449927103385329,0.5717442411780357,0.3729321260131895
1776177764943209500,24.13620947265625,-0.3526791731879115,0.5904501106917858,0.3350594184104353
1776177764953141500,24.1461416015625,-0.3670366382338106,0.5899228719472884,0.3201452693298459
1776177764963072300,24.156072265625,-0.3143082337394356,0.5662824686408042,0.2783048271398991
1776177764973004300,24.16600439453125,-0.1614297483623027,0.5582026225596666,0.2736024216026068
1776177764982935600,24.175935546875,-0.044901802521944,0.5180190807312727,0.2388554448049515
1776177764992867600,24.18586767578125,0.0890503024585545,0.4381932643443346,0.1947340520709753
1776177765002798300,24.19579833984375,0.1203705927431583,0.4021931456804275,0.1577086820125579
1776177765012730400,24.20573046875,-0.0169368140146136,0.429792515745759,0.1297667821198701
1776177765022662400,24.215662353515626,-0.2573310857594013,0.4628337846040725,0.118951300529763
1776177765032593400,24.225593505859376,-0.5009142166733741,0.5601438197553158,0.1257671180244535
1776177765042525200,24.23552514648437,-0.5992158932104706,0.6712684452474117,0.0934205534320324
1776177765052456400,24.24545654296875,-0.5663502731800079,0.689298607456684,0.0697029201708734
1776177765062388500,24.25538842773437,-0.3390180198431015,0.6617430765330791,0.0255508400376886
1776177765072319500,24.265319580078124,0.0400792046710848,0.6139508132666349,-0.0156647482521831
1776177765082251300,24.27525122070313,0.5394106821976602,0.4822510172575712,-0.0973903338458389
1776177765092183300,24.285183349609376,1.0439851749442517,0.3134422645598649,-0.1829175767447799
1776177765102114600,24.29511450195313,1.4945362549498675,0.1190583411008119,-0.2732475437503308
1776177765112046600,24.305046630859376,1.5996026033163069,-0.1727180350959301,-0.4548990460820495
1776177765121977300,24.31497729492187,1.3466028247594832,-0.4374304632782936,-0.5738617447886616
1776177765131909400,24.324909423828124,0.7775766103684901,-0.6022896015673875,-0.581493774037063
1776177765141841400,24.33484130859375,0.14394567572847,-0.6796791307181119,-0.4987401605699211
1776177765151772400,24.3447724609375,-0.2806877036884427,-0.7000257531762123,-0.4537920346882194
1776177765161704200,24.3547041015625,-0.6570717237211764,-0.8078548442542552,-0.3671425828263163
1776177765171635500,24.36463549804688,-0.854404121722281,-0.9060632895499467,-0.3683746819045394
1776177765181567500,24.3745673828125,-0.7905087187863886,-0.9611211599051952,-0.3730784756813198
1776177765191498500,24.38449853515625,-0.5536556267797946,-0.9812292974323034,-0.432694009340927
1776177765201430300,24.39443017578125,-0.2333272559680044,-0.964838719123602,-0.5580835992898792
1776177765211362300,24.4043623046875,0.0452548537433147,-0.9489555058151484,-0.6739613375931978
1776177765221293600,24.41429345703125,0.1345908412754535,-0.9239204332798718,-0.7622438705496489
1776177765231225600,24.4242255859375,0.0997287867307663,-0.8332306930512189,-0.8004600578278303
1776177765241156400,24.43415625,0.0070785600841045,-0.6663859339028596,-0.8021378548469394
1776177765251088400,24.44408837890625,-0.0623357524037361,-0.4803326164156198,-0.7449771669935434
1776177765261019400,24.45401928710937,-0.1272378481641411,-0.3371528104931116,-0.7020425728913396
1776177765270951400,24.463951416015625,-0.1383515089832246,-0.1993219643831253,-0.5862735556595027
1776177765280883200,24.47388330078125,-0.0287770355425775,-0.0038531682968139,-0.4803440876577049
1776177765290814500,24.483814453125,0.0629553456068039,0.109708913475275,-0.3965583546638488
1776177765300746500,24.49374658203125,0.1946023885153233,0.2471042907774448,-0.3426216703582554
1776177765310677200,24.50367724609375,0.2021976659499108,0.4030290119826793,-0.3218889711920172
1776177765320609300,24.513609375,0.1998303522966802,0.5047089327812194,-0.2315107811305671
1776177765330541300,24.523541259765626,0.159117525897175,0.6448235059142112,-0.1654337963718921
1776177765340472600,24.53347265625,0.0880174522794783,0.732272072264552,-0.1516075886584818
1776177765350404600,24.543404541015622,0.0053588966846466,0.8064654357224702,-0.1207174334194511
1776177765360335400,24.55333544921875,0.070277066797018,0.833465670850873,-0.1122735763315111
1776177765370267400,24.56326733398437,0.1260299336791038,0.8028489987909794,-0.114249333383888
1776177765380198400,24.573198486328124,0.2222106725394725,0.7577490433484315,-0.0893712780412286
1776177765390130400,24.58313037109375,0.431250897860527,0.6124392396599054,-0.1033671432331204
1776177765400062200,24.593062255859376,0.7446399709284305,0.4191027794271707,-0.0253707342304289
1776177765409993500,24.60299340820313,1.163112197367102,0.1359083536148071,-0.0032005496069788
1776177765419925500,24.612925537109376,1.6168575433693826,-0.2365653611063957,0.0474841471653431
1776177765429856300,24.62285620117187,2.078986394574493,-0.6683680476307868,0.0527275277115404
1776177765439788300,24.632788330078125,2.177602251627296,-1.1746885072618722,0.008060556858778
1776177765449719600,24.64271948242187,1.731326803114265,-1.3837223028421402,0.0335749373435974
1776177765459651600,24.652651611328125,0.7072574579954147,-1.2317466115236282,0.1468607594575733
1776177765469583600,24.66258349609375,-0.6392366456925869,-0.9631868602633477,0.2708092837527394
1776177765479514400,24.67251440429688,-1.9730698591195048,-0.4852262336760759,0.4501379691600799
1776177765489446400,24.6824462890625,-2.9562533593595024,0.028614684587717,0.5449982000064104
1776177765499377400,24.69237744140625,-3.55085036059767,0.3133013947844505,0.4834035482935607
1776177765509309200,24.70230908203125,-3.4269442872047424,0.54062780290246,0.4127907467361539
1776177765519241200,24.7122412109375,-2.78917245336771,0.6202051974862813,0.3222322316717356
1776177765529172500,24.72217236328125,-1.823102731144428,0.5980541559547186,0.1772222877126187
1776177765539104500,24.7321044921875,-0.750171739961952,0.5617307966858148,0.0238639829292893
1776177765549035300,24.74203515625,0.1803087824858725,0.4507651611477136,-0.1056250051625073
1776177765558967300,24.75196728515625,0.8735235404729843,0.2967646860033273,-0.2392239858563989
1776177765568898600,24.761898681640623,1.4231880517899989,0.211952313375473,-0.2896087498340755
1776177765578830600,24.77183056640625,1.8277800753057003,0.1606359676361083,-0.3933480873804539
1776177765588762600,24.7817626953125,1.9740050941430032,0.0663724605739116,-0.4677480062611401
1776177765598693400,24.791693359375,1.8450984359838067,-0.0318956059545278,-0.5328355415910482
1776177765608625400,24.80162548828125,1.645299501738697,-0.1520195304602384,-0.5315166410122066
1776177765618556400,24.811556396484377,1.3827416212417185,-0.2736152810841799,-0.4376723092101514
1776177765628488200,24.82148828125,1.1025647896848618,-0.3503027994453906,-0.2928178480736911
1776177765638420200,24.831420166015626,0.5784907928287982,-0.3561690611302852,-0.3509733921833336
1776177765648351500,24.8413515625,-0.2723464301921427,-0.602898673376441,-0.3259771172884851
1776177765658283500,24.851283447265622,-1.0469149447858332,-0.7426870832949877,-0.3013978987619281
1776177765668214300,24.86121435546875,-1.323783090186119,-0.6027087037622928,-0.167443894085288
1776177765678146300,24.87114624023437,-1.491683788128197,-0.3922323081582784,-0.0211379189662635
1776177765688077600,24.88107763671875,-1.5694344056762757,-0.3217529967874288,0.0904115808743983
1776177765698009600,24.89100952148437,-1.549138636622578,-0.2188333050608635,0.146841251039505
1776177765707941400,24.90094140625,-1.4708162105359135,-0.0480091208875179,0.1799150339279323
1776177765717872400,24.91087231445313,-1.2587117753386496,0.1242775370538234,0.2181419617958366
1776177765727804400,24.920804443359376,-0.9157869573153556,0.2949801406741142,0.2253089308157563
1776177765737735400,24.9307353515625,-0.5152502005398273,0.410316246381402,0.2285015893772244
1776177765747667200,24.940667236328125,-0.064502136657387,0.4944534962266683,0.2274188356418162
1776177765757598500,24.950598388671875,0.3477225736938417,0.4963672208935022,0.1438810860596597
1776177765767530500,24.960530517578125,0.6834029735468328,0.4574275416463613,0.0183997261740267
1776177765777462500,24.97046264648437,0.924065979230404,0.3562316049724817,-0.0566346912179142
1776177765787393300,24.98039331054688,0.9568012508794664,0.2559182963520288,-0.1953762224320322
1776177765797325300,24.9903251953125,0.751974259339273,0.1507908654481172,-0.3160864954583346
1776177765807256600,25.00025659179688,0.4809304361782968,0.0514016859352588,-0.4289315150022506
1776177765817188600,25.010188720703123,0.3140937142059207,-0.014108604851365,-0.5275261831365525
1776177765827120400,25.020120361328125,0.168318631093204,-0.118211368882656,-0.6083826577454805
1776177765837051400,25.030051513671875,0.031568858218193,-0.2303682600319385,-0.6526017387002706
1776177765846983400,25.0399833984375,-0.0237258896328508,-0.3027700638979673,-0.637642800629884
1776177765856914400,25.04991455078125,-0.0310196999028325,-0.3131090870827436,-0.5887685142803937
1776177765866846200,25.05984619140625,-0.0297007262587547,-0.2902922751188278,-0.5281710569113492
1776177765876777200,25.06977709960937,-0.004367839820683,-0.2061275527447462,-0.4343620886836201
1776177765886709200,25.079709228515625,0.0192228791251778,-0.0786000739842653,-0.3275912014216184
1776177765896641300,25.08964135742188,-0.0151566525995731,0.018480244064331,-0.2559269180499017
1776177765906572000,25.099572021484377,0.0524082326292991,0.1222989304572343,-0.2014931709423661
1776177765916504000,25.109504150390624,0.1994648799851536,0.2133545813888311,-0.1425987180989235
1776177765926435300,25.119435302734377,0.2667734523653984,0.2381546761244535,-0.1229626550629734
1776177765936367400,25.129367431640624,0.3237514771282673,0.3081207772761583,-0.0834321703158318
1776177765946298000,25.13929809570313,0.3226325561009347,0.3334177156180143,-0.0902267258267849
1776177765956230100,25.149230224609376,0.2228992393255233,0.2910018846929073,-0.10777399988994
1776177765966162200,25.159162109375,0.1291150402128696,0.2645528537064791,-0.1421266436077654
1776177765976093000,25.169093017578124,0.0294210325345396,0.2341799272745847,-0.1399604785498231
1776177765986025200,25.17902514648437,-0.0866717367589473,0.2273638175189495,-0.1711428947336971
1776177765995956200,25.188956298828124,-0.1725306958302855,0.208958976778388,-0.1265489891171455
1776177766005888300,25.19888818359375,-0.2449751697942614,0.1719026270598173,-0.1375568514741957
1776177766015820300,25.2088203125,-0.2822340563476085,0.1744476353675127,-0.0676052172392606
1776177766025751000,25.2187509765625,-0.2701528656706213,0.1605629023998975,0.0059234717648476
1776177766035683000,25.22868310546875,-0.1599459395453333,0.1286059216469526,0.0371787339892238
1776177766045614300,25.2386142578125,-0.0609784925758838,0.161134564808011,0.0606258797459304
1776177766055546000,25.248546142578125,0.0179904147207736,0.1929220342129468,0.0834830967854708
1776177766065477000,25.25847705078125,0.1081082002803683,0.2451689388006925,0.0605512070745229
1776177766075409200,25.2684091796875,0.2515687228403985,0.3141232325613498,0.0700371205613017
1776177766085341200,25.278341064453127,0.3477599830947816,0.2997697130382061,0.0364391676682978
1776177766095272200,25.28827221679688,0.3096238753154873,0.2695347337722778,-0.0215375858083367
1776177766105204200,25.298204345703127,0.2174012264311313,0.2832990552306175,-0.0239629132591187
1776177766115135200,25.30813525390625,0.0286848272144794,0.299102189040184,-0.0418877153977751
1776177766125067300,25.3180673828125,-0.0894786108732223,0.2794797892034054,-0.0352040729153901
1776177766134999300,25.327999267578125,-0.197058403365314,0.2747837403416633,-0.0233393014680594
1776177766144930000,25.337929931640623,-0.2037156692974269,0.3057014411747455,0.0826635970961302
1776177766154862000,25.34786206054688,-0.0759342157758772,0.272855987149477,0.1057212320785969
1776177766164793300,25.35779345703125,0.0944794879004359,0.1707049417078495,0.0988006390351802
1776177766174725000,25.36772509765625,0.3597917816720902,0.0768394940525293,0.0951521264649927
1776177766184656100,25.37765625,0.6556219633042812,-0.0492190811991691,0.0409098833415657
1776177766194588200,25.387588134765625,0.8080838307045399,-0.1844815381258726,-0.0341641354084014
1776177766204520200,25.39752026367188,0.8077367708325386,-0.2959919480651617,-0.1051110642910003
1776177766214451200,25.407451171875,0.5978396364212035,-0.3571154020696878,-0.1650514459908008
1776177766224383200,25.41738330078125,0.2192752036094665,-0.3999298769235611,-0.248821981415525
1776177766234314200,25.42731420898437,-0.2501879360064864,-0.3821440448641777,-0.2743718716051429
1776177766244246300,25.437246337890624,-0.6844903303921223,-0.352886970719695,-0.3389895244009792
1776177766254177000,25.44717700195313,-0.9391830304719508,-0.321416896700859,-0.380459818104282
1776177766264109000,25.457109130859376,-1.1087675898477434,-0.2736345703065395,-0.3492935493376106
1776177766274041000,25.467041015625,-1.1124001011312008,-0.2243786642283201,-0.3545001050047576
1776177766283972400,25.476972412109376,-0.923580826061964,-0.1350906074911355,-0.2979252542153001
1776177766293904100,25.48690405273437,-0.6689338648200035,-0.0932160438358783,-0.2692022138822824
1776177766303835100,25.496835205078124,-0.3415700424134731,-0.032331659284234,-0.2348141335248947
1776177766313767200,25.50676708984375,0.0102025373235344,0.0160112236022949,-0.2219589628007262
1776177766323698000,25.51669799804688,0.3398817970655858,0.0530254877448081,-0.2104850173018872
1776177766333630200,25.52663012695313,0.5575251616895198,0.0946913770854473,-0.2172687591578811
1776177766343562200,25.536562255859376,0.7194026538193226,0.1021662430107593,-0.1791491641219705
1776177766353493200,25.5464931640625,0.7491570099614561,0.093371526658535,-0.1934283762998878
1776177766363425300,25.55642529296875,0.6048468848347663,0.1182084462732076,-0.1767495556343346
1776177766373356000,25.56635595703125,0.4269721976280212,0.1180517944067716,-0.135293509652093
1776177766383288000,25.5762880859375,0.1957774236440658,0.0748901135504245,-0.1028016913700848
1776177766393220000,25.58622021484375,-0.057505555768311,0.0306798004239797,-0.0679381024554371
1776177766403151400,25.5961513671875,-0.2305040152408182,-0.0032405893564224,0.0023168255750089
1776177766413083100,25.606083251953127,-0.3468152495905757,-0.0248895265847444,0.1276560735762119
1776177766423014100,25.61601416015625,-0.4567500807762146,-0.0335556481212377,0.168933109729737
1776177766432946200,25.6259462890625,-0.4933890818655491,-0.0602846650928258,0.1972666392885148
1776177766442877000,25.635876953125,-0.4151882363319397,-0.0300789119213819,0.2365107813749462
1776177766452809200,25.645809326171875,-0.2700930983074009,-0.0071907882869243,0.2596061910845339
1776177766462741200,25.6557412109375,-0.146829122210294,0.0333048882305622,0.1975180567663162
1776177766472672300,25.66567236328125,0.0724433049201965,0.123140641978383,0.1995440827012062
1776177766482604300,25.67560424804688,0.1726633822992443,0.1945896751642227,0.1872693422134965
1776177766492535000,25.68553515625,0.1280117551460862,0.222284322297573,0.1584087931059301
1776177766502467000,25.695467041015625,0.0840201993368566,0.2848269954502582,0.1517072496406734
1776177766512398300,25.7053984375,-0.0438341732904314,0.3133902421116828,0.1247531186763197
1776177766522330000,25.715330078125,-0.1713277497813105,0.3132897043466567,0.0801520526666194
1776177766532262100,25.72526220703125,-0.2374645019032061,0.2519265963673591,0.082480203353241
1776177766542193200,25.73519311523437,-0.3268447669684887,0.1616705713808536,0.0271403011862188
1776177766552125200,25.745125244140624,-0.4065326361894607,0.1447311270177364,0.0694020375281572
1776177766562056200,25.75505615234375,-0.3258325211860239,0.0997474914312362,0.0635422786492854
1776177766571988200,25.76498828125,-0.254338333684206,0.0144715929448604,0.0068598027668893
1776177766581920300,25.774920166015622,-0.0990390509009361,-0.0384217928528785,-0.0214247730836272
1776177766591851300,25.784851318359376,0.1705234476611018,-0.0946791021257638,-0.0767629947502166
1776177766601783300,25.794783203125,0.3637330666437744,-0.1374889008045196,-0.1299368049245327
1776177766611714000,25.804714111328124,0.5694789265945553,-0.1587888784646987,-0.1177445550885051
1776177766621646000,25.81464599609375,0.5696443462893367,-0.1306166769474744,-0.1275160075183957
1776177766631577300,25.824577392578124,0.5416483781218528,-0.1076876367807388,-0.1051128909219056
1776177766641509000,25.83450903320313,0.4220341567039489,-0.0704559304952621,-0.0423572326056659
1776177766651441200,25.844441162109376,0.2295525597348809,-0.0591886865496635,-0.0025502690047025
1776177766661372200,25.8543720703125,0.0152091134391725,-0.0082382515132427,0.0542551756702363
1776177766671304200,25.86430419921875,-0.1798021481379866,0.0274982477784156,0.1116091941386461
1776177766681235200,25.874235107421875,-0.3341347778461873,0.0585895516127347,0.1610531701348722
1776177766691167200,25.884167236328125,-0.5566764359056949,0.0402940164655446,0.214189790103957
1776177766701098200,25.89409814453125,-0.6957504139445722,0.0216951144576072,0.2198242157943546
1776177766711030300,25.9040302734375,-0.6567828237771988,0.0536053334593772,0.2031715524833649
1776177766720962000,25.913962158203127,-0.5038927940927446,0.0577186139971017,0.1567641677040606
1776177766730893000,25.92389306640625,-0.2680500481724739,0.0375619611531496,0.1222304683309048
1776177766740825000,25.9338251953125,0.0120167471386492,-0.0093728085011243,0.0535815141923725
1776177766750756400,25.94375634765625,0.2599861303128302,-0.0283458045184612,-0.0243581231217831
1776177766760688000,25.953688232421875,0.3916074542582035,-0.067166241300106,-0.0565415330417454
1776177766770620200,25.9636201171875,0.4806136253140866,-0.0614180530369281,-0.1183786152083426
1776177766780551200,25.97355126953125,0.4135154808141291,-0.0499754525244236,-0.1323295452799648
1776177766790483200,25.98348315429688,0.2162929729282856,-0.0528285038679838,-0.1005360845256596
1776177766800414200,25.993414306640624,0.0325355112932622,-0.0513356349617242,-0.0796723063256591
1776177766810346200,26.00334619140625,-0.1660463022470474,-0.0391711499154567,-0.0547040154162794
1776177766820277200,26.01327734375,-0.3966881185233593,-0.0767991620421409,0.0372617360975593
1776177766830209300,26.023209228515626,-0.5842204225219786,-0.1047141739279031,0.0331529125392437
1776177766840141000,26.03314111328125,-0.6544273466922342,-0.116352004751563,0.0682964874390512
1776177766850072000,26.04307202148437,-0.6165853995539248,-0.0965296984285116,0.0504931197229772
1776177766860004000,26.053004150390624,-0.4750222350478172,-0.0316898542493581,-0.0487495639912784
1776177766869935900,26.062935791015622,-0.2451123863078653,0.0294084653139114,-0.0492617512971162
1776177766879868000,26.07286791992188,0.0415162517368793,0.0482850152194499,-0.1163609187103807
1776177766889799000,26.082798828125,0.3017727234236896,0.0678173986852169,-0.1262217299241572
1776177766899730700,26.092730712890624,0.5156045669354498,0.0780693281084299,-0.1420573046986013
1776177766909662700,26.10266284179687,0.564432018468529,0.0616167904794216,-0.1436599175896495
1776177766919593700,26.11259375,0.5397312924541533,0.0773182174801826,-0.1149654457639902
1776177766929525800,26.12252587890625,0.4699519460462033,0.0811129335880279,-0.1320228174183517
1776177766939456800,26.132456787109376,0.3034825960814952,0.0401093075484037,-0.1210544102888554
1776177766949388800,26.142388916015623,0.0847648802243173,-0.0006587561696767,-0.114032037371397
1776177766959319800,26.15231982421875,-0.0633117578290402,-0.0004559270739555,-0.0361646615758538
1776177766969251800,26.162251953125,-0.2145930371426045,-0.0333171631902456,0.0264138135425746
1776177766979183600,26.17218359375,-0.3165887458920479,-0.1164665710419416,0.0157375212274491
1776177766989115000,26.18211499023437,-0.3886052037023008,-0.1258516545027494,0.0303727803014218
1776177766999047000,26.192046875,-0.4076736229181289,-0.2095890913754701,0.0202339558638632
1776177767008978000,26.20197802734375,-0.3607458675265312,-0.2553618315130472,-0.0100334643669426
1776177767018909700,26.21190966796875,-0.2509492757678032,-0.2488993575006723,-0.0472461736910045
1776177767028841700,26.221841796875,-0.122797527629137,-0.2162847896218299,-0.0986295933172106
1776177767038772700,26.231772705078125,-0.016425065100193,-0.1756248624533414,-0.1313703448589891
1776177767048704800,26.24170483398437,0.0431295321524143,-0.1504699629306793,-0.099705844246596
1776177767058635800,26.2516357421875,0.064819970434904,-0.1173708264052867,-0.0931305575095117
1776177767068567800,26.26156787109375,0.0734403531335294,-0.0359025035083293,-0.0892202521979808
1776177767078498800,26.27149877929688,-0.0279975756026804,0.0367582435548305,-0.0772485863100737
1776177767088430800,26.281430908203124,-0.0697137338258326,0.0841126999258995,-0.0615958207566291
1776177767098362600,26.29136254882813,-0.1333821961380541,0.1408364576667547,-0.0614949907306581
1776177767108294000,26.3012939453125,-0.1514556129671633,0.154288059914112,-0.0801895351327955
1776177767118226000,26.31122583007813,-0.1847372664526105,0.1455401053130626,-0.0821184573687612
1776177767128157000,26.32115698242188,-0.2006244252838194,0.105747608628869,-0.0644474107954651
1776177767138088700,26.33108862304688,-0.1813281886614859,0.1032055229306221,-0.0812930393952876
1776177767148019700,26.341019775390624,-0.0994143139541149,0.1092635077953338,-0.0849272311791777
1776177767157951700,26.35095166015625,0.0329413156151771,0.094527710956335,-0.0704155254196375
1776177767167883800,26.3608837890625,0.1546133463457226,0.046134559187293,-0.0625492490239441
1776177767177814800,26.370814697265622,0.1979357707217335,-0.0274678526401519,-0.0872518747344613
1776177767187746800,26.38074682617188,0.2163409037232398,-0.0964133785724639,-0.0831165284954011
1776177767197677800,26.390677734375,0.1791045212626457,-0.1250403381198644,-0.0765989632949233
1776177767207609900,26.40060986328125,0.2628689922727644,-0.1247942544043064,-0.0928206878427416
1776177767217541600,26.41054174804687,0.233206844458729,-0.1435632522821426,-0.0629152327921241
1776177767227473000,26.420472900390624,0.0347241073787212,-0.1498340031147003,-0.0832932002365589
1776177767237405000,26.430405029296875,-0.166228819207102,-0.0505301637977361,-0.0268511089812964
1776177767247335700,26.440335693359376,-0.4810742285631597,0.1044195748955011,0.0322333865415304
1776177767257267700,26.450267822265623,-0.6772142019093036,0.2268529453873634,0.0650021951340138
1776177767267198700,26.46019873046875,-0.7152410040952265,0.3270283068418502,0.0908018223010003
1776177767277130800,26.470130859375,-0.6152094350256025,0.4477817614227533,0.0954804816365242
1776177767287062800,26.480062744140625,-0.4042518317759037,0.5038473475158214,0.0643470191609114
1776177767296993800,26.48999389648437,-0.243922153609991,0.5222913512229919,0.0015576777707785
1776177767306925800,26.49992578125,-0.0058554480299353,0.6070943715006113,0.0118310883734375
1776177767316856800,26.50985693359375,0.1900055622443556,0.6423673449337483,-0.0054752165406942
1776177767326788900,26.519788818359373,0.328578458893299,0.6253203485429286,-0.0577750203594565
1776177767336720000,26.529719970703123,0.5787959132552146,0.6075204879581928,-0.0958085445471108
1776177767346652000,26.53965185546875,0.9363092286013066,0.5259948819160462,-0.1496915259040892
1776177767356584000,26.549583984375,1.158497981569916,0.3303898922294378,-0.2119168036706745
1776177767366514700,26.5595146484375,1.2446670295037328,0.1128285068005323,-0.2460227791510522
1776177767376446700,26.56944677734375,1.184688069359213,-0.1322936702489852,-0.2476388360455632
1776177767386377700,26.57937768554688,0.9756522279523312,-0.3357376829981803,-0.2247040237251669
1776177767396309800,26.589309814453124,0.5038702899999916,-0.5147802449405193,-0.1632601786598563
1776177767406240800,26.59924072265625,0.0663746525309979,-0.6616068829327821,-0.1022469800967723
1776177767416172800,26.6091728515625,-0.2670809108793735,-0.7441711843729019,-0.0339008082970976
1776177767426104800,26.61910473632813,-0.5815921198450028,-0.7959948951125144,-0.0537337821446359
1776177767436035800,26.62903588867188,-0.7668461036480962,-0.856699831444025,-0.0642277036301791
1776177767445967600,26.63896752929688,-0.7451753929793834,-0.7989204271703958,-0.0829815770041197
1776177767455899000,26.64889892578125,-0.6804676507472992,-0.7001783133894205,-0.1013712201755493
1776177767465831000,26.65883081054688,-0.5959060380101203,-0.5743862801194191,-0.0848415987223386
1776177767475762000,26.668761962890624,-0.4918352765522897,-0.4501099121093749,-0.0469288513701409
1776177767485693700,26.678693603515622,-0.4352805917680263,-0.2921206595897674,-0.0534575224865227
1776177767495625700,26.68862573242188,-0.3430443527497351,-0.1226367841094732,-0.0397612978283315
1776177767505556700,26.698556640625,-0.2198234851419925,0.0211503400564193,-0.0084331895634531
1776177767515488800,26.70848876953125,-0.1591023283280432,0.0972650269657373,-0.0317427534803748
1776177767525419800,26.71841967773437,-0.144060388149321,0.183438166552782,0.0072475599754601
1776177767535351800,26.728351806640624,-0.1313363695241511,0.292175604647398,0.0270909090865403
1776177767545283800,26.738283935546875,-0.1474889012932777,0.3577776653707027,0.027835589974001
1776177767555214800,26.74821484375,-0.2057214561618864,0.3929302272945642,0.0241635503977537
1776177767565146600,26.758146728515623,-0.2605402570642531,0.4164630785733461,0.063919222202897
1776177767575078000,26.768077880859376,-0.2779028952755034,0.479741080263257,0.0983311948925256
1776177767585010000,26.778010009765627,-0.2494087683275342,0.5167027374356985,0.1473125218130648
1776177767594941000,26.78794091796875,-0.1580231547892093,0.5133972661495209,0.1524772841650992
1776177767604872700,26.79787280273437,-0.0438321274638175,0.4864385320752858,0.160477123812586
1776177767614804700,26.8078046875,0.0942836730673909,0.4672118535578251,0.1773777705352753
1776177767624735700,26.81773583984375,0.2581073308289051,0.3347083399504423,0.095291534935683
1776177767634667800,26.827667724609373,0.4316856360159814,0.4433370569735765,0.2022752612307667
1776177767644598800,26.837598876953123,0.8806301576077937,0.5612643482178449,0.2776096844825893
1776177767654530800,26.84753076171875,1.0527778454698622,0.3817307878881693,0.0660886021312326
1776177767664461800,26.8574619140625,0.9381927042603492,0.2524222709298134,-0.0122370388258248
1776177767674393900,26.867393798828125,0.7474770940504968,0.1851058075040578,-0.0404657197706401
1776177767684325600,26.87732568359375,0.4488870923161506,0.1583136621683835,-0.0497935931514948
1776177767694257000,26.8872568359375,0.2949835016749799,0.1873030252873897,-0.0228092131793498
1776177767704189000,26.89718896484375,0.1370445180378854,0.1922662006527185,0.0591159135743975
1776177767714119700,26.90711962890625,-0.0480862777769565,0.1361678813338279,0.0647186289522796
1776177767724051700,26.9170517578125,-0.246190098541975,0.1010088896691799,0.029955577802658
1776177767733983700,26.92698364257813,-0.2946893410339951,0.0038555063843727,0.0777572664845734
1776177767743914800,26.93691479492188,-0.233082779687643,-0.0628249972254037,-0.0268096809923648
1776177767753846800,26.9468466796875,-0.1201965513505041,-0.1854477528095245,-0.0469651647925376
1776177767763777800,26.95677783203125,0.0857248112976551,-0.2964893761932849,-0.0510769109603017
1776177767773709800,26.96670971679688,0.2792600089728832,-0.392805724132061,-0.0293732478700578
1776177767783640800,26.976640869140624,0.4647136070013046,-0.4794096563518047,-0.0293823079593479
1776177767793572900,26.98657275390625,0.6179027657628059,-0.5798632502257823,-0.0426326154809445
1776177767803504600,26.99650463867188,0.7207048224590719,-0.5989817921936512,-0.0561086945824325
1776177767813436000,27.006435791015623,0.541241550886631,-0.5993026947110891,-0.1087387532688677
1776177767823368000,27.01636791992188,0.1736427487254142,-0.6179536191672086,-0.1445101777434349
1776177767833298700,27.02629858398437,-0.2436928748987614,-0.5165460855692625,-0.114208782177791
1776177767843230700,27.036230712890625,-0.6324748964726925,-0.3145785751134157,-0.0452183941904455
1776177767853161700,27.04616162109375,-0.8281599656581878,-0.1757370906561613,0.0075403323769569
1776177767863093800,27.05609375,-0.8627661457456648,-0.0829986012041568,0.0577913139071315
1776177767873025300,27.066025390625,-0.797852359547466,-0.002877601262927,0.0419624611344188
1776177767882956000,27.0759560546875,-0.6785163705490529,0.0105693248093128,0.0438349770080298
1776177767892888000,27.08588818359375,-0.4836204059146344,0.0687356825739145,0.0519305321149528
1776177767902819000,27.09581909179688,-0.2829799062788486,0.1289589728683233,0.1108547225095331
1776177767912750800,27.105750732421875,-0.1037502973318099,0.166485278186202,0.1331504332087933
1776177767922682000,27.11568212890625,0.0496997043229639,0.203414202132821,0.1043134111072868
1776177767932614100,27.1256142578125,0.1835154695726931,0.2089163066804409,0.1166498186543583
1776177767942546200,27.135546142578125,0.2538297996401786,0.214378663739562,0.1216157704986631
1776177767952477000,27.145476806640627,0.2226211530365049,0.161623225107789,0.1208583762601017
1776177767962409000,27.15540893554688,0.1231258828006684,0.1612730964958667,0.1165486233022063
1776177767972340200,27.16534033203125,0.0234463420391082,0.1356219378888607,0.1016365931134671
1776177767982272300,27.17527221679688,-0.1131119999170303,0.1352858378022909,0.0718143593668937
1776177767992204300,27.185204345703124,-0.1758664161242544,0.0959480991482734,0.0897430339630693
1776177768002135000,27.195135009765625,-0.2182349007762968,0.0359825830072164,0.1047835128370672
1776177768012067000,27.205067138671875,-0.2436449441038072,-0.0320341376423835,0.1002810868512839
1776177768021998000,27.214998046875,-0.2247850530721247,-0.0705523766070604,0.1167730066426098
1776177768031929900,27.224929931640624,-0.1699837878264486,-0.1071937157839536,0.1260908700861036
1776177768041861000,27.234861083984377,-0.174847009948641,-0.1165618481099605,0.1027032724969089
1776177768051793200,27.244793212890624,-0.2111762144364416,-0.1265261927634477,0.1552017406929284
1776177768061725200,27.25472509765625,-0.2598410227537155,-0.0821896229088306,0.1852653819799423
1776177768071656000,27.264656005859376,-0.2852279774665832,-0.007523381242156,0.1611681017514318
1776177768081588000,27.274587890625,-0.2818414037682116,0.0449608392328023,0.1722595507387071
1776177768091519200,27.284519287109376,-0.1954759564794599,0.1768371608525514,0.1271481240540742
1776177768101451300,27.294451171875,-0.0075558222070336,0.2729921807497739,0.0991146734204143
1776177768111382000,27.304382080078124,0.1886579470276832,0.2966518732786178,0.0562392621595412
1776177768121314000,27.31431396484375,0.2845641067303717,0.2428214988917112,0.0019644319407641
1776177768131246000,27.32424609375,0.3662041329324245,0.1543804143726825,-0.0154945793170481
1776177768141177000,27.33417700195313,0.4924070850908756,0.1296340956509113,-0.0779845724344253
1776177768151108900,27.34410888671875,0.5479669136188924,0.0849222627431154,-0.0494114619661122
1776177768161040100,27.3540400390625,0.4500761559702456,0.052757192197442,-0.0514207559619098
1776177768170972200,27.36397216796875,0.273772663602978,0.0137958856403827,-0.0471215243980288
1776177768180903000,27.37390283203125,0.0428444316007196,-0.0210293440252542,-0.0303600669503211
1776177768190835000,27.3838349609375,-0.1270880644299089,-0.0236181914746761,-0.0030549305912107
1776177768200767000,27.39376708984375,-0.2351611933968961,-0.0087631521701812,0.0162773271925747
1776177768210698200,27.4036982421875,-0.2552326521754264,0.0301993234306573,0.0547156327888369
1776177768220630300,27.41363037109375,-0.2459047057293355,0.0261497557789087,0.0837492003757506
1776177768230561000,27.42356103515625,-0.1953368402697146,-0.0240150818377733,0.049083545185998
1776177768240493000,27.4334931640625,-0.0648166094340384,-0.0406347927272319,0.020918723257631
1776177768250424000,27.443424072265625,0.1538179581843316,-0.0597457359105348,-0.0040194647744297
1776177768260356000,27.453356201171875,0.2885537608884275,-0.1233224282860755,-0.0413568233914673
1776177768270288000,27.46328784179688,0.3844458920657634,-0.1034440078616142,-0.074648706009984
1776177768280219100,27.47321923828125,0.4353570180051028,-0.0620125117987394,-0.0487983715690672
1776177768290151200,27.48315112304688,0.3060601914845406,-0.0461409889280796,-0.0389213398728519
1776177768300082000,27.49308203125,0.1277870064795017,-0.0433580802112817,-0.0200333187252283
1776177768310014000,27.503013916015625,-0.0378862246714532,0.0032400048345327,0.0259941268257796
1776177768319945200,27.5129453125,-0.2280779571376741,0.0169914668112993,0.0151486154235899
1776177768329877200,27.522877197265625,-0.354793096601963,0.0453916318655014,0.0141821815442293
1776177768339809300,27.53280932617188,-0.4247309945724904,0.059329556325078,0.0378141092833131
1776177768349740000,27.542739990234377,-0.5141607978679239,0.0651642538279295,0.0354836935743689
1776177768359672000,27.552672119140624,-0.4926293495394289,0.0508639257967472,0.0303384396404027
1776177768369603000,27.56260302734375,-0.2805342666923999,0.0157820910215377,0.019222952190414
1776177768379534800,27.572534912109376,-0.0904535933852195,-0.0553220742493867,-0.0138831255324184
1776177768389467000,27.582466796875,0.1173719954490661,-0.0912906287312507,-0.0531950721580535
1776177768399398100,27.592398193359376,0.3579705575942993,-0.0529494998991489,-0.065838865153864
1776177768409330200,27.602330078125,0.4590988358594477,-0.0488747978061437,-0.0971975877527147
1776177768419261000,27.612260986328124,0.5034416893243789,-0.0569207416176795,-0.0883648044124245
1776177768429193000,27.62219287109375,0.4656808445982635,-0.0232931973040103,-0.0960387000411748
1776177768439124200,27.632124267578124,0.3518355619706213,-0.0116401689112186,-0.0672485127560794
1776177768449056300,27.64205615234375,0.1972935272954404,-0.0108516488820314,-0.129152595744282
1776177768458988300,27.65198828125,0.0815082165159285,0.0148100311189889,-0.1213769933067262
1776177768468919000,27.6619189453125,0.0449145158730447,0.03230184866786,-0.1164368334908038
1776177768478851000,27.67185107421875,-0.0405998675443232,-0.005488660544157,-0.1128611669611185
1776177768488782000,27.68178198242187,-0.125142775581032,-0.0309077639609575,-0.0915913652434945
1776177768498713900,27.6917138671875,-0.2059025118172168,-0.0550245526075363,-0.0436618854634463
1776177768508645000,27.70164501953125,-0.2597510063827037,-0.0189478615760803,-0.0057714960735291
1776177768518577200,27.7115771484375,-0.2442285892106592,-0.0022691139757633,0.0282205707035958
1776177768528509200,27.72150927734375,-0.17476970692873,0.0243184486985206,0.0589860766496509
1776177768538440000,27.73143994140625,-0.1270807579062879,0.0507955367356538,0.0157327719870954
1776177768548372000,27.7413720703125,-0.012336919003725,0.0895411547154188,-0.0135857500210404
1776177768558303200,27.75130322265625,0.1912532242178916,0.1386468386679887,-0.0306225172787904
1776177768568235300,27.7612353515625,0.4047825776517391,0.1819862141788005,0.0193006205365061
1776177768578166000,27.771166015625,0.5252933095179498,0.1689297487288713,0.0206417329471558
1776177768588098000,27.78109814453125,0.5435527504384517,0.1649853950172662,0.0994138755626976
1776177768598030000,27.79103002929688,0.439685402598232,0.1065501571834087,0.1272437664482742
1776177768607961000,27.800961181640623,0.1755915447056293,0.1300935298562049,0.1796943769145756
1776177768617892900,27.810892822265625,-0.150545073993504,0.1253337681084871,0.1671484913352876
1776177768627824000,27.82082421875,-0.4065723836779594,0.1236217034935951,0.1535585765957832
1776177768637756200,27.830756103515625,-0.6569570113003254,0.0958861398279666,0.0728864455778151
1776177768647688200,27.84068823242188,-0.7529505570255219,0.0528711739659309,0.0601828852187842
1776177768657619000,27.850618896484377,-0.6718107354305685,0.0042804537981748,0.0290947231896221
1776177768667551000,27.860551025390624,-0.5059352597057819,-0.0503080454796552,-0.0023510931707918
1776177768677482200,27.87048217773437,-0.3188941002249718,-0.093207276007533,0.0186129305332899
1776177768687414300,27.880414306640624,-0.1399276722587644,-0.1106447330206632,0.0159898885533213
1776177768697345000,27.89034497070313,0.0146234225057065,-0.0569938068538904,0.0372474883764982
1776177768707277000,27.900277099609376,0.1836589696966111,-0.0304863236784934,0.0430761214647442
1776177768717209000,27.910208984375,0.3139163118124008,-0.0047387189596891,0.0128151309747248
1776177768727140000,27.92014013671875,0.3629014381252229,0.0609118570804595,-0.0083629738714545
1776177768737071900,27.93007177734375,0.3832162041403353,0.0847264479100704,-0.0417249260514974
1776177768747003100,27.940003173828124,0.3083772362552583,0.0794756877750158,-0.0171926884718239
1776177768756935200,27.94993505859375,0.2510648649714887,0.0858019681870937,0.0107412473101168
1776177768766866000,27.95986596679688,0.1729892532527446,0.0275835879743099,0.0099788846354931
1776177768776798000,27.9697978515625,-0.0410688002303242,-0.037859482795,0.0252048030789941
1776177768786730000,27.97972998046875,-0.2771910937443375,-0.0848947902143001,0.0083680153727531
1776177768796661200,27.9896611328125,-0.5008582487024367,-0.0893406637072563,0.0281144069153815
1776177768806593300,27.99959326171875,-0.6040778001584113,-0.0953244142919778,-0.0085866996247321
1776177768816524000,28.00952392578125,-0.5826784537769854,-0.0820107592105865,-0.0265856629781424
1776177768826456000,28.0194560546875,-0.4229400195024907,-0.0610205781519413,-0.0721608347170054
1776177768836387000,28.029386962890623,-0.1383702136836946,-0.0306067351877689,-0.125045379621163
1776177768846318800,28.03931884765625,0.1466800691284239,0.020132687446475,-0.1577787515740841
1776177768856251000,28.0492509765625,0.4015032637201249,0.0436538482874631,-0.1913334498472511
1776177768866182100,28.05918212890625,0.6010733576454221,0.0620832389473915,-0.1671249643292278
1776177768876114700,28.06911474609375,0.7075649165093898,0.0602916793555021,-0.1143530129540711
1776177768886045700,28.07904565429688,0.7780724310614168,0.0808557439565658,-0.1767965365812182
1776177768895977700,28.088977783203124,0.6343745926141738,0.1218710604339838,-0.1600285763274878
1776177768905908500,28.098908447265625,0.2863490904510021,0.1243488487243652,-0.1453529852431267
1776177768915840500,28.108840576171875,-0.0090169808007776,0.0861211171388626,-0.1258926441002637
1776177768925772500,28.1187724609375,-0.2874107283331453,0.1139583876132965,-0.102754272031784
1776177768935703800,28.12870385742188,-0.5198223307609557,0.0851063871383667,-0.074493807709217
1776177768945635600,28.13863549804688,-0.5812007824398577,0.0109428342968225,-0.1026058034718036
1776177768955566600,28.148566650390624,-0.558607550098747,-0.0431967521697282,-0.1161792054679244
1776177768965498600,28.15849853515625,-0.4351471746467054,-0.0410690924912691,-0.0505292870149016
1776177768975430000,28.168429931640624,-0.2473768241085112,-0.0837222393035888,-0.0871142198294401
1776177768985361700,28.178361572265626,-0.0213759655058383,-0.0100794954657554,-0.0775029994625598
1776177768995293700,28.18829370117188,0.1531375747047364,0.075609075474739,-0.0794176009122282
1776177769005224700,28.198224609375,0.174096337711811,0.0684767393767833,-0.0983208926942199
1776177769015156700,28.20815673828125,0.1503413681149482,0.1030167223602533,-0.1006861605208367
1776177769025087500,28.21808740234375,0.1496552855469286,0.1384855106264352,-0.092495401411131
1776177769035019500,28.22801953125,0.1329272919774055,0.1456733763039112,-0.0579656475607305
1776177769044951600,28.23795166015625,0.0124831956066191,0.1172743802934885,-0.0414797191187739
1776177769054882800,28.2478828125,-0.0593557136796414,0.1047960069924592,-0.0653570729862898
1776177769064814600,28.257814697265623,-0.1241699850261211,0.099936292001605,-0.0308656783849
1776177769074745600,28.26774560546875,-0.2559364165306091,0.0411357279866933,-0.0660736968230456
1776177769084677600,28.277677734375,-0.447215359711647,0.0211129306554794,-0.0938094066191464
1776177769094608600,28.287608642578125,-0.4891349315524101,-0.0075520228147506,-0.1040014956139028
1776177769104540700,28.29754077148437,-0.4405542943872511,0.0099567458689212,-0.1080974596906453
1776177769114472700,28.30747265625,-0.2817841206230223,-0.0043003275424242,-0.0786792036350816
1776177769124403700,28.31740380859375,0.0401588457785546,0.0437736752748489,-0.0751608202505856
1776177769134335700,28.327335693359377,0.2322806695245206,0.0255500363200902,-0.0926931890055537
1776177769144266500,28.3372666015625,0.3094246994815766,0.0079945058852434,-0.123648006978631
1776177769154198500,28.347198486328125,0.3860110955558717,0.0525607928425073,-0.1032309496328234
1776177769164129800,28.3571298828125,0.3826188227690756,0.0370101724892854,-0.0640225364468991
1776177769174061800,28.367061767578125,0.383984119772911,0.0488970096379518,-0.0884349470391869
1776177769183993600,28.37699365234375,0.3196646462060511,0.016583470532298,-0.1029369351223111
1776177769193924600,28.38692456054688,0.2086075329922139,-0.0192605807870626,-0.0650877545256167
1776177769203856600,28.396856689453124,0.0733807319007813,-0.0310194076418876,-0.054501843907684
1776177769213787600,28.40678759765625,-0.0926174934208393,-0.0144277538031339,-0.0858180425390601
1776177769223719700,28.4167197265625,-0.1677940226972103,0.0080517890304327,-0.121207116632536
1776177769233650700,28.426650634765625,-0.1809644699156284,0.0198532859832048,-0.1333393068443983
1776177769243582700,28.43658276367188,-0.217615307573229,-0.0019756839871406,-0.144061411062628
1776177769253514800,28.4465146484375,-0.2372738016366958,0.0042155718684196,-0.1327335960362106
1776177769263445500,28.456445556640624,-0.2720097455836832,0.0386719682216644,-0.0880799230564385
1776177769273377500,28.46637744140625,-0.2911914159156382,0.0608481441944837,-0.1067773900680243
1776177769283308800,28.476308837890624,-0.2558371939398348,0.0513303742647171,-0.1034134665928781
1776177769293240600,28.486240478515622,-0.1631659245051443,0.0785018743067979,-0.0916402458865195
1776177769303171600,28.496171630859376,0.0663515639163553,0.1049111578047275,-0.1068712058313191
1776177769313103600,28.506103515625,0.1723850037492811,0.0484954430997371,-0.1186231645539402
1776177769323035600,28.51603564453125,0.1917642424799502,0.0085819503843784,-0.155933562098816
1776177769332966700,28.52596655273437,0.2480933018147945,-0.0061035775721073,-0.1848938452538102
1776177769342898700,28.535898681640624,0.2750982131183147,-0.0084738138347864,-0.1992177733562886
1776177769352829700,28.54582958984375,0.2841759841956198,-0.0538660302221775,-0.2214956561379134
1776177769362761700,28.55576171875,0.2189000866867601,-0.0464262356102466,-0.2312174972724169
1776177769372693800,28.56569384765625,0.1760031942464411,-0.0085685063809156,-0.2064791426613926
1776177769382624500,28.57562451171875,0.0061399640597403,0.0145621938377618,-0.1701581214800477
1776177769392556500,28.585556640625,-0.2255529687047004,0.0098404260128736,-0.0927175927944481
1776177769402487800,28.59548779296875,-0.3698514033935964,-0.0115782095909118,-0.0323863120809197
1776177769412419600,28.60541967773437,-0.4163910362504422,0.0013467384338378,0.0052118163641542
1776177769422350600,28.6153505859375,-0.3540491463668644,-0.000628361031413,-0.0060749359995126
1776177769432282600,28.62528271484375,-0.2489126553736627,-0.0397609325021505,-0.0481692068200558
1776177769442214700,28.635214599609377,-0.1516832842431962,-0.0570557661741971,-0.0210726717103272
1776177769452145700,28.645145751953127,-0.0603014700971543,-0.04028407959342,-0.0358538420610129
1776177769462077700,28.65507763671875,0.0339385099589824,-0.0140372931808233,-0.0373320248547941
1776177769472008700,28.6650087890625,0.1079039098799228,-0.0237578922063112,-0.0780069303967058
1776177769481940700,28.674940673828125,0.1039667165614664,-0.0391126977264881,-0.0844695505395531
1776177769491871500,28.68487158203125,0.1176363454736769,-0.0383493121385574,-0.0608317775815725
1776177769501803500,28.69480346679688,0.120399964968115,-0.045722471255064,-0.0308663359720259
1776177769511735600,28.704735595703124,0.0543956070542335,-0.0689525401949882,-0.0193782888825982
1776177769521666800,28.71466674804688,-0.0386402579091489,-0.1003530561089515,-0.0014061404708772
1776177769531598600,28.7245986328125,-0.1590354005716741,-0.0816173759788274,0.0285413270905613
1776177769541529600,28.734529541015625,-0.2595228967152536,-0.0520259553134441,0.033723844294995
1776177769551461600,28.74446166992188,-0.2788436832569539,-0.004619476494193,0.0204589237261563
1776177769561392600,28.754392578125,-0.2340681374631822,0.022256839993596,0.004963613756746
1776177769571324700,28.76432470703125,-0.1815045681416988,0.0158031338095664,-0.0091755323633551
1776177769581256700,28.77425659179688,-0.1051285999476909,0.0470884989112615,-0.0155390760459005
1776177769591187700,28.784187744140624,0.0134812667332589,0.0900812529414892,-0.029909473638609
1776177769601119700,28.79411962890625,0.0288869256578385,0.0991775825887918,-0.0273707489412277
1776177769611050500,28.804050537109376,0.0516433857366442,0.0815665225744247,-0.0325669293448328
1776177769620982500,28.813982421875,0.0695065208159387,0.1365226861208677,0.0220415167424827
1776177769630913800,28.823913818359376,0.0829838420264422,0.1308136608242988,0.03901354820095
1776177769640845800,28.833845703125,0.0990647698640823,0.0711567722409963,0.0485660241179168
1776177769650777600,28.843777587890624,0.036094372818619,0.0129658645570278,0.0894702814362943
1776177769660708600,28.85370849609375,0.0030266543447971,-0.02392798807621,0.0533254205394536
1776177769670640600,28.863640625,-0.0266762638710439,-0.0691758275568485,0.0255679373029619
1776177769680571600,28.87357153320313,-0.1311981300972402,-0.1193406651735305,-0.0212851454172283
1776177769690503700,28.883503662109376,-0.1801950929783284,-0.1236807402044534,0.0107891781050711
1776177769700434700,28.8934345703125,-0.1629987512446939,-0.079070614105463,0.004570961177349
1776177769710366700,28.90336669921875,-0.1586592607356607,-0.0147398884922266,-0.0070154317200183
1776177769720298800,28.913298828125,-0.0687222385704517,0.0150742350131273,-0.0085882339946925
1776177769730229500,28.9232294921875,0.0023262509904801,0.0333867212951183,-0.0025944734726101
1776177769740161500,28.93316162109375,0.1535316885888576,0.0593564443320035,-0.0004361263949424
1776177769750092800,28.9430927734375,0.2405472703494131,0.0690828885763883,-0.0196135589431971
1776177769760024600,28.953024658203127,0.2771253350317478,0.0415425552219152,-0.0335491453152149
1776177769769955600,28.96295556640625,0.2138638460852205,0.0385240841835737,-0.0288782308947294
1776177769779887600,28.9728876953125,0.0728733669005334,0.0576724367678165,-0.0067537120439112
1776177769789819600,28.982819580078125,-0.0796167036809027,0.0417863008499145,0.0405874464541673
1776177769799750700,28.992750732421875,-0.197425775372982,0.0159808284640312,0.0162991006329655
1776177769809682700,29.0026826171875,-0.2452560325622558,0.0020861586242914,0.0308290727015584
1776177769819613700,29.01261376953125,-0.2815862599633634,-0.0415039767771959,0.046561187101528
1776177769829545700,29.02254565429688,-0.2429997780680656,-0.0362479559451341,0.0185015791133046
1776177769839476500,29.0324765625,-0.1305259299241006,0.0355237333238124,0.0186387225616723
1776177769849408500,29.042408447265625,-0.0696422760248184,0.0607476064294576,-0.0125075993955135
1776177769859340500,29.05234057617188,0.0325660525619983,0.1310030459165573,0.0058058367345482
1776177769869271600,29.062271484375,0.1372235278666019,0.1868377458631992,0.0250135913558304
1776177769879203600,29.07220361328125,0.2668145150281488,0.1820388211488723,0.0382706208791583
1776177769889134600,29.08213452148437,0.3471371750213206,0.1746668310761451,0.0416773605827242
1776177769899066600,29.092066650390624,0.3675942721165716,0.1315308691829443,0.0452975238412618
1776177769908997600,29.10199755859375,0.3513173833154142,0.1024561658680438,0.0212235514231026
1776177769918929700,29.1119296875,0.3355274012483656,0.0823024356335401,0.0053440644416958
1776177769928861700,29.12186181640625,0.2104196969807147,0.0042658407509326,-0.0401522699072957
1776177769938792400,29.13179248046875,0.0609868220128118,-0.0743044226169586,-0.0086869451288133
1776177769948724500,29.14172436523437,-0.0676490563809871,-0.1041430960416793,-0.0120971919637173
1776177769958655500,29.151655517578124,-0.1507328516505658,-0.1081955863028764,-0.011835764548555
1776177769968587500,29.16158740234375,-0.2188764135502278,-0.1017179147213697,-0.0172551592487841
1776177769978518500,29.1715185546875,-0.2477531100749969,-0.094428926756978,0.0160390614572912
1776177769988450600,29.18145043945313,-0.2416062778830528,-0.0449888962835073,0.0085386226993054
1776177769998382600,29.191382568359376,-0.2141886941254139,-0.0077443305164575,-0.016588292837888
1776177770008313600,29.201313720703126,-0.1446750129163265,0.0182160401701927,-0.0110842155288904
1776177770018245400,29.211245361328125,-0.0360720148563385,0.0516390018224716,-0.031200097971037
1776177770028176600,29.2211767578125,0.0901240691699087,0.0894452931255102,0.0157377404231578
1776177770038108700,29.231108642578125,0.1374668351031839,0.0894733501762151,0.0585534573860466
1776177770048039700,29.241039794921875,0.114666974274069,0.0948217254668474,0.0601836889363825
1776177770057971500,29.25097143554688,0.0577612840950489,0.0908224266976118,0.06249167361781
1776177770067903500,29.260903564453123,-0.021024083328247,0.0594037906050682,0.0365226081680506
1776177770077834500,29.27083447265625,-0.1017372039437294,8.59247177839e-05,-0.0039596974112093
1776177770087766500,29.2807666015625,-0.1358802965641021,-0.009412555989623,-0.0223421071242541
1776177770097697500,29.290697509765625,-0.1255050330221652,-0.0487707529097795,-0.0608053279660642
1776177770107629600,29.300629638671875,-0.1106125843167304,-0.0799631790310144,-0.0645828737433999
1776177770117561600,29.3105615234375,-0.0557153113506734,-0.0803109695553779,-0.0563373157065361
1776177770127492600,29.32049267578125,0.0130560270585119,-0.0286100084125995,-0.0391770681995898
1776177770137424400,29.33042431640625,0.0836203863643109,0.0267430454969406,-0.0028348580997437
1776177770147355600,29.340355712890624,0.0942538624510169,0.035265374648571,-0.0109431996230036
1776177770157287700,29.35028759765625,0.083758333530277,0.0403945542305707,-0.0247376239586621
1776177770167218700,29.36021875,0.1193440261743962,0.0876952345877885,-0.02385105038248
1776177770177150500,29.370150390625,0.169852562662214,0.1225029285967349,-0.0190154469195753
1776177770187082500,29.38008251953125,0.2078733734987676,0.0921487068653106,-0.0082458502978086
1776177770197013500,29.39001342773437,0.2297626953542232,0.0703179833292961,0.0103418727289885
1776177770206945500,29.399945556640624,0.2524877373814582,0.0917939020782709,0.0455644311491399
1776177770216876500,29.40987646484375,0.1589094361044466,0.0675742375791072,0.0639852731764316
1776177770226808600,29.41980859375,0.0144119717121124,-0.0024093992292881,0.0581908346187323
1776177770236739600,29.42973950195313,-0.0923451062202453,-0.0303916311323642,0.0720308516617864
1776177770246671600,29.439671630859376,-0.2392985854625701,-0.0544411997616291,0.0451817154418677
1776177770256603400,29.44960327148437,-0.3020458412766456,-0.0352864174365997,0.0057681350726634
1776177770266534700,29.45953466796875,-0.2588553727172315,-0.0088946695953607,-0.0380351316228508
1776177770276466700,29.469466796875,-0.1940602444626391,0.0269125568449497,-0.0726341513171792
1776177770286397400,29.4793974609375,-0.1272680971719324,0.0074631754875183,-0.0976199778832495
1776177770296329500,29.48932958984375,-0.0683750325679779,0.0293044204175472,-0.1099311779238283
1776177770306260500,29.49926049804688,-0.0120082715712487,0.0740577543795108,-0.0754341572992503
1776177770316192500,29.509192626953126,0.195813517870754,0.1204372282385826,-0.0417911962207406
1776177770326124500,29.51912451171875,0.4055900946423411,0.1111935990750789,-0.0043937049143016
1776177770336055600,29.5290556640625,0.4855447981059551,0.0399205069780349,0.0088200699891895
1776177770345987600,29.538987548828125,0.5118085356533527,0.010526070189476,0.002820756509155
1776177770355918600,29.548918701171875,0.4001357747592031,-0.0106084877759218,-0.0160451258718967
1776177770365850600,29.5588505859375,0.1996060420215129,-0.0010322656571865,-0.0526428451027721
1776177770375781600,29.56878173828125,0.0619056904233992,0.0257791689008474,-0.0829041278537362
1776177770385713700,29.57871362304688,-0.0821077898442745,0.0045236149042844,-0.0932283187955617
1776177770395645700,29.588645751953123,-0.2712486980833113,-0.0162327573984861,-0.0487589894067496
1776177770405576400,29.598576416015625,-0.4840460839807987,-0.068261050799489,-0.0006157938107848
1776177770415508500,29.608508544921875,-0.6633363370738923,-0.1008078141391277,-0.0118193979356437
1776177770425439500,29.618439453125,-0.7229903030477464,-0.0679272888004779,0.0049060383506119
1776177770435371500,29.62837158203125,-0.6339432154595852,-0.0426332730680704,0.0793594409842044
1776177770445302500,29.638302490234373,-0.4391596251584589,-0.0259165315449237,0.041331762015447
1776177770455234600,29.648234619140624,-0.2228608070112764,-0.0366910235375165,0.0241363701298832
1776177770465166600,29.65816650390625,0.0525999558091163,-0.0412421109706163,0.0348147082716226
1776177770475097600,29.66809765625,0.3639547465704381,0.0279477451115846,0.027846695889905
1776177770485029400,29.678029296875,0.5652805981218815,0.0423076943755149,-0.0098857995245605
1776177770494960600,29.687960693359376,0.6103579033412039,0.0420890831887722,-0.0780208127915859
1776177770504892700,29.697892578125,0.5255646738052367,0.0794943924754858,-0.0762475925739854
1776177770514823700,29.70782373046875,0.373817092154175,0.1157517007708549,-0.0729623603582382
1776177770524755500,29.71775537109375,0.2263223456420004,0.0986421605378389,-0.0733523825891315
1776177770534687500,29.7276875,0.0742586837790906,0.0983925696909427,-0.0210069860629737
1776177770544618500,29.73761840820313,-0.1229307986199855,0.0170984343171119,0.0242595581181347
1776177770554550500,29.747550537109376,-0.2969650308810174,-0.0203127201884984,0.073892480815202
1776177770564481500,29.7574814453125,-0.388247622436285,-0.0066495210170745,0.1265337184827774
1776177770574413600,29.76741357421875,-0.3166856303952634,-0.0127186117976903,0.1042846234042197
1776177770584344600,29.77734448242187,-0.2489126553736627,-0.0324672683626413,0.0789256526768207
1776177770594276600,29.787276611328124,-0.1715488451860845,-0.0319762699753046,0.0277449890810996
1776177770604208400,29.79720849609375,-0.0429763874173164,0.0083422964096069,0.0036994390398263
1776177770614139600,29.8071396484375,0.1032825336895883,0.0210346047222614,0.0066114540290087
1776177770624071700,29.81707177734375,0.2187069022022187,0.002633271113038,-0.0203648157019168
1776177770634002700,29.82700268554688,0.3048199821650981,0.0396451971679925,-0.0540171291306614
1776177770643934500,29.8369345703125,0.2912953146815299,0.0575368276894092,-0.068597589277476
1776177770653865500,29.846865478515625,0.2190111458458006,0.0692395404428243,-0.0605647972084581
1776177770663797500,29.856797607421875,0.1199907996453344,0.1014011038571596,-0.0651970601189881
1776177770673729500,29.8667294921875,0.0157389825321733,0.1221720892071723,-0.0241618698973208
1776177770683660500,29.87666064453125,-0.0247287830650806,0.1327192021846771,-0.0295260272789746
1776177770693592600,29.88659252929688,-0.0703672292985022,0.0907557912021875,0.0135872113257646
1776177770703523600,29.896523681640623,-0.1065840594530105,0.0132324065387248,0.0587008299674838
1776177770713455600,29.90645556640625,-0.2005541365265846,-0.0663987640589475,0.0419674295704811
1776177770723387400,29.916387451171875,-0.2548059511959553,-0.0686895053446292,0.0373724299304187
1776177770733318700,29.926318603515625,-0.2649580735065043,-0.0561941809087991,0.0706711806811392
1776177770743250700,29.936250732421875,-0.1764449466645717,-0.0424842199862003,0.0283574949562549
1776177770753181400,29.946181396484373,-0.0629771190471947,-0.0060427872955799,0.0363960591789335
1776177770763113500,29.956113525390624,-0.0008183306455612,0.0415039767771959,0.0010229133069515
1776177770773044500,29.96604443359375,0.0371929817102849,0.0193663792490959,-0.0245317991882562
1776177770782976500,29.9759765625,0.0592480155214667,0.0403904625773429,-0.0209416657418012
1776177770792907500,29.985907470703125,0.1548233358345925,0.0748982968568801,-0.0025053338844329
1776177770802839600,29.995839599609376,0.1972165165364742,0.0581511601954698,-0.0056931701403111
1776177770812771600,30.005771484375,0.1859555562011897,0.0343418300628662,0.0059931029349565
1776177770822702600,30.01570263671875,0.1458348504759371,0.000266541981697,0.0041891953181475
1776177770832634600,30.02563452148437,0.0404009839713573,0.000139700731635,-0.037215193542093
1776177770842565600,30.035565673828124,-0.02308861464262,-0.0447919124066829,-0.0067548810876905
1776177770852497700,30.04549755859375,-0.1003156467080116,-0.0400713136255741,-0.0443110700871795
1776177770862428700,30.0554287109375,-0.1915359866820275,-0.0128337626099586,-0.0145009651698172
1776177770872360700,30.06536059570313,-0.2618340962670743,0.0056774611145257,0.0117016898401081
1776177770882292700,30.075292724609376,-0.2938203031145036,3.1564182043e-05,0.0174902831789106
1776177770892223500,30.08522338867187,-0.230096018961817,-0.0233873053282499,0.0010281009387224
1776177770902155500,30.095155517578124,-0.1017757823884487,0.0280669875770807,-0.0044523762989789
1776177770912086800,30.10508666992187,0.0292893689788877,0.0310515563458204,-0.0489607225239276
1776177770922018800,30.115018798828125,0.1695804677225649,-0.0080389295488595,-0.0420011857096105
1776177770931949600,30.124949462890623,0.2276702531196177,-0.0366319868266582,-0.0272559634551405
1776177770941881600,30.13488159179688,0.2445676119066774,-0.0019178163200616,-0.0476304237682372
1776177770951813600,30.144813720703127,0.1702091210149228,-0.0036895021677017,-0.0549771332692354
1776177770961744600,30.15474462890625,0.0392504987619817,0.0099064769864082,-0.0468283136051148
1776177770971676700,30.1646767578125,-0.0512146389305591,0.0581084900975227,-0.046424993501231
1776177770981607700,30.174607666015625,-0.1559374345563352,0.0662713382869958,-0.064152811763063
1776177770991539700,30.184539794921875,-0.1779166266523301,0.0606172580480575,-0.0545054241042584
1776177771001470500,30.194470458984377,-0.1610929176233708,0.0344365226089954,-0.0427744351044297
1776177771011402500,30.204402587890623,-0.059653965973854,0.021367197677493,-0.0064640083823353
1776177771021334500,30.21433447265625,-0.0018880057036876,-0.01611351493299,0.0226341488733887
1776177771031265800,30.224265869140623,0.0303461845554411,-0.0383212550878524,0.0687792294546961
1776177771041197800,30.23419775390625,0.0166261406302452,-0.0210264214158058,0.0649468847502023
1776177771051128600,30.24412866210937,-0.0018435820400714,-0.0288560921281576,0.0432256860032677
1776177771061060600,30.254060546875,0.0231796539269387,-0.0092670100390911,0.0010836305182427
1776177771070992600,30.26399267578125,0.0416483536839485,0.0167857151061296,-0.0042172523688524
1776177771080923600,30.273923583984377,0.039804771643877,0.0280102889537811,-0.0420548886582255
1776177771090855700,30.283855712890624,-0.0165947225786745,0.0234369896888732,-0.0395932477850466
1776177771100786700,30.29378662109375,-0.0581108281850814,0.0170920045763254,-0.0427570455782115
1776177771110718700,30.30371875,-0.0350021936677396,0.0214116213411092,-0.0712594288978725
1776177771120649500,30.3136494140625,-0.0157971424601972,0.0075040920197963,-0.0742857179164886
1776177771130581500,30.32358154296875,-0.0408978275775909,0.0193336460232734,-0.0794550103131681
1776177771140513500,30.33351342773437,-0.0814681767664849,0.0101040453851223,-0.0961252823460847
1776177771150444800,30.34344482421875,-0.1284310034714639,6.83890610933e-05,-0.0664992287587374
1776177771160376600,30.35337646484375,-0.0937279388807714,0.0236485866129398,-0.0626572394430637
1776177771170307600,30.3633076171875,-0.07743029955253,0.0426870490819215,-0.0654139177400618
1776177771180239600,30.37323950195313,-0.0892975552178919,0.0465460625976324,-0.0511604245252907
1776177771190171000,30.3831708984375,-0.0436861431218683,0.0699415512323379,-0.0442226611513644
1776177771200102700,30.3931025390625,0.0346047187827527,0.0666711512595415,-0.0676898267827928
1776177771210034700,30.40303466796875,0.0813512723885476,0.0648614714890718,-0.0609737433355301
1776177771219965700,30.41296557617187,0.1722330280579626,0.0287058700025081,-0.0485316103916615
1776177771229897700,30.422897705078125,0.2040950240038335,0.0063145899742841,-0.0509391099248081
1776177771239828500,30.432828369140623,0.188198658952862,0.0248088625639677,0.0037596447944641
1776177771249760500,30.44276049804688,0.1880009444236755,0.0505149662286043,-0.0040856618784368
1776177771259691800,30.45269189453125,0.0332148718595504,0.0615203443676233,-0.027761428759247
1776177771269623800,30.46262377929688,-0.080134590075165,0.0280132115632295,-0.0153043905071914
1776177771279555600,30.4725556640625,-0.1474880245104432,0.0067085577279329,-0.0125941817004233
1776177771289486600,30.482486572265625,-0.2070692175090313,-0.0577314734786748,-0.0368590005155652
1776177771299418600,30.492418701171875,-0.1728477989554405,-0.0490302806288003,-0.0316866393789649
1776177771309350000,30.502349853515625,-0.079504183217138,-0.0306266089320182,-0.0272465380396693
1776177771319281700,30.51228173828125,-0.0161748897314071,-0.0123801736235618,-0.0177237266086041
1776177771329212700,30.522212646484373,0.063995794570446,0.0151379478991031,-0.0176129597105085
1776177771339144700,30.532144775390623,0.1012180023752152,0.0420914212763309,-0.0287288124866783
1776177771349076700,30.54207666015625,0.07657704372406,0.0735042121499776,0.0021915186949074
1776177771359007500,30.55200756835937,0.0578688361227512,0.0339589682251215,-0.0092938249807804
1776177771368939500,30.561939453125,0.0228115512669086,0.0224848035305738,-0.0369318465560674
1776177771378870800,30.57187084960937,0.0100233813643455,0.0202308871239423,-0.0101199736066162
1776177771388802800,30.581802734375,-0.0111586690045893,-0.0073187985807657,-0.020221753969416
1776177771398733600,30.591733642578124,-0.0036019700147211,-0.0619382775187492,-0.0334585444223135
1776177771408665600,30.60166552734375,-0.0241492296114563,-0.0499316133826971,-0.023852438621968
1776177771418597600,30.61159765625,0.043225101481378,-0.0218453365832567,-0.0042359570693224
1776177771428528600,30.62152856445313,0.0004006897553801,-0.0076373630106449,-0.0223009713962674
1776177771438460700,30.631460693359376,-0.0633214024402201,-0.0126578215211629,-0.0108311906158924
1776177771448391700,30.6413916015625,-0.1086287170231342,-0.0413935021400451,0.0229389039736241
1776177771458323700,30.65132373046875,-0.1110159044206142,-0.0119511345565319,0.003201645585522
1776177771468254500,30.66125439453125,-0.0818384713836014,0.0304869082003831,0.035018268019706
1776177771478186500,30.6711865234375,0.0127859779454767,0.0434445894509553,0.0096310210458934
1776177771488118500,30.68111840820313,0.0509727929987013,0.0599649316191673,-0.0245124369006603
1776177771498049800,30.6910498046875,0.0540061693452298,0.0545727171868085,-0.0160249598667025
1776177771507981800,30.70098193359375,0.068465195069462,0.0686158555865287,-0.0198747671626508
1776177771517912600,30.71091259765625,0.0688426500797271,0.0455319171190261,0.0124185328725725
1776177771527844600,30.7208447265625,0.0347581557787954,0.0034270518392324,-0.0202112325754016
1776177771537775900,30.73077587890625,0.0016014438472688,-0.0079144263863563,-0.0391094828560948
1776177771547707600,30.740707763671875,-0.0041359307609498,-0.0089209730803966,-0.0544694029428064
1776177771557639700,30.7506396484375,-0.0565991084478795,-0.0170715463101863,-0.0549058215986937
1776177771567570700,30.76057080078125,-0.0855788269557058,-0.0108475572288036,-0.0312760858166962
1776177771577502700,30.77050268554688,-0.0900818374633789,-0.0100227968424558,-0.0090456223733723
1776177771587433500,30.78043359375,-0.1247474926531314,0.0062958852738142,-0.0160358465868979
1776177771597365500,30.790365478515625,-0.1212428455330431,0.0217097275048494,0.0051302024953067
1776177771607296800,30.800296875,-0.1665991138242185,0.0152379011422395,-0.0118060269974172
1776177771617228800,30.810228759765625,-0.2407705577112734,-0.0055938744843006,-0.0455590973868966
1776177771627160600,30.82016064453125,-0.2018015062391757,0.0221872818887233,-0.0215213653258979
1776177771637091600,30.830091552734373,-0.121811877592653,0.0408545729577541,-0.0510402322117239
1776177771647023600,30.840023681640623,-0.0004991816937923,0.0055056116789579,-0.0415893900383263
1776177771656955000,30.849954833984373,0.0881553994454443,4.85153168439e-05,-0.0422444929461926
1776177771666886700,30.85988671875,0.0537597933687269,0.0426437944620847,-0.0431192299541085
1776177771676817700,30.869817626953125,-0.0373977105021476,-0.0107727384269237,-0.0833460994675755
1776177771686749700,30.87974975585937,0.00995908395648,-0.0139466922879219,-0.0271407395776361
1776177771696681700,30.889681640625,0.0796411074697971,0.019086393263936,-0.0331684023693203
1776177771706612500,30.899612548828124,0.121018242996931,-0.0450555317789316,0.0067891486834734
1776177771716544500,30.90954443359375,0.1397673671305179,-0.0804606071591377,-0.0692483813364058
1776177771726475800,30.919475830078124,0.0835677793942391,-0.0208797064214944,-0.0638964258491992
1776177771736407800,30.92940771484375,0.0673462740421295,0.028995208337903,-0.0366864204276353
1776177771746338600,30.93933862304688,0.094860742302984,0.0620189415395259,-0.029806890046969
1776177771756270600,30.9492705078125,0.0447800758384168,0.0733949065566062,-0.0143364222578704
1776177771766202600,30.95920263671875,-0.0607528671264648,0.1019347723424434,0.0181413674987852
1776177771776134000,30.9691337890625,-0.1485749429643154,0.1205260755658149,-0.0008852584019303
1776177771786065700,30.979065673828124,-0.2838159187115728,0.1313151806056499,0.0260908651985228
1776177771795996700,30.98899658203125,-0.2457099138095974,0.1201940671324729,-0.078302625407651
1776177771805928700,30.9989287109375,-0.1473987387917935,0.0224701904833316,-0.0704572456695139
1776177771815859500,31.008859375,0.0309258841395378,0.0112684129893779,-0.094458737373352
1776177771825791500,31.01879150390625,0.2079249575555324,0.0499275217294692,-0.0267312089286744
1776177771835723500,31.0287236328125,0.4185479220233857,0.0948076969414949,0.0547921320911496
1776177771845654800,31.03865478515625,0.5120046427473426,-0.0038701194316148,-0.0085167761936783
1776177771855586800,31.0485869140625,0.3534849366128444,-0.1147322945952415,-0.0146478993598371
1776177771865517600,31.058517578125,0.1894515816234052,-0.1062736783295869,-0.0758431764915585
1776177771875449000,31.06844897460937,0.1302151104092598,-0.0777992789953947,-0.07641622713916
1776177771885380400,31.07838037109375,0.0990847897388041,-0.0110386958867311,-0.0716155488591641
1776177771895312400,31.0883125,0.0372469038546085,-0.0222130008518695,-0.1406474379006773
1776177771905244400,31.098244384765625,-0.0148027245953679,-0.0572130025625228,-0.1355726188544183
1776177771915175200,31.108175048828127,-0.046104748570919,-0.0260053788721561,-0.1275507135055959
1776177771925107200,31.118107177734377,-0.1301110655128955,0.0109819972634315,-0.0896403042409569
1776177771935038200,31.1280380859375,-0.1442738847695291,0.0374456412971019,-0.054934682366997
1776177771944970500,31.137970458984373,-0.1281681147515773,-0.055457683327794,-0.0707536713328212
1776177771954901200,31.1479013671875,-0.0776337131701409,-0.0432668947964906,-0.0747636376265436
1776177771964833300,31.157833251953125,-0.1304544721230864,-0.0130208096146583,-0.020007234435901
1776177771974765300,31.16776538085937,-0.1917535749554633,0.0085334350675344,0.0029646219592541
1776177771984696300,31.1776962890625,-0.2510498135328293,0.0917436331957578,0.0072822659626603
1776177771994628000,31.187628173828124,-0.2938508443832397,0.1341471891611814,0.0099210900336503
1776177772004559400,31.19755932617188,-0.2908754818342626,0.1679629495233297,-0.0098858725897967
1776177772014491400,31.207491455078124,-0.263232418757677,0.2110544877529144,-0.0239042418744415
1776177772024422100,31.217422119140625,-0.1589993063449859,0.1701566601753234,-0.0541145250905305
1776177772034354200,31.22735424804688,-0.1374609898842871,0.1531459041416644,-0.0747285663131624
1776177772044286200,31.2372861328125,-0.1502232946932315,0.1355202310800552,-0.0186834384862333
1776177772054217200,31.24721728515625,-0.1769886981524527,0.0928577319175004,-0.0104128190733492
1776177772064149500,31.2571494140625,-0.2491946871854364,0.0335398660302162,-0.0738413351498544
1776177772074080300,31.267080322265624,-0.1670563560724258,0.0091536127924919,-0.1095420324757695
1776177772084012300,31.27701220703125,0.018000936114788,-0.0600058481514453,-0.0191008601807057
1776177772093943300,31.286943359375,0.2360544889748096,-0.1125865147382021,-0.0472504114747047
1776177772103875300,31.296875244140622,0.3940307358823716,-0.0679635291576385,-0.0463265015628188
1776177772113807000,31.30680712890625,0.447003616657108,-0.0221446117907762,-0.0067868836611509
1776177772123738400,31.31673828125,0.3979341730616986,-0.0751549019664526,-0.0116042208150029
1776177772133670400,31.32667041015625,0.2935330106057226,-0.0032183775246143,-0.0118723702318966
1776177772143601200,31.33660107421875,0.0706909082949161,0.0169897132456302,0.0119890554141253
1776177772153533200,31.346533203125,-0.0346656551897525,-0.0361111778229475,-0.1160170737087726
1776177772163464200,31.35646411132813,-0.0151462773360311,0.046819034320116,-0.0821755943834781
1776177772173396200,31.366396240234376,-0.0662732379831373,0.0278542216092348,-0.1657050875939428
1776177772183328500,31.37632861328125,-0.1642893755771219,0.0588455722004175,-0.1179977991972118
1776177772193259300,31.38625927734375,-0.24664237235412,0.0759761552214622,-0.140118810916692
1776177772203191300,31.39619140625,-0.1341850369535386,0.0814952109038829,-0.0822237443741411
1776177772213122300,31.406122314453125,-0.0466750958047807,0.1050093574821948,-0.0461949841376394
1776177772223054000,31.41605419921875,0.0010170680880546,0.0400906028479337,-0.0917275588437914
1776177772232985300,31.4259853515625,0.1213886837445199,0.0718266343265771,-0.0438277435496449
1776177772242917400,31.43591748046875,0.0321196239687502,0.0610685089468956,0.0245509422801434
1776177772252849400,31.445849365234373,0.123009270683676,0.2291565461546182,0.192513818738237
1776177772262780200,31.4557802734375,0.0539233133673667,0.1669979038834571,0.0641164983406663
1776177772272712200,31.465712158203125,-0.1647333199523389,0.042934301841259,-0.004731047109887
1776177772282643200,31.475643310546875,-0.4199531126461923,-0.0291980374336242,-0.0285874312546104
1776177772292575200,31.4855751953125,-0.4231985243082046,0.0041717327266931,-0.0197718913100659
1776177772302506200,31.49550634765625,-0.3704396516103297,0.0254237795919179,-0.0628246318992227
1776177772312438300,31.50543823242188,-0.3284706146046519,-0.0300976166218519,-0.1068802659206092
1776177772322370300,31.515370361328124,-0.2985493774630129,-0.0586632013708353,-0.0838936503477394
1776177772332301300,31.52530126953125,-0.2501917353987694,-0.0760948131650686,-0.079767583393678
1776177772342233000,31.53523315429688,-0.238494137211889,-0.0167921448469162,-0.0846342395819723
1776177772352164400,31.545164306640626,-0.1971568953037261,0.029593758752942,-0.0513479829866439
1776177772362096400,31.55509643554688,-0.1921032651759684,0.0229880768775939,-0.0164466924101114
1776177772372027400,31.56502734375,-0.2182372388638556,0.0319821151942014,0.0432177949577569
1776177772381959200,31.574959228515624,-0.1895091570295393,-0.0082177932471036,0.0679005469240248
1776177772391891200,31.58489111328125,-0.1777320638656616,-0.0180173027276992,0.0650085518095642
1776177772401822200,31.594822265625,-0.1379882286287844,-0.0228244107484817,-0.0051064562935382
1776177772411754500,31.60475439453125,0.0024715046800673,-0.015035656568408,0.0041508360691368
1776177772421685200,31.614685302734376,0.1993688722647726,0.0056207624912261,-0.0220893744722008
1776177772431617300,31.6246171875,0.3393289854884147,-0.0373649772763252,-0.0422008730001747
1776177772441548300,31.63454833984375,0.483195020109415,0.0188724582523107,-0.1238314737867564
1776177772451480300,31.64448022460937,0.4788509995557367,0.1506359671473503,0.0264219968490302
1776177772461412000,31.654412109375,0.1828326018750667,-0.1991577137321233,0.0081643825594335
1776177772471343400,31.66434326171875,0.0068764616407454,-0.1223860242187976,-0.0472745230026543
1776177772481275400,31.674275390625,0.0787831754662096,0.2840355528116226,0.0847680950947105
1776177772491206100,31.6842060546875,-0.0124598147310316,0.3193026810258627,0.0373939841751009
1776177772501138200,31.69413818359375,-0.3804102068088948,0.0888648628890514,0.0812627903874963
1776177772511069200,31.704069091796875,-0.4358031543374061,-0.0505704958081245,-0.0883463189076632
1776177772521001200,31.714001220703125,-0.1286437694393098,0.1495733063519,-0.0093666710212826
1776177772530933500,31.72393359375,0.1616881070375442,0.0733072282731533,-0.0546802692145109
1776177772540864300,31.7338642578125,0.3527835103452205,-0.0458189173668622,-0.1047464687623083
1776177772550796300,31.74379638671875,0.3925019188798964,-0.0860094734579324,-0.1064617482475936
1776177772560727300,31.75372729492188,0.3202281253077089,-0.0755377638041973,-0.1138434559967368
1776177772570659300,31.763659423828123,0.1122796407461166,-0.039521278527379,-0.0859520441822707
1776177772580590300,31.77359033203125,-0.0972610814429819,0.0033089784175157,-0.0509475124269723
1776177772590522400,31.7835224609375,-0.1894550887547433,0.0238631061464548,-0.0174145145289599
1776177772600454400,31.793454345703125,-0.1764274110078811,0.0578314267218112,0.0023274930994957
1776177772610385200,31.80338525390625,-0.1449767723418772,0.0848924521267414,0.0058602703355252
1776177772620317200,31.81331713867188,-0.1339664257667958,0.0763584325373172,-0.025298691907525
1776177772630248200,31.823248291015624,-0.1201180792868137,0.0446592259377241,-0.0427802803233265
1776177772640180200,31.83318017578125,-0.0185270058155059,0.027646716338396,0.0200901634790003
1776177772650111200,31.843111328125,0.0515394869707524,0.0289385097146034,0.0445168948575854
1776177772660043300,31.853043212890626,0.1204172083638608,0.0328355171531438,0.0385323405552655
1776177772669975300,31.86297534179688,0.191157362627983,0.0316764102458953,0.056021893081814
1776177772679906300,31.87290625,0.2016777337290346,0.0682844316750764,0.0497601292733103
1776177772689838000,31.882838134765624,0.1860650079250335,0.062958852738142,0.0077390698194503
1776177772699769300,31.89276928710937,0.1075882680594921,0.0177238727390766,0.0145960230421274
1776177772709701400,31.902701416015624,0.0377555840291082,0.0250157833129167,0.0034225948598235
1776177772719632400,31.91263232421875,0.0496808534920215,0.0066594578891992,0.0173761552799493
1776177772729564200,31.922564208984376,0.0549088172733783,0.0074281041741371,-0.0340896819327026
1776177772739496200,31.93249609375,0.0189244807004928,-0.0417582437992095,-0.0738850281611084
1776177772749427200,31.94242724609375,-0.0744562521778047,-0.0490951625585556,-0.0317534940700978
1776177772759359200,31.95235913085937,-0.1690295558415353,-0.0140139123052358,-0.047748204929009
1776177772769290200,31.962290283203124,-0.2063794816792011,0.0249608382552862,-0.0315004691570997
1776177772779222300,31.97222216796875,-0.1416892751038074,0.0141921914815902,0.011378303104639
1776177772789153300,31.9821533203125,-0.0408430286504328,0.0213981773376464,0.0035584231339395
1776177772799085300,31.992085205078126,0.0049018005669116,0.0169242467939853,-0.0272854087453335
1776177772809017000,32.00201708984375,0.0214006615556776,0.0390174206584692,-0.0468745638996362
1776177772818948400,32.0119482421875,0.0436592551149427,0.053324178430438,-0.0261490981917828
1776177772828880400,32.02188037109375,0.062189475800842,0.0476636684507131,-0.0339041692979633
1776177772838811400,32.031811279296875,0.0292260944843292,0.0465332031160593,-0.0415521267678588
1776177772848743200,32.0417431640625,-0.0089782562255859,0.0257236393213272,-0.061853302649036
1776177772858674200,32.05167407226563,-0.0474750140108168,0.0016787468671798,-0.0558331655766814
1776177772868606200,32.06160620117188,-0.0267933143794536,0.0218809924185276,-0.0382586381804198
1776177772878538800,32.07153881835937,0.0161889182567596,0.0227823251724243,-0.0158195004224777
1776177772888470000,32.081469970703125,0.0124972241319715,-0.0080734163403511,0.0033775866743177
1776177772898402000,32.091402099609375,0.0351147141315042,-0.020406828212738,-0.013077873564139
1776177772908332800,32.10133276367188,0.0252631822027266,-0.0260451263606548,-0.0003553162436932
1776177772918264800,32.11126489257813,-0.0679261197566986,-0.0581996755123138,-0.0503216356135904
1776177772928195800,32.12119580078125,-0.0753214907050132,-0.0492693500816822,-0.0140834704101085
1776177772938128000,32.1311279296875,-0.0059936874568462,-0.0291109436720609,-0.0229547591298818
1776177772948060000,32.14105981445312,0.0571919597744941,-0.0155313311308622,-0.029065570160374
1776177772957991000,32.15099096679688,0.1511126447483897,0.0306891527742147,-0.0513427222896367
1776177772967923000,32.1609228515625,0.1659548245713114,0.0424649307638406,-0.042824119465053
1776177772977854000,32.17085400390625,0.1492060804747045,0.0589770896255969,-0.0207889593981206
1776177772987785700,32.18078564453125,0.139369892245531,0.0634872605264186,-0.0223516056049615
1776177772997717000,32.190717041015624,0.1350539287425577,0.0687070410013198,-0.0154331314533948
1776177773007649000,32.20064892578125,0.12527239331007,0.0249345347702503,-0.0073893795989453
1776177773017579800,32.210579833984376,0.0122447106756269,-0.0073474401533603,-0.0450346351213753
1776177773027511800,32.22051171875,-0.1261376318372786,-0.0319178177863359,-0.0395293887685984
1776177773037443800,32.23044384765625,-0.311024243632704,-0.0281213481128215,-0.0691068539738655
1776177773047374800,32.24037475585938,-0.3957797715067863,-0.0081570029705762,-0.0320553996261209
1776177773057307000,32.25030688476563,-0.3533447974897921,0.0194347683101892,-0.0280129193022847
1776177773067238000,32.26023779296875,-0.3215897690497338,0.0197346280395984,-0.0360696037035435
1776177773077170000,32.270169921875,-0.257808201751858,0.0274830502092838,0.0161656104464083
1776177773087101000,32.280100830078126,-0.1390577575564384,0.0515396331012249,0.0576328354097902
1776177773097033000,32.290032958984376,0.001921761842817,0.0449871427178382,0.0556685495994985
1776177773106964700,32.29996484375,0.1052117481864988,0.0358855523735284,0.0418774131994694
1776177773116896000,32.30989599609375,0.1678665034115314,0.0386842431813478,0.0131906132236123
1776177773126828000,32.319828125,0.206006556713581,0.0601531476676464,-0.025336101308465
1776177773136758800,32.3297587890625,0.2777332377970218,0.0700888507485389,-0.0469639957487583
1776177773146690800,32.33969091796875,0.2213993561565876,0.0212146374642848,-0.0488854653306305
1776177773156621800,32.34962182617188,0.1400724875569343,-0.009127309307456,-0.042675431709364
1776177773166553900,32.35955395507813,0.0419043742716312,0.0372059873223304,-0.041306481443718
1776177773176486000,32.36948583984375,-0.0558861378729343,0.0270049113035202,-0.0361511445071548
1776177773186417000,32.3794169921875,-0.1236605741992592,0.0001157353341579,-0.0358438321236521
1776177773196349000,32.38934887695312,-0.1094553771056234,0.0021890344768762,-0.0624753800701349
1776177773206280000,32.399280029296875,-0.0861738702394068,0.0007885200291872,-0.0701213647786527
1776177773216211700,32.40921166992187,-0.1224643501520156,-0.0739805974900722,-0.0497492425531148
1776177773226143000,32.41914306640625,-0.1127637710012495,-0.0933914004027843,-0.0475787666462361
1776177773236075000,32.42907495117188,-0.1156277821302413,-0.0774205088108778,-0.0106392482403665
1776177773246007000,32.43900708007813,-0.1046294182538986,-0.0093570264101028,0.0030566110916435
1776177773255937800,32.44893774414062,-0.1019208899475634,0.0503062919139862,0.0065341510090976
1776177773265869800,32.45886987304687,-0.1581540876924991,0.055232057878375,-0.0237337076131254
1776177773275800800,32.46880078125,-0.1805200871489942,0.0536158548533916,-0.0132409551713615
1776177773285732900,32.47873291015625,-0.1182872105978429,0.0601812047183513,-0.0196631702385842
1776177773295663900,32.48866381835938,-0.0262498551525175,0.053949032330513,-0.017836320137605
1776177773305596000,32.49859594726563,0.0280816006243228,0.0414735816389322,-0.0293592924099415
1776177773315528000,32.50852783203125,0.0995136826753616,0.0024181670576334,-0.0424989060986787
1776177773325459000,32.518458984375,0.1000524657271802,0.0079576810061931,-0.0363819575883448
1776177773335390700,32.528390625,0.0702409725703299,0.0332575419574976,-0.0426329077418893
1776177773345322000,32.538322021484376,0.061367053502053,0.0402805724620819,-0.0256844763547182
1776177773355254000,32.54825390625,0.0447147555172443,0.0145347213089466,-0.0245137520749121
1776177773365185000,32.55818505859375,0.0880244665421545,0.0380956296384334,-0.0351335649624466
1776177773375116800,32.56811669921875,0.1265558572493493,-0.0054261167019605,-0.0648025078434497
1776177773385048800,32.578048828125,0.0652465252839028,-0.0367097282379865,-0.0599707768380641
1776177773394979800,32.58797973632812,-0.0545182105205953,-0.0489420178234577,-0.0715210024435073
1776177773404911900,32.59791186523437,-0.1809576017834246,-0.0139005150586366,-0.0804106305375695
1776177773414843000,32.6078427734375,-0.2502969493389129,-0.0034457565397024,-0.0564402646243572
1776177773424775000,32.61777490234375,-0.2345734566368162,-0.0144575644195079,-0.0372977572590112
1776177773434706000,32.62770581054688,-0.1984637401185929,0.0234726455241441,-0.0522590334169566
1776177773444638000,32.63763793945313,-0.1486624751172959,0.0488245289236307,-0.0668261956907808
1776177773454569700,32.64756982421875,-0.1538074367903172,0.023215455892682,-0.0787112792737781
1776177773464501000,32.6575009765625,-0.1267221537269652,0.0238186824828386,-0.049285570564121
1776177773474433000,32.66743310546875,-0.0021802666485309,0.0637163931071758,0.0074668287493288
1776177773484363800,32.67736376953125,0.1101730238556861,0.0616670593619346,0.0290599441371858
1776177773494295800,32.6872958984375,0.1963163528263568,-0.002926116579771,0.0453556107040494
1776177773504226800,32.69722680664062,0.1731038195431232,-0.0298906958729028,0.047391573511064
1776177773514158800,32.70715893554687,0.1499367328368127,-0.0178203188508749,0.0049346799232065
1776177773524091000,32.7170908203125,0.1021438850484788,-0.0109562783002853,-0.0330864231742918
1776177773534022000,32.72702197265625,0.0262764508984982,-0.0094067107707262,-0.0660805649552494
1776177773543954000,32.736953857421874,-0.0583795621238648,-0.0248263982206583,-0.0990485493816435
1776177773553885000,32.74688500976563,-0.1095813415728509,-0.0248415957897901,-0.0889114054445177
1776177773563817000,32.75681689453125,-0.1400185654126107,-0.0074707742720842,-0.0904781433045864
1776177773573748000,32.766748046875,-0.1467183553121984,-0.0187140528202056,-0.0554401476711034
1776177773583680000,32.77667993164062,-0.21150559252128,0.0099812957882881,-0.0440861752901226
1776177773593612000,32.78661206054687,-0.2488333065271377,0.0541799184769392,-0.0109782709363847
1776177773603542800,32.796542724609374,-0.1995649793587625,0.0487438649028539,-0.0016202946782112
1776177773613474800,32.806474853515624,-0.1216997955203056,0.0355856926441192,-0.0187416714794933
1776177773623405800,32.81640576171875,-0.020074819779396,0.0363145914405584,-0.0702955523017793
1776177773633337900,32.826337890625,0.0433702090404927,0.0411012411952018,-0.0718195469986647
1776177773643268900,32.83626879882812,0.1373977153897285,0.0358048883527517,-0.0685774232722818
1776177773653201000,32.84620092773437,0.1370074008978903,0.0054652796685695,-0.0632623657293617
1776177773663133000,32.8561328125,0.0691806498624384,-0.0130962129384279,-0.0519921261090785
1776177773673064000,32.86606396484375,0.0163816643498837,0.0102940149992704,-0.0640888066161423
1776177773682995700,32.87599560546875,0.0295383753038942,0.0354459919124841,-0.0435831942040473
1776177773692927000,32.88592700195313,-0.0123170452594757,0.0183574944674968,-0.0346370866823941
1776177773702859000,32.89585888671875,-0.036707828541845,0.0258352830022573,-0.0335599589701741
1776177773712790000,32.9057900390625,-0.0531387388609349,0.0237280815899372,-0.0203642311800271
1776177773722721800,32.9157216796875,-0.1032382561564445,0.0183165779352188,0.0012484656911343
1776177773732653800,32.92565380859375,-0.1537513226889073,0.0321510420203208,-0.0180222711637616
1776177773742584800,32.935584716796875,-0.1538390009723603,-0.0145364748746156,-0.0124039198253303
1776177773752516900,32.945516845703125,-0.1506242767095565,-0.0247118319302797,-0.0134977064114063
1776177773762448000,32.95544775390625,-0.0601109159611165,-0.0178249950259923,-0.0279896114919334
1776177773772380000,32.9653798828125,0.0441303797580301,0.001185994914174,-0.0415801107533276
1776177773782311000,32.97531079101562,0.0352864174365997,0.0160141462117433,-0.0246473153267055
1776177773792243000,32.98524291992187,0.0521932747043669,0.0709188718318939,-0.0581571515448391
1776177773802174700,32.9951748046875,0.0250455939292907,0.0814040254890918,-0.047591187736392
1776177773812106000,33.00510595703125,0.0284464884139597,0.0570569352179765,-0.072523895875737
1776177773822038000,33.0150380859375,0.0247007260143756,0.027842531171441,-0.0501296932380646
1776177773831969000,33.02496899414062,0.0430687418758869,0.0034118542701005,-0.0578567072935402
1776177773841900800,33.03490087890625,0.0375637147188186,-0.0137707511991262,-0.0284553293075412
1776177773851831800,33.04483178710937,-0.0434488272346556,-0.0221627319693565,-0.0133390817835927
1776177773861763800,33.054763916015624,-0.1159225272931158,0.0022363807499408,-0.0154745594423264
1776177773871694800,33.06469482421875,-0.1616356461979448,-0.0007055179208517,-0.0189994456328451
1776177773881626600,33.074626708984376,-0.2074821822240948,0.0193570268988609,0.0116312549524009
1776177773891558700,33.08455859375,-0.2155272492527961,0.0188479083329439,-0.0398076211880892
1776177773901489400,33.09448950195313,-0.1457927648998797,-0.0209574478328227,-0.0270278537876904
1776177773911421400,33.10442138671875,-0.0614076777733862,-0.0630506226748228,-0.0153305478617548
1776177773921352700,33.114352783203124,0.0418036903761327,-0.0555441925674676,0.0073548197422176
1776177773931284500,33.12428442382812,0.1931235481344163,-0.0221592248380184,-0.0008389350421726
1776177773941216500,33.13421655273437,0.2443102761447429,-0.0209638775736093,-4.39852721989e-05
1776177773951147500,33.1441474609375,0.1888940938711166,0.021219898161292,-0.0556291674371808
1776177773961079600,33.15407958984375,0.0485315373264253,0.0582540360480546,-0.032804026036337
1776177773971010600,33.16401049804688,-0.0061645139791071,0.0621241554796695,-0.0402083840087056
1776177773980942600,33.17394262695313,-0.050330841833353,0.0399736984699964,-0.0123680447943508
1776177773990873600,33.18387353515625,-0.0928499870024621,0.055731824094057,-0.0153206109896302
1776177774000805600,33.1938056640625,-0.107732060444355,0.0553694205224514,-0.0066923372454941
1776177774010736400,33.203736328125,-0.1310579909741878,0.0268798236191272,-0.0209933228638023
1776177774020668400,33.21366845703125,-0.1287609660781919,0.0425812506198883,-0.0517868127953261
1776177774030600400,33.223600341796875,-0.1258732818126678,0.043474984589219,-0.0383968045420944
1776177774040531700,33.23353173828125,-0.136277771449089,0.0601513941019773,-0.0359262497100979
1776177774050463500,33.24346337890625,-0.0731340636633336,0.082112466019392,-0.0334014074075967
1776177774060394500,33.25339453125,0.0158801445685327,0.0536065025031566,0.0042551001612097
1776177774070326500,33.26332641601562,0.0685102032549679,-0.0148497786074876,-0.0156110453035682
1776177774080257500,33.27325756835938,0.1122562598705291,-0.0382937825590372,-0.0183158472828567
1776177774090189600,33.283189453125,0.190461781579256,-0.0021755904734134,-0.0014907500144094
1776177774100121600,33.29312158203125,0.1888778733886778,-0.0086433251827955,-0.0042141836289316
1776177774110052600,33.30305249023438,0.1270486092023551,-0.0119914665669202,-0.0032674042981117
1776177774119984600,33.31298461914062,0.0409632940292358,0.0133224229097366,0.016648279396817
1776177774129915400,33.32291528320312,-0.0126864630937576,0.0269061271041631,-0.0166199300851672
1776177774139847400,33.33284741210937,-0.0343044206619262,0.0395358915746212,-0.0410633203376084
1776177774149778700,33.34277880859375,-0.0994129987798631,0.0292331087470054,-0.0157730309322476
1776177774159710700,33.35271069335938,-0.0933012379013001,0.0470943441301584,-0.0269227859780192
1776177774169642500,33.362642578125,-0.1086181956291198,0.0805073689103126,-0.023058438700065
1776177774179573500,33.37257348632812,-0.1153963114619255,0.0672691171526908,-0.0551777704078704
1776177774189505500,33.38250561523437,-0.1388498138941824,-0.0008954875349998,-0.0933250571683049
1776177774199436500,33.3924365234375,-0.1484239901863038,-0.0109124391585588,-0.0816533240750432
1776177774209368600,33.40236865234375,-0.0982416169129311,-0.0028711715221405,-0.0220743230335414
1776177774219299600,33.41229956054688,-0.061014586802572,-0.0113040688246488,-0.0285042099505662
1776177774229231600,33.42223168945313,0.0296751534260809,0.0355792629033327,-0.0372927157577127
1776177774239163600,33.43216357421875,0.1131165299616754,0.0795943457186222,0.0147073013968765
1776177774249094400,33.44209448242187,0.139449241092056,0.0830640676558017,-0.0173304164420813
1776177774259026400,33.4520263671875,0.1933466893658041,0.1028992334604263,-0.0495770277913659
1776177774268957700,33.46195776367188,0.1971674166977405,0.1166740763127803,-0.0431513786580413
1776177774278889500,33.471889404296874,0.1694388672947883,0.1133311956256628,-0.0491574872050434
1776177774288820500,33.48182055664063,0.1198036065101623,0.1258697746813297,-0.0321533070426434
1776177774298752500,33.49175244140625,0.0658231561280787,0.0695353085190057,0.0126553373031318
1776177774308684500,33.5016845703125,-0.0479212964735925,-0.0108534024477005,0.0324978826966136
1776177774318615600,33.51161547851562,-0.0925214857004582,-0.0606049830883741,0.0762642514478415
1776177774328547600,33.52154760742187,-0.0761373371325433,-0.0841220522761344,0.0605383475929498
1776177774338478600,33.531478515625,-0.0891172302149236,-0.1259749886214733,-0.0103491792526096
1776177774348410600,33.54141064453125,-0.1383469789385795,-0.158113171160221,-0.0499254759028553
1776177774358341400,33.55134130859375,-0.1838847412765026,-0.1351315240234136,-0.0705895668122917
1776177774368273400,33.5612734375,-0.221030084452778,-0.1019698436558246,-0.0671979516126215
1776177774378205400,33.57120532226563,-0.1706255928613245,-0.0617722733020782,-0.0578422403767704
1776177774388136700,33.58113671875,-0.1208838029623031,-0.0184749833673238,-0.0782573249612003
1776177774398068500,33.591068359375,-0.0665314505279064,-0.0097416418135166,-0.0217323777280747
1776177774407999500,33.60099951171875,0.064369742449373,0.0074035542547702,-0.0257190362114459
1776177774417931500,33.610931640625,0.1229658699333667,0.0235533095449209,-0.0193978703659027
1776177774427862500,33.62086254882813,0.1913983317770063,0.0102338092446327,-0.0415280152399092
1776177774437794600,33.63079467773437,0.2136057796709239,0.0280237329572439,-0.0342369814489036
1776177774447726600,33.6407265625,0.1390424138568341,0.0414215591907501,-0.0328344211746007
1776177774457657600,33.65065771484375,0.0426091615401208,0.0629267040342092,-0.0521587148476392
1776177774467589600,33.660589599609374,-0.0555529603958129,0.026412206107378,0.0103282095298171
1776177774477520400,33.670520263671875,-0.0989979882381856,0.0010270049601793,-0.0155007167968899
1776177774487452400,33.680452392578125,-0.1568785147987306,-0.0048439328998327,-0.0488046551793813
1776177774497383700,33.6903837890625,-0.1162111349761486,0.0357481897294521,-0.0739886346660554
1776177774507315700,33.70031567382812,-0.0636123482108116,0.0467103132486343,-0.0266841549165546
1776177774517246500,33.71024658203125,0.0368726637147367,0.0484030886411666,-0.0407805578734725
1776177774527178500,33.720178466796874,0.178931356652826,0.0492915619134902,-0.0010793927345424
1776177774537110500,33.730110595703124,0.2541897189937532,0.0656464843869209,-0.0007221037294715
1776177774547041500,33.74004150390625,0.2156698725938796,0.0648977118462324,0.0022133652005344
1776177774556973600,33.7499736328125,0.1593558646976947,0.0843511848568916,0.0204717832077294
1776177774566904600,33.75990454101562,0.1599462318062782,0.076754153856635,-0.016283318541944
1776177774576836600,33.76983666992187,0.1056336268603801,0.0344581499189138,-0.0215810596238821
1776177774586767400,33.779767333984374,0.0764285751640796,0.0497141712397336,-0.0396233506623655
1776177774596699400,33.789699462890624,-0.0767395408093929,0.0396276615113019,-0.0282250276830047
1776177774606631400,33.79963134765625,-0.2321897763706743,0.0195090025901794,-0.0283056186385452
1776177774616562700,33.80956274414063,-0.3612533786572516,0.0172480719208717,-0.0174327808380126
1776177774626494700,33.81949462890625,-0.3375219360664486,0.0065127428948879,0.0074292001526802
1776177774636425500,33.82942553710937,-0.189147922501713,0.0098269820094108,0.0378181278713047
1776177774646357500,33.839357421875,-0.0860965672194957,-0.0195177704185247,0.0346980230893939
1776177774656288500,33.84928857421875,-0.0143887369669973,-0.0448603014677762,-0.004193871493265
1776177774666220500,33.859220458984375,0.021739391990751,-0.0286100084125995,-0.0275692671880126
1776177774676152600,33.869152587890625,0.0403986458837985,0.0088619363695383,-0.0353550256934016
1776177774686083600,33.87908349609375,0.0817182060047984,0.0257587106347084,-0.0486334633309394
1776177774696015600,33.889015625,0.1571460796937346,0.0526373652100563,-0.057642114694789
1776177774705946400,33.8989462890625,0.2041407628417015,0.0517757799446582,-0.0101255265645682
1776177774715878400,33.90887841796875,0.2025226601205766,0.0606418079674243,-0.0416734150599688
1776177774725809700,33.9188095703125,0.1668155330538749,0.0296691620767116,-0.0041891222529113
1776177774735741700,33.92874169921875,0.1540063203632831,-0.0003910451442003,-0.0187063079051673
1776177774745673500,33.938673583984375,0.1252361529529094,-0.0114408469468355,-0.0033566900167614
1776177774755604500,33.9486044921875,0.0153831548318266,-0.0434077645719051,-0.0055148909639567
1776177774765536500,33.95853662109375,-0.0633271015286445,-0.0539373418927192,-0.0489849801823496
1776177774775467500,33.96846752929687,-0.1492705240130424,-0.0142073890507221,-0.0876521991636604
1776177774785399600,33.978399658203124,-0.1874852499864995,-0.0335322672456502,-0.0408113914031535
1776177774795330600,33.98833056640625,-0.1511314955793321,-0.0252852479040622,-0.0508223516773432
1776177774805262600,33.9982626953125,-0.0617744652591645,-0.0106026425570249,-0.0549720917679369
1776177774815194600,34.008194580078126,0.0195138248957693,-0.0061304655790328,-0.0324806393008679
1776177774825125400,34.01812548828125,0.0681610975563526,0.0188578452050685,-0.0099964202921837
1776177774835057400,34.02805737304688,0.0771251791261136,0.0255903683304786,-0.0165535137854516
1776177774844988700,34.03798876953125,0.038915129327774,0.0759253018170595,-0.0169187669012695
1776177774854920700,34.047920654296874,0.020903817949444,0.1250754094332456,0.0018920242916792
1776177774864851500,34.0578515625,0.0418073436379432,0.1149666878730058,-0.0031903935391455
1776177774874783200,34.067783203125,0.0327085297726094,0.0525812511086463,-0.0276372178576886
1776177774884715300,34.07771533203125,0.0254313783764839,0.0516986230552196,-0.0146341630954295
1776177774894646300,34.08764624023438,-0.0096213764347136,0.0378051222592592,-0.0060992667231708
1776177774904578300,34.09757836914063,-0.076249857596308,-0.0011164368093013,-0.0221367207452654
1776177774914509300,34.10750927734375,-0.1150175412774086,-0.0236474175691604,-0.0101279377173632
1776177774924441300,34.11744140625,-0.1360990538813173,-0.043346389773488,-0.0082666738901287
1776177774934372000,34.1273720703125,-0.1303203243494033,-0.0413309582978487,0.0338480551965534
1776177774944304000,34.13730419921875,-0.0752981098294258,-0.0356342079609632,0.0359309989504516
1776177774954236200,34.147236083984374,-0.0805238816536963,-0.0569406153619289,-0.0101136169310659
1776177774964167400,34.15716748046875,-0.064709057406336,-0.0396048651576042,-0.0047816082533448
1776177774974099500,34.16709936523438,-0.012023615270853,0.0095429043710231,-0.048241029947251
1776177774984030200,34.1770302734375,-0.0188660285115241,0.0274830502092838,-0.020452567050606
1776177774993962200,34.18696215820312,-0.0558686022162437,0.0410492187470197,-0.0516117484893649
1776177775003893200,34.19689331054688,-0.0394238095022737,0.0509025042414665,-0.0622037235219031
1776177775013825300,34.2068251953125,0.0416322793319821,0.0688081632882356,-0.0248830968439579
1776177775023756300,34.21675634765625,0.0654781420826911,0.0319540581434965,-0.0232185246326029
1776177775033688300,34.22668823242188,0.0400619612753391,0.0047644379228353,-0.0142646721959114
1776177775043620400,34.23662036132812,0.0180234402075409,0.0223684836745262,0.0030170827988535
1776177775053551000,34.24655102539062,-0.0500406267151236,0.03347673766613,0.0572577915523201
1776177775063483100,34.25648315429687,-0.1371207981444895,0.0387169764071702,0.0334281492840498
1776177775073414400,34.26641430664063,-0.1680607108093798,0.04724047460258,0.0250101572897285
1776177775083346400,34.27634643554688,-0.1295221597090363,0.0706324561059475,-0.0061863604847341
1776177775093277200,34.28627709960937,-0.0186241825796663,0.103761403247714,-0.0711329529739916
1776177775103209200,34.29620922851562,0.0923437910459935,0.1169318504661321,-0.0497485119007527
1776177775113141200,34.30614135742187,0.0730968003928661,0.1070119294762611,-0.0270926626522094
1776177775123072500,34.316072509765625,0.0956194517157971,0.1210842939704656,0.0687548987310379
1776177775133004300,34.32600439453125,0.1497017550371587,0.1016495256602764,0.0865209301114082
1776177775142935300,34.33593530273438,0.1225333237349987,0.0674111559718847,0.0597667056333273
1776177775152867300,34.34586743164063,0.1105389345586299,0.0110182376205921,0.0350404067862778
1776177775162798000,34.35579809570312,0.1427709328606724,-0.0341045141756534,-0.0300663447007536
1776177775172730000,34.36573022460937,0.1179844282589852,-0.0506862311422824,-0.0836881178382784
1776177775182662100,34.375662109375,0.0102418464206159,-0.0810340231329202,-0.1255811669982969
1776177775192593400,34.385593505859376,-0.049894496242702,-0.0360252531051635,-0.1070671667948365
1776177775202525400,34.395525390625,-0.0942845498502254,0.0136216981172561,-0.053240299539268
1776177775212456200,34.40545629882813,-0.1762213670417666,0.0275350726574659,-0.0683459526039659
1776177775222388200,34.41538818359375,-0.3153437142670154,0.0317424612194299,-0.034570524252206
1776177775232319200,34.4253193359375,-0.3691439857766032,0.0978495488554239,-0.0105021047919988
1776177775242251500,34.43525146484375,-0.33408786996454,0.1374637663632631,-0.0066666182823479
1776177775252183300,34.44518334960937,-0.2192602983012795,0.1346773505151271,-0.0184585436891764
1776177775262114300,34.4551142578125,-0.0777966486468911,0.1296668288767337,-0.0425900184482336
1776177775272046300,34.46504638671875,-0.0160451258718967,0.1002969420075416,-0.0156426825508475
1776177775281977000,34.47497705078125,0.0193359841108322,0.077095514640212,0.0031272651750594
1776177775291909000,34.4849091796875,0.0886602802276611,0.0714268213540315,0.00477437479496
1776177775301840400,34.49484033203125,0.1220508009150624,0.0765092391848564,-0.022645327854529
1776177775311772400,34.5047724609375,0.1722109623566269,0.0950111105591058,-0.0378596289254725
1776177775321704400,34.51470434570312,0.1714429005935788,0.049021512800455,-0.0719622434049844
1776177775331635200,34.52463525390625,0.0359666547857224,-0.009177578189969,-0.0739322283037006
1776177775341567200,34.534567138671875,0.0180029819414019,-0.0371814374029636,-0.0903770940829068
1776177775351498200,34.54449829101563,-0.0217407071650028,-0.0470008206278085,-0.03234619926624
1776177775361430300,34.55443017578125,-0.0628876871980726,-0.0353477922350168,-0.0058116088882088
1776177775371361300,34.564361328125,-0.0334565716609358,-0.0661357292085886,0.033150939777866
1776177775381293300,34.57429321289062,-0.0491135749980807,-0.0929465792447328,0.0718204968467354
1776177775391225300,34.58422534179687,-0.0654220279812812,-0.0689899495959281,0.0560176552981138
1776177775401156000,34.594156005859375,-0.044691082380712,-0.0246381821721792,0.049400648311153
1776177775411088100,34.604088134765625,0.0289642286777496,-0.0007581248909235,0.0254676917988806
1776177775421019400,34.61401928710937,0.1133621752858161,0.0378016151279211,-0.0068566609617322
1776177775430951400,34.62395141601562,0.1157823881700634,0.049978375133872,-0.0445890102457255
1776177775440882200,34.63388208007812,0.0372670698598027,0.0275987855434417,-0.0652242403868585
1776177775450814200,34.643814208984374,-0.0124959089577198,0.0321340908855199,-0.0163441088184714
1776177775460745200,34.6537451171875,-0.0128396078288555,0.0310094707697629,0.0003748246617615
1776177775470677200,34.66367724609375,-0.0061091305300593,-0.0019324293673038,0.0073823653362691
1776177775480609300,34.673609375,-0.0189829328894615,-0.0262818577259778,-0.0046362814985215
1776177775490540300,34.68354028320312,-0.0792788500286638,-0.0135784434974193,-0.0201858058732002
1776177775500472300,34.69347241210937,-0.0757422003351152,0.0019943886876106,-0.0200624717544764
1776177775510403300,34.7034033203125,-0.0942085620045661,0.0384118559807538,-0.0154315970834344
1776177775520335000,34.713335205078124,-0.092453827291727,0.0700748222231864,-0.0043480391416698
1776177775530266400,34.72326635742188,-0.082214026697725,0.0898380918353796,-0.0148584733705967
1776177775540198400,34.73319848632813,-0.0704826723717153,0.0779307964205741,-0.0011946166120469
1776177775550130400,34.74313037109375,-0.0561832211233675,0.043551556956768,-0.0017187135513871
1776177775560061200,34.75306127929687,-0.023135376393795,0.0211895030230283,-0.0096897654958069
1776177775569993200,34.7629931640625,0.0524957647822797,0.012473112604022,-0.0097661186676472
1776177775579924200,34.77292431640625,0.1067218604885041,-0.0138362176507711,0.0087201167460531
1776177775589856500,34.7828564453125,0.0667021309196949,-0.0492296025931835,0.0196535256274044
1776177775599787300,34.79278735351563,0.0116426531292498,-0.0393096816033124,0.0210019445616751
1776177775609719300,34.80271923828125,-0.0076654200613498,-0.0239098678976297,0.0329812822993844
1776177775619651300,34.8126513671875,-0.040003362955898,-0.0410521413564681,0.0492959458276629
1776177775629582000,34.82258203125,-0.0333281229756772,-0.0305406842142343,0.0398405736096203
1776177775639514000,34.83251416015625,7.48188018798e-05,-0.0208598326772451,-0.0015665917295962
1776177775649445400,34.8424453125,-0.0041756782494485,-0.0202384859085083,-0.0081202511567622
1776177775659377400,34.85237744140625,0.0047429567433893,-0.001693359914422,0.0043717853434383
1776177775669308200,34.86230810546875,0.0559222320996224,0.0118061731278896,0.0208718153759837
1776177775679240200,34.872240234375,0.100357732284069,0.0326163214445114,0.0195174050923436
1776177775689171200,34.88217114257812,0.0554758035063743,0.0567477231383323,0.0222520907532423
1776177775699103200,34.89210327148437,-0.0126582599125802,0.05085866509974,-0.0275816882781684
1776177775709035500,34.90203540039062,-0.0527076539672911,0.0684469287604093,-0.00854161837399
1776177775718966300,34.91196630859375,-0.0846903536833822,0.0634726474791765,-0.0464947708018124
1776177775728898300,34.921898193359375,-0.0919372560717165,0.023743279159069,-0.0491314759809523
1776177775738829300,34.93182934570312,-0.0986814696349203,0.0030512042641639,-0.0293488440811634
1776177775748761000,34.94176098632813,-0.1476104818463325,-0.0359182855993509,-0.0511346324969083
1776177775758692400,34.9516923828125,-0.1660661759912967,-0.0445557655632495,-0.0262467864125967
1776177775768624400,34.961624267578124,-0.1465022283434867,-0.0515869793742895,-0.0038236499413847
1776177775778556400,34.971556396484374,-0.1074608422875404,-0.0503758500188589,0.0037720658846199
1776177775788487200,34.98148706054688,-0.0442519603110849,-0.0282961201578378,-0.014154343689233
1776177775798419200,34.991419189453126,0.0364928706169128,-0.0270814836710691,-0.0367548094887286
1776177775808350200,35.00135009765625,0.1809095248579978,0.0257604642003774,-0.0160589352015405
1776177775818282200,35.0112822265625,0.2525109721265733,0.046125206837058,-0.0394382033538073
1776177775828213200,35.021213134765624,0.3031634471297263,0.0686462507247924,-0.0223435684289783
1776177775838145300,35.031145263671874,0.2435306700743734,0.0727899264007806,-0.0327919702723622
1776177775848077300,35.041077392578124,0.0818308725990355,0.0510310990571975,-0.0154274323649704
1776177775858008300,35.05100830078125,-0.054100861891359,0.0406833080440759,-0.0005827683240175
1776177775867940000,35.06094018554688,-0.1394938108861446,0.0149222593218088,-0.0054772623673081
1776177775877871400,35.07087133789062,-0.1914100222148001,-0.014164718952775,-0.0105962128162384
1776177775887803100,35.08080322265625,-0.232602448824793,0.0180728323072195,-0.032998817956075
1776177775897734100,35.090734130859374,-0.1908010965362191,0.0122971715152263,-0.0353594096075743
1776177775907666200,35.100666259765624,-0.1667547427773475,-0.0188578452050685,-0.0726497872777283
1776177775917598200,35.11059814453125,-0.0584476589240133,0.0324427184432744,-0.0809406457610428
1776177775927529200,35.120529296875,0.0323415961563587,0.0667372022330761,-0.0912478125028312
1776177775937461200,35.13046118164063,0.1103600708603858,0.0839841051101684,-0.0548607403479516
1776177775947392300,35.14039233398437,0.16553776820302,0.0842868874490261,0.0162648330371826
1776177775957324300,35.15032421875,0.1857575494110584,0.094203301307559,0.0617279227036982
1776177775967255000,35.160255126953125,0.1907400139987468,0.0901712693125009,0.1069208171267062
1776177775977187000,35.17018701171875,0.2059925281882286,0.0729518389642238,0.1361830058377236
1776177775987118300,35.18011840820313,0.2189725674010813,0.0043622868627309,0.1144532584581524
1776177775997050000,35.19005004882813,0.1570822206772864,-0.0555377628266811,0.0555845976430922
1776177776006982100,35.19998217773438,0.0247520178101956,-0.0911287161678075,0.0090077745810151
1776177776016913200,35.2099130859375,-0.1187820083774626,-0.0756125826060771,-0.0338744317468255
1776177776026845200,35.21984521484375,-0.2688531812489033,-0.0512093782335519,-0.0302644245561212
1776177776036776200,35.229776123046875,-0.3380162954546511,-0.0471188940495252,-0.0758881116118282
1776177776046708200,35.239708251953125,-0.2799707875907421,-0.0261930103987455,-0.0907108560819178
1776177776056639200,35.24963916015625,-0.1981060127221047,-0.0084311437368392,-0.0759553316291421
1776177776066571300,35.2595712890625,-0.1183538460932672,-0.0074690207064151,-0.0696354809578508
1776177776076503300,35.26950341796875,-0.010290069476515,0.0192974056661128,-0.011125643517822
1776177776086434000,35.27943408203125,0.0419755398117005,0.0038543373405933,-0.0025347061093896
1776177776096366000,35.28936596679687,0.0980360113382339,-0.0123304892629384,4.50081855058e-05
1776177776106297300,35.29929736328125,0.1131397647067904,0.0268155262112617,0.0200498314686119
1776177776116229000,35.30922900390625,0.0772153416275978,0.0366512760490179,0.0223488291259855
1776177776126160100,35.31916015625,0.0660254007019102,0.0518938533663749,0.0116525900013744
1776177776136092200,35.32909204101563,0.0796890382647514,0.0586731382429599,-0.0096199881952255
1776177776146024200,35.33902416992188,0.089066084549576,0.0683288553386926,-0.034725422552973
1776177776155955200,35.348955078125,0.0128746791422367,0.0542541527569293,-0.0624617168709635
1776177776165887200,35.35888720703125,-0.0631482378304004,0.0358574953228235,-0.0498755723465234
1776177776175818200,35.368818359375,-0.1226442367635667,0.0462684147000312,-0.0214862209472805
1776177776185750300,35.378750244140626,-0.1403514506287872,0.0295744695305824,0.010134805849567
1776177776195681000,35.38868090820313,-0.1069860643826425,0.0035059622943401,0.0349907954908907
1776177776205613000,35.39861303710938,-0.0067769467890262,0.0087584759950637,0.0443354738760739
1776177776215545000,35.40854516601563,0.1221617139436304,0.0067126493811607,0.0655471156656742
1776177776225476400,35.418476318359374,0.104428196593374,-0.0301578223764896,0.0110649263065308
1776177776235408100,35.428408203125,0.1066901501759886,-0.0271323370754718,0.0059368427030742
1776177776245339100,35.438339111328126,0.099146456798166,-0.0071732526302337,-0.0047160687364637
1776177776255271200,35.44827124023438,0.0681422467254102,-0.0006073182433843,-0.0345118528675287
1776177776265202000,35.45820190429688,0.080818042294681,0.0482253939867019,-0.0227026840649545
1776177776275134200,35.46813427734375,0.0408897904016077,0.0640606765002012,-0.0040525633264333
1776177776285065200,35.478065185546875,-0.013688187482208,0.0566588758111,0.0094099987063556
1776177776294997200,35.487997314453125,-0.0619334552131593,0.0489776736587286,0.0145088562153279
1776177776304929300,35.49792919921875,-0.0903754135824739,0.022521628409624,0.0618312369477003
1776177776314860000,35.50786010742188,-0.1652842318333685,-0.0193733935117721,0.0216961373709142
1776177776324792000,35.5177919921875,-0.2359833234347403,-0.0490454781979322,0.0171704035747796
1776177776334723300,35.52772338867187,-0.2132840003706514,-0.0293026668518781,0.0139987878013402
1776177776344655400,35.5376552734375,-0.0784125885881483,-0.0165904847949743,0.0063067719940096
1776177776354586000,35.547586181640625,0.0017510814510285,-0.028017887738347,-0.0019205927990376
1776177776364518100,35.55751806640625,0.0205834999538958,-0.0396750077843666,-0.0141897803287953
1776177776374450200,35.5674501953125,0.0214168820381164,0.0027379005312919,-0.0157496500566601
1776177776384381000,35.577380859375,0.0665698828421533,0.0704202746599912,-0.0052251142371445
1776177776394313200,35.58731323242188,0.1457612007178366,0.1022720414727926,-0.0079615534637123
1776177776404244200,35.597244140625,0.2122796456336975,0.1060047982603311,0.0019887626644223
1776177776414176300,35.60717626953125,0.2473978668965399,0.0929576851606368,0.0051440118249505
1776177776424107000,35.61710693359375,0.2114192294120788,0.0385129782676696,0.0053787704288959
1776177776434039000,35.6270390625,0.1754641189336776,-0.0099187519460916,-0.0018946546401828
1776177776443971000,35.63697119140625,0.1404061034254729,-0.0432376687020063,-0.00569280481413
1776177776453902300,35.64690234375,0.0333950507320463,-0.0520411528825759,-0.0398466380242258
1776177776463834000,35.65683422851563,-0.0781669432640075,-0.0758779555439949,-0.0445529160190373
1776177776473765000,35.66676513671875,-0.2394400397598743,-0.0603816957265138,-0.0366707114018499
1776177776483697200,35.676697265625,-0.3198877874374389,-0.0229278711229562,-0.0480618009228259
1776177776493628200,35.686628173828126,-0.3644868076205253,-0.0074240125209093,-0.0111380646079778
1776177776503560200,35.696560302734376,-0.2638018892087042,0.0337958866178989,0.0235331435397267
1776177776513492200,35.7064921875,-0.1077801373697817,0.0193488435924053,-0.0007724456772208
1776177776523423200,35.71642333984375,0.0054324003122746,-0.009615969607234,-0.0185919608104974
1776177776533355300,35.72635522460938,0.0880498932443559,0.0063245268464088,-0.0118025929313153
1776177776543286000,35.7362861328125,0.1139583876132965,0.0007078560084104,-0.0266990602247416
1776177776553218000,35.74621801757812,0.1439024211086332,0.038180385312438,-0.021923077994585
1776177776563149300,35.7561494140625,0.1716882536567747,0.0385375281870365,-0.00745754946433
1776177776573081300,35.76608129882813,0.1616892760813236,0.0347638548672199,-0.0241003489684313
1776177776583012000,35.77601220703125,0.0657576896764337,-0.0037023616492748,-0.0119029115006327
1776177776592944000,35.78594409179688,0.0189538529254496,-0.0034288054049015,0.0336396000776439
1776177776602876200,35.79587622070313,-0.1069721819877624,-0.010242577072978,0.0150823452543467
1776177776612807200,35.80580712890625,-0.236317669955641,-0.0449561630576849,0.0123543085299432
1776177776622739200,35.8157392578125,-0.3023522768773138,-0.0199865569740533,0.0343872766397893
1776177776632670200,35.82567016601563,-0.2719347806513309,0.0059048401296138,0.0179573892340064
1776177776642602200,35.83560229492188,-0.3131267688699066,-0.0077712185233831,-0.0051166123613715
1776177776652533000,35.84553295898438,-0.2484520521245896,0.0383773691892623,-0.0240908504877239
1776177776662465000,35.85546508789062,-0.0603951397299766,0.0671013593703508,-0.0349175841242074
1776177776672397000,35.86539697265625,0.1471614229045808,0.0825754073560237,-0.0542938271801918
1776177776682328300,35.875328369140625,0.2780300287865102,0.0682458532303571,-0.1081310696993023
1776177776692260400,35.88526025390625,0.2729027489006519,0.0110632458060979,-0.0812508807539939
1776177776702191000,35.89519116210938,0.1997089178740978,0.0063537529408931,-0.0774859021972864
1776177776712123100,35.905123046875,0.0855627526037395,0.032458500534296,-0.0540003971915692
1776177776722054100,35.91505419921875,-0.073954878526926,0.0196866972446441,-0.0138085259262472
1776177776731986000,35.92498583984375,-0.1501671805918216,0.039189270094037,-0.0115435766689479
1776177776741917200,35.934917236328126,-0.1711957939647138,0.0131014736354351,-0.0367095821075141
1776177776751849200,35.94484912109375,-0.1912777741372585,0.0163829795241355,-0.0558551582127809
1776177776761781200,35.95478125,-0.1706149253368377,0.0191132812708616,-0.0352206587240099
1776177776771712000,35.9647119140625,-0.1095392559967935,0.0527419946283102,-0.0124132721755653
1776177776781644000,35.97464404296875,-0.0787865364670753,0.0464753354489803,0.0475553857706487
1776177776791575300,35.9845751953125,-0.0024456395864486,0.0335842896938324,0.0529114329110831
1776177776801507300,35.99450732421875,0.0675122782588005,0.0598228927999734,0.0701576051358133
1776177776811438000,36.00443798828125,0.0695778324864804,0.0259381588548421,0.0509573762338608
1776177776821370000,36.0143701171875,0.038933834028244,-0.0257616332441568,0.0358667746078223
1776177776831302100,36.02430224609375,-0.0046294133663177,-0.0338029008805751,-0.0397041608136147
1776177776841233200,36.03423315429688,0.0179227563120424,-0.0112380178511142,-0.0747298814874142
1776177776851165200,36.04416528320313,0.0169067111372947,-0.0339893633633852,-0.1073252332091331
1776177776861096200,36.05409619140625,-0.0168846454359591,-0.0255582196265459,-0.1133146828822791
1776177776871028200,36.0640283203125,-0.0480430231571197,0.0005003507375717,-0.056256505555287
1776177776880959200,36.073959228515626,-0.1041574168279767,0.0027063363492488,-0.0457752974208444
1776177776890891300,36.08389135742188,-0.175906455873698,0.0119219084620475,-0.0271956115700304
1776177776900823300,36.0938232421875,-0.2227824810780584,0.0435205772966146,-0.0124698977336287
1776177776910754600,36.10375463867187,-0.2141243967175483,0.0535825371056795,-0.0145096599329262
1776177776920686300,36.11368627929688,-0.1640153809413314,0.0833832166075706,-0.0567024957571178
1776177776930617300,36.12361743164063,-0.0266226339876651,0.1042787051200866,-0.057805707758665
1776177776940549400,36.13354931640625,0.1273150050535798,0.1069143143206834,-0.0817313577473163
1776177776950480100,36.14348022460938,0.1719756922960281,0.0934708953797817,-0.0923357538700103
1776177776960412200,36.153412109375,0.1615750020518898,0.0856657745867967,-0.1116968724220991
1776177776970344200,36.16334423828125,0.137829384805262,0.0767453860282897,-0.0830989197734743
1776177776980275500,36.173275390625,0.0682981679394841,0.0741670599728822,-0.0467175467070192
1776177776990207500,36.18320751953125,0.0312730901420116,0.0508855531066656,-0.0076063102852553
1776177777000138200,36.19313818359375,0.0147922032013535,0.0189823483675718,-0.0059203299596905
1776177777010070300,36.2030703125,-0.0143606799162924,0.011641337954998,-0.0204629423141479
1776177777020001500,36.21300146484375,0.0021625848613679,0.0079997665822505,-0.0228352974686771
1776177777029933300,36.22293334960938,0.0461783983290195,0.0230956289052963,-0.0289236044064164
1776177777039864300,36.2328642578125,0.0006686930418014,-0.0222205996364355,-0.0544047402087599
1776177777049796400,36.24279638671875,-0.0174140761375427,-0.06184358497262,-0.0604033961016684
1776177777059728400,36.25272827148437,-0.0290764568805694,-0.0182335758268833,-0.03433693469204
1776177777069659100,36.2626591796875,-0.0495252245388925,-0.0246054489463567,-0.0754918057706207
1776177777079591200,36.27259106445312,-0.0790226833105087,-0.0645680415004491,-0.0578185672402381
1776177777089522400,36.2825224609375,-0.0699403821885585,-0.0515852258086204,-0.0719540600985288
1776177777099454500,36.29245434570313,-0.0116813777044415,-0.0166635500311851,-0.0410080099537968
1776177777109385200,36.30238525390625,-0.0087000238060951,0.0056762920707464,-0.0546421291612088
1776177777119317200,36.31231713867187,-0.0332931977927684,0.0102887543022632,-0.0438373150955885
1776177777129249300,36.32224926757812,-0.0048982934355735,0.0287625686258077,-0.0391477690398693
1776177777139180500,36.3321806640625,0.0289149827085435,0.0209773215770721,-0.0203227301258593
1776177777149112300,36.3421123046875,0.0076011226534843,0.0102805709958076,-0.011383856062591
1776177777159043300,36.35204321289063,0.0228979143761098,-0.0204816470146179,-0.0338128377526998
1776177777168975400,36.36197534179688,0.0337301279053092,-0.0168541041672229,-0.0605588789243251
1776177777178906400,36.37190625,0.0457094656430184,0.0004348842859268,-0.0812966195918619
1776177777188838100,36.38183813476562,0.0401334190763533,0.0220621942043304,-0.0543035448566079
1776177777198770200,36.39177026367187,0.0222677997790276,0.0191138657927513,-0.0732931266825646
1776177777208701400,36.40170141601563,0.0009947101257741,0.0379074135899543,-0.0519778783880174
1776177777218633500,36.41163354492188,0.0040003216825425,0.0473071100980043,-0.0478501309335231
1776177777228564200,36.42156420898438,0.0401471553407609,0.085036829033494,-0.0264312030687928
1776177777238496300,36.43149633789063,0.0796750097393989,0.1268809975504875,-0.0093517657130956
1776177777248427300,36.44142724609375,0.1185959842860698,0.1201695172131061,0.0084044018603861
1776177777258359600,36.45135961914063,0.1441958510972559,0.0636696313560009,-0.0381895915322005
1776177777268290300,36.46129028320313,0.145620623203367,0.0368868383705616,-0.0242322317197918
1776177777278222300,36.47122241210938,0.109428196837753,-0.0159358202785253,0.013574863300845
1776177777288154400,36.481154296875,0.0661490270815789,-0.0486392354846,-0.0079535162877291
1776177777298085000,36.49108520507812,0.0356426835283637,-0.05326455719769,-0.0152853204805403
1776177777308017200,36.50101708984375,-0.0255310393586754,-0.0459282229602336,-0.0190014183942228
1776177777317948400,36.510948486328125,-0.0809106890141963,-0.0115823012441396,-0.019886969057098
1776177777327880400,36.52088037109375,-0.223828629130125,0.0189022688686847,-0.0296777837745845
1776177777337811200,36.53081127929688,-0.3262590760350227,0.026835399955511,-0.0329929727371782
1776177777347743200,36.5407431640625,-0.3241023363925516,0.1014361751705408,-0.0274470290478318
1776177777357675300,36.55067529296875,-0.3200198893845081,0.1518774916410446,0.0157891783494502
1776177777367606500,36.5606064453125,-0.2220734560258686,0.1603881303548812,0.0600832973018288
1776177777377538600,36.57053857421875,-0.0320000892423093,0.1627723951429128,0.0432736898634582
1776177777387469300,36.58046923828125,0.1706001661591231,0.1161982754945755,0.030607465840131
1776177777397401300,36.5904013671875,0.320757702139765,0.052953007030487,0.0272368934284895
1776177777407332400,36.60033227539063,0.3740378952980041,0.0134673843383789,-0.0078932374678552
1776177777417264000,36.61026416015625,0.4284441698767244,-0.0493488450586795,-0.0156201053928583
1776177777427196200,36.62019604492188,0.3544556813411414,-0.0994850411027669,-0.0304779211763292
1776177777437127400,36.63012744140625,0.1690343781471252,-0.1598848570078611,-0.0677698332164436
1776177777447059500,36.6400595703125,-0.0121617085672914,-0.1601391240298748,-0.0675706573825329
1776177777456990200,36.649990234375,-0.1605168713010847,-0.1476379543751478,-0.051999578763172
1776177777466922200,36.659922119140624,-0.2361705165699124,-0.1225853461831808,-0.0641932168386876
1776177777476853200,36.66985327148438,-0.2191303883112967,-0.0935948140203952,-0.0733819740097969
1776177777486785500,36.67978564453125,-0.2193057448782026,-0.0738438193678855,-0.0847090583838522
1776177777496716300,36.68971630859375,-0.1238826925173401,-0.0022445640563964,-0.0914136705890297
1776177777506648300,36.6996484375,-0.1020356023684144,0.0293950213104486,-0.0778117000855505
1776177777516580400,36.70958032226562,-0.0544296554543077,0.0535614943176507,-0.078995429977402
1776177777526511400,36.71951147460938,0.051971156386286,0.0878279210567474,-0.030751988877356
1776177777536443100,36.729443115234375,0.1042423186324536,0.0681318714618682,-0.0624396511696279
1776177777546374400,36.73937451171875,0.1314766547776758,0.0495733014643192,-0.0394794852122664
1776177777556306400,36.74930639648438,0.1544774450063705,0.1081429793328046,-0.016932795426622
1776177777566237200,36.7592373046875,0.1130840889967978,0.1340261931300163,-0.0306361074127256
1776177777576169200,36.76916918945312,0.1323451081752777,0.1632061103850603,-0.059790159574151
1776177777586101200,36.77910131835937,0.1707550644598901,0.1629728861510753,-0.0614618191134184
1776177777596032300,36.7890322265625,0.1337853701114654,0.1398258193194866,-0.0494864268984645
1776177777605964500,36.79896459960938,0.0975929437458515,0.0854196908712387,0.0131089993547648
1776177777615895300,36.80889526367187,0.0580373245574533,0.0573018498897552,0.0805353528957814
1776177777625827300,36.81882739257812,-0.0370608797632157,0.0031207623690366,0.0837989578016102
1776177777635758300,36.82875830078125,-0.0757739106476306,-0.0251619137853384,0.0486760603636503
1776177777645690400,36.8386904296875,-0.0216062671303749,-0.0715893184393644,0.0319709362130612
1776177777655622100,36.8486220703125,0.0354312327347695,-0.1175444294065237,-0.0275820536043494
1776177777665553400,36.85855346679688,0.0002956219457089,-0.1302449210256338,-0.066300856642425
1776177777675485400,36.8684853515625,-0.0851800368964672,-0.1072445691883564,-0.0673914283581078
1776177777685416200,36.87841625976562,-0.179359372806549,-0.059917000824213,-0.057723217106983
1776177777695348200,36.88834814453125,-0.2499205172419548,-0.0447550875276327,-0.0527447711072862
1776177777705279200,36.898279296875,-0.2454651452682912,-0.0210316821128129,-0.0684640990909189
1776177777715211300,36.908211181640624,-0.222413940026611,0.020984920361638,-0.0171295601077377
1776177777725142300,36.91814233398438,-0.1332310972295701,0.043629882889986,-0.0096353318948298
1776177777735074300,36.92807421875,0.0196188927054405,0.0679220281034708,-0.0180575616728514
1776177777745006300,36.93800634765625,0.1464953602112829,0.0578676670789718,-0.0390630133658647
1776177777754937300,36.94793725585937,0.3559760227762162,0.0777566088974475,-0.0220177705407142
1776177777764869000,36.957869140625,0.3428255954325199,0.0492781179100275,-0.0829124572906643
1776177777774800400,36.96780029296875,0.2776525737762451,0.0130021049141883,-0.0699028997223824
1776177777784732400,36.977732421875,0.1554185252487659,0.0302343947440385,-0.0803688372224569
1776177777794663400,36.98766333007813,-0.0020189386069774,0.011447276687622,-0.1020668012242764
1776177777804595200,36.99759521484375,-0.1403191557943821,0.024720599758625,-0.0859584008578211
1776177777814527200,37.00752734375,-0.1450514450132846,0.0221995568484067,-0.0519047400865703
1776177777824458200,37.01745825195312,-0.1730979743242263,0.0152682962805032,-0.0294650908719748
1776177777834390500,37.027390625,-0.2087713452517986,0.0216816704541444,0.0174520700603723
1776177777844321300,37.0373212890625,-0.1674748737454414,0.0480599742919206,0.0345656288813799
1776177777854253300,37.04725341796875,-0.0596640489764511,0.101217563983798,0.067155500710383
1776177777864184300,37.05718432617188,0.0031939737357199,0.0960492214351892,0.0721957598999142
1776177777874116400,37.06711645507813,0.0349592313088476,0.0787596484601497,0.0257688667025417
1776177777884047400,37.07704736328125,0.0330535438179969,0.1070709661871194,0.0116965022083371
1776177777893979400,37.0869794921875,0.0439408485352992,0.1272656129539013,0.0006254384219646
1776177777903911400,37.09691137695312,0.0536029953718185,0.0932324104487895,-0.0304532251264899
1776177777913842400,37.10684252929688,0.0376595763087272,0.0937748467624187,-0.0311412073906511
1776177777923774200,37.11677416992188,-0.0077145199000835,0.0722065735548734,-0.0385558675613254
1776177777933705200,37.12670532226562,-0.0248129542171955,0.0413461558669805,-0.0619846739437431
1776177777943637200,37.13663720703125,-0.0873322464942932,0.0124006318897008,-0.0040012715306133
1776177777953568300,37.146568359375,-0.0929413185477256,0.0125695587158203,0.0098018475681543
1776177777963500300,37.156500244140624,-0.0209600781813263,0.0107779991239309,0.0082798986978828
1776177777973432300,37.16643237304688,-0.0853472101569175,-0.0168114340692758,-0.0119292149856686
1776177777983363300,37.17636328125,-0.1433868728019297,0.0156985043913126,-0.0247066442985087
1776177777993295400,37.18629541015625,-0.0850128636360168,0.0586883358120918,-0.0104649145867675
1776177778003226400,37.19622631835937,-0.0131328916870057,0.0971112977087497,-0.0144241005413234
1776177778013158400,37.20615844726562,0.0655414165772497,0.094693715173006,-0.0384950042195618
1776177778023089400,37.21608935546875,0.1308884796261787,0.0713636929899454,-0.0162461283367127
1776177778033021200,37.22602124023437,0.092647888559103,0.0560533111333847,-0.0207719351980835
1776177778042953200,37.235953125,0.0592750496588647,0.0578238279372453,-0.0218027395505458
1776177778052884200,37.24588427734375,-0.0102992756962776,0.0669049600154161,-0.0235615659166127
1776177778062816300,37.255816162109376,-0.1582185312308371,0.0405523751407861,-0.0338705592893064
1776177778072747300,37.26574731445312,-0.2138580008663237,0.0234708919584751,-0.0342917073108255
1776177778082679300,37.27567919921875,-0.2463129942692816,0.0048030163675546,-0.0215401430916041
1776177778092610300,37.2856103515625,-0.1832875060357153,-0.0285194075196981,-0.0292781169325113
1776177778102542300,37.29554223632813,0.0004138414978981,-0.0251291805595159,-0.0035647798094898
1776177778112473300,37.30547338867188,0.0499884581364691,-0.0587421118259429,-0.003745397073403
1776177778122405400,37.3154052734375,0.1207879413723945,-0.0488625228464603,-0.0271149475492537
1776177778132337400,37.32533740234375,0.1706862370073795,0.0026776947766542,-0.0131580261282622
1776177778142268400,37.33526831054687,0.1322622521974146,0.0257353297591209,-0.0081220047224313
1776177778152200200,37.3452001953125,0.0876220232211053,0.0576432106733322,0.0149087422531098
1776177778162131200,37.355131103515625,0.0904806275226175,0.0948404301673173,0.0253683230776339
1776177778172063200,37.36506323242188,0.0543932689666748,0.078867200487852,0.0498801754564046
1776177778181994500,37.37499438476563,0.0176839791201055,0.0497989269137382,0.0353674467835575
1776177778191926300,37.38492626953125,-0.1119232285238802,0.0476841267168521,-0.0264794261246919
1776177778201858300,37.3948583984375,-0.2394764262475073,0.0475046784967184,-0.0557097583927214
1776177778211789300,37.40478930664062,-0.256481190931797,0.0718786567747592,-0.0531386657956987
1776177778221721300,37.41472143554687,-0.1768096883237361,0.050673956182599,-0.0535956157829612
1776177778231652400,37.42465234375,-0.0827883194543421,0.0401397026866674,-0.0530828439552336
1776177778241584400,37.43458447265625,0.0494902993559837,0.0040653497427701,-0.0181662096790969
1776177778251515400,37.44451538085937,0.1169536239065229,-0.036401100680232,-0.0175790574409067
1776177778261447400,37.45444750976562,0.173539726742357,-0.0104372228622436,0.0018698124598711
1776177778271379200,37.46437915039063,0.2073357594907283,0.0061836570709943,0.0272656811315566
1776177778281310200,37.47431030273437,0.1134765954457223,-0.0005763385832309,-0.0045266836442053
1776177778291242200,37.4842421875,0.0098164606153964,-0.0201110601365566,0.0026655659474432
1776177778301173200,37.49417333984375,-0.0665830345846712,-0.0130576344937086,-0.040763752869144
1776177778311105300,37.504105224609376,-0.1574551456429064,0.00977262147367,-0.0738650082863867
1776177778321036300,37.51403637695312,-0.234791044910252,0.0100315646708011,-0.1102938737563788
1776177778330968300,37.52396826171875,-0.2755518021047115,-0.0185141463339328,-0.0619100743375718
1776177778340899300,37.5338994140625,-0.2476854516662657,-0.0523065258204936,-0.103986663370952
1776177778350831400,37.54383129882813,-0.2025849117018282,-0.0729354723513126,-0.078737217432633
1776177778360763400,37.55376342773437,-0.1507411810874938,-0.0641185441672801,-0.0474117395162582
1776177778370694400,37.5636943359375,-0.0598211392343044,-0.0032470190972089,-0.0714828623902052
1776177778380626400,37.57362646484375,-0.0035315351270139,0.0268950211882591,-0.0877963568747043
1776177778390557200,37.58355712890625,0.0452992774069309,0.0087432784259319,-0.0501827385995537
1776177778400489200,37.5934892578125,0.1008896472036838,0.0214256498664617,-0.03588262976408
1776177778410420500,37.60342041015625,0.1784191693469882,0.0329711262315511,-0.0042010318864136
1776177778420352300,37.613352294921874,0.1782522883474826,0.0639560470819473,0.0223517517354339
1776177778430284300,37.6232841796875,0.1465712019264698,0.0644406157284975,0.0446213050801306
1776177778440215300,37.63321533203125,0.0825705850504338,0.0509592028647661,0.0232652863837778
1776177778450147300,37.64314721679688,0.0281907600872218,0.0434457584947347,-0.0032370822250843
1776177778460078300,37.65307836914062,-0.0099520696938037,0.0222322900742292,-0.0197020409442484
1776177778470010400,37.66301025390625,-0.0701553401134908,-0.0416419239431619,-0.0266996447466313
1776177778479941400,37.67294140625,-0.1219429566264152,-0.0668359864324331,-0.0526823003303259
1776177778489873400,37.682873291015625,-0.1576515449978411,-0.0981920786827802,-0.0537752101335674
1776177778499805200,37.69280517578125,-0.2855424502432346,-0.1620364820837974,-0.0770022103335708
1776177778509736200,37.70273608398438,-0.3406523430466652,-0.1310509767115116,-0.0692447280745953
1776177778519668200,37.71266821289063,-0.3318576266944408,-0.0644616585165262,-0.044741351263225
1776177778529599500,37.722599609375,-0.3095826665222644,-0.0621510434865951,-0.0290459156118333
1776177778539531300,37.73253125,-0.2081293940864503,-0.0103495445787906,-0.0509651942141354
1776177778549462300,37.742462158203125,-0.0669077364943921,0.0208241768419742,-0.0368882996752858
1776177778559394300,37.752394287109375,0.0962275006115436,0.087190792196989,-0.0244332341846078
1776177778569325300,37.7623251953125,0.2270107662975788,0.1018026703953742,-0.0398187271039932
1776177778579257300,37.77225732421875,0.2652398130573332,0.0824865600287914,-0.0914015417598187
1776177778589189400,37.782189453125,0.2369314179398119,0.0966851812511682,-0.1011717520806938
1776177778599120400,37.79212036132813,0.1460859026275575,0.110825934806466,-0.0940798210583627
1776177778609052400,37.80205249023437,0.0687992493294179,0.1267179159432649,-0.0936800811510533
1776177778618983200,37.81198315429688,-0.0476360497914254,0.1413818165898323,-0.0793563722442835
1776177778628915200,37.821915283203126,-0.1075714630551636,0.1027495958566665,-0.0152844436977058
1776177778638846500,37.83184643554687,-0.1353508658625185,0.0617570757329463,-0.0013167816869914
1776177778648778500,37.84177856445312,-0.1467092952229082,0.0427408250957727,-0.0077468877997249
1776177778658709200,37.85170922851562,-0.1712440170206129,-0.0065466451644897,-0.0069894935611635
1776177778668641300,37.861641357421874,-0.2368636134006083,-0.0397024803131818,0.0435329983867704
1776177778678573300,37.8715732421875,-0.2012088010430336,-0.016827800682187,-0.0179308665532618
