time,seconds_elapsed,z,y,x
1776179929017395700,2.732395751953125,0.1564677420407533,0.1084130284458398,0.3993147772325202
1776179929027328800,2.742328857421875,-0.0261506325617432,0.162406484439969,0.431861540572159
1776179929037261800,2.75226171875,-0.1499690276712179,0.1664724187046289,0.441891680470854
1776179929047193900,2.76219384765625,-0.1369292210951447,0.1837333501070737,0.4391313489120453
1776179929057126700,2.772126708984375,-0.0203743872478604,0.1025409215420484,0.3554241610471159
1776179929067059700,2.782059814453125,0.0843508925959467,-0.0350315658926963,0.2874041524618864
1776179929076992800,2.79199267578125,0.100945176783204,-0.1188555120050907,0.1017522553823888
1776179929086924800,2.8019248046875,0.0608230097532272,-0.1496978095144033,0.114392468181625
1776179929096857900,2.81185791015625,-0.0373196768298745,-0.1046276646882295,0.1528948519900441
1776179929106790700,2.821790771484375,-0.1681464893966913,-0.2121416984677314,0.1145308537390083
1776179929116723700,2.8317236328125,-0.2841863594591617,-0.2262573175817727,0.1715598780367523
1776179929126655700,2.84165576171875,-0.2572118432939052,-0.1124234331309795,0.2890668249770999
1776179929136588800,2.8515888671875,-0.2690378901660442,-0.1285930621653795,0.2750338426452129
1776179929146521900,2.86152197265625,-0.1411544375747442,-0.1266062722623348,0.3255536311794072
1776179929156455000,2.871454833984375,-0.015555881050229,-0.04188800765872,0.3274712283037603
1776179929166386700,2.88138671875,-0.0363739204123616,0.0289940392941236,0.3542949378214776
1776179929176319500,2.891319580078125,0.0212011934608221,0.0936713863879442,0.2685617240216583
1776179929186252800,2.901252685546875,0.0710275929033756,0.0904150149405002,0.2427868659697473
1776179929196185900,2.911185791015625,0.2651946587413549,0.0775683928489685,0.338315351466462
1776179929206117600,2.92111767578125,0.3969543682441115,0.0737964730948209,0.3134921681161969
1776179929216050700,2.93105078125,0.2990843611225485,0.0781938312709331,0.2871639870304614
1776179929225983700,2.940983642578125,0.6089595808506012,-0.0690437256097793,0.2794395302582532
1776179929235916500,2.95091650390625,0.2769239672407507,0.1485036312937736,0.4506204919800162
1776179929245848600,2.9608486328125,0.1636941861629486,0.1062777699828147,0.4128345858778804
1776179929255781600,2.97078173828125,0.0462608159154653,-0.0036252047598361,0.3978089392468333
1776179929265714700,2.980714599609375,-0.0201712658911943,-0.0092138185471296,0.4597177714753895
1776179929275647700,2.990647705078125,0.0182142866045236,-0.0930026933461427,0.5112944486513733
1776179929285579800,3.000579833984375,0.0609770312711596,-0.1559504401683807,0.555908447207883
1776179929295512600,3.0105126953125,0.018666706547141,-0.1941436849623918,0.5611218710072339
1776179929305445600,3.020445556640625,0.063967737519741,-0.2276315285444259,0.5541640146933495
1776179929315378700,3.030378662109375,0.1262517597362399,-0.2412017887353897,0.5426346857454627
1776179929325311700,3.040311767578125,0.1143704755455255,-0.1479430748015642,0.4911380150031298
1776179929335243800,3.050243896484375,0.15279986718297,-0.1596428649455308,0.3972090005923062
1776179929345176600,3.060176513671875,0.1490758782237768,-0.1333043085962534,0.3998115843061357
1776179929355109600,3.070109619140625,0.0975505659088492,0.0188163441509008,0.3934263402484357
1776179929365042700,3.080042724609375,-0.2903787843585014,0.0390051456987857,0.4335175276182592
1776179929374974700,3.089974609375,-0.7314288994386792,0.205368843331933,0.6004335984371603
1776179929384907800,3.09990771484375,0.0099146602928638,-0.0510211621850728,0.2034869020428508
1776179929394840800,3.1098408203125,0.1408940330728888,-0.1046709193080663,0.2937090978249907
1776179929404773600,3.119773681640625,0.3523153083115816,-0.0031365444600582,0.2378732288345694
1776179929414705700,3.12970556640625,0.186196525350213,0.0311965177744627,0.223987692149356
1776179929424638700,3.139638671875,0.214115628889203,0.0755330876290798,0.2460956251915544
1776179929434571800,3.14957177734375,0.4803980828672647,0.0196545485407114,0.135921140031144
1776179929444504800,3.1595048828125,0.613366875898838,-0.0464238975226879,0.0753554660398513
1776179929454436900,3.169436767578125,0.3333247766375541,0.0288145910739898,0.1337778443921357
1776179929464369700,3.17936962890625,0.2041454390168189,0.0388987627148628,0.0840808434829115
1776179929474302700,3.189302734375,0.1364355923593044,0.02092529912889,0.0103852004140615
1776179929484235800,3.19923583984375,0.1670499263316393,0.0186655375033617,-0.0767206169132143
1776179929494167800,3.209167724609375,0.2310153257638215,-0.0147480717986822,-0.1469033564902842
1776179929504100900,3.219100830078125,0.3016781770080328,-0.0065156655043363,-0.2135754575978964
1776179929514034000,3.229033935546875,0.3705526835307479,-0.0013765490502119,-0.2170858768716454
1776179929523966700,3.238966796875,0.4652408457458019,-0.0454056603908538,-0.0209044024713337
1776179929533898800,3.248898681640625,-0.1615975061446428,0.0919429551601409,0.0300855608578771
1776179929543831800,3.258831787109375,-0.1565010597884654,0.3493973750382662,-0.0619336744088679
1776179929553764900,3.268764892578125,-0.2063426568001508,0.5632908856093883,-0.0181512313056737
1776179929563698000,3.278697998046875,-0.93814448120445,0.5913228018730878,0.3456977168027311
1776179929573629700,3.288629638671875,-0.9537237431302666,0.5100228212803601,0.4503605989348143
1776179929583562500,3.2985625,-0.6100543903499841,0.5159077876657248,0.3545031737446785
1776179929593495600,3.30849560546875,-0.5603793820768594,0.2877063502788543,0.4136518936101347
1776179929603428600,3.3184287109375,-0.3525312891498208,0.1676893932789564,0.4499861395992338
1776179929613360600,3.328360595703125,-0.2111681772604584,-0.199266434803605,0.1824832039155066
1776179929623293700,3.338293701171875,0.1679398609086871,-0.3860486510872841,0.1145388909149914
1776179929633226800,3.348226806640625,0.1940343793690204,-0.3846756091684102,0.4404560216445475
1776179929643159600,3.35815966796875,0.2223342989191412,-0.8350748596131801,0.2224691773451864
1776179929653091600,3.368091552734375,0.3363894249051809,-0.6615986996263266,0.0842503548309206
1776179929663024600,3.378024658203125,0.0332031814217567,-0.4318623077571392,0.4673896943427622
1776179929672957700,3.387957763671875,0.0830839414000511,-0.416843602323532,0.310945917699486
1776179929682890800,3.397890869140625,-0.1574310341149568,-0.0587578939169645,0.7689807045239955
1776179929692822800,3.40782275390625,-1.8083821318745608,0.2286234621912241,1.1577342306558045
1776179929702755600,3.417755615234375,1.3274541799142956,-0.312366159760952,-0.0256488205194473
1776179929712688600,3.427688720703125,2.224897232896089,-0.9141080643177032,-0.0983327292624861
1776179929722621700,3.43762158203125,0.5774065047234297,-0.5674807385146617,0.2566620273914188
1776179929732553700,3.4475537109375,0.0630450697168707,0.0581827243775129,0.9233523510683328
1776179929742486800,3.45748681640625,-0.0354027372926473,0.0723532885491848,0.5569353060375899
1776179929752419600,3.467419677734375,-0.0327627441778779,-0.0348708223730325,-0.077925901049748
1776179929762352600,3.4773525390625,0.0188227738916873,-0.0414040235340595,0.1457404501907527
1776179929772284700,3.48728466796875,-0.0290498611345887,0.0231938285827636,0.1693747890826314
1776179929782217700,3.4972177734375,-0.1541387145712971,0.2100520327121019,0.2001017165839672
1776179929792150800,3.50715087890625,-0.2216407636970281,0.2393634673923254,0.2296530244346707
1776179929802083800,3.517083740234375,-0.111601887615025,0.2011842511236667,0.2067903275024145
1776179929812015900,3.527015869140625,-0.0173901107400655,0.1284381638646125,0.2054522107664495
1776179929821948700,3.53694873046875,0.1028708841487765,0.0347866512209177,0.1268057403571903
1776179929831881700,3.5468818359375,0.1089998884230852,0.0535521419674158,0.1154077827040106
1776179929841814800,3.556814697265625,0.0679395637601614,0.021445523610711,0.2015044229887425
1776179929851746800,3.566746826171875,0.0608954904675483,-0.0035959786653518,0.1898386081796139
1776179929861679900,3.576679931640625,-0.0301478855043649,0.0088502459317445,0.1513621625300496
1776179929871612700,3.58661279296875,-0.1064981347352266,-0.0011292962908744,0.2247316423844546
1776179929881545700,3.596545654296875,-0.1292144089341163,0.0016992051333189,0.2776264164216816
1776179929891478800,3.606478759765625,-0.1165647707194089,-0.0130979665040969,0.2756817851599306
1776179929901411300,3.616411376953125,-0.1296907942742109,-0.0239928700059652,0.356996597995609
1776179929911344400,3.626344482421875,-0.0478328875377774,-0.0185778592199087,0.428318205409497
1776179929921277200,3.636277099609375,-0.0245890823334455,-0.028838556471467,0.4581809903621673
1776179929931210200,3.646210205078125,-0.0556090744972228,-0.0295510886549949,0.4086102461811154
1776179929941142300,3.656142333984375,-0.0033534020811319,-0.043961891323328,0.4007349096961319
1776179929951075300,3.666075439453125,-0.0304933379411697,-0.0398170466035604,0.3889025061484426
1776179929961008400,3.67600830078125,-0.0261550164759159,-0.0314858561098575,0.3466242570631205
1776179929970941200,3.685941162109375,0.0090162501484155,-0.0307931976705789,0.2712223215330392
1776179929980873200,3.695873291015625,0.0149251819312572,-0.0046165538847446,0.2220079895742237
1776179929990806000,3.705805908203125,-0.0603267506688833,0.0128881231456995,0.1911634270425885
1776179930000739000,3.715739013671875,-0.1050216324418783,0.0402764808088541,0.2196040702376514
1776179930010672400,3.72567236328125,-0.0542088523104786,0.0085842884719371,0.2059076263837516
1776179930020604200,3.735604248046875,-0.0436047484487295,0.00637830286026,0.1729815083377063
1776179930030537200,3.745537109375,0.0030237317353487,0.0017038813084363,0.2116519421894103
1776179930040470000,3.755469970703125,0.0979039093911647,-0.0204337162196636,0.2198585564553737
1776179930050403000,3.765403076171875,0.0981926632046699,-0.0590022240668535,0.1707608366135507
1776179930060335000,3.775335205078125,0.0811512197718024,-0.0589770896255969,0.1672582353200763
1776179930070268200,3.78526806640625,0.0929004020154476,-0.0360474649369716,0.1828030835196375
1776179930080201200,3.795201171875,0.1027928504765033,-0.0464548771828412,0.184536117857322
1776179930090134000,3.805134033203125,0.0241302326500415,-0.0404874932110309,0.181175409252569
1776179930100066300,3.81506640625,-0.0547585951477289,-0.025815409258008,0.2322029281131923
1776179930109999000,3.8249990234375,-0.0866968712002038,0.0001280102938413,0.2604811472881585
1776179930119932200,3.83493212890625,-0.1132826803088188,0.0156844758659601,0.2604096894871443
1776179930129865200,3.844865234375,-0.1282914488703012,0.0123632224887609,0.2499616529699415
1776179930139797200,3.85479736328125,-0.1003778982892632,0.0041670565515756,0.2733849063944071
1776179930149730300,3.864730224609375,-0.0263204361706972,-0.0091921912372112,0.2683750423431396
1776179930159663000,3.8746630859375,0.0020195231288671,-0.0067348612129688,0.2456706777777522
1776179930169596200,3.88459619140625,0.0256745394825935,-0.0022930793732404,0.2220104737922549
1776179930179528200,3.894528076171875,0.039814123994112,-0.0038981764823198,0.2135559491798281
1776179930189461200,3.904461181640625,0.0526385342538356,0.0162748429745435,0.215473838565126
1776179930199394300,3.914394287109375,0.030384616869688,0.0231792155355215,0.1469945419050753
1776179930209327000,3.9243271484375,-0.0600692687764763,0.0424783747673034,0.1218080051351338
1776179930219259100,3.934259033203125,-0.1119689673617482,0.0348182154029607,0.1964044695012271
1776179930229192200,3.944192138671875,-0.1011938908472657,0.057971711975336,0.2467607380367815
1776179930239125200,3.954125244140625,0.0099503161281347,0.0714630617111921,0.2578023565329611
1776179930249058300,3.964058349609375,0.0784355310723185,0.064357613620162,0.2011574361819773
1776179930258990300,3.973990234375,0.0587356820851564,0.0350637145966291,0.111194329727441
1776179930268923400,3.98392333984375,0.0427525155335664,0.033926234999299,0.1415472362846136
1776179930278856200,3.993856201171875,0.0937719241529703,0.0186579387187957,0.2163542746614664
1776179930288789200,4.003789306640625,0.1443833364933729,0.0077910922676324,0.2138899303745478
1776179930298721300,4.01372119140625,0.1653466295450925,0.0052519291788339,0.212442361914739
1776179930308654300,4.023654296875,0.0578653289914131,-0.0177852475374937,0.1686886334493756
1776179930318587400,4.03358740234375,-0.0987187329053878,-0.0085264208048582,0.1621286173466593
1776179930328520200,4.043520263671875,-0.1009179965153336,-0.0243272165268659,0.2354448326438665
1776179930338452200,4.0534521484375,-0.0664402651131153,-0.0094306761682033,0.2420217998813837
1776179930348385300,4.06338525390625,-0.0608440525412559,-0.0411474184244871,0.2619716050416231
1776179930358318300,4.073318359375,-0.1259106912136078,-0.0300987856656312,0.2246141534846276
1776179930368251400,4.08325146484375,0.052898938755691,0.0698076957195997,0.1203094371404498
1776179930378183200,4.09318310546875,0.0180547121286392,3.50713133811e-05,0.3099210316311568
1776179930388116200,4.1031162109375,0.0951797451242804,-0.0139659815102815,0.2114291662842035
1776179930398049000,4.113049072265625,0.1232248131304979,-0.0265454770982265,0.2171603303473442
1776179930407982000,4.122982177734375,0.0722767161816358,-0.0171042795360088,0.2216767117932438
1776179930417914000,4.1329140625,0.0312894567549228,-0.0318406608968973,0.1966354287128895
1776179930427847200,4.14284716796875,0.0001695113480091,-0.0144195704966783,0.2015896901194006
1776179930437780200,4.1527802734375,0.0187877025783061,0.0046878655552864,0.269550735059008
1776179930447713000,4.162713134765625,-0.0127802788570523,0.032478958800435,0.2187188118357211
1776179930457645000,4.17264501953125,-0.0368377385318279,0.0110123924016952,0.1899480599034577
1776179930467578000,4.182578125,-0.0577279663473367,-0.0044271687924861,0.228716328106448
1776179930477511200,4.19251123046875,-0.0256666484370827,0.023575521376729,0.216568648064509
1776179930487444200,4.2024443359375,-0.0098845574155449,0.0157248078763484,0.1938650872167199
1776179930497376300,4.212376220703125,-0.0027957681983709,0.0058370355904102,0.1857109337903559
1776179930507309300,4.222309326171875,0.0638344665288925,0.0024357027143239,0.2144175344452261
1776179930517242000,4.2322421875,0.0318202026307582,0.001449029764533,0.2270908457964658
1776179930527175200,4.242175048828125,0.1160714342445135,-0.0308820449978113,0.2140137759499251
1776179930537108200,4.252108154296875,0.1909235538721084,-0.0400987861543893,0.221343022859469
1776179930547040300,4.262040283203125,0.1370034553751349,-0.0687052874356508,0.183018114509806
1776179930556973300,4.271973388671875,0.0271703309983015,-0.0477916787445545,0.1894385029461234
1776179930566906000,4.281906005859375,-0.0652718058556318,-0.0474649310082197,0.2084361219480633
1776179930576839200,4.291839111328125,-0.1054302132427692,-0.0430944608390331,0.1995114225406199
1776179930586771200,4.301771240234375,-0.1126224628344178,-0.060075406256318,0.2089099500048905
1776179930596704300,4.311704345703125,-0.0665624301880598,-0.0767594145536422,0.212898800445348
1776179930606637300,4.32163720703125,0.0238379717051982,-0.0540337880045175,0.2219627621930092
1776179930616570000,4.331570068359375,0.0723623486384749,-0.0224409643888473,0.2098239961098879
1776179930626502400,4.34150244140625,0.0356482364863157,0.0070873279124498,0.2437166941657662
1776179930636435200,4.351435302734375,0.0527832034215331,0.0181844759881496,0.242871694708988
1776179930646368300,4.3613681640625,0.0145569331407546,0.0616039309978485,0.2499616529699415
1776179930656301300,4.37130126953125,-0.0295160173416137,0.06878127528131,0.2708580913305282
1776179930666233300,4.3812333984375,-0.0745712568596005,0.0774082338511943,0.2197130105048418
1776179930676166400,4.39116650390625,-0.1556818523600697,0.0653974780619144,0.1951525697439909
1776179930686099200,4.40109912109375,-0.1523977161228656,0.028693010520935,0.251184545828402
1776179930696032300,4.4110322265625,-0.1195358954846858,0.0043090953707695,0.250613029550761
1776179930705964300,4.42096435546875,-0.0656008916795253,-0.0213958392500877,0.2416159224942326
1776179930715897300,4.4308974609375,-0.0069914663225412,-0.0412882881999015,0.2420638854574412
1776179930725830400,4.440830322265625,0.0374812971323728,-0.0313005626708269,0.2325985033020377
1776179930735763200,4.45076318359375,0.0614189298197627,-0.0801841283053159,0.1455832868676632
1776179930745695200,4.4606953125,0.0445168948575854,-0.0804874951660633,0.1570638813029974
1776179930755628000,4.4706279296875,0.0834846311554312,-0.0446942972511053,0.1308741588398814
1776179930765561000,4.48056103515625,0.0427735583215951,-0.0260001181751489,0.108326080814749
1776179930775494100,4.490494140625,-0.0115355394929647,-0.0185609080851078,0.1102688854455947
1776179930785426200,4.50042626953125,-0.0551531474232673,-0.0080874448657035,0.1281318013291806
1776179930795359200,4.510359130859375,-0.0526969864428043,0.0157388364017009,0.1782723082222044
1776179930805292000,4.5202919921875,-0.0277320565342903,0.0053220718055963,0.2058943285107612
1776179930815225000,4.53022509765625,-0.0251464239552617,0.0046902036428451,0.209333289983496
1776179930825157000,4.5401572265625,-0.0008349895194172,-0.0109369890779256,0.1979351131346076
1776179930835090200,4.550090087890625,0.0230424374133348,-0.0091623806208372,0.2152108767800033
1776179930845023200,4.560023193359375,0.0116924836203455,0.0168862528711557,0.2666463188543915
1776179930854956000,4.5699560546875,0.0167728556245565,0.0208873052060604,0.2728966844860464
1776179930864888000,4.57988818359375,0.0010492167919874,0.0005120411753654,0.2499417061604559
1776179930874821000,4.589821044921875,-0.0360901350349187,-0.0108387894004583,0.2379034047771245
1776179930884754200,4.599754150390625,-0.0295607332661747,-0.0003086275577545,0.2329687248539179
1776179930894687200,4.609687255859375,-0.0562292522221803,-0.0181266083210706,0.2398631605427712
1776179930904618800,4.61961865234375,-0.0133043027311563,-0.0511789830952882,0.1912212216444313
1776179930914551800,4.6295517578125,0.0205278242439031,-0.0382528660267591,0.2164379343569278
1776179930924484600,4.639484619140625,0.040567572709918,-0.0350000017106533,0.2359890955884009
1776179930934417700,4.649417724609375,0.061285951089859,-0.022176760494709,0.2585556591182947
1776179930944349700,4.659349609375,0.0373132470890879,-0.0096048636913299,0.2657009277630597
1776179930954282800,4.66928271484375,0.0449085245236754,-0.0135410340964794,0.2191835067380219
1776179930964215800,4.6792158203125,0.0055827685683965,-0.0449544094920158,0.2113356427818536
1776179930974148900,4.68914892578125,-0.0502481319859623,-0.0452899250566959,0.1766969486642629
1776179930984081000,4.699080810546875,-0.0309931041568517,-0.0461181925743818,0.1793090308587998
1776179930994013700,4.709013671875,-0.0178141813710331,-0.0248304898738861,0.20638605755046
1776179931003946800,4.71894677734375,-0.0111515086114406,0.0020236147820949,0.2198448201909661
1776179931013879800,4.7288798828125,0.0250292273163795,-0.0026309330254793,0.2237306486483663
1776179931023811800,4.738811767578125,0.0388248206958174,0.0156102415859699,0.2439856473002582
1776179931033745000,4.748744873046875,0.0338613530695438,0.0071603931486606,0.257777368222177
1776179931043677700,4.758677734375,0.0112912093430757,-0.0054880760222673,0.2270757943578064
1776179931053610800,4.76861083984375,-0.0832452694416046,-0.0222217686802148,0.2155672890022397
1776179931063542800,4.778542724609375,-0.021639584878087,-0.0006628478229045,0.2447067281164228
1776179931073475800,4.788475830078125,-0.0301297653257846,-0.005009352594614,0.206714924178645
1776179931083409000,4.798408935546875,0.0058744449913501,-0.0256242706000804,0.1922188543796539
1776179931093342000,4.808342041015625,0.068046531265974,-0.0174427177101373,0.213098779996857
1776179931103274000,4.81827392578125,0.06353139192909,-0.014753917017579,0.2047760650705546
1776179931113206800,4.828206787109375,0.0141802087828516,0.0092208328098058,0.2126715675607323
1776179931123139800,4.838139892578125,-0.0228945533752441,0.0081289459198713,0.2286120640143752
1776179931133073000,4.848072998046875,-0.0512909190371632,-0.0019505495458841,0.2040670400183648
1776179931143005000,4.8580048828125,-0.0670253715246915,-0.0140413848340511,0.2141694779682904
1776179931152938000,4.86793798828125,-0.0277484231472015,-0.005852233159542,0.2095913563977927
1776179931162870800,4.877870849609375,0.0139735802948474,-0.0228933843314647,0.2073994723767042
1776179931172803800,4.887803955078125,0.0738034873574972,-0.0295049114257097,0.2078527691021561
1776179931182737000,4.89773681640625,0.1007338721200823,-0.0270540111422538,0.2125211993046104
1776179931192669000,4.9076689453125,0.0931315804228186,-0.0534650482058525,0.2092058642115443
1776179931202602000,4.91760205078125,0.0658867228835821,-0.0387795202493667,0.2029108557205647
1776179931212534800,4.92753466796875,0.0238806418031454,-0.0255997206807136,0.1964267543982714
1776179931222467800,4.9374677734375,-0.0045434886485338,-0.0168441672950983,0.1819233780756592
1776179931232399600,4.947399658203125,-0.0524415503770112,-0.0029945056408643,0.1805031360141933
1776179931242332700,4.957332763671875,-0.0245364753633737,-0.0061976855963468,0.2155143167059868
1776179931252265700,4.967265625,-0.0179050745248794,-0.0194037886500358,0.2184063118204474
1776179931262198800,4.97719873046875,0.0128325935661792,-0.0142903911590576,0.2114900296259671
1776179931272130800,4.987130859375,-0.0153980601400136,-0.0355400999367237,0.158544621380046
1776179931282063600,4.997063720703125,-0.0616419249206781,-0.0443418305516242,0.2064159412320703
1776179931291996700,5.00699658203125,-0.0119850368261337,-0.007495324191451,0.2219411348830908
1776179931301929700,5.0169296875,0.0212953014850616,-0.0212058696359396,0.2208425990566611
1776179931311861800,5.02686181640625,0.064318450653553,-0.0224964939683675,0.2049909499302506
1776179931321794800,5.036794921875,0.0805617294460535,-0.0312239903032779,0.1548146410714835
1776179931331727600,5.0467275390625,0.0706868166416883,-0.0238274503111839,0.1918818044450134
1776179931341660700,5.05666064453125,0.0337663682624697,-0.0062251581251621,0.1993713564828038
1776179931351592700,5.0665927734375,0.0189718269735574,0.015682722300291,0.1871682199265807
1776179931361525800,5.07652587890625,-0.0176928930789232,0.0046031098812818,0.1581014076571911
1776179931371458800,5.086458740234375,-0.1210784487515687,-0.026854104655981,0.145552014946565
1776179931381392000,5.096391845703125,-0.1638601903796196,-0.0232119487613439,0.1841979719441384
1776179931391324000,5.106323974609375,-0.0743283880144357,-0.034778467914462,0.2172523925449699
1776179931401256700,5.116256591796875,-0.0083434654533863,-0.0289689048528671,0.198302265946567
1776179931411189800,5.126189697265625,0.039942718809843,0.0040729485273361,0.2008688284989446
1776179931421122800,5.136122802734375,0.036028175714612,-0.0022112463086843,0.1743672636076808
1776179931431054800,5.146054931640625,-0.0114373398154973,-0.00119359369874,0.1796647124286741
1776179931440988000,5.15598779296875,-0.0221872818887233,-0.0064268181771039,0.2004210847314447
1776179931450920700,5.165920654296875,-0.0319318463116884,0.0093213705748319,0.1964538616009056
1776179931460853800,5.175853759765625,-0.0540416790500283,0.0233089793950319,0.2048232652131467
1776179931470785800,5.185785888671875,-0.1421118844300508,0.0282803380668163,0.1532536022998392
1776179931480718800,5.19571875,-0.2326353281810879,0.0206125799179077,0.1492361833520233
1776179931490652000,5.20565185546875,-0.1436193663835525,0.0287263282686471,0.1860997139122337
1776179931500585000,5.2155849609375,-0.0002127659678459,0.0334551103562116,0.1821380437396466
1776179931510517000,5.22551708984375,0.0762947196513414,0.0155453596562147,0.1772714606165885
1776179931520449800,5.23544970703125,0.1140238540649414,0.0110568160653114,0.1718017239686101
1776179931530382800,5.2453828125,0.0869733500540256,0.0138134212970733,0.1008361634507775
1776179931540316000,5.25531591796875,0.0361012409508228,0.0097755440831184,0.1318766869459301
1776179931550248000,5.265248046875,0.025854572224617,0.0188356333732604,0.1907627372872084
1776179931560181000,5.275180908203125,-0.0021644845575094,-0.0169376907974481,0.2021010006424039
1776179931570113800,5.28511376953125,-0.0276379485100507,-0.0110907183349132,0.1619269572947174
1776179931580046800,5.295046875,-0.003284136237204,-0.0371662398338317,0.1639286525059491
1776179931589978600,5.304978515625,-0.005488660544157,-0.0209767370551824,0.1482831934761256
1776179931599911700,5.31491162109375,-0.0628939708083868,-0.0031862288206815,0.1510663944538682
1776179931609844700,5.3248447265625,-0.063479077219963,0.0065402154237031,0.133050845291838
1776179931619777800,5.33477783203125,-0.0757306560277938,-0.0077180270314216,0.1401269211579114
1776179931629709800,5.344709716796875,-0.1056558386921882,-0.015007599517703,0.1824582156047225
1776179931639642600,5.354642578125,-0.0411655386030673,-0.0086368954420089,0.1705346997074782
1776179931649575700,5.36457568359375,0.0473866050750017,0.0037169746965169,0.1766284865379333
1776179931659508700,5.3745087890625,0.0528033694267272,0.0110176530987024,0.1943452719490975
1776179931669441800,5.38444189453125,-0.0098088618308305,0.0214256498664617,0.1608395273841917
1776179931679373800,5.394373779296875,-0.0569698414564132,0.0033341128587722,0.1575836673934012
1776179931689306600,5.404306640625,-0.0395446594029664,0.0026385318100452,0.2073091637447476
1776179931699239700,5.41423974609375,0.0186497554123401,0.005372925209999,0.2117325331449508
1776179931709172700,5.4241728515625,0.0268757319658994,-0.0251338567346334,0.1765556404974311
1776179931719104800,5.434104736328125,0.0254337164640426,-0.0434516037136316,0.1362041947562247
1776179931729037800,5.444037841796875,0.0398617625281214,-0.0795008222162723,0.1360329298425465
1776179931738971000,5.453970947265625,0.0894581526070833,-0.0549994181662797,0.1645752067811787
1776179931748903700,5.463903564453125,0.1338157652497291,-0.062500003054738,0.1618444666430354
1776179931758835700,5.473835693359375,0.1005783892974257,-0.0393400767415761,0.1243122430410236
1776179931768768800,5.483768798828125,-0.0031640169888734,-0.0251724351793527,0.1225848347265273
1776179931778701800,5.493701904296875,-0.079786653420329,-0.0161404029399156,0.1659744791198521
1776179931788635000,5.503634765625,-0.0714759211927652,0.0230839384675025,0.2001259011771529
1776179931798567000,5.51356689453125,-0.0217494749933481,0.0165998371452093,0.2207414767697453
1776179931808499700,5.523499755859375,0.0195551798194646,0.0025198738664388,0.2200498412437737
1776179931818432800,5.533432861328125,0.0214949157103896,0.0037105449557304,0.2005499718081206
1776179931828365800,5.54336572265625,0.0117436292856931,-0.0187520467430353,0.1934908470768481
1776179931838297900,5.5532978515625,-0.0038151743739843,-0.0239887783527374,0.2134617680903524
1776179931848231000,5.56323095703125,0.0277189047917723,-0.0346381826609373,0.2357442539818584
1776179931858163700,5.573163818359375,0.036451369562745,-0.0544464604586362,0.2306947885725647
1776179931868096800,5.5830966796875,0.0068926821231842,-0.0442015452980995,0.2026318195834755
1776179931878028800,5.59302880859375,-0.0079600190937519,-0.0374608388662338,0.2021459357626736
1776179931887961900,5.6029619140625,-0.0091413378328084,-0.0246200619935989,0.2468164137467741
1776179931897895000,5.61289501953125,0.027725042271614,0.0006558335602283,0.2505037239573895
1776179931907827700,5.62282763671875,0.0386760598748922,-0.0194803610175848,0.242747264611721
1776179931917759700,5.632759765625,0.0475973252162337,-0.0260211609631776,0.2432035570118576
1776179931927692500,5.642692626953125,0.0382850147306919,-0.021992051577568,0.2329934939689934
1776179931937625600,5.65262548828125,0.0539729977279901,-0.0153156425535678,0.2359109888508915
1776179931947558700,5.66255859375,0.03049275341928,-0.0197024793356657,0.2359980826124549
1776179931957490700,5.67249072265625,0.0106686935305595,-0.0176245040178298,0.2389847702730446
1776179931967423700,5.682423828125,-0.0305719561353325,-0.0245814835488796,0.2329278813868761
1776179931977356800,5.692356689453125,-0.0301554842889308,-0.0030161329507827,0.2481226740397512
1776179931987289600,5.70228955078125,-0.0429904159426689,-0.0010445406168699,0.2497561204604804
1776179931997221600,5.7122216796875,-0.0143117262080311,0.0036059155374765,0.2470266954965889
1776179932007154700,5.72215478515625,-0.0066436757981777,-0.0127723878115415,0.223835205001384
1776179932017087700,5.732087646484375,0.0063543374627828,-0.0336801512837409,0.221477828220278
1776179932027020800,5.742020751953125,0.006104162093997,-0.0272743758946657,0.2737579044252634
1776179932036952800,5.751952880859375,0.04045183737576,-0.0014981296032667,0.2890251047272235
1776179932046885600,5.7618857421875,0.0417450920566916,-0.0032651392757892,0.2965137799821793
1776179932056818700,5.771818603515625,0.024979835216701,-0.0284796600311994,0.2614615366276353
1776179932066751700,5.781751708984375,-0.0736746002808213,-0.0513262826114892,0.2556500738698989
1776179932076683800,5.791683837890625,-0.1159855095267295,-0.027342764955759,0.2250485263139009
1776179932086616800,5.801616943359375,-0.0870049142360687,-0.0090618428558111,0.2495153705071657
1776179932096549600,5.811549560546875,-0.0180061968117952,-0.0232978734791278,0.2678753491926938
1776179932106482700,5.821482666015625,0.0231505739629268,-0.0139981302142143,0.2401739069923758
1776179932116414700,5.831414794921875,0.0332636794373393,0.0022054010897874,0.219292373939976
1776179932126347800,5.84134765625,0.0771273710831999,-0.0222393043369054,0.2006459064632654
1776179932136280800,5.85128076171875,0.0607961217463016,-0.0114262338995933,0.1981424722749739
1776179932146214000,5.8612138671875,0.039551089143753,0.0079407298713922,0.2079988265093416
1776179932156146000,5.87114599609375,0.0628384412288665,0.0205167183279991,0.2352891306255012
1776179932166078700,5.88107861328125,-0.0041375381961464,0.0281692789077758,0.2035373170558363
1776179932176011800,5.89101171875,-0.0355462374165654,0.0187467860460281,0.1855968058913946
1776179932185944800,5.90094482421875,-0.0254094588056206,0.0008563245683908,0.2204785880498588
1776179932195878000,5.9108779296875,0.0170782683119177,0.0195879130452871,0.2311163749855011
1776179932205810000,5.920809814453125,0.0027519290566444,0.0399485640287399,0.2302371079329401
1776179932215742700,5.93074267578125,-0.0478209048390388,-0.0003723404437303,0.1636691247869283
1776179932225675800,5.94067578125,-0.0863905817300081,-0.0223480254083871,0.1768220363486558
1776179932235607600,5.950607666015625,-0.0491606290102005,-0.0266290637284517,0.1935653005525469
1776179932245540600,5.96054052734375,0.0114914080902934,-0.0304325476646423,0.2145026554454117
1776179932255473700,5.9704736328125,0.0746346774846315,-0.0224397953450679,0.23014628784433
1776179932265406700,5.98040673828125,0.0956517465502023,-0.02812427072227,0.2321953293286263
1776179932275339500,5.990339599609375,0.1059463460713625,-0.0340022228449583,0.2211483770702034
1776179932285271600,6.000271484375,0.1016261447846889,-0.0212467861682176,0.2184563615072518
1776179932295204600,6.01020458984375,0.0593096825808286,-0.035119828698039,0.1584947908889502
1776179932305137700,6.0201376953125,-0.0201958158105611,-0.0265326176166534,0.154264825168997
1776179932315070700,6.03007080078125,-0.1305325057953596,-0.0192950675785541,0.1780447100114077
1776179932325002800,6.040002685546875,-0.1035237950995564,0.0038525837749242,0.1942829473026096
1776179932334935600,6.049935546875,-0.0441729037255048,0.0058697688162326,0.2231068907268345
1776179932344868600,6.05986865234375,0.0072539166510105,-0.0008475567400455,0.2023507376197725
1776179932354801700,6.0698017578125,0.0334989494979381,-0.0186778124630451,0.2098765300147235
1776179932364733700,6.079733642578125,0.0551528551623225,-0.0191547823250293,0.2264084164902567
1776179932374666800,6.089666748046875,0.0554945082068443,-0.0336690453678369,0.2290265630993992
1776179932384599800,6.099599853515625,0.0383598335325717,-0.0281254397660493,0.2355474162355065
1776179932394532600,6.10953271484375,0.0267605811536312,-0.0119745154321193,0.2258700718298554
1776179932404464600,6.119464599609375,0.0126513917803764,-0.0257739082038402,0.1958416479866951
1776179932414397700,6.129397705078125,-0.0094382749527692,-0.0024339491486549,0.1688308183990418
1776179932424330800,6.139330810546875,-0.0608376228004693,0.0035609073519706,0.1865576137475669
1776179932434263800,6.149263916015625,-0.05945639757514,-0.0096206457823514,0.1986550979722291
1776179932444195800,6.15919580078125,-0.0277490076690912,-0.0185714294791221,0.189955439492315
1776179932454128600,6.169128662109375,-0.002952127803862,-0.0144914666891098,0.2095242825109511
1776179932464061700,6.179061767578125,0.0214797181412577,-0.0019727613776922,0.2192352369252592
1776179932473994800,6.188994873046875,0.044334816288948,0.0184340668350458,0.2214925143327563
1776179932483926800,6.1989267578125,0.0475900186926126,-0.0087958853960037,0.2030831435475498
1776179932493859800,6.20885986328125,0.0434901821583509,0.0021761749953031,0.1995684864901006
1776179932503792600,6.218792724609375,0.0421215241536498,-0.0073205521464347,0.2009855867464095
1776179932513725700,6.2287255859375,0.0230769242048263,0.0020902502775192,0.1668796112660318
1776179932523657700,6.23865771484375,-0.0347924964398145,-0.0134755676448345,0.165692666503787
1776179932533590800,6.2485908203125,-0.0265156664818525,-0.0119330143779516,0.1789904664289206
1776179932543523800,6.25852392578125,0.0217857153505086,-0.0188496618986129,0.1622002212781459
1776179932553457000,6.268456787109375,0.0414461091101169,-0.0182803375780582,0.1783963729932904
1776179932563389000,6.278388916015625,0.0628390257507562,-0.027685879305005,0.1943791011534631
1776179932573321700,6.28832177734375,0.0705327951237559,-0.0170996033608913,0.1894852646972984
1776179932583254800,6.2982548828125,0.0693976536139845,-0.0211333889216184,0.1894084731340408
1776179932593187800,6.308187744140625,0.0403621132656931,-0.0267938989013433,0.1836396804742515
1776179932603119600,6.31811962890625,-0.0007908581167459,-0.0087917937427759,0.1787457709528505
1776179932613052700,6.328052734375,-0.0319616569280624,-0.0002694645911455,0.176626294580847
1776179932622985700,6.33798583984375,-0.008155541665852,0.0155155490398406,0.2108583075936883
1776179932632918800,6.347918701171875,0.0069780223190784,-0.0041822541207075,0.1746589400306344
1776179932642850600,6.3578505859375,0.0172007256478071,0.034455811831355,0.176201420232281
1776179932652783600,6.36778369140625,-0.0300105228602886,0.0167997436314821,0.1327980395745485
1776179932662716700,6.377716552734375,-0.05565174459517,-0.0012421090155839,0.1638534683778882
1776179932672649700,6.387649658203125,0.0335381124645471,0.0152203654855489,0.1955409114744514
1776179932682581800,6.397581787109375,0.0391395857334136,0.0053793549507856,0.1855890609763562
1776179932692514600,6.4075146484375,0.0365358329758048,0.0082610478669404,0.1832576223541051
1776179932702447600,6.417447509765625,0.0089116207301616,0.0196446116685867,0.173202530677244
1776179932712380700,6.427380615234375,-0.0381532050445675,-0.0039262335330247,0.1501741948544979
1776179932722312700,6.437312744140625,-0.0475555319011211,-0.0033896424382925,0.1648877798616886
1776179932732245800,6.447245849609375,0.030600889968872,0.006311082842946,0.2015690857227891
1776179932742178600,6.457178466796875,0.0626452567443251,-0.0070686232119798,0.1725854947574436
1776179932752111600,6.467111572265625,-0.0101139822572469,-0.0085936408221721,0.1541097076725214
1776179932762043600,6.477043701171875,-0.0785088885694742,-0.0375432564526796,0.1310198509208858
1776179932771976700,6.486976806640625,-0.102343937665224,-0.0311456643700599,0.1903715460125356
1776179932781909800,6.49690966796875,-0.048609424868226,-0.0025888474494218,0.2083044583924114
1776179932791842800,6.5068427734375,0.0145648241862654,-0.0198182146698236,0.1988107999905943
1776179932801775600,6.516775634765625,0.0578290886342525,-0.0076145666569471,0.2087388312216848
1776179932811707600,6.526707763671875,0.0979027403473854,-0.0170797296166419,0.1801239274382591
1776179932821640700,6.536640625,0.0816845959961414,-0.0280535435736179,0.1809162468597293
1776179932831573800,6.54657373046875,0.0398299060851335,0.0038888241320848,0.1561431862615049
1776179932841506800,6.5565068359375,0.0074345339149236,0.0328191505402326,0.1377919023390859
1776179932851438800,6.56643896484375,-0.0047431028738617,0.058988195541501,0.1227682284694165
1776179932861371600,6.57637158203125,-0.0310220379903912,0.0482762473911047,0.103089056944102
1776179932871304700,6.5863046875,-0.0415209279119968,0.0487596469938755,0.0740502286601811
1776179932881237800,6.59623779296875,-0.0157762458026409,0.0536602785170078,0.0781266112536192
1776179932891169800,6.606169677734375,0.0028512977778911,0.0391787487000226,0.081483447400853
1776179932901103400,6.616103271484375,0.0204416072651743,0.0102156890660524,0.1090274340171366
1776179932911036200,6.6260361328125,0.016143325549364,-0.0115542441934347,0.0560441049136221
1776179932920969200,6.63596923828125,-0.0337497093886137,-0.0005132102191448,0.0510229888159781
1776179932930901200,6.6459013671875,-0.0036444939821958,-0.0355687415093183,0.0473514606963843
1776179932940834300,6.655834228515625,0.0262011937052011,-0.0428588985174894,0.068926821231842
1776179932950767400,6.665767333984375,0.0122568395048379,-0.047348611152172,0.0510857518538832
1776179932960700200,6.6757001953125,-0.0081529113173484,-0.0202197812080383,0.0352163478750735
1776179932970632200,6.685632080078125,-0.0226788647979497,-0.0034855040282011,0.01781308539249
1776179932980565200,6.695565185546875,-0.0387508786767721,0.0066074354410171,0.03875708922185
1776179932990498300,6.705498291015625,-0.0300578691333532,0.0231143336057662,0.0780726891092956
1776179933000431400,6.715431396484375,-0.0606748334541916,0.0186409875839948,0.0870309985253959
1776179933010363400,6.72536328125,-0.0511518028274178,0.0266150352030992,0.0851904852252453
1776179933020296400,6.73529638671875,-0.0689504943683743,0.0361141004323959,0.0674865592956543
1776179933030229200,6.745229248046875,-0.0606280717030167,0.0223690681964159,0.0904174991585314
1776179933040162300,6.755162353515625,-0.0345861602127552,0.0294996507287025,0.0652259208872914
1776179933050094300,6.76509423828125,-0.0309942732006311,0.0401543157339096,0.0571814383804798
1776179933060027400,6.77502734375,-0.0175619601756334,0.0387853654682636,0.0524357051581144
1776179933069960400,6.78496044921875,-0.0009311433702707,0.0288414790809154,0.0203740949869155
1776179933079893200,6.794893310546875,0.0197986331865191,0.0268184488207101,0.0248274941992014
1776179933089825300,6.8048251953125,0.0285918882340192,0.0027647885382175,0.0153214877724647
1776179933099758300,6.81475830078125,0.0409989498645067,-0.0136339730769395,0.0322578633956611
1776179933109691400,6.82469140625,0.0284440041959285,-0.0184124395251274,0.0493235644869506
1776179933119624400,6.83462451171875,0.043240006789565,-0.045604982355237,0.0505366666037589
1776179933129556500,6.844556396484375,-0.0159393274098634,-0.0141588737338781,0.0180034203328192
1776179933139489500,6.854489501953125,-0.1038455743998289,0.0062958852738142,0.0477078729186207
1776179933149422300,6.86442236328125,-0.1060626659274101,0.0249655144304037,0.0862692934378981
1776179933159355400,6.87435546875,-0.0716968704670667,0.0272416426688432,0.1188351998694241
1776179933169287400,6.884287353515625,-0.0566705662488937,-0.0006938274830579,0.0917170374497771
1776179933179220500,6.894220458984375,-0.0494251251652836,-0.0129424836814403,0.076224577024579
1776179933189153500,6.904153564453125,-0.048275662869215,-0.018931494963169,0.0420524044401943
1776179933199086300,6.91408642578125,-0.0203743872478604,-0.014705401700735,0.0649697541691362
1776179933209018000,6.92401806640625,0.0323275676310062,-0.026167875957489,0.0500507827829569
1776179933218951200,6.933951171875,0.0777250447154045,-0.0153664959579706,0.0419048857282847
1776179933228884500,6.943884521484375,0.0300412102594971,-0.0131523270398378,0.0436059905577451
1776179933238817500,6.953817626953125,0.0163303725540637,-0.0116126963824033,0.053711643378064
1776179933248749300,6.963749267578125,-0.010967968738079,-0.0049415480554103,0.0803660607434809
1776179933258682400,6.973682373046875,-0.0776332747787237,0.0019698387682437,0.0686296649161726
1776179933268615200,6.983615234375,-0.1269929334923625,0.0016799159109592,0.0069756842315196
1776179933278548200,6.99354833984375,-0.1399371707394719,0.0047439796566963,0.029396555680409
1776179933288481300,7.003481201171875,-0.0319523045778274,0.0080295771986246,0.0732749334387481
1776179933298413300,7.013413330078125,-0.057330199201405,0.0100239658862352,0.0453133059322834
1776179933308346400,7.023346435546875,-0.0926069720268249,-0.0035953941434621,0.0623192396603524
1776179933318279200,7.033279052734375,-0.0813037799850106,-0.0050602059990167,0.0840128928132355
1776179933328212200,7.043212158203125,-0.0552522238835692,-0.0069920508444309,0.1670641740527003
1776179933338144300,7.053144287109375,-0.0276493466868996,-0.0080161331951618,0.213082851775363
1776179933348077300,7.063077392578125,-0.0038169279396533,0.0020218612164258,0.2168572557475417
1776179933358010400,7.07301025390625,0.0285281753480434,-0.0226607446193695,0.2072710236914455
1776179933367943200,7.082943115234375,0.0386941800534725,-0.0177975224971771,0.197004700416699
1776179933377875500,7.09287548828125,-0.0119838677823543,-0.0454208579599857,0.120945470021665
1776179933387808300,7.102808349609375,-0.0661219929441809,-0.0725958651334047,0.0870718419924378
1776179933397741300,7.1127412109375,-0.0944023310109972,-0.0108329441815614,0.1101050731860101
1776179933407674400,7.12267431640625,-0.1307762514233589,0.3035848874121904,0.4201001929666846
1776179933417606400,7.1326064453125,-0.0139151281058788,0.1456950036138296,0.2897241929072887
1776179933427539500,7.14253955078125,0.1119438329204916,-0.2800426837831735,-0.0751295483294874
1776179933437472300,7.15247216796875,0.1475385856539011,-0.0478606523275375,0.1499652282789349
1776179933447405300,7.1624052734375,0.0949246013194322,0.0331529125392437,0.1822504180729389
1776179933457337300,7.17233740234375,-0.0096580551832914,0.0156102415859699,0.0522252772778272
1776179933467270400,7.1822705078125,-0.3226894008547067,0.0207774150907993,0.0497605676647275
1776179933477203500,7.192203369140625,-0.5633370628386736,0.0360965647757053,0.0143640409171581
1776179933487136300,7.20213623046875,-0.5178215123325586,-0.1228700083434581,-0.0934086437985301
1776179933497068300,7.212068359375,-0.6285843187749386,-0.2177846727907657,-0.1087776239745318
1776179933507001300,7.22200146484375,-0.1976543234318494,-0.1082300730943679,-0.3224322112232446
1776179933516934400,7.231934326171875,-0.2656350959852337,-0.1613853246986865,0.0886441328104585
1776179933526867500,7.241867431640625,-0.0265469384029507,-0.1834007571518421,0.0875197318904101
1776179933536799500,7.251799560546875,0.2206882852777838,-0.1348772570014,0.1983659057673066
1776179933546732500,7.261732666015625,0.4096183272451162,-0.107577162143588,0.1807256927236914
1776179933556665300,7.271665283203125,0.5146452203840017,-0.1688379787921905,0.0169380561236292
1776179933566598400,7.281598388671875,0.3483136714547872,-0.1200543664008378,-0.016390432178229
1776179933576530400,7.291530517578125,0.0715665220856666,-0.0913788915365934,-0.0901555602867156
1776179933586463500,7.30146337890625,-0.1111252100139856,-0.0488262824892997,-0.0048394759204238
1776179933596396500,7.311396484375,-0.113289694571495,0.1055354271829128,0.1947043875850737
1776179933606329300,7.321329345703125,-0.1958361680939793,0.1425508603692054,0.216937042985484
1776179933616261000,7.33126123046875,-0.2176812124162912,0.0771773477047681,0.2212356169622391
1776179933626194200,7.341194091796875,-0.1440238555312156,0.0365250193208456,0.2098467193983495
1776179933636127200,7.351127197265625,-0.1073804705277085,0.0412719215869903,0.2221540835140273
1776179933646060300,7.361060302734375,-0.0938417745187878,0.0338233591467142,0.2066097102385014
1776179933655992300,7.370992431640625,-0.1111611581102013,-0.0469055435597896,0.1337433576006442
1776179933665925400,7.38092529296875,-0.1743833379596471,0.0438747975617647,0.183332477688603
1776179933675858200,7.390858154296875,-0.1360714352220297,0.0805699127525091,0.2152687809797003
1776179933685791200,7.400791259765625,-0.0914171777203679,0.0828553933411836,0.1811332871438935
1776179933695724300,7.410724365234375,-0.1351981595188379,0.1181102465957403,0.1076976101854816
1776179933705656300,7.42065625,-0.0989940427154302,0.20925357581079,0.1335108274864032
1776179933715589400,7.43058935546875,-0.0122556704610586,0.2092880626022815,0.1546545186063274
1776179933725522200,7.440522216796875,0.1044125606328248,0.1628022057592868,0.1478718361962586
1776179933735454200,7.4504541015625,0.2242360408872366,-0.0245189397066831,0.0351606721650809
1776179933745387300,7.46038720703125,0.2527987030267715,-0.0585486350804567,-0.0484771402580663
1776179933755320300,7.4703203125,0.2375824291944503,0.3353016296684741,0.1292435619633644
1776179933765253400,7.48025341796875,0.2263733451768755,0.4941454531908035,0.1598665176335722
1776179933775186200,7.490186279296875,0.1476332782000303,0.4829401685655117,0.1211345628529787
1776179933785118500,7.500118408203125,0.1424228500753641,0.4275146339416503,0.0710728933498263
1776179933795051300,7.51005126953125,0.1959340755105018,0.3411427569121122,0.0191880270075052
1776179933804984300,7.519984375,0.267742005136609,0.2698468684613704,0.036060762809962
1776179933814917400,7.52991748046875,0.3273071237832307,0.3164145583689212,0.0861961551364511
1776179933824849400,7.539849365234375,0.4318248983561992,0.3220779909580946,0.1580335300527512
1776179933834782500,7.549782470703125,0.4866963062286377,0.3314671660721301,0.1453342074774205
1776179933844715300,7.55971533203125,0.3992302042216062,0.3340624432623386,0.0424270829714834
1776179933854648300,7.5696484375,0.1759586244523525,0.3870043443769216,0.0067601417846977
1776179933864580400,7.579580322265625,-0.0020423194825649,0.4319242670774459,-0.0476010515432804
1776179933874513400,7.589513427734375,-0.1350727795735001,0.4952414317339658,-0.0657755906593054
1776179933884446500,7.599446533203125,-0.1668903518557548,0.4346194975107908,-0.0847306856937706
1776179933894379300,7.609379150390625,-0.1138482052370905,0.4148901301681995,-0.0516340333864092
1776179933904311300,7.619311279296875,-0.1089116256177425,0.3726800509482622,0.010260624186322
1776179933914244000,7.629244140625,-0.1194309738054871,0.2995961100369692,0.1426119429066777
1776179933924177200,7.63917724609375,-0.1113715859904885,0.2295242104232311,0.3155998809851706
1776179933934110200,7.649110107421875,-0.1150491054594516,0.1254226154357194,0.469444434915483
1776179933944042200,7.659042236328125,-0.1224511984094977,0.0105851069003343,0.6355534271351992
1776179933953975300,7.668975341796875,-0.1170133912697434,-0.1259516077458858,0.7932729228027164
1776179933963908000,7.678908203125,-0.0732291946008801,-0.2692044789046049,0.9263296863786876
1776179933973841200,7.688841064453125,-0.0756932466268539,-0.4476058203339576,0.9842049522422254
1776179933983773200,7.698773193359375,-0.0464671521425247,-0.5963181259423495,0.9906493791412562
1776179933993706200,7.708706298828125,0.053562955622375,-0.6861334214240312,1.0389420662105082
1776179934003639300,7.718639404296875,0.1408393802762031,-0.7552741776674985,1.0234691872686148
1776179934013572000,7.728572021484375,0.2610775788113474,-0.7829355070531367,0.9660821433134376
1776179934023504400,7.73850439453125,0.3804191207677125,-0.7922925334632396,0.8410889322709292
1776179934033437200,7.748437255859375,0.4238248395130038,-0.7485048296630382,0.6461492015600204
1776179934043370200,7.758370361328125,0.5346081042215228,-0.6803717891573906,0.6765938780538737
1776179934053303300,7.76830322265625,0.3555585280165076,-0.6592196955353021,0.4165215672949329
1776179934063235300,7.7782353515625,0.3475613917827606,-0.6039350306868553,0.2913755951098166
1776179934073168400,7.78816845703125,0.2214101698115468,-0.5393278262197971,0.190571635161899
1776179934083101200,7.79810107421875,0.1046928388789296,-0.4487450534969568,0.0966529777483083
1776179934093034200,7.8080341796875,0.0070157239809632,-0.3137427088111639,0.0305054302377626
1776179934102966300,7.81796630859375,-0.0736447896644473,-0.2055290023297071,0.0542754695395939
1776179934112899300,7.8278994140625,-0.203074887175858,-0.1396761817157268,0.0670054795141331
1776179934122832400,7.837832275390625,-0.2900798014119267,-0.115305710569024,0.1023066561284475
1776179934132765200,7.84776513671875,-0.2843886040329933,-0.0403816947489976,0.0672416811564937
1776179934142698200,7.8576982421875,-0.2499813075184822,0.0529617748588323,0.0415919290552847
1776179934152630300,7.86763037109375,-0.2031996825993061,0.1542722778230905,0.0779445692175999
1776179934162563300,7.877563232421875,-0.1415095346227288,0.2398696633487939,0.144943089267984
1776179934172496400,7.887496337890625,-0.0562079171732068,0.2783656904816627,0.1737110281886532
1776179934182429400,7.897429443359375,0.0298117854177951,0.2916834372162818,0.2180850257105193
1776179934192361200,7.907361328125,0.1099108657881617,0.2598462834507227,0.2364548316703177
1776179934202294000,7.9172939453125,0.1917790016576647,0.2245744790613651,0.2490885781961493
1776179934212227000,7.92722705078125,0.2429527240559458,0.160272979542613,0.2492999376581981
1776179934222160100,7.93716015625,0.2709270649135112,0.089372812411189,0.2961318497261964
1776179934232092200,7.947092041015625,0.2403925181791186,0.0056745385050773,0.3274142739521339
1776179934242025200,7.957025146484375,0.1870242083460092,-0.09815525380373,0.3928139805037528
1776179934251958000,7.9669580078125,0.1890434392139315,-0.1642336998671293,0.4405607241280376
1776179934261891000,7.97689111328125,0.175547413302958,-0.1960579941511154,0.4754876606024801
1776179934271823000,7.986822998046875,0.1200412146583199,-0.2296072125315666,0.538658548656106
1776179934281756200,7.996756103515625,0.0718108522355556,-0.191653621712327,0.5464190996550023
1776179934291689200,8.006689208984374,0.024780220991373,-0.1298164664804935,0.5732631578410043
1776179934301622300,8.016622314453125,-0.0443064669772982,-0.0671130498081445,0.5798557245064526
1776179934311554300,8.02655419921875,-0.0084311437368392,-0.0350596229434013,0.5729297246355564
1776179934321487000,8.036487060546875,0.0305392229095101,0.0079091656893491,0.5637126912180334
1776179934331420200,8.046420166015626,0.0627682986021041,0.0487467875123023,0.5293556635860354
1776179934341353200,8.056353271484374,0.090458269560337,0.0770709647208452,0.4972925190448761
1776179934351285200,8.06628515625,0.0979971406325697,0.11730886708498,0.4590874011499807
1776179934361218300,8.07621826171875,0.0641796267047524,0.1961696378320455,0.4532018502427264
1776179934371151000,8.086151123046875,0.0326303499698638,0.2151291898459195,0.4256191390512511
1776179934381084200,8.096084228515625,-0.0025163667351007,0.2293383324623107,0.4075830585578456
1776179934391016200,8.10601611328125,-0.0466284801840782,0.2315191836327314,0.4067502609955146
1776179934400949200,8.11594921875,-0.0337932562693953,0.2281763029456138,0.3754278152864426
1776179934410882300,8.12588232421875,-0.0039978374645113,0.2197995197445154,0.3358666066074743
1776179934420815000,8.135815185546875,-0.0539323734566569,0.2031312935382127,0.3233837032618001
1776179934430747400,8.145747314453125,-0.0874421366095542,0.2138677916079759,0.341438305792585
1776179934440680200,8.15568017578125,-0.0765855192914605,0.2384510287225246,0.3741169153509661
1776179934450613200,8.16561328125,-0.0488166378781199,0.2226034712493419,0.3810012680372223
1776179934460546300,8.17554638671875,-0.0304585588887333,0.2365630230188369,0.3474380941966548
1776179934470478300,8.185478271484374,0.0102028295844793,0.2256540909916162,0.3768635837106034
1776179934480411400,8.195411376953125,0.0601589928865432,0.2265285357385873,0.4183994534634053
1776179934490344200,8.20534423828125,0.1066919037416577,0.229257668441534,0.4424071557123213
1776179934500277200,8.21527734375,0.1676622130110859,0.1713221968233585,0.400579682601802
1776179934510210300,8.225210205078126,0.1653919299915432,0.062401218855381,0.3269356235897168
1776179934520142300,8.235142333984374,0.1618286845520138,0.0521270776003599,0.3853815654806792
1776179934530075400,8.245075439453124,0.1547206061124801,0.0473117862731218,0.4449131106512621
1776179934540008200,8.25500830078125,0.1412336402907967,-0.0084095164269208,0.5201765144934878
1776179934549941200,8.264941162109375,0.1362146430850029,-0.0774719467371702,0.5774433296024799
1776179934559873000,8.274873046875,0.0879457022175192,-0.0739373428702354,0.5737696460584178
1776179934569806000,8.28480615234375,-0.0383390830054879,-0.077095514640212,0.6180665780223906
1776179934579739400,8.294739501953124,-0.0600029255419969,-0.1024877300500869,0.7011923858027905
1776179934589672400,8.30467236328125,-0.0795262489184737,-0.1185404547065496,0.8095484964296221
1776179934599604200,8.314604248046875,-0.0854170605227351,-0.1318997024953365,0.8344047052666544
1776179934609537000,8.324537109375,-0.0820294639110565,-0.1629191101372241,0.8217170731291175
1776179934619470000,8.334469970703125,-0.0583119037151336,-0.1649322035253047,0.8574108292575925
1776179934629403100,8.344403076171876,-0.0253176888689398,-0.1308008013427257,0.8243691950730979
1776179934639335200,8.354335205078126,-0.0092471362948417,-0.1509212138295173,0.7737492341000586
1776179934649268200,8.364268310546874,0.0214803026631474,-0.1695394050598144,0.7434211697231978
1776179934659201000,8.374200927734375,0.0433411290764808,-0.1651502301901578,0.7007874582637101
1776179934669134000,8.384134033203125,0.0983367478504776,-0.1688286264419555,0.7009202177979051
1776179934679066000,8.394066162109375,0.1330745914936065,-0.1379430743128061,0.7017055960219353
1776179934688999200,8.403999267578126,0.1412035374134778,-0.1262917994856834,0.7140618773132562
1776179934698932200,8.41393212890625,0.1314189332410693,-0.2028390325933694,0.7111314498845488
1776179934708865300,8.423865234375,0.1117994560137391,-0.213429400190711,0.725094581850618
1776179934718797300,8.43379736328125,0.1113701246857643,-0.2385796235382556,0.7407352185748517
1776179934728730000,8.443730224609375,0.1221414018079638,-0.2412111410856247,0.7631830510959029
1776179934738663200,8.4536630859375,0.1412166891559958,-0.2227846730351448,0.7559938702441752
1776179934748596200,8.46359619140625,0.1465010592997074,-0.2405968085795641,0.7143348490357398
1776179934758528300,8.4735283203125,0.152647014708817,-0.2649702023357153,0.6323682942930609
1776179934768461300,8.48346142578125,0.1750575839594006,-0.2768272288680076,0.5480883480414748
1776179934778394000,8.49339404296875,0.1946197780415415,-0.2371101355075836,0.4917018594309687
1776179934788327200,8.5033271484375,0.1990668205782771,-0.2065367180675268,0.4116496138770133
1776179934798260200,8.51326025390625,0.1801739040598273,-0.1141261453956365,0.3292926350446418
1776179934808192300,8.523192138671876,0.1443687234461307,-0.0014776713371276,0.2665841403383761
1776179934818125300,8.533125244140624,0.0775254304900765,0.1065133323043584,0.2618239036666229
1776179934828058400,8.543058349609375,-0.0120040337875485,0.2146376069366931,0.2461345689624547
1776179934837991200,8.5529912109375,-0.0923451062202453,0.2818120315432548,0.2843640906462445
1776179934847923200,8.562923095703125,-0.1818856764137744,0.3366471990585327,0.3553845962217077
1776179934857856300,8.572856201171875,-0.2845075542375445,0.3583072422027588,0.4052947284249588
1776179934867789300,8.582789306640626,-0.3332406054854392,0.351076121905446,0.457813874082826
1776179934877722400,8.592722412109374,-0.3157823979452252,0.3060942398846149,0.4644922558682039
1776179934887654400,8.602654296875,-0.2981730914965271,0.2807183910876512,0.4425661456663161
1776179934897587200,8.612587158203125,-0.2383537058278918,0.2640022340863943,0.4440637638129294
1776179934907520000,8.62252001953125,-0.1922188543796539,0.2915256163060665,0.4618802832715213
1776179934917453000,8.632453125,-0.1440519125819206,0.2977893528759479,0.4665378267537802
1776179934927385000,8.642385009765626,-0.0909858005657792,0.2809673974126577,0.4347445851951837
1776179934937318100,8.652318115234374,-0.0626192455202341,0.2460287705004215,0.4354079810073599
1776179934947251200,8.662251220703125,-0.0750499802872538,0.2014893715500831,0.430752885210514
1776179934957184000,8.67218408203125,-0.1031400564789772,0.1073755020916461,0.4123930526554584
1776179934967116000,8.682115966796875,-0.1413762636318802,0.0220399823725223,0.4158829771304503
1776179934977049000,8.692049072265625,-0.1259261810436844,-0.0808399618655443,0.3859710558064281
1776179934986982100,8.701982177734376,-0.0800651781007647,-0.1825976240754127,0.3189693208856508
1776179934996915200,8.711915283203124,-0.0466065606132149,-0.234843359619379,0.2614199259756132
1776179935006847200,8.72184716796875,-0.0752493022516369,-0.2420271336436271,0.2039539350327104
1776179935016780000,8.731780029296875,-0.099182843285799,-0.1753893001317978,0.2145099254364147
1776179935026713000,8.741713134765625,-0.105068686453998,-0.1448643980085849,0.21665771458745
1776179935036646100,8.751646240234376,-0.0730725427344441,-0.1317892278581857,0.2180644395802169
1776179935046578200,8.761578125,0.0059188686549663,-0.0677373191863298,0.2567896723590791
1776179935056511200,8.77151123046875,0.0485857517316937,-0.037544425496459,0.2411626257687807
1776179935066444000,8.781444091796875,0.0269502585068345,-0.0183119017601013,0.1257112231187522
1776179935076377000,8.791377197265625,0.0298974178746342,-0.0225052617967128,0.0176433548487722
1776179935086310100,8.80131005859375,0.0231473590925335,0.0159703070700168,0.0008867927718907
1776179935096242000,8.811241943359375,0.0054442368805408,0.0325718977808952,-0.0987284505818039
1776179935106175000,8.821175048828126,-0.0384369904220104,0.0571796848148107,-0.1640544708427041
1776179935116108000,8.83110791015625,-0.0854182295665144,0.1298386783123016,-0.1404300688229501
1776179935126040800,8.841040771484375,-0.0883753258064389,0.1862777738928794,-0.1003589743930846
1776179935135972900,8.850972900390625,-0.0986746015027165,0.2239034479320049,-0.0342770942635834
1776179935145906000,8.860906005859375,-0.1132967088341712,0.2837368621259927,0.0453851290594786
1776179935155839000,8.8708388671875,-0.109552261608839,0.3152969525158405,0.11460216540955
1776179935165772000,8.88077197265625,-0.1608168771609663,0.3066226476728916,0.0784517515547573
1776179935175704000,8.8907041015625,-0.2273670323893427,0.2822691276609897,0.1094301695991307
1776179935185637000,8.90063720703125,-0.218228032644093,0.2336667170554399,0.158331124759838
1776179935195570000,8.91056982421875,-0.226708276219666,0.1549567529559135,0.1852201545987278
1776179935205503000,8.9205029296875,-0.2292658517479896,0.1054489179432392,0.2725975554089993
1776179935215435000,8.93043505859375,-0.1775225127682089,0.0552425792723894,0.3164836050171405
1776179935225368000,8.9403681640625,-0.1449827636912465,0.0282546191036701,0.3439828026436269
1776179935235301000,8.950301025390624,-0.1288040745675563,0.01551671808362,0.3191874571483582
1776179935245234000,8.96023388671875,-0.0480059060171246,0.0502805729508399,0.2355329493187367
1776179935255166000,8.970166015625,0.1037079194948077,0.0898871916741132,0.1694470506012439
1776179935265099000,8.98009912109375,0.2124038565352559,0.1584147844552993,0.1437746300105005
1776179935275032000,8.990031982421876,0.2088765591919422,0.2456967620670795,0.0877789673484861
1776179935284965000,8.999965087890626,0.1649552921399474,0.3115641957283019,0.0331982129856944
1776179935294897200,9.009897216796874,0.1664104593843221,0.3890150996774434,0.1028514487959444
1776179935304830000,9.019829833984376,0.0484703086584806,0.4548556453317403,0.2379196983247995
1776179935314763000,9.029762939453123,-0.1299754564344883,0.4562684347391128,0.2493193364784121
1776179935324696000,9.039696044921875,-0.3537830427765846,0.4420113613277673,0.1962478176347911
1776179935334628000,9.049628173828124,-0.4287558661743998,0.4646902261257171,0.228030464734137
1776179935344561200,9.05956103515625,-0.4749170211076736,0.507706945553422,0.2270481756985187
1776179935354494200,9.069494140625,-0.5200292515099049,0.5025076233446598,0.1522793504402041
1776179935364427000,9.079427001953125,-0.5240539769813418,0.4548690893352031,0.1088981816142797
1776179935374360000,9.089360107421877,-0.4160837238669395,0.3857283330917358,0.0323980025187134
1776179935384292000,9.0992919921875,-0.2961947771608829,0.2811760717272758,-0.0016210253305733
1776179935394225200,9.10922509765625,-0.1805319237172603,0.1459673908144235,-0.0490307190202176
1776179935404158200,9.119158203125,-0.0863686621591448,-0.0130143798738718,-0.0659871145181357
1776179935414091000,9.129091064453124,-0.0659805386468768,-0.0926262612491846,-0.0622482202507555
1776179935424023000,9.13902294921875,-0.0883320711866021,-0.1536298882663249,-0.0439599916271865
1776179935433956000,9.1489560546875,-0.1240782150894403,-0.2051344500541687,-0.0264037305399775
1776179935443889200,9.15888916015625,-0.1779164805218577,-0.2347059969753026,-0.0451334193207323
1776179935453822200,9.168822265625,-0.2388660392642021,-0.2757067004054784,-0.0845427619062364
1776179935463754000,9.17875390625,-0.2465861121222376,-0.3180927207142114,-0.0704128220058977
1776179935473687000,9.18868701171875,-0.1981694333471357,-0.3362999930560588,-0.0826820826008915
1776179935483620000,9.1986201171875,-0.1547670756027102,-0.3426870637446642,-0.1674326420389115
1776179935493553200,9.20855322265625,-0.1160173659697175,-0.336599852785468,-0.2275359592154621
1776179935503485000,9.21848486328125,-0.0708498982489109,-0.3264092981606721,-0.2665431507408619
1776179935513418000,9.22841796875,-0.0277422856673598,-0.3319581644594669,-0.3248731746345758
1776179935523351000,9.23835107421875,0.0421758846893906,-0.2715051570624113,-0.3431561425611376
1776179935533283800,9.248283935546874,0.0798288851268589,-0.219309690400958,-0.3489218664810061
1776179935543215900,9.2582158203125,0.1015228305406868,-0.152311206883192,-0.3423034712545573
1776179935553149000,9.26814892578125,0.190193193770945,-0.1185059679150581,-0.3377596903450787
1776179935563082000,9.27808203125,0.2410311083436012,-0.1715121664375066,-0.3849415666282176
1776179935573015000,9.28801513671875,0.235889653801918,-0.2396598199903964,-0.4607271677136421
1776179935582947000,9.297947021484376,0.2055668501220643,-0.2787906378954649,-0.565388588541001
1776179935592880000,9.307880126953124,0.1972670776799321,-0.1806634411424398,-0.4979813780918717
1776179935602813000,9.31781298828125,0.2987922463081777,-0.0752735599100589,-0.5267427776739001
1776179935612746000,9.32774609375,0.3792671742536127,0.0394552275538444,-0.6109307347930968
1776179935622678000,9.337677978515623,0.4283201051056385,0.3926537484407424,-0.5023040635965764
1776179935632611000,9.347611083984376,0.42102044961676,0.6081441728144884,-0.582008737821877
1776179935642544000,9.357544189453124,0.2894363889418542,0.771312289276719,-0.5268167196929454
1776179935652477000,9.367476806640624,0.2547124276936054,0.9406915353387594,-0.3641960079804062
1776179935662410000,9.377409912109377,0.2627705003343522,1.1748165175557137,-0.1375514446467161
1776179935672342000,9.387342041015623,0.1946035575591027,1.2726064451783894,-0.0261800047867
1776179935682275000,9.397275146484375,0.0561329522408544,1.1658236482828854,-0.0078691259399056
1776179935692208000,9.4072080078125,-0.2271348310686647,1.244807753148675,0.104951197554171
1776179935702141000,9.417140869140624,-0.5702408508777618,1.2436615057229996,0.1761594077214598
1776179935712073000,9.427072998046874,-0.747617525434494,1.0742892739236354,0.1197793488517403
1776179935722006000,9.437006103515625,-0.7908719991408288,0.9535071777701376,0.1235918928772211
1776179935731939000,9.44693896484375,-0.6328104851026087,0.7393687525272369,-0.0055137949854135
1776179935741872000,9.4568720703125,-0.5788719011008739,0.5725298385977745,-0.0257455588921904
1776179935751804200,9.46680419921875,-0.5161735989950597,0.3499520863115787,-0.1266615095809102
1776179935761737200,9.4767373046875,-0.0976046341836452,0.2935901476204395,-0.3470660094812512
1776179935771670000,9.486669921875,0.1260777914088219,0.3784714938312769,-0.4496206672877073
1776179935781603000,9.49660302734375,0.1431413736082613,0.5949585280269384,-0.56012657635957
1776179935791535000,9.50653515625,0.1187668108083307,0.8849392529785632,-0.6821326613500714
1776179935801468200,9.51646826171875,-0.2372376343447715,1.0662596967250109,-0.6443772234514356
1776179935811401200,9.526401123046876,-0.5388333207011222,1.1265279952049254,-0.7266440032497048
1776179935821334000,9.536333984375,-0.666714946661517,1.2281430340737105,-0.7883011257395148
1776179935831266000,9.54626611328125,-0.8408184447664767,1.2195301040291786,-0.6647390434786677
1776179935841199000,9.55619921875,-1.008274540746212,1.1227648432791233,-0.5102773805633187
1776179935851132200,9.566132080078123,-1.149714809525013,0.910137991642952,-0.4049383527353405
1776179935861065200,9.576065185546875,-1.0536661726117134,0.95669223754704,-0.2125762904927134
1776179935870997000,9.5859970703125,-0.7983177851021289,0.8256248942226171,-0.1943342390984296
1776179935880930000,9.595929931640624,-0.5083867810437456,0.5074766439288855,-0.3218549958571791
1776179935890862800,9.60586279296875,-0.2590449039399624,0.1804372311711311,-0.3270645471990108
1776179935900796000,9.6157958984375,-0.0739010659804567,-0.1202308920115232,-0.4113964428335428
1776179935910729500,9.6257294921875,-0.0186205293178558,-0.3785258543670177,-0.3675821432873606
1776179935920661200,9.6356611328125,-0.0689583854138851,-0.6080109018236398,-0.3739394033595919
1776179935930594300,9.64559423828125,-0.146205309489835,-0.6234218214452266,-0.2438637014210224
1776179935940527000,9.655527099609374,-0.204233135566581,-0.7121358776867389,-0.2740346755400299
1776179935950460200,9.665460205078125,-0.2896621605217456,-0.7107154894948006,-0.2583548758491873
1776179935960392200,9.67539208984375,-0.333086291706562,-0.5983709668189287,-0.1152569029912352
1776179935970325200,9.6853251953125,-0.2231213393772952,-0.6113607967734337,0.0171484109386801
1776179935980258300,9.69525830078125,-0.1216834289073944,-0.7742477582067251,-0.0441641358971595
1776179935990191000,9.705191162109376,-0.0079670424895826,-1.132360354620218,-0.2946066311866044
1776179936000123100,9.715123046875,0.050630107907718,-1.363421857613325,-0.5146656786501407
1776179936010056200,9.72505615234375,0.1772013179898262,-1.6970926712095735,-0.7946189305841922
1776179936019989200,9.7349892578125,0.2582253859843127,-1.9841040249615909,-1.1105673327460883
1776179936029922300,9.74492236328125,0.3239396931767463,-2.067080998855829,-1.255359834562242
1776179936039854300,9.754854248046875,0.4172364010334015,-2.26271872176826,-1.3751190174087882
1776179936049787400,9.764787353515626,0.529346530431509,-2.4328882414251565,-1.399386612702906
1776179936059720200,9.77472021484375,0.5038017548084259,-2.3262194262981413,-1.2371513931766152
1776179936069653200,9.7846533203125,0.306623816716671,-2.050974498185515,-1.0435220874771476
1776179936079585300,9.794585205078125,0.0555856753553263,-1.9373335059583183,-1.1533400142848491
1776179936089518300,9.804518310546875,0.0188683665990829,-1.599496220332384,-1.127860412852466
1776179936099451400,9.814451416015626,0.2108008052527904,-1.596396500751376,-1.2890215734064578
1776179936109384200,9.82438427734375,0.3201882316887378,-1.6906453947663307,-1.3623556896865368
1776179936119317200,9.834317138671874,0.3677075597653165,-1.6626245844185352,-1.2869728241831064
1776179936129249300,9.844249267578125,0.3126712801873684,-1.5047598350614309,-1.189431902885437
1776179936139182300,9.854182373046877,0.1769429958472028,-1.246631461444497,-1.0816671092152594
1776179936149115400,9.864115478515624,0.0578735122978687,-0.8946703733980655,-0.984758640602231
1776179936159048200,9.874048095703126,-0.0210977330863475,-0.5902548803806305,-0.8902060874655843
1776179936168980500,9.88398046875,-0.021271884076856,-0.359039648130536,-0.7940081052094697
1776179936178913300,9.893913330078124,0.0599216404667124,-0.2170715560853481,-0.6926961409404874
1776179936188846300,9.903846435546876,0.1624350894799456,-0.1345598616153001,-0.5777195161953568
1776179936198779400,9.913779296875,0.243116718978621,-0.0385498031467199,-0.3730713883534073
1776179936208711400,9.92371142578125,0.2741851899266243,0.0584153640896081,-0.2112169848382472
1776179936218644500,9.93364453125,0.2431763767439871,0.1444832897365093,-0.0644362318143248
1776179936228577300,9.943577392578124,0.2772644512414932,0.2417728666216134,0.0911024126827716
1776179936238510300,9.95351025390625,0.271800340616703,0.3843208043813705,0.283281227312982
1776179936248442400,9.9634423828125,0.2426770489197224,0.5019266085863113,0.387490374328196
1776179936258375400,9.97337548828125,0.2281095943849533,0.5994137538701295,0.4671747364178299
1776179936268308500,9.98330859375,0.2067512376010417,0.5761334160476923,0.5899345623850822
1776179936278241300,9.9932412109375,0.1866344053108245,0.4944172558695077,0.6808709708511829
1776179936288173300,10.00317333984375,0.1372410635232925,0.4378846367865801,0.768220168480277
1776179936298106000,10.013106201171874,0.1269555971566587,0.2965776389986276,0.7169096679598093
1776179936308039200,10.0230390625,0.0618657237391918,0.1681546727031469,0.6593944675803184
1776179936317972200,10.03297216796875,0.0863340292371809,0.0563555089503526,0.6962567560315132
1776179936327905500,10.042905517578124,0.1339757781170308,-0.0277291339248418,0.7164931961134076
1776179936337837300,10.05283740234375,0.1712766041159629,-0.0710042120277881,0.6820227712348104
1776179936347770000,10.06277001953125,0.1750969661217182,-0.1357739135801792,0.5836836852967738
1776179936357703200,10.072703125,0.2235491546016186,-0.1422983469128608,0.5253182978287338
1776179936367636200,10.08263623046875,0.3534593637801707,-0.1151654253154993,0.5168763404369354
1776179936377568300,10.092568359375,0.4438367501240223,-0.1244447103142738,0.4800488310381769
1776179936387501300,10.102501220703124,0.4260555942397564,-0.1449438929855823,0.4160594662085175
1776179936397434000,10.11243408203125,0.4224737171649932,-0.1653320164978504,0.4279094784781336
1776179936407367200,10.1223671875,0.3913280527949333,-0.167621004217863,0.4434881558820605
1776179936417299200,10.13229931640625,0.3345826677441597,-0.1320464174896478,0.469263525390625
1776179936427232300,10.142232177734376,0.2778068875551223,-0.0921995602697133,0.501870348354429
1776179936437165300,10.152165283203123,0.1892658497929573,-0.0609726473569869,0.5311211388885975
1776179936447098400,10.162098388671875,0.1210030454277992,-0.0174777890235185,0.5243659655399621
1776179936457030400,10.172030517578126,0.0368212257884442,0.0308791223883628,0.5297792227603495
1776179936466963200,10.181963134765626,-0.0357458516418933,0.1032084455400705,0.5256251718208194
1776179936476896300,10.191896240234374,-0.1044540616869926,0.1730231555223464,0.4854711483478546
1776179936486829300,10.201829345703125,-0.144486650737375,0.1875380030870437,0.4524102980062365
1776179936496761300,10.21176123046875,-0.1374586517967283,0.1924351274788379,0.3822013280093669
1776179936506694400,10.2216943359375,-0.0641666210927069,0.2824912459790706,0.4008062213666737
1776179936516627200,10.231627197265626,0.0213761116363108,0.3835837222784757,0.3437016476146877
1776179936526560300,10.241560302734374,0.0969884019814431,0.473931517201662,0.3246475491851568
1776179936536492300,10.2514921875,0.1826023002505302,0.6167956813037395,0.3492069670327007
1776179936546425300,10.26142529296875,0.2047453046061098,0.8569687115132808,0.4353535108737647
1776179936556358400,10.2713583984375,0.1525637203395366,0.9706021049559116,0.4490845145843923
1776179936566291500,10.28129150390625,0.0367522522054612,1.1735130337417126,0.5717142844311892
1776179936576224300,10.291224365234376,-0.075922379207611,1.298615915703773,0.7540418593935668
1776179936586156300,10.30115625,-0.1929329939983785,1.4061767112344503,0.9964539007015526
1776179936596089300,10.31108935546875,-0.3162802644647657,1.4265420383930203,1.1944739887058735
1776179936606022400,10.3210224609375,-0.4043650828920304,1.2361959921479224,1.3092577212274077
1776179936615955500,10.33095556640625,-0.3765712131679057,1.0347235717326402,1.3758255582429468
1776179936625887500,10.340887451171875,-0.2610967219032347,0.8074193754464387,1.4622772225104272
1776179936635820300,10.3508203125,-0.1288192721366882,0.423434671151638,1.355458331388235
1776179936645753300,10.36075341796875,0.1210007073402404,0.2246253324657678,1.4453906773783265
1776179936655686400,10.370686279296876,0.2151836965121328,-0.0973749170809984,1.4202956913493572
1776179936665618200,10.3806181640625,0.3185221981726586,-0.3137017922788858,1.2780194101378322
1776179936675551500,10.390551513671875,0.4347662125051021,-0.4194868103086948,1.24293801375404
1776179936685484300,10.400484375,0.466474333063513,-0.631649551564455,1.071521416645497
1776179936695417300,10.410417236328126,0.5196878907263278,-0.6996148342877626,0.9836080092623828
1776179936705349000,10.42034912109375,0.5418165742956101,-0.687672467559576,1.0486327084891498
1776179936715282200,10.4302822265625,0.4135388616897165,-0.7235024903535843,0.8732609440140425
1776179936725215200,10.44021533203125,0.4187175795018673,-0.7076730530589819,0.8234500344015657
1776179936735148300,10.450148193359375,0.4157635520018637,-0.6371709453344345,0.7881709965538233
1776179936745080300,10.460080322265624,0.4230046091713011,-0.5531289725571871,0.6838947025865316
1776179936755013000,10.47001318359375,0.4014649775363504,-0.4688315637141466,0.6191654061097651
1776179936764946200,10.4799462890625,0.3525416644133627,-0.3747013276427984,0.5461120064672083
1776179936774879200,10.489879150390625,0.2855940342999994,-0.3002840923011303,0.4605676663029938
1776179936784812300,10.499812255859377,0.1812836188673973,-0.2062654999107122,0.4229555093325674
1776179936794744300,10.509744384765623,0.074810910834372,-0.1298585520565509,0.4058707382146269
1776179936804677400,10.519677490234375,-0.0129705407321453,-0.0980225673347711,0.4009832584340125
1776179936814610200,10.529610107421876,-0.0907341638922691,-0.0800958654999732,0.4057667663834989
1776179936824543200,10.539543212890624,-0.122713648737967,-0.0369751011759042,0.4542884399030357
1776179936834475300,10.549475341796876,-0.170026896315813,-0.039461657294631,0.5112195933168754
1776179936844408300,10.559408203125,-0.2252256364464759,-0.0831575911581516,0.5558115627046674
1776179936854341400,10.56934130859375,-0.2105760565862059,-0.1132388411670923,0.612793971381709
1776179936864274200,10.579274169921876,-0.181632870696485,-0.1020382327169179,0.6491142619106918
1776179936874206200,10.589206298828126,-0.150957161925733,-0.0880342572838068,0.7182393091283739
1776179936884139300,10.59913916015625,-0.1223782793037593,-0.0812006118714809,0.7794111323192715
1776179936894072300,10.609072265625,-0.1064846907317638,-0.0077460840821266,0.8189101990148424
1776179936904005400,10.61900537109375,-0.0662345134079456,0.0213870714217424,0.8264272235814482
1776179936913936600,10.6289365234375,-0.0231834533192217,0.0663753831833601,0.8683279445912688
1776179936923869700,10.63886962890625,-0.0239794260025024,0.1350900229692459,0.9612009471431374
1776179936933802500,10.648802490234376,0.028982056595385,-0.0521481203883886,0.8836706212822347
1776179936943735600,10.658735595703124,-0.019275632225722,0.0453425320267677,0.9151010208778084
1776179936953667600,10.66866748046875,-0.0326139833569526,0.0471650712788105,0.902974383623898
1776179936963600600,10.6786005859375,-0.0487184382006525,0.0484855062276124,0.7830445203855634
1776179936973533700,10.68853369140625,-0.0965220996439456,0.0660328533560037,0.666054363860935
1776179936983466800,10.698466796875,-0.0597533346951007,0.1154664540886878,0.5924865484228358
1776179936993398800,10.708398681640626,-0.0336497561454772,0.1729454141110181,0.5306470185708254
1776179937003331600,10.71833154296875,-0.0053995209559798,0.2256044066309928,0.4268881726063788
1776179937013264600,10.7282646484375,-0.0011336802050471,0.3212450472652912,0.4088969541680067
1776179937023197700,10.73819775390625,-0.0083867200732231,0.365809580656886,0.429597760358639
1776179937033130800,10.748130859375,-0.0158086867675185,0.3848620716512202,0.3948495049193501
1776179937043062500,10.7580625,-0.0594739332318305,0.3446060491085052,0.3508533460002392
1776179937052995300,10.767995361328126,-0.154334821665287,0.3260796278148889,0.3056665525244548
1776179937062928400,10.777928466796874,-0.230660228715837,0.3098907095581293,0.2572173597192391
1776179937072861400,10.787861328125,-0.321284502492845,0.3145341514497995,0.2214112657900899
1776179937082793500,10.79779345703125,-0.3611787059858441,0.3246726836264133,0.1757134540522471
1776179937092726500,10.8077265625,-0.3831798176527023,0.3582809387177229,0.1686272586509585
1776179937102659600,10.81765966796875,-0.3982525913611054,0.3830611597090959,0.1583768270650878
1776179937112592400,10.82759228515625,-0.4094739503383636,0.3903144918382167,0.1241697658304125
1776179937122524400,10.8375244140625,-0.3618348318070173,0.3943196358263492,0.0964754109580069
1776179937132457500,10.84745751953125,-0.2904071336701512,0.3505477141171693,0.00899148103334
1776179937142390500,10.857390625,-0.2226195456013083,0.2736117739528417,-0.081027008870244
1776179937152323600,10.867323486328123,-0.1023638114094734,0.178281514441967,-0.2058314193423837
1776179937162255600,10.877255615234375,-0.0467637970015406,0.1327992816835641,-0.334793168689683
1776179937172188400,10.8871884765625,-0.0037494156613945,0.0937982276380062,-0.4726261336915194
1776179937182121500,10.89712158203125,-0.0173383805528283,0.039952071160078,-0.5969773205034434
1776179937192054500,10.907054443359376,-0.0096758831009268,0.086711484247446,-0.6126939450733363
1776179937201986600,10.916986572265625,0.021805589094758,0.1290028120100498,-0.5949134467761963
1776179937211919600,10.926919677734375,0.0135877958476543,0.1947808138221502,-0.5839554149102419
1776179937221852400,10.936852294921875,-0.0400324429199099,0.2529728905498981,-0.494128648186475
1776179937231785500,10.946785400390626,-0.0474748678803443,0.2240308737039565,-0.4600622740641236
1776179937241718500,10.956718505859374,-0.0518926843225955,0.1616875225156545,-0.4389956667684018
1776179937251650600,10.966650634765625,-0.0740697370782494,0.0893406637072563,-0.4262895491261035
1776179937261583600,10.97658349609375,-0.0708034287586808,0.0458364530235528,-0.4177547988843172
1776179937271516700,10.9865166015625,-0.0564914102897047,-0.0162649061024189,-0.4260612202629447
1776179937281449500,10.996449462890626,-0.0453673742070794,-0.1136807397156953,-0.4864887278925627
1776179937291381500,11.006381591796876,-0.0351359030500054,-0.1529980201035738,-0.5612579915422946
1776179937301314600,11.016314453125,0.0020671616628766,-0.2375017651736736,-0.6648676382943988
1776179937311247600,11.02624755859375,0.0511523873493075,-0.311743059426546,-0.8057412131011485
1776179937321180700,11.0361806640625,0.1366904439032077,-0.348394335475564,-0.9353418448738752
1776179937331112700,11.04611279296875,0.2279945166379213,-0.331639015507698,-0.9804083364382384
1776179937341045500,11.05604541015625,0.281414556658268,-0.3184890265554189,-0.9892946765966713
1776179937350978600,11.065978515625,0.2797702965825795,-0.2929331450164318,-1.016697939568013
1776179937360911600,11.07591162109375,0.2384834696874022,-0.2645563608378172,-1.0269063221104442
1776179937370843600,11.08584375,0.1819812457427382,-0.201622058019042,-0.9728794022381304
1776179937380776700,11.095776611328125,0.1142059326335787,-0.1505547186046838,-0.8569592130325734
1776179937390709800,11.105709716796875,0.019043430905044,-0.1163666177988052,-0.7234034138932823
1776179937400642600,11.115642578125,-0.079161068867892,-0.0351999081969261,-0.6054968731760978
1776179937410574300,11.12557421875,-0.1131400569677352,0.079796005770564,-0.4351354842089116
1776179937420507400,11.13550732421875,-0.1227834991037845,0.1215226853877305,-0.3313055457696318
1776179937430440700,11.145440673828125,-0.1135667579472064,0.0990694460391998,-0.2579058169074356
1776179937440373800,11.155373779296877,-0.1295908410310745,-0.0492448001623153,-0.2322317158162593
1776179937450306600,11.165306640625,-0.2072352217257022,-0.1543617096722126,-0.2545112060330808
1776179937460238300,11.17523828125,-0.2544528999745846,-0.1655330920279026,-0.2525008891239762
1776179937470171400,11.18517138671875,-0.3665112991854548,-0.173078100579977,-0.3114664344422519
1776179937480104400,11.1951044921875,-0.2034732388436794,-0.7315040105015039,0.0129641109913587
1776179937490037500,11.20503759765625,-0.1684904805287718,-0.5204530298799276,-0.2574887605391442
1776179937499969500,11.214969482421877,-0.3034498628556728,-0.5967793137133122,-0.2729892581403255
1776179937509902600,11.224902587890623,-0.3831400701642036,-0.5811392615109682,-0.2844156381703913
1776179937519835400,11.23483544921875,-0.5886582588389515,-0.5349836595356464,-0.3336122152768075
1776179937529768400,11.2447685546875,-0.7142872105017304,-0.4781318915009498,-0.4320769734211265
1776179937539700500,11.254700439453124,-0.7779173866301774,-0.3374702058792114,-0.4232905865058303
1776179937549633500,11.264633544921876,-0.7858885116398334,-0.1305395200580358,-0.4691454519689083
1776179937559566600,11.274566650390623,-0.6982721875071525,-0.0119037882834672,-0.4369584618523717
1776179937569499400,11.28449951171875,-0.6086696579933166,-0.0239455237329006,-0.4060172340132296
1776179937579431400,11.294431396484375,-0.5361491961836815,-0.0596878682434558,-0.29758491634503
1776179937589364500,11.304364501953126,-0.4258537149921059,-0.1366752463340759,-0.1952956314764916
1776179937599297500,11.314297607421874,-0.3680418697535991,-0.1520931802183389,-0.1772742370955645
1776179937609230600,11.324230712890625,-0.3360997943088412,-0.2010480575233697,-0.1530015272349119
1776179937619162600,11.33416259765625,-0.2229439552500844,-0.2907809354186058,-0.1221137831486761
1776179937629095700,11.344095703125,-0.0933420083031058,-0.2690349675565958,-0.0992244904704391
1776179937639028500,11.354028564453126,0.1184457621604204,-0.2152934404969215,-0.1853830170102417
1776179937648961500,11.36396142578125,0.2262704693242907,0.0312730901420116,-0.3079745006732642
1776179937658894600,11.37389453125,0.3528416702732443,0.2448082887947559,-0.4409187437854707
1776179937668826600,11.38382666015625,0.0019990648627281,0.3515098371475935,-0.3791181211717426
1776179937678759700,11.393759765625,-0.8369993979349732,0.5540589468836784,-0.3294454509861767
1776179937688692500,11.4036923828125,-0.1782984655767679,0.3271948955804109,-0.4102867280259728
1776179937698625500,11.41362548828125,0.2837862542256713,1.0372294170737266,-0.8455313716977835
1776179937708557600,11.4235576171875,2.128073519957065,0.8496569271951914,-1.1643925925664602
1776179937718490600,11.43349072265625,1.398364576178789,0.4576543361395597,-0.1304471655994653
1776179937728423700,11.443423583984377,0.708709702630341,0.8392822481751442,0.080167177170515
1776179937738356500,11.4533564453125,0.209511057703197,0.7740262244105338,0.0900647401981055
1776179937748288500,11.46328857421875,-0.2768506097435951,0.6641542293280362,0.1692708172515034
1776179937758221600,11.4732216796875,-0.5873243798866867,1.0393448017925024,-0.0611726999737322
1776179937768154600,11.483154541015624,-0.7088947038084268,0.1261784022390842,0.3698139939926564
1776179937778087700,11.493087646484376,-0.5091314253985881,-0.227858907559514,0.2844292283043265
1776179937788019700,11.503019775390625,-0.4514285934925079,-0.0816354961574077,0.0904157455928623
1776179937797952800,11.512952880859377,-0.4915118898168206,-0.2270955219715833,0.2266471936821937
1776179937807885600,11.522885498046875,-0.3873343069836497,-0.2359860999137163,0.3127468296416104
1776179937817818600,11.532818603515626,-0.2314475797012448,-0.1096235732793808,0.4428035346187651
1776179937827750400,11.54275048828125,0.0136851187422871,-0.0889729994386434,0.5131096813797951
1776179937837683500,11.552683349609374,0.2174880279317498,-0.0547282000094652,0.5382425152011215
1776179937847616500,11.562616455078125,0.3638450025856494,-0.0414624757230281,0.513418455068022
1776179937857549600,11.572549560546875,0.4129074319183826,-0.0922176804482936,0.401869612814486
1776179937867482600,11.582482666015624,0.3648500879749655,-0.1513461612433195,0.2890881600260734
1776179937877414400,11.592414306640626,0.2518108610332012,-0.1707820985972881,0.2115073460869491
1776179937887347500,11.602347412109374,0.0929857422113418,-0.1172831481218338,0.2355145368792116
1776179937897280500,11.612280517578125,-0.0268929753616452,-0.107234047794342,0.2547485219202935
1776179937907214800,11.62221484375,-0.1452118962720036,-0.0613531711071729,0.2432902854472398
1776179937917147000,11.63214697265625,-0.5223731842875481,-0.0570797315716743,0.1953393975529819
1776179937927080000,11.642079833984376,-0.8393149814009666,-0.1041185461223125,0.3113250532101839
1776179937937013000,11.652012939453124,-0.9697402274295688,-0.0617599983423948,0.5007237356025726
1776179937946945800,11.66194580078125,-0.8318211185142398,-0.0508230092644691,0.6565227846015245
1776179937956877800,11.6718779296875,-0.643745939810574,-0.0251566530883312,0.7490666282642632
1776179937966811000,11.681810791015623,-0.4096139433309436,-0.0256014742463827,0.7312419985644519
1776179937976744000,11.691743896484375,-0.2267047690883278,-0.026276012507081,0.7218732817165553
1776179937986677000,11.701677001953126,-0.0892825037792325,-0.0533317772150039,0.606034121857956
1776179937996609000,11.711609130859374,0.0649690235167741,-0.2305710891276597,0.4056472316570579
1776179938006542000,11.7215419921875,0.1291886899709701,-0.0949357072353363,0.3720488403726369
1776179938016475000,11.731474853515625,0.1870198244318366,-0.0988514193743467,0.3336932446237653
1776179938026408000,11.741407958984375,0.2410498130440712,-0.0578606528162956,0.3202939570855349
1776179938036340000,11.751340087890624,0.2581947168514132,-0.0519973137408494,0.2599881761394441
1776179938046273000,11.76127294921875,0.2673588510379195,-0.057746086525917,0.2089697904333472
1776179938056206000,11.7712060546875,0.2807464481383562,-0.0536304679006338,0.2084605257369577
1776179938066139000,11.781138916015625,0.260610253560543,-0.0333311917155981,0.2291484359133988
1776179938076072000,11.791072021484377,0.1510556538641452,-0.0564706597626209,0.1956203333862125
1776179938086004000,11.80100390625,0.098729546560347,0.0374468103408813,0.2145489788051694
1776179938095937000,11.81093701171875,-0.1500607976078987,0.0259983646094799,0.3387407372716814
1776179938105870000,11.8208701171875,-0.4121080982342362,-0.0047124154746532,0.3492587702851742
1776179938115803000,11.830802978515624,-0.5548574037849903,-0.0119423667281866,0.4634664564844221
1776179938125735000,11.84073486328125,-0.4807543489590287,-0.0239642284333705,0.5103347367737442
1776179938135668000,11.85066796875,-0.306743059182167,-0.0418143579006195,0.5396831424634904
1776179938145601000,11.86060107421875,-0.1211982757389545,-0.0129395610719919,0.5332018906854092
1776179938155534000,11.8705341796875,0.0862850755289196,-0.0063584291160106,0.5151517816666513
1776179938165465900,11.8804658203125,0.2033084036707878,0.0054687867999076,0.4330075322695076
1776179938175399000,11.89039892578125,0.2315563007727265,0.0402571915864944,0.3714085697077214
1776179938185331700,11.900331787109376,0.2019569890618324,0.0280769244492053,0.3084685678005218
1776179938195264800,11.9102646484375,0.1716007215037941,0.0361725526213645,0.2658423820603638
1776179938205196800,11.92019677734375,0.1081073234975338,0.0172457338333129,0.2339708145685493
1776179938215129900,11.9301298828125,-0.0114972533091902,0.0124906482607126,0.2515555710978805
1776179938225063000,11.94006298828125,-0.1089841063320636,0.0238765501499176,0.2586503516644239
1776179938234996000,11.949995849609374,-0.1827472616791725,0.0042401217877864,0.2037488409146666
1776179938244928000,11.959927978515625,-0.2213859121531248,0.0100163671016693,0.1564247796818614
1776179938254860800,11.96986083984375,-0.2515375970497727,0.0323497794628143,0.1355172354053705
1776179938264793900,11.9797939453125,-0.2394341945409774,0.0336585239738225,0.1163162027858197
1776179938274727000,11.989726806640626,-0.2135024654269218,0.0320692089557647,0.1053940459508448
1776179938284660000,11.999659912109376,-0.1330152625218033,0.056132806110382,0.1155897151421755
1776179938294592000,12.009592041015624,-0.066722296924889,0.0426502242028713,0.1283049659390002
1776179938304524800,12.01952490234375,0.0246387666940689,0.0311111775785684,0.131679118547216
1776179938314457900,12.029457763671877,0.1257996320545673,0.0425344888687133,0.1892764442522078
1776179938324391000,12.039390869140624,0.2554989018961787,0.002075637230277,0.1834063831750303
1776179938334323000,12.049322998046875,0.3051294865056872,-0.030522564035654,0.1688812334120273
1776179938344256000,12.059256103515626,0.2582157596394419,-0.0264338334172964,0.2149260684892535
1776179938354188800,12.069188720703124,0.1962158150613308,-0.0110252518832683,0.2336116258673369
1776179938364121900,12.079121826171876,0.124069447261095,0.0283382057338953,0.227406633747369
1776179938374054000,12.089053955078125,0.0685465897426009,0.0170253690809011,0.2368051612116396
1776179938383987000,12.098987060546875,0.0122127081021666,-0.0005634791016578,0.2403468524064868
1776179938393920000,12.108919921875,-0.0474313209995627,-0.0115326168835163,0.2523598001528531
1776179938403853000,12.11885302734375,-0.0691100688442587,-0.0146183079391717,0.2662457752294838
1776179938413785000,12.12878515625,-0.0626046324729919,-0.0291068520188331,0.2469434011273086
1776179938423718000,12.1387177734375,-0.0392541520237922,-0.0297334594845771,0.2252295819692313
1776179938433651000,12.14865087890625,-0.0434168246611952,-0.016544307565689,0.2648084359027445
1776179938443584000,12.158583984375,-0.0232952431306242,-0.0019774375528097,0.2614941967882215
1776179938453517000,12.16851708984375,-0.0171089557111263,0.0190256029874086,0.2217677510775625
1776179938463449000,12.178448974609376,-0.0092900986537337,0.0245686240673065,0.1713273844551295
1776179938473382000,12.1883818359375,0.0187254509970545,0.0059001639544963,0.1548216553341597
1776179938483315000,12.19831494140625,0.0343535205006599,0.0015647650986909,0.1776845714621245
1776179938493248000,12.208248046875,0.0212608146935701,-0.0060778586089611,0.2101790931578725
1776179938503180000,12.218179931640623,0.0145835288867354,-0.0278770179629325,0.195030623864755
1776179938513113000,12.228113037109376,0.0033417116433382,-0.0354863239228725,0.2009955236185342
1776179938523046100,12.238046142578124,0.0127145201444625,-0.0464379260480403,0.1847355859521776
1776179938532979000,12.24797900390625,-0.0249409645110368,-0.055183542561531,0.1833756227105855
1776179938542910700,12.25791064453125,-0.0761094262123107,-0.0705178898155689,0.135656716941297
1776179938552843800,12.26784375,-0.1174438916414976,-0.0456675261974334,0.1234545302331447
1776179938562777000,12.277777099609375,-0.137579501697421,0.0037847792357206,0.1288133538525551
1776179938572710100,12.287710205078126,-0.115260994644463,0.0329687881439924,0.1401912916310131
1776179938582642000,12.297641845703126,-0.0747846073493361,0.0697802231907844,0.117967696319893
1776179938592574700,12.30757470703125,-0.0521469513446092,0.0769347711205482,0.1203238309919834
1776179938602507800,12.3175078125,0.0235965641647577,0.0856622674554586,0.0872506326254457
1776179938612440800,12.32744091796875,0.0665308660060167,0.0655161360055208,0.0771761055957526
1776179938622374000,12.337373779296875,0.0983914006471633,0.043053544306755,0.0874386294782161
1776179938632306000,12.347305908203126,0.0425882648825645,0.0414659828543663,0.1224256255768239
1776179938642239000,12.357239013671874,-0.0024123218387365,0.0249076467633247,0.133847256366536
1776179938652171800,12.367171875,-0.0052262102156877,0.0417623354524374,0.1316204471625387
1776179938662104800,12.377104736328125,-0.0035913024902343,-0.0042424598753452,0.1206715484511107
1776179938672036900,12.387036865234377,0.0060515551239252,-0.0123749129265546,0.0945968306697905
1776179938681970000,12.396969970703124,0.0024254735812544,-0.0247474877655506,0.0937378026876598
1776179938691903000,12.406903076171876,-0.0015396306574344,-0.0174076463967561,0.0891916106253862
1776179938701835800,12.416835693359374,0.0266331553816795,-0.0238613525807857,0.0950691974218934
1776179938711767800,12.426767822265624,0.0325613763868808,-0.033631635966897,0.0658072279065847
1776179938721700900,12.436700927734377,0.0073752049431204,-0.0351718511462211,0.0895403509978205
1776179938731634000,12.446634033203123,-0.0056534957170486,-0.0264396786361932,0.1221498773753643
1776179938741567000,12.45656689453125,-0.0171697459876537,-0.0350473479837179,0.1381469993870705
1776179938751499000,12.4664990234375,0.0027738486275076,-0.0250888485491275,0.1397412097759544
1776179938761431800,12.476431884765624,0.0200160753294825,-0.0187403563052415,0.1229743455007672
1776179938771364900,12.48636474609375,0.0040828853994607,-0.0332546193480491,0.1062888758987188
1776179938781298000,12.4962978515625,0.0043672552987933,-0.0114800099134445,0.11960041208826
1776179938791230000,12.50622998046875,0.0246983879268169,-0.0024830489873886,0.1327186176627874
1776179938801163000,12.5161630859375,0.0194856217145919,0.0103203184843063,0.1221656594663858
1776179938811096000,12.526095947265626,0.0476756511494517,0.0158247611194849,0.113378395768255
1776179938821028900,12.53602880859375,0.0345718394264578,0.0031400515913963,0.0995516765981912
1776179938830962000,12.5459619140625,0.0262204829275608,-0.0100379944115877,0.118672995045036
1776179938840894000,12.55589404296875,-0.0119888362184166,-0.0031616789013147,0.1457940070088952
1776179938850827000,12.565826904296877,-0.013247019585967,0.0104325466871261,0.1760911647908389
1776179938860760000,12.575760009765624,-0.0139963766485452,0.0213508310645818,0.1897806674472987
1776179938870692900,12.58569287109375,-0.0482730325207114,0.0029734628528356,0.1418021608937531
1776179938880625000,12.595625,-0.0638590164482593,-0.0195236156374216,0.1591591730818152
1776179938890558000,12.605557861328125,-0.04374357239753,0.0118833300173282,0.1629176488324999
1776179938900491000,12.615490966796877,-0.0359355289950966,0.0009065934509038,0.160717654570192
1776179938910423000,12.625423095703123,-0.0230678641155362,-0.0230453600227832,0.1466033506304025
1776179938920354800,12.635354736328123,-0.0244411982953548,-0.0253419465273618,0.1455380594864487
1776179938930287900,12.645287841796875,-0.0483387912333011,-0.0330681568652391,0.134225368963927
1776179938940221000,12.655220947265626,-0.0524471033349633,-0.0265951614588499,0.1468493612807244
1776179938950153700,12.66515380859375,-0.0483384989723563,-0.0386778134405612,0.1551905617117881
1776179938960085800,12.675085693359376,-0.0175546536520123,-0.0648918666273355,0.1266114598941057
1776179938970018800,12.685018798828125,0.00144523037225,-0.0472147556394338,0.133666346841678
1776179938979951900,12.694951904296875,0.0159948569893836,-0.0316764102458953,0.1331380851838737
1776179938989885000,12.704885009765626,-0.0040051439881324,-0.0183937348246574,0.1453272662799805
1776179938999817700,12.714817626953124,-0.0833510679036378,-0.011104162338376,0.14494586574696
1776179939009750000,12.72475,-0.1146913780629634,-0.0207762460470199,0.1503293854162097
1776179939019682800,12.734682861328125,-0.1195288812220096,-0.0183808753430843,0.1730127071935683
1776179939029615900,12.744615966796877,-0.0681295333743095,-0.0167611651867628,0.1666054704997688
1776179939039549000,12.754548828125,-0.0603773118123412,-0.009431260690093,0.1708678041193634
1776179939049481000,12.76448095703125,-0.0207657246530056,-0.0132575409799814,0.1536435514654964
1776179939059414000,12.7744140625,0.0431789242520928,-0.0324736981034278,0.1168948063913732
1776179939069346800,12.784346923828124,0.0682744948029518,-0.0297808057576417,0.0970432739738374
1776179939079279900,12.79427978515625,0.0654535921633243,-0.0144020348399877,0.102065632180497
1776179939089212000,12.8042119140625,0.0369163567259907,0.0168757314771413,0.1198411620415747
1776179939099145000,12.81414501953125,0.0126160282060503,0.0232265618085861,0.1314650374051183
1776179939109078000,12.824078125,0.0053109658896923,0.0475695604264736,0.1186935994416475
1776179939119010800,12.8340107421875,-0.0098319504454731,0.0446311688870191,0.1208440554738044
1776179939128943900,12.84394384765625,-0.0161906718224287,0.0322393048256635,0.1377797735098749
1776179939138876000,12.8538759765625,-0.0001049216791987,0.0214501997858285,0.1441013046815991
1776179939148809000,12.86380908203125,-0.0149719436824321,0.0235936415553092,0.1326626496918499
1776179939158742000,12.873741943359375,-0.005923252569139,-0.0092126495033502,0.1191167932897806
1776179939168675000,12.883675048828126,-0.0452434555664658,-0.0171674079000949,0.1509872648030519
1776179939178607000,12.893607177734374,-0.0741670599728822,-0.031031682601571,0.1574984002627432
1776179939188540000,12.903539794921874,-0.0582934912756085,-0.0298597162127494,0.1649750197537243
1776179939198473000,12.913472900390625,-0.0521177252501249,-0.0353892932891845,0.1565056628983467
1776179939208406000,12.923406005859375,-0.022838731534779,-0.0233592482775449,0.1821665391817689
1776179939218338000,12.933338134765624,0.0132709849834442,-0.0014811784684658,0.1719764960136264
1776179939228271000,12.94327099609375,0.0319631182327866,-0.0295475815236568,0.1638796987976878
1776179939238204000,12.953203857421874,0.041856151215732,-0.0368769014984369,0.1642857223153114
1776179939248137000,12.963136962890625,0.0683610040426254,-0.0360147317111492,0.152201682094112
1776179939258069000,12.973069091796877,0.0734402070030569,-0.0236328045219182,0.1848852966211736
1776179939268002000,12.983001953125,0.0887456204235553,-0.0018418284744024,0.1739416586067527
1776179939277935000,12.99293505859375,0.0367953606948256,-0.0083323595374822,0.1695937655955553
1776179939287868000,13.002867919921876,0.0028732173487544,-0.0107616325110197,0.1586150562677532
1776179939297800000,13.012800048828124,-0.0191734870254993,0.0028659108251333,0.1500721227195113
1776179939307732700,13.022732666015624,-0.0341103593945503,0.0120621937155723,0.1824073622003197
1776179939317665800,13.032665771484377,-0.0328276261076331,-0.0107207159787416,0.1871340253960341
1776179939327598800,13.042598876953123,-0.0485094716250896,-0.0259416659861803,0.1709190228499472
1776179939337532200,13.0525322265625,-0.0276774037376046,-0.0243032511293888,0.1738914627894759
1776179939347464000,13.0624638671875,-0.0089209730803966,-0.0506897382736206,0.1586322996634989
1776179939357396700,13.072396728515624,-0.0050903088763356,-0.0561053335815668,0.1477753900844603
1776179939367329800,13.082329833984376,0.024604864424467,-0.0382458517640829,0.1433368961803615
1776179939377262800,13.092262939453123,0.0248749135375022,-0.0479278723448514,0.1278792878728359
1776179939387195000,13.10219482421875,0.0460921813502907,-0.0286456642478704,0.1215888094265013
1776179939397128000,13.1121279296875,0.0297752527996897,-0.0457592961341142,0.1407378195978701
1776179939407060700,13.122060791015626,0.0252504688516259,-0.0305418532580137,0.1425106744892895
1776179939416993800,13.131993896484374,0.0240796715065836,-0.0128472066134214,0.1483389422513544
1776179939426925800,13.14192578125,0.0297109553918242,-0.0043728082567453,0.1604923213817179
1776179939436859000,13.15185888671875,0.0270054958254098,0.0011380641192197,0.1638582906834781
1776179939446792000,13.1617919921875,0.0203960145577788,0.0046487025886774,0.1719745963174849
1776179939456725000,13.17172509765625,0.0133320675209164,0.0198982941687107,0.1632562331371009
1776179939466657800,13.18165771484375,0.023512100751698,0.0064332479178905,0.1880328739318996
1776179939476589800,13.19158984375,0.0101788641870021,0.0260965642869472,0.1853735915947705
1776179939486523000,13.20152294921875,0.0174658063247799,0.0225064308404922,0.1690763175927102
1776179939496456000,13.2114560546875,0.0027624504506587,0.0203612355053424,0.1891053985342383
1776179939506389000,13.221388916015623,-0.0033852585241198,0.0210989021301269,0.177162812610343
1776179939516321000,13.231321044921875,-0.0088017306149005,-0.0084194532990455,0.1852634822838008
1776179939526253800,13.24125390625,-0.0085907182127237,-0.0011298808127641,0.1696999293837696
1776179939536187000,13.251186767578124,-0.0012020692661404,-0.0041880993396043,0.1800282850440591
1776179939546120000,13.261119873046876,-0.0051204117536544,-0.0024894787281751,0.1638480615504086
1776179939556052000,13.271052001953125,-0.0229515442594885,-0.0268774855315685,0.1470556244425475
1776179939565985000,13.280985107421875,-0.0448413045063614,-0.0151882167816162,0.1488055368497967
1776179939575918000,13.29091796875,-0.0329521292701363,-0.0251262579500675,0.1395217948716133
1776179939585851000,13.300850830078126,0.0136985627457499,-0.0332364991694688,0.1279280223853886
1776179939595783000,13.310782958984374,0.0322016031637787,-0.0231248549997806,0.1256495560593903
1776179939605716000,13.320716064453125,0.0602726823940873,-0.0118593646198511,0.1410496620260179
1776179939615649000,13.33064892578125,0.0204126734316349,0.0025023382097482,0.1157196251321583
1776179939625582000,13.34058203125,-0.0077796940907835,-0.0148556238263845,0.11142477748245
1776179939635515000,13.350514892578126,-0.0179798933267593,-0.0392132354915142,0.1244561084911227
1776179939645447000,13.360447021484376,0.0060059624165296,-0.0301461319386959,0.1515030323054641
1776179939655380000,13.3703798828125,0.0031201778471469,-0.0345031581044197,0.1449871476054191
1776179939665313000,13.38031298828125,-0.0156561265543103,-0.0647387218922376,0.157309453561902
1776179939675246000,13.39024609375,-0.0142883453324437,-0.0752069244146347,0.1535468861579895
1776179939685178000,13.40017822265625,0.0313315423309802,-0.0527805730730295,0.1581360405791551
1776179939695111000,13.41011083984375,0.0502981086075305,-0.037251580029726,0.1533063554003834
1776179939705044000,13.4200439453125,0.0270353064417839,-0.0416173740237951,0.1264621145512908
1776179939714977000,13.42997705078125,-0.0196107093989849,-0.0314835180222988,0.1338752403520047
1776179939724908800,13.43990869140625,-0.0103927991986274,-0.0058668462067842,0.1700602871287614
1776179939734841900,13.449841796875,0.0017468436673283,0.0123527010947465,0.1813422902520746
1776179939744775000,13.45977490234375,0.0350599152043461,-0.0019926351219415,0.1799959171444177
1776179939754707700,13.469707763671876,-0.0009986556485295,-0.0390039766550064,0.1496941562525928
1776179939764639700,13.4796396484375,-0.052386020797491,-0.0353682505011558,0.1921006348274648
1776179939774572800,13.48957275390625,-0.0598459814146161,-0.0056885670304298,0.2313284103009849
1776179939784505900,13.499505859375,-0.0111798579230904,-0.0137754273742437,0.2349560262136161
1776179939794439000,13.50943896484375,0.0284872588157653,-0.0146907886534929,0.2178480203505605
1776179939804371700,13.519371826171875,0.0402735581994056,-0.0257312381058931,0.1728693532001227
1776179939814304000,13.529303955078126,-0.0137225281432271,-0.0537742602854967,0.2080247646681964
1776179939824236800,13.53923681640625,-0.0558788313493132,-0.0208808754652738,0.229382098538801
1776179939834169900,13.549169921875,-0.0649283992454409,0.0105535427182912,0.2206757180571556
1776179939844103000,13.55910302734375,-0.0420355994358658,-0.0005313303977251,0.1995540195733308
1776179939854035000,13.569034912109377,-0.014093699543178,-0.0228016143947839,0.1962908530589193
1776179939863968000,13.578968017578124,0.0250537772357463,-0.0041483518511056,0.1569068641103804
1776179939873900800,13.58890087890625,0.0139215578466653,-0.0147609312802553,0.1505300956200808
1776179939883833900,13.598833740234374,-0.0020686229676008,-0.0075011694103479,0.1637673975296318
1776179939893766000,13.608765869140624,-0.0232411748558282,-0.0154307933658361,0.1151559268347919
1776179939903699000,13.618698974609377,-0.0253194424346089,-0.0310930573999881,0.1431963186658919
1776179939913631500,13.628631591796877,-0.04205576544106,-0.0131581722587347,0.1453147721245885
1776179939923564500,13.638564453125,-0.0152878777638077,-0.0167407069206237,0.1441022545296698
1776179939933496600,13.64849658203125,-0.0100350718021392,-0.035216859331727,0.1179576133172959
1776179939943429400,13.658429443359376,-0.0449593779280781,-0.0470972667396068,0.0834510942120105
1776179939953362400,13.668362548828124,-0.0487500023826956,-0.0255383458822965,0.0862441589966416
1776179939963295500,13.67829541015625,-0.0209641698345541,-0.0074316113054752,0.1048443031135946
1776179939973228500,13.688228515625,-0.0323804668620228,-0.0061690440237522,0.0959739642418921
1776179939983160600,13.69816064453125,-0.0717313572585582,0.0090928225159645,0.0853635037045925
1776179939993093400,13.70809326171875,-0.0764826434388756,-0.001389408531785,0.0962565075103193
1776179940003026400,13.7180263671875,-0.0742488930374383,0.0185895496577024,0.085536960575357
1776179940012959500,13.72795947265625,-0.05800152259171,0.0278764334410429,0.0735515584230423
1776179940022891500,13.7378916015625,-0.0318991130858659,0.0231792155355215,0.0642287265434861
1776179940032824600,13.747824462890623,-0.0327653745263814,0.0114414314687252,0.0049198476802557
1776179940042757600,13.757757568359375,-0.0365375865414738,0.0017068039178848,-0.0399299323935061
1776179940052690400,13.7676904296875,-0.0261363117754459,-0.0055512043863534,-0.0391815251789987
1776179940062622500,13.77762255859375,-0.0017307693153619,-0.0115758715033531,-0.0304465761899948
1776179940072555500,13.787555419921874,0.0030389293044805,-0.0201104756146669,-0.0275022663664072
1776179940082488600,13.797488525390625,0.0060392801642417,-0.011827800437808,-0.0441305258885025
1776179940092421600,13.807421630859375,0.0288712896972894,-0.0122708680301904,-0.0347978302020579
1776179940102353700,13.817353759765624,0.0392325247138738,-0.0188835641682147,-0.0577584345508366
1776179940112286500,13.827286376953126,0.0505386393651366,-0.0036509237229824,-0.0728401952832937
1776179940122219500,13.837219482421874,0.0284428351521492,0.0154904145985841,-0.0711345604091882
1776179940132152600,13.847152587890625,0.0057256841704249,0.0121533791303634,-0.0946123204998671
1776179940142085600,13.857085693359377,-0.0008446341305971,0.0086024086505174,-0.0895228153411299
1776179940152017700,13.867017578125,-0.0188753808617591,0.0181932438164949,-0.0629738311115652
1776179940161950500,13.876950439453124,-0.0604024462535977,0.0281523277729749,-0.0834157306376844
1776179940171883500,13.886883544921876,-0.0630634821563959,0.0257213012337684,-0.0867336960792541
1776179940181816600,13.896816650390624,-0.073436407610774,0.026374796706438,-0.0924620836634188
1776179940191748600,13.90674853515625,-0.054948564761877,0.0228682498902082,-0.0926869053952395
1776179940201681700,13.916681640625,-0.0214379248261451,0.0269938053876161,-0.1030430989105254
1776179940211614700,13.92661474609375,0.0199199214786291,0.0321510420203208,-0.1391818953927606
1776179940221547500,13.936547607421875,0.0414586763307452,0.0333271000623703,-0.1334779846627265
1776179940231479600,13.9464794921875,-0.0038794717818498,0.0782113669276237,-0.1000149101957678
1776179940241412600,13.95641259765625,-0.0635386984527111,0.0874526580035686,-0.0990722225181758
1776179940251345700,13.966345703125,-0.0778220753490924,0.0867939018338918,-0.0984016297802329
1776179940261278700,13.97627880859375,-0.0411006566733121,0.0751893887579441,-0.0887854409772902
1776179940271211500,13.98621142578125,-0.0041144495815038,0.0519265865921974,-0.0956996042799204
1776179940281143600,13.9961435546875,0.0078232409715652,0.044236032089591,-0.1018437330581247
1776179940291076600,14.00607666015625,0.0407072734415531,0.0330699104309082,-0.0855573457762599
1776179940301009700,14.016009765625,0.0578720509931445,0.0267822084635496,-0.0860594500795006
1776179940310942700,14.025942626953125,0.0837386059165,0.0252460849374532,-0.1260059682816267
1776179940320874500,14.03587451171875,0.0284530642852187,0.0281184255033731,-0.1100689789593219
1776179940330807600,14.0458076171875,-0.019041677339375,0.0525450107514858,-0.1041683035481721
1776179940340740400,14.055740234375,-0.0160953947544097,0.066491118517518,-0.0923514628957957
1776179940350673400,14.06567333984375,0.0100379944115877,0.0468850852936506,-0.0739736562926322
1776179940360605400,14.07560546875,0.0006286532923579,0.0357452671200037,-0.0643950960863381
1776179940370538500,14.08553857421875,0.0109746907398104,0.0071013564378023,-0.0510197739455848
1776179940380471600,14.095471435546877,0.0018342296898365,-0.0393529362231492,-0.026298881926015
1776179940390404400,14.105404296875,-0.0196539640188217,-0.0343336467564105,-0.0105883217707276
1776179940400337400,14.11533740234375,-0.0455003529369831,-0.0595195259392261,-0.0142170336619019
1776179940410269400,14.12526953125,-0.0402946009874343,-0.0582452682197093,-0.0246181622974574
1776179940420202500,14.135202392578124,-0.0177498839631676,-0.0780319187074899,-0.0136406220134347
1776179940430135600,14.145135498046876,-0.0282116567447781,-0.079452891421318,-0.0099635409358888
1776179940440068600,14.155068603515623,-0.0555664043992757,-0.0659352382004261,-0.0078181994702666
1776179940450000600,14.165000732421875,-0.061472413572669,-0.0578928015202283,0.0131350105788558
1776179940459933400,14.174933349609375,-0.0545715481430292,-0.0327297186911106,0.0331916371144354
1776179940469866500,14.184866455078126,-0.0285039176896214,-0.0182189627796411,0.0239865133304148
1776179940479799600,14.194799560546874,-0.028750878188014,-0.016122867283225,0.0353043914847075
1776179940489731600,14.204731689453125,-0.0482993360057473,0.0051841246396303,0.0534101762134581
1776179940499664600,14.21466455078125,-0.0403767263129353,0.0184136085689067,0.0778578042495995
1776179940509597400,14.224597412109375,-0.0445183561623096,0.02549450674057,0.1031440750669688
1776179940519530500,14.234530517578126,-0.0817360339224338,0.0267336931467056,0.1003323055818676
1776179940529462500,14.244462646484376,-0.129283967038989,0.0367518138140439,0.1058472696110606
1776179940539395600,14.2543955078125,-0.1337760177612304,0.0426747741222381,0.1068379611488431
1776179940549328600,14.26432861328125,-0.1299596743434667,0.0435468807816505,0.1076417518123984
1776179940559261400,14.274261474609377,-0.1284878482252359,0.0483762006342411,0.1180722526729106
1776179940569194500,14.284194580078124,-0.0825707311809062,0.055310383811593,0.1373318836119026
1776179940579126500,14.29412646484375,-0.0495113421440124,0.0606558364927768,0.213903155182302
1776179940589059600,14.3040595703125,-0.0349678530067205,0.0340776261687278,0.2518938631415367
1776179940598992600,14.31399267578125,-0.0153448686480522,-0.0039899464190006,0.2916678743209689
1776179940608925700,14.32392578125,-0.0260796131521463,-0.0138964234054088,0.3207484228547662
1776179940618857700,14.333857666015623,-0.0297246916562318,-0.0416080216735601,0.3291900149203837
1776179940628790500,14.34379052734375,-0.0287923792421817,-0.0534048424512147,0.3171802089791745
1776179940638723600,14.3537236328125,-0.0081020579129457,-0.0567740266233682,0.2793756712418049
1776179940648656600,14.36365673828125,0.0035384032592177,-0.0687280837893486,0.233001677275449
1776179940658588700,14.373588623046874,0.0250149065300822,-0.0894072992026805,0.2246083082657307
1776179940668521700,14.383521728515625,0.0066004211783409,-0.0846036983132362,0.2100425342313945
1776179940678454500,14.39345458984375,-0.0390200510069727,-0.1088414829909801,0.1788858370106667
1776179940688387600,14.4033876953125,-0.070092357879877,-0.126712070724368,0.2106040405716747
1776179940698319400,14.4133193359375,-0.1128185699284076,-0.1069143143206834,0.2173999843221157
1776179940708252700,14.423252685546874,-0.1742377920091152,-0.1363093356311321,0.2089471402101218
1776179940718185700,14.433185791015624,-0.1677010837167501,-0.1432978793442249,0.2353071046736091
1776179940728118800,14.443118896484377,-0.148974755936861,-0.1140934121698141,0.2800361079119146
1776179940738051600,14.453051513671875,-0.106866675786674,-0.1215495733946561,0.2856506598580628
1776179940747983400,14.4629833984375,-0.0648641018375754,-0.098048870819807,0.2863607808887958
1776179940757916400,14.47291650390625,-0.0255611422359943,-0.0966769979447126,0.2768798358380794
1776179940767849500,14.482849365234374,0.002594108146429,-0.08853168541193,0.3005878975532949
1776179940777782500,14.492782470703125,-0.0083881813779473,-0.0698152945041656,0.2623359813746064
1776179940787714600,14.502714599609376,-0.0269794846013188,-0.0499146622478961,0.2764646061006933
1776179940797647400,14.5126474609375,-0.0641974546223878,-0.0273714065283536,0.2686835968356579
1776179940807580400,14.522580322265624,-0.0698319533780217,-0.0516945314019918,0.2804329252097755
1776179940817513500,14.532513427734376,-0.0751829590171575,-0.0545820695370435,0.2746100642751902
1776179940827445500,14.542445556640626,-0.0656263183817267,-0.0123930331051349,0.3000777560740709
1776179940837378600,14.552378662109374,-0.0552373185753822,0.0036649522483348,0.2894566280122846
1776179940847311600,14.5623115234375,-0.1034554060384631,-0.0030845220118761,0.2561778971362858
1776179940857244400,14.572244384765623,-0.1432806359484791,0.0042062195181846,0.2707450594101101
1776179940867177500,14.582177490234375,-0.1194800736442208,0.0108826285421848,0.2705857771951705
1776179940877109500,14.592109619140626,-0.0650277679666876,-0.0097486560761928,0.256795882904157
1776179940887042600,14.60204248046875,-0.0261021172448992,-0.0252098445802927,0.2368944469302892
1776179940896975600,14.6119755859375,0.0125628367140889,-0.0416395858556032,0.2338829901546239
1776179940906908400,14.621908447265625,0.0658978287994861,-0.0448094480633735,0.229566807455942
1776179940916841000,14.631841064453123,0.0696127576693892,-0.0728793582499027,0.1917488257151097
1776179940926774000,14.64177392578125,0.0842939017117023,-0.064896542802453,0.1615779246613383
1776179940936707000,14.65170703125,0.0667348641455173,-0.0597650251328945,0.1626112132318317
1776179940946640100,14.66164013671875,0.0355772170767188,-0.0982937854915857,0.1524924817342311
1776179940956572200,14.671572265625,0.0106979196250438,-0.0888309606194496,0.1556094447109848
1776179940966505000,14.6815048828125,0.0079357614353299,-0.0739198072135448,0.173679062147811
1776179940976438000,14.69143798828125,0.0061561845421791,-0.0703828652590513,0.1398645438946783
1776179940986371000,14.70137109375,-0.0304398541882634,-0.0846200649261474,0.1003543712832033
1776179940996303000,14.71130322265625,-0.0665606766223907,-0.0703466249018907,0.1089403402555733
1776179941006236200,14.721236083984374,-0.1091667694225907,-0.0853337661534547,0.113439405240491
1776179941016169000,14.7311689453125,-0.1129191076934337,-0.0359691390037536,0.1076119411960244
1776179941026102000,14.74110205078125,-0.0823895293951034,-0.0293581964313983,0.1129397851552814
1776179941036035000,14.75103515625,-0.0794812407329678,-0.0268359844774007,0.105508831436932
1776179941045967000,14.760967041015626,-0.0841737824633717,-0.0231552501380443,0.0801842013705521
1776179941055900200,14.770900146484376,-0.0493739794999361,-0.0157861826747655,0.0613356354504823
1776179941065833200,14.780833251953124,-0.026408406715095,0.0032154549151659,0.0597656827200204
1776179941075766000,14.79076611328125,0.0019081717088818,-0.0017336919248104,0.0287245016377419
1776179941085698000,14.800697998046877,0.0044037879168987,-0.0153279175132513,0.0159344320390373
1776179941095631000,14.810631103515624,0.0141106506779789,-0.0080588032931089,0.0641369566068053
1776179941105564200,14.820564208984376,0.0225306884989142,-0.008571428990364,0.0846288327544927
1776179941115497200,14.830497314453124,-0.018323592197895,-0.0194943895429372,0.054970411267504
1776179941125429200,14.84042919921875,-0.0310039178118109,-0.0264215584576129,0.025157968262583
1776179941135362000,14.850362060546876,-0.0141726099982857,-0.0230500361979007,0.0213572608053684
1776179941145295000,14.860295166015623,-0.0138479080885648,-0.0216261408746242,0.0324757439300417
1776179941155228200,14.870228271484375,-0.0100517306759953,0.0040016368567943,0.0399888960391283
1776179941165161200,14.8801611328125,-0.0202174431204795,0.0105512046307325,0.0414767965093255
1776179941175093000,14.890093017578126,0.005904547868669,0.005175356811285,0.0125388713166117
1776179941185026000,14.900026123046874,-0.0016913140878081,0.0142068045288324,0.0160596658539026
1776179941194959000,14.909958984375,-0.0157598791897296,0.0366717343151569,-0.0033126316793262
1776179941204892200,14.91989208984375,-0.0134358201563358,0.0518441690057516,0.0154992554921656
1776179941214824000,14.929823974609375,-0.0312356807410717,0.0416033454984426,0.0173007519561797
1776179941224757000,14.939757080078126,-0.0395817765429616,0.0463964249938726,0.0046756636608391
1776179941234690000,14.94968994140625,-0.0127235802337527,0.0419523050665855,0.0080080960191786
1776179941244622800,14.959622802734376,-0.0101665892273187,0.0245084183126687,0.0158846746131777
1776179941254555000,14.969554931640625,-0.0038841479569673,0.0029360534518957,0.0063509764619171
1776179941264488000,14.979488037109377,-0.0047568391382694,-0.0060234980732202,0.0032592940568923
1776179941274421000,14.9894208984375,-0.0084323127806186,0.0172626849681139,-0.0057925388615578
1776179941284354000,14.99935400390625,-0.0079465750902891,0.0108224227875471,-0.0087240622688084
1776179941294286800,15.009286865234374,-0.010091478164494,-0.0005997194588184,-0.0396494349516928
1776179941304219000,15.019218994140624,-0.0064531216621398,-0.0212082077234983,-0.0260551362980157
1776179941314152000,15.02915185546875,0.0019335984110832,-0.0383329455256462,-0.046481472928822
1776179941324085000,15.0390849609375,-0.0166159114971756,-0.0287456174910068,-0.0671947367422282
1776179941334018000,15.04901806640625,-0.0388724592298269,-0.0230249017566442,-0.0621085925843566
1776179941343950000,15.0589501953125,-0.0569774402409791,-0.0068313073247671,-0.0245939777042716
1776179941353883100,15.068883056640624,-0.0337982247054576,0.004901216045022,-0.0062775458995252
1776179941363816000,15.07881591796875,-0.0187976394504308,-0.0089379242151975,-0.0197862851615995
1776179941373749000,15.0887490234375,0.0002443301498889,0.0056043958783149,-0.0116963560778647
1776179941383681000,15.098680908203123,0.0225239664971828,0.0053664954692125,-0.0240604553494602
1776179941393614000,15.108614013671875,0.0219429517388343,-0.0182744923591613,-0.0286949102170765
1776179941403547100,15.118547119140626,-0.0316185425788164,-0.0025917700588703,-0.0322046719036996
1776179941413480000,15.12847998046875,-0.0413473249107599,-0.0103758480638265,-0.0418843543969094
1776179941423412000,15.138411865234374,-0.0275508547484874,0.0027197803527116,-0.0616273118734359
1776179941433345000,15.148344970703125,-0.0235544785887002,0.0173813429117202,-0.06082469025366
1776179941443278000,15.158278076171875,-0.0262649065911769,0.0709007516533136,-0.0495720593553036
1776179941453211100,15.168211181640626,-0.0528431169152259,0.040215106010437,-0.0408788306161761
1776179941463144000,15.17814404296875,-0.0761404058724641,0.0376397025644779,-0.0303226575493812
1776179941473076200,15.188076171875,-0.0534606642916798,0.031361937469244,-0.0180848880711942
1776179941483009000,15.198009033203125,-0.004548749345541,-0.0021902035206556,-0.0126137631837278
1776179941492942000,15.207942138671877,0.0200792036935687,-0.0187350956082344,-0.0370902519881725
1776179941502875100,15.217875244140624,0.0365261883646249,-0.0387935487747192,-0.0363871452201157
1776179941512807200,15.22780712890625,0.0512783518165349,-0.0317290172159671,-0.0412806894153356
1776179941522740200,15.237740234375,0.0474497334390878,-0.0335854587376117,-0.0498992454830557
1776179941532673000,15.247673095703124,0.0462304207772016,-0.0173018479347229,-0.0293219560742378
1776179941542606000,15.257606201171876,0.0040875615745782,0.0083925652921199,-0.0295157981459051
1776179941552538000,15.2675380859375,-0.045724224820733,0.0237064542800188,-0.0167917795207351
1776179941562471200,15.27747119140625,-0.1120253737241029,0.0080845222562551,-0.004658639460802
1776179941572404200,15.287404296875,-0.1102519343107938,0.0271159704625606,0.01411101600416
1776179941582337000,15.2973369140625,-0.1033411320090293,0.0436246221929788,0.0287557004936039
1776179941592270000,15.30727001953125,-0.0330371772050857,0.0220317990660667,0.027696254568547
1776179941602201900,15.317201904296876,-0.018234160348773,-0.0105827688127756,0.0130753893461078
1776179941612135000,15.327135009765623,0.0034741058513522,-0.0108165775686502,-0.0090774788163602
1776179941622068200,15.337068115234375,0.0124234282433986,-0.0038403088152408,0.0146390584662556
1776179941632001300,15.347001220703126,0.0228673731073737,-0.0063654433786869,-0.0021832623232156
1776179941641933000,15.35693310546875,0.0031868133425712,-0.0027110125243663,0.0168946553733199
1776179941651865900,15.366865966796874,0.0015823007553815,-0.0061117608785629,0.0167388072244822
1776179941661799000,15.376798828125,-0.0147816818073391,0.0094786069631576,0.0271453426875174
1776179941671732000,15.38673193359375,-0.0080482818990945,0.0108119013935327,0.046536564116925
1776179941681664000,15.3966640625,-0.01771744299829,0.0156166713267564,0.0332510391514748
1776179941691597000,15.40659716796875,-0.0250970318555831,0.0019365210205316,0.0619594664372503
1776179941701529900,15.41652978515625,-0.0481733715385198,0.000753448715806,0.0972330243922769
1776179941711463000,15.426462890625,-0.0848684867292642,-0.0112298345446586,0.096813703001663
1776179941721395000,15.43639501953125,-0.0666743661299347,-0.0130804308474063,0.0954505979549139
1776179941731328000,15.446327880859377,-0.0514502012521028,-0.0040045594662427,0.0833623199500143
1776179941741261000,15.456260986328124,-0.0333370369344949,0.0049164136141538,0.0685614219855517
1776179941751194000,15.466194091796876,0.0010375263541936,0.0001601589977741,0.0770800978753715
1776179941761127000,15.476126953125,-0.0054024435654282,-0.000246083715558,0.0521186750981956
1776179941771059000,15.486058837890624,0.0029199790999293,-0.0118909288018941,0.0731901046995073
1776179941780992000,15.495991943359376,0.0266296482503414,-0.0061018240064382,0.0660117375027388
1776179941790925000,15.505925048828123,0.0151519764244556,-0.0165408004343509,0.0603605798732489
1776179941800858000,15.515858154296875,-0.0207180861189961,-0.0437666610121727,0.0611392360955476
1776179941810790100,15.5257900390625,-0.0468605353742837,-0.0119850368261337,0.0912031696435064
1776179941820723000,15.535722900390626,-0.0440004697680473,0.0025555297017097,0.1126201978120952
1776179941830656000,15.545656005859374,-0.0363216057032346,-0.0098895258516073,0.1178860093858093
1776179941840589000,15.555589111328125,-0.0257569570690393,-0.0244552268207073,0.0839361012499779
1776179941850521000,15.56552099609375,-0.0413911640524864,-0.0664192223250866,0.0978073902141302
1776179941860454100,15.5754541015625,-0.0535319759622216,-0.0316489377170801,0.0969040116336196
1776179941870387200,15.58538720703125,-0.0336234526604413,-0.0175075996398925,0.1182134147092699
1776179941880320000,15.595320068359374,-0.0308370368123054,-0.0148626380890607,0.1361746033355593
1776179941890253000,15.605253173828125,-0.045517304071784,-0.0129407301157712,0.0867123610302805
1776179941900185000,15.61518505859375,-0.0357692325174808,0.0078431147158145,0.1035382620163261
1776179941910118400,15.625118408203123,-0.0418090972036123,0.022570143726468,0.1429332107502967
1776179941920051500,15.635051513671876,-0.0648415977448225,0.018401918131113,0.1648780621852725
1776179941929984300,15.644984375,-0.0889411429956555,-0.0051215807974338,0.1574735580824315
1776179941939916300,15.654916259765624,-0.0879670372664928,-0.0118359837442636,0.1385661015819758
1776179941949849300,15.664849365234376,-0.0648375060915947,-0.0080038582354784,0.1725795034080743
1776179941959782400,15.674782470703123,-0.0743675509810447,-0.0010544774889945,0.1683600590821355
1776179941969715500,15.684715576171875,-0.0708826314747333,0.0086550156205892,0.1782948123149573
1776179941979647500,15.6946474609375,-0.0704220282256603,-0.0022129998743534,0.1649756773408502
1776179941989580300,15.704580322265626,-0.0613116700530052,-0.0213736274182796,0.133144076533243
1776179941999513300,15.714513427734374,-0.0803325968652963,-0.0276145676344633,0.1814736615467816
1776179942009446400,15.7244462890625,-0.0613321283191442,-0.012827332869172,0.1993099086191505
1776179942019379500,15.73437939453125,-0.0155102883428335,-0.0066769935458898,0.1926711281917989
1776179942029311500,15.7443115234375,-0.0015232640445232,-0.0069867901474237,0.1964576609931886
1776179942039244300,15.754244384765624,-0.0337026553764939,-0.0082119480282068,0.1831954438380897
1776179942049177300,15.76417724609375,-0.0936170258522033,-0.0332657252639532,0.2065698896847665
1776179942059110400,15.7741103515625,-0.106706224527955,-0.0559931053787469,0.2326115819793194
1776179942069042200,15.784042236328125,-0.0603442863255739,-0.0647258624106645,0.2318210161235183
1776179942078975200,15.793975341796877,-0.0040910687059164,-0.1028735144972801,0.2087319630894809
1776179942088908300,15.803908203125,-0.0069549337044358,-0.0861585265398025,0.2102313348017633
1776179942098841000,15.813841064453126,0.0203185654073953,-0.0765560009360313,0.2053182821884751
1776179942108773000,15.823773193359376,0.0932435163646936,-0.0749509038269519,0.2060818869721144
1776179942118706200,15.8337060546875,0.0325821269139647,-0.0518055905610322,0.2300388088818639
1776179942128639200,15.84363916015625,0.0498825135439634,-0.0606663578867912,0.2054968536257743
1776179942138572300,15.853572265625,-0.0473208463624119,-0.0493915151566267,0.2068358471445739
1776179942148505000,15.863505126953124,-0.1181710368722677,-0.0309036723077297,0.2340856731198728
1776179942158437400,15.873437255859375,-0.1160603283286094,-0.0098953710705041,0.2498182989764958
1776179942168370200,15.8833701171875,-0.1193617079615592,-0.023096213427186,0.2755208224445581
1776179942178303200,15.89330322265625,-0.1177253389313816,-0.0426636682063341,0.2506711164135485
1776179942188236300,15.903236328125,-0.0880178906708955,-0.0560363599985837,0.2520283031761646
1776179942198168300,15.913168212890625,-0.0597515811294317,-0.0453764342963695,0.2442644642416387
1776179942208101400,15.923101318359375,-0.0333905206874012,-0.0374731138259172,0.2317992426831275
1776179942218034200,15.9330341796875,-0.0126478846490383,-0.0236567699193954,0.2109874138660729
1776179942227967200,15.94296728515625,-0.0042635026633739,-0.0450455949068069,0.1738716621104628
1776179942237899300,15.952899169921874,-0.0093313074469566,-0.0248117851734161,0.1934397014115005
1776179942247832300,15.962832275390625,0.0221510415315628,-0.0225952781677246,0.2069824160084128
1776179942257765400,15.972765380859377,0.0303606514722108,-0.0121849433124065,0.1945103993829339
1776179942267698200,15.9826982421875,0.0058808747321367,-0.0033621699094772,0.2035623784318566
1776179942277630200,15.992630126953124,0.0028390228182077,-0.0252881705135107,0.242323413176462
1776179942287563300,16.002563232421874,0.0634533582568168,-0.0218102652698755,0.2849916114274412
1776179942297496300,16.012496337890624,0.0665519087940454,-0.0445797309607267,0.2652102216366678
1776179942307429400,16.022429443359375,0.0504155975073575,-0.0445066657245159,0.2664469238247722
1776179942317362400,16.032362548828125,0.0538245291680097,-0.078904609888792,0.2663580034323036
1776179942327294500,16.04229443359375,0.0559404984086751,-0.0712853670567274,0.3309996946908533
1776179942337227300,16.052227294921874,0.0629728812634944,-0.0840828893095254,0.3252785405650735
1776179942347160300,16.062160400390624,0.0278787715286016,-0.1166845977067947,0.3472241226524114
1776179942357093400,16.07209326171875,-0.034840134973824,-0.087670100146532,0.3913319983176886
1776179942367025400,16.082025390625,-0.0552110150903463,-0.0640571693688631,0.4066973982971161
1776179942376958500,16.09195849609375,-0.0807674811512231,-0.0656119975954294,0.4431614812109619
1776179942386891300,16.101891357421874,-0.1365279468178749,-0.032352117550373,0.4761558421876281
1776179942396824300,16.11182421875,-0.1374099903494119,-0.0289139597952365,0.4835829234484582
1776179942406757400,16.12175732421875,-0.1115624323874712,0.0082411741226911,0.466784494991228
1776179942416689400,16.131689453125,-0.1175464752331376,0.0046878655552864,0.4723358455080538
1776179942426622500,16.14162255859375,-0.1225432606071233,0.0232604640781879,0.4178068213324993
1776179942436555300,16.15155517578125,-0.1139642328321933,0.0269844530373811,0.4213238895427435
1776179942446488300,16.16148828125,-0.1288935064166784,-0.0054652796685695,0.3960789736490696
1776179942456420000,16.171420166015626,-0.1167141160622239,-0.0116600426554679,0.3744122815683484
1776179942466353400,16.181353515625,-0.0922746713325381,-0.0526566544324159,0.3189682614397257
1776179942476286500,16.191286376953126,-0.0855003548920154,-0.0742810417413711,0.2832592346768826
1776179942486219500,16.201219482421877,-0.0746551357507705,-0.0760498049795627,0.270846912349388
1776179942496151300,16.2111513671875,-0.0828553933411836,-0.0690086542963981,0.2524426561307162
1776179942506084000,16.221083984375,-0.0838771376043558,-0.0852636235266923,0.2299325720284134
1776179942516017200,16.23101708984375,-0.0547387214034795,-0.0910872151136398,0.203514009245485
1776179942525950200,16.2409501953125,-0.0533066427737474,-0.1031178446471691,0.1760207299031317
1776179942535883300,16.25088330078125,-0.0602227057725191,-0.0789817667782306,0.1493828252810984
1776179942545815300,16.260815185546875,-0.0835077197700738,-0.042249826708436,0.1483603503655642
1776179942555748400,16.270748291015625,-0.1136138119593262,-0.0371264923453331,0.1188095539715141
1776179942565681200,16.28068115234375,-0.1467073955267667,-0.0120405664056539,0.0869508459612727
1776179942575614200,16.2906142578125,-0.1875888564914465,-0.0005471124887466,0.0850941852439194
1776179942585546200,16.300546142578124,-0.1783762069880962,0.0010866261929273,0.050720060346648
1776179942595479300,16.310479248046875,-0.1204553484171628,0.0171031104922294,0.0328877587970346
1776179942605412400,16.320412353515625,-0.0548357520371675,0.0087894556552171,0.0093980890728533
1776179942615345200,16.33034521484375,-0.0184217918753623,0.0229237794697284,-0.0149692402686923
1776179942625277200,16.340277099609374,-0.0215782100796699,0.0408253468632698,-0.0565578265894204
1776179942635210200,16.350210205078124,-0.0459673859268426,0.0142792852431535,-0.1162398496139794
1776179942645143300,16.360143310546874,-0.0454226115256547,-0.0114531219065189,-0.0967094389095902
1776179942655076400,16.370076416015625,-0.037163901746273,-0.0208124864041805,-0.106599476217851
1776179942665009200,16.380009033203127,-0.03934212256819,-0.0209796596646308,-0.1172599864419549
1776179942674941200,16.389941162109373,-0.0402209512293338,-8.30021083354e-05,-0.1395245713505893
1776179942684874200,16.399874267578124,-0.0111170218199491,-0.0119166477650403,-0.1699715128667652
1776179942694807300,16.409807373046874,0.0349976636230945,-0.0195879130452871,-0.1977786804638802
1776179942704740400,16.419740234375,0.048853755018115,-0.0168429982513189,-0.224009903981164
1776179942714672400,16.42967236328125,0.0195908356547355,-0.0087777652174234,-0.2559081402841955
1776179942724605400,16.43960546875,-0.0394917601719498,0.0014741642057895,-0.2621367324754595
1776179942734538200,16.449538330078123,-0.0953776057839393,0.0188099144101142,-0.2627037917736917
1776179942744471300,16.45947119140625,-0.1102060493424534,0.0244634101271629,-0.2575061500653624
1776179942754403300,16.4694033203125,-0.1023544590592384,0.0580237344235181,-0.2476628014430403
1776179942764336400,16.47933642578125,-0.0799839295580983,0.0750000036656856,-0.2648272136684507
1776179942774269400,16.48926953125,-0.058098553225398,0.0464577997922897,-0.303577142497152
1776179942784202200,16.4992021484375,-0.0062806877046823,0.0463853190779686,-0.313680384164676
1776179942794135300,16.50913525390625,0.0605652355998754,0.0732505296498537,-0.3313006503988057
1776179942804067300,16.5190673828125,0.1275561203330755,0.0503834488034248,-0.3550287319887429
1776179942814000400,16.52900048828125,0.1564820628270506,0.0254220260262489,-0.388204294751212
1776179942823933400,16.538933349609376,0.1669137327313423,0.0631827246218919,-0.418187929604575
1776179942833866200,16.5488662109375,0.1051794533520937,0.0902706380337476,-0.4138302458517253
1776179942843798300,16.55879833984375,0.038234453587234,0.0885819542944431,-0.4038556720651686
1776179942853731300,16.5687314453125,-0.0186348501041531,0.0905249050557613,-0.3914879195317626
1776179942863664400,16.578664306640626,-0.0272235224902629,0.0648433513104915,-0.3828266933660954
1776179942873597400,16.588597412109376,-0.0150108143880963,0.0555611437022686,-0.394967286080122
1776179942883529200,16.598529296875,-0.018422376397252,0.0255500363200902,-0.3549677225165069
1776179942893462300,16.608462158203125,-0.0161120536282658,0.0362760129958391,-0.3451789536256343
1776179942903395300,16.618395263671875,0.0057598787009716,0.0390741192817687,-0.343916313278675
1776179942913328000,16.628328125,0.0156365450710058,0.0312567235291004,-0.35302455255948
1776179942923261200,16.63826123046875,-0.0168158179834485,0.0283691853940486,-0.3486553975645453
1776179942933193200,16.648193115234374,-0.0606941226765513,0.0333861367732286,-0.3500955133702605
1776179942943126300,16.658126220703124,-0.0968324807673692,0.013470891469717,-0.3545965511165559
1776179942953059000,16.66805908203125,-0.1054103394985199,0.0119873749136924,-0.3250884248204529
1776179942962992000,16.6779921875,-0.1135240878492593,-0.007133505141735,-0.3143733348648995
1776179942972924200,16.687924072265623,-0.0980062007218599,0.0006938274830579,-0.3056460577256977
1776179942982857200,16.697857177734374,-0.0604366407841443,0.0029500819772481,-0.3125452426549047
1776179942992790300,16.707790283203124,-0.0304483297556638,0.0177536833554506,-0.303675196044147
1776179943002723300,16.717723388671875,-0.0148088620752096,0.0168909290462732,-0.2841138787448406
1776179943012655400,16.7276552734375,-0.0157037650883197,0.0316097747504711,-0.269837369980663
1776179943022588200,16.737588134765623,-0.0126274263828992,0.0342477220386266,-0.2619170983754098
1776179943032521200,16.747521240234374,-0.000785012897849,0.0176192433208227,-0.2574909524962306
1776179943042454300,16.757454345703124,0.0215384625911712,-0.0062736734420061,-0.2327436839263886
1776179943052387300,16.76738720703125,0.0098746205434203,-0.0152934307217597,-0.229268409031257
1776179943062319400,16.7773193359375,-0.0430763406604528,-0.0423649775207042,-0.2150316477555781
1776179943072252200,16.787252197265627,-0.0860582810357213,-0.0422726230621337,-0.1800056348208338
1776179943082185200,16.797185302734373,-0.1041629697859287,-0.0468313092797994,-0.1400355896126479
1776179943092118300,16.8071181640625,-0.1533405499309301,-0.0531885693520307,-0.1048405767865478
1776179943102050300,16.81705029296875,-0.1672925029158592,-0.0350093540608882,-0.1068735439188778
1776179943111983400,16.8269833984375,-0.1428483820110559,-0.0249041396319866,-0.0942125075273215
1776179943121916400,16.83691650390625,-0.1437880009487271,-0.0026484686821699,-0.0811374835073947
1776179943131849200,16.84684912109375,-0.124237205043435,0.0147188457041978,-0.0886157834988087
1776179943141781200,16.85678125,-0.1059460538104176,0.0461801518946886,-0.0539485208738595
1776179943151714300,16.86671435546875,-0.1279290452986955,0.0396767613500356,-0.0548093754868954
1776179943161647400,16.8766474609375,-0.1258022624030709,0.0328846169918775,-0.0237040431272238
1776179943171580400,16.886580322265626,-0.0814624776780605,0.0270054958254098,-0.0118663058172911
1776179943181513200,16.89651318359375,-0.058096799659729,0.0343429991066455,-0.0012184358790516
1776179943191445000,16.906445068359375,-0.0788923349291086,0.0379226111590862,0.0075229428507387
1776179943201378000,16.9163779296875,-0.1302168639749288,0.0279290404111146,0.011642726194486
1776179943211311000,16.92631103515625,-0.1785240910261869,0.0004798924714326,0.0365017845757305
1776179943221244400,16.936244384765626,-0.1671282522648572,-0.015583938100934,0.0717048345778137
1776179943231176200,16.94617626953125,-0.1032125371932983,-0.0648544572263956,0.0731227385517209
1776179943241109200,16.956109130859375,-0.0959822936788201,-0.0738397277146577,0.0870592747718095
1776179943251042000,16.9660419921875,-0.0544882537737488,-0.0886924289315938,0.0870465614207088
1776179943260975000,16.97597509765625,-0.0179942141130566,-0.1082055231750011,0.0635716508742421
1776179943270908200,16.985908203125,0.0188023156255483,-0.104897129279375,0.0594070054754614
1776179943280840200,16.995840087890624,0.005910100826621,-0.0856757114589214,0.0786540691938251
1776179943290773200,17.005773193359374,-0.0541422168150544,-0.067460840332508,0.0574605475828051
1776179943300706000,17.0157060546875,-0.1129489183098077,-0.0493318939238786,0.0641937282953411
1776179943310639000,17.02563916015625,-0.1665589279443025,-0.0500409189760684,0.0962436480287462
1776179943320571100,17.035571044921873,-0.178934133131802,-0.0364233125120401,0.1279671122867614
1776179943330504200,17.045504150390624,-0.1817155805438756,-0.0450198759436607,0.1484494168885052
1776179943340437200,17.055437255859374,-0.1827802871659398,-0.0646463674336671,0.173481859075278
1776179943350370000,17.0653701171875,-0.1761994474709033,-0.0842693517923355,0.1918484866973012
1776179943360302300,17.07530224609375,-0.1481090790182352,-0.1000794998645782,0.1763522999450564
1776179943370235100,17.085235107421877,-0.1536219972208142,-0.0950374140441417,0.1599034886430949
1776179943380168200,17.095168212890623,-0.1335319798722863,-0.1110854625254869,0.1872441347070038
1776179943390101200,17.105101318359374,-0.0895399856716394,-0.0948544586926698,0.2041542799104005
1776179943400033300,17.115033203125,-0.0387497096329927,-0.0940688612729311,0.1849338850032538
1776179943409966300,17.12496630859375,-0.0483218400985002,-0.0881716199278831,0.168630911912769
1776179943419899100,17.134899169921876,-0.0699964962899684,-0.0705097065091133,0.2052404677119106
1776179943429832200,17.144832275390623,-0.0782271490186452,-0.0593728109449148,0.2468538231477141
1776179943439765200,17.15476513671875,-0.0816428026810288,-0.0512976410388946,0.2885612866077572
1776179943449697300,17.164697265625,-0.1002989878341555,-0.0479220271259546,0.2946656678974628
1776179943459630300,17.17463037109375,-0.1365495741277933,-0.0541378329008817,0.3131365596115589
1776179943469563100,17.184563232421876,-0.1334673902034759,-0.0365776262909173,0.3490297838348895
1776179943479496200,17.19449609375,-0.1310024613946676,-0.0350420872867107,0.3747860833168029
1776179943489428200,17.20442822265625,-0.1343646313041448,-0.0049894788503646,0.4098975095126778
1776179943499361300,17.214361328125,-0.1303346451357007,-0.000469955599308,0.4199045973293483
1776179943509294300,17.22429443359375,-0.1217237609177827,0.0031260230660438,0.4339733085617422
1776179943519227400,17.234227294921876,-0.1495008256375789,0.0219429517388343,0.4719769490677863
1776179943529160200,17.24416015625,-0.1947851977363228,0.0075040920197963,0.4959590054187923
1776179943539092200,17.25409228515625,-0.187091720624268,-0.0031990883022546,0.501366782746464
1776179943549025300,17.264025390625,-0.2014496240615844,-0.0322486571758985,0.4863605714682489
1776179943558958300,17.273958251953125,-0.1830889147236943,-0.0665250207871198,0.4716352960232645
1776179943568891400,17.283891357421876,-0.1470809050142765,-0.0819102214455604,0.4638561133891344
1776179943578823400,17.293823486328126,-0.0616875176280736,-0.1300362467110156,0.4494609466813504
1776179943588756200,17.303756103515624,-0.0249801274776458,-0.1471346810281276,0.447144997889176
1776179943598689300,17.313689208984375,0.0196592247158288,-0.1616319929361343,0.4734609040152281
1776179943608622300,17.323622314453125,0.0501049241229891,-0.134321376684308,0.4804802812580019
1776179943618554000,17.33355419921875,0.0760340228885412,-0.1050438442736864,0.4756283111821859
1776179943628487200,17.343487060546874,0.0866027631759643,-0.0942798736751079,0.4382770701702684
1776179943638420200,17.353420166015624,0.0815448952645063,-0.1062169797062873,0.4536593482192605
1776179943648353000,17.36335302734375,0.0557595888838171,-0.1052642090260982,0.421879258403182
1776179943658286300,17.373286376953125,0.0812146403968334,-0.1159264728158712,0.406919516615197
1776179943668218000,17.383218017578123,0.0776467187821865,-0.1162993977814912,0.411753147316724
1776179943678151200,17.393151123046874,0.0928685455724596,-0.1412152278512716,0.3747325995638966
1776179943688084200,17.403084228515624,0.1181385959073901,-0.1300982060313224,0.3844067290991544
1776179943698017000,17.41301708984375,0.1239794308900833,-0.1064174707144498,0.3910030586242675
1776179943707949000,17.422948974609376,0.1380848208710551,-0.0823667330414056,0.3995939229674637
1776179943717882000,17.432882080078127,0.1368675540357828,-0.0588403115034103,0.4175728664461523
1776179943727815200,17.442815185546873,0.1285223350167274,-0.0469634112268686,0.3858828660663217
1776179943737748200,17.452748291015624,0.1214291618853807,-0.0369154799431562,0.391262440212816
1776179943747680300,17.46268017578125,0.1192097322702407,-0.0239420166015624,0.3997182069342583
1776179943757613000,17.472613037109376,0.1343298522517085,-0.0368079279154539,0.4399625390391796
1776179943767546000,17.482546142578126,0.1893424221605062,-0.0402636213272809,0.4684177952814847
1776179943777479200,17.492479248046877,0.2483613051012158,-0.0183826289087533,0.4688082559037953
1776179943787412200,17.502412109375,0.231460146921873,-0.0184416656196117,0.4518749490205198
1776179943797344300,17.51234423828125,0.1754308011859655,-0.0417564902335405,0.4475497792977839
1776179943807277300,17.52227734375,0.1249018064320087,-0.049303252351284,0.4628888027269393
1776179943817210000,17.532210205078126,0.0672276160985231,-0.050789691516757,0.5081393456213176
1776179943827143200,17.54214306640625,0.0303793561726808,-0.0466413396656513,0.496426769061014
1776179943837075200,17.5520751953125,-0.0214180510818958,-0.0378963076740503,0.4901958387821912
1776179943847008300,17.56200830078125,-0.0432838459312915,-0.0339472777873277,0.505562700066343
1776179943856941300,17.57194140625,-0.0145326754823327,-0.0243739782780408,0.5095526464853436
1776179943866874000,17.5818740234375,0.0380915379852056,-0.0276718507796525,0.503136349702254
1776179943876806100,17.59180615234375,0.0615378800243139,-0.0130149643957614,0.5073793210342527
1776179943886739200,17.6017392578125,0.0237111304551362,-0.0054652796685695,0.4702544361241161
1776179943896672300,17.61167236328125,-0.0085600308135151,0.0192167416453361,0.4461609552878886
1776179943906605300,17.621605224609375,-0.0465256043314933,0.0109071784615516,0.4221033494826406
1776179943916537900,17.631537841796874,-0.0980330887287855,0.0060065469384193,0.3881785027228295
1776179943926470000,17.641469970703124,-0.0917740283340215,0.0026560674667358,0.3839958102107048
1776179943936402700,17.651402587890626,-0.0526002480700612,-0.0068833297729492,0.363987991252914
1776179943946335700,17.661335693359376,-0.0384679700821638,0.0029699557214975,0.3402450043547898
1776179943956268800,17.671268798828127,-0.0228176887467503,-0.012611059769988,0.293016074059531
1776179943966200800,17.681200927734373,-0.0253977683678269,-0.0085106387138366,0.247371563411504
1776179943976134000,17.6911337890625,-0.0083820438981056,0.0084317282587289,0.2163112392373383
1776179943986067000,17.70106689453125,-0.0151861709550023,-0.0013905775755643,0.1987319626007229
1776179943995999700,17.710999755859376,0.0026689269483089,0.0153945530086755,0.1826343758892268
1776179944005932800,17.720932861328127,0.0037222353935241,0.0052308863908052,0.1817322394177317
1776179944015864600,17.730864501953125,-0.011661796221137,-0.0214852710992097,0.2051157453536987
1776179944025797600,17.740797607421875,-0.001633738681674,-0.0097170918941497,0.197062568083778
1776179944035730700,17.750730712890626,-0.0209077634721994,-0.0098398414909839,0.1949776515685021
1776179944045663700,17.760663818359376,-0.0457744937032461,-0.0198375038921833,0.211112939941883
1776179944055595500,17.770595458984374,-0.0797118346184492,-0.0177840784937143,0.2104837751928716
1776179944065528600,17.780528564453125,-0.0982604677438735,-0.0009726444244384,0.197006088656187
1776179944075461600,17.790461669921875,-0.1043327733948826,0.0075263038516044,0.1625474272806197
1776179944085394700,17.800394775390625,-0.0830558843493461,0.015869184783101,0.1261399699248373
1776179944095326700,17.81032666015625,-0.0842442173510789,0.0236310509562492,0.1142346472714096
1776179944105259800,17.820259765625,-0.0689227295786142,0.0455827705234289,0.0819915430534631
1776179944115192600,17.830192626953124,-0.0601546089723706,0.0421352604180574,0.0715526396907866
1776179944125125600,17.840125732421875,-0.0963093336760997,0.0499199229449033,0.0747243285294622
1776179944135058700,17.85005859375,-0.127445061174035,0.0506856466203927,0.0490695166606456
1776179944144990700,17.85999072265625,-0.1514841084092855,0.046446109354496,0.0373170464813709
1776179944154923800,17.869923828125,-0.159015965218842,0.0422919122844934,0.0412931835707277
1776179944164856600,17.879856689453124,-0.1746983952581882,0.0342068055063486,-0.0061466860614717
1776179944174789600,17.88978955078125,-0.1448287421733141,0.03909048589468,-0.0292662803642451
1776179944184721700,17.8997216796875,-0.1062333463191986,0.0130804308474063,-0.0481494061410427
1776179944194654700,17.90965478515625,-0.0451966938152909,-0.0101005382537841,-0.0666604106698185
1776179944204587800,17.919587890625,-0.0080938746064901,-0.0087310034662485,-0.0815149385176599
1776179944214520600,17.9295205078125,0.0026940613895654,-0.016993804898858,-0.0898198255263268
1776179944224452600,17.93945263671875,0.0210030405402183,-0.0357394219011068,-0.0937586262799799
1776179944234385700,17.9493857421875,-0.0038511224702,-0.0420160179525613,-0.0921367972318083
1776179944244318700,17.959318603515626,-0.0501128151684999,-0.0282937820702791,-0.0999822500351816
1776179944254251800,17.969251708984373,-0.0915188845291733,-0.0267056360960006,-0.0794884011261165
1776179944264184800,17.979184814453124,-0.1130430263340473,-0.0102379008978605,-0.0906434168688953
1776179944274116900,17.989116943359374,-0.0911082579016685,0.004628828844428,-0.1145329726308584
1776179944284049700,17.999049560546876,-0.0893517696231603,-0.0012017770051956,-0.1355287066474556
1776179944293982700,18.008982666015626,-0.0821960526496171,-0.0011158522874116,-0.1605052539285272
1776179944303915800,18.018915771484377,-0.0337660760015249,0.0082476038634777,-0.1752720304276794
1776179944313847800,18.028847900390623,-0.0014408464580774,-0.0042582419663667,-0.2138658919118344
1776179944323780900,18.03878076171875,-0.0018055881172418,-0.0159440035849809,-0.2201891035839915
1776179944333713700,18.04871362304688,-0.0052840778827667,0.0017985738545656,-0.1864426821310073
1776179944343646700,18.058646728515622,-0.0275894331932067,0.0133358669131994,-0.1823290362671017
1776179944353579800,18.068579833984376,-0.0408095647722482,0.0141705641716718,-0.1995392603956162
1776179944363511800,18.07851171875,-0.0678062927693128,0.0091927757591009,-0.1993522864561527
1776179944373444900,18.08844482421875,-0.1020519689813256,0.0180593883037567,-0.1820509499780833
1776179944383377700,18.098377685546875,-0.0783838008850812,0.0304664499342441,-0.1837429947182536
1776179944393310700,18.108310791015622,-0.0508083962172269,0.0597153407722711,-0.199580761449784
1776179944403242800,18.11824267578125,0.0039016836136579,0.0574245994865894,-0.2168666080977767
1776179944413175800,18.12817578125,-0.0065472296863794,0.0568921000450849,-0.2273367833815515
1776179944423108900,18.13810888671875,-0.0232493581622838,0.0504120903760194,-0.2124122590374201
1776179944433042000,18.1480419921875,-0.0163502462983131,0.0321112945318222,-0.2033268891755491
1776179944442973700,18.1579736328125,0.0071869888946413,0.0029150106638669,-0.1741581509016454
1776179944452906500,18.167906494140624,0.048648587834835,-0.0137643214583396,-0.1652969451844692
1776179944462839600,18.17783959960937,0.0641775808781385,-0.0113227735251188,-0.1859628627248108
1776179944472772600,18.187772705078125,0.0881049844324588,-0.0422539183616638,-0.2155216962948441
1776179944482706000,18.197705810546875,0.1237146424740552,-0.0903179843068122,-0.1803492606267333
1776179944492637700,18.2076376953125,0.2106310016438365,-0.1149602581322193,-0.1900134532898664
1776179944502570800,18.21757080078125,0.3344096492648124,-0.1587391941040754,-0.2362484771769493
1776179944512503600,18.22750366210937,0.4353150785595178,-0.2254541845053434,-0.2998007657635956
1776179944522436600,18.2374365234375,0.6248568226844072,-0.2716711612790823,-0.3669032211124897
1776179944532368600,18.24736865234375,0.7472019303709269,-0.2883785504519939,-0.4067669564019888
1776179944542301700,18.2573017578125,0.7923059774667024,-0.2849514986127615,-0.4988894328474998
1776179944552234800,18.26723486328125,0.741447896888852,-0.1986047560244798,-0.5115877325095236
1776179944562167600,18.27716748046875,0.5684598126798868,-0.0987906290978193,-0.4891420919455587
1776179944572100600,18.2871005859375,0.3743319098085165,0.0049058922201395,-0.4099768583592027
1776179944582032600,18.29703271484375,0.1271656597107648,0.0399263521969318,-0.3552604218527674
1776179944591965700,18.30696557617188,-0.0368105582639574,0.0554267036676406,-0.2565025259807705
1776179944601898800,18.316898681640627,-0.1846358519047498,0.0558580808222293,-0.150615435815975
1776179944611831600,18.32683154296875,-0.2322919215708971,0.0300835880964994,-0.0802896345064043
1776179944621763600,18.336763671875,-0.266585820838809,0.0006271919876337,-0.0498037492193281
1776179944631696600,18.34669653320313,-0.2614613174319267,-0.0374134925931692,-0.0603499123487621
1776179944641629700,18.35662963867188,-0.2235714394986629,-0.083473817500472,-0.0821256177619099
1776179944651562800,18.366562744140627,-0.1460042156934738,-0.092034140574932,-0.086465400531888
1776179944661494800,18.37649487304688,-0.0695747637465596,-0.074443538826704,-0.0626707565117627
1776179944671427800,18.386427734375,0.0144248311936855,-0.0238671977996826,-0.0513525130312889
1776179944681360600,18.39636059570313,0.089587331944704,0.0130284083992242,-0.0380295055996626
1776179944691293700,18.40629370117188,0.0843348182439804,0.028829204121232,-0.0208762723553925
1776179944701226800,18.416226806640623,0.084725278866291,0.0295113411664962,-0.0247443459603935
1776179944711158800,18.42615869140625,0.0172483641818165,0.0123503630071878,-0.0106020580351352
1776179944721091800,18.436091796875,-0.0820902541875839,-0.0099491470843553,0.0368608271464705
1776179944731024600,18.446024658203125,-0.1415942902967333,-0.0096826051026582,0.0596153875291347
1776179944740957700,18.45595776367188,-0.1805035744056105,-0.0129746323853731,0.0754330613207071
1776179944750889700,18.4658896484375,-0.2115875717163085,-0.0119651630818843,0.0743299223843961
1776179944760822800,18.47582275390625,-0.202685011075437,0.0102899233460426,0.0688208035741001
1776179944770755800,18.485755859375,-0.2114791429057717,0.0518137738674879,0.1011170992840081
1776179944780688600,18.495688720703125,-0.1692719862952828,0.1137701715648174,0.1108308301772922
1776179944790621700,18.50562158203125,-0.1242705227911472,0.1857300768822431,0.1521684374116361
1776179944800553700,18.5155537109375,-0.1222872400194406,0.2116869404375553,0.1663091179016977
1776179944810486800,18.52548681640625,-0.1129284600436687,0.2272200251340866,0.1609651995904743
1776179944820419800,18.535419921875,-0.0654693742543458,0.23916823708117,0.1304576869934797
1776179944830353000,18.545352783203125,-0.0581400542795658,0.210359491226077,0.1186136660732328
1776179944840285000,18.55528491210937,-0.0210953949987888,0.1698673218399286,0.1105293630126863
1776179944850217700,18.5652177734375,-0.0056394671916961,0.1537578985601663,0.1188697597261518
1776179944860150800,18.57515087890625,0.0333361601516604,0.1259527767896652,0.0870787101246416
1776179944870083800,18.58508374023437,0.0273906957507133,0.1203361059516668,0.0735074270203709
1776179944880015600,18.595015625,0.0496922516688704,0.0899783770889043,0.0802235104676336
1776179944889948700,18.60494873046875,-0.0054608957543969,0.0396329222083091,0.0714499830339103
1776179944899881700,18.6148818359375,-0.0558273934230208,0.0333691856384277,0.0973662223178893
1776179944909814800,18.624814697265624,-0.0557087354794144,0.0284054257512092,0.0916371040813624
1776179944919747800,18.63474780273437,-0.0885129807114601,-0.0025906010150909,0.0938021000955253
1776179944929679600,18.6446796875,-0.1114312072232365,-0.0265004689127206,0.0729980161935091
1776179944939612700,18.65461279296875,-0.1184217967629432,-0.0014542904615402,0.0726296212725341
1776179944949545700,18.66454565429688,-0.0995586908608675,-0.0424468105852603,0.0750322254348546
1776179944959478500,18.674478515625,-0.1089902438119053,-0.0674286916285753,0.081750646969676
1776179944969410600,18.68441064453125,-0.0921738413065671,-0.0520183565288782,0.088254768166691
1776179944979343600,18.694343505859376,-0.0468725180730223,-0.0949620107203721,0.0732909347254782
1776179944989276700,18.70427661132813,-0.0248047709107398,-0.0993605379402637,0.1233945436742156
1776179944999209700,18.71420971679688,-0.0118105570420622,-0.0991764135450124,0.1605770039904862
1776179945009142500,18.724142578125,-0.0116930681422352,-0.0564484479308128,0.1758182661335915
1776179945019074600,18.734074462890625,-0.0149371646299958,-0.0445405679941177,0.1824905835043639
1776179945029007600,18.74400756835937,-0.0021443185523152,0.021199439895153,0.1831058658584952
1776179945038940700,18.75394067382813,-0.1075584574431181,0.0342944837898015,0.1723918718814849
1776179945048873700,18.76387377929688,-0.1348167589858174,-0.0187029469043016,0.126217492140457
1776179945058805800,18.7738056640625,-0.2215592228934168,0.0684527739793062,0.1953936119582504
1776179945068738800,18.78373876953125,-0.2140983854934573,0.1518038418829441,0.1977902978364378
1776179945078671600,18.79367163085937,-0.2218131976544856,0.1409539465665817,0.2307632506988942
1776179945088604700,18.80360473632813,-0.1804468757823109,0.0387426953703165,0.1722792783524841
1776179945098536700,18.81353662109375,-0.1724503240704536,-0.0017377835780382,0.1169090541124343
1776179945108469800,18.8234697265625,-0.123728086477518,0.0308709390819072,0.142986694503203
1776179945118402800,18.83340283203125,-0.0748395524069666,0.01993687261343,0.1747805205836892
1776179945128335600,18.84333569335937,-0.0830769271373748,0.0332131182938814,0.1574693933639675
1776179945138268700,18.8532685546875,-0.0611737228870391,0.0285217456072568,0.124039636644721
1776179945148200700,18.86320068359375,-0.0952393663570284,0.0614326660841703,0.1480340410206466
1776179945158133800,18.8731337890625,-0.1041010104656219,0.0676303516805171,0.1662221702706068
1776179945168066800,18.88306689453125,-0.1103007418885827,0.0731201812684536,0.1887136227376759
1776179945177999600,18.89299951171875,-0.0778130152598023,0.039746903976798,0.1114599218610674
1776179945187932000,18.902931884765625,-0.0467506452590227,0.0434288073599338,0.1895893095936626
1776179945197864700,18.91286474609375,0.1043418334841728,0.0741121149152517,0.2279921785503625
1776179945207797800,18.9227978515625,0.0539268204987049,-0.1172153435826301,0.1316555915411561
1776179945217730800,18.932730712890624,0.0497471967265009,-0.0663584320485591,0.0768152363941073
1776179945227664000,18.94266381835937,0.0320163097247481,-0.0195645321696996,0.1803338438618928
1776179945237596000,18.952595947265625,0.0455924151346087,-0.020524317112565,0.1815268530387431
1776179945247528700,18.96252880859375,0.0032861820638179,0.0077297174692153,0.1817019173447042
1776179945257461800,18.97246166992188,0.0002981061637401,0.0344487975686788,0.1691780244015157
1776179945267394800,18.982394775390624,-0.0609612491801381,0.0576461332827806,0.1910537561230361
1776179945277326800,18.99232690429688,-0.1422436941161751,0.0980178911596536,0.2414248569015413
1776179945287260000,19.002260009765624,-0.2304930554553866,0.0556038138002157,0.1996046537820249
1776179945297192700,19.012192626953127,-0.2580088388904929,0.0885650031596422,0.2278513818401843
1776179945307125800,19.02212573242188,-0.2165083692446351,0.0919698431670665,0.2442431291926652
1776179945317057500,19.0320576171875,-0.1892930300608277,0.0873223096221685,0.1938650141514837
1776179945326990600,19.041990478515626,-0.1943605425834655,0.0556295327633619,0.2097530497655272
1776179945336923600,19.051923583984376,-0.1746083788871765,0.030640052935481,0.1561190747335553
1776179945346857000,19.06185693359375,-0.1330824825391173,0.0365542454153299,0.1804693798750639
1776179945356789800,19.07178979492188,-0.0983928619518876,0.0418769017428159,0.1929329939983785
1776179945366721500,19.081721435546875,-0.086832772539556,0.0376595763087272,0.1653871076859533
1776179945376654600,19.091654541015625,-0.0925683935821056,0.0280669875770807,0.1160245263628661
1776179945386587600,19.101587646484376,-0.0594590279236435,0.0190092363744974,0.1100480823017656
1776179945396520700,19.11152075195313,-0.0490530769824981,0.0177975224971771,0.1129800441004335
1776179945406452700,19.12145263671875,-0.0706955844700336,0.0358574953228235,0.0984635160353034
1776179945416385500,19.131385498046875,-0.1199225567147135,0.0201560683220624,0.1071447620756924
1776179945426318600,19.141318603515625,-0.1341097797602415,-0.0074824647098779,0.1034898197647184
1776179945436251600,19.15125170898437,-0.1606806835606694,-0.0483779541999101,0.0926300606414675
1776179945446184700,19.16118481445313,-0.1824558775171637,-0.1657861900061369,-0.0590340074446052
1776179945456116700,19.17111669921875,-0.0203673729851841,-0.2212625780344009,-0.1520522636860609
1776179945466049800,19.1810498046875,0.1191959960058331,-0.2921732665598392,-0.1717212060783058
1776179945475982600,19.190982666015625,0.1844812458649277,-0.3143564567953348,-0.1478298236854374
1776179945485915600,19.20091552734375,0.1545689226821064,-0.3234989636719226,-0.0826322521097958
1776179945495847700,19.21084765625,0.0972737947940826,-0.2559703188002109,0.014301277879253
1776179945505780700,19.22078076171875,-0.0739265292152762,-0.2279272966206073,0.0269201556295156
1776179945515713800,19.2307138671875,-0.092694358049333,-0.1545540173739194,0.0249509013831615
1776179945525646600,19.240646484375,-0.0833306096374988,-0.123716980561614,0.0557302897240966
1776179945535578600,19.25057861328125,-0.1039025652840733,-0.0887234085917472,0.0952004956513643
1776179945545511700,19.26051171875,-0.0920332637920975,-0.0462029482483863,0.1181244212515652
1776179945555444700,19.27044482421875,-0.0848375070691108,-0.022978724527359,0.1702842320777475
1776179945565377800,19.28037768554688,-0.0724772071897983,0.033827450799942,0.2040798264347016
1776179945575310600,19.290310546875,-0.1046840710505843,0.0591734889805316,0.1992745450448244
1776179945585242600,19.30024267578125,-0.136106214274466,0.0757218881994485,0.1846239422712474
1776179945595175700,19.31017578125,-0.149758015269041,0.0914367592036724,0.185668702083826
1776179945605108700,19.320108642578123,-0.1439814776942133,0.0833966606110334,0.1691423685662448
1776179945615041800,19.33004174804688,-0.1547337578549981,0.0599397971779108,0.1408976132694631
1776179945624973800,19.339973876953124,-0.0983867244720459,0.0276204128533601,0.1537005423497408
1776179945634907000,19.34990698242187,-0.0350353652849793,0.0160509710907936,0.1145025774925947
1776179945644839700,19.359839599609376,0.0142328157529234,0.0021183073282241,0.0266615046933293
1776179945654772700,19.369772705078127,0.0513072856500744,0.0205664026886224,0.0093130411379039
1776179945664705800,19.37970581054688,0.0558589576050639,0.0216319860935211,0.0039019028093665
1776179945674637800,19.389637939453124,0.0348509486287832,0.0226864635825157,-0.0097876729123294
1776179945684571000,19.39957080078125,0.0350733592078089,0.0211257901370525,0.0233954155694693
1776179945694503700,19.409503662109376,0.0602139379441738,0.0413484939545392,0.0850834446541965
1776179945704436700,19.419436767578127,0.063210489411652,0.0632949528247118,0.1063541962198913
1776179945714368800,19.42936865234375,0.0680851097106933,0.0496504583537578,0.1217833821505308
1776179945724301800,19.4393017578125,0.0858802941203117,0.0581412233233451,0.1295832422465085
1776179945734235000,19.44923486328125,0.1166720304861664,0.0181540808498859,0.1069667751602828
1776179945744167700,19.459167724609376,0.1129059559509158,-0.0040425533890724,0.0766399528924375
1776179945754099700,19.469099609375,0.096023502472043,0.0134884271264076,0.095815924135968
1776179945764032500,19.479032470703125,0.0718038379728794,-0.0257230547994375,0.0883276142071932
1776179945773965800,19.4889658203125,-0.0244970201358199,-0.1226905601233243,0.0156602912727743
1776179945783899000,19.49889892578125,-0.0777609928116202,-0.0374602543443441,0.0809434222400188
1776179945793832000,19.50883203125,-0.1092059323891997,-0.0395814842820167,0.1266797028247266
1776179945803763700,19.518763671875,-0.107390699660778,0.0039320787519216,0.153296856919676
1776179945813696500,19.528696533203124,-0.176041626560688,-0.0267488907158374,0.0704176443114876
1776179945823629600,19.538629638671875,-0.1650140365898609,-0.0021177228063344,0.0429985992491245
1776179945833562600,19.548562744140625,-0.0799973735615611,0.0062315878659486,0.0615028087109327
1776179945843494700,19.55849462890625,0.0376025854244828,0.0295803147494792,0.0052773558810353
1776179945853427700,19.568427734375,0.1714578059017658,0.029455811586976,-1.78279176354e-05
1776179945863360800,19.57836083984375,0.2118912308380007,0.0471112952649593,-0.0110821697022765
1776179945873293600,19.58829345703125,0.1793570347189903,0.06361527082026,0.0067469169769436
1776179945883226600,19.5982265625,0.0929030323639512,0.0880079537987709,0.0339644481178373
1776179945893158700,19.60815869140625,0.0196226920977234,0.1323655664414167,0.0869784646205604
1776179945903091700,19.618091796875,-0.126350251674652,0.1189233165442943,0.1277374682493507
1776179945913025300,19.628025390625,-0.2428244215011596,0.1391360834896564,0.1817716946452856
1776179945922958300,19.63795825195313,-0.3324173064038157,0.1769973198503255,0.1830211101844906
1776179945932890400,19.647890380859376,-0.3688283439561724,0.1782061111181974,0.1761280627351254
1776179945942823400,19.657823486328127,-0.3281061652064323,0.1859142012774944,0.179855997217074
1776179945952756500,19.66775659179688,-0.1995394065260887,0.1911672995001077,0.156185856359452
1776179945962689300,19.677689208984376,-0.0266854700908064,0.1682154629796743,0.1294675799775868
1776179945972622300,19.68762231445313,0.1844002895832061,0.099917587301135,0.0609450286976993
1776179945982554400,19.697554443359376,0.3843780875265598,0.0248573778808116,-0.0205174489803612
1776179945992487400,19.7074873046875,0.528447535765171,-0.02931786442101,-0.0731890817862004
1776179946002420500,19.71742041015625,0.5865595329940319,-0.0753828655034303,-0.1122118362069129
1776179946012353500,19.727353515625,0.5279340332850814,-0.0586415740609169,-0.086445672918111
1776179946022285600,19.73728564453125,0.3647790685653686,-0.0235620773732662,-0.0181913441203534
1776179946032218400,19.74721826171875,0.1741591738149523,-0.0084212068647146,0.062946723908931
1776179946042151400,19.7571513671875,-0.0033954876571893,0.011173135921359,0.1213399492319673
1776179946052084500,19.76708447265625,-0.1154591475650668,0.0298404269903898,0.1608325861867517
1776179946062016500,19.7770166015625,-0.1849079468443989,0.012670681002736,0.1468358442120254
1776179946071949600,19.786949462890625,-0.1970274237051606,-0.0108048871308565,0.1477819659557193
1776179946081882400,19.79688232421875,-0.1542567879930138,-0.0417746104121208,0.1248657122053205
1776179946091815400,19.8068154296875,-0.090467621910572,-0.0515758734583854,0.1160831246823072
1776179946101748500,19.81674853515625,-0.0372854822993278,-0.0501776970982551,0.0862755770482122
1776179946111680500,19.826680419921875,-0.0368085124373435,-0.0646165568172931,0.0470939788039773
1776179946121613600,19.836613525390625,-0.0384027958914637,-0.0542518146693706,0.0607769786544144
1776179946131546600,19.84654663085937,-0.0345896673440933,-0.0173100312411785,0.0795845549769699
1776179946141479400,19.8564794921875,-0.0335851664766669,0.0111497550457715,0.05802716848962
1776179946151411500,19.866411376953124,-0.0301189516708254,0.0341769948899745,0.0630325755614787
1776179946161344500,19.87634448242187,-0.0479693733990192,0.0678349343419075,0.0528217818662524
1776179946171277600,19.886277587890625,-0.0736716776713728,0.0709767394989728,0.0656595630642026
1776179946181210600,19.89621069335937,-0.0677753131091594,0.0817126530468463,0.0625174656461924
1776179946191143400,19.90614331054688,-0.1006546694040298,0.0975531962573528,0.0672419368848204
1776179946201075200,19.9160751953125,-0.0895262494072318,0.0956593453347682,0.0696476097870618
1776179946211008300,19.92600830078125,-0.119750122757256,0.0605284107208251,0.1042272671937942
1776179946220941600,19.935941650390625,-0.1228717619091272,0.0580038606792688,0.1376779936358332
1776179946230874600,19.94587451171875,-0.0624894816607236,0.0612228227257728,0.162989398894459
1776179946240806400,19.955806396484373,0.000589198064804,0.0349088162958622,0.11602657218948
1776179946250739500,19.965739501953124,0.0236003635570406,-0.0006523264288902,0.0784828773453831
1776179946260672300,19.97567236328125,0.0218666716322302,0.0106949970155954,0.0980165759854018
1776179946270605300,19.985605224609376,-0.0546548425123095,0.0079588500499725,0.1009578901343047
1776179946280537300,19.995537353515623,-0.0398448113933205,-0.0188642749458551,0.0467157931413501
1776179946290470400,20.005470458984377,-0.0662067486181855,-0.0023626374781131,0.0604213701497763
1776179946300403500,20.015403564453123,-0.0151280110269784,0.0111316348671913,0.0406036669366061
1776179946310336300,20.025336181640625,0.034935119780898,0.0638122546970844,0.0295920782525092
1776179946320269300,20.035269287109376,0.09116144939363,0.092375501358509,0.0583648760113865
1776179946330201300,20.045201416015622,0.1401677646249532,0.1363227796345949,0.0864272604785859
1776179946340134400,20.055134521484376,0.1899494481429457,0.1405909584730863,0.1114607986439019
1776179946350067500,20.0650673828125,0.1970902598083019,0.1285480539798736,0.1499984729614108
1776179946360000300,20.075000244140625,0.157109839336574,0.0557493597507476,0.1471149534143507
1776179946369932300,20.084932373046875,0.0973603040337562,-0.0011614449948072,0.1335747961007058
1776179946379865300,20.094865234375,0.0279494986772537,-0.0912181480169296,0.1452981863159686
1776179946389798400,20.10479833984375,-0.0106999654516577,-0.1171183129489421,0.1763327184617519
1776179946399731500,20.1147314453125,-0.0675552406176924,-0.1297112525403499,0.2117840441364794
1776179946409664500,20.12466455078125,-0.1255903732180595,-0.1057517002820968,0.1992858701564371
1776179946419596500,20.134596435546875,-0.1842287324085831,-0.0444207410067319,0.2311740965221077
1776179946429529300,20.144529296875,-0.1144958554908633,0.0089864395320415,0.1810707798343151
1776179946439462400,20.15446240234375,-0.0637894583433866,0.0753314275771379,0.2169160001974552
1776179946449395500,20.1643955078125,0.0566273116290569,0.1191962882667779,0.1678958025712519
1776179946459327500,20.174327392578125,0.1559337812945246,0.0612836130023002,0.1148900424402207
1776179946469260500,20.184260498046875,0.2730813203379512,-0.0041331542819738,0.0505943150751292
1776179946479193300,20.194193359375,0.3349821884557604,-0.1230763445705175,0.0274605461165308
1776179946489126400,20.20412646484375,0.2931245759353041,-0.1193026712507009,0.0628843261972069
1776179946499058400,20.21405834960937,0.2225172542706131,-0.3497048335522413,-0.0649568216223269
1776179946508991500,20.223991455078124,0.0858534061133861,-0.4238099342048168,-0.1623641066029667
1776179946518924500,20.233924560546875,0.022984277485311,-0.2830155621141195,-0.0434917165283113
1776179946528857300,20.243857421875,-0.0136465402975678,-0.2088262903094291,0.0795860162816941
1776179946538790400,20.253790283203124,-0.1113619413793086,-0.0959773252427577,0.1077010807842016
1776179946548722400,20.263722412109377,-0.1507774214446544,-0.0316372472792863,0.1073531441293656
1776179946558655500,20.273655517578124,-0.1215878595784306,0.0275876796275377,0.1605031350366771
1776179946568588500,20.28358862304687,-0.0317813319250941,0.0805453628331422,0.2066429549209773
1776179946578521600,20.293521484375,0.0784706023856997,0.0741243898749351,0.2179036229953169
1776179946588453600,20.30345361328125,0.1326139882445335,0.0293605345189571,0.1765820170477032
1776179946598386400,20.313386474609377,0.1016273138284683,-0.0091968674123287,0.1591844536535441
1776179946608319500,20.323319580078124,0.0864227304339408,-0.0269739316433668,0.1536944779351353
1776179946618252500,20.33325244140625,0.0245063724860548,-0.0215659351199865,0.164518142831698
1776179946628185600,20.343185546875,-0.0177536833554506,7.48188018798e-05,0.1615267789959907
1776179946638117400,20.353117431640623,-0.0305006444647908,0.0512479566782712,0.1649110146068036
1776179946648050400,20.363050537109373,-0.0325593305602669,0.0919154826313257,0.165976159620285
1776179946657983500,20.3729833984375,0.0103872462406754,0.100064886817336,0.1496381152164191
1776179946667916500,20.38291650390625,0.0276446705117821,0.0883335324913263,0.1273630089137703
1776179946677848300,20.39284838867188,0.0427171519592404,0.0922597660243511,0.1022368970941752
1776179946687781400,20.402781494140623,0.070336688029766,0.0835275935143232,0.1127207355771213
1776179946697714400,20.41271435546875,0.0488040706574916,0.0670996058046817,0.0888025382425636
1776179946707647200,20.422647216796875,0.0290448926985263,0.0319862068474292,0.0699542645834386
1776179946717580300,20.432580322265625,-0.0008276829957962,-0.0023351649492979,0.0546826073020696
1776179946727512300,20.44251220703125,-0.020065467429161,-0.0387538012862205,0.0536585980165749
1776179946737445400,20.4524453125,0.0054766778454184,-0.0542494765818119,0.0683082509420812
1776179946747378400,20.46237841796875,-0.0286582314684987,-0.068954878282547,0.0794860630385577
1776179946757311200,20.472311279296875,-0.0570715482652187,-0.0714542938828468,0.0694154084663838
1776179946767243300,20.4822431640625,-0.0724766226679086,-0.0630196430146694,0.0276998347651213
1776179946777176300,20.49217626953125,-0.0133890584051609,-0.0704325496196746,0.0405535441845655
1776179946787109400,20.502109375,-0.0027288404420018,-0.0496270774781703,0.0632819472126662
1776179946797042400,20.51204248046875,0.0004091653227806,-0.0514016859352588,0.0339489582877606
1776179946806975500,20.5219755859375,0.0298711143895983,-0.0396229853361844,0.0166970869746059
1776179946816907500,20.531907470703125,0.0027726795837283,-0.0359627092629671,0.0220180628016591
1776179946826840300,20.54184033203125,-0.029310265636444,-0.0348018487900495,0.029442294518277
1776179946836773400,20.5517734375,-0.0440261887311935,-0.0221726688414812,0.040830972886458
1776179946846706400,20.56170654296875,-0.0236821966215968,-0.0022480711877346,0.0144994307998567
1776179946856638500,20.57163842773437,-0.017672727073729,0.028898177704215,0.0186767895497381
1776179946866571500,20.581571533203125,0.0037222353935241,0.0177069216042757,0.0120798024374991
1776179946876504300,20.59150439453125,-0.0316352014526724,-0.0124596686005592,0.003589110533148
1776179946886437400,20.601437255859373,-0.0279386850222945,-0.020652911928296,0.000787789376825
1776179946896369400,20.611369384765624,0.0178323015496134,-0.0336743060648441,-0.0043109220016747
1776179946906302500,20.62130249023437,0.0286775206908583,-0.0418996980965137,0.0331153570078313
1776179946916235300,20.6312353515625,0.0426642527282238,-0.0497673627316951,0.0148317314941436
1776179946926168300,20.641168212890623,0.0320496274724602,-0.0556406386792659,0.0059826546061784
1776179946936101000,20.65110107421875,0.0545776856228709,-0.0629436551690101,-0.0185133426163345
1776179946946033200,20.661033203125,0.0392354473233222,-0.0539782584249973,-0.0147785400021821
1776179946955966200,20.67096630859375,0.026130466556549,-0.0516734886139631,-0.0238679284520447
1776179946965899300,20.68089916992188,0.0097922029569745,-0.0169710085451602,-0.040234176037088
1776179946975832300,20.690832275390623,0.0126142746403813,-0.00354337169528,-0.0475152729559689
1776179946985764400,20.70076440429688,0.076709437932074,-0.0033265140742063,-0.0367827204089611
1776179946995697200,20.710697265625,0.0929845731675624,-0.0032587095350027,-0.0214146170157939
1776179947005630200,20.720630126953125,0.0516328643426299,0.0145358903527259,-0.0145079063672572
1776179947015563300,20.73056323242188,-0.0011178981140255,0.0199327809602022,-0.0009313625659793
1776179947025496300,20.740496337890622,-0.0268719325736165,0.0242290168493986,0.0265395588140934
1776179947035428400,20.75042846679688,-0.0826829593837261,-0.001409866797924,0.0541166439823806
1776179947045361400,20.760361328125,-0.1373196817174553,-0.008306640574336,0.0412142000503838
1776179947055294200,20.770294189453125,-0.1663666202425956,-0.0118529348790645,0.0656233957722783
1776179947065227300,20.780227294921875,-0.1295882106825709,-0.0185217451184988,0.0697675829049199
1776179947075159000,20.79015893554688,-0.0662388973221182,0.0042903906702995,0.0405365199845284
1776179947085092000,20.800092041015624,0.0324187530457973,0.0117021282315254,0.022420067731291
1776179947095025200,20.81002514648437,0.091788056859374,-0.0076116440474987,0.010090455251187
1776179947104958000,20.8199580078125,0.1383215522363781,0.0175391638219356,0.0153011025715619
1776179947114891300,20.829891357421875,0.1336643740803003,0.0344774391412735,0.0323016294721514
1776179947124823000,20.83982299804688,0.0824044347032904,0.0033551556468009,0.0369747358497232
1776179947134756000,20.849756103515624,0.0114835170447826,-0.0044020343512296,0.0599278144791722
1776179947144689200,20.85968920898437,-0.0096343820467591,-0.0082552026480436,0.0520794390663504
1776179947154622000,20.8696220703125,-0.0327548531323671,-0.0029728783309459,0.0578176173921674
1776179947164554200,20.87955419921875,-0.0439022700905799,0.0148877725303173,0.0569321397945284
1776179947174487000,20.88948706054688,-0.0486924269765615,0.0333674320727586,0.0547631251923739
1776179947184420000,20.899420166015624,-0.0288493701264262,0.0202034145951271,0.0359169704250991
1776179947194353200,20.90935327148437,0.0129340081140398,0.0176794490754604,0.038546369080618
1776179947204285200,20.91928515625,0.0434685548484325,0.0395750545412302,0.0431529860932379
1776179947214218200,20.92921826171875,0.043331484465301,0.0132949503809213,0.0264916280191391
1776179947224151000,20.93915112304688,0.0616579992726445,0.0060755205214023,0.0105721012882888
1776179947234084000,20.949083984375,0.0504790181323885,0.002739654096961,0.0220075414076447
1776179947244017200,20.95901708984375,0.0311821969881653,0.0095826518595218,0.0284522605676203
1776179947253949200,20.96894921875,-0.0017784078493714,0.0103670802354812,0.0446164827745407
1776179947263882200,20.97888232421875,0.0040662265256047,0.006779284876585,0.063187254666537
1776179947273815000,20.98881494140625,-0.0007867664635181,0.0067635027855634,0.0557988979808986
1776179947283748000,20.998748046875,0.0076493457093834,0.0132224696666002,0.0366460884172469
1776179947293680000,21.00868017578125,0.0279445302411913,0.0243283855706453,0.0372428852666169
1776179947303613200,21.01861328125,0.039316111344099,0.0293061739832162,0.0500195839270949
1776179947313546200,21.02854614257813,0.0393126042127609,0.0198819275557994,0.0304597279325127
1776179947323479300,21.03847924804688,-0.0191159116193652,0.0284288066267967,0.0492719804301857
1776179947333412000,21.048412109375,-0.0199812962770462,0.0173667298644781,0.0762146401524543
1776179947343344000,21.05834423828125,-0.0252212427571415,0.0154226100593805,0.0682439535342156
1776179947353277200,21.06827709960937,-0.0219569802641868,0.0013479074776172,0.0779731742575764
1776179947363210200,21.078210205078125,-0.0019417817175388,0.0142483055830001,0.0712093061458319
1776179947373143300,21.08814331054688,0.0195896666109561,0.0159977795988321,0.0733124889701604
1776179947383075300,21.09807543945313,0.0655719578459858,0.0054734629750251,0.080960811766237
1776179947393008000,21.108008056640625,0.0722562579154968,0.0059375733554363,0.0780609256062656
1776179947402941200,21.11794116210937,0.0831602215066552,-0.00458791231215,0.0400656876023858
1776179947412874200,21.127874267578125,0.0474058942973613,-0.0231675250977277,0.0307299231760203
1776179947422807300,21.13780737304688,0.0136620301276445,-0.0001034603744745,0.0492666466679424
1776179947432739300,21.1477392578125,-0.0380877385929226,-0.0040139118164777,0.0559179943159222
1776179947442672000,21.157672119140624,-0.0492918541744351,-0.0095960958629846,0.0666631140835583
1776179947452605200,21.16760522460937,-0.0087447397306561,-0.0059001639544963,0.1016965066071599
1776179947462538200,21.177538330078125,-0.023987609308958,0.0010725976675748,0.08589286134094
1776179947472470300,21.18747021484375,-0.0562318825706839,0.0360614934623241,0.1140492807671427
1776179947482403300,21.1974033203125,-0.0942433410570025,0.0293950213104486,0.1086833698198199
1776179947492336400,21.20733642578125,-0.1254053720399737,0.0350467634618282,0.1056950747240334
1776179947502269200,21.21726928710937,-0.1004872038826346,0.0258411282211542,0.1156128037568181
1776179947512201000,21.227200927734376,-0.0259270529389381,0.0215326173722744,0.0958941039387136
1776179947522134000,21.237134033203127,0.0106251466497778,-0.0065332011610269,0.0803074624240398
1776179947532067000,21.24706713867188,0.0527472553253173,-0.0160065474271774,0.0524252568293362
1776179947542000400,21.25700048828125,0.0753904642879962,-0.0287181449621915,0.061620736002177
1776179947551933200,21.26693310546875,0.0603264584079384,-0.0118885907143354,0.0963303033988922
1776179947561865200,21.276865234375,0.0396028193309903,0.0242675952941179,0.0828385883368551
1776179947571798000,21.286798095703126,0.0054082887843251,0.0332686478734016,0.0952743646051734
1776179947581731000,21.29673095703125,-0.0256806769624352,0.0274701907277107,0.0982687971808016
1776179947591664000,21.3066640625,-0.050493046657741,0.0200274735063314,0.0981829455282539
1776179947601596200,21.31659619140625,-0.0111629067882895,0.0075257193297147,0.0952553676437586
1776179947611529200,21.326529296875,0.0152267952263355,-0.013461539119482,0.0931124373309314
1776179947621462000,21.3364619140625,0.0248234756112098,-0.0280552971392869,0.0630803602259606
1776179947631395000,21.34639501953125,0.0226677588820457,-0.0235012870967388,0.0539273319553583
1776179947641328000,21.356328125,0.0962029506921768,-0.0129997668266296,0.0904519859500229
1776179947651260200,21.36626025390625,0.0906590528294444,0.0296042801469564,0.1292320907212793
1776179947661193200,21.376193115234376,-0.0360544791996479,0.0235913034677505,0.0626211452163755
1776179947671126000,21.3861259765625,-0.0362450333356857,0.0217974057883024,0.0699498806692659
1776179947681059000,21.39605908203125,-0.0376721435293555,0.0594552285313606,0.0656157239224761
1776179947690991000,21.4059912109375,-0.0334080563440918,0.0594914688885211,0.0573755727130919
1776179947700924200,21.415924072265625,-0.0953214916825294,0.086006550848484,0.0829383954495191
1776179947710857200,21.42585717773437,-0.1203565642178058,0.0727834966599941,0.0546516276419162
1776179947720790300,21.43579028320313,-0.1401499367073178,0.0389817648231983,0.0623015578731894
1776179947730723000,21.44572314453125,-0.1221817338183522,0.0074742814034223,0.1361350019775331
1776179947740655000,21.45565502929687,-0.1249494449660181,-0.0177682964026927,0.1811929449092596
1776179947750588200,21.465588134765625,-0.1192594166308641,-0.0336181919634342,0.1708157816711813
1776179947760521200,21.47552124023437,-0.094531510348618,-0.0670943451076745,0.1436520265441387
1776179947770454300,21.48545434570313,-0.0400853421509265,-0.0545884992778301,0.1149517094995826
1776179947780386300,21.49538623046875,0.0246858207061886,-0.0562836127579212,0.0852400234553962
1776179947790319000,21.50531909179688,0.1034019222855568,-0.0540671057522296,0.0492312100283801
1776179947800252200,21.515252197265625,0.1415945825576782,-0.0324386267900466,0.0350358036763966
1776179947810185200,21.52518530273437,0.1147062833711504,-0.0264238965451717,0.0115925303772091
1776179947820118300,21.5351181640625,0.064310851868987,-0.0261988556176424,0.0262409411936998
1776179947830050300,21.54505029296875,0.00876549025774,-0.0213864868998527,0.0754403678443282
1776179947839983000,21.55498315429688,-0.1051221702069044,-0.0091004213005304,0.1106441484987735
1776179947849916200,21.564916259765624,-0.1976373722970485,0.0019645780712366,0.1175000057429075
1776179947859849200,21.57484912109375,-0.2424006431311368,0.0049415480554103,0.1292366207659244
1776179947869781200,21.58478125,-0.2249301606312394,0.0156903210848569,0.1289026395712047
1776179947879714300,21.59471435546875,-0.1832359219789505,0.0086585227519273,0.0965902695093303
1776179947889647400,21.6046474609375,-0.1097334633946418,-0.0022884031981229,0.0771132694926112
1776179947899580200,21.614580078125,-0.0519531823381781,0.0010708441019058,0.074072367426753
1776179947909513200,21.62451318359375,-0.002142857247591,0.0028968904852867,0.0708040863458067
1776179947919445200,21.6344453125,0.0529132595419883,-0.0160801971852779,0.0267333278205245
1776179947929378300,21.64437841796875,0.0722156336441636,0.00255494517982,0.0253505682252347
1776179947939311400,21.65431127929688,0.0642167438447475,0.0139665660321712,0.05137852425538
1776179947949244200,21.664244140625,0.0580126285076141,0.0001250876843929,0.1059764489486813
1776179947959176200,21.67417626953125,0.0203951377749443,-0.0074321958273649,0.1033109560664743
1776179947969109200,21.684109130859376,0.0014651041164994,-0.0112152214974164,0.0866059049811214
1776179947979042300,21.694042236328126,0.0026502222478389,-0.0206651868879795,0.0951974269114434
1776179947988975400,21.70397534179688,-0.0252136439725756,-0.0305763400495052,0.0874091841880232
1776179947998907400,21.713907470703123,-0.0351788654088974,-0.0346738384962081,0.0892257320906966
1776179948008840400,21.72384033203125,-0.0208577868506312,-0.0250485165387392,0.0908709420144558
1776179948018773200,21.733773193359376,-0.0080456515505909,-0.0049678515404462,0.1051277231648564
1776179948028706300,21.74370629882813,0.000691781656444,-0.0095358901083469,0.0798145643405616
1776179948038639400,21.75363940429688,0.0187555538743734,-0.0178016141504049,0.0800066528465598
1776179948048571400,21.7635712890625,0.0131362526878714,-0.0013449848681688,0.081212448439747
1776179948058504400,21.77350439453125,-0.0390104063957929,-0.0005114566534757,0.0984988065443932
1776179948068437200,21.783437255859376,-0.0614715367898345,0.0152794021964073,0.1149495906077325
1776179948078370300,21.79337036132813,-0.0661515112996101,0.045233810955286,0.1202799918502569
1776179948088302300,21.80330224609375,-0.057223816217482,0.0293792392194271,0.096494480984658
1776179948098235400,21.8132353515625,-0.0551429182901978,0.0172340433955192,0.1142439996216446
1776179948108168400,21.82316845703125,-0.003381166870892,0.0320493352115154,0.098582247044146
1776179948118101200,21.83310131835937,0.0196302908822894,0.0458767850339412,0.0880697669886052
1776179948128034300,21.84303442382813,-0.0050137365087866,0.0681657737314701,0.077052186955139
1776179948137966300,21.85296630859375,-0.0640884412899613,0.0479676198333501,0.0995688469287008
1776179948147899400,21.8628994140625,-0.081767305843532,0.0502946014761924,0.1035652961537241
1776179948157832400,21.87283251953125,-0.066780164591968,0.0489811807900667,0.1134462733726948
1776179948167765500,21.882765625,-0.0597124181628227,0.0310568170428276,0.1176938478145748
1776179948177697300,21.892697265625,-0.0791328656867146,0.0142412913203239,0.1208905980292707
1776179948187630300,21.90263037109375,-0.0652221214950084,0.0008054711639881,0.1422037274319678
1776179948197563400,21.9125634765625,-0.0584966126322746,0.0055693245649337,0.1643297075875103
1776179948207496400,21.922496337890625,-0.0155129186913371,-0.0126969844877719,0.1454475316587835
1776179948217429500,21.93242944335937,-0.0030886136651039,-0.0324906492382287,0.1718297810193151
1776179948227361300,21.942361328125,-0.0010319733962416,-0.0351940629780292,0.1499156169835478
1776179948237294000,21.952294189453124,0.020348960545659,-0.0612403583824634,0.1494748144134879
1776179948247227100,21.96222705078125,0.0386751830920577,-0.0632680648177862,0.1459025819499045
1776179948257160200,21.97216015625,0.0634755700886249,-0.0680664050102233,0.1248274260215461
1776179948267092200,21.98209228515625,0.0671449062511324,-0.0850847598284482,0.116751233202219
1776179948277025300,21.992025390625,0.0938128406852483,-0.0871843624562025,0.1146685086440294
1776179948286958300,22.001958251953123,0.0962330535694956,-0.078533438488841,0.0650542906474322
1776179948296891100,22.01189111328125,0.0643365708321332,-0.0618126053124666,0.0443443147696554
1776179948306824200,22.02182421875,0.0531204725518822,-0.0490630138546228,0.0203757754873484
1776179948316756200,22.031756103515622,0.0278819863989949,-0.0331014746129512,0.0207286075130105
1776179948326689300,22.041689208984376,0.0344715939223766,-0.0231774619698524,0.0158423698414117
1776179948336622300,22.051622314453127,0.0406923681333661,0.0114461076438426,0.0007025953114032
1776179948346555100,22.06155517578125,0.0086658292755484,-0.0019382745862007,-0.0013267185591161
1776179948356487200,22.071487060546875,0.0052744332715868,0.0126239192515611,-0.0155585844639688
1776179948366420200,22.081420166015626,0.014903262360394,0.0240934077709913,-0.0122765671186149
1776179948376353300,22.091353271484376,0.0016693945169448,0.0046405192822217,-0.0035127573613077
1776179948386286300,22.101286376953126,-0.0028358079478144,-0.0127554366767406,0.0044224926173686
1776179948396219100,22.11121923828125,-0.0151657126888632,-0.0018020809859037,0.0324781550828367
1776179948406151200,22.121151123046875,-0.0183875973448157,-0.0342073900282383,0.0291895618662238
1776179948416084200,22.131084228515626,-0.0108145317420363,-0.0452507620900869,0.0170952194467186
1776179948426017300,22.141017333984376,0.0199956170633435,-0.02870236287117,0.021332857016474
1776179948435950300,22.150950439453126,0.0411246220707893,-0.0254424842923879,0.0121423462796956
1776179948445882400,22.16088232421875,0.0384834599122405,-0.0047363808721303,0.0012729425452649
1776179948455815400,22.1708154296875,0.0394563965976238,-0.00856032307446,0.0031908319305628
1776179948465748200,22.180748291015625,0.0483063502684235,0.0121890349656343,0.0502875872135162
1776179948475681300,22.190681396484376,0.0189709501907229,0.0347743762612342,0.0770119280099868
1776179948485614300,22.2006142578125,-0.02551321144104,0.0180015206366777,0.0852201497111469
1776179948495546400,22.21054638671875,-0.0507137036710977,0.048510640668869,0.0938123292285948
1776179948505479400,22.2204794921875,-0.0291465995073318,0.0540431403547525,0.1257681409377604
1776179948515412200,22.230412109375,-0.0319932211101055,0.0610994886070489,0.1559920873530209
1776179948525345300,22.24034521484375,-0.0214539991781115,0.0910638342380523,0.1747831509321928
1776179948535277300,22.25027734375,-0.0112134679317474,0.0818079301148653,0.1476996214345097
1776179948545210400,22.26021044921875,0.0030056115567684,0.0894341872096061,0.1375927995704114
1776179948555143400,22.27014331054687,0.0318228329792618,0.0920914237201213,0.1298396281603723
1776179948565076200,22.280076171875,0.0910465908423066,0.0681283643305301,0.1250699295405298
1776179948575008500,22.290008544921875,0.1402118960276246,0.0550859274059534,0.1079663806568831
1776179948584941300,22.29994140625,0.165961254312098,0.0228770177185535,0.1228214930266141
1776179948594874400,22.309874267578124,0.1555602718070149,0.0010112228691577,0.1151597262270748
1776179948604807400,22.31980737304687,0.1420809047698974,-0.0276730198234319,0.1182278816260397
1776179948614740500,22.329740478515625,0.1340942899301648,-0.0378372709631919,0.1553020592622458
1776179948624672500,22.339672607421875,0.1122799330070614,-0.0516483541727066,0.1581982190951704
1776179948634605300,22.349605224609373,0.0540612605333328,-0.0810059660822153,0.1472828573271632
1776179948644538400,22.359538330078124,-0.0007315291449427,-0.0958843862622976,0.1226661563344299
1776179948654471400,22.36947143554688,-0.0397109558805823,-0.0780102913975715,0.1464540052875876
1776179948664404500,22.379404541015624,-0.0764019794180989,-0.0568798250854015,0.1566841612704098
1776179948674336300,22.389336181640623,-0.0896305865645408,-0.0689905341178178,0.1099925527222454
1776179948684269300,22.399269287109377,-0.0800260151341557,-0.0821346778512001,0.0771995595365762
1776179948694202000,22.4092021484375,-0.0992807507023215,-0.0598246463656425,0.1216418547879904
1776179948704135400,22.41913549804688,-0.0645449528858065,-0.0343979441642761,0.1222411358553916
1776179948714067200,22.42906713867188,-0.0482557891249656,-0.0213479084551334,0.1317832365088164
1776179948724000300,22.439000244140622,0.0069660396203398,-0.0064250646114349,0.0978104589540511
1776179948733933300,22.448933349609376,0.0051662967219948,0.0038186815053224,0.1009210652552545
1776179948743866000,22.4588662109375,0.0275371184840798,0.017931962531805,0.1059549677692353
1776179948753798100,22.468798095703125,0.0394566888585686,0.0400765743225812,0.1111318589504808
1776179948763731200,22.478731201171875,0.0556473606809973,0.0375286434054374,0.1052731229849159
1776179948773664300,22.488664306640626,0.0122740829005837,0.0449883117616176,0.083102646100521
1776179948783597300,22.498597412109376,0.0170338446483016,0.040959202376008,0.0990935575671494
1776179948793530000,22.508530029296875,0.0486740145370364,0.0642576603770256,0.0812740424338728
1776179948803462100,22.518462158203125,0.0377118910178542,0.0820008223384618,0.0872082547884434
1776179948813395200,22.528395263671875,0.0085302201971411,0.0426005398422479,0.0758688954547047
1776179948823328300,22.538328369140626,-0.0400979093715548,0.0529191047608852,0.0858121973201632
1776179948833261300,22.54826123046875,-0.0200339032471179,0.0494482137799262,0.1158092031117528
1776179948843193300,22.558193359375,0.0228662040635943,0.0514431869894266,0.1257270052097737
1776179948853126400,22.56812646484375,0.0537222378373146,0.0446124641865491,0.1333751088101416
1776179948863059200,22.57805908203125,0.0653717590987682,0.0213268656671047,0.1175686870649456
1776179948872992300,22.5879921875,0.1015688616394996,0.0130769237160682,0.1140231234125793
1776179948882925300,22.59792529296875,0.1385702663004398,0.0257078572303056,0.1307469522636383
1776179948892857300,22.607857421875,0.1134478077426552,0.0160509710907936,0.1215688626170158
1776179948902790400,22.617790283203124,0.0512964719951152,-0.0038923312634229,0.0934783480338752
1776179948912723200,22.62772314453125,-0.0201297648370265,0.001154430732131,0.0991123353328555
1776179948922656500,22.637656494140625,-0.0582812163159251,-0.0062789341390132,0.10925663966313
1776179948932588500,22.647588623046875,-0.042343057949841,-0.0008270984739065,0.1167264640871435
1776179948942521600,22.657521484375,-0.0329667423173785,-0.0519827006936073,0.1121031151354312
1776179948952454700,22.66745458984375,-0.0436190692350268,-0.0394014515399932,0.1046297835800796
1776179948962387500,22.67738745117187,-0.0340928237378597,-0.0168722243458032,0.1488151814609765
1776179948972320500,22.687320556640625,0.0194040809109807,-0.0103700028449296,0.1526909269157797
1776179948982252500,22.69725244140625,0.0535191164806485,-0.0095709614217281,0.1430428816698491
1776179948992185600,22.707185546875,0.0530468227937817,-0.0324164149582386,0.1076408750295639
1776179949002118700,22.71711865234375,0.0440577529132366,-0.01391279001832,0.1160473957818001
1776179949012051500,22.72705151367187,0.0283247617304325,0.0272299522310495,0.1382569625675678
1776179949021983700,22.736983642578124,0.0079977207556366,0.0259445885956287,0.1171202857103198
1776179949031916500,22.74691650390625,-0.0076326868355274,0.0058855509072542,0.1174851004347205
1776179949041849600,22.756849609375,-0.0243655027106404,0.0262093770116567,0.1238438948769122
1776179949051782700,22.76678271484375,-0.0148261054709553,0.0098065237432718,0.1169870147194713
1776179949061715700,22.7767158203125,-0.0111447866097092,0.034776714348793,0.1274209496460855
1776179949071647700,22.786647705078124,0.0181590492859482,0.0390448931872844,0.1229005496121943
1776179949081580500,22.79658056640625,0.047063364470005,0.0289794262468814,0.1078762912206351
1776179949091513600,22.806513671875,0.082323186160624,0.0183487266391515,0.0821633924890309
1776179949101446700,22.81644677734375,0.0979912954136729,0.0224865570962429,0.0928404154565185
1776179949111378400,22.82637841796875,0.091060619367659,0.0127969377309083,0.0742067343961447
1776179949121311700,22.836311767578124,0.0784542357727885,0.022814473876357,0.0922516557831317
1776179949131244500,22.84624462890625,0.0609212094306945,0.0319020356953144,0.0974476900562644
1776179949141177600,22.856177490234376,0.0416597518607974,0.0358276847064495,0.0985056746765971
1776179949151110700,22.866110595703127,0.014166472518444,0.0122755442053079,0.0635236470140516
1776179949161042400,22.87604248046875,0.0175672208726406,0.0155336692184209,0.0604804068606346
1776179949170975500,22.8859755859375,0.0096714991867542,0.0042366146564483,0.0711007312048226
1776179949180908500,22.895908447265622,0.0262502935439348,0.0181628486782312,0.0956700859244912
1776179949190841300,22.90584130859375,0.0129024439319968,0.0374736983478069,0.0969255658783018
1776179949200773400,22.9157734375,0.007250994041562,0.0335556481212377,0.0981147756628692
1776179949210706400,22.92570654296875,-0.0003311316505074,0.0409679702043533,0.0670652651436626
1776179949220639500,22.935639404296875,0.0316793328553438,0.0326081381380558,0.0458035006020218
1776179949230572500,22.945572509765626,0.0407420524939894,0.0264706582963466,0.0455927804607897
1776179949240505300,22.95550537109375,0.028168986646831,0.0203209034949541,0.0488004173956811
1776179949250437400,22.96543725585937,0.0281520355120301,0.0431073203206062,0.0551657146438956
1776179949260370400,22.975370361328125,0.0436366048917174,0.0773386757463216,0.0832809983421117
1776179949270303500,22.985303466796875,0.0317895152315497,0.0820505066990852,0.0731514531895518
1776179949280236500,22.995236572265625,-0.0018646248281002,0.0655091217428445,0.0360019452948123
1776179949290168600,23.00516845703125,-0.0297290755704045,0.0983645126402378,0.0438294240500777
1776179949300101600,23.0151015625,-0.0372717460349202,0.0957943698912859,0.0889455269098281
1776179949310034400,23.025034423828124,-0.0388674907937645,0.1072673655420541,0.098922584914416
1776179949319967500,23.034967529296875,-0.0427905094563961,0.1424392166882753,0.103287648256123
1776179949329900500,23.044900634765625,-0.0303112593725323,0.1319949795633554,0.1085360703036189
1776179949339832600,23.05483251953125,0.0327554376542568,0.1441039350301027,0.0967227367825806
1776179949349765600,23.064765625,0.0811877523899078,0.1265320379823446,0.0906990925788879
1776179949359698400,23.074698486328124,0.1429141407236456,0.0922264482766389,0.0904939984608441
1776179949369631500,23.084631591796875,0.1823810587152838,0.0901619169622659,0.0825926507517695
1776179949379563500,23.0945634765625,0.2259793774232268,0.0667243427515029,0.0580969457902014
1776179949389496600,23.10449658203125,0.1961427498251199,0.0417974067658185,0.0561403318297117
1776179949399429600,23.1144296875,0.1568503116175532,0.0206640178442001,0.0284786371178925
1776179949409362400,23.124362548828124,0.1036973981007933,-0.0024310265392065,0.0244040080901235
1776179949419295500,23.13429541015625,0.0274418414160609,-0.0260971488088369,0.047191959285736
1776179949429227500,23.1442275390625,-0.0152037066116929,-0.0278442847371101,0.0556559823788702
1776179949439160600,23.15416064453125,-0.0400567005783319,-0.0278103824675083,0.0548097408130764
1776179949449093600,23.16409375,-0.0480514987245202,-0.0394172336310148,0.0466660357154905
1776179949459026700,23.174026611328124,-0.0292100201323628,-0.0086842417150735,0.019696707182005
1776179949468958700,23.18395874023437,-0.0293462137326598,0.0103892920672893,0.0085875764075666
1776179949478891500,23.1938916015625,-0.0261710908278822,0.0268605343967676,-0.0073939096435904
1776179949488824600,23.203824462890623,-0.0350809579923748,0.0225303962379694,0.0004514700945466
1776179949498757600,23.213757568359377,-0.0344224940836429,0.0160252521276474,-0.0102757486902177
1776179949508690700,23.223690673828123,0.0102604049906134,0.0386836586594581,-0.0025065029282122
1776179949518622700,23.233622802734377,-0.0491243886530399,-0.002670680513978,-0.0246280261043459
1776179949528555500,23.24355541992188,-0.0074684361845254,0.0345475817680358,-0.0495707441810518
1776179949538488600,23.253488525390622,0.0404758027732372,0.0477168599426746,-0.0545136804759502
1776179949548421600,23.263421630859376,0.0168117263302206,0.024496727874875,-0.0931523309499025
1776179949558353700,23.273353759765627,0.0698398444235324,0.0609814151853322,-0.0676351739861071
1776179949568286700,23.28328662109375,0.0219429517388343,0.0310603241741657,-0.1157209403064101
1776179949578219800,23.2932197265625,-0.0096273677840828,0.0548147092491388,-0.1136670765165239
1776179949588152600,23.303152587890622,-0.0299792509391903,0.0440863944858312,-0.1157567422721534
1776179949598085600,23.313085693359376,-0.0079985975384712,0.0400637148410081,-0.1069599800933152
1776179949608017400,23.32301733398437,0.0249634686037898,0.0282189632683992,-0.1066327209003269
1776179949617950500,23.332950439453125,0.0375473481059074,0.0165057291209697,-0.1269306088458746
1776179949627883500,23.342883544921875,0.0556920766055583,-0.0052583589196205,-0.1202544920828193
1776179949637816600,23.352816650390626,0.0866226369202137,0.0030453590452671,-0.0971677771363407
1776179949647748400,23.362748291015624,0.0609676789209246,-0.0217728558689355,-0.0965104092061519
1776179949657681400,23.37268139648437,0.0342690570876002,-0.0345738852530717,-0.0982858213808387
1776179949667614500,23.382614501953125,0.0256476514756679,-0.0313005626708269,-0.1135039218440651
1776179949677547500,23.392547607421875,0.0230292856708169,-0.0044382747083902,-0.0922394538886845
1776179949687480600,23.40248046875,0.0140299866572022,-0.0147042326569557,-0.1194631955746561
1776179949697412600,23.41241259765625,-0.0232251005038619,-0.02292085686028,-0.0911246245145797
1776179949707345400,23.42234545898437,-0.045772740137577,-0.0027016601741313,-0.0834011906556785
1776179949717278500,23.432278564453124,-0.0565752891808748,0.0165197576463222,-0.0611138093933463
1776179949727211500,23.44221142578125,-0.0690530779600143,0.0469996515840291,-0.0504785797409713
1776179949737143600,23.4521435546875,-0.0556771712973713,0.0551852961272001,-0.0610468085717409
1776179949747076600,23.46207666015625,-0.0580658199995756,0.0492582441657781,-0.0702355657428503
1776179949757009400,23.47200952148437,-0.0193652102053165,0.0471761771947145,-0.0572840219721198
1776179949766942500,23.4819423828125,-0.002653729379177,0.0602314736008644,-0.0641319881707429
1776179949776875500,23.49187548828125,0.0213879482045769,0.0537578936725854,-0.063901175089553
1776179949786807600,23.5018076171875,0.0098179219201207,0.0367599971204996,-0.0713868546698242
1776179949796740600,23.51174072265625,0.0111944709703326,0.0290086523413658,-0.1122843169212341
1776179949806673400,23.52167333984375,0.0090197572797536,0.0095201080173254,-0.102848891512677
1776179949816606500,23.5316064453125,0.0276712662577629,0.0087269118130207,-0.1183533346366137
1776179949826538500,23.54153857421875,0.0472521650403738,0.0247919114291667,-0.1113591649003326
1776179949836471600,23.55147143554688,0.0930722514510154,0.0101408702641725,-0.0832965612374246
1776179949846404600,23.561404541015627,0.0269683786854147,0.0008235913425683,-0.0476413104884326
1776179949856337700,23.571337646484373,0.022646716094017,-0.0209007492095232,-0.1195540156632661
1776179949866270500,23.5812705078125,0.0272232302293181,-0.0260492180138826,-0.081668156317994
1776179949876202500,23.59120239257813,0.042607846365869,-0.032928456133604,-0.086040160857141
1776179949886135600,23.60113549804688,0.0575365354284644,-0.0307569573134183,-0.0761309073917567
1776179949896068600,23.611068603515623,0.0330722485184669,-0.0418055900722742,-0.0784784203659743
1776179949906001700,23.621001708984377,0.0480707879468798,-0.0467208346426486,-0.0546712091252207
1776179949915933700,23.63093359375,0.0252402397185564,-0.0422077411323785,-0.053581002735719
1776179949925866200,23.6408662109375,0.003722527654469,-0.0141010060667991,-0.0359554758045822
1776179949935799000,23.650799072265624,0.0280865690603852,-0.0057405894786119,-0.0317664996821433
1776179949945732000,23.66073217773437,0.0396022348091006,0.0027332243561744,-0.0155452865909785
1776179949955665200,23.6706650390625,0.0821262022837996,0.0090057287544012,0.0054928983278572
1776179949965597200,23.68059716796875,0.1132458554297685,0.0052671267479658,-0.010236001201719
1776179949975530200,23.6905302734375,0.1126084343090653,0.0297492415755987,0.0020228841297328
1776179949985463000,23.700463134765624,0.1079275830164551,0.0337479558229446,0.0081493311207741
1776179949995396000,23.71039599609375,0.0872092046365141,0.046240942171216,0.0412300552066415
1776179950005328000,23.720327880859376,0.0725634241685271,0.0368774860203266,0.0125044575903564
1776179950015261000,23.73026098632813,0.0643222500458359,0.0197825588345527,0.0195498460572212
1776179950025194200,23.7401943359375,0.0940586321398615,0.0060690907806158,0.0591200052276253
1776179950035127000,23.750126953125,0.1091249761074781,0.0080073653668165,0.0656987260308116
1776179950045060000,23.76006005859375,0.0994549382254481,-0.0007961188137531,0.0511233073852956
1776179950054992000,23.769991943359376,0.0866658915400505,-0.0145125094771385,0.030373876279965
1776179950064925000,23.77992504882813,0.0837558493122458,-0.0272492414534091,0.0176405783697962
1776179950074858000,23.78985791015625,0.0545598577052354,-0.0298030175894498,0.0011265198118984
1776179950084791000,23.799791015625,0.0694996526837348,-0.007219429859519,-0.0039428924068808
1776179950094723000,23.80972314453125,0.0838528799459338,0.0073415949344635,-0.0264275498069822
1776179950104656000,23.81965576171875,0.0928933877527713,-0.000520224481821,-0.0737125942036509
1776179950114589000,23.8295888671875,0.0963663245603442,0.0226338566124439,-0.0878583161950111
1776179950124522000,23.83952197265625,0.1049099887609481,0.0908750336676836,-0.0144718852058053
1776179950134455000,23.849455078125,-0.0812523420587182,0.0452390716522932,-0.0708516518145799
1776179950144387000,23.859386962890625,-0.0885012902736663,0.0684223788410425,-0.1204614858970046
1776179950154320100,23.86932006835937,-0.1129743450120091,0.0621323387861251,-0.0547137330926954
1776179950164253000,23.8792529296875,-0.0633838001519441,0.0588806435137987,-0.043201866736263
1776179950174186000,23.88918603515625,-0.0195274150297045,0.0497913281291723,-0.0021755904734134
1776179950184118000,23.89911791992188,0.010678922663629,0.0155891987979412,-0.0501430641762912
1776179950194051000,23.909051025390625,0.0300654679179191,0.0178436997264623,-0.0120689157173037
1776179950203984100,23.91898413085937,0.0348044791385531,-0.0017155717462301,-0.0487104010246694
1776179950213917000,23.9289169921875,0.0232160404145717,0.0038408933371305,-0.0268621418319642
1776179950223850000,23.93885009765625,0.0163023155033588,0.0019949732095003,-0.0508452210962772
1776179950233782000,23.94878198242188,0.0112193131506443,-0.0180067813336849,-0.040593583934009
1776179950243715000,23.958715087890624,0.0305678644821047,-0.0321972192496061,-0.0439846876770257
1776179950253648100,23.96864819335937,0.016285072107613,-0.0471790998041629,-0.0134692840345203
1776179950263581000,23.97858081054688,0.036250001771748,-0.0463315430641174,0.006932137350738
1776179950273514000,23.988513916015624,0.0141176649406552,-0.0688046561568975,0.0031229543261229
1776179950283446000,23.99844604492188,-0.0326499314531683,-0.0672200173139572,-0.017141104415059
1776179950293379000,24.008379150390624,-0.0412941334187984,-0.055759881144762,0.0133802905768156
1776179950303312100,24.01831201171875,-0.0291115281939506,-0.0225298117160797,0.0110994861632585
1776179950313245200,24.0282451171875,-0.0180173027276992,-0.0365396323680877,0.0043536651648581
1776179950323177200,24.03817724609375,-0.0201850021556019,-0.0287041164368391,0.0024886019453406
1776179950333110000,24.04811010742188,-0.0207961197912693,-0.0054115036547183,-0.0037891631498932
1776179950343043000,24.05804296875,-0.0251800339639186,0.0200906018704175,-0.0055935822233557
1776179950352976100,24.06797607421875,-0.0221846515402197,0.0111316348671913,0.0099969317488372
1776179950362908200,24.077908203125,-0.0193690095975995,0.0152981068968772,0.0087580376036465
1776179950372841200,24.08784130859375,0.0128621119216084,0.0069382748305797,0.0220481656789779
1776179950382774000,24.09777392578125,0.0201394094482064,0.005723638343811,0.0379043448500335
1776179950392707000,24.10770703125,0.0032861820638179,0.0006155015498399,0.0489089923366904
1776179950402640100,24.11764013671875,-0.0147284903153777,-0.0006792144358158,0.0296557180732488
1776179950412572200,24.127572265625,-0.0022726211071014,0.000257189631462,0.0108227150484919
1776179950422505200,24.13750512695313,0.003345803296566,-0.0001624970853328,0.0186173144474625
1776179950432438000,24.14743798828125,0.0079272858679294,-0.0114116208523511,0.0195041802845895
1776179950442371000,24.15737109375,0.0114823480010032,-0.0011743044763803,-0.0047637072704732
1776179950452304100,24.16730419921875,-0.005484861151874,-0.0310422039955854,-0.0105104342289268
1776179950462236200,24.177236083984376,-0.0113178050890564,-0.019146014496684,-0.0189468386627733
1776179950472169200,24.18716918945313,-0.0169496734961867,-0.0342921457022428,-0.0262234055370092
1776179950482102300,24.19710229492188,0.0137622756317257,-0.0295949277967214,-0.052914866977185
1776179950492035000,24.20703515625,0.0230465290665626,-0.0198176301479339,-0.0368276555292308
1776179950501966800,24.216966796875,-0.0009948562562465,-0.0020879121899604,-0.0335324133761227
1776179950511900000,24.22689990234375,-0.0218643335446715,0.0027425767064094,-0.0485506804183125
1776179950521833000,24.2368330078125,-0.0253913386270403,-0.0026759412109851,-0.0416740726470947
1776179950531766000,24.24676611328125,0.0396758845672011,0.0319844532817602,0.0338539004154503
1776179950541698800,24.25669873046875,-0.0769289259016513,-0.013189151918888,-0.0207855983972549
1776179950551630800,24.266630859375,-0.0693070527210831,0.000236731365323,-0.0598125175364315
1776179950561564000,24.27656396484375,-0.0823445212095975,-0.00033551556468,-0.0112583299867808
1776179950571497000,24.2864970703125,-0.0671373074665665,0.0134492641597986,-0.0145342829175293
1776179950581430000,24.296429931640624,-0.0685655867040157,0.0043400750309228,-0.0372683850340545
1776179950591362000,24.30636206054688,-0.0306155030161142,0.0099532387375831,-0.0527364416703581
1776179950601295000,24.316295166015625,-0.0041173721909523,0.0111538466989994,-0.0440624290883541
1776179950611228000,24.326227783203127,0.0141240946814417,0.0110457101494073,-0.0567336946129798
1776179950621161000,24.33616088867188,0.0029901217266917,0.0235398655414581,-0.0615735358595848
1776179950631094000,24.346093994140624,0.0112426940262317,0.0244616565614938,-0.0785877990245819
1776179950641026000,24.35602612304688,0.0260813667178154,0.022961773392558,-0.0815844966225326
1776179950650959000,24.365958984375,0.0022711598023772,0.0538262827336788,-0.0616195669583976
1776179950660892000,24.375891845703126,-0.0147410575360059,0.0604062456458806,-0.0546412523783743
1776179950670825000,24.38582495117188,-0.0412160997465252,0.0636100101232528,-0.0565576073937118
1776179950680757000,24.395757080078123,-0.0064642275780439,0.0500058476626873,-0.0191277481876313
1776179950690690000,24.40568994140625,0.0238476163163781,0.0513075779110193,-0.0188593065097928
1776179950700623000,24.415623046875,0.0341737800195813,0.0589665682315826,-0.0002056055746972
1776179950710556000,24.42555590820313,0.0171978030383586,0.048989948618412,0.0094889822266995
1776179950720489000,24.43548901367188,-0.0012631518036127,0.031432664617896,0.0060664604321122
1776179950730421000,24.4454208984375,-0.0208873052060604,0.0269663328588008,0.0151785721704363
1776179950740354000,24.45535400390625,-0.0091892686277627,0.0361836585372686,0.0415193204768002
1776179950750287000,24.465287109375,0.0084019176423549,0.0074555767029523,0.0272261528387665
1776179950760220200,24.47522021484375,0.0255015210032463,0.0095265377581119,0.0151643975146114
1776179950770152200,24.485152099609376,0.043976796631515,0.0299666837185621,0.0157546184927225
1776179950780085000,24.4950849609375,0.0188633981630206,0.02652034265697,0.0549393585421144
1776179950790018000,24.50501806640625,-0.0269435365051031,0.0330658187776803,0.0516064147271215
1776179950799951000,24.514951171875,-0.0645028673097491,0.0266658886075019,0.0829120919644832
1776179950809884200,24.52488427734375,-0.0749710698321461,0.0344306773900985,0.111290337447822
1776179950819816200,24.534816162109376,-0.0685565266147255,0.0466150361806154,0.120596802714467
1776179950829749000,24.5447490234375,-0.0461693382397294,0.0397930812060833,0.1039659859091043
1776179950839682000,24.55468212890625,-0.0185293439030647,0.0232283153742551,0.068847472385317
1776179950849615000,24.56461499023437,0.003479951070249,0.0323626389443874,0.0553995233997702
1776179950859547100,24.574547119140625,0.0140741180598735,0.0489455249547958,0.0663970104932785
1776179950869480200,24.584480224609376,0.0021808511704206,0.0733271020174026,0.0482534510374069
1776179950879413200,24.59441333007813,-0.0071501640155911,0.0846241565793752,0.0960743558764457
1776179950889346000,24.604345947265625,0.0148971248805522,0.0900432590186595,0.1066273140728473
1776179950899279000,24.61427905273437,0.043059097264707,0.0989531261831521,0.1124303012631833
1776179950909211100,24.624211181640625,0.0644353550314903,0.0632248101979494,0.1240453357331454
1776179950919143700,24.634143798828124,0.0493672574982047,0.027568390405178,0.0977384896963834
1776179950929076700,24.64407666015625,0.053083647672832,-0.0191682263284921,0.0658900838844478
1776179950939009800,24.654009765625,0.0375122767925262,-0.0441705656379461,0.089731854981929
1776179950948942600,24.663942626953126,0.011700959187746,-0.0609913520574569,0.0950268926501274
1776179950958874600,24.67387451171875,-0.0276984465256333,-0.0878214913159608,0.0875568490304052
1776179950968807700,24.6838076171875,-0.0508899370208382,-0.0920201120495796,0.090868603926897
1776179950978740700,24.69374072265625,0.0080322075471282,-0.1173328324824571,0.0934527752012014
1776179950988673800,24.703673828125,0.017286650365591,-0.1132335804700851,0.0790250213980674
1776179950998605800,24.713605712890622,0.0402756040260195,-0.1114998885452747,0.0817652600169181
1776179951008538600,24.72353857421875,0.0504459926456212,-0.1134568678319454,0.096334029725939
1776179951018471700,24.7334716796875,0.0449848046302795,-0.0953612391710281,0.1033973922409117
1776179951028404700,24.74340478515625,0.0218377377986907,-0.1019891328781843,0.1537562911249697
1776179951038336800,24.753336669921875,-0.0095279990628361,-0.0952232920050621,0.1719740848608315
1776179951048269800,24.763269775390626,-0.036108255213499,-0.0848164642810821,0.1543117330506443
1776179951058202600,24.77320263671875,-0.0589054856941103,-0.0727986942291259,0.2094024827621877
1776179951068135700,24.7831357421875,-0.0353746802419424,-0.0727396575182676,0.1881580346815288
1776179951078068700,24.79306884765625,-0.0354755102679133,-0.0458931516468524,0.1991371093355119
1776179951088000800,24.803000732421875,-0.0652738516822457,-0.0442243416517972,0.2003914933107793
1776179951097933800,24.812933837890625,-0.0938248233839869,-0.034836335581541,0.2403328969463705
1776179951107867000,24.822866943359376,-0.0689130849674344,-0.0288286195993423,0.2315975826311856
1776179951117799700,24.83279956054687,-0.0538578469157218,-0.0154442373692989,0.2306113480728119
1776179951127732700,24.842732666015625,-0.0286374809414148,-0.0159095167934894,0.2050863731287419
1776179951137664500,24.85266455078125,-0.0192532742634415,-0.042281390890479,0.1672481523174792
1776179951147597800,24.862597900390625,-0.0179658648014068,-0.0404255338907241,0.1455443430967629
1776179951157531000,24.87253076171875,-0.0229895381823182,-0.0684504358917474,0.1568497270956635
1776179951167463700,24.88246362304688,-0.0605275339379906,-0.0413555082172155,0.1632316832177341
1776179951177395500,24.8923955078125,-0.0400996629372239,-0.0436263757586479,0.1889592680618166
1776179951187328500,24.90232861328125,-0.0291474762901663,-0.045274727487564,0.1753810437601059
1776179951197261600,24.912261474609377,-0.0367082669332623,-0.0309118556141853,0.1910529524054378
1776179951207194600,24.922194580078123,-0.0241091898620128,-0.0443079282820224,0.1855507017273455
1776179951217127700,24.93212768554688,-0.0027557284489274,-0.0436275448024272,0.1895539460193365
1776179951227059700,24.942059814453124,0.009836042098701,-0.0220884976893663,0.1930287825230509
1776179951236992500,24.951992431640623,-0.0081093644365668,-0.0316962839901447,0.2231120052933692
1776179951246925600,24.961925537109376,-0.0363213134422898,-0.0165291099965572,0.2487231241509318
1776179951256858600,24.971858642578123,-0.0479784334883093,-0.0268424142181873,0.2444670010764151
1776179951266790700,24.981790771484373,-0.0698494890347123,-0.0160381116092205,0.2679276639018207
1776179951276723700,24.9917236328125,-0.0653416562214493,-0.0100134444922208,0.2989362578887492
1776179951286656500,25.001656494140622,-0.088951372128725,-0.0090033906668424,0.3022859336428344
1776179951296589600,25.011589599609376,-0.1006242742657661,0.0150216280430555,0.3209578278217464
1776179951306522600,25.021522705078127,-0.1360170746862888,-0.000236731365323,0.3171002025455236
1776179951316454700,25.03145458984375,-0.1340858143627643,0.004638181194663,0.2871910942330956
1776179951326387700,25.0413876953125,-0.1121335102736949,0.0144856214702129,0.2755038713097572
1776179951336320500,25.051320556640626,-0.0651820817455649,0.0194517194449901,0.2665627322241664
1776179951346253600,25.061253662109376,-0.0176794490754604,0.0230605575919151,0.2527495301228016
1776179951356186600,25.0711865234375,-0.0131233932062983,0.0275245512634515,0.2436738048721104
1776179951366118700,25.08111865234375,-0.0268070506438612,0.1089747539818286,0.2945673951547592
1776179951376051700,25.0910517578125,0.0072150459453463,-0.065795537468791,0.1418530142981559
1776179951385984800,25.10098486328125,-0.0429953843787312,-0.0009580313771963,0.1571535323478281
1776179951395917600,25.11091748046875,-0.0101800332307815,0.0070358899861574,0.2112766791362315
1776179951405849600,25.120849609375,-0.0031599253356456,0.0213216049700975,0.2362901243615895
1776179951415782700,25.13078271484375,0.0078209028840065,0.0053168111085891,0.1825784809835255
1776179951425715700,25.1407158203125,-0.0288029006361961,-0.026757074022293,0.1746335863936692
1776179951435648800,25.150648681640625,-0.0606301175296306,-0.0146504566431045,0.1889570761047303
1776179951445580800,25.160580810546875,-0.0878746828079223,-0.0257394214123487,0.1875494743291288
1776179951455513600,25.170513671875,-0.0899181713342666,-0.0397328754514455,0.1675588987670838
1776179951465446700,25.18044677734375,-0.0838774298653006,-0.0316126973599195,0.1680964397098868
1776179951475379700,25.190379638671875,-0.0559621257185935,-0.0520499207109212,0.1827503304190933
1776179951485312800,25.200312744140625,-0.0333098566666245,-0.0736930127203464,0.1818115151990205
1776179951495244800,25.210244873046875,-0.0606198883965611,-0.1044634140372276,0.1590489907056093
1776179951505177900,25.220177734375,-0.042658115248382,-0.1075853454500436,0.121554395700246
1776179951515110700,25.230110595703124,-0.0482397147729992,-0.1006593455791473,0.114533191826567
1776179951525043700,25.24004370117187,-0.0684548198059201,-0.0689437723666429,0.1168658725578337
1776179951534976800,25.249976806640625,-0.0888970115929841,-0.0590805500000715,0.0893792421519756
1776179951544908800,25.25990869140625,-0.0988031963184475,-0.035198154631257,0.0902888312775641
1776179951554841900,25.269841796875,-0.1294903032660484,-0.0340180049359798,0.0884535056091845
1776179951564774700,25.279774658203124,-0.1503705942094326,-0.0455494527757167,0.062074763379991
1776179951574707700,25.28970776367188,-0.1668038426160812,-0.0617103139817714,0.0754252433404326
1776179951584639700,25.2996396484375,-0.1857329994916915,-0.0652326428890228,0.0808316324286162
1776179951594572800,25.30957275390625,-0.2015256119072437,-0.057052259042859,0.0890108472310006
1776179951604505900,25.319505859375,-0.211993229907751,-0.0376899714469909,0.0656808981131762
1776179951614438700,25.329438720703124,-0.2135422129154205,0.0002998597294092,0.0243357651595026
1776179951624371700,25.33937182617188,-0.1611070922791957,0.0366191273450851,0.0312551160939037
1776179951634303500,25.34930346679688,-0.096167002595961,0.0773556268811225,0.0575174654018133
1776179951644236500,25.359236572265623,-0.0319958514586091,0.1264122109949588,0.0249765472810715
1776179951654169600,25.369169677734376,0.0380476988434791,0.1513642814218997,0.0130285545296967
1776179951664103000,25.37910302734375,0.0829611918032169,0.1402799928277731,0.0291303059596568
1776179951674034700,25.38903466796875,0.1245280046835541,0.1471983939141035,0.0398657080508768
1776179951683967500,25.39896752929688,0.1420584006771445,0.1610848804473877,0.068666197534278
1776179951693900500,25.408900634765622,0.1391346221849322,0.1278764383286237,0.1131967555910348
1776179951703833600,25.41883349609375,0.1226908523842692,0.0915402195781469,0.1433696294061839
1776179951713766700,25.4287666015625,0.0892751972556114,0.0478097989231348,0.1276269205469638
1776179951723698700,25.43869873046875,0.0756023534730076,-0.005842880809307,0.1172970305167138
1776179951733631500,25.448631591796875,0.0547203089639544,-0.0660673401474952,0.1145545999407768
1776179951743564500,25.458564453125,0.0242296013712883,-0.1218149463325738,0.1027316948737949
1776179951753497600,25.46849755859375,-0.0049219665721058,-0.1841366702109575,0.0885426451973617
1776179951763429600,25.4784296875,-0.0436661232471466,-0.2297913369268178,0.1022015335198491
1776179951773362700,25.48836279296875,-0.0844587368845939,-0.2877022586256265,0.0884886499878019
1776179951783295700,25.498295654296875,-0.1264145490825176,-0.3114724257916212,0.0641312575183808
1776179951793228500,25.508228515625,-0.1975496940135955,-0.3577630523234605,0.0757755911480635
1776179951803161600,25.51816162109375,-0.2606146374747157,-0.350126858356595,0.0725400432929396
1776179951813093600,25.52809375,-0.3113599053278565,-0.3272060014963149,0.0798573075037449
1776179951823026700,25.538026611328124,-0.3317068200469016,-0.3099760497540235,0.0570120000977069
1776179951832959700,25.547959716796875,-0.3481953057721257,-0.2285854682683944,0.0405981870438903
1776179951842892500,25.557892578125,-0.2862996983513236,-0.1808276917934417,-0.0011441285338252
1776179951852825600,25.56782568359375,-0.2176812124162912,-0.1156003096014261,-0.0127541215024888
1776179951862757600,25.57775756835937,-0.1492915668010711,-0.0345247854143381,-0.0373311480719596
1776179951872690700,25.587690673828124,-0.105555593188107,0.01810907266438,-0.0355542015273123
1776179951882623700,25.597623779296875,-0.1170262507513165,0.0800835905402898,-0.0376742624212056
1776179951892556500,25.607556640625,-0.1431342132151127,0.1300987905532121,-0.0199568194229155
1776179951902488800,25.61748876953125,-0.1340457746133208,0.2190630221635103,-0.0212913559623062
1776179951912421600,25.627421630859377,-0.0960650035262107,0.284370483854413,0.0047004327759146
1776179951922355000,25.63735498046875,0.000104337157309,0.3419663482546806,0.0132562258057296
1776179951932288000,25.6472880859375,0.1138905830740928,0.3735580028265714,0.0155170103445649
1776179951942221000,25.657220947265625,0.2489844054356217,0.4000532110422849,-0.0068236354749649
1776179951952153000,25.667153076171875,0.3435375430941581,0.3576280277669429,0.0100680242236703
1776179951962086000,25.6770859375,0.4403714851662516,0.3343541196852922,0.0450202412698417
1776179951972019000,25.68701904296875,0.4940647891700268,0.3068547028630972,0.0671708444099873
1776179951981952000,25.69695190429688,0.4841162266075611,0.2080570595026016,0.0316851780742406
1776179951991884000,25.706884033203124,0.4547814110517502,0.0908504837483167,0.0188990539982914
1776179952001817000,25.716817138671875,0.3570788694515824,-0.0084568626999855,0.0339842487968504
1776179952011750000,25.72675,0.2373956744506955,-0.1389806006669998,0.0390961849831044
1776179952021683000,25.736682861328124,0.1101674708977341,-0.2529652917653322,0.0543080018360167
1776179952031616000,25.74661596679688,0.0101522684410214,-0.3146288439959287,0.0667872519198805
1776179952041548000,25.756548095703124,-0.1245931788742542,-0.3981903397798538,0.082123571935296
1776179952051481000,25.76648120117187,-0.2772141823589801,-0.4415069189369678,0.078080799350515
1776179952061414000,25.776413818359377,-0.4233467006072401,-0.4440115952342748,0.0665854457374662
1776179952071347000,25.786346923828123,-0.519493829458952,-0.4015437418609857,0.0400241865482181
1776179952081279000,25.796279052734373,-0.6084548461988568,-0.3586503565520048,0.0064183426097035
1776179952091212000,25.8062119140625,-0.6109253279656172,-0.3194739459395408,0.0184193807225674
1776179952101145000,25.81614501953125,-0.5261027262046933,-0.2534136200547218,0.005187485640496
1776179952111078100,25.826078125,-0.4227317835792898,-0.1897258685201406,0.0016057546962052
1776179952121011000,25.836010986328127,-0.3138119746550917,-0.1594347751528024,0.011016118728742
1776179952130943000,25.84594287109375,-0.2602247613742947,-0.119530050265789,0.0063686582490801
1776179952140876000,25.8558759765625,-0.2413330138996243,-0.0854155992180109,-0.0089918463595211
1776179952150809000,25.86580908203125,-0.2769204601094127,0.0011070844590663,-0.0393704718798398
1776179952160742100,25.8757421875,-0.3158382197856902,0.0698614717334508,-0.0627563889686018
1776179952170675000,25.885675048828126,-0.3151052293360233,0.1660591617286205,-0.0534952972136437
1776179952180607000,25.89560693359375,-0.2411681787267327,0.272857740715146,-0.0568330633342266
1776179952190540000,25.9055400390625,-0.1242275604322552,0.3739098850041628,-0.079888871685788
1776179952200473000,25.91547314453125,0.0060427872955799,0.4865384853184223,-0.0917424641519784
1776179952210406100,25.92540625,0.1452557354137301,0.5917810670346021,-0.0838369517244398
1776179952220338200,25.935338134765622,0.3104664636194705,0.6164630883485078,-0.0700468382377177
1776179952230271000,25.94527099609375,0.52613692073524,0.6151894151508808,-0.0855102186989039
1776179952240204000,25.9552041015625,0.7532803735017776,0.6122784961402415,-0.0531352317295968
1776179952250137000,25.96513720703125,0.895803469081223,0.5371598345309495,-0.0152856127414852
1776179952260070100,25.975070068359376,0.9740449388861656,0.4359223968029022,0.0275545810755342
1776179952270002200,25.985002197265626,0.9105565093159677,0.2858446480602026,0.0459086414769291
1776179952279935200,25.994935302734376,0.7642518493711948,0.1068541085660457,-0.0146756641495972
1776179952289868000,26.004867919921875,0.508469746619463,-0.0404027375370264,-0.0517114825367927
1776179952299801000,26.014801025390625,0.2132221871808171,-0.2102443404138088,-0.0654104106087237
1776179952309733000,26.024733154296875,-0.0312675371840596,-0.3684703242987394,-0.0662130322284996
1776179952319666200,26.034666259765626,-0.1915761725619435,-0.4661947854697704,-0.0416459425311535
1776179952329599200,26.04459912109375,-0.3369999580189585,-0.5250450338453054,0.0106393943708389
1776179952339532000,26.05453198242187,-0.3960606342747807,-0.5726642786324024,0.0308384250517934
1776179952349465000,26.064465087890625,-0.4858779755830764,-0.6436661525726318,-0.0249395032063126
1776179952359396900,26.07439697265625,-0.5988473521590233,-0.674473963290453,-0.0499712147407233
1776179952369330200,26.084330078125,-0.5421265170276165,-0.6051052435100078,-0.004624664125964
1776179952379263200,26.09426318359375,-0.5897694349512458,-0.5618213975787163,-0.0667999652709811
1776179952389196000,26.10419604492188,-0.4882642861977219,-0.4744061489760875,-0.0408426633242517
1776179952399128000,26.114128173828124,-0.3712652157142758,-0.3385392964154481,-0.0304136237684637
1776179952409060900,26.124060791015623,-0.3034861032128333,-0.2628630009233951,-0.0388414795696735
1776179952418994000,26.133993896484377,-0.2528019178971648,-0.1532189693778753,-0.056853667730838
1776179952428927000,26.143927001953124,-0.2759717810824513,-0.0575198765546083,-0.088298095851764
1776179952438860000,26.15386010742188,-0.2535100661665201,0.017238135048747,-0.0575591125864535
1776179952448792000,26.1637919921875,-0.2124880276873707,0.0747317081183195,-0.0740819389726966
1776179952458724900,26.173724853515623,-0.1822647388592362,0.1296720895737409,-0.1182350420191884
1776179952468658000,26.183657958984377,-0.1346674136430025,0.1881710402935743,-0.1582243764497339
1776179952478591000,26.193591064453123,-0.0791387109056115,0.2899292870253324,-0.1919227209772914
1776179952488523000,26.20352294921875,0.0079085811674594,0.4491203165501355,-0.2038424374822527
1776179952498456000,26.2134560546875,0.1425754102885723,0.6037625967293977,-0.1843205023452639
1776179952508389000,26.22338916015625,0.3152779555544256,0.7235866615056992,-0.1451783593285828
1776179952518322000,26.233322021484376,0.531342088162899,0.7945639855265617,-0.1409799577906727
1776179952528255000,26.2432548828125,0.7391384509027004,0.7905377987504005,-0.1033466119017452
1776179952538187000,26.25318701171875,0.9464423539504409,0.7532301046192645,-0.0747917677424848
1776179952548120000,26.2631201171875,1.031220824308693,0.652906859126687,-0.0641205169286578
1776179952558053000,26.27305322265625,0.9165434747710824,0.50414837628901,-0.0547981965057551
1776179952567986000,26.28298583984375,0.7055480237290263,0.3509942888408899,-0.0343354733873158
1776179952577919000,26.2929189453125,0.4534475320994853,0.1805944675594568,-0.0192993784274905
1776179952587851000,26.30285107421875,0.1975216369628906,0.00994037925601,-0.0207296304263174
1776179952597784000,26.3127841796875,-0.0646048663794994,-0.174566293311119,-0.0027273791372776
1776179952607717000,26.322717041015625,-0.2754550637319684,-0.3282499575912952,0.0329456995293498
1776179952617650000,26.33264990234375,-0.4564788626194,-0.4389280083596706,0.0714439186193049
1776179952627582000,26.34258203125,-0.642144057571888,-0.4848246671378612,0.0517654777463525
1776179952637515000,26.352514892578125,-0.7629024805888533,-0.500595652243495,-0.0058506257243454
1776179952647448000,26.362447998046875,-0.8376949789837003,-0.4654349070131778,-0.0589892915200442
1776179952657381000,26.372381103515625,-0.8039300720259547,-0.3841372645080089,-0.0917762202911079
1776179952667314200,26.382314208984376,-0.6301660350084305,-0.2739730084806681,-0.1659504406571388
1776179952677246200,26.39224609375,-0.4128539481654763,-0.1396276663988828,-0.1777870089232921
1776179952687179000,26.402178955078124,-0.1718964895799756,0.0156897365629673,-0.1848996174074709
1776179952697112000,26.412112060546875,-0.0172033559963107,0.1324514911592006,-0.2141083223655819
1776179952707045000,26.422045166015625,0.0645151422694325,0.2350789219409227,-0.2440586394712328
1776179952716977200,26.43197705078125,0.1309659287765622,0.3049772185534238,-0.2565240071602165
1776179952726910200,26.44191015625,0.1754044977009296,0.3611293138861656,-0.23194844189547
1776179952736843000,26.451843017578124,0.2485924835085868,0.3695160339593887,-0.160949490564689
1776179952746776000,26.46177612304687,0.3032300826251506,0.3653665130645036,-0.0729337187856435
1776179952756709000,26.471709228515625,0.2832555083498358,0.3371522259712219,-0.0238315419644117
1776179952766641200,26.48164111328125,0.2916743771269917,0.2657873639374971,-0.046870691442117
1776179952776574200,26.49157421875,0.2529530168056488,0.1949304514259099,-0.0553462588425725
1776179952786507000,26.501507080078124,0.1334349492385983,0.117937228116393,-0.052150677671656
1776179952796440000,26.51144018554688,0.0130345458790659,0.0627636224269866,-0.0417891503941267
1776179952806373000,26.521373046875,-0.1516533274963498,0.0158732764363288,-0.0364955740306526
1776179952816305200,26.53130517578125,-0.1929635352671146,-0.0629155981183052,-0.0565148642305284
1776179952826238200,26.54123828125,-0.2568015089273452,-0.0426753586441278,-0.0067347150824964
1776179952836171300,26.551171142578124,-0.2400339139997959,-0.0505325018852949,0.0320114874191582
1776179952846104000,26.56110400390625,-0.185400114275515,-0.0921709186971187,-0.0511781063124537
1776179952856035800,26.57103588867188,-0.144375737708807,-0.0862391905605793,-0.0094935853365808
1776179952865969000,26.580968994140623,-0.0493432921007275,-0.0369675023913383,-0.0211763512805104
1776179952875902000,26.59090185546875,0.0189747495830059,0.0046861119896173,-0.0220776109691709
1776179952885835000,26.6008349609375,0.0380824778959155,0.0370113415330648,-0.0525843198485672
1776179952895768000,26.61076806640625,0.0058452188968658,0.0757785868227481,-0.0630906624242663
1776179952905700000,26.6207001953125,0.0355085357546806,0.1321948860496282,-0.0760747932903468
1776179952915633000,26.6306328125,0.0587687075719237,0.1877852558463811,-0.0716887602258473
1776179952925566200,26.640566162109376,0.1014177627310156,0.2112058789223432,-0.0417576592773199
1776179952935499300,26.650499267578127,0.1344903035104274,0.2111655469119548,0.0053273325026035
1776179952945431300,26.660431396484373,0.1491962897330522,0.2059218010395765,0.0290808407947421
1776179952955364400,26.6703642578125,0.1445642460182309,0.177283735576272,0.1047428155004978
1776179952965297200,26.680297119140626,0.1213867840483784,0.1155535478502512,0.1214928747713565
1776179952975230200,26.690230224609376,0.0884746945276856,0.0326139833569526,0.1133453702814877
1776179952985163300,26.700163330078126,0.0123418874397873,-0.0444938062429428,0.0730504770331084
1776179952995095300,26.71009521484375,-0.0453632825538516,-0.1060579897522926,0.0587562864817678
1776179953005028400,26.7200283203125,-0.0782791714668273,-0.1405979727357625,0.0600596241652965
1776179953014961200,26.729961181640626,-0.0946779330819845,-0.1648509549826383,0.0555224191270768
1776179953024894200,26.739894287109376,-0.0971057447507977,-0.186176067084074,0.0554983075991272
1776179953034826200,26.749826171875,-0.0754796038761734,-0.1621779363811016,0.0322945421442389
1776179953044759300,26.75975927734375,-0.002372282089293,-0.1525391704201698,0.018717998342961
1776179953054692400,26.7696923828125,0.0543736874833703,-0.1404495041757822,0.0704788729794323
1776179953064625200,26.779625244140625,0.0941056861519813,-0.1375286482930183,0.0662174161426722
1776179953074558200,26.78955810546875,0.0880827726006507,-0.109063601309061,0.0678854954853653
1776179953084490200,26.799490234375,0.0563061168506741,-0.1040770450681447,0.0974392144888639
1776179953094423300,26.80942333984375,0.0552384876191616,-0.1041267294287681,0.1097597668796777
1776179953104356400,26.8193564453125,0.0537131777480244,-0.0958364554673433,0.1390773390397429
1776179953114289400,26.829289306640625,0.0660582800582051,-0.0913145941287279,0.1575989380277693
1776179953124222200,26.83922216796875,0.0529988919988274,-0.0986772318512201,0.1741970216073095
1776179953134154200,26.849154296875,0.0366410469159483,-0.1200730711013078,0.2033108878888189
1776179953144087300,26.85908740234375,0.0232291921570897,-0.1130091240644455,0.2332221881583333
1776179953154020400,26.86902026367187,-0.0217678874328732,-0.1179231995910406,0.2414667232818901
1776179953163953400,26.878953369140625,-0.0569052517876029,-0.1192430500179529,0.287987651438266
1776179953173885400,26.888885498046875,-0.0604041998192667,-0.10871113460958,0.3135221979282796
1776179953183818200,26.898818359375,-0.0508861376285552,-0.1308978319764137,0.3552840949892997
1776179953193751300,26.908751220703124,-0.0610810761675238,-0.131152683520317,0.3598166238524019
1776179953203684400,26.91868432617187,-0.0575049712464213,-0.1009141971230506,0.3988771530002355
1776179953213617400,26.928617431640625,-0.0401309348583221,-0.0957891091942787,0.3930304727986454
1776179953223549400,26.938549560546875,-0.0321966347277164,-0.1008779567658901,0.4186018441677093
1776179953233482200,26.948482177734373,-0.0084290979102253,-0.1031564230918884,0.4066816892713308
1776179953243415300,26.958415283203124,-0.0147623925849795,-0.0715764589577913,0.3788321438372135
1776179953253348400,26.96834838867188,0.0022723288461565,-0.0715747053921222,0.353976227261126
1776179953263280400,26.9782802734375,0.0208908123373985,-0.0680284110873937,0.3481944289892911
1776179953273213400,26.98821337890625,0.0344341845214366,-0.082082655403018,0.3444242628008127
1776179953283146500,26.998146484375,0.0242965291276574,-0.0723766694247722,0.3262593682959676
1776179953293079300,27.008079345703123,0.0335679230809211,-0.0645756402850151,0.3054064037509262
1776179953303012400,27.01801245117188,0.0470224479377269,-0.0397498265862464,0.2989990209266543
1776179953312944400,27.0279443359375,0.0183905199542641,-0.024672084441781,0.3007831278644502
1776179953322877400,27.03787744140625,0.0008303133442997,-0.0298819280445575,0.3151154584690928
1776179953332810500,27.047810546875,0.0174877258956432,-0.0345312151551246,0.3285129924416541
1776179953342743300,27.057743408203127,0.0400382881388068,-0.0479290413886308,0.3527440551176667
1776179953352675000,27.067675048828125,0.0348877735078334,-0.033241759866476,0.3657861997812986
1776179953362608000,27.077608154296875,0.0352916781336069,-0.0167144034355878,0.3503912083812058
1776179953372541200,27.087541259765626,0.03555617428869,-0.0232744926035404,0.3742762340985238
1776179953382474200,27.09747412109375,0.083311612676084,-0.0413520010858774,0.3855271114312112
1776179953392407300,27.1074072265625,0.1103939731299877,-0.0464034392565488,0.3597537877492606
1776179953402339300,27.11733935546875,0.0625239684522152,-0.0474281061291694,0.3530978369913995
1776179953412272000,27.127272216796875,0.0457435140430927,-0.0534568648993968,0.3368041431859135
1776179953422205200,27.137205078125,-0.001454582722485,-0.0634153643339872,0.3527047460205852
1776179953432138200,27.14713818359375,-0.0018903437912464,-0.0649088177621364,0.3329629575878381
1776179953442071300,27.1570712890625,0.0025075989067554,-0.061933016821742,0.3115535282038152
1776179953452003300,27.16700341796875,0.0065092357635498,-0.0748988813787698,0.3184333508454263
1776179953461936000,27.17693603515625,0.000156651866436,-0.0879021553367376,0.2771713661305606
1776179953471869200,27.186869140625,-0.0271980957880616,-0.0806768802583217,0.2929424973666668
1776179953481802200,27.19680224609375,-0.0325552389070391,-0.0854267051339149,0.2971846649810671
1776179953491734300,27.206734375,-0.0513268671333789,-0.0854126766085624,0.2781009020656347
1776179953501667300,27.216667236328124,-0.0859846312776208,-0.0856283651858568,0.2852425905138254
1776179953511600000,27.22660009765625,-0.0798468591749668,-0.0812467891007661,0.2683502001628279
1776179953521533200,27.236533203125,-0.0802042943105101,-0.0621820231467485,0.2303717671632766
1776179953531466200,27.24646630859375,-0.0604889554932713,-0.0627484248578548,0.2260948204964399
1776179953541398300,27.256398193359377,-0.0697147567391395,-0.0316799173772335,0.2506833183079958
1776179953551331300,27.266331298828124,-0.0528209050834178,-0.0225672211170196,0.2325749762959778
1776179953561264400,27.27626440429687,-0.04555266764611,-0.0086719667553901,0.2224798448696732
1776179953571197200,27.286197265625,-0.0541959928289055,-0.0092775314331054,0.2370452535778283
1776179953581129200,27.296129150390627,-0.0608063508793711,-0.0098819270670413,0.1986791364349424
1776179953591062300,27.306062255859377,-0.0451379493653774,-0.0146054484575986,0.1858351446919143
1776179953600995300,27.315995361328124,-0.0492962380886077,-0.0173673143863677,0.1628735174298286
1776179953610928400,27.32592846679687,-0.0383548650965094,-0.0208808754652738,0.142435636491701
1776179953620861200,27.335861083984376,-0.0244473357751965,-0.0354857394009828,0.1410522923745215
1776179953630793200,27.345793212890623,-0.0156499890744686,-0.0166465988963842,0.1228717619091272
1776179953640726300,27.355726318359373,-0.0267439222797751,-0.0250017547875642,0.0949542658053338
1776179953650659300,27.365659423828124,-0.0722097884252667,-0.0224924023151397,0.0786680977191776
1776179953660592400,27.37559228515625,-0.1331342127263546,-0.0338116687089204,0.0542751955449581
1776179953670524400,27.3855244140625,-0.1410208743229508,-0.0181207631021738,0.056886254826188
1776179953680457500,27.39545751953125,-0.141559511244297,-0.0124579150348901,0.0578097263466566
1776179953690390300,27.405390380859377,-0.10963438693434,-0.0073579615473747,0.0484488274790346
1776179953700323300,27.4153232421875,-0.0853521785929799,-0.036734862679243,-0.0130772890422493
1776179953710256400,27.42525634765625,-0.044832828938961,-0.0278191502958536,-0.0123779816664755
1776179953720188400,27.4351884765625,0.0013499533042311,-0.0454506685763597,0.0048754970818758
1776179953730121500,27.44512158203125,0.0124640525147318,-0.0754576843053102,-0.0150526077032089
1776179953740054300,27.45505419921875,0.0055360068172216,-0.0804074156671762,-0.001396349729225
1776179953749987300,27.4649873046875,-0.0125061380907893,-0.0888444046229124,-0.0082088792882859
1776179953759920400,27.47492041015625,-0.0274085236683487,-0.0790688605397939,-0.0162256700705736
1776179953769852400,27.484852294921875,0.0020987258449196,-0.0890530789375305,-0.0419600499816238
1776179953779785500,27.494785400390622,0.0238248199626803,-0.108867786476016,-0.0248707488190382
1776179953789718300,27.50471826171875,-0.0045732992649078,-0.1105401036024093,-0.0275290813080966
1776179953799651300,27.5146513671875,-0.0192544433072209,-0.1011725557982921,-0.0115854430492967
1776179953809583000,27.5245830078125,-0.0374210913777351,-0.0802402424067258,-0.0057435851532965
1776179953819516200,27.53451611328125,-0.007929916216433,-0.0612333441197872,-0.0046646308101713
1776179953829449500,27.544449462890626,-0.0327387787804007,-0.0331499899297952,-0.0277656665429472
1776179953839382500,27.554382568359376,-0.0467699344813823,-0.0287771816730499,-0.0293855958949774
1776179953849315300,27.5643154296875,-0.0567176202610135,0.0136117612451314,-0.0495058622512966
1776179953859247000,27.5742470703125,-0.1162543895959854,0.0530780947148799,-0.031234073305875
1776179953869180200,27.58418017578125,-0.1587760189831256,0.0707575437903404,-0.0258867209285497
1776179953879113200,27.59411328125,-0.1515618498206138,0.0702718061000108,-0.0202224846217781
1776179953889046300,27.60404638671875,-0.1163955516323447,0.0951718540787696,-0.0225979815814644
1776179953898978300,27.61397827148437,-0.139423960520327,0.0822246942222118,-0.0056555415436625
1776179953908911000,27.6239111328125,-0.2068061826586723,0.0746212334811687,-0.0165690766807645
1776179953918844200,27.63384423828125,-0.2507005617037415,0.03985504052639,-0.0396329222083091
1776179953928777700,27.64377783203125,-0.2254293423250317,0.0508925673693418,-0.0639802316751331
1776179953938710800,27.65371069335937,-0.147878192871809,0.0525455952733755,-0.0667308455575257
1776179953948642800,27.663642822265626,-0.0611307605281472,0.0212795193940401,-0.0769519414510577
1776179953958575600,27.67357568359375,0.0087651979967951,0.000647065731883,-0.1044728394526988
1776179953968508700,27.6835087890625,0.0636412820443511,-0.0027700492352247,-0.1217378625083714
1776179953978441700,27.693441650390625,0.1060436689659953,-0.022687632626295,-0.1305035719618201
1776179953988374800,27.70337475585937,0.0989464041814208,-0.0371294149547815,-0.1218734715867787
1776179953998306800,27.713306884765625,0.0295671630069613,-0.0317465528726577,-0.1008614440225064
1776179954008239900,27.723239990234376,-0.0506383003473281,-0.0295943432748317,-0.0651438686270266
1776179954018172700,27.73317260742187,-0.1422846106484532,-0.0172217684358358,-0.0492953613057732
1776179954028105700,27.743105712890625,-0.2335948208630084,-0.0263590146154165,-0.0542957268763333
1776179954038037800,27.753037841796875,-0.2908940404042601,-0.029916414836049,-0.0268869840122759
1776179954047970800,27.762970703125,-0.3266542128324508,-0.0151560680776834,-0.0044209582474082
1776179954057903900,27.77290380859375,-0.3164016988873481,-0.0248684837967157,-0.0008824819229543
1776179954067836700,27.78283666992188,-0.2888610732719302,-0.02034720697999,-0.0190610396269708
1776179954077769700,27.792769775390624,-0.2436515199750661,-0.0144137252777814,-0.0526687101963907
1776179954087701800,27.80270166015625,-0.1957560885950922,-0.015233224967122,-0.0982924703173339
1776179954097634800,27.812634765625,-0.1325295248314738,-0.0255599731922149,-0.1142997483968734
1776179954107567900,27.82256787109375,-0.0877124779835343,-0.0035223289072513,-0.1312530751548707
1776179954117500700,27.83250073242188,-0.0595221562877297,-0.0047129999965429,-0.1419680920451879
1776179954127432700,27.8424326171875,-0.0418318935573101,-0.003289689195156,-0.1442279998011887
1776179954137365800,27.85236572265625,-0.0508034277811646,-0.0108335287034511,-0.1355034260757267
1776179954147298800,27.862298828125,-0.0651429187789559,-0.0201174898773431,-0.1479096839886158
1776179954157231900,27.87223193359375,-0.0886751855358481,-0.0408686014831066,-0.1186372661445289
1776179954167165000,27.8821650390625,-0.1341316993311047,-0.0762017806708812,-0.0804619953986257
1776179954177096700,27.8920966796875,-0.1873240680754184,-0.0502899253010749,-0.0589731441028416
1776179954187029500,27.902029541015622,-0.185927937541902,-0.0568307252466678,-0.0680010846890509
1776179954196962800,27.911962890625,-0.1680570575475692,-0.070002926030755,-0.0763262107681483
1776179954206895900,27.921895751953127,-0.1350476451322436,-0.0532411763221025,-0.0585699701294302
1776179954216827600,27.93182763671875,-0.1095326801255345,-0.0442418773084878,-0.0632229105018079
1776179954226760700,27.9417607421875,-0.0502197826743125,-0.0296457812011241,-0.0555562483314424
1776179954236693500,27.951693603515626,-0.0154451141521334,-0.0229284556448459,-0.0716004243552684
1776179954246626600,27.96162646484375,-0.0179214411377906,-0.0405804321914911,-0.0553875407010316
1776179954256559600,27.9715595703125,-0.0115524906277656,-0.0287426948815584,-0.0649655894506722
1776179954266491600,27.98149169921875,-0.0131856447875499,-0.0162549692302942,-0.0689388039305806
1776179954276424700,27.9914248046875,-0.0054021513044834,-0.0130506202310323,-0.0711122755121439
1776179954286357800,28.001357666015625,-0.0213274501889944,-0.0287596460163593,-0.0583094194971024
1776179954296290600,28.01129052734375,-0.0487760136067867,-0.021902619728446,-0.0391164240535348
1776179954306223600,28.0212236328125,-0.1078463344737887,-0.0130377607494592,-0.0466446276012808
1776179954316155600,28.03115576171875,-0.1132183829009532,-0.0178214878946542,-0.0596793196108192
1776179954326088700,28.041088623046875,-0.1185053833931684,-0.0119727618664503,-0.0639565585386008
1776179954336021800,28.051021728515625,-0.1102832062318921,0.0052764790982007,-0.0870964649770408
1776179954345954600,28.06095458984375,-0.0869172359526157,-0.0029524200648069,-0.0882092485245317
1776179954355886600,28.07088647460937,-0.0785033356115221,-0.0067021279871463,-0.1032828259505331
1776179954365819600,28.080819580078124,-0.0572439822226762,-0.0086813191056251,-0.114328024643287
1776179954375752700,28.090752685546875,-0.0428664973020553,-0.0049690205842256,-0.1375794286321848
1776179954385685800,28.100685791015625,-0.0259849206060171,0.0024397943675518,-0.1408075238332152
1776179954395618600,28.11061865234375,0.0122410574138164,-0.0008656769186258,-0.1330176006093621
1776179954405550600,28.120550537109377,0.0148515321731567,0.0299409647554159,-0.1424841518085449
1776179954415483600,28.130483642578124,0.0038999300479888,0.0381932447940111,-0.1352023973025381
1776179954425416700,28.14041674804687,-0.0280935833230614,0.0345616102933883,-0.1471188989371061
1776179954435349800,28.150349853515625,-0.0654284577220678,0.0489145452946424,-0.1590066859338432
1776179954445281800,28.16028173828125,-0.0758303170099854,0.0598357522815465,-0.150838284786418
1776179954455214800,28.17021484375,-0.0473801753342151,0.0689525401949882,-0.1366908092293888
1776179954465147600,28.180147705078124,-0.0137613988488912,0.07517828284204,-0.1491064925577491
1776179954475080700,28.19008081054688,0.0164449388444423,0.0894704275667667,-0.1512310834962874
1776179954485013800,28.200013671875,0.0089803020521998,0.1059668043375015,-0.1660506130959838
1776179954494945800,28.20994580078125,-0.0343026670962572,0.1021218193471431,-0.1905770785219967
1776179954504878800,28.21987890625,-0.0639928719609975,0.0773877755850553,-0.1751649167913943
1776179954514811600,28.229811767578123,-0.0472483656480908,0.08114625133574,-0.1622399687666446
1776179954524744700,28.23974462890625,-0.0167798698872327,0.0560977347970008,-0.1761926524039357
1776179954534677800,28.249677734375,0.0248579624027013,0.0392138200134038,-0.186367717198655
1776179954544609800,28.25960986328125,0.0221633164912462,0.0229056592911481,-0.1961618198517709
1776179954554542800,28.26954296875,0.0393476755261421,0.0234995335310697,-0.1875514470905065
1776179954564475600,28.2794755859375,0.0492354478120803,0.0617477233827114,-0.2015897631846368
1776179954574408700,28.28940869140625,0.0115258948817849,0.0538455719560384,-0.2278039625018835
1776179954584340700,28.2993408203125,-0.0232400058120489,0.0785316849231719,-0.2371512712355703
1776179954594273800,28.309273681640622,-0.0502332266777753,0.0771703334420919,-0.2275833054885268
1776179954604206800,28.319206787109376,-0.0432435139209032,0.0468079284042119,-0.2278537929929792
1776179954614140000,28.329139892578127,-0.0106762923151254,0.0367670113831758,-0.2277112427171319
1776179954624072700,28.33907275390625,0.0279828164249658,0.0349865577071905,-0.2078117064394056
1776179954634004700,28.349004638671875,0.0755523768514394,0.0150397482216358,-0.1942963913060724
1776179954643937800,28.358937744140626,0.0971305869311094,-0.0075976155221462,-0.1980897922396659
1776179954653870800,28.368870849609376,0.0873167566642165,-0.0297708688855171,-0.2104373057026416
1776179954663804000,28.378803955078126,0.0756798026233911,-0.017844284248352,-0.2005758369017392
1776179954673735700,28.388735595703125,0.0545592731833457,-0.0091068510413169,-0.2067518221229314
1776179954683668700,28.398668701171875,0.0503963082849979,-0.0125689741939306,-0.1798972790755331
1776179954693601500,28.4086015625,0.0092705171704292,-0.0036912557333707,-0.2049237299129366
1776179954703534600,28.41853466796875,-0.0237374339401721,0.0195762226074934,-0.1922152011178433
1776179954713467600,28.42846752929687,-0.0581815553337335,0.0386935955315828,-0.1714474306382238
1776179954723399700,28.438399658203124,-0.0991740754574537,0.0679845719456672,-0.1466101456973701
1776179954733332700,28.448332763671875,-0.1175672257602214,0.0950549497008323,-0.1345985131252557
1776179954743265500,28.458265625,-0.1423851484134793,0.1125216328084468,-0.1450154238518327
1776179954753198600,28.468198486328124,-0.1044745199531316,0.1307715752482414,-0.1187716331139206
1776179954763131600,28.47813159179688,-0.0491214660435914,0.1304097561985254,-0.1289868107233196
1776179954773063700,28.488063720703124,-0.0106587566584348,0.1396393568366765,-0.1346793963417411
1776179954782996700,28.497996826171875,-0.0058574938565492,0.1206628536880016,-0.1457766174826771
1776179954792929500,28.507929443359377,-0.008869827415049,0.1155401038467884,-0.1419575706511736
1776179954802862600,28.517862548828123,-0.020181202763319,0.1039648168653249,-0.1583089859932661
1776179954812794600,28.527794677734377,-0.0461684614568948,0.0821522135078906,-0.1500129398781806
1776179954822727700,28.537727783203124,-0.0265630127549171,0.0598959580361843,-0.1357261289156973
1776179954832660700,28.54766064453125,-0.034053076249361,0.032839024284482,-0.1483181186590343
1776179954842593800,28.55759375,-0.0048655602097511,0.0301800342082977,-0.0808895000956952
1776179954852526600,28.567526611328127,0.0203629890710115,0.0074053078204393,-0.0729517658989876
1776179954862458600,28.577458740234373,0.0390852251976728,-0.0125017541766166,-0.0658650225084275
1776179954872391700,28.5873916015625,0.0523477346137166,-0.0168219554632902,-0.0472174590531736
1776179954882324700,28.59732470703125,0.0613105010092258,-0.0507476059406995,-0.0369167220521718
1776179954892257800,28.6072578125,0.0483951975956559,-0.0499415502548217,-0.04041925028041
1776179954902189800,28.61718994140625,0.0399026790603995,-0.0601163227885961,-0.0144872289054095
1776179954912122600,28.62712255859375,0.0162985161110758,-0.0604313800871372,0.0202506878029555
1776179954922055700,28.6370556640625,-0.0260752292379736,-0.0666729048252105,0.0509875521764159
1776179954931988200,28.64698828125,-0.0652712213337421,-0.0670054977804422,0.0621329233080148
1776179954941921300,28.65692138671875,-0.0794455848976969,-0.0446019427925348,0.0986070892244577
1776179954951853300,28.66685327148437,-0.0872667800426483,-0.0434755691111087,0.1217499913375824
1776179954961786400,28.676786376953125,-0.0846259101450443,-0.0171370127618312,0.1055168686129152
1776179954971719200,28.68671923828125,-0.0587608165264129,-0.0047878187984228,0.1230880350083112
1776179954981652200,28.69665234375,-0.0349231370821595,-0.0009761515557765,0.1158827798046171
1776179954991584300,28.706584228515624,-0.0522659015491604,0.0122784668147563,0.1093076391980052
1776179955001517300,28.71651733398437,-0.0434162401393055,0.0487280828118324,0.1265601680982858
1776179955011450400,28.726450439453124,-0.0657341626703739,0.0390238503992557,0.1136429649885743
1776179955021383200,28.736383056640623,-0.070409461005032,0.0392243414074182,0.1205847469504922
1776179955031316200,28.746316162109373,-0.0789729989498853,0.045920039653778,0.1266350599654019
1776179955041248300,28.756248291015623,-0.067720075790584,0.0367447995513677,0.1104336475532501
1776179955051181300,28.76618139648437,-0.0210080089762806,0.0159305595815181,0.1173698034919798
1776179955061114400,28.7761142578125,-0.002795475937426,-0.0010135609567165,0.1005821886897087
1776179955071047400,28.78604736328125,-0.0095084175795316,0.0268774855315685,0.0978987217593938
1776179955080980200,28.795980224609377,-0.0368619961902499,0.0395680402785539,0.1206312164407223
1776179955090912000,28.805912109375,-0.0284334828019142,0.041302316725254,0.1358264474850148
1776179955100845000,28.815844970703125,-0.0179933373302221,0.033937340915203,0.1321266431190073
1776179955110778400,28.8257783203125,0.0194224933505058,-0.0060141457229852,0.1549869288984686
1776179955120711400,28.83571142578125,0.0607961217463016,-0.0310877967029809,0.1723219484504312
1776179955130643200,28.84564331054688,0.0759109810307621,-0.0377022464066743,0.1808303952071815
1776179955140576000,28.85557592773437,0.0703179833292961,-0.0533311926931142,0.1718807805541902
1776179955150509000,28.865509033203125,0.0459133176520466,-0.0696165570616722,0.1905162151802331
1776179955160442000,28.875442138671875,0.0196922502025961,-0.0615472323745489,0.1887509590733796
1776179955170375200,28.885375244140626,0.0151551912948489,-0.036792730346322,0.212857226325944
1776179955180307200,28.89530712890625,-0.0252966460809111,0.0888093333095312,0.3123524234965443
1776179955190240300,28.905240234375,-0.0074196286067366,-0.1345136843860149,0.1535876565597951
1776179955200173000,28.915173095703125,-0.0162917941093444,-0.0882984611779451,0.144650243801251
1776179955210106000,28.925106201171875,-0.0131423901677131,-0.0883580824106931,0.2201259021546691
1776179955220038100,28.9350380859375,-0.0149944477751851,-0.0358171633124351,0.2718783012237399
1776179955229971200,28.94497119140625,-0.0296995572149753,-0.0461012414395809,0.2791989995006472
1776179955239904300,28.954904296875,-0.0474897731885314,-0.0866208833545446,0.2310487896420061
1776179955249837000,28.964837158203125,-0.1007683589115738,-0.083022566601634,0.2371077243547886
1776179955259770000,28.97477001953125,-0.0925692703649401,-0.0701741909444332,0.2558191468264907
1776179955269702100,28.9847021484375,-0.0649275224626064,-0.0658183338224887,0.2293996341954916
1776179955279635200,28.99463525390625,-0.0621665333166718,-0.0805260736107826,0.2248249466910958
1776179955289568300,29.004568359375,-0.0507625112488865,-0.0561322215884923,0.2238135046262294
1776179955299501000,29.0145009765625,-0.0422150476559996,-0.0319517200559377,0.2338709343906491
1776179955309434000,29.02443408203125,0.009925473947823,-0.0239122059851884,0.238791147397086
1776179955319366100,29.0343662109375,0.0277481308862566,-0.0164747494608163,0.2180394512694329
1776179955329299200,29.04429931640625,0.0474593780502676,0.0083960724234581,0.2191337493121624
1776179955339232300,29.054232177734377,0.0606099515244364,0.0044546413213014,0.2332715071927756
1776179955349165300,29.064165283203124,0.0640980859011411,0.0138484926104545,0.2561906835526227
1776179955359097300,29.07409741210937,0.064726739193499,0.0237175601959228,0.2632911632075905
1776179955369030100,29.08403002929688,0.03141600574404,0.0063467386782169,0.2755748176541179
1776179955378963200,29.093963134765627,-0.0096928342357277,0.006260813960433,0.3069147624872624
1776179955388896300,29.103896240234373,-0.0345008200168609,0.0091074355632066,0.2874956301376223
1776179955398829300,29.113829345703124,-0.0277376094922423,-0.0162637370586395,0.2929404515400529
1776179955408761300,29.12376123046875,-0.0317491832211613,-0.0444967288523912,0.2730403307404369
1776179955418694100,29.13369409179688,-0.0196145087912678,-0.0452408252179622,0.2901058126360177
1776179955428627200,29.143627197265623,-0.0076797408476471,-0.0437198992609977,0.2812297746758908
1776179955438560300,29.153560302734373,0.0120151397034525,-0.0606254413545131,0.2717283713590354
1776179955448492300,29.1634921875,0.020723931337893,-0.0536205310285091,0.310772314698249
1776179955458425300,29.17342529296875,0.023385259501636,-0.0428442854702472,0.3013740794949233
1776179955468358400,29.1833583984375,0.0092848379567265,-0.0449357047915458,0.2790644133355468
1776179955478291200,29.193291259765623,0.0006286532923579,-0.0338847339451313,0.3002037936065346
1776179955488224300,29.203224365234377,-0.0187184367343783,-0.028282676154375,0.2994860007259994
1776179955498156300,29.21315625,-0.0274716520324349,-0.0181219321459531,0.3190885268185287
1776179955508089300,29.22308935546875,-0.02876753706187,-0.020308044013381,0.3245858821257948
1776179955518022400,29.2330224609375,-0.0165007606849074,-0.046106502136588,0.3163563253756612
1776179955527955200,29.242955078125,0.0044388592302799,-0.0571650717675685,0.3066501202017068
1776179955537888300,29.25288818359375,-0.0060226212903857,-0.0533802925318479,0.2952237401716411
1776179955547820300,29.2628203125,-0.0183294374167919,-0.0547533344507217,0.2907735558297485
1776179955557753300,29.27275341796875,-0.0305704948306083,-0.0481219336122274,0.3191723326444625
1776179955567686400,29.282686279296875,-0.0252232885837554,-0.0507592963784933,0.3272340585470199
1776179955577619200,29.292619140625,-0.0162891637608408,-0.0441337407588958,0.3035559535786509
1776179955587551200,29.30255126953125,0.0060474634706974,-0.0562847818017005,0.2745363414518535
1776179955597484000,29.31248413085937,0.0221788063213229,-0.0682470222741365,0.2787967753753066
1776179955607417000,29.3224169921875,0.0153960143133997,-0.0698538729488849,0.2907320547755807
1776179955617350100,29.33235009765625,-0.0172267368718981,-0.0736474200129509,0.2587902715917676
1776179955627283500,29.342283447265626,-0.0368403688803315,-0.0679267042785883,0.2376221036177128
1776179955637215200,29.35221533203125,-0.0520548891469836,-0.0693330639451742,0.2320737487755715
1776179955647148000,29.36214794921875,-0.0635109336629509,-0.0714905342400074,0.2260935053221881
1776179955657081000,29.3720810546875,-0.0549357052803039,-0.0776700996577739,0.2273291115317493
1776179955667014100,29.38201416015625,-0.0461374817967414,-0.0598258154094219,0.2107883841626346
1776179955676947200,29.391947265625,-0.0544286325410008,-0.0527548541098833,0.2153751274310052
1776179955686879200,29.401879150390624,-0.1048535823985934,-0.0258072259515523,0.2301953146178275
1776179955696812000,29.41181201171875,-0.1307677758559584,-0.0452080919921398,0.229596252746135
1776179955706745000,29.4217451171875,-0.1435921861156821,-0.0643617052733898,0.2064806039661169
1776179955716678100,29.43167822265625,-0.1220741817906498,-0.0779693748652935,0.2061447961404919
1776179955726610200,29.44161010742188,-0.1144663371354341,-0.0800187086105346,0.2023097480222582
1776179955736543200,29.451543212890623,-0.1037757240340113,-0.0927659619808197,0.1782012157473713
1776179955746476300,29.461476318359377,-0.0919742270812392,-0.1017991632640361,0.1499861980017274
1776179955756409000,29.4714091796875,-0.0584650484502315,-0.0837006119936704,0.1282229867439717
1776179955766342100,29.481342041015623,-0.0381669413089752,-0.0760796155959367,0.1206722791034728
1776179955776274200,29.49127416992188,-0.0396434436023235,-0.0642132367134094,0.1055139460034668
1776179955786207200,29.501207275390627,-0.0540928247153758,-0.0496475357443094,0.092796941640973
1776179955796140300,29.511140380859377,-0.0651423342570662,-0.0666997928321361,0.0868238585807383
1776179955806073000,29.52107299804688,-0.0443801167353987,-0.0762964732170105,0.0706902507077902
1776179955816005000,29.53100512695313,-0.0525645922347903,-0.1058306107372045,0.0899812266331166
1776179955825938200,29.54093823242188,-0.0481400537908077,-0.1389513745725154,0.1021213078904896
1776179955835871200,29.550871337890623,-0.0345803149938583,-0.1524140827357769,0.0753315737076103
1776179955845804300,29.56080419921875,0.0007753682866692,-0.1842436377167701,0.078813132213056
1776179955855737000,29.570737060546875,0.0074734046205878,-0.1900584614753723,0.078632222688198
1776179955865669400,29.58066943359375,0.0175242585137486,-0.1887000326037406,0.0590917289812117
1776179955875602200,29.59060229492188,0.0437596467494964,-0.1947796447783708,0.0745478029187768
1776179955885535200,29.60053515625,0.0407630952820181,-0.1656020656108856,0.0874412598267197
1776179955895468300,29.61046826171875,0.0086836571931838,-0.1370768128722906,0.0652588002435863
1776179955905401300,29.6204013671875,-0.0435980264469981,-0.10688333466053,0.0599807137101888
1776179955915333400,29.63033349609375,-0.1053156469523906,-0.0906780497908592,0.0511605706557631
1776179955925265700,29.640265625,-0.1374915311530232,-0.052678866264224,0.0295469239365309
1776179955935198500,29.65019848632813,-0.1297892862126231,-0.0130289929211139,0.008672259016335
1776179955945131500,29.66013159179688,-0.1330433195725083,-0.0216863466292619,0.023156199986115
1776179955955063600,29.6700634765625,-0.1425894388139247,-0.026471827340126,0.0316679346784949
1776179955964996600,29.67999658203125,-0.1492915668010711,-0.0277402398407459,-0.0078999594695866
1776179955974929700,29.6899296875,-0.1445168997451663,-0.0023468553870916,0.0138182436026632
1776179955984862500,29.69986254882813,-0.1416553728342056,0.0099602530002593,-0.0139236767385154
1776179955994795500,29.70979541015625,-0.1068719364836811,0.0326578224986791,-0.059045040295273
1776179956004727600,29.7197275390625,-0.0722609340906143,0.0206850606322288,-0.0800182702191174
1776179956014660600,29.72966064453125,-0.0525406268373131,0.0520452445358037,-0.0623792262192815
1776179956024593700,29.73959375,-0.0374856810465455,0.0760521430671215,-0.0680908087991178
1776179956034526500,29.7495263671875,-0.0469461678311228,0.0672393065363168,-0.0881208395887166
1776179956044458800,29.759458740234376,-0.0367222954586148,0.0806190125912427,-0.0794786103844642
1776179956054391600,29.7693916015625,-0.0719736415818333,0.1047094977527856,-0.0905235168162733
1776179956064324600,29.77932470703125,-0.038586920286715,0.0942787046313285,-0.107441991456598
1776179956074257700,29.78925756835937,-0.0719254185259342,0.1216647242069244,-0.0780932204406708
1776179956084190700,29.799190673828125,-0.1402478441238403,0.1373076990187168,-0.0739190034959465
1776179956094122800,29.80912280273437,-0.1807166326344013,0.1439513748168945,-0.0856206933360546
1776179956104055600,29.8190556640625,-0.2034747001484036,0.1776157440096139,-0.088540672435984
1776179956113988600,29.828988525390624,-0.2012371503546834,0.1683107400476932,-0.0892415141817182
1776179956123921700,29.83892163085937,-0.1723144227311015,0.2014975548565387,-0.084005440159142
1776179956133854700,29.848854736328125,-0.1743842147424817,0.1897264530420303,-0.1061250636391341
1776179956143786800,29.85878686523437,-0.1856952978298068,0.1938409026235341,-0.1260807140182703
1776179956153719600,29.86871948242188,-0.1690206418827176,0.1932487819492817,-0.1317163087524473
1776179956163652600,29.878652587890624,-0.1341696932539343,0.1902022538602352,-0.1155203031677752
1776179956173585700,29.88858569335937,-0.1185156125262379,0.1806102496504783,-0.1144131456434726
1776179956183517400,29.898517333984376,-0.0725011725872755,0.1863455784320831,-0.1355910312939435
1776179956193450500,29.908450439453127,-0.0083048870086669,0.1803220803588628,-0.1462177123136818
1776179956203383600,29.91838354492188,0.0803168147742748,0.1446317582964897,-0.1477213218096643
1776179956213316400,29.92831640625,0.1071250344619154,0.0975163713783025,-0.1852412704519927
1776179956223249400,29.93824951171875,0.1604652872443199,0.0695510906100273,-0.1684304939698427
1776179956233181400,29.948181396484376,0.1826616292223334,0.0412567240178585,-0.1588260686699301
1776179956243114500,29.958114501953126,0.1302279698908329,0.0134194535434246,-0.1932210902247577
1776179956253047600,29.96804760742188,0.1091150392353534,-0.0385953958541154,-0.1562779185570776
1776179956262980400,29.97798046875,0.0457116576001048,-0.0371779302716255,-0.1564785556957125
1776179956272912400,29.987912353515625,0.0055865679606795,-0.065845806351304,-0.1573654945980757
1776179956282845400,29.997845458984376,-0.053133916555345,-0.0681312869399786,-0.1353469203397631
1776179956292778500,30.00777856445313,-0.1095513848260045,-0.0755517923295497,-0.1497723360553383
1776179956302711600,30.01771166992188,-0.1617418830513954,-0.0561807369053363,-0.1673193178575485
1776179956312644600,30.02764453125,-0.1936851275399327,-0.0403664971798658,-0.1702875930786132
1776179956322576600,30.03757666015625,-0.2165451941236853,-0.068467971548438,-0.173355017825216
1776179956332509400,30.04750952148437,-0.1856041124150156,-0.0504857401341199,-0.1785121813926845
1776179956342442500,30.0574423828125,-0.1045630750194192,-0.062363809454441,-0.1769715278219431
1776179956352375600,30.06737548828125,-0.0827417038336396,-0.0567430469632148,-0.1488960646774619
1776179956362308600,30.07730859375,-0.058796180100739,-0.0598392594128847,-0.1560826151806861
1776179956372240600,30.08724072265625,-0.0410249610885977,-0.0717144061237573,-0.1575325947932899
1776179956382173400,30.09717333984375,-0.0442988681927323,-0.0611269611358642,-0.1476852275829762
1776179956392106500,30.1071064453125,-0.0437806895375251,-0.0508545734465122,-0.1653974829494953
1776179956402039600,30.11703955078125,-0.0683367463842034,-0.0398608857452869,-0.1921168553099036
1776179956411971600,30.1269716796875,-0.0766854725345969,-0.0289507846742868,-0.2141523807030171
1776179956421904600,30.136904541015625,-0.0516506922602653,-0.033417116433382,-0.2306153666608035
1776179956431837400,30.14683740234375,-0.0169946816816926,-0.0255909528523683,-0.2399723200056701
1776179956441770500,30.1567705078125,0.0509279309436678,-0.0106897363185882,-0.2692534326128661
1776179956451703600,30.16670361328125,0.1218073475480079,-0.002534486913681,-0.2752036462541669
1776179956461635600,30.17663549804688,0.1818707711055874,-0.0021089549779891,-0.2803376481417566
1776179956471568600,30.186568603515624,0.1620855819225311,0.0036339725881814,-0.2691578632839024
1776179956481501700,30.19650170898437,0.1208016776368021,-0.0030208091259002,-0.2462915861550718
1776179956491434500,30.2064345703125,0.0529071220621466,0.0094411975622177,-0.2353518205981701
1776179956501367600,30.216367431640624,0.0016463059023022,0.009235445857048,-0.2322684676300734
1776179956511299600,30.22629956054688,-0.0297512874022126,0.0174053083091974,-0.2081657075088471
1776179956521232600,30.236232666015624,-0.0490755810752511,0.0388093308657407,-0.179315022208169
1776179956531165700,30.24616577148437,-0.034135201574862,0.0578384409844875,-0.1705302427280694
1776179956541098500,30.25609838867188,-0.0305997209250926,0.0512467876344919,-0.1579571038156747
1776179956551030500,30.266030517578123,-0.0512029484927654,0.047201311635971,-0.162783208797872
1776179956560963600,30.27596362304688,-0.0986538509756326,0.0414256508439779,-0.1705615146491676
1776179956570896600,30.285896728515624,-0.0954924643352627,0.0447632708340883,-0.165414726345241
1776179956580829700,30.29582958984375,-0.1049117423266172,0.0227472538590431,-0.1636911174230277
1776179956590762500,30.30576245117188,-0.0641246816471219,0.0178764329522848,-0.1857578416720032
1776179956600694800,30.31569482421875,-0.0481920762389898,0.0206552500158548,-0.1816350626535713
1776179956610627600,30.32562768554688,-0.0162312960937619,0.0409212084531784,-0.1865579060085117
1776179956620560600,30.335560546875,-0.0042258010014891,0.0499544097363948,-0.1792711830664426
1776179956630493700,30.34549365234375,0.0239750420883297,0.0519669186025857,-0.2003592715416103
1776179956640425500,30.355425537109376,0.004285714495182,0.0456394691467285,-0.1902016693383455
1776179956650358500,30.365358642578126,-0.030541268736124,0.0643763183206319,-0.1768337267864495
1776179956660291300,30.375291259765625,-0.0402092607915401,0.0446048654019832,-0.1357722330797463
1776179956670224600,30.385224609375,-0.0556450225934386,0.0237006090611219,-0.1242154316030442
1776179956680157700,30.39515771484375,-0.0453016154944896,0.0152957688093185,-0.1377818193364888
1776179956690089500,30.40508935546875,-0.0341018838271498,-0.0101969843655824,-0.1337215110950171
1776179956700022500,30.4150224609375,-0.0123719903171062,-0.0179196875721216,-0.0900020502254366
1776179956709955300,30.424955322265625,0.0082920275270938,-0.021180735194683,-0.0866984786354005
1776179956719888400,30.43488842773437,-0.0121519178256392,-0.0299888955503702,-0.0785863377198577
1776179956729821400,30.444821533203125,-0.0514446482941508,-0.0459475121825933,-0.0614373422592878
1776179956739753500,30.45475341796875,-0.0728977706894278,-0.0497790531694889,-0.0549373857807368
1776179956749686500,30.4646865234375,-0.0933063524678349,-0.0218336461454629,-0.0468260485827922
1776179956759619600,30.47461962890625,-0.0989364673092961,-0.0179991825491189,-0.0578284310471266
1776179956769552400,30.48455249023437,-0.0895335559308528,-0.0068745619446039,-0.0244246855519711
1776179956779484400,30.494484375,-0.0763634009733796,0.0060264206826686,-0.0102286946780979
1776179956789417500,30.50441748046875,-0.0674044339701533,0.0168844993054866,0.0030481355242431
1776179956799350500,30.5143505859375,-0.0864276988700032,0.0197083245545625,-0.0131164520088583
1776179956809283600,30.52428369140625,-0.0568386162921786,0.0216167885243892,-0.0247149737354367
1776179956819216400,30.53421630859375,-0.0161178988471627,0.030748189485073,-0.0448026529964059
1776179956829148400,30.5441484375,0.0218505972802639,0.0104039051145315,-0.0402940895307809
1776179956839081500,30.55408154296875,0.0448833900824189,-0.0156277772426605,-0.0482137035489082
1776179956849014500,30.5640146484375,0.0138864865332841,-0.015956863066554,-0.0259738877553492
1776179956858947600,30.573947509765624,-0.0353340559706091,-0.0215092364966869,-0.0278491801079362
1776179956868879600,30.58387963867188,-0.1090808447048067,-0.0168026662409305,-0.0019767799656838
1776179956878812700,30.593812744140624,-0.1606637324258685,-0.0258119021266698,0.0179157420493662
1776179956888745500,30.603745361328127,-0.1727528141483664,-0.0310439575612544,0.015115736067295
1776179956898678500,30.61367846679688,-0.1418552793204784,-0.0311485869795083,0.0200839529339224
1776179956908611600,30.623611572265624,-0.080564359794557,-0.0540361260920763,0.029104733126983
1776179956918543600,30.63354370117188,-0.0177121823012828,-0.0229489139109849,0.0275840994309633
1776179956928476700,30.6434765625,0.0400207524821162,-0.0164671506762504,-0.0008831395100802
1776179956938409500,30.653409423828126,0.0317065131232142,0.0216729026257991,0.0202501032810658
1776179956948342500,30.66334252929688,0.0015372925698757,0.0290507379174232,0.0192951406437903
1776179956958275600,30.673275634765623,-0.0305880304872989,0.0240495686292648,0.0334241306960582
1776179956968207600,30.68320751953125,-0.069109484322369,-0.0018429975181818,0.0236007288832217
1776179956978140700,30.693140625,-0.1121791029810905,-0.0127414081513881,0.0684708941578865
1776179956988073500,30.70307348632813,-0.1267433426454663,-0.0459837525397539,0.0738621587421745
1776179956998006500,30.71300659179688,-0.113274789263308,-0.0686930124759674,0.0811536309245973
1776179957007938600,30.7229384765625,-0.0772609343349933,-0.0763806443691253,0.0383587375540286
1776179957017871600,30.73287158203125,-0.0488674912825226,-0.0615378800243139,0.0376872680332511
1776179957027804700,30.7428046875,-0.0257636790707707,-0.0400724826693534,0.0413491515416651
1776179957037737700,30.75273779296875,-0.029231939703226,-0.0163514153420925,0.0505200077299028
1776179957047670500,30.76267041015625,-0.0343877150312066,-0.0164946232050657,0.0395506507523357
1776179957057602600,30.7726025390625,-0.0422612248852849,-0.0038321255087852,0.0340753611464053
1776179957067535600,30.78253564453125,-0.0484074725553393,-0.0093009123086929,0.0296384746775031
1776179957077468700,30.79246875,-0.0314773805424571,-0.030423779836297,0.053449631441012
1776179957087401700,30.80240161132813,-0.0317065131232142,-0.0300724821805953,0.0703865185208618
1776179957097333800,30.812333740234376,-0.0780257812276482,-0.0348918651610612,0.0799975927572697
1776179957107266600,30.8222666015625,-0.1086260866746306,-0.0317968217551708,0.0536601323865354
1776179957117199600,30.83219970703125,-0.1122431081280112,-0.0224736976146698,0.0570060818135738
1776179957127132700,30.84213256835937,-0.0740121616721153,-0.021464228311181,0.0374446914490312
1776179957137065700,30.852065673828125,-0.0410895507574081,-0.0384884283483028,0.0430146736010909
1776179957146997800,30.861997802734376,-0.0161184833690524,-0.0540600914895534,0.0110475367803126
1776179957156930600,30.8719306640625,-0.0233490191444754,-0.0524836359530687,-0.0189149091545492
1776179957166863600,30.881863525390624,-0.032913550825417,-0.026883915272355,-0.019325170455873
1776179957176796700,30.89179663085937,-0.0483317769706249,-0.0382762469023466,0.0167823541052639
1776179957186729700,30.901729736328125,-0.0859036749958992,-0.0265998376339673,0.024527561404556
1776179957196661800,30.91166186523437,-0.0855845260441303,-0.0199339500039815,0.0349264980830252
1776179957206594800,30.9215947265625,-0.0578241201981902,-0.0246463654786348,0.036609044342488
1776179957216527600,30.931527587890624,-0.0667450932785868,-0.0163899937868118,0.0446729622021317
1776179957226460700,30.94146069335937,-0.0626017098635435,-0.0129705407321453,0.0520071775477379
1776179957236392400,30.951392333984376,-0.0156900288239121,-0.0199327809602022,0.0577418487422168
1776179957246325500,30.961325439453127,-0.0135372347041964,-0.0248603004902601,0.0611108867838978
1776179957256258600,30.97125854492188,-0.0109390349045395,-0.0256774620920419,0.0463915296230465
1776179957266191400,30.98119140625,-0.0406771705642342,-0.0209475109606981,0.0432044240195304
1776179957276124400,30.99112451171875,-0.0655427317515015,-0.0408130719035863,0.0276232623975723
1776179957286056400,31.001056396484376,-0.0788715844020247,-0.0540402177453041,0.0098206253338605
1776179957295989500,31.010989501953127,-0.0707186730846762,-0.0453968925625085,0.0336009485676884
1776179957305922600,31.02092260742188,-0.0991433880582451,-0.0189297413975,0.0661192164652049
1776179957315855600,31.030855712890624,-0.1064125022783875,-0.0210994866520166,0.1005427334621548
1776179957325787600,31.04078759765625,-0.0999476901784539,-0.0064917001068592,0.1052002038791775
1776179957335720400,31.050720458984376,-0.0599085252568125,0.0043973581761121,0.1264603609856218
1776179957345653500,31.060653564453126,-0.0045043256819248,0.0086351418763399,0.1334860949039459
1776179957355586600,31.07058666992188,0.0215782100796699,0.0018681319594383,0.1410296421512961
1776179957365519600,31.08051953125,-0.0023328268617391,-0.0201765265882015,0.1345193104092031
1776179957375451600,31.09045166015625,-0.021783085002005,-0.0239268190324306,0.15156192288585
1776179957385384400,31.100384521484376,-0.031124913842976,-0.0345820685595274,0.1515004019569605
1776179957395317500,31.1103173828125,-0.0938344679951667,-0.0848217249780893,0.1508393807649612
1776179957405250600,31.12025048828125,-0.1296203593865036,-0.076174308142066,0.1755963670112192
1776179957415183600,31.13018359375,-0.1248944999083876,-0.0656651890873909,0.1768546234440058
1776179957425115600,31.14011572265625,-0.1177422900661826,-0.0797632725447416,0.1680422253046184
1776179957435048700,31.15004858398437,-0.1029568088665604,-0.0630465310215949,0.1601156700890511
1776179957444981500,31.1599814453125,-0.1046542604342102,-0.0468348164111375,0.1764677430182695
1776179957454914600,31.16991455078125,-0.0747182641148567,-0.0435498033910989,0.1847840282037854
1776179957464846600,31.1798466796875,-0.069920800705254,-0.0136550158649683,0.1629406643819063
1776179957474779600,31.189779541015625,-0.0716319885373115,0.0077986910521984,0.1930161422371864
1776179957484712700,31.19971264648437,-0.0762213621541857,0.0354939227074384,0.1823551936216652
1776179957494645500,31.2096455078125,-0.0660214551791548,0.0405254871338605,0.1851079994611442
1776179957504578600,31.21957861328125,-0.0659384530708193,0.0256640180885791,0.1995109110839664
1776179957514510600,31.22951049804687,-0.064294192995131,0.0259855051279068,0.1898106241941451
1776179957524443600,31.239443603515625,-0.0871875773265957,0.0330301629424095,0.1956350194986909
1776179957534376700,31.24937670898437,-0.1124178801730275,0.0242196644991636,0.2071856104303151
1776179957544309500,31.2593095703125,-0.1641828464627265,0.0221931271076202,0.2445727995384484
1776179957554242600,31.26924267578125,-0.2043070593193173,0.0186655375033617,0.2448081426642835
1776179957564174600,31.27917456054688,-0.205678347672522,0.0251987386643886,0.2602908854130655
1776179957574107600,31.289107666015624,-0.11326163752079,0.0163625212579965,0.3045156654562801
1776179957584040700,31.29904077148437,-0.0457747859641909,-0.0049164136141538,0.2763344769150018
1776179957593973800,31.308973876953125,-0.0334963191494345,-0.0010433715730905,0.2721026114989072
1776179957603905800,31.31890576171875,-0.0382461440250277,0.0116717330932617,0.2757664677686989
1776179957613838600,31.32883862304688,-0.0622559651657938,0.0137520464986562,0.3013791209962219
1776179957623771600,31.338771728515624,-0.0677671298027038,0.0025017536878585,0.2945380959950387
1776179957633704700,31.34870458984375,-0.0461202384009957,-0.0041372459352016,0.3026135581620037
1776179957643637800,31.3586376953125,-0.0185039172008633,-0.0242260942399501,0.3125145552556961
1776179957653569800,31.36856982421875,-0.0098258129656314,-0.0451484707593917,0.3226270031429827
1776179957663502600,31.37850268554688,0.0174301504895091,-0.0604033230364322,0.2846545614928007
1776179957673435600,31.388435546875,0.0467065138563513,-0.0680102909088134,0.2536935329746455
1776179957683368700,31.39836865234375,0.0509787843480706,-0.0822568429261445,0.2165061772875487
1776179957693300500,31.408300537109376,0.0259969033047556,-0.0761608641386032,0.2346057514712214
1776179957703233500,31.418233642578127,0.0250388719275593,-0.066345572566986,0.2340964137095957
1776179957713166600,31.42816650390625,0.0081634327113628,-0.0340711964279413,0.2158910410638898
1776179957723099600,31.438099609375,0.028126024287939,-0.0337368499070405,0.2201562972929328
1776179957733032700,31.44803271484375,0.0258323603928089,-0.0254611889928579,0.2106990984439849
1776179957742964500,31.457964599609376,0.0101563600942492,-0.017784663015604,0.2195087931696325
1776179957752897500,31.4678974609375,-0.0335340208113193,-0.0019949732095003,0.2073603094100952
1776179957762830600,31.47783056640625,-0.0512640310302376,0.0053933834761381,0.2128862332247197
1776179957772763400,31.48776342773437,0.0071998483762145,0.0114899467855691,0.1947249919816851
1776179957782696400,31.49769653320313,0.0954836965069174,-0.0405319168746471,0.143081313984096
1776179957792628500,31.50762841796875,0.1831479514345526,-0.103565588414669,0.0886206788696348
1776179957802561500,31.5175615234375,0.2113967253193259,-0.146244454190135,0.080249667822197
1776179957812494600,31.52749462890625,0.1860354895696044,-0.1918295628011226,0.0725678811479359
1776179957822427400,31.53742749023437,0.0125330260977149,-0.191284203878045,0.0959439344298094
1776179957832359700,31.547359619140625,-0.1603901761814951,-0.180023389673233,0.1868126844871789
1776179957842292500,31.55729248046875,-0.2754974415689706,-0.1467874750256538,0.2678409354664385
1776179957852225500,31.5672255859375,-0.3170338593110442,-0.0866506939709186,0.3258849820256233
1776179957862158600,31.57715869140625,-0.2596606977507472,-0.0758545746684074,0.3841654676891863
1776179957872091600,31.58709155273437,-0.2014095843121409,-0.0591565378457307,0.3949147521752864
1776179957882023700,31.597023681640625,-0.1215054419919848,-0.0673299074292183,0.3690690939094871
1776179957891956500,31.60695654296875,-0.0834223795741796,-0.0587315904319286,0.3032726065926253
1776179957901889500,31.6168896484375,-0.05851444054991,-0.044793665972352,0.2399264350373297
1776179957911822600,31.626822509765624,-0.0295385214343667,-0.0035492169141769,0.214621605649963
1776179957921755600,31.63675561523437,-0.0251578221321105,0.0096861122339963,0.1924071434933692
1776179957931688200,31.64668823242188,-0.0223582545414566,0.0405617274910211,0.1637690780300646
1776179957941621000,31.65662109375,0.0079363459572196,0.0209241300851106,0.1343588591504842
1776179957951554000,31.666553955078125,0.027385727314651,0.0186076698362827,0.1132721589148044
1776179957961487000,31.67648706054688,-0.0027194880917668,0.0386070862919092,0.1263621613081544
1776179957971419100,31.68641918945313,-0.0411541404262185,0.0666372489899396,0.100515407063812
1776179957981352200,31.69635229492188,-0.0844262959197163,0.0531494063854217,0.088234309900552
1776179957991285000,31.70628491210937,-0.1302414138942957,0.0801473034262657,0.0980452906232327
1776179958001218000,31.716218017578125,-0.170810155647993,0.0520487516671419,0.0572837297111749
1776179958011151000,31.72615112304688,-0.1889993078112602,0.0260790286302566,0.051058644651249
1776179958021083100,31.73608325195313,-0.2292594220072031,0.0324415493994951,0.1083026999391615
1776179958031016200,31.74601611328125,-0.2338531795382499,0.0118511813133955,0.1120608834289014
1776179958040949000,31.75594897460937,-0.214505504989624,0.0062386021286249,0.1173975682817399
1776179958050882000,31.765882080078125,-0.2185036347150802,-0.0333463892847299,0.1253428281977772
1776179958060814000,31.77581396484375,-0.2102373261511325,-0.0604664514005184,0.0952018838908523
1776179958070747100,31.7857470703125,-0.1714236113712191,-0.0987298388212919,0.1070751309055834
1776179958080680200,31.79568017578125,-0.1126876370251178,-0.0873281548410654,0.1387828861378133
1776179958090613200,31.80561328125,-0.0794040838435292,-0.0925549495786428,0.1346732588618993
1776179958100546000,31.815546142578125,-0.0455038600683212,-0.0902659618586301,0.1283127839192748
1776179958110478000,31.82547802734375,0.0205620187744498,-0.1038175173491239,0.0649150283072143
1776179958120411100,31.8354111328125,0.0699707773268222,-0.0930401027470827,0.052275107768923
1776179958130344200,31.84534423828125,0.0991910265922546,-0.1053536408752203,0.0469243213254958
1776179958140277200,31.85527734375,0.0705532533898949,-0.0866202988326549,0.0231567114427685
1776179958150210000,31.8652099609375,0.0178609431222081,-0.0622708704739809,0.0037343642227351
1776179958160142000,31.87514208984375,-0.0449091090455651,-0.0246761760950088,0.0063593058988451
1776179958170075100,31.8850751953125,-0.0707829704925417,-0.0030658173114061,0.0224275934506207
1776179958180008200,31.89500830078125,-0.1011880456283688,0.0273006793797016,0.0090930417116731
1776179958189941200,31.90494116210937,-0.0900806684195995,0.0279068285793066,0.0065369274880737
1776179958199874000,31.9148740234375,-0.0395592724502086,0.0370323843210935,0.0041870764262974
1776179958209806000,31.92480615234375,-0.0318216639354825,0.0430313324749469,0.0202533912166953
1776179958219739100,31.9347392578125,-0.0252954770371317,0.0328635742038488,0.0084292440406978
1776179958229672200,31.944672119140623,-0.0452405329570174,0.0403442853480577,-0.0094765611365437
1776179958239605200,31.954605224609377,-0.0801622087344527,0.0326239202290773,-0.0074789575785398
1776179958249537000,31.964537109375,-0.0970168974235653,0.0243295546144247,-0.025652546846494
1776179958259470000,31.97446997070313,-0.0878270442739129,0.0317278481721878,-0.0328158626046031
1776179958269403000,31.98440283203125,-0.0861176100075244,0.0365846405535936,-0.0312178528234362
1776179958279336000,31.9943359375,-0.116193599319458,0.0411240375488996,-0.0252121826678514
1776179958289269200,32.00426928710937,-0.2034536573603749,0.0194002815186977,-0.014462094464153
1776179958299201000,32.01420092773437,-0.1944292239055037,0.0011719663888216,-0.0204787974704056
1776179958309134000,32.024134033203126,-0.1370683373048901,0.0004500818550586,-0.0453974770843982
1776179958319067000,32.03406689453125,-0.0816141611084342,-0.0219908825337886,-0.0651710488948971
1776179958329000000,32.044,-0.0026066753670573,-0.0317635040074586,-0.0605996493261307
1776179958338932000,32.053931884765625,0.0589797199741005,-0.0512888732105493,-0.0905173062711954
1776179958348865000,32.06386499023437,0.0973354618534445,-0.0551280129820108,-0.1157068387158214
1776179958358798000,32.073798095703125,0.1417427588567137,-0.0527753123760223,-0.139982617316395
1776179958368731100,32.08373120117187,0.1191232230305671,-0.043991701939702,-0.1378640907924622
1776179958378664000,32.093663818359374,0.086485858798027,-0.0111404026955366,-0.1227995734557509
1776179958388596000,32.103595947265624,0.0425000020772218,0.013804653468728,-0.1271481971193105
1776179958398529000,32.11352905273438,0.0067322308644652,0.0040612580895423,-0.1408296625997871
1776179958408462000,32.123462158203125,0.0106862291872501,0.0192477213054895,-0.1061396036211401
1776179958418395100,32.13339501953125,-0.0278387317791581,0.0212058696359396,-0.1178621170535683
1776179958428328000,32.143327880859374,-0.0733048901855945,0.0428127212882041,-0.1661087730240076
1776179958438260000,32.153260009765624,-0.1559407955572009,0.0311035787940025,-0.1662158135950565
1776179958448193000,32.16319311523438,-0.2403308511197567,0.0267056360960006,-0.1242577363748103
1776179958458126000,32.1731259765625,-0.2184124493002891,0.0515372950136661,-0.1253918549712747
1776179958468059100,32.18305908203125,-0.1439063666313886,0.0417342784017324,-0.1256226680524647
1776179958477991200,32.1929912109375,-0.0944321416273713,0.0497030653238296,-0.1525840324752032
1776179958487924200,32.20292431640625,0.0227171509817242,0.0778121384769678,-0.1265481853995472
1776179958497857000,32.21285693359375,-0.0149251819312572,0.0802086782246828,-0.1458155612535774
1776179958507790000,32.2227900390625,-0.0030383447825908,0.0867518162578344,-0.113088326780498
1776179958517723100,32.23272314453125,0.0281327462896704,0.1017991632640361,-0.0870371360052377
1776179958527655200,32.2426552734375,0.1640931223526597,0.0965554173916578,-0.0959174117490649
1776179958537588200,32.252588134765624,0.0598787146404385,0.0608510668039321,-0.1315403676636517
1776179958547521000,32.26252099609375,0.1027370286360383,0.086622052398324,-0.1116943882040679
1776179958557454000,32.2724541015625,0.0746422762691974,0.0540068999975919,-0.1416525963552296
1776179958567387100,32.28238720703125,0.0260173615708947,0.0434995345085859,-0.1793628068726509
1776179958577319200,32.29231909179688,0.0180544198676943,0.0555441925674676,-0.1877997958283871
1776179958587252200,32.302252197265624,-0.0294493818461894,0.074063015076518,-0.1674477665428072
1776179958597185000,32.31218505859375,-0.0867605840861797,0.0672106649637222,-0.2100824278503656
1776179958607118000,32.3221181640625,-0.0726674690648913,0.1090372978240251,-0.1663120405111461
1776179958617050000,32.33205004882812,-0.0600268909394741,0.0988759692937135,-0.179093561477214
1776179958626983200,32.34198315429688,0.0285234991729259,0.1235913083553314,-0.1600968192581087
1776179958636916200,32.35191625976562,0.0642737347289919,0.112114805573225,-0.1930456605926156
1776179958646849300,32.36184936523438,0.065737669801712,0.1057809263765811,-0.2062712720643728
1776179958656782000,32.37178198242187,0.1071010690644383,0.0851180775761604,-0.2134947205118834
1776179958666714000,32.38171411132812,0.0977297218680381,0.0773053579986095,-0.2048185890380293
1776179958676647200,32.39164721679688,0.0774950353518128,0.0849719471037387,-0.2112175693601369
1776179958686580200,32.40158032226562,0.0311620309829711,0.0946960532605648,-0.15921557944417
1776179958696513300,32.41151318359375,-0.0567485999211668,0.0682335782706737,-0.1634403575323522
1776179958706446000,32.42144604492187,-0.0719049602597951,0.0669821169048547,-0.1576053677685558
1776179958716377900,32.4313779296875,-0.1262578972160816,0.0497603484690189,-0.1227076573885977
1776179958726311200,32.44131127929688,-0.1637152289509773,0.0401496395587921,-0.1762126722786575
1776179958736244200,32.451244140625,-0.1585261358752846,0.1081476555079221,-0.0800007345624268
1776179958746177300,32.46117724609375,-0.0933157048180699,0.0451928944230079,-0.1257744245480746
1776179958756109000,32.471109130859375,-0.0626540245726704,-0.0684545275449752,-0.3372187884014099
1776179958766042000,32.4810419921875,-0.0144122639730572,-0.1457733295470476,-0.4276760350484401
1776179958775975000,32.490974853515624,0.0656692807406187,-0.0858534061133861,-0.3741788381386548
1776179958785908000,32.50090795898438,0.1392258075997233,-0.0752116005897522,-0.3249258546698838
1776179958795841000,32.510841064453125,0.1381187231406569,-0.0556903230398893,-0.3268363644663244
1776179958805773000,32.52077294921875,0.0830626063510775,-0.0587614010483026,-0.3403549675352871
