time,seconds_elapsed,z,y,x
1776177156794529800,3.07752978515625,-0.0184311442255973,-0.3385404654592275,-0.2461761065492406
1776177156804460800,3.087460693359375,-0.0236988554954528,-0.1521633228451013,-0.1878587960066273
1776177156814391600,3.0973916015625,-0.0062543842196464,-0.0818354026436805,-0.0319898966418579
1776177156824323600,3.107323486328125,-0.0941232218086719,0.0173158764600753,0.055123053679103
1776177156834254800,3.1172548828125,-0.2073626474976539,0.0331061507880687,-0.011081795242941
1776177156844185600,3.127185546875,-0.2519078916668891,-0.0063818099915981,-0.1393510962135158
1776177156854116600,3.13711669921875,-0.3054851680755615,0.0041892683833837,-0.1578959116803482
1776177156864047900,3.1470478515625,-0.2363818212330341,-0.0171060331016778,-0.1628126175554469
1776177156873978600,3.156978515625,-0.126229986295849,-0.0304600201934576,-0.1472817430823109
1776177156883909600,3.16690966796875,-0.1483528246462345,0.0068359834998846,-0.0969990147070027
1776177156893840600,3.176840576171875,-0.1893549893811345,0.0555395163923501,-0.0901142418956384
1776177156903771600,3.186771728515625,-0.1633013874530792,-0.0044897126346826,-0.1561662383435293
1776177156913702700,3.19670263671875,-0.1057142908811569,0.1091682307273149,-0.3075832728659733
1776177156923633700,3.206633544921875,-0.0011656827785074,0.3611030104011297,-0.1640594575450755
1776177156933564700,3.216564697265625,0.020475801795721,-0.1890951694011688,-0.1835656471236608
1776177156943495700,3.22649560546875,0.2180298797234892,-0.3509270688235759,-0.272186070264969
1776177156953426700,3.2364267578125,0.2005224262140691,-0.3259977947503328,-0.0953743178483098
1776177156963357700,3.246357666015625,0.1499310337483883,-0.5218108742296695,0.0757824044813402
1776177156973288700,3.256288818359375,0.1329097563207149,-0.5100035320580005,0.1691571642765775
1776177156983219700,3.2662197265625,0.055096887191385,-0.454994177019596,0.1210039404769428
1776177156993150700,3.276150634765625,0.0569147502683103,-0.2793967870950699,0.0044565958163701
1776177157003082800,3.286082763671875,0.1055855499349534,-0.1780412759453058,-0.012683485685382
1776177157013013500,3.296013427734375,0.1886766517281532,-0.1699199288100004,0.1556792768104933
1776177157022944800,3.30594482421875,0.2516412035547197,-0.1719581566393375,0.3232014785626903
1776177157032875800,3.315875732421875,0.2507937929451465,-0.1743406678617,0.4113527498222887
1776177157042806500,3.325806640625,0.2181518986679613,-0.1500631356954574,0.4071648331457749
1776177157052737800,3.33573779296875,0.2277412725292146,-0.0465688589513301,0.3835764888200909
1776177157062668500,3.34566845703125,0.2651088801540434,0.0759071816384792,0.4215950346343219
1776177157072599600,3.355599609375,0.2915513352692127,0.1860369508743286,0.4290340620612725
1776177157082530800,3.36553076171875,0.2794951329030096,0.2783095763802528,0.3823971793750301
1776177157092461600,3.375461669921875,0.2283819085203111,0.3324415640622377,0.2566148637814447
1776177157102392600,3.385392578125,0.2362602406799793,0.3613812428206205,0.1697033634498715
1776177157112323800,3.39532373046875,0.1890859631814062,0.3975035265594721,0.1075863318307325
1776177157122254600,3.405254638671875,0.0735375298976898,0.4475158039629459,0.1248082829296588
1776177157132185600,3.415185546875,-0.0095220077134668,0.4039309292584657,0.0471012853275984
1776177157142116600,3.42511669921875,-0.0154958214260637,0.352661345270276,-0.0368172437330707
1776177157152047600,3.435047607421875,-0.0578815494738519,0.3314800255537032,-0.0441127710361033
1776177157161978600,3.444978515625,-0.1120502159044146,0.3363356488913297,-0.089536734268628
1776177157171909600,3.45490966796875,-0.1315102647863328,0.2837766096144914,-0.1216443755386397
1776177157181840600,3.464840576171875,-0.0651473026931285,0.1598228976875543,-0.076055102209188
1776177157191772700,3.474772705078125,0.0644096360683441,0.076370122975111,-0.0774187187125906
1776177157201703400,3.484703369140625,0.0257401520647108,0.0658919835805892,-0.0753696041630581
1776177157211634700,3.494634765625,0.0842259510420262,-0.0491699813604354,-0.0250592936610802
1776177157221565700,3.504565673828125,0.0704525694943964,-0.165614340570569,-0.0694959628893062
1776177157231496400,3.514496337890625,0.0165045600771903,-0.3256500042259693,-0.0715310123808681
1776177157241427700,3.524427734375,0.0432207175672054,-0.462642645946145,0.0215733147088438
1776177157251358700,3.534358642578125,0.1205424421787261,-0.4913227969855069,-0.0608483633901923
1776177157261289500,3.54428955078125,0.0640050007902085,-0.4401712864190339,-0.1484617283808067
1776177157271220700,3.554220703125,-0.0130548580147325,-0.3844271873652934,-0.0907031842321157
1776177157281151700,3.56415185546875,0.0136425947748124,-0.3583639408260584,-0.0842389931866899
1776177157291082500,3.57408251953125,0.0526454023860394,-0.3056079176723957,-0.1136851601624861
1776177157301013800,3.584013671875,0.1105867192231118,-0.2920171992152929,-0.1062041202247142
1776177157310944500,3.593944580078125,0.1505994345292449,-0.3148515468358993,-0.1199872559813782
1776177157320875500,3.60387548828125,0.1060989062845707,-0.2426701077222824,-0.135950256527774
1776177157330806800,3.613806884765625,0.0182451201342046,-0.230939922440052,-0.1069466822203248
1776177157340737500,3.623737548828125,-0.0956349415458738,-0.2237766066819429,-0.0676331281594932
1776177157350668500,3.63366845703125,-0.1712685669399797,-0.2080161429703235,-0.0645937604635953
1776177157360600800,3.643600830078125,-0.2189328199125826,-0.1785007101505994,-0.0952631856240332
1776177157370531600,3.653531494140625,-0.2975834550403058,-0.0945230347812175,-0.119418461383786
1776177157380462600,3.663462646484375,-0.3598223229408264,-0.0290489843517541,-0.0772855207869783
1776177157390393900,3.673393798828125,-0.323998145365715,0.0588917494297027,-0.0671639214788563
1776177157400324600,3.68332470703125,-0.3062240037441253,0.1709597932517528,-0.0353115884104743
1776177157410255600,3.693255615234375,-0.3712954647220671,0.3003548194497824,-0.0151904635376296
1776177157420187000,3.703186767578125,-0.2302899340987205,0.3448772672653198,0.0065839815001934
1776177157430117600,3.71311767578125,-0.0998477369353175,0.3981289649814367,0.0697914752371609
1776177157440048600,3.723048583984375,-0.1680205249294638,0.4971259303063154,0.0764736198822036
1776177157449980000,3.73297998046875,-0.1124573354005813,0.5208692094653844,0.1186799545087851
1776177157459910700,3.74291064453125,-0.0131438514724373,0.5627952110469341,0.2655032315001823
1776177157469841700,3.752841552734375,0.0324503172278404,0.4788619593411684,0.3005545067403465
1776177157479772700,3.762772705078125,-0.0064963762819767,0.4070826712876558,0.2167630563917569
1776177157489703700,3.77270361328125,-0.010359043059498,0.3258247762709856,0.1347477306039072
1776177157499634700,3.782634765625,0.0001157353341579,0.2566331666231155,0.1029894324945285
1776177157509565700,3.792565673828125,0.0379006915882229,0.2087953106492757,0.0659863838657736
1776177157519496700,3.80249658203125,0.0062172670796513,0.215885561171174,0.0883930075936019
1776177157529428700,3.8124287109375,-0.0008063479468226,0.2195458372443914,0.1248913398369215
1776177157539359500,3.822359375,-0.0173214294180274,0.2059738234877586,0.1378931707564741
1776177157549290800,3.832290771484375,-0.0521475358664989,0.2063023247897625,0.1754582919810898
1776177157559221800,3.8422216796875,-0.0352265039429068,0.1655535502940416,0.1792514006537385
1776177157569152500,3.852152587890625,-0.0414504930242896,0.0966641384631395,0.1177033828279003
1776177157579083800,3.862083740234375,-0.0443336472451686,0.0117038817971944,0.0679280742517672
1776177157589014800,3.872014892578125,-0.0475774514719843,0.0312777663171291,0.0730154787849634
1776177157598945500,3.881945556640625,-0.0653667906627059,0.03750526252985,0.123636590535473
1776177157608876800,3.891876708984375,-0.0773860220193862,0.0789496180742979,0.1331303950677625
1776177157618807600,3.9018076171875,-0.0964005190908908,0.0680348408281803,0.1684693646755069
1776177157628738600,3.911738525390625,-0.0818202050745487,0.0167956519782543,0.1661823131842538
1776177157638669800,3.921669921875,-0.052981064081192,-0.0378518840104341,0.1852748987269587
1776177157648600600,3.9316005859375,-0.01959171243757,-0.1330728379279375,0.2059581875272095
1776177157658531000,3.941531005859375,0.0029272856235504,-0.2099427271187305,0.2435873138987459
1776177157668462000,3.951462158203125,-0.0431596350297331,-0.2541004332751035,0.251989980459772
1776177157678393000,3.96139306640625,-0.0757771255180239,-0.2751402986943722,0.2405678930123336
1776177157688324000,3.971323974609375,-0.0226923088014125,-0.2589116329491138,0.242963537710905
1776177157698255000,3.981255126953125,-0.0345391062006354,-0.2537760236263275,0.2123625016115605
1776177157708187100,3.991187255859375,-0.0530735646702349,-0.2365869884163141,0.2045606139552779
1776177157718118000,4.001117919921875,-0.0100347795411944,-0.2087684226423501,0.1734583138029091
1776177157728049200,4.011049072265625,0.0380246102288365,-0.1470253754347562,0.1665863091415725
1776177157737980200,4.020980224609375,0.044388884563744,-0.0387029478818178,0.2084648731185123
1776177157747911000,4.030910888671875,0.0229703950904309,0.0316226342320442,0.2156867871960625
1776177157757842200,4.04084228515625,-0.0005355681814253,0.0664917030394077,0.225778448023647
1776177157767773200,4.050773193359375,-0.0433130720257759,0.0987099650770425,0.1983492286271415
1776177157777704000,4.060703857421875,-0.0598996112979948,0.1004927568405866,0.1611670240391977
1776177157787635200,4.07063525390625,-0.0664884881690144,0.0908697729706764,0.1168036392428912
1776177157797566000,4.08056591796875,-0.0480747334696352,0.0910965674638748,0.0859117669708095
1776177157807497000,4.0904970703125,-0.0182604638338088,0.0931342107713222,0.0321908808403648
1776177157817428200,4.10042822265625,0.0002057517051696,0.1185007072180509,0.0470114150870591
1776177157827359000,4.11035888671875,0.0301459858082234,0.1208861410498619,0.0887920168485492
1776177157837290000,4.1202900390625,0.0158744454801082,0.1732809296756982,0.1035097665742039
1776177157847221200,4.13022119140625,0.0365960387304425,0.1700128677904605,0.1166068928280845
1776177157857152000,4.140152099609375,0.0768427089229226,0.198630474987626,0.0859653968541882
1776177157867083000,4.1500830078125,0.1209191665366292,0.1470247909128665,0.0273999019704759
1776177157877015000,4.16001513671875,0.134753192230314,0.1463169349044561,0.0159701974721625
1776177157886946000,4.169946044921875,-0.0071032561339437,0.0933943230122327,-0.2032686927149072
1776177157896877000,4.179876953125,-0.1170727202415466,0.0737204852491617,-0.1554444634076207
1776177157906808000,4.18980810546875,-0.0929006942763924,0.1426759480535984,0.0035060536258853
1776177157916739000,4.199739013671875,-0.1153401973605155,0.0820195270389318,0.0671022361531853
1776177157926670000,4.209670166015625,-0.1994542124606668,-0.0580827711343765,0.0236636289184447
1776177157936600800,4.219600830078125,-0.2419479309275746,-0.2349409747749566,0.0709903387660626
1776177157946532000,4.229531982421875,-0.1849779433406889,-0.3848842834830284,0.1426499642289709
1776177157956463000,4.239463134765625,-0.0967559083998203,-0.5416156448960304,0.2460706003481522
1776177157966393900,4.249393798828125,-0.1400210496306419,-0.685999565911293,0.2583001865198835
1776177157976325000,4.2593251953125,0.0513629613600671,-0.7656272293776273,0.1663846308233216
1776177157986256100,4.269256103515625,0.2494330259859561,-0.8284183243334293,0.130406504795514
1776177157996187000,4.279186767578125,0.2612625799894332,-0.87366207216084,0.1512239596357569
1776177158006118100,4.2891181640625,0.2784171284079551,-1.030488710641861,0.187799430502206
1776177158016049200,4.299049072265625,0.1565855232015252,-1.2539449993282556,0.2053591804544441
1776177158025980000,4.30897998046875,0.0069327218726277,-1.4858411995798348,0.2527587363425642
1776177158035911200,4.3189111328125,-0.1734589165911078,-1.6028677425920963,0.2896644438103772
1776177158045843200,4.32884326171875,-0.3919356632992625,-1.591377795806527,0.3265977334048598
1776177158055774000,4.33877392578125,-0.5199684612333775,-1.4270757068783044,0.378169332546927
1776177158065705000,4.348705078125,-0.5228334952756762,-1.137051142784953,0.4030772715711966
1776177158075636200,4.35863623046875,-0.4458452404022217,-0.7744862431377172,0.3515250347167253
1776177158085567000,4.36856689453125,-0.399570103700459,-0.451012413907051,0.2248397241351194
1776177158095498000,4.378498046875,-0.3355658335626125,0.0002823240727186,0.2142780163766816
1776177158105429000,4.388428955078125,-0.255776257532835,0.4232464551031589,0.1877247578307986
1776177158115360000,4.398360107421875,-0.2011617470309138,0.7482955708265304,0.1006072317994199
1776177158125291000,4.408291015625,-0.2218567445352673,1.0805407355338337,-0.0270064091408625
1776177158135222000,4.418221923828125,-0.2432648587450385,1.3312602941989895,-0.1021624253521673
1776177158145153000,4.428153076171875,-0.2687058817327022,1.4581430453151465,-0.2437777036380022
1776177158155084000,4.438083984375,-0.2495075525268912,1.458524153587222,-0.3834762798486277
1776177158165015000,4.44801513671875,-0.1327183254018425,1.3917372669935226,-0.3506085043936968
1776177158174946000,4.457946044921875,-0.0500663456782698,1.360052088919282,-0.2755707442671992
1776177158184877000,4.467876953125,-0.024369886624813,1.273688979718089,-0.1798437039910815
1776177158194808000,4.47780810546875,-0.0506163807764649,1.1574269913375377,-0.1283974847943522
1776177158204739000,4.487739013671875,-0.0604644055739045,1.0175783756643533,-0.0917348197016399
1776177158214669800,4.497669921875,-0.1096785183370113,0.8754086235672235,-0.0768678433641791
1776177158224602000,4.50760205078125,-0.1503393222883343,0.7135200255215167,-0.0611183257382595
1776177158234533000,4.517533203125,-0.2418751579523086,0.5793927101045847,-0.0763166255224729
1776177158244463900,4.5274638671875,-0.232359141588211,0.4309650666564703,-0.0660081116403918
1776177158254395100,4.53739501953125,-0.1758519492074847,0.2716150471776724,-0.0738692597698187
1776177158264326100,4.547326171875,-0.1245242052912712,0.1474351252794265,-0.0320956448715413
1776177158274257000,4.5572568359375,-0.0822682411029934,0.0885042128831148,0.0303908959134249
1776177158284188200,4.567188232421875,-0.0789212687626481,0.1046539681732654,0.0443359670664183
1776177158294119200,4.577119140625,-0.0950038040354847,0.1120604450374841,0.0799180064487271
1776177158304050000,4.5870498046875,-0.1089011042237281,0.1017974096983671,0.1162588831080123
1776177158313981200,4.596981201171875,-0.1390720783427357,0.0922118352293968,0.1115956953362561
1776177158323912200,4.606912109375,-0.1919210404768586,0.0874590877443552,0.0823067099498584
1776177158333843000,4.616843017578125,-0.2235468895792961,0.1037204867154359,0.0766046532501932
1776177158343774200,4.626774169921875,-0.2133200945973396,0.1164712472170591,0.1052461527795996
1776177158353705000,4.636705078125,-0.2055380624189972,0.1450473533600568,0.1544816462574526
1776177158363636000,4.646635986328125,-0.2082850230395793,0.2090565919339656,0.2413928360617719
1776177158373567200,4.656567138671875,-0.1971522191286087,0.2878776151925325,0.2824064172398299
1776177158383499300,4.666499267578125,-0.1240299920335411,0.3995779947459697,0.2820310628551058
1776177158393430000,4.676429931640625,-0.0683081048116087,0.43150633392632,0.3049783693308942
1776177158403361000,4.686361083984375,-0.0194867907583713,0.4270055153757333,0.1633238732795231
1776177158413292000,4.6962919921875,0.0474514870047569,0.3582295007914304,-0.0062785197221266
1776177158423223000,4.70622314453125,0.1604839919447898,0.2174883201926946,-0.1752982060485519
1776177158433154000,4.716154052734375,0.209546421277523,0.1417693546026945,-0.2450313569609075
1776177158443085000,4.7260849609375,0.234465612348169,0.1279974343597889,-0.2694192541664466
1776177158453016000,4.73601611328125,0.2271115963235497,0.1178641628801822,-0.2375703551641665
1776177158462947000,4.745947021484375,0.2250467727482318,0.0787847829014062,-0.1615694856265559
1776177158472878000,4.755878173828125,0.2619811035223305,0.0549503183275461,-0.0264277553029591
1776177158482809000,4.76580908203125,0.2922581683643162,0.0215180043250322,0.0044266071034828
1776177158492740000,4.775739990234375,0.3476820955529808,-0.068546297481656,0.0311236945668468
1776177158502671000,4.785671142578125,0.3969464771986007,-0.1394616621822118,0.1381973413348197
1776177158512602000,4.79560205078125,0.2381656359098851,-0.2115525004029274,0.1427931264261715
1776177158522532900,4.805532958984375,-0.0114727033898234,-0.3096796971559524,0.0920293548019602
1776177158532465000,4.81546484375,-0.0543384700395166,-0.4497849179387092,0.091400920705311
1776177158542396200,4.825396240234375,-0.0930981165446341,-0.5521785399645567,0.1375428046825342
1776177158552327200,4.8353271484375,-0.0424441802367568,-0.659872606486082,0.1939612958665005
1776177158562258000,4.8452578125,-0.0199099846065044,-0.7199719781398772,0.2375775155573151
1776177158572189200,4.855189208984375,-0.0274316122829914,-0.7029694054126739,0.2791070103682577
1776177158582120000,4.865119873046875,-0.0609220862135291,-0.6573521480977534,0.2637455924442037
1776177158592051000,4.875051025390625,-0.0887479585111141,-0.5683078369885682,0.2103230134068988
1776177158601982200,4.884982177734375,-0.0363866337634623,-0.451157959857583,0.2050807105729356
1776177158611913000,4.894912841796875,-0.0356114116072654,-0.3340788098752498,0.1741518307587131
1776177158621844000,4.904843994140625,-0.0234780523516237,-0.2403893033087253,0.1565500682956539
1776177158631775200,4.914775146484375,-0.0105506201088428,-0.1988303814738988,0.153655205370672
1776177158641706000,4.9247060546875,-0.0111997316673398,-0.1703448762238025,0.1585159067422151
1776177158651637000,4.934636962890625,-0.0625400428041815,-0.141854110276699,0.1299140542366076
1776177158661568000,4.944568115234375,-0.0794189891517162,-0.138254624480009,0.1140824523843824
1776177158671499000,4.9544990234375,-0.1060614968836307,-0.1340069039076566,0.0717652549615828
1776177158681429800,4.9644296875,-0.1623649833858013,-0.0872083278536796,0.0029997851750027
1776177158691361000,4.974361083984375,-0.1735664686188101,-0.0392629198521375,0.0036542944278247
1776177158701293000,4.98429296875,-0.1807560878619551,0.023340543577075,0.0338774708039942
1776177158711223800,4.994223876953125,-0.1297265962399542,0.073885904943943,-0.0028443485889409
1776177158721154800,5.00415478515625,-0.0902376125469803,0.1192792903751134,0.0135959026639407
1776177158731086000,5.014086181640625,-0.0455111665919423,0.1448018541663885,0.021252640520269
1776177158741016800,5.024016845703125,-0.0621817308858037,0.1307207218438386,-0.0209634528819238
1776177158750947800,5.03394775390625,-0.0691910251259803,0.1218038404166698,-0.0488162542856298
1776177158760878800,5.04387890625,-0.045903380779922,0.0808785403102636,-0.0820021009800955
1776177158770809900,5.053809814453125,-0.0478650362417101,0.0966115314930677,-0.0681724866000469
1776177158780740900,5.063740966796875,-0.0684698712445795,0.1022697033852338,-0.0722216432598419
1776177158790672000,5.073671875,-0.0842035930797457,0.0945925928860902,-0.0602472967910813
1776177158800603000,5.083602783203125,-0.0774783764779567,0.0982569606125354,-0.0070816219741594
1776177158810534000,5.093533935546875,-0.0490016390562057,0.0860655875593423,0.0820174629460088
1776177158820465000,5.10346484375,-0.0134647539898753,0.0617839637398719,0.0844697697352618
1776177158830396000,5.11339599609375,-0.0497860674321651,0.0988122564077377,0.0824405106636695
1776177158840327000,5.123326904296875,-0.0806239810273051,0.1061035824596881,0.0579785892406944
1776177158850259000,5.133259033203125,-0.082509648643434,0.0439092843532562,0.0606218611579388
1776177158860190000,5.14318994140625,-0.0938718773961067,0.0122205991476774,0.0511969525768188
1776177158870121000,5.153120849609375,-0.1190866904124617,-0.0183259302854537,0.0004491776727605
1776177158880052000,5.163052001953125,-0.1432815127313137,-0.0337719212204217,-0.0365638626270461
1776177158889983000,5.17298291015625,-0.1528162337958812,-0.0637654929459095,-0.0174970782458782
1776177158899914000,5.1829140625,-0.162596746315062,-0.050026890450716,-0.0370147208002395
1776177158909845000,5.192844970703125,-0.1392471426486969,-0.1106751281589269,-0.0203273606352042
1776177158919776000,5.20277587890625,-0.1321647831723094,-0.0925771614104509,0.032648588879453
1776177158929706800,5.212706787109375,-0.1241428047582507,-0.1034083520263433,0.0095258436383679
1776177158939638000,5.222637939453125,-0.1326164724625647,-0.1015501569390296,-0.0340072826125659
1776177158949569000,5.232569091796875,-0.1375789171755314,-0.1072112514406442,-0.0216770673442631
1776177158959499800,5.242499755859375,-0.133043904094398,-0.1024134957700967,0.0182247805990744
1776177158969431000,5.25243115234375,-0.0873342923209071,-0.0946229880243539,0.0298520808955654
1776177158979362000,5.262362060546875,-0.0523857285365462,-0.1146042843014001,-0.0112882502010092
1776177158989292800,5.272292724609375,-0.0195382286846637,-0.1169610765606164,-0.0179402828355785
1776177158999224000,5.28222412109375,0.0233303144440054,-0.2029781488031148,-0.0777859354566317
1776177159009156000,5.292156005859375,0.0060915948733687,-0.3558768001854419,-0.1990887766817584
1776177159019086800,5.3020869140625,-0.0095016955778002,-0.4086567887365818,-0.2812989309219643
1776177159029017900,5.312017822265625,-0.0356641647078096,-0.4831383214861154,-0.3234468681585044
1776177159038949000,5.32194921875,0.1126411675348877,-0.5351391423583031,-0.258382823302038
1776177159048879900,5.3318798828125,0.2094189955055713,-0.468148257625103,-0.1264500222546979
1776177159058811000,5.341810791015625,0.1450736568450927,-0.3779992001444101,-0.0981281831337139
1776177159068742000,5.351741943359375,0.2119965909086167,-0.2632861947715282,-0.0036339040895225
1776177159078673000,5.3616728515625,0.1787900484859943,-0.0693845018714666,0.1336759183876216
1776177159088604000,5.37160400390625,0.1292179160654544,0.1778817014694213,0.232220865628682
1776177159098535000,5.381534912109375,0.1322853408120572,0.3714648299396038,0.2902733877552673
1776177159108466000,5.3914658203125,0.1324795482099056,0.5026426479011774,0.3386369481036439
1776177159118397000,5.40139697265625,0.1211553133800625,0.5867921727061272,0.3121338488424197
1776177159128328000,5.411327880859375,0.1153306988798081,0.5862240174293518,0.2259692761543206
1776177159138259000,5.421259033203125,0.1042107544504106,0.5699883374214172,0.1513403616901952
1776177159148190000,5.43118994140625,0.0908943228900432,0.5449065031349659,0.0718338586518075
1776177159158121700,5.441121826171875,0.0437985174551606,0.5030594120085239,-0.0273805990483844
1776177159168053000,5.451052978515625,-0.0103203184843063,0.4055722667247057,-0.0910842377052642
1776177159177984000,5.46098388671875,-0.0773693631455302,0.3303197496026754,-0.0644285645310999
1776177159187914800,5.470914794921875,-0.129093705163896,0.291502235430479,0.0053972605002345
1776177159197846000,5.480845947265625,-0.2103276347830891,0.290513808915019,0.0215491118493489
1776177159207777000,5.490777099609375,-0.2502035719670355,0.2924953381210565,0.0638103778338292
1776177159217707800,5.500707763671875,-0.2659302795395254,0.309667422196269,0.0997022366505581
1776177159227639000,5.51063916015625,-0.2324164247334003,0.2940975126206874,0.1119621083626989
1776177159237569800,5.52056982421875,-0.1856770315207541,0.2732540465563535,0.0916201164139434
1776177159247500800,5.530500732421875,-0.1549032692030072,0.2517149994432926,0.0565212985378922
1776177159257432000,5.54043212890625,-0.1161652500078082,0.216754745221138,0.0144982160903047
1776177159267362800,5.55036279296875,-0.0634054274618625,0.1812391952037811,0.0134538718362571
1776177159277293800,5.5602939453125,-0.0505269489273428,0.1396715055406093,-0.018536394698359
1776177159287225000,5.57022509765625,-0.043767830055952,0.0979132617413997,-0.0511355138463201
1776177159297155800,5.58015576171875,-0.0049336570098996,0.0299526551932096,-0.0541266036873916
1776177159307088000,5.590087890625,-0.0044894203737378,-0.0048497781187295,-0.0263863821129547
1776177159317019000,5.600018798828125,-0.0006219312906265,-0.057539165776968,0.014335253214091
1776177159326950000,5.609949951171875,0.0751889503665268,-0.0985223335504531,0.037516350179445
1776177159336881000,5.619880859375,0.1361293028891086,-0.1139747542262077,0.1250344381020404
1776177159346812000,5.62981201171875,0.1386208274438977,-0.0582055207312107,0.2172497439301572
1776177159356743000,5.639742919921875,0.1183668517053127,0.0143991122305393,0.13820504971724
1776177159366674000,5.649673828125,0.1446598153471946,0.0542541527569293,0.0163865688538644
1776177159376605000,5.65960498046875,0.0671545508623123,0.1216834289073944,0.0257169355859048
1776177159386536000,5.669535888671875,-0.0846679957211017,0.4463771553218364,0.155047737441305
1776177159396467000,5.679467041015625,-0.1969758396483957,0.0992652608722448,0.0088328746718354
1776177159406397700,5.689397705078125,-0.2208195104420185,-0.0692857176721096,-0.0956898592040408
1776177159416329000,5.699328857421875,-0.1728983600988984,-0.2717430574715137,-0.1344616802041418
1776177159426260000,5.709260009765625,-0.1347486621856689,-0.5914098956346512,-0.210205250512436
1776177159436190700,5.719190673828125,-0.1428419522702693,-0.7117495087176561,-0.1497009421864058
1776177159446122000,5.7291220703125,-0.1657167780317366,-0.7769494183808565,-0.0996866737552452
1776177159456053000,5.739052978515625,-0.1389116270840168,-0.8706196357250213,-0.1102120406918227
1776177159465984800,5.74898486328125,-0.1907549193069338,-0.8420932139426469,-0.004227307971986
1776177159475916000,5.758916015625,-0.2420687808282673,-0.7924602912455797,0.03093133663279
1776177159485847000,5.768846923828125,-0.2967969808377325,-0.6892232041329145,0.142712206677068
1776177159495777800,5.77877783203125,-0.3968427245631813,-0.7808598698228597,-0.0265572223349474
1776177159505709000,5.788708984375,-0.3680067984402179,-0.8494435767054558,-0.1853712169745937
1776177159515640000,5.79864013671875,-0.2529671914614737,-0.6668593966335058,-0.2256639182658865
1776177159525570800,5.80857080078125,-0.1456064485475421,-0.5028355401247739,-0.1282209409173578
1776177159535502000,5.818502197265625,-0.1050651793226599,-0.2107581351548433,0.0070445116840302
1776177159545432800,5.828432861328125,-0.1826920243605971,0.0743488462805748,0.1699615394620224
1776177159555363800,5.83836376953125,-0.0809925220787525,0.2782312504470348,0.3156587350329384
1776177159565295000,5.848295166015625,0.0168716398239135,0.407723891800642,0.3539186518549919
1776177159575225900,5.858225830078125,-0.1359611067153513,0.526550762233138,0.2998619578989222
1776177159585156900,5.868156982421875,-0.2716974647641181,0.6178776313215494,0.1543809806282632
1776177159595088100,5.878088134765625,-0.2556359722793102,0.6355968278855085,0.0625803748145699
1776177159605019000,5.888018798828125,-0.3129308079063892,0.5911421846091747,0.066703921017982
1776177159614951000,5.897950927734375,-0.2056535054922103,0.5454793345868587,0.0841759013552218
1776177159624882000,5.9078818359375,-0.1510825418710708,0.4708253678798675,0.172847287498787
1776177159634813000,5.91781298828125,-0.1435045078322291,0.3649818976610898,0.2072170467481948
1776177159644744000,5.927743896484375,-0.1462809868082404,0.2727092721551656,0.1918034967781044
1776177159654675000,5.937675048828125,-0.101985918007791,0.2260638408362865,0.2221215694839134
1776177159664606700,5.947606689453125,-0.0341921924591064,0.2066466081827878,0.2726852336924523
1776177159674538000,5.9575380859375,0.0086987086318433,0.185014037567377,0.2940966175715439
1776177159684468700,5.96746875,0.0257727391600608,0.1499772109776735,0.2762528813124634
1776177159694399700,5.977399658203125,0.013355156135559,0.1572071622312069,0.3362335767563432
1776177159704330800,5.987330810546875,0.0123524088338017,0.1760217528164386,0.4062300730463117
1776177159714261800,5.99726171875,0.0352072147205472,0.2031014829218387,0.428151872399263
1776177159724192800,6.00719287109375,0.0177159816935658,0.2119604966819286,0.3980397888606414
1776177159734123800,6.017123779296875,-0.0147919109404087,0.2170639573007821,0.3135472593042999
1776177159744054800,6.0270546875,-0.0892297506786882,0.1472311271399259,0.2261940613535232
1776177159753985800,6.03698583984375,-0.1203866670951247,0.0869470465689897,0.1536828970951959
1776177159763917600,6.04691748046875,-0.1404369369551539,-0.0017196633994579,0.063561202545464
1776177159773848800,6.056848876953125,-0.1443698924899101,-0.1163555118829011,0.0034093335194513
1776177159783779800,6.06677978515625,-0.1607654392346739,-0.2228746894061565,-0.0460972959168255
1776177159793710600,6.076710693359375,-0.1700686896309256,-0.2857078699380159,-0.0822197805850766
1776177159803641900,6.086641845703125,-0.1839279958963394,-0.2958826424717903,-0.1004569000759161
1776177159813572900,6.09657275390625,-0.2090396407991647,-0.2831447414517402,-0.106472287907917
1776177159823503600,6.106503662109375,-0.1459714824676513,-0.2697469152182341,-0.07803750819806
1776177159833435000,6.116434814453125,-0.0533273933008313,-0.2332055292844772,-0.0516237677207216
1776177159843366000,6.126365966796875,0.0522679473757743,-0.2102478475451469,-0.0256886228068731
1776177159853296600,6.136296630859375,0.2056216490492224,-0.2231611051321029,0.0026412900227122
1776177159863228000,6.146227783203125,0.1697027789279818,-0.2030091284632682,0.0558962026092223
1776177159873158700,6.15615869140625,0.069421034489572,-0.167591193601489,0.0886272547408938
1776177159883089700,6.166089599609375,-0.0103366850972175,-0.1204383972823619,0.1190353255514055
1776177159893021000,6.17602099609375,-0.074831369100511,-0.0022422259688377,0.1644872545030899
1776177159902951700,6.18595166015625,-0.0994981928452849,0.1097334633946418,0.1542379919609986
1776177159912883700,6.1958837890625,-0.0695887922719121,0.1456786370009183,0.1266507507248781
1776177159922814700,6.205814697265625,-0.0229123812928795,0.1495282981663942,0.1135505374647676
1776177159932745700,6.215745849609375,0.004641980586946,0.1749491551488637,0.0763283296599984
1776177159942676700,6.2256767578125,0.037702830928564,0.1719593256831169,0.0615105170933529
1776177159952607700,6.235607666015625,0.016866963648796,0.202817405283451,0.0331647308412008
1776177159962538800,6.245538818359375,-0.0067243398189544,0.2079769800037145,0.0558359785882756
1776177159972469800,6.2554697265625,-0.0355985521256923,0.2047965964019298,0.0864328865017741
1776177159982400800,6.26540087890625,-0.0193961898654699,0.1809691460907459,0.0887236460537649
1776177159992331800,6.275331787109375,-0.0416378322899341,0.1604641182005405,0.0865126554734073
1776177160002262800,6.2852626953125,-0.082192545518279,0.1660445486813783,0.1236207719118334
1776177160012193800,6.29519384765625,-0.1104915882855653,0.1476537364661693,0.1828316885596141
1776177160022124800,6.305124755859375,-0.1183367488279938,0.144895962190628,0.1643693637444637
1776177160032055800,6.315055908203125,-0.131171388220787,0.1145873331665992,0.1500646517991088
1776177160041986800,6.32498681640625,-0.1197533376276493,0.0877700533896684,0.1697199309921823
1776177160051918800,6.3349189453125,-0.1027668392524123,0.0235673380702734,0.1548999082021415
1776177160061849900,6.344849853515625,-0.1041439728245139,-0.0023410101681947,0.1472204596154391
1776177160071780600,6.354780517578125,-0.0722793465301394,0.0004489128112792,0.1268293586947955
1776177160081711900,6.3647119140625,-0.004335983377695,-0.0175911862701177,0.0985832151585258
1776177160091643000,6.374642822265625,-0.0262283739730715,-0.0410223307400941,0.1029890854346565
1776177160101573600,6.38457373046875,-0.1814355945587158,-0.0521802690923213,0.0313700842430815
1776177160111505000,6.3945048828125,-0.0987766005724668,-0.0833972451329231,0.0216142129748128
1776177160121436000,6.404435791015625,-0.0520204023554921,-0.0950830067515373,0.0568868576143868
1776177160131366700,6.41436669921875,-0.0396110026374459,-0.0766390030443668,0.0880074606084264
1776177160141298000,6.4242978515625,-0.0012222352713346,-0.028769582888484,0.1401620472702197
1776177160151229000,6.43422900390625,-0.0306818462505936,-0.0172124160856008,0.1530096009435132
1776177160161159700,6.44415966796875,-0.0211480019688606,-0.0239975461810827,0.1439569643074646
1776177160171091000,6.454091064453125,-0.0256245628610253,-0.030983167284727,0.1433721227573696
1776177160181021700,6.464021728515625,0.0093812840685248,-0.0158200849443674,0.1412196208985988
1776177160190952700,6.47395263671875,0.0388482015714049,0.0190507374286651,0.1081577476436737
1776177160200884700,6.483884765625,0.0624941578358411,-0.0160848733603954,0.1018113012264017
1776177160210816000,6.49381591796875,0.0671004825875163,-0.0514227287232875,0.0549952077820431
1776177160220746800,6.503746826171875,0.0568269258543848,-0.0416664738625288,0.0321676552284043
1776177160230677800,6.513677734375,0.0116723176151514,-0.0100748192906379,0.0362184284565504
1776177160240608800,6.52360888671875,-0.0136817577414214,-0.0289829333782196,0.0046841300950851
1776177160250539800,6.533539794921875,-0.0108208153523504,-0.0381558353930711,0.0243769191537983
1776177160260470800,6.543470703125,-0.033049744425714,-0.0509551112115383,0.0453601590150035
1776177160270401800,6.55340185546875,-0.0016086042404174,-0.0535989037185907,0.056431359798694
1776177160280332800,6.563332763671875,-0.0024000468790531,-0.0286971021741628,0.074194715164788
1776177160290263800,6.573263916015625,-0.0154462831959128,-0.0124070616304874,0.0616305724096018
1776177160300194800,6.58319482421875,-0.0546786617793142,0.0388134225189685,-0.0064659628774039
1776177160310125800,6.593125732421875,-0.0593801174685358,0.0640519086718559,-0.0038184257769957
1776177160320056600,6.603056640625,-0.0747907448291778,0.0753466251462697,0.0070455985294189
1776177160329987800,6.61298779296875,-0.0613861965939402,0.0691460169404745,0.0269541766301263
1776177160339918800,6.6229189453125,-0.0351692207977175,0.0716816728979349,0.0342911501883994
1776177160349851000,6.632850830078125,-0.0501239210844039,0.054566287446022,0.057783687723102
1776177160359781600,6.64278173828125,-0.061110594522953,0.0774579182118177,0.0672772639265283
1776177160369713000,6.652712890625,-0.0373123703062534,0.0199696058392524,0.0636862171646207
1776177160379643600,6.6626435546875,-0.0496025275588035,-0.0070779755622148,0.0400668109803926
1776177160389574700,6.67257470703125,-0.0485816600784659,-0.0025607903987169,0.046274396916246
1776177160399506000,6.682505859375,-0.0674573332011699,0.0003770166188478,0.0587557019598782
1776177160409436700,6.692436767578125,-0.0622037965871393,0.0082511109948158,0.0454946355822496
1776177160419367700,6.70236767578125,-0.0559235472738742,0.0343640418946743,0.0800942671979311
1776177160429299000,6.712298828125,-0.0645592736721038,0.0839759218037128,0.0606897844281513
1776177160439229700,6.722229736328125,-0.0853749749466776,0.095036829522252,0.0167739470365224
1776177160449160700,6.73216064453125,-0.0935369463533163,0.053333530780673,0.0814781867038458
1776177160459092000,6.742092041015625,-0.0906534998714923,0.0335819516062736,0.1031536283466033
1776177160469022700,6.752022705078125,-0.072168287371099,-0.0373749141484498,0.098385738091357
1776177160478953700,6.76195361328125,-0.0500277672335505,-0.0673877750962972,0.078217550073238
1776177160488885800,6.7718857421875,-0.0279363469347357,-0.0840454799085855,0.0285637900841189
1776177160498816800,6.781816650390625,0.0070949266970157,-0.0799830527752637,0.0196798291124403
1776177160508747800,6.791747802734375,0.000486614473164,-0.0900999576419591,0.0465636028209002
1776177160518678800,6.8016787109375,-0.0188017311036586,-0.0664589698135852,0.1064095522694755
1776177160528609800,6.81160986328125,-0.0465595066010951,-0.0678664985239505,0.1475582858682144
1776177160538540800,6.821540771484375,-0.0955962169706821,-0.067675359866023,0.1259744771648198
1776177160548471800,6.831471923828125,-0.1038458666607737,-0.0857616361767053,0.1360580642838031
1776177160558402800,6.84140283203125,-0.0906534998714923,-0.0748883599847555,0.0754303533403901
1776177160568333800,6.851333740234375,-0.067533613307774,-0.0474041407316923,0.0003785966545809
1776177160578264800,6.861264892578125,-0.076876465062052,-0.0302805719733238,-0.0247884499636013
1776177160588195800,6.87119580078125,-0.0738788906812667,0.0323474413752555,-0.0137787244430277
1776177160598126800,6.881126953125,-0.0614636457443237,0.0152595284521579,0.0054460132790962
1776177160608057900,6.891057861328125,0.0322046719036996,0.0148860189646482,0.0238400860304711
1776177160617988900,6.90098876953125,0.0364765040040016,0.0143733932673931,0.022085456348909
1776177160627921000,6.9109208984375,-0.1456139012016356,0.0533569116562604,0.0167480819429038
1776177160637851600,6.9208515625,-0.0985984675265848,0.0050759880900382,0.0679088672277983
1776177160647783000,6.930782958984375,-0.0382793156422674,-0.0140402157902717,0.1102445821214001
1776177160657714000,6.9407138671875,-0.0858756179451942,0.0315904855281114,0.120155269492045
1776177160667645000,6.95064501953125,0.0306767316840589,0.1432464414179325,0.1698125777116976
1776177160677576200,6.960576171875,0.0436073787972331,-0.0194493813574314,0.1105148047643713
1776177160687507000,6.9705068359375,0.0767931706927716,0.034103345131874,0.1214282759693916
1776177160697438000,6.98043798828125,0.0251987386643886,0.0401058004170656,0.1584250318546779
1776177160707369200,6.990369140625,-0.0090919457331299,0.0442412927865982,0.115446571211284
1776177160717300000,7.000300048828125,-0.0146845050431787,0.1288116733521223,0.1229998909339774
1776177160727231000,7.01023095703125,-0.0119641401685774,0.1258744508564472,0.127848454343155
1776177160737162200,7.020162353515625,0.021052140378952,0.0022182605713605,0.0258236884625861
1776177160747093000,7.030093017578125,0.0376738970950245,0.0064683192312717,0.0618404933998128
1776177160757024000,7.04002392578125,0.0561611554220318,0.0135918875008821,0.1091049105669837
1776177160766956000,7.0499560546875,0.0327273806035518,0.0313847338229417,0.0663862425040919
1776177160776887000,7.059886962890625,-0.0212745509579777,0.0477332265555858,0.0873029382014181
1776177160786818000,7.069818115234375,-0.0987016356401145,0.0305015212476253,0.0527094623318873
1776177160796749000,7.0797490234375,-0.1603670875668525,0.0059071782171726,0.0377626256912481
1776177160806680000,7.08968017578125,-0.1758615938186645,0.1677969453066587,0.1560622299797832
1776177160816611000,7.099611083984375,-0.1848867579258978,0.04925473703444,0.1207803334546741
1776177160826541800,7.109541748046875,-0.1874294281460344,-0.1196124678522348,0.0672440649098251
1776177160836473000,7.11947314453125,-0.2045667331688106,-0.1004261213451623,0.0742613049944397
1776177160846404000,7.129404052734375,-0.1791314092695713,-0.0927910964220762,0.0773483751564286
1776177160856334800,7.1393349609375,-0.0830386409536004,-0.0594154810428619,0.1590962273808196
1776177160866266000,7.14926611328125,-0.0669679422490298,-0.0305775090932846,0.1781570843446999
1776177160876197000,7.159197021484375,-0.0979990403287112,5.84521889686e-05,0.1618898766873404
1776177160886127900,7.1691279296875,-0.1280617317676544,-0.0026122283250093,0.0923178254876751
1776177160896060000,7.179059814453125,-0.0762733846023678,-0.0742448013842105,0.0659840457782149
1776177160905991200,7.1889912109375,-0.0870040374532341,-0.1077735614985227,0.007075966268219
1776177160915922000,7.198921875,-0.0940554172694683,-0.1693149486541748,-0.0311012772390618
1776177160925853000,7.20885302734375,-0.1084489765420556,-0.1674485702604055,-0.0544738873216789
1776177160935784200,7.2187841796875,-0.1056067388534545,-0.1150771625101566,-0.0399994539657607
1776177160945715000,7.22871484375,-0.1001332758784294,-0.0541296495944261,0.0151805175323504
1776177160955646000,7.23864599609375,-0.1055377652704715,-0.1535147374540567,-0.102577874285262
1776177160965577000,7.248576904296875,-0.0806216429397463,-0.0841945329904556,-0.0962984652222134
1776177160975508000,7.258508056640625,-0.0989069489538669,-0.0379103361994028,-0.0456976656073704
1776177160985439000,7.26843896484375,-0.1314671562969684,-0.0204050746470689,-0.0314740560742095
1776177160995370000,7.278369873046875,-0.1445496329709887,-0.0155973821043968,-0.0052200453363824
1776177161005301000,7.288301025390625,-0.1534834655329585,0.0048971243917942,0.0162133494451176
1776177161015232000,7.29823193359375,-0.1644847520187497,0.0162853643685579,0.015740781763615
1776177161025163000,7.3081630859375,-0.1572657605506479,-0.0022153379619121,0.0280455063976347
1776177161035095000,7.318094970703125,-0.2127028394818305,-0.03610650164783,0.0094511344343423
1776177161045026000,7.328026123046875,-0.2346039979055523,-0.0182879363626241,0.0362223831124603
1776177161054956800,7.337956787109375,-0.2288414888560772,-0.0186193602740764,0.0286681683406233
1776177161064888000,7.34788818359375,-0.2003916394412517,0.0104769703507423,0.0525162139152642
1776177161074819000,7.357819091796875,-0.1819192864224314,0.0273386733025312,0.0587180550969205
1776177161084749800,7.367749755859375,-0.1572458868063986,0.0927753143310546,0.0906414075748994
1776177161094681000,7.37768115234375,-0.1294426647320389,0.0878372734069824,0.0956492166663985
1776177161104612000,7.387612060546875,-0.0837188783027231,0.0692372023552656,0.0635595677108038
1776177161114542800,7.39754296875,-0.043849955381453,0.077377254191041,0.0499909697539638
1776177161124474000,7.40747412109375,-0.0565422636941075,0.0728822808593511,0.0405378077593166
1776177161134404900,7.41740478515625,0.0028372692525386,0.0450128616809844,0.0720684711252804
1776177161144336000,7.4273359375,0.0254481833808124,0.0505950457274913,0.0586574931492563
1776177161154267100,7.43726708984375,-0.0939502033293247,0.0913157631725072,-0.0105610045055393
1776177161164199200,7.44719921875,-0.1313195645198226,0.0585977349191904,-0.050510536648659
1776177161174130000,7.4571298828125,-0.0505143817067146,0.012749006935954,-0.0263223358668386
1776177161184061000,7.46706103515625,-0.0680742960557341,0.0239034381568431,0.0239467201761435
1776177161193992000,7.476991943359375,0.0009432721994817,0.0324982480227947,0.0603659684344194
1776177161203923000,7.4869228515625,0.0314171747878193,0.0665092386960983,0.066173650066182
1776177161213854000,7.49685400390625,-0.0449471029683947,0.0547282000094652,0.0831453527310863
1776177161223785000,7.506784912109375,-0.1415475285455584,0.0126870476156473,0.0936802638141438
1776177161233716000,7.516716064453125,-0.1701657202646136,-0.0202402394741773,0.1073949465776328
1776177161243647000,7.52664697265625,-0.147380180221796,-0.0163438165575265,0.0998925624577328
1776177161253578000,7.536577880859375,-0.1780918370887637,-0.0327612828731536,0.1370950426487252
1776177161263509000,7.546509033203125,-0.163343619159609,-0.0338771351605653,0.1225521289001684
1776177161273440000,7.55643994140625,-0.16796236500144,-0.0772229404121637,0.150315977945365
1776177161283371000,7.56637109375,-0.1871846596047282,-0.0932142902702093,0.1042267009382136
1776177161293303000,7.576302978515625,-0.166821086011827,-0.1147638587772846,0.0985172189839184
1776177161303234000,7.586234130859375,-0.1483607156917452,-0.1678536439299583,0.0987909761576913
1776177161313165000,7.5961650390625,-0.1316764151334762,-0.1686550234407186,0.0832431322834454
1776177161323096000,7.606095947265625,-0.1101364912375807,-0.1469704303771257,0.063681102598086
1776177161333026800,7.61602685546875,-0.1179854511722922,-0.1225391689538955,0.0395744517530314
1776177161342958000,7.6259580078125,-0.0889585325218737,-0.0836672942459583,0.035898557985574
1776177161352889000,7.63588916015625,-0.0753140380509197,-0.0550514406144619,0.0503586431557312
1776177161362819800,7.64581982421875,-0.0249859726965427,-0.0203542212426662,0.061265858149901
1776177161372751000,7.655751220703125,0.0255973825931549,-0.0044879590690135,0.0292364697478711
1776177161382682000,7.66568212890625,0.0406979210913181,0.0339431861340999,0.0119092864424921
1776177161392612900,7.67561279296875,0.0199038471266627,0.0908785407990217,-0.0035555187908001
1776177161402544000,7.685544189453125,-0.0165934074044227,0.0661450815588235,0.0209739057772792
1776177161412475100,7.69547509765625,-0.0436216995835304,0.017747253614664,0.0031612770425155
1776177161422406000,7.705406005859375,-0.0294283390581607,0.0104237788587808,-0.0038880021481774
1776177161432338000,7.715337890625,-0.0353076063551008,-0.0405161347836256,-0.0398394958973862
1776177161442269200,7.725269287109375,-0.097550858169794,-0.0874409675657749,-0.0705027653116732
1776177161452200000,7.735199951171875,-0.1470987329319119,-0.0844844558477401,-0.0259917522056028
1776177161462131000,7.745130859375,-0.1595487569212913,-0.0877583629518747,-0.0044456177646294
1776177161472062200,7.755062255859375,-0.1450572902321815,-0.057695817643404,0.0057529923024587
1776177161481993000,7.764992919921875,-0.1398173437520861,-0.052024201747775,0.0329451880726963
1776177161491924000,7.774924072265625,-0.124134621451795,-0.0305395151704549,0.0395683142731897
1776177161501855000,7.78485498046875,-0.1254217386528849,0.0129512515097856,0.0006019844811409
1776177161511786000,7.794785888671875,-0.1295662911117076,0.0538040709018707,-0.0074584810460917
1776177161521717000,7.804717041015625,-0.1070126601286232,0.0727279670804739,-0.0212997401981614
1776177161531648000,7.81464794921875,-0.0877481338188052,0.0613671996325254,-0.0263724586188793
1776177161541579000,7.8245791015625,-0.0280205180868506,0.0449064786970615,0.0044401196056045
1776177161551510000,7.834510009765625,-0.0746913761079311,0.02094400382936,0.0047176761716604
1776177161561441800,7.84444189453125,-0.1680421522393822,0.0191951143354177,0.0057715326061472
1776177161571373000,7.854373046875,-0.277815070861578,-0.016592822882533,0.015158351366315
1776177161581304000,7.864303955078125,-0.3565982463277876,-0.0440846409201622,0.0443548909625969
1776177161591234800,7.87423486328125,-0.4023603189408778,-0.0940910731047391,0.0265035924515686
1776177161601166000,7.884166015625,-0.4022575892187655,-0.1327396604508161,0.0097716168266721
1776177161611097000,7.89409716796875,-0.3288287803925573,-0.1297568452477455,0.0414311490030027
1776177161621027800,7.90402783203125,-0.2695978621363639,-0.110167763158679,0.0400763916594907
1776177161630959000,7.913958984375,-0.18401070574373,-0.065288172468543,0.0420858865846879
1776177161640889900,7.923889892578125,-0.1365069040298462,0.0388391414821147,0.0629787082160823
1776177161650820900,7.93382080078125,-0.1610518549606203,0.1530044498443603,0.0663237808602862
1776177161660751000,7.943751220703125,-0.1899555856227874,0.2405629063099622,0.1043715345026925
1776177161670682000,7.95368212890625,-0.1338043670728802,0.2796504695951938,0.1138423417518846
1776177161680613400,7.96361328125,-0.1218695991292595,0.2612958977371454,0.123312180886697
1776177161690545200,7.973545166015625,-0.2327041556335985,0.257889304164052,0.074051927426923
1776177161700476200,7.98347607421875,-0.1549896323122084,0.1496446180224418,0.0412585141161456
1776177161710407200,7.9934072265625,-0.0851025877460837,0.0482481903403997,0.0080981671891175
1776177161720338200,8.003338134765626,-0.0586786912009119,-0.0020768062740564,0.025269228351023
1776177161730269200,8.013269287109376,0.0664031479731202,-0.0344943902760744,0.0436799143104814
1776177161740200200,8.0232001953125,0.1175429681017994,-0.0369312620341777,0.0701048520352691
1776177161750131200,8.033131103515625,0.1083282727718353,-0.0680471157878637,0.0899153948552906
1776177161760062200,8.043062255859375,0.0802820357218384,-0.1378700090765953,0.0779210239452309
1776177161769993000,8.052992919921875,0.0839762140646576,-0.1642190868198871,0.0896726173416711
1776177161779924200,8.06292431640625,0.1365618490874767,-0.1588093367308378,0.0989719404814764
1776177161789855200,8.072855224609375,0.1554991892695426,-0.1717985821634531,0.1104116549171507
1776177161799786000,8.082785888671875,0.2215995549038052,-0.1928647510677576,0.1283913107818924
1776177161809717200,8.09271728515625,0.2293698966443538,-0.2349596794754266,0.1442027740283869
1776177161819648300,8.102648193359375,0.2257005604818463,-0.2739882060497999,0.1870027454328723
1776177161829580000,8.112580078125,0.1642130954705178,-0.3165612733632326,0.1604593689601868
1776177161839511000,8.122510986328125,0.0841710059843957,-0.3002116115868091,0.1541903716932982
1776177161849442300,8.1324423828125,-0.0064858548879623,-0.2451888125449418,0.1599412633702158
1776177161859373000,8.142373046875,-0.1036132269486784,-0.1682277379393577,0.1501516724954359
1776177161869304000,8.152303955078125,-0.2006782012976705,-0.0490863947302103,0.1711606861187145
1776177161879235300,8.1622353515625,-0.2753714771017432,0.0677326430112123,0.162347557326965
1776177161889166000,8.172166015625,-0.3324059082269668,0.1656418130993843,0.1603959848677739
1776177161899097000,8.18209716796875,-0.394851550745964,0.235734755501151,0.1013754762255586
1776177161909028000,8.192028076171875,-0.4341150551199912,0.2879015805900097,0.0402590730163268
1776177161918959000,8.201958984375,-0.4830912674739956,0.2816980497747659,-0.0216872964773327
1776177161928890000,8.21189013671875,-0.5076690977610647,0.2036509334981441,-0.0312174509646371
1776177161938821000,8.221821044921874,-0.4943596804633736,0.0918956088870763,-0.0219633917386643
1776177161948752100,8.231752197265624,-0.3779975927092134,-0.0318254633277654,-0.0440970437440089
1776177161958684200,8.24168408203125,-0.3821513513877987,-0.1085123971670865,-0.0519521411585621
1776177161968615200,8.251615234375,-0.6285786196865141,-0.1944452982574701,-0.0552858521585352
1776177161978546200,8.261546142578124,-0.8570166423082352,-0.3039069589734077,-0.0145756013086065
1776177161988477200,8.271477294921874,-0.9222466548487545,-0.4126590101152658,0.0203834473371505
1776177161998408200,8.281408203125,-0.6539151593863963,-0.4563485142379999,0.0119350784708745
1776177162008339200,8.291339111328124,-0.3164649733819067,-0.5337549945235253,-0.0528000632247887
1776177162018270200,8.301270263671874,-0.2297070196442306,-0.6444727927803993,0.028924864781741
1776177162028201200,8.311201171875,-0.1081099538460373,-0.6634381900131702,0.0687685801965184
1776177162038132200,8.32113232421875,0.0938932124450802,-0.5605979932636023,0.1633572458261624
1776177162048063200,8.331063232421876,0.1995513892248273,-0.3489940549343824,0.2352787918945774
1776177162057994200,8.340994140625,0.2049389274820685,0.0111345574766397,0.2029702577576041
1776177162067925200,8.35092529296875,0.2040522077754139,0.2586433374017476,0.1507691102740354
1776177162077856000,8.36085595703125,0.2002285578340291,0.3818184661716222,0.097564722298365
1776177162087787300,8.370787353515626,0.1077007885232567,0.4005430403858423,0.0676772778284735
1776177162097719300,8.38071923828125,0.0061801499396562,0.3711632166445255,-0.0283318125257268
1776177162107650300,8.390650390625,0.0406990901350975,0.3776858964115381,-0.0937123942517675
1776177162117581000,8.4005810546875,0.2386114799812436,0.5332452914357185,-0.1903000882115215
1776177162127512300,8.41051220703125,0.2747019072771072,0.7237164253652095,-0.1211358232283033
1776177162137443000,8.420443115234375,0.1108826334297656,0.8880459868222474,-0.1562400342321023
1776177162147374000,8.4303740234375,0.2698442381128668,0.9561936403751372,-0.1986814379898831
1776177162157305300,8.440305419921875,0.4208730039700865,0.9282102394282816,-0.1112125777701847
1776177162167236000,8.450236083984375,0.58508040035218,0.7163274841576814,-0.0074945204738527
1776177162177167000,8.4601669921875,0.6150725107729434,0.4359609752476215,0.0728031512085348
1776177162187098400,8.470098388671875,0.5288955717936158,0.1540402226328849,0.0465645115697756
1776177162197029000,8.480029052734375,0.3972337697073817,-0.0631821401000022,0.0539869714544154
1776177162206960000,8.489960205078125,0.2127683059334754,-0.127874100241065,0.0776239772274158
1776177162216891100,8.49989111328125,-0.0635764001145958,-0.1763683742970228,0.0212912280981428
1776177162226823200,8.5098232421875,-0.1771761835485696,-0.2647317174047232,-0.0318163484395481
1776177162236754200,8.519754150390625,-0.3193056036353111,-0.4269903178066015,-0.0052051308950409
1776177162246685200,8.529685302734375,-0.3930348567128181,-0.4328957424581051,0.0176185492010787
1776177162256616200,8.5396162109375,-0.215740015220642,-0.3241962982863187,0.1342406578646041
1776177162266547200,8.549547119140625,-0.1589946301698684,-0.1152197858512401,0.2191929686861112
1776177162276478000,8.55947802734375,-0.1285986151233315,0.0736783996731042,0.1480010520664975
1776177162286409200,8.5694091796875,-0.0884723564401269,0.1482388428777456,-0.0143677489778958
1776177162296340200,8.57934033203125,-0.0303100903287529,0.1321452016890049,-0.0769837430951185
1776177162306271000,8.58927099609375,0.0412459103628993,0.087649641880393,-0.0504130402240902
1776177162316202200,8.5992021484375,0.0397723306789994,0.0599304448276758,0.0068850468060001
1776177162326133200,8.60913330078125,0.138073714955151,0.094693715173006,0.0237303283459506
1776177162336064000,8.61906396484375,0.2388447042152285,0.1288765552818775,0.0380880125875584
1776177162345995300,8.628995361328125,0.2683680280804634,0.1121229888796806,0.0310619498756714
1776177162355927300,8.63892724609375,0.3152443455457687,0.0936123496770858,-0.0031768582041375
1776177162365858000,8.648858154296875,0.3709332072809338,0.0153425305604934,-0.0212909906361252
1776177162375789000,8.6587890625,0.3301154592022299,-0.018567922347784,-0.0244087755967862
1776177162385720300,8.66872021484375,0.1812248744174838,0.0560714313119649,-0.0125964467227458
1776177162395651000,8.678651123046874,-0.0713598935976624,0.1560626683712005,0.0497904513463377
1776177162405582000,8.68858203125,-0.1438569745317101,0.2264519633710384,0.1782628828067332
1776177162415513300,8.698513427734374,-0.1294958562240004,0.2177665526121854,0.2207359420781023
1776177162425444000,8.708444091796874,-0.1111398230612277,0.1728817012250423,0.235527834752202
1776177162435375000,8.718375,-0.1519756913185119,0.131122872903943,0.2734815351692959
1776177162445306000,8.72830615234375,-0.187550570307672,0.1035316861450672,0.2721416283350438
1776177162455237000,8.738237060546876,-0.3538730591475963,0.1029524249523878,0.2017438395014963
1776177162465168100,8.748168212890626,-0.2900070284366607,0.1176478897809982,0.1381582605666015
1776177162475099100,8.75809912109375,-0.2806415264591574,0.1441103647708892,0.1118355319741181
1776177162485031200,8.76803125,-0.3180596952274441,0.1443745686650276,0.0815953742095734
1776177162494962200,8.777962158203126,-0.1949161306396126,0.0119528881222009,0.09344171495107
1776177162504893200,8.78789306640625,-0.1344856273353099,-0.0794698425561189,0.085850437838165
1776177162514824200,8.79782421875,-0.1588204426467418,-0.1379588564038276,0.0619763901725877
1776177162524755200,8.807755126953126,-0.1673790121555328,-0.1922124246388673,0.0328882428542245
1776177162534686200,8.817686279296876,-0.1886022713176906,-0.2255769341021776,-0.0234844272934831
1776177162544617200,8.8276171875,-0.1744381368868053,-0.2685942380517721,-0.0384441142825409
1776177162554548200,8.83754833984375,-0.166405198687315,-0.2499988431751728,-0.0905769275039434
1776177162564479200,8.847479248046875,-0.1932943746566772,-0.2482949618667363,-0.0395970563104841
1776177162574410200,8.85741015625,-0.0998924528598785,-0.2281201888442039,0.0020044534238986
1776177162584341000,8.867341064453125,-0.0551147151090204,-0.1701683506131172,0.0562277361185289
1776177162594272300,8.877272216796875,-0.0325835882186889,-0.0938847368776798,0.1488094823725521
1776177162604203300,8.887203369140625,0.0101901162333786,-0.0875590409874916,0.1698978996412828
1776177162614135300,8.89713525390625,-0.0718096831917762,-0.0342541517794132,0.1451708884081803
1776177162624066000,8.907066162109375,-0.0158361592963337,-0.0706663583755493,0.1264680785011965
1776177162633997300,8.916997314453125,0.0833949070453643,-0.1153846210241317,0.1012196372098755
1776177162643928000,8.926927978515625,0.0029974282503128,-0.129108610472083,0.0784635515904054
1776177162653859000,8.936859130859375,-0.0022691139757633,-0.142499422442913,0.068560508670099
1776177162663791900,8.9467919921875,-0.0105891985535621,-0.1866197191983461,0.0525055007250048
1776177162673723000,8.956722900390625,0.0521606876090168,-0.1351227561950683,0.0586352356516756
1776177162683654000,8.96665380859375,-0.0126852940499782,-0.1147375552922487,0.0647964799614623
1776177162693585000,8.9765849609375,-0.1209840484663844,-0.0554699582874774,0.0716167909681797
1776177162703515600,8.986515625,-0.2347382918097078,-0.0590916559159755,0.1102700088236015
1776177162713447000,8.996447021484375,-0.2206815632760524,-0.0632668957740068,0.1288208430392667
1776177162723378000,9.0063779296875,-0.2015899093151092,-0.0370429057151079,0.1799821991463191
1776177162733308700,9.01630859375,-0.0954673298940062,-0.0426256742835044,0.2440476796858012
1776177162743241000,9.026240966796877,-0.0579293341383337,-0.0013514146089553,0.265279231752269
1776177162753172000,9.036171875,-0.2083437674894928,0.1094984855949878,0.159915654004924
1776177162763102700,9.046102783203125,0.0215136204108595,0.1500491071701049,0.115899886203045
1776177162773034000,9.056033935546877,0.2067655583873391,0.1593839217483997,0.1102046063040383
1776177162782965000,9.065965087890625,0.2465902037754654,0.2380722585380077,0.0597525949095841
1776177162792895700,9.075895751953125,0.4223778555750846,0.2204571068704128,0.0529480203281156
1776177162802827000,9.085826904296876,0.4958627785027026,0.1960644238919019,0.0579345765690319
1776177162812758000,9.095758056640625,0.5509238637283445,0.195577517157793,0.052330911343079
1776177162822688800,9.105688720703125,0.5226259900048374,0.247471370524168,0.0678378843508195
1776177162832620000,9.1156201171875,0.3267889451280236,0.3178027978569269,0.1303829138573724
1776177162842550800,9.12555078125,0.2433916999951005,0.3023568069219589,0.1084988983646966
1776177162852481800,9.135481689453124,-0.0206873987197875,0.2344657584786414,0.0095796653179917
1776177162862413000,9.1454130859375,-0.2590393509820103,0.0563993480920791,-0.0210002457949332
1776177162872345000,9.155344970703124,-0.2746437473490834,-0.1404787302702665,-0.0701662359668407
1776177162882275800,9.16527587890625,-0.3392603041663766,-0.2405330956935882,-0.0738722782773897
1776177162892206800,9.175206787109374,-0.3541790563568472,-0.3072299659162759,0.0693047968319151
1776177162902137900,9.185137939453124,-0.2865241547569632,-0.2474696169584989,0.1954167736381292
1776177162912068900,9.19506884765625,-0.241068810005486,-0.052054012364149,0.2475182784058153
1776177162922000000,9.204999755859374,-0.166569157077372,0.1022340475499629,0.3103800639776513
1776177162931931000,9.214930908203126,-0.1082218897879123,0.169234284633398,0.3134711253281682
1776177162941862000,9.22486181640625,-0.0634720629572868,0.1398299109727144,0.2529093603270128
1776177162951793000,9.23479296875,-0.0361224298693239,0.0150222125649452,0.1628688960536383
1776177162961724000,9.244723876953126,-0.0434533572793006,-0.1408224291414022,0.0629392575551057
1776177162971655000,9.254655029296876,-0.0455447766005992,-0.2637859609872102,0.0229922735620988
1776177162981586000,9.2645859375,-0.0500621078945696,-0.2743541167527437,4.64055581483e-05
1776177162991517000,9.274516845703126,-0.0784723559513688,-0.2061012492597103,-0.0775127536715939
1776177163001449000,9.284448974609376,-0.0137190210118889,-0.1164741698265075,-0.120366491956776
1776177163011380000,9.2943798828125,-0.013015841178596,0.0277191970527172,-0.0715159563756315
1776177163021310700,9.304310791015626,0.0049988312005996,0.1570300520986318,-0.0317961641680449
1776177163031242000,9.314241943359375,0.0028591888234019,0.2233773782312869,0.0086726471754023
1776177163041173000,9.324173095703124,-0.0181014738798141,0.2323836915075778,0.0155479397723684
1776177163051103700,9.334103759765624,0.031988544934988,0.1716635576069355,0.0343019318773178
1776177163061035000,9.344034912109375,0.0983433237217366,0.0913473273545503,0.0644893548076273
1776177163070965800,9.3539658203125,0.0620016981437802,-0.013756138151884,0.0478419339273357
1776177163080896800,9.363896728515623,0.0564775278948247,-0.1265478200733661,0.0081093461702577
1776177163090828000,9.373828125,0.0414767965093255,-0.234736976635456,-0.0026373079673387
1776177163100758800,9.3837587890625,-7.18961924314e-05,-0.2717044790267944,-0.0239950436967425
1776177163110689800,9.393689697265623,-0.0835341693855822,-0.22879881875813,-0.0066331589707406
1776177163120621000,9.40362109375,-0.1089364677980542,-0.1397223589450121,0.0375136284993961
1776177163130552800,9.413552734375,-0.0706255879737436,-0.0635153175771236,0.0888608077684417
1776177163140483800,9.42348388671875,-0.0802913880720734,-0.0293324774682521,0.0919504078142344
1776177163150414800,9.433414794921877,-0.0629082915946841,-0.0015133271723985,0.0826736983650364
1776177163160345900,9.443345947265623,-0.0306350844994187,-0.0249982476562261,0.0574814533735159
1776177163170276900,9.45327685546875,-0.0151613287746906,-0.0037497079223394,0.0581428033590782
1776177163180207900,9.463207763671877,-0.0064940381944179,0.0335620778620243,0.0263700565992388
1776177163190139000,9.473138916015625,-0.0088755265034735,0.028340543821454,-0.0047798318547895
1776177163200070000,9.48306982421875,-0.0130956284165382,0.0235521405011415,0.0019517414225498
1776177163210001000,9.4930009765625,-0.0178185652852058,0.0274970787346363,0.0065940416699042
1776177163219932000,9.502931884765625,0.0158941730938851,0.0440741195261478,0.0067503830090863
1776177163229863000,9.51286279296875,0.0231344996109604,0.0707481914401054,0.0109978798191528
1776177163239793700,9.522793701171874,0.0243231248736381,0.0861029969602823,0.0423667310863733
1776177163249725000,9.532724853515624,0.0795958070233464,0.0561649548143148,0.058474323168653
1776177163259657000,9.542656982421876,0.1476513983786106,0.0337216523379087,0.0543311635158956
1776177163269587700,9.552587646484374,0.151650989408791,0.057020694860816,0.0231453041327651
1776177163279518700,9.562518798828124,0.1748135460704565,0.0441056837081909,-0.0109344226615037
1776177163289450000,9.572449951171874,0.1718691631816327,0.0456476524531841,-0.0495827405795222
1776177163299380700,9.582380615234374,0.1828773177996277,0.0991898575484752,0.0210780283054569
1776177163309311700,9.592311767578124,0.0797287857532501,0.1688531763613223,0.0050609640508424
1776177163319243000,9.602242919921874,0.0125511462762951,0.2469067223787307,0.0088453459943411
1776177163329173800,9.612173828125,-0.0835470288671553,0.2511012514591217,0.0688325807768618
1776177163339104800,9.622104736328126,-0.0715744131311774,0.2552221307814121,0.1083747787946835
1776177163349036000,9.6320361328125,-0.0015185878694057,0.2135802068382501,0.1587098218791186
1776177163358966800,9.641966796875,0.0164447927139699,0.1437777718156576,0.1450062541646883
1776177163368897800,9.651897705078126,0.0122292208455502,0.0855745891720056,0.1179666642734315
1776177163378830000,9.661830078125,-0.0350153454102575,0.0533557426124811,0.0994136015680618
1776177163388760800,9.6717607421875,-0.1137656415201723,0.034746903732419,0.0520921661171829
1776177163398691800,9.68169189453125,-0.1517500658690929,0.0458516505926847,0.0692361474759178
1776177163408623000,9.691623046875,-0.174575645661354,0.0515893174618482,0.1355953238765709
1776177163418553900,9.701553955078126,-0.2269258644931018,0.0004050736695528,0.1453084154490381
1776177163428484900,9.71148486328125,-0.2122938202895224,-0.0888081642657518,0.0956733555938117
1776177163438416000,9.721415771484375,-0.221039436803013,-0.1251040510058403,0.0842542364215944
1776177163448347000,9.731346923828124,-0.282639714539051,-0.1524023922979831,0.0701448415523627
1776177163458278000,9.74127783203125,-0.2953158023692667,-0.1415694481164217,0.0526666141374269
1776177163468209000,9.751208984375,-0.2730747444666922,-0.0990016414999961,-0.0158339536395156
1776177163478140000,9.761139892578123,-0.2719792043149471,-0.0184007490873336,-0.0628437293253373
1776177163488071000,9.77107080078125,-0.2738169411361217,0.0370119260549545,-0.0993085702910088
1776177163498002700,9.781002685546875,-0.2477881813883781,0.0597942512273788,-0.0825540723070502
1776177163507934000,9.790933837890623,-0.2091466083049774,0.0341699806272983,-0.1064242840477265
1776177163517865000,9.800864990234375,-0.2012941412389278,-0.0109749830007553,-0.1640914053196087
1776177163527795700,9.810795654296877,-0.174023564736545,-0.0541571221232414,-0.2012875105687417
1776177163537727000,9.82072705078125,-0.1729670414209365,-0.1354085873991251,-0.2099305800232105
1776177163547658000,9.830657958984377,-0.1190463584020733,-0.2267372100532055,-0.180541860589385
1776177163557588700,9.840588623046877,-0.028868367087841,-0.3520505198955536,-0.1660619930065237
1776177163567520000,9.85052001953125,0.0589183451756834,-0.4676736258506774,-0.1337472117918543
1776177163577451000,9.860450927734377,0.1526686420187354,-0.5386012655109167,-0.0756176652065711
1776177163587381800,9.8703818359375,0.1935927730813622,-0.5962929915010928,-0.0176409984949044
1776177163597313000,9.88031298828125,0.2287197621725499,-0.6135474931627511,0.0624548350390279
1776177163607243800,9.890243896484376,0.2174124784775078,-0.6114519821882247,0.1235245632620528
1776177163617174800,9.9001748046875,0.2396680032968521,-0.5763754081100225,0.1985300102878361
1776177163627106800,9.91010693359375,0.2931394812434911,-0.4970885209053755,0.2372720115384086
1776177163637037800,9.920037841796876,0.3349953401982784,-0.4244382952362299,0.2832336253115907
1776177163646968800,9.92996875,0.365886153024435,-0.2772656202852726,0.2619352185539901
1776177163656899800,9.93989990234375,0.4305710989028215,-0.1182996316879987,0.2356015027766115
1776177163666829800,9.949829833984374,0.4551777168929576,0.0672983432471752,0.1903754002037458
1776177163676760800,9.9597607421875,0.3523810670241713,0.2489098788946867,0.1363107421369291
1776177163686692000,9.969692138671874,0.1461246272027492,0.4221224195092916,0.1207090126509778
1776177163696622800,9.979622802734376,-0.0543687190473079,0.5236667312294244,0.1257488060496281
1776177163706553900,9.989553955078126,-0.1980649500593543,0.5749766472280026,0.1764340051454491
1776177163716485000,9.999485107421876,-0.3149260733768343,0.5618892021179199,0.1771957467655651
1776177163726416000,10.009415771484376,-0.3822290927991271,0.5591279207110404,0.1353201601970009
1776177163736347000,10.019346923828126,-0.4621615844309329,0.5809054527550935,0.1036815612108446
1776177163746278000,10.02927783203125,-0.5319938300698995,0.6294944193571805,0.0390278415877837
1776177163756210000,10.0392099609375,-0.4682233686879277,0.6827911252588034,-0.007467248874437
1776177163766141000,10.049140869140626,-0.5219559817887842,0.6641933922946452,-0.0522239392706891
1776177163776072000,10.059072021484376,-0.5621753255829215,0.5946510695129633,-0.0704961711741052
1776177163786003000,10.0690029296875,-0.5250593546316027,0.4828144963592291,-0.1213414653356187
1776177163795934000,10.078933837890624,-0.5256181575581431,0.3381593571871519,-0.094794408201659
1776177163805864700,10.08886474609375,-0.5505260965824127,0.2192319489896297,-0.0472489821360213
1776177163815796000,10.0987958984375,-0.5200282285965979,0.0401028778076171,-0.0224209308143937
1776177163825727000,10.10872705078125,-0.4997261759325861,-0.1028296753555536,-0.0521944711476098
1776177163835657700,10.11865771484375,-0.4456526404395699,-0.2593985396832227,-0.0489028639900032
1776177163845589000,10.128589111328123,-0.4152139552950858,-0.3633358840197324,-0.0164052598546026
1776177163855520000,10.13852001953125,-0.3811430511280894,-0.4307581459075212,0.0145792226043762
1776177163865450800,10.14845068359375,-0.3298831117510795,-0.457114822435379,0.0572881684242747
1776177163875382800,10.1583828125,-0.2696041457466781,-0.5133189402163029,0.1094959465780295
1776177163885314000,10.16831396484375,-0.2111459654286503,-0.5567348880946635,0.1384170302337966
1776177163895244800,10.178244873046877,-0.1655462437704205,-0.5672253024488687,0.1637925502371974
1776177163905175800,10.18817578125,-0.1260731882989406,-0.5495774175554513,0.1775915594164282
1776177163915107000,10.198107177734377,-0.1189393908962607,-0.5437877282381057,0.1757694585558027
1776177163925037800,10.208037841796877,-0.1448223124325275,-0.4992267019778489,0.15291421427764
1776177163934968800,10.21796875,-0.109304132066667,-0.4575713340312242,0.1528290293453726
1776177163944899800,10.22789990234375,-0.0632931992590427,-0.3966121306777,0.1454386542325839
1776177163954830800,10.237830810546876,0.0104733170889317,-0.3253524825841188,0.1474610360388178
1776177163964761900,10.247761962890625,0.0576969866871833,-0.245623112308979,0.1787167092551477
1776177163974692900,10.25769287109375,0.0682822397179901,-0.157701083227992,0.1704554421924985
1776177163984623900,10.267623779296876,0.0808113202929496,-0.0781277802973985,0.1477691430067643
1776177163994555000,10.277554931640625,0.1048866078853607,-0.0068599488973617,0.1532937881797552
1776177164004487000,10.28748681640625,0.1297641517713665,0.0732838473975658,0.1415137176075019
1776177164014418000,10.29741796875,0.1803822861135005,0.1635281819462776,0.1053262231453321
1776177164024349000,10.307348876953125,0.1707145863190293,0.2112462109327316,0.0939239363769069
1776177164034280000,10.317280029296874,0.1143603925429284,0.2712058818548917,0.0791572877419181
1776177164044211000,10.3272109375,0.0910638342380523,0.3649924190551042,0.0917655527666211
1776177164054142000,10.337141845703124,0.0586801525056362,0.4286152886599302,0.0548666860315483
1776177164064073000,10.347072998046874,0.0113841483235359,0.4865770637631416,0.0443068003374384
1776177164074004000,10.35700390625,-0.0356660644039511,0.4860264441430568,-0.0123281922745751
1776177164083935000,10.36693505859375,-0.1408735748067498,0.4739782789528369,-0.0498610232313629
1776177164093866000,10.376865966796874,-0.2076110693007707,0.4563619582414627,-0.0690351678439881
1776177164103797000,10.386796875,-0.3210173759892583,0.4607452878922223,-0.0832063074043951
1776177164113729000,10.39672900390625,-0.4310349170222878,0.4200304156661033,-0.0855775848466902
1776177164123659800,10.40665966796875,-0.4879483521163463,0.3925830212920904,-0.1152043690863996
1776177164133591000,10.416591064453126,-0.5309988276831805,0.3495107722848654,-0.1236585192394908
1776177164143522000,10.42652197265625,-0.5628399269714951,0.2935942392736673,-0.1333899045204743
1776177164153452800,10.436452880859376,-0.5883459780193865,0.221148596265912,-0.1631776514755561
1776177164163384000,10.446384033203126,-0.6127871763147413,0.1078553945630788,-0.2000920719727873
1776177164173314800,10.456314697265626,-0.6515326481640339,-0.0118909288018941,-0.2255178608587011
1776177164183245800,10.466245849609376,-0.6049672963440418,-0.1646604008466005,-0.2408784385325387
1776177164193177000,10.476177001953126,-0.4847638768613338,-0.3378179964035749,-0.2817339978709817
1776177164203107800,10.48610791015625,-0.3929148835949599,-0.5093921221613884,-0.3043508850823156
1776177164213038800,10.496038818359375,-0.2231425465621054,-0.6614993309050798,-0.3349245765170082
1776177164222970000,10.50597021484375,-0.0123991705849766,-0.8092939371466636,-0.3073806629659608
1776177164232900900,10.51590087890625,0.1162064588010311,-0.915094737267494,-0.1967395466744899
1776177164242833000,10.5258330078125,0.1679997744023799,-0.9890595526665448,-0.093730240435712
1776177164252764000,10.535763916015624,0.1486404094159603,-1.025658221745491,-0.0470421207525767
1776177164262695000,10.54569482421875,-0.0412739674136042,-1.0446750569045542,-0.0638083228740608
1776177164272626000,10.5556259765625,-0.2909571687683463,-1.002455625334382,-0.0193649864430306
1776177164282557000,10.565556884765623,-0.2931467877671122,-0.9843266789257524,0.007922411046701
1776177164292488000,10.575488037109375,-0.2732180984601378,-0.9797779295802116,0.0600601036559091
1776177164302419000,10.5854189453125,-0.1053095094725489,-0.8899456829637289,0.1389020281386096
1776177164312349700,10.595349609375,0.0259995336532592,-0.731770552483201,0.1638725932034663
1776177164322281000,10.605281005859377,-0.0259025030195713,-0.452262121707201,0.1940018470725975
1776177164332212000,10.6152119140625,-0.0480962146490812,-0.106471246728301,0.1896938476803712
1776177164342142700,10.625142822265625,-0.0150242583915591,0.222810391998291,0.2464773910507559
1776177164352074000,10.635073974609377,0.0045338440373539,0.5311433507204055,0.2593390828472562
1776177164362006000,10.645006103515623,0.0553176903352141,0.7097948675185441,0.2877946678831242
1776177164371936800,10.654936767578125,0.1062143493577837,0.7819955958545207,0.2755454819617793
1776177164381867800,10.66486767578125,0.1154281679049134,0.7932651778876781,0.2508500166444107
1776177164391799000,10.674799072265625,0.1221072072774171,0.7660533458352089,0.2307260239610448
1776177164401729800,10.684729736328125,0.1218555706039071,0.7521832259148359,0.2176466342932544
1776177164411660800,10.694660888671876,0.0697033585622906,0.7547457698792218,0.1609055235587991
1776177164421592000,10.704592041015625,0.017042320215702,0.7812754648864269,0.1486686856623739
1776177164431522800,10.714522705078124,-0.0508724013641476,0.7933721453934908,0.1174452342152129
1776177164441453800,10.724453857421874,-0.0844666279301047,0.7606026792138815,0.0705946083135902
1776177164451385000,10.734385009765624,-0.0384279303327202,0.6399205363035202,0.0807020512321963
1776177164461315800,10.74431591796875,0.0100669282451272,0.4627063588321208,0.1150600469785742
1776177164471246800,10.754246826171874,0.0309402049258351,0.3253834622442722,0.080762238720525
1776177164481179000,10.764178955078124,0.0214963770151138,0.1933358757108449,0.0729270835488801
1776177164491110000,10.77410986328125,0.0213362180173397,0.0744365245640277,0.0227919104180997
1776177164501041000,10.784041015625,-0.0183913967370986,-0.037566637328267,-0.0010942866262863
1776177164510972000,10.793971923828124,-0.0385620781064033,-0.0984229648292064,-0.0291155467819422
1776177164520903000,10.80390283203125,-0.0340112829342484,-0.1365951668351888,-0.0586288333103526
1776177164530834000,10.813833984375,-0.0838145937621593,-0.134791332283616,-0.095629096326977
1776177164540765000,10.823764892578126,-0.1212213643535971,-0.1388379773259163,-0.0643415347016183
1776177164550696000,10.833696044921876,-0.1181058626815676,-0.1024567503899335,-0.058456572882831
1776177164560627000,10.843626953125,-0.0997042368113994,-0.0731985072016715,-0.0534565635052975
1776177164570558000,10.853557861328126,-0.0783992907151579,-0.0289975464254617,-0.0260065616156673
1776177164580489000,10.863489013671876,-0.068725453440845,-0.0365448930650949,0.0016354648478794
1776177164590420000,10.873419921875,-0.0566153289303183,-0.0374199223339557,-0.016209869713243
1776177164600351700,10.883351806640626,-0.0531318707287311,-0.0836819072932004,0.0233004490287043
1776177164610283000,10.893282958984376,0.0022507015362381,-0.1511135215312242,-0.0084483779994305
1776177164620214000,10.903214111328126,0.0925590412318706,-0.2958487402021885,0.0043509891505818
1776177164630144800,10.913144775390624,0.1501557824149727,-0.4335995068132877,-0.0947806080051697
1776177164640076000,10.923075927734375,0.1708142473012208,-0.5557482151448726,-0.1465997613006737
1776177164650007000,10.933007080078124,0.1622185606524348,-0.688718761742115,-0.153437544032
1776177164659937800,10.942937744140623,0.1183899403199553,-0.7143447859078645,-0.1310539541198871
1776177164669868000,10.952867919921877,0.0416699809938669,-0.700878570613265,-0.0637238274949602
1776177164679799000,10.962799072265623,0.0014390928924083,-0.5798521443098783,-0.0008423234425019
1776177164689730000,10.97272998046875,-0.0730456547275185,-0.5086825125873089,0.0926117030008696
1776177164699661000,10.9826611328125,-0.0691989161714911,-0.4027729913949966,0.157783902673237
1776177164709593000,10.992593017578123,-0.0627706366896629,-0.2783218513399362,0.1834071868926286
1776177164719524000,11.002524169921877,-0.1099020979598164,-0.1442962427318096,0.1603347196672111
1776177164729455000,11.012455078125,-0.2132441067516803,-0.0630979689478874,0.079596181482682
1776177164739386000,11.02238623046875,-0.1861626230806112,-0.0289525382399559,0.0115638248725328
1776177164749316900,11.03231689453125,-0.1510100611567497,-0.0148205525130033,0.0513308400555979
1776177164759248100,11.042248046875,-0.2607622292518615,0.0199742820143699,0.0823804601726587
1776177164769179100,11.05217919921875,-0.3201499455049634,0.0624672698289155,0.035043411594117
1776177164779110000,11.06210986328125,-0.219882229591906,0.0844873784571886,-0.0197348198358435
1776177164789041200,11.072041259765625,-0.2545207045137882,0.0961550198972225,-0.0251802257601637
1776177164798972200,11.08197216796875,-0.1628890072599053,0.1934744073987007,0.0291301050302572
1776177164808903000,11.09190283203125,-0.1529860374048352,0.2699748787552118,0.0701205153952818
1776177164818834200,11.101834228515624,-0.1576835475713014,0.3366208955734968,0.0568954016804462
1776177164828766200,11.11176611328125,-0.2420946459218859,0.4158803102493286,-0.0211055510666221
1776177164838697000,11.121697021484374,-0.2568751586854457,0.4531465033262968,-0.0774512510090135
1776177164848628000,11.1316279296875,-0.2338391510128974,0.5046989959090947,-0.0296703539533773
1776177164858559200,11.141559326171874,-0.1859995414733886,0.5087094005942344,-0.01126090096978
1776177164868490000,11.151489990234374,-0.1588964304924011,0.483312509009242,-0.0114797678848495
1776177164878421000,11.1614208984375,-0.1363277480706572,0.4337105659723281,0.0098236210085451
1776177164888352300,11.171352294921874,-0.0904933408737182,0.3838029179871082,0.0489996069293236
1776177164898283000,11.181282958984376,-0.0616112375214695,0.2975385929852724,0.086415862301737
1776177164908214000,11.191214111328126,-0.0665738283649086,0.2548199797213077,0.0441238952183164
1776177164918145000,11.20114501953125,-0.1168903494119644,0.1781236935317516,0.0538513669425854
1776177164928076000,11.211075927734376,-0.1449143746301531,0.1163666177988052,0.0286624327195808
1776177164938007000,11.221007080078126,-0.1420525554582476,0.0498047721326351,0.0460372271595057
1776177164947939000,11.23093896484375,-0.1129705456197261,0.0188303726762533,0.0653787185625173
1776177164957870000,11.2408701171875,-0.0760723090723156,-0.0267424609750509,0.07002182252747
1776177164967801000,11.250801025390626,-0.0480044447124004,-0.0626467180490493,0.0923889179625082
1776177164977731800,11.26073193359375,-0.0184136085689067,-0.0736649556696414,0.0754023739214986
1776177164987663000,11.2706630859375,0.0300584536552429,-0.1056254435539245,0.1068520810057409
1776177164997594000,11.280593994140624,0.0889046103775501,-0.0909036752402782,0.1299819044415839
1776177165007524900,11.29052490234375,0.0460018727183342,-0.0554436548024415,0.0766753895319998
1776177165017456000,11.3004560546875,0.0021183073282241,-0.0534989504754543,-0.0209208649823674
1776177165027387100,11.31038720703125,0.0571489974156022,-0.033877719682455,-0.000488870362332
1776177165037318000,11.32031787109375,0.0579459930121898,0.0084960256665945,0.061110768052889
1776177165047249200,11.330249267578123,0.0948103272899985,0.0172469028770923,0.0680800682093948
1776177165057180000,11.340179931640623,0.0956339186325669,0.0188666130334138,0.0836429087233729
1776177165067112000,11.35011181640625,0.0280333775684237,0.0548158782929182,0.0981240458147134
1776177165077043000,11.36004296875,-0.0063058221459388,0.0866635534524917,0.089618877860438
1776177165086974200,11.36997412109375,-0.0398787136629223,0.0877647926926612,0.0757707049103919
1776177165096905000,11.379905029296877,-0.0292228796139359,0.1001461353600025,0.0545885540767572
1776177165106836000,11.3898359375,-0.0087336338147521,0.114628834220767,0.0488364522568648
1776177165116767000,11.39976708984375,-0.0122644382894039,0.1365700323939323,0.0741849426894448
1776177165126698000,11.409697998046877,0.0020788521006703,0.1290986735999584,0.0644522239679005
1776177165136629000,11.41962890625,0.0546963435664773,0.1111386540174484,0.0596683141596149
1776177165146560000,11.42956005859375,0.067156888949871,0.1226338615000247,0.0659947498353198
1776177165156491000,11.439490966796876,0.0701201226696372,0.1217600012749433,0.0851317773079499
1776177165166422000,11.449422119140625,0.0842632143124938,0.1239279929637908,0.0967363177833613
1776177165176354000,11.45935400390625,0.055148178987205,0.0825578716993331,0.0897452167870011
1776177165186285000,11.46928515625,0.048823944401741,0.0337906259208917,0.0693537048744037
1776177165196216000,11.479216064453125,0.0674959116458892,-0.0396878672659397,0.0871137997043319
1776177165206147000,11.48914697265625,0.0297872354984283,-0.0487894576102495,0.081537168615777
1776177165216078000,11.499078125,-0.0217769475221633,-0.0958656815618276,0.1152130364500451
1776177165226009000,11.509009033203125,-0.0824655172407627,-0.1129512563973665,0.1091559192350134
1776177165235940000,11.518940185546874,-0.0957341641366481,-0.1470803204923868,0.1204802727958653
1776177165245871000,11.52887109375,0.0219373987808823,-0.1449707809925079,0.1559175060131587
1776177165255802000,11.538802001953124,-0.0518888849303126,-0.0885614960283041,0.1511509400653187
1776177165265733000,11.548733154296874,-0.1548740431085228,-0.0591623830646276,0.1232229134343564
1776177165275664100,11.5586640625,-0.1046831942677497,-0.0908136588692665,0.1016077597446274
1776177165285595000,11.568594970703124,-0.1216293606325984,-0.0160965637981891,0.1066505762174259
1776177165295527000,11.57852685546875,-0.0807376705348491,0.0271399358600378,0.1146401227997615
1776177165305458200,11.588458251953124,-0.0168716398239135,0.0702203681737184,0.1375367311347741
1776177165315389200,11.59838916015625,-0.0350339039802551,0.0889659851759672,0.1414716320314444
1776177165325320000,11.60831982421875,-0.0881286575689911,0.092491236692667,0.1050357431656215
1776177165335251200,11.618251220703126,-0.1308794195368885,0.097629184103012,0.0692368918280117
1776177165345182000,11.628181884765626,-0.1185787408903241,0.0778834501475095,0.0589733267659321
1776177165355113000,11.638113037109376,-0.0755906630352139,0.08239595913589,0.0589847888748627
1776177165365044200,11.648044189453126,-0.0363435252740979,0.0762362674623727,0.0711907019100617
1776177165374975000,11.65797509765625,-0.0486605705335736,0.0766968707114458,0.0597284468490164
1776177165384906000,11.667906005859376,-0.0744283412575721,0.0579839869350194,0.0824865417624823
1776177165394837200,11.677837158203126,-0.1066512794703245,0.0232312379837036,0.0341988596619106
1776177165404768000,11.68776806640625,-0.1068140688166022,-0.0093862525045871,0.0721001357720233
1776177165414700000,11.697699951171876,-0.0752943104371428,-0.0110275899708271,0.0873772820792626
1776177165424631000,11.707631103515626,-0.0910693871960043,-0.0232236391991376,0.1012515484517905
1776177165434562000,11.71756201171875,-0.0931967546135187,-0.0069353522211313,0.0760113452658522
1776177165444493000,11.7274931640625,-0.0937567265838384,-0.0009907646030187,0.0945625174082349
1776177165454424000,11.737424072265624,-0.0922737945497036,-0.0098871877640485,0.1008047088665887
1776177165464355000,11.74735498046875,-0.0920271263122558,-0.0128776017516851,0.0947707533314358
1776177165474286000,11.7572861328125,-0.1016179614782333,-0.0030400983482599,0.0916746504796203
1776177165484216800,11.767216796875,-0.0784662184715271,0.0195475810348987,0.0926940018563065
1776177165494148000,11.777148193359375,-0.084203008557856,0.0285591550081968,0.0842861476635094
1776177165504079000,11.7870791015625,-0.1236681729838252,0.0157020115226507,0.089004746283777
1776177165514009900,11.797009765625,-0.0754629450023174,0.000900748232007,0.0614579831885173
1776177165523942000,11.80694189453125,-0.0502723896443843,0.0107224695444107,0.037245853541838
1776177165533873200,11.816873046875,-0.0682277330517768,-0.0229635269582271,0.0594262855646666
1776177165543804000,11.826803955078123,-0.0687491265773773,-0.0290881473183631,0.0451921363711822
1776177165553735000,11.83673486328125,-0.0392798709869384,-0.0369131418555974,0.0786901177547406
1776177165563666200,11.846666259765623,-0.0208019650101661,-0.0576993247747421,0.0788118170388042
1776177165573597000,11.856596923828125,0.0270505040109157,-0.0732616355657577,0.0756380458408966
1776177165583528000,11.86652783203125,0.0604214432150125,-0.0972428151339292,0.1014802061085123
1776177165593459200,11.876459228515625,0.0800002961710095,-0.0850923586130142,0.082364952076273
1776177165603390000,11.886389892578125,0.0201899705916643,-0.1033072297394275,0.0644613114566542
1776177165613321000,11.896321044921876,-0.002637070505321,-0.0822071585655212,0.0843308361886069
1776177165623252200,11.906252197265625,0.0142234634026885,-0.0492570751219987,0.0962341952138114
1776177165633183000,11.916182861328124,0.0230891991645097,-0.0186187757521867,0.0797618660389445
1776177165643115000,11.926114990234376,0.0149485628068447,0.0285544788330793,0.1236662641545291
1776177165653046000,11.9360458984375,0.0136675830855965,0.0684925214678049,0.1392768893329892
1776177165662977300,11.945977294921876,0.0117246323242783,0.0923994667559862,0.1309039511899463
1776177165672908000,11.955907958984374,-0.0426610378578305,0.1106686984181404,0.1147126400467008
1776177165682839000,11.965839111328124,-0.0574655160188674,0.1477279707461595,0.143781370278541
1776177165692770000,11.97577001953125,-0.0366293564781546,0.1347679514080286,0.1321603079265914
1776177165702701000,11.985701171875,0.0216366622686386,0.1333306120812893,0.1424478109866846
1776177165712632000,11.995632080078124,0.0364420172125101,0.1329559335500001,0.1216722681925632
1776177165722563000,12.00556298828125,0.0026622049465775,0.1070727197527885,0.1015711723275948
1776177165732494000,12.015494140625,0.0767880561262369,0.1063309614747762,0.1000210750750731
1776177165742425000,12.025425048828126,0.0588598929867148,0.0814542943716049,0.0891822491419967
1776177165752356000,12.035356201171876,-0.111749187131226,0.0701373660653829,0.0579025191966444
1776177165762288000,12.0452880859375,-0.1238750937327742,0.017404139265418,0.00721025103922
1776177165772219100,12.05521923828125,-0.0780310419246554,-0.0253290870457887,0.0391830960815772
1776177165782150100,12.065150146484376,-0.0763920425459742,0.02150339127779,0.0723591246349271
1776177165792081200,12.0750810546875,-0.0003819850549101,0.0043535190343856,0.07819707354079
1776177165802012200,12.08501220703125,-0.0090802552953362,0.0213935011625289,0.0896607899065595
1776177165811943200,12.094943115234376,-0.0290764568805694,-0.004453472277522,0.0652557863025926
1776177165821874200,12.104874267578126,-0.0829885182015597,-0.002113046631217,0.0677535488019231
1776177165831805200,12.11480517578125,-0.0658862844921648,0.0058551557689905,0.0600358414309099
1776177165841736200,12.124736083984375,-0.0444425144471228,0.0497983423918485,0.0540725947781
1776177165851667200,12.134667236328124,-0.0058572015956044,0.0432797542780637,0.0400833054574672
1776177165861598000,12.144597900390623,0.0102899233460426,0.0317325243473052,0.0263870351335033
1776177165871530000,12.154530029296875,-0.0187538003087043,0.0011292962908744,-0.0100645353586412
1776177165881461200,12.164461181640624,-0.0611488807067275,-0.0409732309013605,0.0301202303124591
1776177165891392300,12.174392333984375,-0.0664244830220937,-0.0560702622681856,0.0524432582769077
1776177165901323000,12.184322998046875,-0.0926303529024124,-0.0720271253347396,0.065075717027951
1776177165911254300,12.194254150390623,-0.0896583513543009,-0.0817436327069997,0.0672999050165992
1776177165921185000,12.20418505859375,-0.0632125352382659,-0.0948322468608617,0.083515930475993
1776177165931116000,12.214115966796877,-0.0428290879011154,-0.1026297688692808,0.0676275660683866
1776177165941047300,12.22404736328125,-0.0193777774259448,-0.0858288561940193,0.0842881295580416
1776177165950978000,12.23397802734375,-0.0352232890725135,-0.0570797315716743,0.11657815079079
1776177165960909000,12.243908935546877,-0.0124009241506457,-0.0179185185283422,0.1131105842780787
1776177165970840300,12.25384033203125,-0.0210915956065058,0.007603460741043,0.0962441777517087
1776177165980772000,12.263772216796877,0.0075846099101006,0.0167313545703887,0.090884185088519
1776177165990703000,12.273703125,0.0150946932792663,0.0363864876329898,0.0933575437989551
1776177166000634000,12.283634033203125,-0.0529798950374126,0.0386006565511226,0.0977090626724995
1776177166010565000,12.293565185546877,-0.0365863941192626,0.0315519070833921,0.0746356364658568
1776177166020496100,12.30349609375,-0.0149459324583411,0.0169908822894096,0.0502717503235675
1776177166030427100,12.31342724609375,-0.051783670990169,0.0444873765021562,0.0726118755532894
1776177166040358100,12.323358154296876,-0.0819192815348505,0.0102501758575439,0.0831640026326291
1776177166050289200,12.3332890625,-0.0808192113384604,0.0337660760015249,0.1044191547703929
1776177166060220200,12.34322021484375,-0.0997837317883968,0.0689192224472761,0.1094597792861051
1776177166070151200,12.353151123046874,-0.0840808434829115,0.0520686254113912,0.1288862546919845
1776177166080082200,12.363082275390624,-0.0624364362992346,0.015154899033904,0.1199609890289604
1776177166090013000,12.373012939453124,-0.023216478805989,-0.0110492172807455,0.1327111650086939
1776177166099945000,12.382945068359374,-0.0262080618374049,-0.0088631054133176,0.0935905123046133
1776177166109876200,12.392876220703124,-0.0159473645858466,-0.0370680401563644,0.0739621576510835
1776177166119807000,12.402806884765624,-0.012126198862493,-0.0287982244610786,0.0968285261114593
1776177166129738000,12.412738037109374,-0.0201671742379665,-0.0103974753737449,0.0964664513334166
1776177166139669200,12.422669189453124,-0.0199076465189456,-0.0182370829582214,0.0713150680752471
1776177166149600000,12.43260009765625,-0.0412204836606979,-0.0309410817086696,0.0764123455484863
1776177166159531000,12.442531005859376,-0.063807286261022,-0.0290694426178932,0.0675984313054475
1776177166169462300,12.452462158203126,-0.0791103615939617,-0.0450531936913728,0.028536185124563
1776177166179393000,12.46239306640625,-0.0661316375553607,-0.0455476992100477,0.0767333393974695
1776177166189324000,12.472323974609376,-0.0208639243304729,-0.0545113423883914,0.0896461311935447
1776177166199255300,12.48225537109375,-0.0341387087062001,-0.0410837055385112,0.0674174395821988
1776177166209187000,12.49218701171875,-0.101910368553549,-0.0385796137630939,0.0458616605300456
1776177166219118000,12.5021181640625,-0.0370471434988081,-0.0311146847099065,0.0525881101076956
1776177166229049000,12.512049072265626,0.022984277485311,-0.0252034148395061,0.087255774591444
1776177166238980000,12.52197998046875,-0.0914640856020152,-0.0150724814474582,0.0576286615581717
1776177166248911000,12.5319111328125,-0.1389281398274004,-0.0536135167658329,-0.0014070994521025
1776177166258842000,12.541842041015624,-0.0874503199160098,-0.0729565151393413,0.0108088280870346
1776177166268773000,12.551773193359375,-0.1106618302859365,-0.0013958382725715,0.0412073456179117
1776177166278704000,12.5617041015625,-0.0039300329253077,0.0434375751882791,0.1099302554752212
1776177166288635100,12.57163525390625,-0.0302478387475013,0.0721107119649648,0.1239722978963982
1776177166298566100,12.581566162109375,-0.081858783519268,0.0723234779328107,0.1008887795540038
1776177166308497200,12.5914970703125,-0.1218503099068999,0.0339899478852748,0.0740916886151535
1776177166318429200,12.60142919921875,-0.1177422900661826,0.0278121360331773,0.0648823727132054
1776177166328360200,12.611360107421875,-0.0834074742659926,0.0310585706084966,0.074181024566153
1776177166338291200,12.621291259765623,-0.0275464708343148,0.0314209741801023,0.0620052966066636
1776177166348222000,12.631221923828123,-0.0237410872019827,0.0446890365540981,0.0546768260152544
1776177166358153200,12.6411533203125,-0.0408054731190204,0.0417553211897611,0.0409187653343426
1776177166368084200,12.651084228515623,-0.0790142077431082,0.0311240370601415,0.0318355874295579
1776177166378015000,12.661014892578123,-0.1338755326129496,-0.0106511578738689,0.0378117711957544
1776177166387946200,12.6709462890625,-0.1397697052180767,-0.0442372011333703,0.0260427974062506
1776177166397877200,12.680877197265623,-0.0797534818030893,-0.0871025293916463,0.0001530397038208
1776177166407808000,12.69080810546875,0.0152091134391725,-0.169900055065751,-0.0290627114830072
1776177166417739300,12.7007392578125,0.0829860339835286,-0.2266962935209274,-0.0319127032198011
1776177166427671300,12.71067138671875,0.0728185679733753,-0.2251806282609701,-0.0360725674121873
1776177166437602000,12.72060205078125,0.0573383825078606,-0.2014776811122894,-0.004049713782221
1776177166447533000,12.730532958984377,0.0199196292176842,-0.1511328107535839,-0.0040920185539871
1776177166457464300,12.74046435546875,-0.0639817660450935,-0.088580200728774,0.0360012192090274
1776177166467395000,12.75039501953125,-0.0794587366402149,-0.0251958160549402,0.1156732835060916
1776177166477326000,12.760326171875,-0.0329132585644722,0.0152700498461723,0.1417999324040487
1776177166487257300,12.77025732421875,-0.0429854475066065,0.0818622906506061,0.1687671785783022
1776177166497188000,12.78018798828125,-0.0629948008343577,0.0847954214930534,0.1782924011621624
1776177166507119000,12.790119140625,-0.0365966232523322,0.0886935979753732,0.0585185550360241
1776177166517050000,12.800050048828124,-0.1473629368260502,0.0936035818487405,0.0090477526816655
1776177166526981000,12.809981201171874,-0.2831961793780326,0.1072317097067832,-0.0054051675287657
1776177166536913200,12.8199130859375,-0.3256239930018782,0.1867243486166,0.0041313641836866
1776177166546844000,12.829843994140624,-0.2913818239212036,0.2462672554314136,0.0328230869298335
1776177166556775200,12.839775146484374,-0.2769233827188611,0.2816816831618547,0.0485269250833895
1776177166566706200,12.8497060546875,-0.2647474994957446,0.2435164954185485,-0.0078511701581068
1776177166576637000,12.859636962890624,-0.2320867543876171,0.1933528268456459,-0.0617547467785421
1776177166586568200,12.869568115234374,-0.2400726385749876,0.1226730244666337,-0.0991284827500581
1776177166596499200,12.879499267578124,-0.2053618290692567,0.0470288776785135,-0.1025861032574903
1776177166606430000,12.889429931640626,-0.1482303673103451,-0.0279237797141075,-0.1053615593201946
1776177166616361200,12.899361328125,-0.0843967775642871,-0.0709293932259082,-0.10046376820812
1776177166626292200,12.909292236328126,0.0343996977299451,-0.1504892521530389,0.003768805348454
1776177166636223000,12.919222900390626,0.2012871269762516,-0.1819341917306184,-0.0299799176594708
1776177166646155000,12.929155029296876,0.1351037592336535,-0.2279296347081661,-0.024658914432954
1776177166656086300,12.939086181640626,0.0690539547428488,-0.2230214044004678,0.0036423933566547
1776177166666017500,12.949017578125,0.0799891902551055,-0.1988707134842872,0.05936596107902
1776177166675948500,12.958948486328126,0.1272235273778438,-0.1841553749114275,0.0681987444193102
1776177166685879800,12.9688798828125,0.1913429483279585,-0.141570617160201,0.037722229748778
1776177166695810600,12.978810546875,0.1288072894379496,-0.2068780788511037,0.1332301839141175
1776177166705741600,12.988741455078124,0.1122045296832919,-0.1694727695643901,0.0236873477207496
1776177166715672800,12.9986728515625,0.1839618981659412,-0.1913186906695365,0.0229694087097421
1776177166725603600,13.008603515625,0.1846893356576562,-0.229149531891942,0.0605485949923284
1776177166735534600,13.01853466796875,-0.1835536096259951,-0.2310305233329534,0.0917774076011963
1776177166745465600,13.028465576171875,-0.4058236111372709,-0.1588403163909912,0.0757507672340609
1776177166755397600,13.038397705078124,-0.5039160288378596,-0.0559971970319747,-0.0237318992485292
1776177166765328600,13.04832861328125,-0.5164233359724283,0.0758107355266809,-0.10944657274466
1776177166775259600,13.058259765625,-0.4217416034981608,0.2168523603767156,-0.0770983824507333
1776177166785190700,13.068190673828123,-0.359688759689033,0.3241138806998729,-0.0714665505762212
1776177166795121700,13.07812158203125,-0.3304802008613944,0.3705459615290165,-0.0481910167930647
1776177166805052400,13.088052490234375,-0.3296431655153632,0.4127501955300569,-0.0378420932687819
1776177166814983700,13.097983642578123,-0.3515446162000298,0.4225882834553718,-0.0521730173676274
1776177166824914700,13.107914794921877,-0.287132642044127,0.372333429467678,-0.0563212230882607
1776177166834845400,13.117845458984377,-0.2012394884422421,0.2941378446310758,-0.0442397401503287
1776177166844776700,13.127776611328123,-0.2040934165686369,0.2236468428224325,-0.0987485252554528
1776177166854707700,13.137707763671877,-0.1870700933143496,0.0874386294782161,-0.1376341544941067
1776177166864638500,13.147638427734377,-0.1503434139415621,0.0063268649339675,-0.0193326779088936
1776177166874570500,13.157570556640623,-0.2439405660495162,-0.0486795674949884,0.0722381194706074
1776177166884501800,13.167501708984377,-0.3230824918255209,-0.1765361320793628,-0.0465192293896339
1776177166894432500,13.1774326171875,-0.1956102503836154,-0.2466951254546642,0.0594128872269764
1776177166904363500,13.187363525390625,-0.1681292460009455,-0.2542874802798032,0.0642811873830854
1776177166914294800,13.197294677734376,-0.2290621458694338,-0.2977829231351613,0.2398713255829177
1776177166924225500,13.2072255859375,-0.1394827049702406,-0.3657143035888671,-0.0679582501943223
1776177166934156500,13.217156494140625,0.0771378924772143,-0.5460282006412744,-0.0408573494367301
1776177166944087600,13.227087646484376,0.2076066853865981,-0.3044061406672,-0.0179641660346649
1776177166954018600,13.2370185546875,0.1915381786391139,-0.1647287899076938,-0.0145864880288019
1776177166963949600,13.246949462890624,0.2543888948276638,0.0266723183482885,0.0246448128423653
1776177166973881600,13.256881591796876,0.2391851882159709,0.2044505594432354,0.0581371499364264
1776177166983812600,13.2668125,0.0603466244131326,-0.0132587100237607,-0.0346248847879469
1776177166993743600,13.27674365234375,0.2113040785998106,-0.0616115297824144,-0.1336047528475523
1776177167003674600,13.286674560546874,0.2389852817296981,-0.0244955588310956,-0.189219672563672
1776177167013605600,13.296605712890624,0.1199561667233705,0.0050292263388633,-0.1619556719325482
1776177167023536600,13.30653662109375,0.0653632835313677,-0.0005137947410345,-0.1095898536728695
1776177167033467600,13.316467529296874,-0.0024321955829858,0.036028175714612,0.0179685316825285
1776177167043398700,13.326398681640624,-0.0451455481499433,0.134916419968009,0.2344722247520461
1776177167053329700,13.33632958984375,-0.0426350266337394,0.1401052207827568,0.2428583603033796
1776177167063260700,13.3462607421875,-0.0511377743020653,0.0548521186500787,0.2048388646410778
1776177167073191700,13.356191650390626,-0.0365133288830518,-0.0344511356562376,0.2129498730454593
1776177167083123700,13.366123779296874,-0.0578413635939359,-0.1479939282059669,0.2295343664910644
1776177167093054500,13.376054443359376,-0.0873991742506623,-0.2502934422075748,0.2270897863505408
1776177167102985700,13.38598583984375,-0.0691726126864552,-0.2878127332627773,0.2446067018080502
1776177167112916700,13.395916748046876,-0.0552726821497082,-0.2838175261467695,0.2939839692436158
1776177167122847500,13.405847412109376,-0.0652747284650802,-0.2161737304627895,0.3528475885573774
1776177167132778800,13.41577880859375,-0.0572603488355875,-0.1895738928288221,0.2626280961889773
1776177167142709800,13.425709716796876,0.0106225163012743,-0.1835965719848871,0.1319728407967835
1776177167152640500,13.435640625,-0.0729804805368185,-0.0537386044502258,0.0563190128648653
1776177167162571800,13.44557177734375,-0.1668567418470978,0.1368710611671209,0.0796978060930967
1776177167172502500,13.45550244140625,-0.1560939402922987,0.2518962012290954,0.1124140442481264
1776177167182433500,13.46543359375,-0.0976493501082062,0.328106749728322,0.1858571738606318
1776177167192365600,13.475365478515624,-0.0377969389528036,0.4332663293361664,0.2197153851250186
1776177167202296800,13.485296875,-0.0086906714558601,0.3013403233557939,0.1158332415744662
1776177167212227600,13.4952275390625,0.0123301970019936,0.1627145274758338,0.0245937037096358
1776177167222158600,13.50515869140625,0.1590562972292304,0.1367284378260373,0.0231560355893336
1776177167232089600,13.515089599609375,0.3163318485215306,-0.0550005872100591,-0.1045678059934638
1776177167242020600,13.5250205078125,0.2977148263350129,-0.1427384918957948,-0.0450943111530505
1776177167251951600,13.53495166015625,0.2061690537989139,-0.0844850403696298,-0.1557310983292758
1776177167261882600,13.544882568359377,0.2681871185556054,-0.1509258900046348,-0.2530788168760948
1776177167271813600,13.554813720703123,0.1372670747473836,-0.1148807631552219,-0.2776055562967434
1776177167281744600,13.56474462890625,0.1220949323177337,-0.2169417922258377,-0.3634362025890499
1776177167291676400,13.574676513671877,0.1008732805907726,-0.2783697821348905,-0.2061118437189608
1776177167301607700,13.584607666015623,0.0315796718731522,-0.3659983812272548,-0.2088798471275716
1776177167311538700,13.59453857421875,-0.0085363576769828,-0.3610416356027126,-0.1325742772886529
1776177167321469400,13.604469482421877,0.0656730801329016,-0.3582178103536367,-0.0011533530198968
1776177167331400700,13.614400634765625,0.1292222999796271,-0.3151888159662485,0.0714428409070707
1776177167341331700,13.624331787109377,0.1246934243783354,-0.1947206080675125,0.1566480853100307
1776177167351262500,13.634262451171876,0.087772683738172,-0.0952986953288316,0.2608503641930408
1776177167361193700,13.64419384765625,0.0876443811833858,0.0022013094365596,0.2524717908936552
1776177167371124500,13.65412451171875,-0.1288522976234555,0.0863391438037157,0.1977391521710902
1776177167381055500,13.664055419921874,-0.2487029581457376,0.1171919627070426,0.1055658223211765
1776177167390986800,13.67398681640625,-0.3900280761122703,0.1072235264003276,0.0327562322387006
1776177167400918800,13.683918701171876,-0.4726221881687641,0.0842898100584745,-0.070472100745351
1776177167410849500,13.693849609375,-0.4263236705914139,0.0847334621727466,-0.0863502131870016
1776177167420780500,13.703780517578124,-0.4107444086655974,0.1614642351537942,-0.0684470063922228
1776177167430711600,13.713711669921874,-0.3902522402569651,0.2797130134373903,-0.0402452682532602
1776177167440642600,13.723642578125,-0.3781450383558869,0.3997556894004345,-0.0347200339918024
1776177167450573600,13.733573486328124,-0.3223711286857724,0.4386749103814363,-0.0123738626137841
1776177167460504600,13.743504638671874,-0.2479611998677253,0.4509329189300536,-0.0025028450998244
1776177167470435600,13.753435546875,-0.2029132668733596,0.4380079709053039,-0.0294208727043354
1776177167480366600,13.76336669921875,-0.110316816240549,0.3769236798673868,-0.0637129818739602
1776177167490297600,13.773297607421876,-0.0566106527552008,0.3419721934735775,-0.0673690064637456
1776177167500228600,13.783228515625,-0.0386766443967819,0.2781272055506706,-0.0979516849224921
1776177167510160600,13.79316064453125,-0.0355678647264838,0.1522574308693408,-0.1316585324169136
1776177167520091600,13.803091552734376,-0.0352618675172328,0.06762509098351,-0.1529675062343012
1776177167530022700,13.813022705078126,-0.1081912023887038,-0.008334697625041,-0.1249431522225495
1776177167539953700,13.82295361328125,-0.075530749541521,-0.0606727876275777,-0.093842194643896
1776177167549884700,13.832884765625,-0.0880944630384445,-0.0978559785962104,-0.0564376890747807
1776177167559815700,13.842815673828126,-0.1238309623301029,-0.1049567505121231,-0.0306660002274904
1776177167569746700,13.85274658203125,-0.1296948859274387,-0.1092325281351804,-0.0052400560779497
1776177167579677700,13.862677734375,-0.1017114849805831,-0.1063578494817018,0.0140916354502551
1776177167589608700,13.872608642578124,-0.1006836032375693,-0.1342576637983322,0.0604476279690396
1776177167599539500,13.88253955078125,-0.0878837428972125,-0.1202250467926263,0.0709255390346981
1776177167609471500,13.892471435546875,-0.0933633433520793,-0.0807721573263406,0.1063927198656834
1776177167619402800,13.90240283203125,-0.0917655527666211,-0.0621329233080148,0.1271803184237796
1776177167629333800,13.912333740234375,-0.1355517952620983,-0.0304220262706279,0.1352972268459852
1776177167639264500,13.922264404296875,-0.1480699160516262,-0.0294698401123285,0.1337014364213682
1776177167649195800,13.93219580078125,-0.1001145711779594,-0.0278419466495513,0.1256547254248522
1776177167659126500,13.94212646484375,-0.0979825275853276,-0.0722848994880914,0.099542579976283
1776177167669057500,13.9520576171875,-0.0973056512370705,-0.1001186628311872,0.0911576134687289
1776177167678988800,13.96198876953125,-0.0708136578917503,-0.1741816779077053,0.103932248036284
1776177167688919600,13.97191943359375,-0.0548936197042465,-0.1689420236885547,0.151339749768842
1776177167698850600,13.9818505859375,-0.1007818029150366,-0.1287023677587509,0.1097955140464939
1776177167708781800,13.99178173828125,-0.1303071726068854,-0.0470639489918947,0.1541703883511945
1776177167718713600,14.001713623046877,-0.1711976936608552,0.0255365923166275,0.1227114385145716
1776177167728644600,14.01164453125,-0.2077846723020076,0.0698380908578634,0.0994228808530606
1776177167738575600,14.02157568359375,-0.1996668322980404,0.0878811125487089,0.1375126287399791
1776177167748506600,14.031506591796877,-0.16526742682904,0.1269920567095279,0.1240417007376439
1776177167758437600,14.041437744140625,-0.1451695184350013,0.1750321572571992,0.1278394855854101
1776177167768368600,14.05136865234375,-0.1017126540243625,0.177421682742238,0.1187880910583771
1776177167778299600,14.061299560546876,-0.0658946139290928,0.144679689091444,0.1300675916973501
1776177167788230700,14.071230712890625,0.0554015692263841,0.1218523557335138,0.1657792305423878
1776177167798161400,14.081161376953125,0.1159562834322452,0.0690980861455202,0.1907814054550602
1776177167808092700,14.0910927734375,-0.0334416663527488,0.0497878209978342,0.1155226960542611
1776177167818024700,14.101024658203125,-0.0530412698358297,-0.0171983875602483,0.0328945538640022
1776177167827955700,14.110955810546876,-0.103481709523499,-0.0568242955058813,-0.0028670981352217
1776177167837886500,14.120886474609376,-0.1407262752905488,-0.0652811582058668,0.0053478455676697
1776177167847817700,14.130817626953124,-0.0200268889844417,-0.069376318565011,0.0020008001620881
1776177167857748500,14.14074853515625,0.0049275195300579,-0.0484755693554878,0.0543061569388024
1776177167867679500,14.150679443359374,-0.0197065709888935,-0.0257616332441568,0.1036130077529698
1776177167877610800,14.16061083984375,-0.0173395495966076,-0.0337280820786952,0.0879806456667371
1776177167887541500,14.17054150390625,-0.0017012509599328,-0.0178805246055126,0.0333067696603946
1776177167897472500,14.180472412109374,0.0318935601279139,0.0388496628761291,0.0364148186783306
1776177167907403800,14.19040380859375,0.0257096107959747,0.1114928742825984,0.0394504235145635
1776177167917335600,14.20033544921875,0.047005496802926,0.1035147350102663,0.0311562770956195
1776177167927266600,14.2102666015625,0.0739624773114919,0.0772732092946767,0.0185082645824179
1776177167937197600,14.220197509765624,0.0547939587220549,0.0403331794321537,0.0192632111355662
1776177167947128600,14.230128662109376,0.0426288891538977,0.0006388824254274,0.049078339287918
1776177167957059600,14.2400595703125,0.0025111060380935,-0.0379904156982898,-0.0408802919209003
1776177167966990600,14.249990478515626,-0.0253030758216977,-0.0941273134618997,-0.1108063533231615
1776177167976921600,14.259921630859376,0.0340597982510924,-0.1473848563969135,-0.1457457839529961
1776177167986852600,14.2698525390625,0.066148004168272,-0.1189642330765724,-0.0897999517820775
1776177167996783600,14.27978369140625,0.1131692830622196,-0.0365559989809989,0.0446031849015504
1776177168006714600,14.289714599609376,0.0683469755172729,0.1081809732556343,0.0588305938269942
1776177168016645600,14.299645751953124,0.0375303969711065,0.2017605897068977,0.0471543489553965
1776177168026577700,14.30957763671875,-0.0071139236584305,0.1603916374862194,0.1171831766123883
1776177168036508700,14.3195087890625,-0.0156239778503775,0.0916489406496286,0.1845624761412851
1776177168046439700,14.329439697265624,-0.0458624642476439,0.047846623802185,0.1008696638615801
1776177168056370700,14.33937060546875,-0.1317848439440131,0.0139326637625694,0.0334145226174965
1776177168066301700,14.3493017578125,-0.083156714375317,-0.0307446823537349,-0.0007996076787821
1776177168076232700,14.359232666015624,-0.1054948029115796,-0.0236924257546663,-0.0109264128849841
1776177168086163500,14.36916357421875,-0.1620788599207997,-0.0087087916344404,-0.0706987080088816
1776177168096094700,14.3790947265625,-0.2150385889530181,-0.0119698392570018,-0.1073952297054231
1776177168106025700,14.389025634765623,-0.1713470390036702,-0.011906126371026,-0.1421161587463691
1776177168115956500,14.39895654296875,-0.1679077122047543,0.0142155723571777,-0.0517556870047003
1776177168125887700,14.4088876953125,-0.1570776906326413,0.0468465068489313,-0.0072880198500119
1776177168135819800,14.41881982421875,-0.0871662422776222,0.0626940643221139,0.0032746560228057
1776177168145750500,14.42875048828125,-0.0526449639946222,-0.0102016605406999,0.0880198816985823
1776177168155681500,14.438681640625,-0.0444125577002763,-0.0574614243656396,0.0340262247750535
1776177168165612800,14.44861279296875,-0.0522635634616017,-0.0240022223562002,0.0617594503531232
1776177168175543600,14.45854345703125,-0.0797933754220604,-0.0336398192733526,0.0892394318224862
1776177168185474600,14.468474609375,-0.0456000139191746,-0.0199473940074443,0.1234113852111622
1776177168195405800,14.47840576171875,-0.0139794255137443,-0.0295113411664962,0.0796321569783613
1776177168205336600,14.488336669921877,-0.020451544137299,-0.1457306594491005,-0.0322185908311977
1776177168215267600,14.498267578125,-0.0273486101746559,-0.1165004733115434,0.014953531242907
1776177168225198600,14.508198486328125,0.04176671936661,-0.1148240645319223,-0.0127472168376669
1776177168235130600,14.518130615234377,0.1000461821168661,-0.1090747072249651,0.0084297920299693
1776177168245061600,14.5280615234375,0.1298196813508868,-0.1111690491557121,-0.0263580647673457
1776177168254992600,14.53799267578125,0.1281155077815055,-0.1186743102192878,0.0510688372517004
1776177168264923600,14.547923583984376,0.1227469664856791,-0.0642640901178121,0.0367963836081326
1776177168274854700,14.557854736328125,0.0831543762877583,-0.0686877517789602,0.0765192125895991
1776177168284785400,14.567785400390624,0.0297267374828457,-0.0513642765343189,0.1120531019812449
1776177168294716700,14.577716552734374,0.033872166724503,-0.0417231724858283,0.1078138935089111
1776177168304647700,14.587647705078124,0.0272071558773517,-0.010498013138771,0.1201073021644726
1776177168314578400,14.597578369140624,0.0065454761207103,-0.017021861949563,0.0764871734835207
1776177168324509700,14.607509765625,0.0357423445105552,0.0197772981375455,0.0818105239307507
1776177168334441700,14.617441650390624,0.0103200262233614,0.0397322909295558,0.0658713061187416
1776177168344372500,14.62737255859375,-0.0512751369461417,0.0868669670701026,0.0167697138193994
1776177168354303500,14.637303466796874,-0.124992699585855,0.1302700554668903,0.0084752386068925
1776177168364234800,14.64723486328125,-0.1931000211283564,0.1467605870187282,0.1025999947855249
1776177168374165500,14.65716552734375,-0.1038065575636923,0.1875911945790052,0.1407275173995643
1776177168384096500,14.667096435546876,-0.0950023427307605,0.1814069529861211,0.1861170669058337
1776177168394027800,14.67702783203125,-0.1827799949049949,0.1436941851854324,0.153542575309053
1776177168403958500,14.68695849609375,-0.1228878362610936,0.0401157372891902,0.1055020729025825
1776177168413889500,14.6968896484375,-0.136290923191607,0.0171750066846609,0.1633922440743073
1776177168423820800,14.70682080078125,-0.1104255373120307,0.0232025964111089,0.1679101964227855
1776177168433751600,14.71675146484375,0.0316384163230657,0.0268769010096788,0.2227964365381747
1776177168443683600,14.72668359375,0.071397887520492,0.0760673406362533,0.2353252248521894
1776177168453614600,14.736614501953126,0.0085457100272178,0.1050385835766792,0.1113402044715359
1776177168463545600,14.746545654296876,-0.0472540647365152,0.1183434708297252,0.053182431872189
1776177168473476600,14.7564765625,-5.37760138511e-05,0.1389537126600742,0.0712189872896298
1776177168483407600,14.76640771484375,0.0081879826307296,0.1277700553447008,0.0869855519484728
1776177168493338600,14.776338623046875,0.0177519297897815,0.15259469999969,0.1199778670985251
1776177168503269600,14.78626953125,0.0618204963579773,0.2100058554828167,0.186577049100399
1776177168513200600,14.79620068359375,0.0359612479582428,-0.2617687759459018,-7.21884533762e-05
1776177168523131600,14.806131591796875,0.0424704837217927,-0.3103501437634229,-0.069163881390728
1776177168533062700,14.816062744140623,0.0557680644512176,-0.3430979826331138,0.0364648500988259
1776177168542994700,14.82599462890625,0.0470180640235543,-0.3368465210229158,0.0929595117915421
1776177168552925700,14.83592578125,-0.0397924966841936,-0.2583084063589573,0.1357496193891391
1776177168562856700,14.845856689453123,-0.1035103510960936,-0.2259276472359895,0.0691259970657527
1776177168572787500,14.855787353515623,-0.1283247666180133,-0.1259282268702983,0.0101428064929321
1776177168582718700,14.86571875,-0.1105529630839824,-0.056140404894948,0.1154670020779594
1776177168592649700,14.875649658203123,-0.040308337251842,-0.0183130708038806,0.0670041460735723
1776177168602580500,14.88558056640625,0.0042938978016376,-0.1841366702109575,-0.0037322087982669
1776177168612511700,14.89551171875,0.0036893560372292,-0.1803074673116207,-0.1595310020688921
1776177168622442800,14.90544287109375,-0.0292088510885834,0.0361859966248273,-0.0505418542355299
1776177168632373500,14.91537353515625,-0.0664333969809114,0.1605254929989576,0.0069506593881174
1776177168642305500,14.925305419921877,-0.0406875458277761,0.1666197182208299,-0.0078549878166988
1776177168652236800,14.93523681640625,-0.1375616737797856,0.190482239845395,0.0236779223052784
1776177168662167600,14.94516748046875,-0.2475159403182566,0.3429308093726634,0.0908451865186914
1776177168672098000,14.95509814453125,-0.2677270998284221,0.3788163617461919,0.1234434608498588
1776177168682029000,14.965029052734376,-0.1816983371481299,0.13726444439888,0.0567177298588678
1776177168691960000,14.9749599609375,-0.108649467550218,0.0997317093402147,-0.0580528874527662
1776177168701891000,14.98489111328125,-0.0747439830780029,0.0989829367995262,-0.0766899660466238
1776177168711822000,14.994822021484374,-0.0262415257155895,0.0074982468008995,-0.1661537812095135
1776177168721753000,15.004753173828124,0.0489548773050308,-0.070873863646388,-0.3210199332725256
1776177168731684000,15.01468408203125,0.1622036553442478,-0.2188140158385038,-0.4680657669734209
1776177168741615000,15.024614990234374,0.1070480237029492,-0.1751490616351366,-0.3400645697539672
1776177168751547100,15.034547119140624,0.1122302486464381,-0.0160936411887407,-0.149231909035705
1776177168761478000,15.044477783203124,0.0637900428652763,0.02234276471138,-0.0025801161536946
1776177168771409200,15.0544091796875,0.0638157618284225,0.0374807126104831,0.1761721941377967
1776177168781340200,15.064340087890624,-0.0163897015258669,0.049635260784626,0.2056498887630179
1776177168791271000,15.07427099609375,-0.0328361016750335,0.0516109447717666,0.0328222558127716
1776177168801202200,15.0842021484375,0.0514354420743882,-0.1283195059210062,-0.0540249836435541
1776177168811133200,15.09413330078125,0.1108990000426769,-0.0926800372630357,0.1613759358158335
1776177168821064000,15.10406396484375,-0.0797813927233219,0.0262806886821985,0.0149180946033447
1776177168830995200,15.1139951171875,0.0460536029055714,-0.1549152519017458,-0.055072994859144
1776177168840926000,15.123926025390626,-0.2278045470237731,-0.0117775315552949,-0.2306935464635491
1776177168850858000,15.13385791015625,-0.048751171426475,-0.1658843896836042,-0.1307934217538684
1776177168860789000,15.1437890625,-0.0043538112953305,-0.1970312230974435,0.1322704355038702
1776177168870720300,15.15372021484375,0.0223458334513008,0.1022644426882267,0.2230371499588712
1776177168880651000,15.163651123046876,0.0754454093456268,0.0137345108419656,0.2254634637903422
1776177168890582000,15.17358203125,0.009216741156578,-0.0397667777210474,0.2939035244185477
1776177168900513000,15.183512939453124,-0.0497612252518534,0.0783989984542131,0.2156440805654972
1776177168910444000,15.193444091796875,-0.0490729507267475,0.1159054300278425,0.1679228915075771
1776177168920375000,15.203375,-0.0604731734022498,0.0678314272105693,0.1259801214543171
1776177168930306000,15.21330615234375,-0.0523462733089923,-0.0346036958694458,0.1995998862753622
1776177168940237000,15.223237060546875,0.0439236051395535,0.0127653735488653,0.2224472577743232
1776177168950169000,15.233169189453124,0.0675388740047812,0.0278828631818294,0.1226729514013975
1776177168960099800,15.243099853515623,-0.0802935800291597,0.0459726466238498,-0.0014684833836741
1776177168970031000,15.253031005859375,-0.1111456682801246,0.0583738630354404,-0.0508240504440851
1776177168979962000,15.262962158203123,-0.0857794640943408,-0.011173135921359,-0.052025918780826
1776177168989892900,15.272892822265623,-0.0930137992620468,0.008218962290883,-0.018336068086978
1776177168999824100,15.28282421875,-0.0285971489310264,0.0122702835083007,0.0205325917505659
1776177169009755100,15.292755126953123,-0.0172457338333129,0.0072568392604589,-0.0158950498767197
1776177169019686000,15.302685791015625,-0.052947454072535,0.0094581486970186,-0.0554598204859532
1776177169029617200,15.3126171875,-0.1308276893496513,-0.0052092590808868,-0.0772519655772484
1776177169039548200,15.322548095703125,-0.1132220361627638,0.0078904609888792,-0.1276625946485437
1776177169049480000,15.33247998046875,-0.1286556060075759,0.0034895956814289,-0.1353289097590372
1776177169059411000,15.342410888671877,-0.0963420669019222,0.0088297876656055,-0.1465101193889975
1776177169069342200,15.35234228515625,-0.1125672255158424,0.0331476518422365,-0.1206696670212782
1776177169079273000,15.36227294921875,-0.0662228229701519,-0.0224912332713603,-0.1137921094019897
1776177169089204000,15.372203857421876,-0.0808683111771941,-0.0376361954331398,-0.0313380634033121
1776177169099135000,15.382135009765625,-0.0624386282563209,-0.0489367571264505,0.0219938964747823
1776177169109066000,15.39206591796875,-0.040080665975809,-0.0493114356577396,0.0105571594474837
1776177169118997000,15.4019970703125,-0.0626702450551092,-0.0526578234761953,-0.0728459857032634
1776177169128928000,15.411927978515624,-0.0481274865701794,-0.107245153710246,-0.0068111230532638
1776177169138859000,15.42185888671875,-0.0471944435037672,-0.0935457141816616,-0.0337416904789395
1776177169148791000,15.431791015625,-0.0565165447309613,-0.0712052875578403,0.0196881037504412
1776177169158722000,15.44172216796875,-0.171781923289597,-0.0114870241761207,-0.074908635587804
1776177169168653000,15.451653076171874,-0.1763818183004856,-0.013530512702465,-0.0756122538125142
1776177169178584000,15.461583984375,-0.0749728233978152,-0.0180962131828069,0.0103605956957675
1776177169188515000,15.47151513671875,-0.1728603661760687,-0.0360363590210676,0.0242101477521471
1776177169198446000,15.481446044921874,-0.2180555986866355,-4.67617511749e-05,-0.0108555761384777
1776177169208377000,15.491377197265624,-0.0521511891283094,-0.0106201782137155,-0.0352815951310098
1776177169218308000,15.50130810546875,-0.0028641572594642,-0.0243482593148946,0.0032154366488568
1776177169228239000,15.511239013671876,-0.0113562374033033,-0.0382721552491188,-0.0004663936690427
1776177169238170000,15.521170166015626,-0.0206277774870395,-0.0162263276576995,-0.0153548968517221
1776177169248101000,15.53110107421875,-0.0006707388684153,0.0152893390685319,0.0061302829159423
1776177169258033200,15.541033203125,-0.0060953942656517,0.0129261170685291,0.0010512078196741
1776177169267964200,15.550964111328126,0.0242018365815281,0.0291530292481183,0.0187799028643406
1776177169277895000,15.56089501953125,-0.0136135148108005,0.0402758962869644,0.0407691596966236
1776177169287826200,15.570826171875,-0.0288879485711455,0.0219727623552083,0.0453944448770955
1776177169297757200,15.580757080078126,-0.0196843591570854,0.0241904384046793,0.0110933669497258
1776177169307688000,15.59068798828125,0.0538172226443886,0.0177139358669519,0.0194058527429588
1776177169317619200,15.600619140625,0.0811655405580997,0.0253606512278318,0.0217338207664899
1776177169327550000,15.610550048828124,0.0119952659592032,0.0180921215295791,0.0189996282959356
1776177169337481000,15.62048095703125,-0.0512754292070865,0.051591655549407,-0.0210294718894176
1776177169347412200,15.630412109375,-0.0938484965205192,0.024291560691595,0.008039075679332
1776177169357344300,15.64034423828125,-0.1589662808582186,-0.0196229843586683,0.0657351673173718
1776177169367275000,15.65027490234375,-0.1558402577921748,0.0551595771640539,-0.005365618686378
1776177169377206000,15.6602060546875,-0.0577484246134758,0.0874082343399524,0.0340895175359211
1776177169387137000,15.670136962890624,-0.0696282474994659,0.1153676698893308,0.0448515153731219
1776177169397068000,15.680068115234375,-0.1423487619258463,0.0972094973862171,0.0533838544621132
1776177169406999000,15.6899990234375,-0.2049548557035624,0.1750198822975158,0.1158893008769489
1776177169416930000,15.699929931640623,-0.2129991920799016,0.1719353602856397,0.0990370050743222
1776177169426861000,15.709861083984377,-0.2134393370628357,0.2090513312369585,0.0728954508681781
1776177169436792000,15.7197919921875,-0.2065047154940664,0.1766243948847055,0.0848263828868977
1776177169446723000,15.72972314453125,-0.1900764355234801,0.1888227822005748,0.0550120584521442
1776177169456655000,15.739655029296877,-0.2205474155023694,0.1747299594402313,0.0175255919543094
1776177169466586000,15.749586181640623,-0.2297615263104438,0.1543845060259103,-0.0244398283221758
1776177169476516900,15.759516845703123,-0.2649042974926531,0.1059744031220674,-0.0652928121110424
1776177169486448000,15.7694482421875,-0.1525438465952873,0.0954945101618766,-0.045321489238739
1776177169496379100,15.779379150390625,-0.1802655278660357,0.0356248556107282,-0.0161581577923148
1776177169506310000,15.789309814453125,-0.259001795450598,0.0150379946559667,0.0007296477151103
1776177169516241200,15.7992412109375,-0.1225263094723224,-0.0430582204818725,-0.0339072380378842
1776177169526172000,15.809171875,-0.1092272674381732,-0.0860866303473711,-0.0079163443488068
1776177169536103000,15.81910302734375,-0.1784086479529738,-0.1262923840075731,0.0654192241028416
1776177169546034200,15.8290341796875,-0.1194283434569835,-0.2143365781635046,0.1239697588794399
1776177169555966200,15.83896630859375,-0.1748892416551709,-0.2800900300562381,0.1934869380867108
1776177169565897000,15.84889697265625,-0.2746997153200209,-0.3036047611564397,0.2672713188849389
1776177169575828000,15.858827880859376,-0.3091350688852369,-0.3225456084698438,0.3073378102049231
1776177169585759000,15.868759033203125,-0.284008664804697,-0.2983674450248479,0.3175424298876896
1776177169595690000,15.87868994140625,-0.1974059016287326,-0.2338391510128974,0.3311711788002401
1776177169605621000,15.88862109375,-0.1730555964872241,-0.2017220112621784,0.2804017263539135
1776177169615552000,15.898552001953124,-0.1535547772035002,-0.1826543226987123,0.2152137993894517
1776177169625483000,15.90848291015625,-0.1565197644889354,-0.2003396169930696,0.1511910163473803
1776177169635414000,15.9184140625,-0.1858221390798687,-0.2208510746240615,0.1342715279269032
1776177169645345000,15.928344970703124,-0.1624842258512973,-0.238815770381689,0.128779862574907
1776177169655277000,15.938277099609374,-0.173451025545597,-0.2405085457742214,0.088143352814624
1776177169665208000,15.9482080078125,-0.1693430057048797,-0.2027729816198349,0.0886273643387481
1776177169675139300,15.958139404296874,-0.178141521449387,-0.160244922491908,0.0938143567888997
1776177169685070600,15.968070556640624,-0.1515644801691174,-0.1034282257705926,0.099595104747964
1776177169695001600,15.978001708984374,-0.0928127237319946,-0.0355745867282152,0.125436835757317
1776177169704932400,15.987932373046876,-0.0316048063144087,0.0049865562409162,0.1463127701859921
1776177169714863600,15.997863525390626,0.0184124395251274,0.044814124238491,0.1976424320646561
1776177169724794400,16.00779443359375,0.0789119164124131,0.0614572160035371,0.2042977069690823
1776177169734725400,16.017725341796876,0.0459381598323583,0.0255289935320615,0.1537673970408737
1776177169744656600,16.02765673828125,0.0076490534484386,-0.0236111772119998,0.1507166768338997
1776177169754588700,16.037588623046876,-0.0207972888350486,-0.1414098736405372,0.1796117035998031
1776177169764519400,16.04751953125,0.0962459130510687,-0.250503870087862,0.2473712711505591
1776177169774450400,16.057450439453124,0.1158890634149312,-0.3436199606806039,0.2862001469669863
1776177169784381400,16.06738134765625,0.0303609437331557,-0.3454980295121669,0.1915672951357439
1776177169794312400,16.0773125,0.0033116087660193,-0.3892793035715818,0.1942513283216394
1776177169804243500,16.087243408203125,-0.1698027321711182,-0.2678478035986423,0.0175123032144736
1776177169814174500,16.097174560546875,-0.1521311741411685,-0.2219026295036077,0.0407687761041335
1776177169824105500,16.10710546875,-0.2356958847954869,-0.137745505914092,-0.104843755124323
1776177169834036500,16.117036376953124,-0.1745782760098576,-0.1422708743840456,-0.0887543334529735
1776177169843967500,16.126967529296873,-0.1451917302668094,-0.0798310770839452,-0.138160680852551
1776177169853899500,16.1368994140625,-0.1471785201698541,0.0054354690521955,-0.1064063830648548
1776177169863830500,16.14683056640625,-0.1365694478720426,0.0664040247559547,-0.0717500619590282
1776177169873761500,16.156761474609375,-0.1552124812826514,0.097636782887578,-0.0702487722842954
1776177169883692500,16.166692626953125,-0.1763943855211138,0.1087304238319396,-0.0064528659338131
1776177169893623600,16.17662353515625,-0.1925762895151972,0.1024701943933963,0.1003633857067208
1776177169903554600,16.186554443359373,-0.1590776322782039,0.0896726721405982,0.1826003640217706
1776177169913485600,16.196485595703123,-0.1518903511226177,0.0698737466931343,0.2702562164472415
1776177169923416600,16.20641650390625,-0.1479763925492763,0.0066015902221202,0.2870765644753351
1776177169933347600,16.21634765625,-0.1374970841109752,0.0064794251471757,0.3071634765513241
1776177169943278600,16.226278564453125,-0.1123626428544521,0.0361743061870336,0.3006533092060126
1776177169953210600,16.236210693359375,-0.1692965362146496,0.0865004718452692,0.269712245763652
1776177169963141400,16.246141357421877,-0.1680363070204854,0.0790472332298755,0.2562498298613354
1776177169973072600,16.25607275390625,-0.1258008010983467,0.0660270081371069,0.2557329298477619
1776177169983003600,16.266003662109377,-0.1077855441972613,0.0280044437348842,0.1995063445067033
1776177169992934400,16.275934326171875,-0.0744233728215098,0.0082855977863073,0.1185739368510432
1776177170002865700,16.28586572265625,-0.0553261659026145,0.0292190802216529,0.092193897713907
1776177170012796400,16.29579638671875,-0.0933309023872017,0.0799842218190431,0.0590914549865759
1776177170022727400,16.3057275390625,-0.0891387113943696,0.1301870533585548,0.0641041594489011
1776177170032658700,16.31565869140625,-0.060142626273632,0.1558452262282371,0.0977200407242402
1776177170042589400,16.32558935546875,-0.1973904117986559,0.1640256100744009,0.0614758750382345
1776177170052521500,16.335521484375,-0.1902665512681007,0.1283697748035192,0.033072805640893
1776177170062452500,16.345452392578125,-0.0994610757052898,0.0794388628959655,0.0670573558318428
1776177170072383500,16.355383544921875,-0.1312076285779476,0.0585661707371473,0.0523833082505967
1776177170082314500,16.365314453125,-0.0566577067673206,0.0260281752258539,0.1159395514931529
1776177170092245500,16.37524560546875,-0.0290390474796295,0.0260550632327795,0.1112387990568298
1776177170102176500,16.385176513671876,-0.0822433989226818,-0.008472644791007,0.0871067671753466
1776177170112107500,16.395107421875,-0.1320990244597196,-0.0325309812486171,0.0731538826086558
1776177170122038500,16.40503857421875,-0.2135644247472286,-0.0334819983631372,0.0092558036584872
1776177170131969500,16.414969482421874,-0.2489163086354732,-0.0004477437674999,-0.0806993478184565
1776177170141900500,16.424900634765624,-0.2644613760307431,0.0291892696052789,-0.1205248608562629
1776177170151832600,16.43483251953125,-0.2514087099730968,0.047348611152172,-0.1518122078524902
1776177170161763300,16.444763427734376,-0.1888002781078219,0.0367670113831758,-0.1615895420338958
1776177170171694600,16.454694580078126,-0.1436988613605499,0.0659235477626323,-0.1502573978922329
1776177170181625600,16.46462548828125,-0.1475941152334213,0.0344312619119882,-0.1382354265891947
1776177170191556400,16.474556396484374,-0.1684638847827911,0.0123252285659313,-0.1235886780068278
1776177170201487600,16.484487548828124,-0.1294993633553385,-0.0377343951106071,-0.0794184228961356
1776177170211418400,16.49441845703125,-0.1474132057085633,-0.0360457113713026,-0.1110547568599693
1776177170221349400,16.504349365234376,-0.1823641075804829,-0.0072340429067611,-0.0741757182033732
1776177170231280600,16.51428076171875,-0.1601440924659371,-0.0368120195686817,-0.0455805237674154
1776177170241211400,16.52421142578125,-0.0938090412929654,-0.0280950446277856,-0.0285034336324315
1776177170251143400,16.534143310546874,-0.0530851089775562,-0.0057704000949859,-0.0012109558254946
1776177170261074400,16.544074462890624,-0.0176081374049186,-0.0074012161672115,0.0209248607374727
1776177170271005400,16.55400537109375,0.0163686587378382,0.0176852942943573,-0.0138099689646624
1776177170280936400,16.5639365234375,0.0086006550848484,0.0488490788429975,-0.0744157649037893
1776177170290867500,16.573867431640625,-0.0018228315129876,0.0513362194836139,-0.1042159146827179
1776177170300798500,16.583798583984375,0.1270747665569186,0.0782943690359592,-0.0492138022358529
1776177170310729500,16.5937294921875,0.1406675308406353,0.0584136105239391,-0.0549786767723504
1776177170320660500,16.603660400390623,0.0640232670992612,-0.006368950510025,-0.0812434280999004
1776177170330591500,16.613591552734373,0.0327460853040218,0.0090554131150245,-0.098283136233408
1776177170340522500,16.6235224609375,-0.0083344053640961,0.0692360333114862,-0.1029068139786832
1776177170350454500,16.63345458984375,-0.0713689536869525,0.0857218886882066,-0.0533446458297315
1776177170360385500,16.643385498046875,-0.0565466476082801,0.0902840820372104,-0.030019345487561
1776177170370316500,16.653316650390625,-0.004627075278759,0.1145242048025131,0.0064079490798525
1776177170380247600,16.66324755859375,0.0006800912186503,0.1434615454733371,0.0219093736962182
1776177170390178600,16.673178466796877,-0.0178933840870857,0.1683165852665901,0.0440460396425565
1776177170400109600,16.683109619140627,-0.0331736630663275,0.236309340518713,0.0227870150472736
1776177170410040600,16.69304052734375,-0.0616305267438292,0.2315209371984004,0.0013027805611025
1776177170419971600,16.7029716796875,-0.0299473944962024,0.2224444812953472,0.0007924016198609
1776177170429902600,16.712902587890625,-0.0149459324583411,0.1966869397044181,0.0481156637016451
1776177170439833300,16.722833251953126,0.0409773225545883,0.1990320415258407,0.0874685679587535
1776177170449765400,16.732765380859377,0.072326692803204,0.1679892530083656,0.0981355353231076
1776177170459696600,16.742696533203127,0.0443152348056435,0.1224900691151618,0.0351886652837041
1776177170469627400,16.75262744140625,0.0412207759216427,0.0857867706179618,0.0242218336233636
1776177170479558400,16.762558349609375,0.0361588163569569,0.0666734893471002,0.013527215633681
1776177170489489700,16.77248974609375,0.0559004586592316,0.0725683926045894,0.0159580549432197
1776177170499420400,16.78242041015625,0.0842442173510789,0.0979722984522581,0.0231254212553612
1776177170509351400,16.792351318359376,0.0812274998784065,0.1042237600624561,-0.0096348478376399
1776177170519282700,16.80228271484375,0.0857306565165519,0.1359995390295982,-0.0349377546959789
1776177170529213400,16.81221337890625,0.1368245916768908,0.1290548344582319,-0.0207109302924247
1776177170539144400,16.82214453125,0.1836579467833042,0.1295738898962736,-0.0095280675614951
1776177170549076500,16.832076416015624,0.1697872423410415,0.1205833587110042,-0.0093787815841846
1776177170559007500,16.842007568359374,0.1138449903666973,0.1333276894718408,-0.0153123500513611
1776177170568938500,16.8519384765625,0.0901376593038439,0.1358241824626922,-0.0201267326297238
1776177170578869500,16.861869384765626,0.1420829505965113,0.1076186631977558,0.0114600220047635
1776177170588800500,16.871800537109376,0.0075932316079735,0.0501794506639242,0.0019632948630256
1776177170598731500,16.8817314453125,-0.0534162406280636,0.0120177700519561,-0.0511529810043517
1776177170608662500,16.89166259765625,-0.029685236428678,-0.0646697483092546,-0.0538231500616762
1776177170618593500,16.901593505859374,-0.0676838354334235,-0.1128390281945466,0.0013998659937176
1776177170628524500,16.911524658203124,-0.0034852117672562,-0.1317459732383489,0.0035702071865671
1776177170638456600,16.92145654296875,0.0559115645751357,-0.122797527629137,0.0254960822097258
1776177170648387300,16.93138720703125,0.036039281630516,-0.1166968726664781,0.0198093052775831
1776177170658318600,16.941318603515626,-0.0011743044763803,-0.1365548348248005,0.0122891320559545
1776177170668249600,16.95124951171875,-0.0398795904457569,-0.133528765001893,-0.0205790475410642
1776177170678180600,16.9611806640625,-0.0319765622362494,-0.119550508531928,-0.0437370878578163
1776177170688111600,16.971111572265624,-0.0187327575206756,-0.1101046347945928,-0.0577400586439296
1776177170698042600,16.981042724609374,-0.0146726684749126,-0.1230821897894144,-0.0654684426725842
1776177170707973600,16.9909736328125,-0.0193298466309905,-0.1794628331810235,-0.1005527251332066
1776177170717904600,17.000904541015625,-0.052203357706964,-0.2532587217539548,-0.0829035889976192
1776177170727835600,17.010835693359375,-0.078934420505166,-0.3028197482585907,-0.0630179670808138
1776177170737767700,17.020767578125,-0.1077206622675061,-0.370475818902254,-0.0534576868833042
1776177170747698400,17.030698486328124,-0.1329939274728298,-0.3952501946747302,-0.0468939581532729
1776177170757629700,17.040629638671874,-0.1834592093408107,-0.4110340392619371,-0.06014661746216
1776177170767560700,17.050560791015624,-0.1867135349616408,-0.4049667020469903,-0.0762955416352488
1776177170777491500,17.060491455078125,-0.1634185840919613,-0.3722217857867479,-0.0433091676022158
1776177170787422700,17.070422607421875,-0.1334507313296198,-0.3304746479034424,-0.028116046316619
1776177170797353500,17.080353515625,-0.1195043313026428,-0.2452981181383133,-0.0462988555040676
1776177170807284500,17.090284423828123,-0.1138648641109466,-0.1498088686734437,-0.0365508912643301
1776177170817215700,17.1002158203125,-0.1070621983587741,-0.0505839398115873,-0.0329394159190356
1776177170827146500,17.110146484375,-0.1049342464193701,0.0216752407133579,-0.0508955265114083
1776177170837078500,17.12007861328125,-0.1383589616373181,0.072528060594201,-0.0751542352461721
1776177170847009500,17.130009521484375,-0.0823839764371514,0.0755120448410511,-0.112072016744269
1776177170856940500,17.1399404296875,-0.0410872126698493,0.091847678092122,-0.1283722590215504
1776177170866871600,17.14987158203125,-0.0675768679276108,0.0904401493817567,-0.1291191957981791
1776177170876802600,17.159802490234377,-0.0347089098095893,0.0660235010057687,-0.1143381350453477
1776177170886733600,17.169733642578127,0.0282370834469795,0.0723801765561103,-0.0389500499441055
1776177170896664600,17.17966455078125,0.0294914674222469,0.1363917532175779,-0.0048761912016198
1776177170906595600,17.189595703125,0.0437152230858802,0.1999848122060298,0.0002251288341416
1776177170916526600,17.199526611328125,0.0831084913194179,0.1800350801110267,-0.0122212784260453
1776177170926457600,17.20945751953125,0.0482853074803948,0.1807896978706121,-0.0750889331913087
1776177170936389600,17.2193896484375,0.0838224848076701,0.1194663373798131,-0.028743503165734
1776177170946320600,17.229320556640626,0.079999419388175,0.1131768818467855,-0.0291261823403881
1776177170956251600,17.239251708984376,0.04668108715415,0.0669698419451713,0.0212157106099417
1776177170966182700,17.2491826171875,0.0407423447549343,0.0565647677868604,0.0098741798687144
1776177170976113700,17.25911376953125,0.0727311819508671,0.0029196868389844,0.0461521039771381
1776177170986044700,17.269044677734374,0.1180097088307142,-0.0052121816903352,0.0305162986916489
1776177170995975700,17.2789755859375,0.1180649461492896,-0.0069330141335725,0.0186234564938815
1776177171005906700,17.28890673828125,0.1360556531310081,-0.0049210897892713,0.0186689966856385
1776177171015837700,17.298837646484376,0.1261784022390842,0.0171773447722196,0.0462967548785265
1776177171025769700,17.308769775390626,0.0723792997732758,0.0405038598239421,0.0557399343352764
1776177171035700500,17.318700439453124,0.0327376097366213,0.034474516531825,0.1328043962500989
1776177171045631700,17.3286318359375,0.0374143693760037,0.0620557664185762,0.2024649020513519
1776177171055562800,17.338562744140624,0.0208116096213459,0.1021791024923324,0.2230146641324274
1776177171065493500,17.348493408203126,-0.0002361468434333,0.1233954935222864,0.2162036324107088
1776177171075424800,17.3584248046875,0.0211710905835032,0.1431856511414051,0.2042256281135603
1776177171085355500,17.36835546875,0.0711149789258837,0.1238315468519926,0.2079519551603123
1776177171095286500,17.37828662109375,0.0554790183767676,0.131473586037755,0.1753735911060124
1776177171105217800,17.3882177734375,0.0301937704727053,0.1193102700352668,0.1395450661493465
1776177171115148500,17.3981484375,-0.0268424142181873,0.1076595797300338,0.1728113394025713
1776177171125080600,17.40808056640625,-0.0659548196837306,0.1023632268875837,0.1547027051296085
1776177171135011600,17.418011474609376,0.0430935840561985,0.064985974651575,0.150991118994262
1776177171144942600,17.427942626953126,-0.0542322331860661,0.0835433756053447,0.0572393243138678
1776177171154873600,17.43787353515625,-0.1537695889979601,0.0940302828282117,-0.0821091324179899
1776177171164804600,17.4478046875,-0.1525543679893016,0.0963204395920038,-0.1409554626702331
1776177171174735600,17.457735595703124,-0.2066737884506583,0.1133592526763677,-0.1132412797193508
1776177171184666600,17.46766650390625,-0.1765641891300678,0.142314713525772,-0.0616001635716063
1776177171194597600,17.47759765625,-0.1032967083454132,0.1694476351231336,-0.0130174588885915
1776177171204528600,17.487528564453125,-0.0876578251868486,0.1777215424716472,-0.0060237949007423
1776177171214459600,17.497459716796875,-0.1665574666395783,0.1752495994001627,-0.0336601222758647
1776177171224391700,17.5073916015625,-0.1437161047562956,0.1535351957201957,-0.0322881215366069
1776177171234322400,17.517322509765624,-0.1319391577228903,0.1183352875232696,-0.0181211638193286
1776177171244253700,17.527253662109374,-0.0414148371890187,0.0792500623255968,-0.0192561146744992
1776177171254184700,17.537184814453123,-0.0370212784051895,0.046682840719819,0.0096171112515497
1776177171264115500,17.547115478515625,-0.0057052259042859,0.0274912335157394,-0.0183931092035723
1776177171274046700,17.557046630859375,0.0156833068221807,-0.0094809450507164,-0.0283107309217914
1776177171283977500,17.5669775390625,0.0198234753668308,-0.0178477913796901,-0.0127444700414431
1776177171293908500,17.576908447265627,-0.0150751117959618,-0.0093979429423809,0.0113693868625327
1776177171303839700,17.58683984375,-0.0199395029619336,-0.0350105231046676,0.045791705132951
1776177171313771800,17.596771728515623,-0.0548301990792155,-0.0259989491313695,0.0215252332168398
1776177171323702500,17.60670263671875,-0.0723576724633574,-0.0466775800228118,0.0233304034922621
1776177171333633500,17.616633544921875,0.0215957457363605,-0.0546755930393934,0.0171786199889204
1776177171343564500,17.626564453125,0.1148231877490878,-0.0514893642187118,0.0647850817846134
1776177171353495600,17.63649560546875,0.1364054894819855,-0.019849194329977,0.0870495388290844
1776177171363426600,17.646426513671877,0.1468584944352507,0.0508364532679319,0.0742191189536824
1776177171373357600,17.656357666015627,0.1340317460879683,0.1329950965166091,0.0547682945578359
1776177171383288600,17.66628857421875,0.1203191548168659,0.2522317167937755,0.0585795599416829
1776177171393219600,17.676219482421875,0.1765688653051853,0.3352443465232849,0.0387775429214118
1776177171403150600,17.686150634765625,0.2714937588855624,0.463425905278325,0.047516437433171
1776177171413082600,17.69608251953125,0.2563897132560611,0.575850507453084,0.0849603114648722
1776177171423013600,17.706013671875,0.202103119534254,0.589556376722455,0.1132430058855563
1776177171432944600,17.715944580078126,0.150140292584896,0.4764087209701538,0.0838128401964902
1776177171442875600,17.725875732421876,0.1272559683427214,0.3221381967127323,0.0503058854886097
1776177171452806700,17.735806640625,0.1135772793412208,0.1247059915989637,0.0426829528621165
1776177171462737700,17.745737548828124,0.1236155660137534,-0.0172398886144161,-0.0140438918849686
1776177171472668700,17.755668701171874,0.1504497969254851,-0.0805161367386579,-0.0066573846631217
1776177171482599700,17.765599609375,0.1554360609054565,-0.0936105961114168,0.0556857655957806
1776177171492530700,17.77553076171875,-0.0290004690349102,-0.0830406867802143,0.0987725911176297
1776177171502462700,17.785462646484376,-0.174111243019998,-0.0679144293189048,0.1234228107874747
1776177171512393700,17.795393798828126,-0.2308171728432178,-0.0904383958160877,0.1392852370362263
1776177171522324500,17.805324462890624,-0.2432419162608683,-0.1375000067204237,0.0954499769004061
1776177171532255700,17.815255859375,-0.1903600747704505,-0.1887134766072034,0.0651617330772802
1776177171542186800,17.825186767578124,-0.1378732239469886,-0.2602075179785489,0.0408781456295866
1776177171552117500,17.835117431640626,-0.1181280745133757,-0.3421002037674188,-0.0509949956973549
1776177171562048800,17.845048828125,-0.1838566842257976,-0.3718798404812812,-0.1430095730552915
1776177171571979500,17.8549794921875,-0.194984519700706,-0.4045990377783775,-0.1259232949668541
1776177171581910500,17.86491064453125,-0.2222223629772663,-0.4102215538352727,-0.0995183497173246
1776177171591841800,17.874841796875,-0.2247217785775661,-0.3849006500959396,-0.0756767430166248
1776177171601773800,17.88477392578125,-0.2311947739839553,-0.3467670265346765,-0.0775488844309002
1776177171611704600,17.89470458984375,-0.2694299582235515,-0.2857633995175361,-0.1008614074898883
1776177171621635600,17.904635498046876,-0.295044876473397,-0.2247422368437051,-0.0869760443346109
1776177171631566600,17.914566650390626,-0.2518694593526422,-0.1842412996292114,-0.0768701814517378
1776177171641497600,17.92449755859375,-0.2081456145688891,-0.1395697987318039,-0.0658242977723944
1776177171651428600,17.9344287109375,-0.127157038012892,-0.1294248368144035,-0.0753002469875849
1776177171661359600,17.944359619140624,-0.07190525252074,-0.0971668272882699,-0.0873068380584008
1776177171671290400,17.954290283203125,-0.0696735479459166,-0.0278296716898679,-0.0936009058344643
1776177171681221400,17.964221435546875,-0.0752148154601454,0.0604623597472906,-0.0953903008687309
1776177171691153400,17.9741533203125,0.0165077749475836,0.1448281576514244,-0.0778046858228743
1776177171701084700,17.984084716796875,0.0902665463805198,0.2163110931068658,-0.0543435389402788
1776177171711015400,17.994015380859373,-0.0701508100688457,0.296265504309535,-0.0965204465429764
1776177171720946400,18.003946533203123,-0.09450447621122,0.2842150010317564,-0.1071708463650196
1776177171730877400,18.01387744140625,-0.088007661537826,0.2647942612469196,-0.072265354537405
1776177171740808400,18.02380834960937,-0.1652291406452655,0.233603004169464,-0.0212611891529057
1776177171750739500,18.033739501953125,-0.02390928337574,0.1766670649826526,-0.0009346687679179
1776177171760670500,18.04367041015625,0.1102387825682759,0.1462578981935977,0.010011763991788
1776177171770601500,18.0536015625,0.0386899422697722,0.1119634144037961,0.0252151144104544
1776177171780533500,18.063533447265623,-0.0492597054705023,0.051779871597886,-0.018701339469105
1776177171790464500,18.073464599609373,-0.1325119891747832,-0.0091337390482425,-0.0384870401088148
1776177171800395500,18.0833955078125,-0.1297723350778222,-0.0207628020435571,-0.0223827313955873
1776177171810326500,18.093326416015625,-0.0761582337900996,-0.0427694666683673,-0.0037545210947748
1776177171820257500,18.10325756835937,-0.0053917760409414,-0.0788414815247058,0.0306748502542264
1776177171830188500,18.1131884765625,0.0682242259204387,-0.097774730053544,0.0548458898386918
1776177171840119600,18.12311962890625,0.0831482388079166,-0.1283382106214761,0.078313174201129
1776177171850050600,18.133050537109376,0.0571840687289834,-0.1516185484439134,0.0885288450008723
1776177171859981600,18.142981689453126,-0.0175005853772163,-0.1621726756840944,0.055440348600503
1776177171869912300,18.152912353515624,-0.0481846235848963,-0.1701584137409925,0.0419908469786867
1776177171879844400,18.16284423828125,-0.0694295100569725,-0.1790425619423389,0.0571660581482574
1776177171889775600,18.172775634765625,-0.060054947990179,-0.1864157210588455,0.053331274891505
1776177171899706600,18.18270654296875,-0.0502864181697368,-0.1859609630286693,0.0583271469500381
1776177171909637400,18.19263745117188,-0.0586275455355644,-0.1829337241619825,0.0552602427932433
1776177171919568600,18.202568603515623,-0.0586436198875308,-0.1501718567669391,0.0611825272480025
1776177171929499400,18.21249951171875,-0.0216118200883269,-0.124158879110217,0.0709973164961207
1776177171939430400,18.22243041992187,-0.0620224486708641,-0.0870037451922893,0.0586138366706203
1776177171949361700,18.232361572265624,-0.0768178667426109,-0.0464940401494503,0.0787196909090969
1776177171959292400,18.24229248046875,-0.0687725074529647,-0.0172527480959892,0.087845109653566
1776177171969224400,18.252224365234376,-0.0151461312055587,0.0357359147697687,0.0087787241986487
1776177171979155500,18.26215551757813,-0.0303480842515826,0.0498158780485391,0.0157075918800663
1776177171989086500,18.27208642578125,-0.0545313622631132,0.0215144971936941,0.0111664595854002
1776177171999017500,18.282017578125,-0.0495592729389667,0.0796072052001953,-0.0304208206942304
1776177172008948500,18.291948486328124,-0.0688306673809886,0.1291395901322364,-0.0232281601106282
1776177172018879500,18.30187939453125,-0.064890989844501,0.1827466771572828,-0.0115875802074559
1776177172028810500,18.311810546875,-0.0510918893337249,0.1816442688733339,-0.007157050414104
1776177172038741500,18.32174145507813,-0.0386627620019018,0.1875093615144491,0.004160937338043
1776177172048672500,18.33167260742188,0.0008756137907505,0.1816448533952236,0.0197304267885163
1776177172058604500,18.3416044921875,-0.0200011700212955,0.1507598857879638,0.0452336922242771
1776177172068535600,18.35153564453125,-0.0168844993054866,0.127866501456499,0.0733997562616597
1776177172078466300,18.36146630859375,-0.0530137973070144,0.0816764126896858,0.1191811454965733
1776177172088397600,18.3713974609375,-0.043264264447987,0.0761959354519844,0.1722091357257217
1776177172098328600,18.38132861328125,-0.0546086652830243,0.0015413842231035,0.1923036648525856
1776177172108259300,18.39125927734375,-0.053039662400633,-0.0558785390883684,0.1986218898223713
1776177172118190600,18.401190673828125,-0.0683165803790092,-0.0789975488692522,0.2419977979512885
1776177172128121600,18.41112158203125,-0.0584149256981909,-0.0989157167822122,0.2618168528713285
1776177172138052400,18.42105224609375,-0.0287248669639229,-0.0976993267297744,0.2670317562417127
1776177172147984400,18.430984375,-0.0293875686563551,-0.0635609102845192,0.2448703211802989
1776177172157915600,18.44091552734375,-0.012806874603033,-0.0378232424378395,0.1844626872949302
1776177172167846400,18.450846435546875,-0.0089136665567755,-0.0500514403700828,0.128087249801401
1776177172177777400,18.46077734375,-0.0215334941551089,-0.0210685069918632,0.089028638616018
1776177172187708700,18.47070874023437,-0.0595683335170149,0.0026619126856327,0.0815868164437823
1776177172197639400,18.48063940429688,-0.0958802946090698,0.0226800338417291,0.1056164017309434
1776177172207570400,18.4905703125,-0.0402935780741274,-0.0113087449997663,0.159050963466987
1776177172217501400,18.50050146484375,0.0418866924844682,-0.0524824669092893,0.1757278479037806
1776177172227432400,18.510432373046875,0.0890542479813098,-0.1430056183993816,0.1713531399508938
1776177172237363500,18.520363525390625,0.1180500408411026,-0.2137941418498754,0.1224385489904787
1776177172247295500,18.53029541015625,0.2268260573804378,-0.2579553551375866,0.1200504939433187
1776177172257226500,18.5402265625,0.4250225248649716,-0.315107567423582,0.1310750973726157
1776177172267157500,18.550157470703127,0.5040098446011543,-0.3202209649145603,0.1790151807450689
1776177172277088500,18.56008862304688,0.4848718672804534,-0.2823924617797136,0.0767146529633086
1776177172287019500,18.57001953125,0.5238906031131744,-0.2467202598959207,0.0538797756197396
1776177172296950500,18.579950439453125,0.379942735427618,-0.1509592077523469,0.0402294815956614
1776177172306881500,18.589881591796875,0.377091145388782,-0.0295908361434936,0.0008638502877205
1776177172316812500,18.5998125,0.3975786376222968,0.0967798737972974,-0.0240252379056066
1776177172326743600,18.60974365234375,0.2819289359211921,0.1760930644869804,0.0094459376694168
1776177172336675300,18.61967529296875,0.1165804066799581,0.3180541422694921,-0.0048220955273602
1776177172346606600,18.629606689453126,-0.0229553436517715,0.3627729894399643,0.0947090314731467
1776177172356537600,18.63953759765625,-0.1442391057170927,0.4441407745718955,0.2090310373676009
1776177172366468400,18.64946826171875,-0.2751075654685497,0.4328203391343355,0.2681440831314772
1776177172376399600,18.659399658203125,-0.2364101705446839,0.3673252459168434,0.262091158034373
1776177172386330600,18.66933056640625,-0.1808990034639835,0.3509095331668853,0.2008412829048931
1776177172396261400,18.679261474609376,-0.2319863627530634,0.3538689674943685,0.082135508968262
1776177172406192600,18.68919262695313,-0.3811374981701373,0.3535258531451225,-0.0008148965794593
1776177172416123400,18.699123291015624,-0.4494681070744991,0.3272983559548855,-0.0511637489935383
1776177172426055400,18.70905541992187,-0.5688895823992789,0.3163824096649885,-0.0507434960211627
1776177172435986400,18.718986328125,-0.6031416883520782,0.3470937742710113,-0.0633752515193075
1776177172445917700,18.72891772460937,-0.6172729434266686,0.3323959713548421,-0.0562669721503742
1776177172455848400,18.73884838867188,-0.6108700906470418,0.2808598453849554,-0.0423883766626007
1776177172465779500,18.748779541015622,-0.5877578028678894,0.2023053641080856,-0.0228282375402282
1776177172475710500,18.75871044921875,-0.5431378860272467,0.0858937381237745,-0.0037525939991697
1776177172485641500,18.76864135742188,-0.4881004739381372,-0.0306663564205169,0.0503872025299351
1776177172495572500,18.778572509765624,-0.4700514608979225,-0.1249853930622339,0.108204116669204
1776177172505503500,18.78850341796875,-0.4602876072525977,-0.230128606057167,0.068486329189036
1776177172515435500,18.798435546875,-0.3521139405205846,-0.3285428030580282,0.0779648448206484
1776177172525366500,18.80836645507813,-0.229823631761223,-0.4092687831550836,0.0824352682329714
1776177172535297300,18.81829736328125,-0.2485680797196924,-0.4617541726738214,0.0818557330456562
1776177172545228500,18.828228515625,-0.2291454402387142,-0.4846498950928449,0.0704069767870008
1776177172555159600,18.83815966796875,-0.2127459479711949,-0.5121551571339369,0.062840669718571
1776177172565090300,18.84809033203125,-0.223183316963911,-0.5136158773362636,0.0836048417353071
1776177172575021600,18.858021484375,-0.2617876267768442,-0.5050596459150314,0.08083329466274
1776177172584952600,18.86795263671875,-0.3080922818340361,-0.50439095287323,0.0905904811052605
1776177172594883300,18.87788330078125,-0.3003904752850532,-0.5340922636538744,0.1359095043922774
1776177172604815400,18.8878154296875,-0.2429647067546844,-0.5125947175949812,0.1248441031617112
1776177172614746600,18.89774658203125,-0.1760739213950932,-0.429775564610958,0.1499104658843949
1776177172624677400,18.907677490234377,-0.1457026023983955,-0.3176116591989993,0.1354798534038942
1776177172634608400,18.9176083984375,-0.1454036194518208,-0.1762245819121599,0.1339931950427126
1776177172644539600,18.92753955078125,-0.1731285155929625,-0.0318494287252426,0.1432059267444536
1776177172654470400,18.93747045898437,-0.1408943253338337,0.0757341631591319,0.112192282123072
1776177172664401400,18.9474013671875,-0.0941796281710267,0.1645937653511762,0.0678571827063336
1776177172674333200,18.957333251953123,0.0460473192952573,0.1734253065824508,0.0249155743414536
1776177172684264000,18.967263916015625,0.1370084238111972,0.2130237419992685,-0.0148569937995634
1776177172694196000,18.977196044921875,0.0898775470629334,0.2450473582476377,-0.1224703963003121
1776177172704127000,18.987126953125,0.0458390833720564,0.2616179692983627,-0.1127695888206828
1776177172714058000,18.99705810546875,0.0305083893798291,0.271067350167036,-0.0701981837413739
1776177172723989000,19.00698901367188,0.0411304672896862,0.2473451137959957,-0.0543744912009686
1776177172733920000,19.016919921875,0.0722694096580147,0.2401186696738004,0.0195312692209146
1776177172743851000,19.02685107421875,0.0455380545988678,0.2133031434625387,0.0345490339396055
1776177172753782000,19.036781982421875,-0.0169429514944553,0.1573129606932401,0.0231225443116854
1776177172763712800,19.046712646484377,-0.0669695496842265,0.1506552563697099,0.0076911572908051
1776177172773644000,19.05664404296875,-0.06075257486552,0.1189776770800352,0.035158991664648
1776177172783576000,19.066576171875,-0.0481035211727023,0.0926274302929639,0.0470750183751806
1776177172793507000,19.076507080078127,-0.069283087323606,0.0476245054841041,0.0682304729981347
1776177172803437800,19.086437744140625,-0.0542366171002388,0.0336608620613813,0.0459327530048787
1776177172813369000,19.096369140625,-0.0834697258472442,0.002377835047245,0.038469449653197
1776177172823299800,19.1062998046875,-0.3715560153543948,-0.0240787947237491,0.0086345756207592
1776177172833230800,19.11623095703125,-0.2921940170869231,-0.022255086427927,-0.0362317537290044
1776177172843162000,19.126162109375,-0.1919309773489833,-0.0174327808380126,-0.0531664671180769
1776177172853092900,19.1360927734375,-0.2267220124840736,0.0179594350606203,-0.0061958224328234
1776177172863023900,19.14602392578125,-0.1180816050231456,0.0463940869063138,0.0245342103410512
1776177172872956200,19.1559560546875,-0.0949777928113937,0.0569499677121639,0.0318642244355753
1776177172882887000,19.165886962890625,-0.1524839331015944,0.0413297892540693,0.04097825413635
1776177172892818000,19.17581787109375,-0.1136205339610576,-0.009097498691082,0.057461899289675
1776177172902749200,19.185749267578124,-0.1751809180781245,-0.0146118781983852,0.0377038173092529
1776177172912680000,19.195679931640623,-0.1917439303442835,-0.0088911624640226,0.0427313083487562
1776177172922611000,19.20561083984375,-0.1111558974131941,-0.0268704712688922,0.0624746676840819
1776177172932542200,19.21554223632813,-0.0870212808489799,-0.0709527741014957,0.0557254126195795
1776177172942473000,19.225472900390624,-0.0721487058877944,-0.0893184518754482,0.019638127128873
1776177172952405000,19.23540502929687,-0.0733073744036257,-0.1199509060263633,0.0622097331375814
1776177172962336000,19.2453359375,-0.0845756412625312,-0.1344113930553197,0.0809640266366303
1776177172972267000,19.25526708984375,-0.0933890623152255,-0.1756523349821567,0.049373267113883
1776177172982198000,19.26519799804688,-0.1374932847186923,-0.1823924568921327,0.0315505736428312
1776177172992129000,19.27512890625,-0.1623693672999739,-0.1855073740422725,0.0223083875177428
1776177173002060000,19.28506005859375,-0.135343413208425,-0.1812432868570089,0.0129427028771489
1776177173011991000,19.29499096679688,-0.0866483558833599,-0.1698655682742595,-0.0030250103769823
1776177173021922000,19.304922119140624,-0.0860704098649322,-0.1389455293536186,0.007099876866769
1776177173031853000,19.31485302734375,-0.1252393678233027,-0.084618895882368,0.0241056096654385
1776177173041785000,19.32478515625,-0.1624710741087794,-0.0051338557571172,0.0098958094619214
1776177173051716000,19.33471606445313,-0.1718468052193522,0.041488779208064,0.0128133956753648
1776177173061646800,19.344646728515624,-0.2089604380831122,0.0697995124131441,0.0008716682679951
1776177173071578000,19.354578125,-0.1962837657310068,0.0901899740129709,-0.0185574374863877
1776177173081509000,19.364509033203124,-0.0764624774336814,0.0817108994811773,-0.0160747720914892
1776177173091439900,19.37443994140625,-0.0652148149713873,0.1165624326318502,-0.0266093726472929
1776177173101371100,19.38437109375,-0.0668421239122748,0.1494236687481403,0.0194003180513158
1776177173111302000,19.394302001953125,0.0006406359910964,0.1473152982920408,0.0145347943741828
1776177173121233000,19.40423291015625,0.0079857380568981,0.1779641190558671,0.0023906579962
1776177173131165000,19.4141650390625,-0.0150642981410026,0.2287953116267919,0.0137581839784979
1776177173141096200,19.42409619140625,0.0006860825680196,0.2390887421041727,0.0388998038944788
1776177173151027000,19.43402685546875,0.0022876725457608,0.2465460723727941,0.073482511774823
1776177173160958000,19.4439580078125,0.0274058933198452,0.2288835744321346,0.148315908435639
1776177173170889000,19.453888916015625,0.0783446379184722,0.1800882716029882,0.1848905755844898
1776177173180820000,19.46382006835937,0.1244356502249836,0.1423293265730142,0.1948031900507398
1776177173190751000,19.4737509765625,0.1443082254305482,0.0576402880638837,0.159222885967791
1776177173200682000,19.483681884765623,0.1612684203207492,-0.0143505969136953,0.125403728072159
1776177173210613000,19.493613037109377,0.1787245820343494,-0.0098573771476745,0.1349793656690046
1776177173220545000,19.503544921875,0.1812146452844142,-0.0366910235375165,0.1601655005801469
1776177173230475800,19.513475830078125,0.1266331602692604,-0.0327320567786693,0.2383039849346503
1776177173240407000,19.523406982421875,0.0625710224643349,-0.0838075794994831,0.2045534535621292
1776177173250338000,19.533338134765625,-0.049214551154524,-0.1557341670691966,0.1506742533311247
1776177173260268800,19.543268798828127,-0.0924608415544033,-0.2199824750959873,0.0514415795542299
1776177173270200000,19.55319995117188,-0.1233459552921354,-0.2749392231643199,-0.0173092092572711
1776177173280131000,19.563131103515627,-0.1333037240743637,-0.2648036135971546,-0.0485324506418779
1776177173290061800,19.573061767578125,-0.145803286293894,-0.2373357609570026,-0.0848075685885734
1776177173299994000,19.582994140625,-0.1668484124101698,-0.1647656147867441,-0.0638141726595349
1776177173309925000,19.592925048828125,-0.1875438483059406,-0.0408422979980707,-0.0523729421202093
1776177173319855900,19.60285595703125,-0.1987681298926472,0.0695797321826219,-0.0357261240281164
1776177173329787100,19.612787109375,-0.1845361909225583,0.1331435650765896,-0.0477120011044666
1776177173339718100,19.62271826171875,-0.1752650892302393,0.1946522190064191,-0.0771096892960369
1776177173349649000,19.63264892578125,-0.192705468852818,0.244841606542468,-0.1040436542551964
1776177173359580200,19.642580078125,-0.1572324428029358,0.2523006903767585,-0.1639818805305287
1776177173369511000,19.652510986328124,-0.1024351230800151,0.2230184817910194,-0.1583313074229285
1776177173379442000,19.66244189453125,-0.2328644607618451,0.2153068845003843,-0.2001804443759843
1776177173389374000,19.6723740234375,-0.2654818051196634,0.1607628088861703,-0.274456809942238
1776177173399305200,19.68230517578125,-0.2284102578319609,0.0913216083914041,-0.278200124656409
1776177173409236000,19.692236083984376,-0.2195535821594297,0.0471124643087387,-0.2274677162848412
1776177173419167000,19.7021669921875,-0.0717781190097332,0.029151860204339,-0.138732544190064
1776177173429098000,19.712097900390624,-0.0373383815303444,0.0323655615538358,-0.017855718957819
1776177173439029000,19.72202905273437,-0.0921627353906631,0.032430443483591,-0.010488295462355
1776177173448960000,19.7319599609375,-0.1206688450373709,-0.012680033352971,-0.0150519135834649
1776177173458891000,19.74189111328125,-0.1168175764366984,-0.0420879141449928,-0.0382346362503245
1776177173468823000,19.75182299804688,-0.0906193053409457,-0.0589893645852804,-0.0769216193780303
1776177173478754000,19.761754150390622,-0.050095864033699,-0.0599596709221601,-0.0540691150462254
1776177173488684800,19.771684814453124,-0.0323170462369918,-0.0677297204017639,-0.0432745301136747
1776177173498616000,19.78161596679688,-0.0322517259158194,-0.085594462916255,-0.0217312086842954
1776177173508547000,19.791547119140624,-0.0423439347326755,-0.0934790786862373,-0.0308958908600732
1776177173518477800,19.80147778320313,-0.0684590575896203,-0.1261871700674295,-0.0091616499684751
1776177173528409000,19.8114091796875,-0.0690916564047336,-0.1409206288188695,-0.0030475510023534
1776177173538340000,19.821340087890626,-0.0623847061119973,-0.1721171465933322,0.0538827986938878
1776177173548270800,19.831270751953124,-0.0618714958928525,-0.1862163990944624,0.0647721492378041
1776177173558203000,19.84120288085937,-0.058539721121639,-0.1830336774051189,0.0375386898754164
1776177173568134100,19.851134033203124,-0.0739139619946479,-0.1825736586779356,0.018778971282579
1776177173578065000,19.86106494140625,-0.0854337193965911,-0.167386026418209,0.0116809393130242
1776177173587996000,19.87099584960937,-0.0624444734752178,-0.1227297230899333,-0.0050303953826427
1776177173597927200,19.88092724609375,-0.0116942371860146,-0.095986093071103,-0.002337649167329
1776177173607858000,19.89085791015625,0.0128103817343711,-0.0807078599184751,-0.0430513523496687
1776177173617789000,19.900788818359377,-0.0045651159584522,-0.0289046074450016,-0.073119304485619
1776177173627720000,19.910719970703123,-0.0131587567806243,-0.0002267944931983,-0.0607598448565229
1776177173637652000,19.92065185546875,0.0532604655444622,-0.001087210714817,-0.0364978755855932
1776177173647583000,19.9305830078125,0.0106488197863101,0.0304003989607095,0.0087414883276447
1776177173657514000,19.940513916015625,-0.0283541339553892,0.0297708688855171,0.0471148389289155
1776177173667445000,19.95044506835937,-0.0231304079577326,0.0196609782814979,0.0260688725624233
1776177173677375000,19.960375,-0.0576709754630923,0.0085562314212322,0.0297624663833528
1776177173687306000,19.970305908203127,-0.0956017699286341,0.0331260245323181,-0.0030832433702424
1776177173697237000,19.98023706054688,-0.1163525892734527,0.0537105473995208,-0.0376881448160856
1776177173707168000,19.99016796875,-0.0954720060691237,0.0304524214088916,-0.0231848415587097
1776177173717099000,20.00009912109375,-0.0580719574794173,0.0274193373233079,-0.022183701692149
1776177173727031000,20.01003100585937,-0.0417103130042552,0.0289940392941236,-0.0240969149023294
1776177173736962000,20.019962158203125,-0.0117497667655348,0.0574649314969778,-0.0047960751701146
1776177173746893000,20.02989306640625,-0.0191615043267607,0.0709738168895244,-0.0031022403316572
1776177173756824000,20.039823974609376,-0.0545589809224009,0.1005845267772674,-0.016649996429868
1776177173766755000,20.049755126953126,-0.089812957394123,0.099671503585577,-0.0801302426936104
1776177173776686000,20.05968603515625,-0.1534919411003589,0.0989998879343271,-0.0909673515936359
1776177173786617000,20.0696171875,-0.1426008369907736,0.0839729991942644,-0.0210003371264785
1776177173796548000,20.079548095703124,-0.1365907829210162,0.0840735369592905,0.0346392421068623
1776177173806479000,20.08947900390625,-0.0691875179946422,0.0619394465625286,0.0555548235593363
1776177173816411100,20.0994111328125,-0.0407062505282461,0.0450280592501163,0.0861932325270026
1776177173826342100,20.109342041015623,-0.014739011709392,0.0589011017799377,0.0858541732983663
1776177173836273000,20.11927294921875,-0.0017220014870166,0.04548749345541,0.0484816337700933
1776177173846204200,20.1292041015625,0.0170309220388531,0.0330967984378337,0.0165894618816673
1776177173856135200,20.13913525390625,0.078249945372343,0.0141442606866359,0.0083734222002327
1776177173866066000,20.14906591796875,0.0936240401148796,-0.0031628479450941,0.0183501148786395
1776177173875997200,20.1589970703125,0.0977250456929206,-0.0111029932945966,0.0128786611976101
1776177173885928200,20.16892822265625,0.1048047748208046,-0.0126794488310813,-0.0125411728715524
1776177173895860000,20.17885986328125,0.10649170499444,-0.0306429755449295,-0.0101338560014963
1776177173905791000,20.188791015625,0.1689902467444539,-0.0777881730794906,0.02721143019367
1776177173915722200,20.19872216796875,0.1741723255574703,-0.0898667334079742,0.0282873523294925
1776177173925653000,20.20865307617188,0.0289797185078263,-0.1296814419239759,0.0111009840006008
1776177173935584000,20.218583984375,0.0319619491890072,-0.1224304478824138,-0.0350544718442484
1776177173945515300,20.22851538085937,0.0417523985803127,-0.0836690478116273,-0.0430749524209648
1776177173955446000,20.23844604492188,-0.0275026316925883,-0.0819137285768985,0.0055344724472612
1776177173965377000,20.248376953125,0.0599731149256229,-0.0255909528523683,0.0605336714178323
1776177173975309000,20.25830908203125,0.0524608395993709,0.0287350960969924,0.0581777194088324
1776177173985240000,20.26823999023437,-0.0398819285333156,0.0496399369597434,0.0540935188351199
1776177173995171000,20.278171142578124,-0.0443055901944637,0.0685170713871717,0.0416063777057454
1776177174005102000,20.28810205078125,-0.1047989296019077,0.1023380924463272,0.0044267304010689
1776177174015033000,20.298033203125,-0.1296528003513813,0.1395183608055114,-0.032985629680939
1776177174024964000,20.30796411132813,-0.1043321888729929,0.140278239262104,-0.0149960186777636
1776177174034894800,20.317894775390624,-0.0973506594225764,0.1315524964928626,-0.0208028783256188
1776177174044826000,20.327826171875,-0.0471495814487338,0.1350783325314521,0.0195052762631326
1776177174054758100,20.337758056640624,0.0267559049785137,0.1218348200768232,0.0620896321555599
1776177174064689000,20.34768896484375,0.0823220171168446,0.1193874269247055,0.0911025588132441
1776177174074620000,20.357619873046875,0.0720975602224469,0.1245592766046524,0.0757965974034741
1776177174084551200,20.36755126953125,0.0180136494658887,0.1535901407778263,0.0369223846079781
1776177174094482000,20.37748193359375,-0.0363429407522082,0.1609668070256709,-0.0013305544840171
1776177174104413000,20.38741284179688,-0.0820443692192435,0.1693675556242465,-0.0118155620107427
1776177174114344200,20.39734423828125,-0.1283139529630541,0.1379161863058805,-0.0375670026544481
1776177174124275000,20.40727490234375,-0.1393582018077373,0.0960112275123596,-0.0153275887196883
1776177174134206000,20.4172060546875,-0.1543579102799296,0.0746264941781759,0.0070248936681076
1776177174144138000,20.427137939453125,-0.12243746214509,0.0129500824660062,0.0051209232103079
1776177174154069000,20.437069091796875,-0.0948570890411734,-0.0252022457957267,0.0161587788468226
1776177174164000000,20.447,-0.1052665471136569,-0.0430804323136806,-0.0010556100001558
1776177174173931000,20.456930908203127,-0.119649292731285,-0.0470166027188301,0.0539086637875065
1776177174183862000,20.46686206054688,-0.0564917025506496,-0.0331716172397136,0.032403738139756
1776177174193793000,20.47679296875,-0.0720412999905645,-0.0192751938343048,0.0016034531412646
1776177174203724000,20.48672412109375,-0.1469395968474447,-0.0362771820396184,0.0039333939261734
1776177174213655000,20.496655029296875,-0.1308290045239031,-0.0391945307910442,-0.0039524639528244
1776177174223587000,20.506587158203125,-0.1175976208984851,-0.0621019436478614,0.0106503541562706
1776177174233518000,20.51651806640625,-0.0397979035116732,-0.0637970571279525,0.0310296367749571
1776177174243449000,20.526448974609377,-0.0132128250554203,-0.0646282472550869,0.0040135830229148
1776177174253380000,20.536380126953127,-0.0309238383129239,-0.0525479333609342,-0.0563249311489984
1776177174263311000,20.54631103515625,-0.0520950750268995,-0.0407207174450159,-0.0569003929493948
1776177174273242000,20.5562421875,-0.0894542070843279,-0.0058826282978057,-0.0823554444624111
1776177174283173000,20.566173095703125,-0.0890739755950868,0.0294248319268226,-0.0927808307563886
1776177174293103900,20.576103759765623,-0.0790856655441224,0.0629442396908998,-0.0844384978141635
1776177174303036000,20.58603588867188,-0.0371953197978436,0.0632896921277046,-0.108122995990701
1776177174312967200,20.59596728515625,-0.0350058469295501,0.0905430252343416,-0.1296304423891008
1776177174322898200,20.605898193359376,-0.0425802277065813,0.0674023881435394,-0.1480517228078097
1776177174332829000,20.61582885742187,-0.0243031049989163,0.0367751946896314,-0.088301566450484
1776177174342760200,20.62576025390625,-0.0111843879677355,-0.0202829095721244,-0.1022799325183033
1776177174352691000,20.63569091796875,-0.0082769760884344,-0.0439846876770257,-0.0531586856704205
1776177174362622000,20.6456220703125,0.0083164313159883,-0.0366074369072914,-0.0760455306632444
1776177174372553200,20.65555322265625,0.0035280279956758,-0.0361415729612112,-0.0763760777918621
1776177174382485200,20.6654853515625,-0.0172049634315073,0.0155944594949483,-0.091817173356004
1776177174392416000,20.675416015625,-0.0136908178307116,0.0332920287489891,-0.0458497874291613
1776177174402347000,20.685346923828124,-0.0006102408528327,0.0312982245832681,-0.0211482211645692
1776177174412278000,20.69527807617188,-0.0101766722299158,0.0327314722567796,-0.0267013983123004
1776177174422209000,20.705208984375,-0.0098104692660272,0.0475642997294664,-0.0201534379735589
1776177174432140000,20.71514013671875,0.035717648460716,0.0566822566866874,0.0140679805800318
1776177174442071000,20.72507104492188,0.0483399602770805,0.050349546533823,0.0403605423631146
1776177174452002000,20.735001953125,0.046740708386898,0.0737491268217563,0.0768655783418565
1776177174461933000,20.74493310546875,0.0580289951205253,0.0666886869162321,0.0824471778664737
1776177174471864800,20.75486474609375,-0.0954302127540111,0.058988195541501,0.0912478855680674
1776177174481796000,20.764796142578124,-0.1346715052962303,0.0513917490631341,0.0616149273158982
1776177174491727000,20.77472705078125,-0.084795275362581,-0.0112269119352102,0.0429840592671185
1776177174501657900,20.784657958984376,-0.1181844808757305,-0.0679570994168519,0.0560445433050394
1776177174511589000,20.79458911132813,-0.0178441381178796,-0.0627215368509292,0.1014224754387512
1776177174521520000,20.80452001953125,0.0544014522731304,-0.0135439567059278,0.1277973086778074
1776177174531451000,20.814450927734377,-0.0321380364082753,0.0164162972718477,0.130147598131001
1776177174541382100,20.824382080078124,-0.074103200956434,-0.0137590607613325,0.1295149262506514
1776177174551314200,20.83431420898437,-0.0742763655662536,-0.0411895040005445,0.0861631296496838
1776177174561245000,20.844244873046875,-0.0917943404696881,-0.0354348859965801,0.031154687926732
1776177174571176000,20.854176025390625,-0.0782534525036811,-0.0414741661608219,0.0187837570555508
1776177174581107200,20.86410717773437,-0.0720844084799289,-0.0650099400490522,0.000514671523869
1776177174591038000,20.87403784179688,-0.0737210697710514,-0.0609644640505313,-0.0154860672170296
1776177174600969000,20.883968994140623,-0.0662334904946386,-0.0287391877502203,-0.0025423779591917
1776177174610900000,20.89389990234375,-0.0846003373123705,0.0052571898758411,0.0610727101979777
1776177174620831000,20.9038310546875,-0.0827729757547378,0.0419201563626527,0.0580873377116397
1776177174630763000,20.913762939453125,-0.0907506766356527,0.0310796133965253,0.0298192746045067
1776177174640694000,20.923694091796875,-0.0811084035433828,0.0376671750932931,0.0021733254510909
1776177174650625000,20.933625,-0.0643022301711142,0.0346276612669229,-0.0005288461796939
1776177174660556000,20.94355615234375,-0.0809995363414287,0.0206312846183776,-0.04081435054522
1776177174670487300,20.9534873046875,-0.0732816554404795,0.0173339966386556,-0.0268729920195415
1776177174680418600,20.96341845703125,-0.0465456242062151,-0.0219371065199375,-0.0094181820128113
1776177174690349300,20.973349365234377,-0.0331084888756275,-0.0154144267529249,-0.0392832319878041
1776177174700280300,20.9832802734375,-0.0469382767856121,-0.0041056817531585,-0.0499363626230508
1776177174710212400,20.99321240234375,-0.0383237393058836,-0.0156996734350919,-0.0717466278929263
1776177174720143400,21.003143310546875,-0.0570481673896312,-0.0127484224140644,-0.0547363102506846
1776177174730074400,21.013074462890625,-0.018254618614912,0.0018973580539226,-0.0487530345899984
1776177174740005400,21.02300537109375,0.0275812498867511,0.0103483755350112,-0.0401419677089899
1776177174749936400,21.03293627929688,-0.0215700267732143,0.0200526079475879,-0.0238820665752515
1776177174759867400,21.042867431640627,0.0020202537812292,0.0350368265897035,-0.0222002875007688
1776177174769798400,21.05279833984375,-0.0016987667419016,0.0731049836993217,-0.0069343293078243
1776177174779729400,21.0627294921875,-0.0201132520936429,0.0851408739298582,-0.0288414060156792
1776177174789661400,21.072661376953125,-0.0259198925457894,0.0779243666797876,-0.0368420493807643
1776177174799592200,21.08259228515625,-0.0282980198539793,0.0532096121400594,-0.0416284068744629
1776177174809523500,21.0925234375,-0.0034159459233283,0.063066989287734,-0.0151936236090958
1776177174819454500,21.102454345703126,-0.0223686298049986,0.0832166278690099,0.0018584142830222
1776177174829385200,21.11238525390625,-0.0183446349859237,0.0803729288756847,0.0026951939007267
1776177174839316500,21.12231640625,-0.0335245223306119,0.0873988819897174,-0.0174199944216758
1776177174849247500,21.13224755859375,-0.0663899962306022,0.0697948362380266,-0.0285321208707988
1776177174859178200,21.14217822265625,-0.0475824199080467,0.0457949519693851,-0.0364392042009159
1776177174869110300,21.1521103515625,-0.0205810157358646,0.030080665487051,-0.0405065632376819
1776177174879041500,21.16204150390625,0.0062543842196464,-0.0018535189121961,-0.0551407263331115
1776177174888972300,21.17197216796875,0.0329855931483209,-0.0354798941820859,-0.0457031820327043
1776177174898903300,21.1819033203125,0.0356067354321479,-0.024925766941905,-0.0267222584372386
1776177174908834600,21.19183447265625,0.0575263062953948,-0.0197176769047975,-0.0235292345495894
1776177174918765300,21.20176538085937,0.0565104072511196,-0.0329074133455753,0.0021673341017216
1776177174928696300,21.2116962890625,0.0568226880706846,-0.0472884053975343,0.0040700624505057
1776177174938627600,21.22162768554688,0.0268659412242472,-0.04084346704185,-0.0015691124802455
1776177174948559400,21.23155932617188,0.0229576817393302,-0.035737083813548,-0.0010533084452152
1776177174958490400,21.241490478515622,-0.0168704707801342,-0.0236696294009685,0.0116336295725777
1776177174968421400,21.25142138671875,-0.0448011186264455,-0.0220955119520425,0.0199441426044329
1776177174978352400,21.26135229492188,-0.0380710797190666,0.0034130233138799,0.066391311404854
1776177174988283400,21.271283447265624,0.0087631521701812,0.0231137490838766,0.1215590718753635
1776177174998214400,21.28121435546875,-0.0082813600026071,0.01870586951375,0.1678865598188713
1776177175008145400,21.2911455078125,0.05940510577932,0.0312871186673641,0.1482489624129608
1776177175018076400,21.301076416015626,0.0942635070621967,-0.0024058920979499,0.0919085779665038
1776177175028008400,21.31100854492188,-0.0360533101558685,-0.0381540818274021,0.0034405323753133
1776177175037939200,21.32093920898437,-0.0305656725250184,-0.0868733968108892,-0.0550186343234032
1776177175047870500,21.330870361328124,-0.0153530519545078,-0.0744172353416681,-0.1033078142613172
1776177175057801500,21.34080151367188,-0.055893298266083,-0.0533346998244523,-0.0631523660162463
1776177175067732200,21.35073217773437,0.0148772511363029,-0.018853169029951,0.0124285793425515
1776177175077663500,21.36066357421875,0.0635856063343584,0.0015425532668828,0.1085947782209143
1776177175087594200,21.37059423828125,0.0029364918433129,0.0200087688058614,0.1052453581951558
1776177175097525200,21.380525146484377,0.0473028723143041,0.0227554371654987,0.1109457252612337
1776177175107457300,21.390457275390624,0.0770258104048669,0.0125461778402328,0.1132582765199244
1776177175117388500,21.400388427734377,0.1327436059735715,-0.0007061024427413,0.1231687720943242
1776177175127319300,21.4103193359375,0.1537502997756004,-0.0150064304739236,0.1496437412396073
1776177175137250300,21.420250244140625,0.1651053681351244,-0.0321042802691459,0.161113777748309
1776177175147181300,21.43018139648437,0.1756957357324659,-0.0190507374286651,0.1711544025084003
1776177175157112300,21.4401123046875,0.1535797655142843,0.0201554838001728,0.1926683151802048
1776177175167043300,21.450043212890623,0.1247346331715583,0.0169219087064266,0.1939262428194284
1776177175176974300,21.459974365234373,0.0699709234572946,-0.005732990694046,0.2082343888308852
1776177175186906400,21.46990625,0.0269067116260528,0.0232183785021305,0.1645949343949556
1776177175196837400,21.47983740234375,0.0120880588091909,0.0179904147207736,0.1775607258867472
1776177175206768400,21.489768310546875,0.012457184382528,-0.0068599488973617,0.1904412867804989
1776177175216699400,21.499699462890625,-0.0262207751885056,-0.0109317283809185,0.1998066060949117
1776177175226630400,21.50963037109375,-0.0443957526959478,0.0020212766945362,0.1968007022771984
1776177175236561400,21.5195615234375,-0.0593548368968069,0.0123906950175762,0.1850238283090293
1776177175246492400,21.529492431640627,-0.0716099228359758,0.0032633857101202,0.1955258600357919
1776177175256423400,21.53942333984375,-0.0589398263551294,-0.0075274728953838,0.174390206091851
1776177175266355200,21.54935522460937,-0.0691619451619684,-0.0294739317655563,0.1652948993578553
1776177175276286500,21.559286376953125,-0.0499918191373348,-0.0191711489379405,0.1383099348638206
1776177175286217500,21.569217529296875,0.0338541926763951,-0.0269365222424268,0.1243008083315566
1776177175296148200,21.579148193359377,-0.0147755443274974,0.0005944587618112,0.0947976139388978
1776177175306079500,21.58907958984375,-0.0219008661627769,0.00835515589118,0.11713281639833
1776177175316010500,21.59901049804688,0.0171827515996992,0.01391279001832,0.1274206939177587
1776177175325941200,21.60894116210937,-0.0029494974553585,0.0239309106856584,0.1308171314230188
1776177175335873300,21.618873291015625,0.0279189574085175,0.0415425552219152,0.1180693665960803
1776177175345804500,21.62880444335937,0.030748189485073,0.0275566999673843,0.1049512706194072
1776177175355735300,21.6387353515625,0.0169008659183979,-0.0044154783546924,0.1070048421483486
1776177175365666300,21.648666259765623,0.028586627537012,-0.0003232406049966,0.0870831671040505
1776177175375597600,21.65859765625,0.056220484393835,0.0022673604100942,0.0992202161541208
1776177175385528300,21.6685283203125,0.0270810452796518,-0.0061953475087881,0.1389464426690712
1776177175395459300,21.678459228515624,0.0319967282414436,-0.0068944356888532,0.1364433738069608
1776177175405390300,21.68839038085937,0.0400246980048716,-0.0093184479653835,0.1044505180230364
1776177175415321300,21.6983212890625,-0.0052757484458386,-0.0329267025679349,0.0973194970993325
1776177175425253400,21.70825341796875,-0.0165396313905715,-0.0770066673129797,0.0607757730780169
1776177175435184400,21.71818432617188,-0.0045943420529365,-0.0925964506328105,0.0548780568089336
1776177175445115400,21.728115478515623,-0.0219815301835536,-0.0874964971452951,0.0602031242892146
1776177175455046400,21.73804638671875,-0.0037559915326535,-0.0898147109597921,0.0576229350702837
1776177175464977200,21.74797705078125,-0.0102231417201459,-0.062382514154911,0.0817624835379421
1776177175474908400,21.757908447265624,-0.0049509004056453,-0.0496504583537578,0.0514089193936437
1776177175484839400,21.76783935546875,-0.0500735060714185,-0.0150081840395927,0.0519782802468165
1776177175494771500,21.777771484375,-0.0235410345852375,-0.005479308193922,0.0538607695251703
1776177175504702200,21.7877021484375,-0.0268074890352785,-0.0059843351066112,0.0397213676767423
1776177175514633500,21.79763354492188,-0.0302444777466356,0.0119856213480234,0.034565665413998
1776177175524564200,21.80756420898437,-0.0019607786789536,-0.0094248309493064,0.0698264369526878
1776177175534495200,21.8174951171875,0.0163303725540637,-0.0025385785669088,0.0591673515006899
1776177175544426500,21.82742651367188,0.0213604756757616,0.0335229148954153,0.1022713473530486
1776177175554357200,21.837357177734376,0.0845557675182819,0.0240185889691114,0.1266554451663047
1776177175564288300,21.84728833007813,0.0408126335121691,0.0367716875582933,0.1121463332226499
1776177175574220500,21.857220458984376,-0.0678137454234063,0.0596732551962137,0.0675974357916042
1776177175584151300,21.8671513671875,-0.0540134758688509,0.0395896675884723,0.0106206714040599
1776177175594082300,21.877082275390624,-0.0676956720016896,0.0181610951125621,0.0380440455816686
1776177175604013600,21.887013671875,-0.0050431087337434,0.0208370363235473,0.0994362152586691
1776177175613944300,21.8969443359375,0.0982253964304924,0.0315600903898477,0.1117822126179933
1776177175623875300,21.906875244140625,0.0563058245897293,0.0429208578377962,0.138417852217704
1776177175633806600,21.916806640625,0.0003555354394018,0.0477361491650342,0.1128788122156634
1776177175643737300,21.9267373046875,-0.0239930161364376,0.0459714775800704,0.1069706841504201
1776177175653669400,21.93666943359375,-0.0397543566308915,0.063840896269679,0.1046291990581899
1776177175663600400,21.94660034179688,-0.0534194554984569,0.0830237356454133,0.0828919807582162
1776177175673531600,21.95653173828125,-0.0448712612532079,0.0526800353080034,0.0558599805183708
1776177175683462700,21.966462646484377,-0.0382896909058094,0.0331359614044427,0.0582119687383063
1776177175693393700,21.9763935546875,0.0269838685154914,0.0356727864056825,0.0503830652109347
1776177175703324700,21.98632470703125,0.0258953426264226,0.05304068531394,0.0646011035198345
1776177175713255700,21.99625561523437,0.0270247850477695,0.0447433970898389,0.0742920015268027
1776177175723186700,22.006186767578125,0.0229155961632728,0.0306844765990972,0.0473566300618462
1776177175733118500,22.016118408203123,0.0210502406828105,0.000794365248084,0.0284978350087068
1776177175743049700,22.0260498046875,0.0185258367717266,-0.0200865102171897,0.0318001096908003
1776177175752980700,22.035980712890623,0.0381776088334619,-0.0262730898976325,0.037402331878338
1776177175762911500,22.045911376953125,0.0365163976229727,-0.0367746101677417,0.0654632185081951
1776177175772842800,22.0558427734375,0.0452304499544203,-0.0214835175335407,0.0811141026318073
1776177175782773800,22.065773681640625,0.0324409648776054,-0.0141115274608135,0.0781718021022155
1776177175792704500,22.07570458984375,-0.0010310966134071,-0.0207616329997777,0.0579157074717804
1776177175802636500,22.085636474609377,-0.0284545255899429,-0.0048316579401493,0.0561630003192462
1776177175812567800,22.09556787109375,-0.0696715021193027,-0.0142418758422136,0.0672924614956602
1776177175822498600,22.10549853515625,0.0128910457551479,-0.0354740489631891,0.0650313298969529
1776177175832429600,22.1154296875,0.0255183260075747,-0.0548258151650428,0.0464127733404748
1776177175842360800,22.12536083984375,-0.0320844065248966,-0.0458563267678022,0.0419459666573442
1776177175852291600,22.13529150390625,-0.0461981259427964,-0.0287970554172992,0.0631713812439702
1776177175862222600,22.14522265625,-0.0774349757276475,0.0033148236364126,0.0309238383129239
1776177175872153600,22.155153564453126,-0.1009282256484031,0.0336988559842109,0.0488841866889968
1776177175882085600,22.165085693359377,-0.1226372225008904,0.059935705524683,0.0648403008368797
1776177175892016600,22.1750166015625,-0.0946925461292266,0.0562076249122619,0.0904197641808539
1776177175901947600,22.18494775390625,-0.06862739989385,0.0530588054925203,0.1060856814768165
1776177175911878700,22.19487866210937,-0.0745614661179482,0.0748959587693214,0.0858837829853408
1776177175921809700,22.2048095703125,-0.0521649253927171,0.1051648403048515,0.0848325934319756
1776177175931740400,22.214740478515623,-0.0678080463349819,0.1496650762885809,0.0454779949747026
1776177175941671700,22.224671630859376,-0.0783257870875299,0.1406283678740263,0.0135804527914151
1776177175951602700,22.23460278320313,-0.0868434400640428,0.1405529645502567,0.0075592745394445
1776177175961534700,22.24453466796875,-0.0762941351294517,0.1361485921114683,0.0176085757963359
1776177175971465500,22.25446557617187,-0.0718808487318456,0.1066992102652788,0.0238193400699645
1776177175981396700,22.264396728515624,-0.1020921548612415,0.0552379030972719,0.0300842274173162
1776177175991327500,22.27432739257813,-0.1162894609093666,-0.0238595990151166,0.0496893838583491
1776177176001258500,22.28425854492188,-0.1238822541259229,-0.0909136121124029,0.0784924123587086
1776177176011189800,22.294189697265622,-0.1167139699317514,-0.1620546022623777,0.0896885638294741
1776177176021120500,22.30412060546875,-0.1078337672531604,-0.2162462111771106,0.0710722905616275
1776177176031051500,22.31405151367188,-0.0812695854544639,-0.26511048758924,0.1008511235578916
1776177176040983600,22.323983642578124,-0.0752266520284116,-0.2551625095486641,0.1104054626383818
1776177176050914600,22.33391455078125,-0.0839535638414323,-0.1815320406705141,0.0989620401419699
1776177176060845600,22.343845458984376,-0.0873262551449239,-0.1238391456365585,0.092249683021754
1776177176070776600,22.35377661132813,-0.0806874016523361,-0.0825572871774435,0.103583251935523
1776177176080707600,22.36370751953125,-0.0539747512936592,-0.0206593416690826,0.1101707223007455
1776177176090638600,22.373638671875,-0.0012182897485792,0.0414677364200353,0.1130662793454714
1776177176100569600,22.383569580078124,0.0718304337188601,0.0404617742478847,0.1390757681371644
1776177176110501600,22.39350170898437,-0.0416835711278021,0.0318961904764175,0.1300100528238341
1776177176120432600,22.4034326171875,-0.0707097591258585,0.0274906489938497,0.0946085211075842
1776177176130363600,22.41336376953125,-0.0412391883611679,0.0015098200410604,0.0387429145660251
1776177176140294700,22.423294677734376,-0.0723661480307579,-0.0373655617982149,0.0265783929871395
1776177176150225700,22.4332255859375,-0.0334863822773098,-0.0220347216755151,0.0319730733712203
1776177176160156700,22.44315673828125,0.0356254401326179,-0.020035656812787,0.086348624018114
1776177176170087700,22.453087646484377,-0.0111234515607357,-0.0130973819822072,0.0899366933716461
1776177176180018700,22.463018798828124,-0.0664076780177652,-0.0005196399599313,0.0815951276144012
1776177176189950700,22.47295068359375,-0.096394673871994,0.0307458513975143,0.0756734824804589
1776177176199881500,22.482881591796875,-0.1155484332837164,0.074542323026061,0.0612809643874876
1776177176209812700,22.492812744140625,-0.0911180486433207,0.1219604922831058,0.0598589139614254
1776177176219743700,22.50274365234375,-0.0663373892605304,0.1339098732739687,0.0265133283942937
1776177176229674500,22.51267456054688,-0.0743197663165628,0.1237368543058633,-0.0125627271162346
1776177176239605800,22.522605712890623,-0.0260860428929328,0.1628255866348743,-0.00416754974192
1776177176249536500,22.53253662109375,-0.010268588297069,0.1514209800451993,0.0029466296448372
1776177176259468500,22.54246850585937,-0.0276861715659499,0.1318546943098306,0.0147589585188776
1776177176269399600,22.552399658203125,-0.0213242353186011,0.1140314528495073,0.0291999371297657
1776177176279330800,22.562330810546875,-0.0518643350109458,0.0772363844156265,0.0357569758241064
1776177176289261600,22.572261474609373,-0.0747626877784728,0.0557271479189395,0.033014417384006
1776177176299192600,22.582192626953123,-0.1009980760142207,0.0366144511699676,0.0590520545579493
1776177176309123600,22.59212353515625,-0.0801297677695751,0.0130482821434736,0.0626443068962544
1776177176319054600,22.6020546875,-0.0527200750574469,0.0006213467687368,0.032170842699334
1776177176328985600,22.611985595703125,-0.0354465764343738,0.010380524238944,0.0481357794744893
1776177176338917600,22.62191772460937,-0.0290016380786895,0.0336678763240575,0.0516962849676609
1776177176348848600,22.6318486328125,-0.0423055024184286,0.0193079270601272,0.0574178044196218
1776177176358779600,22.641779541015627,-0.0908870163664221,0.0259124398916959,0.0620803528705611
1776177176368710400,22.65171044921875,-0.0356567120537161,0.0172305362641811,0.0630660211733542
1776177176378641700,22.6616416015625,-0.0274105694949626,0.0157148710042238,0.0441180134668014
1776177176388572700,22.67157275390625,-0.0385283219672739,0.0124789578229188,0.037640086156968
1776177176398503400,22.68150341796875,-0.0165945764482021,-0.005087678527832,0.0293127498544752
1776177176408434700,22.6914345703125,0.0024658055916428,-0.0214238963007926,0.0066520417677238
1776177176418366700,22.70136669921875,-0.0054383916616439,-0.0303968918293714,0.0361974678669124
1776177176428297500,22.71129736328125,-0.0062087915122509,-0.0138128367751836,0.0556278887955471
1776177176438228500,22.721228515625,-0.0224297123424708,-0.0026250878065824,0.0488353243122808
1776177176448159700,22.73115966796875,-0.0153897307030856,0.0180646490007638,0.0665981773548759
1776177176458090500,22.74109057617187,0.0075417936816811,0.0594599047064781,0.0756904701478779
1776177176468021500,22.751021484375,0.0407525738880038,0.0534936897784471,0.0712434641437605
1776177176477952800,22.76095288085937,0.0851192466199398,0.0537315901875495,0.0570627987031824
1776177176487884500,22.770884521484376,0.1426151577770709,0.0626549013555049,0.0530952102464623
1776177176497815600,22.78081567382813,0.1842939065992832,0.0693342329889535,0.0414975835690274
1776177176507746800,22.79074682617188,0.188714353390038,0.0662771835058927,0.0430945704368874
1776177176517677600,22.80067749023437,0.1717220097959041,0.0446077880114316,0.0353737669264897
1776177176527608600,22.810608642578124,0.1238834231697022,0.0406283629864454,0.0297644574110396
1776177176537539800,22.82053979492187,0.0665069006085395,0.0404682039886713,0.0165907039906829
1776177176547470600,22.830470703125,0.0111576460912823,0.0746656571447849,0.0163021511065773
1776177176557401600,22.84040161132813,-0.0411257911145687,0.1097907465398311,0.0191757337815128
1776177176567333600,22.850333740234376,-0.0804673291608691,0.1731277849406003,-0.0630373248018324
1776177176577264600,22.8602646484375,-0.1922270376861095,0.2409019290059804,-0.1082015959185548
1776177176587195600,22.870195556640624,-0.2300388819471001,0.2668371652513742,-0.0278981703488156
1776177176597126700,22.88012670898437,-0.1763774343863129,0.2295978601813316,-0.0018133147659711
1776177176607057700,22.8900576171875,-0.0803437027812004,0.1596487101644277,0.0723636820790357
1776177176616988700,22.89998876953125,-0.0502152526296675,0.0852075094252824,0.0678678136982023
1776177176626919400,22.90991943359375,-0.0414352954551577,0.0217377845555543,0.0719964744681492
1776177176636851500,22.9198515625,-0.009833996272087,-0.0021270751565694,0.1020830217067152
1776177176646782700,22.92978271484375,-0.0906461933478713,-0.0358428822755813,0.0297644574110396
1776177176656713700,22.93971362304688,-0.2022992266282439,-0.0674170011907815,0.0227523684255778
1776177176666644500,22.94964453125,-0.1725229509152472,-0.0974450597077608,0.0165424261358566
1776177176676575200,22.9595751953125,-0.1567991659522056,-0.124804191276431,0.0908443645347841
1776177176686506200,22.96950634765625,-0.0712825905777514,-0.1178244153916835,0.1707635034946724
1776177176696437200,22.979437255859377,0.0022398878812789,-0.0998357542365789,0.1901218638340942
1776177176706368300,22.9893681640625,-0.0531447302103042,-0.0774789609998464,0.161721991040837
1776177176716300300,22.99930029296875,-0.1109399165749549,-0.0709200408756732,0.1070884105122648
1776177176726231300,23.009231201171875,-0.1409795193992555,-0.0588368043720722,0.067335716115497
1776177176736162300,23.019162353515625,-0.1397732123494148,-0.0563946719169616,0.052261956026405
1776177176746093300,23.02909326171875,-0.1014578024804592,-0.0586906738996505,0.0555595362670719
1776177176756024300,23.0390244140625,-0.0857902777493,-0.0514040240228176,0.048778205563873
1776177176765955300,23.048955322265623,-0.0905062003552913,-0.0590630143433809,0.0366444809820502
1776177176775886300,23.05888623046875,-0.0963200012005865,-0.0083446344971656,0.0553729093874804
1776177176785818400,23.068818359375,-0.0769663353025913,0.0254372235953807,0.0402628906749188
1776177176795749000,23.0787490234375,-0.0941290670275688,0.0490127449721097,0.0211152687430381
1776177176805680400,23.088680419921875,-0.1025135951437056,0.0260153157442808,-0.0162244827604852
1776177176815611400,23.098611328125,-0.0910534589745104,0.0145306296557188,-0.0707304548540152
1776177176825542100,23.108542236328127,-0.1120107606768608,0.0010796119302511,-0.0844217476087622
1776177176835473400,23.11847338867188,-0.1100118419446051,0.0026963994771242,-0.1135945044706575
1776177176845404200,23.12840405273437,-0.1038229241766035,-0.0059451721400022,-0.0963083290291018
1776177176855335200,23.138335205078125,-0.0896726721405982,-0.0320171865075826,-0.079051562345121
1776177176865267200,23.14826708984375,-0.0817829418040812,-0.0445247859030962,-0.0597086735694669
1776177176875198500,23.158198486328125,-0.0491160592161118,-0.0540115761727094,-0.0555064361066557
1776177176885129200,23.168129150390627,-0.0687865359783172,-0.0793430013060569,-0.0699765677467919
1776177176895060200,23.178060302734377,-0.0987502970874309,-0.0805365950047969,-0.0905866269140504
1776177176904991200,23.1879912109375,-0.0192247788213193,-0.0817933170676231,-0.0944087790180929
1776177176914922200,23.197922119140625,0.0084032328166067,-0.0897463218986988,-0.1193098864427767
1776177176924853200,23.20785327148437,-0.0556733719050884,-0.061541387155652,-0.0859769046288914
1776177176934785300,23.217785400390625,-0.0938483503900468,-0.043531098690629,-0.0649216041784733
1776177176944716300,23.22771630859375,-0.0739363199569284,-0.0037204818278551,-0.0417365434240549
1776177176954647300,23.23764721679688,-0.0789186384141445,0.023607085558772,-0.0060298182161524
1776177176964578000,23.247578125,-0.0972903075374662,0.0513075779110193,-0.0067136540281586
1776177176974509300,23.25750927734375,-0.0880358647190034,0.0523006806015968,-0.0216831317588686
1776177176984440300,23.2674404296875,-0.0821919609963893,0.0251315186470746,-0.0560150797485373
1776177176994371000,23.27737109375,-0.0555656737469136,0.0224888951838016,-0.0328295258037745
1776177177004302300,23.28730224609375,-0.0423581093885004,0.0268944366663694,0.0035022177009843
1776177177014234400,23.297234375,-0.0231974818445742,0.0422276148766279,0.0061051119420677
1776177177024165000,23.3071650390625,-0.0344049584269523,0.0452577763527631,-0.0472871815548278
1776177177034096000,23.31709619140625,-0.0471231318332254,0.030239070919156,-0.0977789495709352
1776177177044027400,23.32702734375,-0.0372540642477571,0.0076619129300117,-0.1159079142458736
1776177177053958100,23.336958251953124,-0.0137632985450327,-0.0093821608513593,-0.1281168777546845
1776177177063889200,23.34688916015625,-0.0043862522602081,-0.0072971712708473,-0.0731680024655535
1776177177073820400,23.3568203125,-0.0175308343850076,-0.0528103836894035,0.0049292182967998
1776177177083752200,23.366752197265622,-0.0100993692100048,-0.0615945786476135,0.0570205304640345
1776177177093683200,23.37668310546875,-0.0502187597610056,-0.0506494062632322,0.0544233535776846
1776177177103614200,23.3866142578125,-0.0856803876340389,-0.0561170240193605,0.0320676745858043
1776177177113545200,23.396545166015624,-0.1141349132239818,-0.0690577541351318,0.0153790997112169
1776177177123476200,23.40647631835937,-0.0983037223637103,-0.0994932244092225,0.0306913995302282
1776177177133407200,23.4164072265625,-0.0981821418106555,-0.0923363383919,0.025284480719082
1776177177143338200,23.426338134765626,-0.1143139230526983,-0.059094578525424,0.0141698700519278
1776177177153269200,23.436269287109376,-0.1272621058225631,-0.0547656094104051,-0.0327834764386527
1776177177163201300,23.446201171875,-0.0960229179501533,-0.0591670592397451,-0.0268276367741636
1776177177173132300,23.45613232421875,-0.0074209437809884,-0.0542149897903203,-0.0181978103937581
1776177177183063300,23.46606323242188,-0.0861504893638193,-0.0386029946386814,-0.0451177468275651
1776177177192994300,23.475994384765624,-0.1526794556736946,-0.0695592739164829,-0.0994313016215339
1776177177202925300,23.48592529296875,-0.1019685284815728,-0.0832715729266405,-0.1147487342733889
1776177177212856300,23.495856201171875,-0.0884099587284028,-0.0735866297364234,-0.073767393130809
1776177177222787000,23.505787109375,-0.0266495219945907,-0.0750976188212633,-0.0303165931347757
1776177177232719000,23.515718994140624,0.0387434260226786,-0.0641331572145223,0.019274243986234
1776177177242650400,23.525650390625,-0.048524523063749,-0.0388011475592851,-1.0959785431623465e-07
1776177177252581400,23.535581298828124,-0.1119653140999376,-0.0149731127262115,-0.034388555281423
1776177177262512000,23.54551220703125,-0.1214858605086803,-0.0388613533139228,-0.0569071149511262
1776177177272443400,23.555443359375,-0.09209858411327,-0.0429576827168464,-0.0701043040459975
1776177177282374100,23.5653740234375,-0.0383998732820153,-0.0369628262162208,-0.0395331150956451
1776177177292305200,23.57530517578125,0.0219523040890693,-0.0679378101944923,-0.0334222675325349
1776177177302237200,23.5852373046875,0.0435807830512523,-0.077446227774024,-0.0198174474848434
1776177177312168400,23.59516845703125,0.0356361076571047,-0.0766986242771148,-0.0456263174042105
1776177177322099200,23.60509912109375,0.0095322368465363,-0.0633949060678482,-0.0641862391086295
1776177177332030200,23.6150302734375,-0.0064845397137105,-0.0568137741118669,-0.0664578007698059
1776177177341961200,23.624961181640625,-0.0008170154713094,-0.0296335062414407,-0.0791190563570708
1776177177351892200,23.63489233398437,-0.0017873218081891,-0.0150245506525039,-0.1024041434198617
1776177177361823200,23.6448232421875,0.0304173500955104,-0.0614402648687362,-0.0903616042528301
1776177177371755300,23.65475537109375,0.0923709713138639,-0.0768850867599248,-0.115312980560027
1776177177381686300,23.66468627929688,0.1055867189787328,-0.1327992816835641,-0.1298095618156716
1776177177391617300,23.6746171875,0.1044017469778657,-0.1471416952908039,-0.1350258716918528
1776177177401548000,23.684548095703125,0.1196520692102611,-0.1497410641342401,-0.127977049158886
1776177177411479300,23.694479248046875,0.1183881867542862,-0.0997521676063537,-0.122783316440694
1776177177421410300,23.704410400390625,0.0693830405667424,-0.1018371571868658,-0.131615003802441
1776177177431341000,23.714341064453127,0.0026934768676757,-0.0835199947297573,-0.1096020190346986
1776177177441272300,23.72427221679688,0.0682088822208344,-0.0612818594366312,-0.0716050274651497
1776177177451204400,23.734204345703127,0.0731608055397868,-0.053050037664175,-0.0915311229562386
1776177177461135000,23.744135009765625,0.0451319580160081,-0.0304945069849491,-0.1055273900069296
1776177177471066000,23.75406616210937,0.0212380183398723,0.0149117379277944,-0.0719992144145071
1776177177480997400,23.763997314453125,0.0310555018685758,0.0798000974237918,-0.0440614427076652
1776177177490928000,23.77392822265625,0.020250176346302,0.1317798755079507,-0.0161700308931991
1776177177500859100,23.783859130859376,-0.009050736939907,0.13304945705235,-0.0185784802744165
1776177177510790400,23.793790283203126,-0.039629415076971,0.1429611947357654,-0.0125494657758623
1776177177520722200,23.80372216796875,-0.0363457172311842,0.1634779130637645,-0.0097144980782642
1776177177530653200,23.813653076171875,-0.0326814956352114,0.2054044991672038,-0.0131018754942342
1776177177540584400,23.82358447265625,-0.044888650779426,0.2187561481714248,-0.02399316226691
1776177177550515200,23.83351513671875,-0.0316506912827491,0.2346311781734228,-0.0276275001812726
1776177177560446200,23.8434462890625,-0.0467722725689411,0.262193723359704,-0.074866696142219
1776177177570377500,23.85337744140625,-0.0194455819651484,0.2634545370757579,-0.0797173510437831
1776177177580308200,23.86330810546875,-0.017205547953397,0.2651595874279737,-0.0674300250691361
1776177177590240300,23.873240234375,-0.0367719798192381,0.2575514505118131,-0.0962187145168892
1776177177600171300,23.883171142578124,-0.066769058676064,0.2496650811761617,-0.0924621932612732
1776177177610102300,23.89310229492187,-0.093910455840826,0.2471761869698762,-0.0451089424666017
1776177177620033300,23.903033203125,-0.1042893726445734,0.2269377010613679,-0.002787822353933
1776177177629964300,23.91296435546875,-0.118151747649908,0.1955500446289777,0.0117881077482365
1776177177639895300,23.92289526367188,-0.1017182069823145,0.1557253992408513,0.0224134553274139
1776177177649826300,23.932826416015622,-0.0858026988394558,0.1162684181213378,0.0519588814266026
1776177177659758300,23.94275830078125,-0.0924032661482691,0.0942658451497554,0.0544266415133141
1776177177669689000,23.95268920898437,-0.0991068554401397,0.048355742368102,0.0447966981796547
1776177177679620600,23.96262060546875,-0.1374434542275965,0.0100882632941007,0.0488482385927811
1776177177689551600,23.97255151367188,-0.0764040252447128,-0.0344219095617532,0.0573375239913351
1776177177699482400,23.982482421875,-0.0053426762022078,-0.064016252836585,0.1329453025581315
1776177177709413600,23.99241357421875,-0.1262874155715108,-0.073514733543992,0.114894645550102
1776177177719344600,24.0023447265625,-0.205646783490479,-0.1119108074337243,0.0984746584838256
1776177177729275400,24.012275390625,-0.1839789954312145,-0.1488420694679021,0.0855388968041166
1776177177739207400,24.02220751953125,-0.1983247700393199,-0.1567266852378845,0.1035287818019278
1776177177749138700,24.032138671875,-0.1180091243088245,-0.1417290225923061,0.129307512311358
1776177177759069400,24.0420693359375,-0.0738110861420631,-0.1435118143558502,0.1412379328734241
1776177177769000400,24.05200048828125,-0.0529494998991489,-0.1010199955850839,0.1408075786321423
1776177177778931700,24.061931640625,-0.0856429782330989,-0.0480991372585296,0.1105091056759469
1776177177788862500,24.071862548828125,-0.0983972458660602,0.0105862759441137,0.0984345456691458
1776177177798793500,24.08179345703125,-0.0647441287197172,0.0558124881148338,0.0586518762592226
1776177177808725500,24.0917255859375,-0.0307213014781475,0.0650491030156612,0.0422283820616081
1776177177818656500,24.101656494140624,-0.0086038699552416,0.082367902085185,0.0690530414273962
1776177177828587500,24.11158740234375,-0.0218771930262446,0.0790787974119186,0.0168141009503975
1776177177838518500,24.1215185546875,-0.0739195149526,0.0463145919293165,0.0234561145144514
1776177177848449500,24.131449462890625,-0.1030453639328479,0.0182283151298761,0.0914450155753642
1776177177858380500,24.14138061523437,-0.1451633809551596,0.0118798228859901,0.0941900399671867
1776177177868311600,24.1513115234375,-0.1851286038577556,-0.0386871657907962,0.1005179643470794
1776177177878243300,24.161243408203124,-0.1843020899057388,-0.0256920751392841,0.0731469779438339
1776177177888174600,24.17117456054688,-0.1829062516331672,-0.0154226100593805,0.0650391844098456
1776177177898105600,24.181105712890623,-0.1335781571015715,-0.0219020352065563,0.0736819981359876
1776177177908036400,24.191036376953125,-0.0894360869057476,-1.753565669e-06,0.0637992308187298
1776177177917967600,24.200967529296875,-0.0757917385652661,-0.0128168114751577,0.0490715076883323
1776177177927898600,24.210898681640625,-0.0711477121517062,-0.0023036007672548,0.0286162006913684
1776177177937829400,24.220829345703127,-0.0733855542063713,0.009009820407629,0.0066374835194088
1776177177947761400,24.230761474609373,-0.0863932120785117,0.0170242000371217,-0.0299796710642985
1776177177957692700,24.240692626953123,-0.1298207042641937,-0.0039765024155378,-0.0491184338362887
1776177177967623400,24.25062353515625,-0.1310471773192286,-0.0238987619817256,-0.0516301791951991
1776177177977554400,24.26055444335937,-0.1049124729789793,-0.0141746558248996,-0.0531567311753518
1776177177987485700,24.270485595703125,-0.1360872173130512,-0.005214519777894,-0.0424091089233756
1776177177997416400,24.28041650390625,-0.1791989215478301,-0.0136304659456014,-0.0254679109945893
1776177178007347500,24.290347412109377,-0.167037359111011,0.0008358663022518,-0.0030353673742152
1776177178017279700,24.30027978515625,-0.154454064130783,0.0491635516196489,-0.0081962938013486
1776177178027210500,24.31021044921875,-0.1401819392807781,0.0798293235182762,0.0006077383684925
1776177178037141500,24.3201416015625,-0.1430196469247341,0.0881242736548185,-0.024154654705245
1776177178047072800,24.33007275390625,-0.1366014504455029,0.0606283639639615,-0.0596631721936166
1776177178057003500,24.34000341796875,-0.1345439333938062,0.0515630139768123,-0.0385177275080233
1776177178066934500,24.3499345703125,-0.1117348663449287,0.017726795348525,-0.0211117250790819
1776177178076865500,24.359865478515623,-0.1161035829484462,0.0010755202770233,-0.0396929818324744
1776177178086797600,24.36979760742188,-0.085038582599163,-0.0232750771254301,-0.0294194981645792
1776177178096728600,24.379728515625,-0.0643370092235505,-0.0420996045827865,-0.012690773942694
1776177178106659600,24.38965966796875,-0.042284167369455,-0.0631716187059879,-0.0279295518677681
1776177178116590600,24.399590576171875,-0.0432872069321572,-0.0571300004541873,-0.0355486485693603
1776177178126521600,24.409521484375,-0.0541090451978147,-0.0360807826846837,-0.0051243207437917
1776177178136452400,24.41945239257813,-0.0841628226779401,-0.0192868842720985,0.0001237725101411
1776177178146383600,24.42938354492188,-0.1034931077003478,-0.0197685303092002,0.0145249670999124
1776177178156315600,24.439315673828126,-0.1075835918843746,-0.0176736038565635,0.0223779821552336
1776177178166246700,24.44924658203125,-0.0775379977107048,-0.0167336926579475,0.0220742865009233
1776177178176177400,24.45917749023437,-0.0523601557038724,-0.0178097974568605,0.0200050424788147
1776177178186108700,24.469108642578124,-0.0233633399307727,-0.0276946471333503,0.0160976963093504
1776177178196039400,24.479039306640622,-0.0337152225971221,-0.0033335283368825,0.0069502575293183
1776177178205970400,24.488970458984376,-0.0797862150289118,0.022618659043312,-0.0102670539271086
1776177178215901700,24.49890161132813,-0.0038030455447733,0.0090641809433698,0.0273749501923099
1776177178225833700,24.508833740234376,0.0380490140177309,0.0154658646792173,0.036514424861595
1776177178235764500,24.51876440429688,-0.119414314931631,0.0335147315889596,0.0010273337537422
1776177178245695500,24.528695556640624,-0.1314953594781458,-0.0371054495573043,-0.0387091949595138
1776177178255626500,24.53862646484375,-0.0779446788154542,-0.0514087001979351,-0.0146588956778869
1776177178265557500,24.5485576171875,-0.0963182476349174,0.0069090487360954,0.023833733921498
1776177178275488500,24.558488525390626,-0.0012872633315622,0.0461298830121755,0.074514594768919
1776177178285419500,24.56841943359375,0.0074582070514559,0.060483987057209,0.0922300650058314
1776177178295351600,24.5783515625,-0.0251449626505374,0.0534960278660058,0.065653790910542
1776177178305282600,24.588282470703124,-0.0286545782066881,0.0481418073564767,0.0052849181329831
1776177178315213600,24.59821362304688,-0.013392565536499,0.0619090514242649,0.0105457978032529
1776177178325144600,24.60814453125,-0.0046386195860803,0.0556663576424121,-0.0202821423871442
1776177178335075600,24.61807568359375,0.0160663147903978,0.045194647988677,0.0004530775297433
1776177178345006600,24.62800659179688,-0.0030709318779408,0.0214484462201595,-0.0221498359551653
1776177178354937600,24.6379375,-0.0221475344002246,-0.00253624047935,-0.0456339527213945
1776177178364869600,24.64786962890625,0.0068704702913761,-0.0166261406302452,-0.013545746804215
1776177178374800400,24.65780029296875,-0.0192553200900554,-0.0371282459110021,0.0071076765807345
1776177178384731600,24.667731689453124,-0.0612207768991589,-0.0492477227717638,0.0030793709127232
1776177178394662700,24.67766259765625,-0.0888650090195238,-0.0500327356696128,0.0062981502961367
1776177178404593400,24.68759350585937,-0.0922141733169555,-0.0329313787430524,-0.0006961655706167
1776177178414524700,24.697524658203125,-0.0843301420688629,-0.0301297653257846,0.0035285394523292
1776177178424455700,24.70745556640625,-0.0740507401168346,0.0017740239351987,-0.0022660087032243
1776177178434387500,24.71738745117188,-0.0484580336987972,0.023879472759366,0.0014862930350005
1776177178444318500,24.727318359375,-0.0042412908315658,0.0263987621039152,-0.0087240988014265
1776177178454249700,24.737249755859377,-0.0010883797585964,0.0097188454598188,-0.015284516762942
1776177178464180500,24.747180419921875,0.0109106855928897,-0.0008247603863477,-0.0212054677771404
1776177178474111500,24.757111572265625,-0.0115419692337512,-0.0032844284981489,-0.0489706959286704
1776177178484042800,24.76704272460937,-0.0769989223979413,0.0015004676908254,-0.016907149528712
1776177178493973500,24.77697338867188,-0.0563489330790936,0.0083101477056741,-0.0134220108266919
1776177178503905500,24.786905517578123,-0.0173382344223558,-0.0138724580079317,-0.0222619545601308
1776177178513836500,24.79683642578125,-0.0537270601429045,0.0003752630531787,-0.0433509198181331
1776177178523767600,24.806767578125,-0.1016295057855546,-0.0193991124749183,-0.0239142518118023
1776177178533698600,24.816698486328125,-0.122387193262577,-0.0011743044763803,-0.0147894997876137
1776177178543629600,24.826629638671875,-0.1064597024209797,0.0400923564136028,-0.0097468659779056
1776177178553560600,24.836560546875,-0.1234672435842454,0.0993611224621534,0.0031589024223387
1776177178563491600,24.84649169921875,-0.1654967055402696,0.1265185939788818,0.0055405733944848
1776177178573423600,24.856423583984373,-0.0884381619095802,0.1614133817493915,-0.022466866015084
1776177178583354400,24.866354248046875,-0.0357584188625216,0.1580512118399143,-0.0708473409656435
1776177178593285600,24.87628564453125,-0.1464005215346813,0.0877583629518747,-0.1587916549436747
1776177178603216600,24.88621655273437,-0.1373686354257166,-0.1529448286116123,-0.2701883753754198
1776177178613147400,24.8961474609375,0.0408627562642097,-0.6520277382045984,-0.3008791721174493
1776177178623078700,24.90607861328125,0.3460037870772183,-1.1371522650718688,-0.1628506845435127
1776177178633010700,24.9160107421875,0.4257783116683363,-1.5653601419746874,-0.0707060693314299
1776177178642941400,24.92594140625,0.2871659597918391,-1.748456363222003,0.027997100678645
1776177178652872400,24.93587255859375,0.0334789296232163,-1.7229758850067851,0.0523615804759785
1776177178662803700,24.9458037109375,-0.1650198818087577,-1.5185709182709457,0.0818690857175737
1776177178672734500,24.955734375,-0.2911399779893457,-1.144835805311799,0.0539465481124818
1776177178682665700,24.96566577148437,-0.3385226375415921,-0.7837456543922424,0.0408473760319873
1776177178692597000,24.975596923828125,-0.3447822824582457,-0.347252764225006,0.0034550358247011
1776177178702529000,24.98552905273437,-0.3160883951544761,0.0728530547648668,-0.0483683461213484
1776177178712459800,24.99545971679688,-0.268376211386919,0.4473305105239152,-0.0776545732950791
1776177178722390800,25.005390869140623,-0.1102677164018154,0.7880921591639518,-0.0843502350088208
1776177178732322000,25.015322021484376,-0.0047635611400008,0.9312555984735488,-0.0777615773335099
1776177178742252800,25.02525268554687,-0.0505447768449783,1.0176233838498592,0.0372471230503171
1776177178752183800,25.035183837890624,-0.2933186372026801,1.1323545094013214,0.0809483176108449
1776177178762114800,25.04511474609375,-0.4365151019990444,1.2875941709518433,0.0963505790019407
1776177178772046800,25.055046875,-0.3425108303949237,1.3533318407535553,0.1057183460017666
1776177178781977900,25.06497778320313,-0.3087187431693077,1.3202087388306856,0.1762064252009615
1776177178791908900,25.07490893554688,-0.2361778230935335,1.1628794115245342,0.2460296107506379
1776177178801839900,25.08483984375,-0.154329268707335,0.9395768520951272,0.2807271589159965
1776177178811771000,25.09477099609375,-0.1810992022112011,0.7510194428324699,0.263973373318091
1776177178821702000,25.10470190429688,-0.1626961150363087,0.6017997722238302,0.2283819450529292
1776177178831633000,25.1146328125,-0.2168658043801784,0.4930599960416555,0.1413939819516614
1776177178841565000,25.12456494140625,-0.2156134662315249,0.3679623747766017,0.1092722938899882
1776177178851496000,25.134495849609376,-0.1473202667281031,0.2251858889579772,0.1068527568591758
1776177178861427000,25.14442700195313,-0.1001379520535469,0.1182417640209197,0.075721340210177
1776177178871358000,25.15435791015625,-0.068540744523704,0.0430190575152635,0.0467228074040263
1776177178881288700,25.16428881835937,-0.0371215239092707,-0.0199415487885475,0.0401122849567793
1776177178891220000,25.174219970703124,-0.0265817174553871,-0.0730804337799549,0.0503203569719567
1776177178901152000,25.18415209960937,-0.0264610136851668,-0.0886111803889274,0.0390910338839516
1776177178911083000,25.1940830078125,-0.0470607341215014,-0.0978840356469154,-0.0057634406312368
1776177178921013800,25.204013671875,-0.043805239456892,-0.0859533593565225,-0.0658580082457512
1776177178930945000,25.213945068359376,-0.0208268071904778,-0.1471165608495473,-0.0899952916910871
1776177178940875800,25.22387573242188,0.020861878503859,-0.1937508862525224,-0.0650600810674019
1776177178950806800,25.233806884765624,0.0594333089604973,-0.2203729357182979,-0.0082816522635519
1776177178960738000,25.24373803710937,0.1204395663261413,-0.2587725167393684,0.0608109722555615
1776177178970670000,25.253670166015624,0.1726370788142085,-0.255425544399023,0.1102279780464712
1776177178980600800,25.26360083007813,0.1583294442594051,-0.28290274938941,0.0799197326149325
1776177178990531800,25.27353173828125,0.1454044962346553,-0.3029039194107055,0.0776122776564676
1776177179000462800,25.283462890625,0.1114987195014953,-0.2929284688413143,0.0571364575944375
1776177179010393900,25.293393798828124,0.0653106765612959,-0.2789215707987547,0.013512502121739
1776177179020324900,25.30332495117188,0.0396601024761796,-0.2664303380161523,0.0023318496142048
1776177179030255900,25.313255859375,0.0329492066606879,-0.2403594926923513,-0.034041139216395
1776177179040188000,25.32318798828125,0.0324219679161906,-0.2282762561887502,-0.0184628088723402
1776177179050119000,25.33311889648437,0.0414548769384622,-0.212394211924076,0.0211099989128764
1776177179060049700,25.34304956054688,0.0534717702075839,-0.2126397111177444,0.0493047958543989
1776177179069981000,25.35298095703125,0.0054071197405457,-0.1724064849287271,0.0404818580546882
1776177179079912000,25.362911865234373,-0.0514846880435943,-0.0949777928113937,0.0084668909036554
1776177179089842700,25.3728427734375,-0.068404550923407,0.0030178865164518,0.0047969884855672
1776177179099774700,25.382774658203125,-0.0766895641878247,0.0483066425293684,-0.0052942613500636
1776177179109706000,25.3927060546875,-0.0953998176157474,0.0916670608282089,-0.0323304080420639
1776177179119636700,25.40263671875,-0.111896486647427,0.1264519584834575,-0.046400041723065
1776177179129567700,25.412567626953123,-0.1103778987780213,0.125624860009551,-0.0346513892023824
1776177179139499000,25.4224990234375,-0.104994159913063,0.1031412255227565,-0.0512540758918039
1776177179149429800,25.4324296875,-0.1321659522160887,0.0801654236048459,-0.0430798203923273
1776177179159360800,25.44236083984375,-0.1432765442952513,0.0793938547104597,-0.0011982881401665
1776177179169292800,25.45229272460937,-0.1440948749408125,0.0800830060184001,0.035489438328566
1776177179179223800,25.462223876953125,-0.1401294784411788,0.0926759456098079,0.0435196548480074
1776177179189154800,25.47215478515625,-0.1581689930006861,0.0747118343740701,0.0425434576264582
1776177179199085800,25.4820859375,-0.146900872272253,0.0923240634322166,0.0639607597896829
1776177179209016800,25.492016845703127,-0.174350020211935,0.0989525416612625,0.0727409726925194
1776177179218947800,25.50194775390625,-0.1664259492143988,0.1145259583681821,0.0724031373065896
1776177179228878800,25.51187890625,-0.1329576871156692,0.1266577101886272,0.067820211696811
1776177179238811000,25.521810791015625,-0.09601970307976,0.0915682766288518,0.0474182057896628
1776177179248742000,25.53174194335937,-0.1137564353004097,0.0314221432238817,0.0460634027803782
1776177179258673000,25.5416728515625,-0.1605450744822621,-0.0192442141741514,0.0274666835963726
1776177179268604000,25.55160400390625,-0.1139455281317234,-0.0479997685372829,0.0300941094905138
1776177179278535000,25.561534912109376,-0.0298375043809413,-0.0865606775999069,0.0372708601189311
1776177179288466000,25.5714658203125,-0.1052232924938201,-0.1281301208287477,-0.01509076602282
1776177179298397700,25.581397705078125,-0.1192868891596794,-0.12708148855865,-0.036321404773835
1776177179308329000,25.591328857421875,-0.0910316855341196,-0.1451478911250829,-0.0338157603621482
1776177179318260000,25.601260009765625,-0.1168169919148087,-0.1616582964211702,0.0048481524172239
1776177179328190700,25.611190673828126,-0.0468456300660967,-0.1237917993634939,0.0474568938322365
1776177179338122000,25.6211220703125,0.1052913892939686,-0.1414279938191175,0.093515355576016
1776177179348053000,25.631052978515623,0.1024117422044277,-0.1626455538928508,0.0602840623046271
1776177179357983700,25.640983642578124,0.1103033722370862,-0.1654015746027231,0.0443130611148662
1776177179367915800,25.65091577148437,0.1718140719935298,-0.150265380269289,0.0194243382477201
1776177179377847000,25.660846923828124,0.1868570350855588,-0.1137006134599447,0.024313388930913
1776177179387777800,25.67077783203125,0.1917719873949885,-0.1174544130355119,0.006800802588649
1776177179397708800,25.680708740234376,0.2459805474445223,-0.1141249763518571,0.024948654627148
1776177179407640000,25.69064013671875,0.2044806623205542,-0.138459791663289,0.0229645864041522
1776177179417570800,25.70057080078125,0.2629234989389777,-0.1931944214135408,0.0082205697260797
1776177179427502800,25.7105029296875,0.2571162739649414,-0.2807902872800827,-0.029058300169371
1776177179437433900,25.720433837890624,0.2432911622300743,-0.4219593379020691,-0.0342501879903487
1776177179447364900,25.73036474609375,0.2644564075946807,-0.5987707797914743,-0.036449268937204
1776177179457296000,25.7402958984375,0.3251961229786276,-0.8533832542419433,-0.0933576442636549
1776177179467227000,25.750226806640622,0.4052919884786009,-1.1638894653499126,-0.2012888440093025
1776177179477158000,25.760157958984376,0.4318985481142997,-1.4104922363460064,-0.284518477490358
1776177179487089000,25.7700888671875,0.267398890787363,-1.5568652853518723,-0.2449329380877316
1776177179497021000,25.78002099609375,0.0328796485558152,-1.4691554377168417,-0.1343881765765137
1776177179506952000,25.78995190429688,-0.0782204270169138,-1.170275951516628,0.0146913549090735
1776177179516883000,25.799883056640624,-0.2070887989923358,-0.5898077211350202,0.0449374583572149
1776177179526814000,25.80981396484375,-0.3182102096140384,-0.0708037210196256,0.0695019177060574
1776177179536745000,25.81974487304688,-0.346650414417684,0.4810790508687496,0.0436820332023315
1776177179546676000,25.829676025390626,-0.2663981893122196,0.9849141234248876,0.007615744833881
1776177179556606700,25.839606689453124,-0.2524152566671371,1.3711387156009671,-0.0159331990631762
1776177179566538800,25.84953881835937,-0.1175906066358089,1.5633604925900697,-0.0713212877534795
1776177179576470000,25.859469970703124,-0.1246820262014865,1.614505573415756,-0.1454553770385216
1776177179586401000,25.86940112304688,-0.180888774330914,1.5462719951450823,-0.1448010047830175
1776177179596331800,25.879331787109376,-0.2395522679626941,1.434001122227311,-0.1469614159536082
1776177179606263000,25.88926293945313,-0.3087979458853602,1.2783990571051835,-0.1131138813468627
1776177179616193800,25.89919384765625,-0.3629837095811963,1.0594973629832267,-0.0742481441187672
1776177179626125800,25.90912573242188,-0.3434063179299235,0.7900906395047903,0.020992537412513
1776177179636056800,25.919056884765624,-0.273704420672357,0.5032184019625187,0.0822443122381344
1776177179645988000,25.928988037109377,-0.2674430221900343,0.2535445529580116,0.1225191216797102
1776177179655918800,25.9389189453125,-0.1855018210843205,0.0111672907024621,0.1615964101660996
1776177179665849900,25.948849853515625,-0.1057180902734398,-0.1304115097641945,0.1759989199301228
1776177179675780900,25.95878076171875,-0.0214838097944855,-0.212813898640871,0.1651321282778866
1776177179685713000,25.968712890625,0.0359621247410774,-0.3057294982254505,0.1729022690890357
1776177179695643600,25.9786435546875,-0.0327767727032303,-0.2999164280325174,0.1767021728286519
1776177179705574700,25.98857470703125,-0.1312470838055014,-0.3084785046726465,0.2064361072372645
1776177179715506000,25.998505859375,-0.2228878411486744,-0.2954413284450769,0.2547856390602886
1776177179725436700,26.008436767578125,-0.2847933854416012,-0.2409983751177787,0.2919719718340784
1776177179735367700,26.01836767578125,-0.3282990574300289,-0.2137257527887821,0.284406541548483
1776177179745299000,26.028298828125,-0.3146858348801732,-0.2304845798879861,0.2721863077269867
1776177179755230700,26.038230712890623,-0.2566200148805976,-0.2563894209951162,0.2163213405062444
1776177179765161700,26.04816162109375,-0.1885842972695827,-0.2636263865113258,0.1811037687884643
1776177179775092700,26.0580927734375,-0.1286599899217486,-0.2795300580859184,0.1371970599847845
1776177179785023700,26.068023681640625,-0.1053477956563234,-0.2669610838919878,0.1407955411344766
1776177179794954800,26.07795483398437,-0.0894613674774765,-0.2423778467774391,0.1495090637429617
1776177179804885800,26.0878857421875,-0.1079307978868484,-0.1428770235836506,0.2163414517125114
1776177179814817800,26.09781787109375,-0.1025076037943363,-0.0627215368509292,0.2401253551429137
1776177179824748800,26.10774877929688,-0.0772302469357848,0.0238788882374763,0.2177839421384036
1776177179834679800,26.1176796875,-0.0498506571009755,0.1211766484290361,0.200916101706773
1776177179844610800,26.12761083984375,0.0201388249263167,0.1692103192359209,0.1677259441633708
1776177179854541800,26.137541748046875,0.0465229739829897,0.2090904942035674,0.0933435609393753
1776177179864472800,26.147472900390625,0.0011702128231525,0.2518418406933546,-0.0531385013989172
1776177179874403800,26.15740380859375,0.0688835666120052,0.2312409512132406,-0.1465643246611114
1776177179884335900,26.1673359375,0.1225467677384614,0.2014543002367019,-0.1968264212403446
1776177179894267000,26.177266845703127,0.0631973376691341,0.2069423762589693,-0.1443140341168269
1776177179904197600,26.18719775390625,0.0616036387369036,0.2384323240220546,-0.0973002444095909
1776177179914129000,26.19712890625,0.0519520132943987,0.2290887416154146,-0.0796567799629643
1776177179924059600,26.2070595703125,0.0162666596680879,0.1707370904117822,-0.0664314744518836
1776177179933990700,26.21699072265625,-0.0494856231808662,0.0905693287193775,-0.0854485516395419
1776177179943922700,26.22692260742188,-0.0849675631895661,0.0491050994306802,-0.1388909770216327
1776177179953854000,26.23685400390625,-0.0776022951185703,0.0368634574949741,-0.1275317896094173
1776177179963784700,26.24678466796875,-0.0809507287636399,0.0533890603601932,-0.1009496154963038
1776177179973715700,26.2567158203125,-0.0698445205986499,0.0753366882741451,-0.0566595836305757
1776177179983646700,26.266646728515624,-0.0363391413599252,0.0342313554257154,-0.0068657564419962
1776177179993577700,26.27657763671875,-0.0317117738202214,0.0397632705897092,0.0285355161209939
1776177180003508700,26.2865087890625,-0.0310673384368419,0.0376876333594322,0.0565489080640254
1776177180013440800,26.29644067382813,-0.0893140679612755,0.0380769249379634,0.0526805787306977
1776177180023371800,26.30637182617188,-0.0882300721168518,0.0582405920445919,0.0226458393111824
1776177180033302800,26.316302734375,0.0056777533754706,0.0407587113678455,0.0224440080125932
1776177180043233500,26.326233642578124,0.2046510504513979,0.0272287831872701,-0.0009306319136172
1776177180053164800,26.33616479492187,0.3828843418374657,0.0663788903146982,-0.0384523934871191
1776177180063095800,26.346095703125,0.5296595419034361,0.0473351671487092,-0.0421049520447617
1776177180073027800,26.35602783203125,0.5477721216991543,-0.0218453365832567,-0.0491100769998971
1776177180082958600,26.36595849609375,0.4178445960596204,-0.146755326321721,-0.0014278134465683
1776177180092889900,26.37588989257813,0.2796975236073136,-0.1807593027323484,0.0658655978971626
1776177180102820600,26.385820556640624,0.0474164156913757,-0.1371317579299211,0.1775278647967614
1776177180112751600,26.39575170898437,-0.0770192345336079,0.0034095161825418,0.1983438948648981
1776177180122683000,26.405682861328124,-0.1478492590382695,0.136572370481491,0.2568713227605447
1776177180132615000,26.41561499023437,-0.1158817568913102,0.3052180415719747,0.3002020765734836
1776177180142545700,26.42554565429688,-0.0798088652521371,0.4063964425891637,0.2230239251511171
1776177180152476700,26.4354765625,-0.0143690093532204,0.5168289941638707,0.187951570590306
1776177180162407700,26.44540771484375,0.0167678871884942,0.6698229226142167,0.0870390722339972
1776177180172338700,26.45533862304688,-0.04678367074579,0.7344324651688336,-0.0599638995727058
1776177180182269700,26.465269775390624,-0.0314542919278144,0.7764046439796686,-0.1370210914965253
1776177180192200700,26.47520068359375,-0.0218123110964894,0.8380167582839727,-0.271659982297942
1776177180202132700,26.4851328125,-0.0955687444418668,0.8411544717878102,-0.2943671598749235
1776177180212063700,26.49506372070313,-0.2105295870959758,0.8232359532594681,-0.3099236254470423
1776177180221994800,26.50499487304688,-0.3806508836969733,0.6915437560349702,-0.3105410266930237
1776177180231925800,26.51492578125,-0.3847086346551776,0.5147399129301309,-0.2280857751179486
1776177180241856800,26.524856689453124,-0.2788192794680595,0.2985603372484445,-0.1087413836173713
1776177180251787800,26.53478784179688,-0.2423535891190171,0.0635398674964904,0.0574329654561355
1776177180261719800,26.5447197265625,-0.1937792355641722,-0.134310270768404,0.1456801074387971
1776177180271650800,26.55465087890625,-0.2042494839131832,-0.3089817780196666,0.1563851783238351
1776177180281581600,26.56458154296875,-0.1989782655119895,-0.373525269600749,0.1451257158258929
1776177180291512800,26.574512939453125,-0.1567360375881195,-0.4250958823621272,0.1035993536869529
1776177180301443800,26.58444384765625,-0.1195452478349208,-0.4911830962538719,0.1308877581069711
1776177180311374600,26.59437451171875,-0.0361129313886165,-0.6000830314338207,0.1399587432504631
1776177180321305900,26.604305908203123,0.082781012930721,-0.7758394113123417,0.1033514524736441
1776177180331238000,26.61423779296875,0.12926350877285,-0.9071510847866536,0.0627961181907914
1776177180341168600,26.624168701171875,0.0644045215018093,-0.9850222599744796,0.039824170464091
1776177180351099600,26.634099609375,-0.063492228962481,-0.988296751600504,0.0291293195789679
1776177180361031000,26.64403100585937,-0.2216580070927739,-0.8856050234109163,0.0362686334069818
1776177180370961700,26.65396166992188,-0.3337257586538791,-0.7058247948437929,0.0472092848798725
1776177180380892700,26.663892578125,-0.3740592303469777,-0.5143178881257772,0.0746616111573297
1776177180390824700,26.67382470703125,-0.3581377308547496,-0.3326782954275608,0.1036154737046919
1776177180400755700,26.68375561523437,-0.3470003968991339,-0.1794943973630666,0.133817445750162
1776177180410686700,26.693686767578125,-0.2789627795919775,-0.0416676429063081,0.1414830302082933
1776177180420617700,26.70361767578125,-0.2114949249967932,0.0906266118645668,0.1466841059827245
1776177180430548700,26.713548828125,-0.3120551941156387,0.2528057172894478,0.0687938333687838
1776177180440479700,26.723479736328127,-0.2988905921161174,0.3177899383753538,0.0451429680337896
1776177180450411800,26.733411865234373,-0.220394124636799,0.3491466151475906,0.0339002648744033
1776177180460342500,26.743342529296875,-0.2122685397177934,0.4226683629542589,0.0254733680544188
1776177180470273800,26.753273681640625,-0.145199913573265,0.4577823464334011,-0.0041261948182247
1776177180480204800,26.76320483398437,-0.0898757934972643,0.4128752832144499,-0.0344667122512823
1776177180490135600,26.77313549804688,-0.0655970922872424,0.3423006947755813,-0.0322288199642673
1776177180500066800,26.78306689453125,-0.0975859294831752,0.2474596800863742,-0.0591243160765618
1776177180509998800,26.79299877929688,-0.0586973959013819,0.1119891333669424,-0.0873269675309769
1776177180519929600,26.8029296875,0.0094306761682033,0.0183230076760053,-0.1057358725253026
1776177180529860600,26.812860595703125,0.0658555970929563,-0.0777045864492654,-0.1145041118625551
1776177180539792000,26.8227919921875,0.1415945825576782,-0.1615215182989835,-0.1068761742673814
1776177180549722600,26.83272265625,0.1055225677013397,-0.2346983981907367,-0.0986443707612343
1776177180559653600,26.842653564453126,0.0848221633695066,-0.2901180875957012,-0.0779948472332675
1776177180569585000,26.8525849609375,0.0256742472216486,-0.3311562004268169,-0.0234264591617044
1776177180579516700,26.8625166015625,-0.0058162850633263,-0.3043295682996511,0.0551660069048404
1776177180589447700,26.87244775390625,-0.0711938893809914,-0.2477285601556301,0.0924698651110753
1776177180599379000,26.88237890625,-0.1018183063559234,-0.2220779860705137,0.0749564933175221
1776177180609309700,26.892309814453125,-0.134315823726356,-0.1690864005953073,0.0589242269271984
1776177180619240700,26.90224072265625,-0.0924890447355806,-0.0797013132244348,0.042846294764243
1776177180629172000,26.912171875,2.44037888944e-05,0.0031727848172187,0.0365097852190956
1776177180639103700,26.922103759765623,0.0714211222656071,0.0956844797760248,0.0385902447549626
1776177180649034800,26.93203466796875,0.0895379398450255,0.1318622930943966,0.0815714544778689
1776177180658965800,26.9419658203125,0.0568878622613847,0.1479343069732189,0.1213759521271102
1776177180668896800,26.951896728515624,-0.0391322792097926,0.1979500915080309,0.1121849664662964
1776177180678827500,26.96182763671875,-0.1144295122563838,0.2238070018202066,0.1158794005374424
1776177180688758500,26.97175854492188,-0.172031806397438,0.2601239313483238,0.0929031784944236
1776177180698690300,26.98169018554687,-0.1896013653576373,0.3041752545207739,0.0878756509223021
1776177180708621600,26.99162158203125,-0.1610604766584932,0.3485048101127147,0.0655177251744084
1776177180718552600,27.00155249023437,-0.1535620837271213,0.3628086452752351,0.1088785635983571
1776177180728483300,27.0114833984375,-0.1484369957983493,0.3747673786163329,0.1059879201907664
1776177180738414600,27.02141455078125,-0.1392823600925505,0.381166139742732,0.0697062811717391
1776177180748345600,27.031345703125,-0.2096495893910527,0.3968143752515315,0.0225691573457792
1776177180758277400,27.04127734375,-0.2257074286140501,0.3632265784263611,0.0018470526387915
1776177180768208400,27.05120849609375,-0.2717711145222187,0.382721552491188,0.0441565736452117
1776177180778139600,27.0611396484375,-0.2938938067421316,0.3923685017585754,0.0898804696723818
1776177180788070400,27.0710703125,-0.1802446312084794,0.3269008810698985,0.112774328927882
1776177180798001400,27.08100146484375,-0.0845858703956008,0.2948158900231122,0.1049576638275757
1776177180807932700,27.0909326171875,-0.0717930243179202,0.2923439469516277,0.0303546601228415
1776177180817863400,27.100863525390626,-0.0757139971539378,0.2264279979735612,-0.0307730316653847
1776177180827795500,27.11079541015625,-0.0741463094457983,0.1207224749207496,-0.0698141254603862
1776177180837726700,27.120726806640626,-0.0807642662808299,-0.0820662887901067,-0.1332713196421042
1776177180847657500,27.130657470703124,0.0120168932691216,-0.2941682397693395,-0.2004191850353032
1776177180857588500,27.14058837890625,0.0827417038336396,-0.5127893633842467,-0.3040091041736305
1776177180867519700,27.150519775390624,0.108712888175249,-0.714487409248948,-0.378681556385383
1776177180877450500,27.160450439453125,0.1078930962249636,-0.8764946652382611,-0.4151773496117442
1776177180887382500,27.170382568359376,0.075993398617208,-1.0441659383386372,-0.4103570898484438
1776177180897313500,27.1803134765625,0.0267510826729238,-1.0922750124692917,-0.3930030733350664
1776177180907244500,27.19024462890625,-0.0040849312260746,-1.0564835681200029,-0.2952619532901793
1776177180917175600,27.200175537109377,-0.0321101254880428,-0.9674696521490812,-0.2281176315609365
1776177180927106300,27.210106201171875,-0.0106064419493079,-0.8286492104798555,-0.1900355189912021
1776177180937037600,27.22003759765625,0.0073763739868998,-0.678683105418086,-0.1750988658178597
1776177180946969600,27.229969482421875,0.0245204010114073,-0.5469517452269792,-0.1384110571507364
1776177180956900600,27.239900634765625,0.0922422303676605,-0.410455947113037,-0.0907083718638867
1776177180966831400,27.249831298828123,0.0788978878870606,-0.2761936071395874,-0.0300272547993808
1776177180976762600,27.2597626953125,-0.065225774756819,-0.1115466502964496,-0.0269220553256571
1776177180986693400,27.269693359375,-0.0444166493535041,0.0201759420663118,-0.0318073431491851
1776177180996624400,27.279624267578125,-0.0086111764788627,0.1286614512264728,0.0077604048684239
1776177181006556400,27.28955639648437,-0.0357306540727615,0.269832839936018,0.033028628572449
1776177181016487700,27.29948779296875,0.044525078164041,0.3642009764164686,0.0321408859524875
1776177181026418400,27.30941845703125,0.0520385225340723,0.4263391604214906,0.0950398251969367
1776177181036349400,27.319349365234373,0.0379506682097911,0.477911526748538,0.1002945308547467
1776177181046280400,27.329280517578123,0.0341878085449337,0.4641483743339776,0.0943711321551352
1776177181056211500,27.33921142578125,0.0253190040431916,0.4675789333045482,0.0449594509933143
1776177181066143500,27.3491435546875,0.0413300815150141,0.4253980801790952,-0.0137339263200759
1776177181076074500,27.359074462890625,0.0954886649429798,0.4072504290699958,-0.0340347368750721
1776177181086005500,27.36900561523437,0.1394680919229984,0.3716442781597375,-0.0953971872672438
1776177181095936500,27.3789365234375,0.2213826972827315,0.3074532532781362,-0.1035691686112433
1776177181105867300,27.3888671875,0.2400711772702634,0.2051835498929023,-0.1144449290212243
1776177181115798500,27.398798583984377,0.1973356128714978,0.1119616608381271,-0.094721772223711
1776177181125730600,27.40873046875,0.1254173547387123,0.0684802465081214,-0.0686805913858115
1776177181135661600,27.41866162109375,0.0257971429489552,0.0364209744244813,-0.0921958339426666
1776177181145592600,27.428592529296875,-0.0730655284717679,-0.0110316816240549,-0.0775486652351915
1776177181155523600,27.438523681640625,-0.1295826577246189,-0.0039496144086122,-0.0843573954019695
1776177181165454300,27.448454345703126,-0.1306312899947166,0.0265875626742839,-0.0859434955496341
1776177181175385600,27.45838549804688,-0.0845265414237976,0.0269686709463596,-0.0921499489743262
1776177181185316600,27.468316650390623,-0.0383833605386316,0.0559299770146608,-0.0865484026402235
1776177181195248600,27.47824853515625,-0.023193974713236,0.0703583153396844,-0.0638313247237354
1776177181205179400,27.48817944335937,0.0064686114922165,0.0605102905422449,-0.081345500234887
1776177181215110700,27.498110595703125,0.0566717352926731,0.0377642057269811,-0.062609162517637
1776177181225041400,27.50804150390625,0.0627720979943871,0.0036240357160568,-0.0636495384160429
1776177181234972400,27.517972412109376,-0.007525134807825,-0.0106377138704061,-0.0599500993762165
1776177181244903700,27.527903564453126,-0.0093356913611292,-0.0280722482740879,-0.0369064198538661
1776177181254835700,27.537835693359376,0.029765315927565,-0.0561632012486457,-0.0350019014067947
1776177181264766500,27.547766357421875,0.0114966687873005,-0.0512777672946453,-0.0140135469790548
1776177181274697500,27.557697509765624,-0.0102405312463641,-0.0696352617621421,0.0166053901031613
1776177181284628500,27.56762841796875,-0.0016305238112807,-0.0579781417161226,0.0209704534448683
1776177181294559500,27.5775595703125,-0.0313382643327116,-0.014597265151143,0.0777352007832378
1776177181304490500,27.587490478515623,-0.046882454945147,0.0229284556448459,0.1138285506885498
1776177181314422500,27.59742260742188,-0.0396086645498871,0.0028396073400974,0.1441024737253785
1776177181324353500,27.607353515625,-0.0302805719733238,0.0395914211541414,0.1587844945505261
1776177181334284500,27.617284423828124,-0.0658007981657981,0.0927893428564071,0.1584883611481636
1776177181344215300,27.62721533203125,-0.069098378406465,0.14099427857697,0.1564119202002883
1776177181354146600,27.637146484375,-0.0723132487997412,0.1561965238839388,0.1544847515299916
1776177181364077600,27.64707763671875,-0.0760612031564116,0.1728349394738674,0.1844211131755262
1776177181374009600,27.657009521484376,-0.0656897390067577,0.1626782871186733,0.1969683869943022
1776177181383940400,27.6669404296875,-0.0534457589834928,0.1112391917824745,0.1990486273344606
1776177181393871600,27.67687158203125,-0.044735798305273,0.1065221001327037,0.2083927942629903
1776177181403802400,27.68680224609375,-0.0755704970300197,0.078514733788371,0.2072531227085739
1776177181413733400,27.6967333984375,-0.1112348078683018,0.0286661225140094,0.1792662876956164
1776177181423664600,27.70666455078125,-0.083928867791593,0.0018926818788051,0.1598518315210938
1776177181433596700,27.7165966796875,-0.0934469299823045,-0.0100333182364702,0.1607236459195613
1776177181443527400,27.72652734375,-0.0520446600139141,-0.0303349325090646,0.1548212900079786
1776177181453458400,27.73645849609375,-0.0400818350195884,-0.0525046787410974,0.1245600803222507
1776177181463389400,27.74638940429688,-0.0251987386643886,-0.0611456658363342,0.1179491377498954
1776177181473320400,27.756320556640624,-0.0446636098518967,-0.0763993490695953,0.0791255591630935
1776177181483251500,27.76625146484375,-0.0540951628029346,-0.052229368931055,0.0461991488561034
1776177181493183500,27.77618359375,-0.0261725521326065,-0.0125596218436956,0.0416910968471318
1776177181503114500,27.78611450195313,0.0484393289983272,-0.0266670576512813,0.0426473746586591
1776177181513045500,27.79604541015625,-0.0224351191699504,-0.0358130716592073,-0.0124350456159561
1776177181522976500,27.8059765625,-0.0894821180045604,-0.0393295553475618,-0.0641914632730186
1776177181532907500,27.815907470703124,-0.0197910344019532,-0.0702893417567014,-0.0358891325701028
1776177181542838500,27.82583862304688,-0.0781508689120411,-0.0392032986193895,-0.0301606719207018
1776177181552770600,27.8357705078125,-0.055368251478672,0.0257972890794277,-0.0224905026189982
1776177181562701600,27.84570166015625,-0.0415194666072726,0.0680927084952592,0.0027761867150664
1776177181572632600,27.855632568359376,-0.0446776383772492,0.0538514171749353,0.0498149282004684
1776177181582563300,27.86556323242188,-0.0536050411984324,0.0531540825605392,0.0681886796830222
1776177181592494600,27.87549462890625,-0.0768842099770903,0.0606879851967096,0.0168925364814698
1776177181602425600,27.885425537109377,-0.0452563150480389,0.0652700522899627,-0.0395596743090078
1776177181612357600,27.895357666015624,0.0363984703317284,0.0555289949983358,-0.0656408948963507
1776177181622288400,27.905288330078125,0.1308732820570468,0.0334568639218807,-0.0795984739044681
1776177181632219600,27.9152197265625,0.2176663071081042,-0.0500128619253635,-0.0424933531407266
1776177181642150400,27.925150390625,0.2582135676823556,-0.1386819099813699,0.0202450252471491
1776177181652081400,27.935081298828123,0.2317792958736419,-0.2072223622441291,0.0751561440754681
1776177181662012700,27.9450126953125,0.1606802451692521,-0.2894359505504369,0.086517751773633
1776177181671944400,27.9549443359375,0.0375941098570823,-0.3104477589190006,0.0948151861282065
1776177181681875000,27.964875,-0.0383778075806796,-0.3101478991895914,0.0872325124468654
1776177181691806000,27.974805908203123,-0.0859904764965176,-0.283139480754733,0.1401729522567242
1776177181701737000,27.98473706054688,-0.1214966741636395,-0.2100181304425001,0.1464844734910875
1776177181711668000,27.99466796875,-0.1330909581065177,-0.1286953534960746,0.1558235989183187
1776177181721599000,28.004598876953125,-0.1320296124853193,-0.0668786565303802,0.1617648986008018
1776177181731531000,28.01453100585937,-0.1456469266884028,0.0185708449572324,0.160082352341339
1776177181741462000,28.0244619140625,-0.1261249184861779,0.0706312870621681,0.1375811091326177
1776177181751393000,28.03439306640625,-0.056934770143032,0.0886836611032485,0.1239299657251685
1776177181761324000,28.044323974609377,-0.014525515089184,0.1135696805566549,0.1233933015652
1776177181771255000,28.054255126953127,-0.0645604427158832,0.1715285330504179,0.1190323298767209
1776177181781186000,28.06418603515625,-0.1329448276340961,0.1927291419893503,0.0772713095985353
1776177181791117000,28.07411694335937,-0.0981229589693248,0.1804571049153804,0.0726736796099692
1776177181801049000,28.084049072265625,-0.105071462932974,0.2052209592938423,0.0856081991806626
1776177181810980000,28.09397998046875,-0.1513084595814347,0.2301736142426729,0.0795321672026068
1776177181820910800,28.10391088867188,-0.0946867009103298,0.2591249834388494,0.0693382881095632
1776177181830842000,28.113842041015623,-0.1140777762092649,0.3260965789496898,0.0726490566253662
1776177181840773000,28.123773193359376,-0.0906746887899935,0.3389776878327131,0.0724362541249021
1776177181850704000,28.133703857421875,-0.0825859287500381,0.2762970675140619,0.0514841400543227
1776177181860636000,28.143635986328125,-0.0592646743953228,0.2201741982758045,0.0257781459875404
1776177181870567200,28.153567138671875,-0.0384710388220846,0.1569979033946991,-0.0217556490058079
1776177181880498000,28.163497802734376,-0.06143325060606,0.0777992789953947,-0.0156138217825442
1776177181890429000,28.173428955078126,-0.1055994323298335,0.0157622172772884,-0.0499651868587359
1776177181900360200,28.18336010742188,-0.1257109308578073,-0.0316103592723608,-0.0529281648501753
1776177181910292000,28.1932919921875,-0.1654784392312168,-0.0574433041870593,-0.0570132056741043
1776177181920223000,28.203222900390625,-0.1799742898344993,-0.0710322690784931,-0.042329540881142
1776177181930154000,28.21315405273437,-0.1940598060712218,-0.0800344907015562,-0.0424660267423838
1776177181940085000,28.2230849609375,-0.1877333795286715,-0.0525496869266033,-0.0670333721680566
1776177181950016000,28.23301611328125,-0.1819394524276256,-0.048307227051258,-0.0838792199635878
1776177181959947000,28.242947021484376,-0.184904147452116,-0.0604775573164224,-0.0974052026214078
1776177181969878800,28.25287866210937,-0.1350587510481476,-0.0560895514905452,-0.0923239538343623
1776177181979810000,28.26281005859375,-0.0859843390166759,-0.0453495462894439,-0.0993960476450622
1776177181989741000,28.27274096679687,-0.0590156680703163,-0.0371691624432802,-0.1291333795871585
1776177181999672000,28.282672119140624,-0.0722422293901443,-0.0380909534633159,-0.1400527599431574
1776177182009603000,28.29260302734375,-0.0858558903314173,-0.0260322668790817,-0.1244110272403806
1776177182019534000,28.3025341796875,-0.1125685406900942,-0.0381663567870855,-0.0987168332092463
1776177182029465900,28.3124658203125,-0.0779261202454566,-0.0456979213356971,-0.0440172017071396
1776177182039397000,28.32239721679688,-0.0292120659589767,-0.0424000488340854,-0.0334003479616716
1776177182049328000,28.332328125,-0.1110170734643936,-0.0259212077200412,-0.0671438468052074
1776177182059259000,28.3422587890625,-0.1262754328727722,-0.0275654677957296,-0.0968138125995174
1776177182069190100,28.35219018554688,-0.0282777077183127,-0.0430436074346303,-0.0497923145098611
1776177182079121200,28.36212109375,-0.0815919492766261,0.0227291336804628,-0.0168794578041881
1776177182089053000,28.372052978515622,-0.087366148763895,0.0543494298249483,-0.0224610573288053
1776177182098984000,28.38198388671875,-0.0327273806035518,0.0478179822295904,0.0051235535588115
1776177182108915200,28.39191528320313,-0.0077823244392871,0.0386199457734823,0.0386962624127045
1776177182118846000,28.401845947265624,-0.0402536844551563,0.0543920999228954,0.0639633901381865
1776177182128777000,28.41177685546875,-0.0599295680448412,0.0458177483230829,0.0287712268562987
1776177182138708200,28.421708251953124,-0.0325718977808952,0.0684463442385196,0.0045226650562137
1776177182148639000,28.431638916015626,-0.0325637144744396,0.0967857190161943,-0.0042194808585569
1776177182158571000,28.44157104492188,-0.00444791931957,0.0966828431636095,-0.0149275200188159
1776177182168502000,28.451501953125,0.0122024789690971,0.0186246209710836,0.0050985652480274
1776177182178433000,28.46143310546875,-0.0051243572764098,-0.0533253474742174,0.0463181721258908
1776177182188364000,28.47136401367188,-0.0302642053604125,-0.1041729066580533,0.072035235575959
1776177182198295000,28.481294921875,-0.0736170248746871,-0.1516273162722587,0.0594186959132552
1776177182208226000,28.49122607421875,-0.1149520748257637,-0.1846469578206539,0.0246801216177642
1776177182218158000,28.501157958984376,-0.1193508943066,-0.1737041235238313,0.0268568446023389
1776177182228089000,28.51108911132813,-0.0762204853713512,-0.1560632528930902,0.0424456780740991
1776177182238019800,28.521019775390624,-0.0625225071474909,-0.1181663606971502,0.0128674456838518
1776177182247951000,28.530951171875,-0.0640215135335922,-0.068419456231594,0.0309074351673945
1776177182257881900,28.5408818359375,-0.0466387093171477,-0.0170481654345989,0.0284140839817002
1776177182267814000,28.55081396484375,-0.0340188817188143,0.0106166710823774,0.0283234830887988
1776177182277745000,28.560744873046875,-0.0363410410560667,0.0168400756418704,0.02819291551169
1776177182287676200,28.57067626953125,-0.042191959041357,0.0361181920856237,0.0082268533363938
1776177182297607000,28.58060693359375,-0.0046668227672576,0.0400432565748691,-0.0041756782494485
1776177182307538000,28.59053784179688,-0.0268956057101488,0.0553618217378854,0.0030152927005663
1776177182317469000,28.600468994140623,-0.0526034629404544,0.0623579642355442,0.0133807655008509
1776177182327401000,28.61040087890625,-0.0341666196264326,0.0648082799971103,-0.0219980063943192
1776177182337332000,28.62033203125,-0.031701252426207,0.0511065023809671,-0.0363182447023689
1776177182347263000,28.630262939453125,-0.0629135522916913,-0.0020844050586223,-0.043380693901889
1776177182357194000,28.640194091796875,-0.0316812325514853,-0.0099614220440387,-0.0234134261501952
1776177182367125000,28.650125,-0.0673854370087385,0.0442722724467515,-0.0094565412618219
1776177182377056000,28.660055908203127,-0.050735623241961,0.0481780477136373,-0.0193704343697056
1776177182386988000,28.669988037109373,-0.0494365233421325,0.049745150899887,-0.0437991750422865
1776177182396919000,28.6799189453125,-0.0284581788517534,0.0470323848098516,-0.048830885599181
1776177182406850000,28.68985009765625,-0.0277200738355517,0.0336994405061006,-0.0295802782168611
1776177182416781000,28.69978100585937,-0.0177951844096183,0.0344575653970241,-0.0238830164233222
1776177182426712000,28.709712158203125,-0.0298762289561331,0.0095697923779487,-0.0317560878859832
1776177182436642800,28.719642822265627,-0.0507283167183399,-0.015447744500637,-0.0181089265339076
1776177182446574800,28.72957495117188,-0.0813223385550081,-0.0285655847489833,-0.0258718156203627
1776177182456506000,28.739506103515627,-0.0863176626242697,-0.0439274045318365,-0.0244732739340513
1776177182466437000,28.74943701171875,-0.1287725103855133,-0.047220016336441,-0.0256241610022261
1776177182476368000,28.759367919921875,-0.1425781867675483,-0.0250952782899141,-0.0053530149331316
1776177182486299100,28.769299072265625,-0.1495547477819025,-0.0083709379822015,0.0336523134287446
1776177182496230000,28.77922998046875,-0.1286100133001804,-0.0129185182839632,0.0224488554343581
1776177182506162000,28.789161865234377,-0.1324421388089657,-0.005372925209999,-0.0022076295794919
1776177182516093000,28.799093017578127,-0.1280301675856113,-0.0027238720059394,-0.0154599463950842
1776177182526024200,28.80902416992188,-0.0875276229359209,-0.0099526542156934,-0.0209167870288714
1776177182535955000,28.81895483398437,-0.0711211164057254,-0.0118377373099327,-0.0042072058988735
1776177182545886000,28.828885986328125,-0.0915618468880653,-0.0249918179154396,-0.0154017499344423
1776177182555817000,28.83881689453125,-0.0851192466199398,-0.042475452157855,0.0062263637015596
1776177182565749000,28.8487490234375,-0.0544517211556434,-0.0384428356409072,0.0510357021670788
1776177182575680000,28.858679931640623,-0.0548652703925967,-0.0308563260346651,0.0464643756635487
1776177182585611000,28.868611083984376,-0.1726411704674363,-0.036382395979762,-0.0005161328285932
1776177182595542000,28.8785419921875,-0.1139632099188864,-0.0731090753525495,-0.0021949162283912
1776177182605473000,28.88847314453125,-0.0299637611091136,-0.0924491511166095,0.0253740952312946
1776177182615403800,28.89840380859375,-0.0959267640992999,-0.007601707175374,0.0378679948950186
1776177182625335800,28.908335693359376,-0.0708472679004073,8.59247177839e-05,0.0300386529762297
1776177182635267000,28.91826708984375,-0.0225377027615904,0.005596797093749,0.0467374935165047
1776177182645198000,28.92819799804688,-0.0013300795599818,0.0374392115563154,0.1112205236146226
1776177182655128800,28.93812890625,-0.0542994532033801,0.0521796845704317,0.082209533185698
1776177182665060000,28.94806005859375,-0.084445585142076,0.0696481212437152,0.0484690300168469
1776177182674990800,28.95799096679687,-0.0699205084443092,0.0927343977987766,0.032668197762221
1776177182684923100,28.967923095703124,-0.0608063508793711,0.1158545766234397,0.0087734909011051
1776177182694854100,28.97785424804687,-0.0261783973515033,0.0706610976785421,-0.0250379586121067
1776177182704785400,28.987785400390624,0.0002153963163495,0.0355652343779802,-0.0130519354052841
1776177182714716200,28.99771606445313,0.0070239072874188,-0.0130354226619005,0.0029579730227589
1776177182724647200,29.00764721679688,-0.0470586882948875,-0.0275426714420318,0.0199867031045258
1776177182734578200,29.017578125,-0.0877776521742343,-0.0533791234880685,0.0538351966924965
1776177182744510200,29.02751025390625,-0.1243719373390078,-0.0634819998294115,0.0247672884445637
1776177182754441200,29.03744116210937,-0.1348996149636805,-0.0850561182558536,0.0374161229416728
1776177182764372200,29.047372314453124,-0.1034441539920866,-0.0674070643186569,0.0174682905428111
1776177182774303200,29.05730322265625,-0.0706055680990219,-0.0451227517962455,0.0366898544937372
1776177182784234200,29.067234130859376,-0.0780301651418209,-0.0131178402483463,0.0671118807643652
1776177182794165200,29.07716528320313,-0.0681727879941463,0.0020306290447711,0.0519337104527279
1776177182804097300,29.08709716796875,-0.07335530519858,0.0109644616067409,0.0460051241213455
1776177182814028300,29.0970283203125,-0.053519993263483,0.0250999544650316,0.0514407393040135
1776177182823959300,29.106959228515624,-0.051755613939464,0.0076326868355274,0.0579454450229182
1776177182833890300,29.11689038085937,-0.0667521075412631,0.0049725277155637,0.0330183994393795
1776177182843821300,29.1268212890625,-0.0998629345044493,0.0156359605491161,0.0429778852546587
1776177182853753300,29.13675341796875,-0.0873588422402739,-0.0128232412159442,0.0417940092323347
1776177182863684000,29.14668408203125,-0.0743489924110472,-0.012571896803379,0.0753839614819735
1776177182873615400,29.156615478515626,-0.0644296559430658,-0.0423147086381912,0.0953446168297901
1776177182883546400,29.16654638671875,-0.0692117756530642,-0.0683773706555366,0.1103915619771927
1776177182893477000,29.17647705078125,-0.0688330054685473,-0.0199415487885475,0.1086929778983816
1776177182903408400,29.186408447265624,-0.0606073211759328,0.0482370844244956,0.1104812495546415
1776177182913340400,29.19634033203125,-0.0369134341165423,0.0559054270952939,0.1173603780765086
1776177182923271200,29.206271240234376,0.0111237438216805,0.0835012900292873,0.1027497054545208
1776177182933202200,29.2162021484375,0.0224865570962429,0.0804974320381879,0.1119315214281901
1776177182943133400,29.22613354492188,0.0353346404924988,0.0721709177196025,0.1023186570934951
1776177182953064200,29.236064208984377,0.046481472928822,0.0484884288370609,0.0655393707506358
1776177182962995200,29.2459951171875,0.0706114133179187,0.0239449392110109,0.0472331680789589
1776177182972927200,29.25592724609375,0.0660169251345098,0.0197597624808549,0.0241544537758454
1776177182982858200,29.265858154296875,0.0805053230836987,0.008892331507802,0.0466245711939409
1776177182992789200,29.275789306640625,0.0660743544101715,-0.0147971716374158,0.0387445585338398
1776177183002720300,29.28572021484375,0.0389773809090256,-0.030513211685419,0.0115128892697393
1776177183012651300,29.2956513671875,0.006848258459568,-0.0155552965283393,-0.0213770980169996
1776177183022582300,29.305582275390623,-0.0274757436856627,-0.0214338331729173,-0.033972339163348
1776177183032514300,29.31551440429688,-0.0408016737267375,-0.0307084419965744,-0.0773413426274433
1776177183042445000,29.32544506835937,-0.0411079631969332,-0.0172726218402385,-0.0999402009917423
1776177183052376300,29.335376220703125,-0.0236883341014385,-0.0286982712179422,-0.0974886431211605
1776177183062307300,29.345307373046875,-0.020362112288177,0.0040489831298589,-0.09701642249953
1776177183072238000,29.355238037109373,-0.0141175188101828,0.002661328163743,-0.0974397990107536
1776177183082169300,29.36516943359375,-0.022633564351499,0.0358832142859697,-0.1118258690966293
1776177183092101400,29.375101318359373,-0.0484039654240012,0.0328232421934604,-0.1267951093653216
1776177183102032100,29.3850322265625,-0.0608086889669299,0.0389472780317068,-0.0638088936962187
1776177183111963400,29.39496337890625,0.0022191373541951,0.0389618910789489,-0.0243553831754252
1776177183121894400,29.40489428710937,-0.0566600448548793,0.0333937355577945,-0.0289065436737611
1776177183131825200,29.4148251953125,-0.1579389836370945,0.0298182151585817,-0.0673624945245683
1776177183141757200,29.424757080078123,-0.0805918323233723,-0.0246714999198913,-0.0672182637482881
1776177183151688400,29.4346884765625,-0.0835273012533783,-0.0158317753821611,-0.0297307560708373
1776177183161619200,29.444619140625,-0.1142788517393171,0.0506669419199228,0.0211357270091772
1776177183171550200,29.45455029296875,-0.03545359069705,0.0544528901994228,0.0214862574798986
1776177183181481500,29.4644814453125,-0.0414762119874358,0.0692126524358987,0.0412837581552565
1776177183191412200,29.474412109375,-0.0362298357665538,0.0869452930033206,0.0666449208397418
1776177183201344300,29.48434423828125,-0.0696131960608065,0.0525888498932123,0.0703264954293146
1776177183211275300,29.494275146484377,-0.0871662422776222,0.0533189177334308,0.0513688796442002
1776177183221206300,29.504206298828127,-0.0682024524800479,0.1103717612981796,0.0090589933115988
1776177183231137300,29.51413720703125,-0.0206469205789268,0.1212660802781581,-0.019781608986482
1776177183241068300,29.524068359375,-0.0136500474289059,0.0692114833921194,0.0001759045561775
1776177183250999300,29.533999267578125,0.0055728316962718,0.0558119035929441,-0.0141206971479579
1776177183260931300,29.54393139648437,-0.0014636428117752,0.0092868837833404,0.0192865920111536
1776177183270862300,29.5538623046875,-0.0316612126767635,-0.0311807356834411,0.0430192767109721
1776177183280793000,29.56379296875,-0.0722527507841587,-0.0841483557611703,0.0099231358602643
1776177183290724400,29.573724365234376,-0.070370298038423,-0.0934510216355323,0.0312255612058565
1776177183300655400,29.5836552734375,-0.0472866518318653,-0.0803185683399438,0.0472792357103899
1776177183310586000,29.593586181640624,-0.0348304903626441,-0.0784504363805055,0.048027168000862
1776177183320518100,29.60351806640625,-0.0163452778622508,-0.0530617281019687,0.0202779411360621
1776177183330449400,29.613449462890625,-0.0042239013053476,-0.0196007725268602,0.0287147839613258
1776177183340380200,29.623380126953126,-0.0005845218896865,-0.0077197805970907,0.0352200742021203
1776177183350311200,29.63331127929688,0.0259764450386166,0.0248223065674304,0.030821656580083
1776177183360242400,29.643242431640623,0.0383516502261161,0.0541536149919033,0.0293569908550009
1776177183370173200,29.653173095703124,0.0517674505077302,0.0607259791195392,0.0064096113139763
1776177183380105200,29.66310522460937,0.0357262701585888,0.0536450809478759,0.0183102577922865
1776177183390036200,29.6730361328125,-0.0276911400020122,0.03948211556077,0.0143128587191924
1776177183399967200,29.68296728515625,-0.0205798466920852,0.0128325935661792,-0.0332366452999412
1776177183409898200,29.692898193359376,-0.0096074940398335,0.0099631756097078,-0.0552231073869392
1776177183419829200,29.70282934570313,-0.0367785556904971,-0.0272083249211311,-0.0350011707544326
1776177183429761300,29.71276123046875,-0.0257914438605308,-0.0457137034267187,-0.00906841872707
1776177183439692300,29.7226923828125,-0.036891514545679,-0.005813070192933,0.0071448667859658
1776177183449623300,29.732623291015624,-0.04752952067703,0.0523790065348148,0.0399094010621309
1776177183459554300,29.74255419921875,-0.0387567238956689,0.0304185191392898,0.0447316701194271
1776177183469485300,29.7524853515625,-0.0158913966149091,0.0144751000761985,0.0162317344851791
1776177183479416000,29.762416015625,-0.0199976628899574,0.0228939688533544,0.0173155476665124
1776177183489348000,29.77234814453125,-0.0070598553836345,0.0224760357022285,0.0162364837255328
1776177183499279400,29.782279296875,-0.0133295833028852,0.01775485239923,5.37029486149e-05
1776177183509210400,29.79221044921875,-0.0295867444902658,0.0272270296216011,0.002964585426636
1776177183519141000,29.80214111328125,-0.0479635281801223,0.038454526078701,0.0001812017858028
1776177183529072400,29.812072265625,-0.0337736747860908,0.0031838907331228,-0.0096941494099795
1776177183539003100,29.82200317382813,-0.026800036381185,0.0121229839920997,-0.0166485351251438
1776177183548935200,29.83193505859375,-0.028877719438076,0.038387306061387,0.0004085442682728
1776177183558866200,29.8418662109375,-0.0480029834076762,0.0373474416196346,0.0113056762598454
1776177183568797400,29.85179736328125,-0.0589995937183499,0.0458744469463825,0.0216678976571187
1776177183578728200,29.86172827148437,-0.0623277152277529,0.0432961208909749,0.0427364777142181
1776177183588659200,29.8716591796875,-0.0624142244674265,0.0370756389409303,0.0440059496607631
1776177183598590200,29.881590087890626,-0.0566153289303183,0.0040460605204105,0.0196945517575368
1776177183608522200,29.89152221679688,-0.0407015743531286,0.0154752170294523,0.0158188063027337
1776177183618453200,29.901453369140626,-0.0175955701842904,0.0120861591130495,0.0174365802302956
1776177183628384300,29.91138427734375,-0.0069281918279826,0.0166910225600004,0.0442254741629585
1776177183638315300,29.92131518554688,-0.0331273397065699,-0.000225625449419,0.0285677036408334
1776177183648246300,29.931246337890624,-0.0432850149750709,0.0082458502978086,0.0352532092867419
1776177183658178300,29.94117822265625,-0.0117243400633335,-5.90367108583e-05,0.0302520034659653
1776177183668109000,29.951109130859376,0.0075511460319161,-0.0094762688755989,0.0071132295386865
1776177183678040300,29.96104028320313,-0.1112777702271938,-0.0151613287746906,-0.0319641411460936
1776177183687971600,29.9709716796875,-0.0650492491461336,-0.028564415705204,-0.0402080552151426
1776177183697902300,29.98090234375,0.006917232042551,-0.0356149187386035,0.0134908382792025
1776177183707833600,29.99083349609375,-0.0596060351788997,0.0355827700346708,0.0525103412969037
1776177183717765600,30.000765625,-0.0203144737541675,0.0416980380445718,0.0354326575068756
1776177183727696600,30.010696533203124,0.0178980602622032,0.02568096922338,0.0286437280191108
1776177183737627400,30.02062744140625,0.0182943661034107,0.0608604191541671,0.0613024638332426
1776177183747558700,30.03055859375,-0.0292874692827463,0.0269867911249399,0.0407394221454858
1776177183757489400,30.040489501953125,-0.0517193735823035,0.0231336228281259,0.0271765050107613
1776177183767420400,30.05042041015625,-0.0432496514007449,0.0631809710562229,0.0329512890199199
1776177183777352400,30.0603525390625,-0.0151271342441439,0.0552764815419912,0.0065941375680267
1776177183787283500,30.070283447265624,0.0286745980814099,0.0291343245476484,-0.0200498314686119
1776177183797214500,30.08021435546875,0.039946518202126,0.0285275908261537,-0.0202742148090153
1776177183807145500,30.0901455078125,0.0255228560522198,0.0065057286322116,-0.0427962816100567
1776177183817076500,30.100076416015625,-0.0130922674156725,-0.0155342537403106,-0.0197806226057931
1776177183827007500,30.11000756835937,-0.0509384523376822,-0.0282072728306055,0.0094425858017057
1776177183836939500,30.119939453125,-0.0638145927846431,-0.0231727857947349,-0.0028955753110349
1776177183846870500,30.12987060546875,-0.0473696539402008,-0.0523147091269493,-0.0109742523483932
1776177183856801500,30.13980151367188,-0.0395991660691797,-0.0350654681622982,-0.0099680344479158
1776177183866732500,30.149732666015623,-0.0397848978996276,-0.0188707046866416,0.0241324976723641
1776177183876663600,30.15966357421875,-0.0383402520492672,-0.005900748476386,0.0184984738407656
1776177183886595600,30.169595703125,-0.0389738737776875,0.0151993226975202,0.0259462690960615
1776177183896526600,30.179526611328125,-0.0286135155439376,0.0229939220964908,0.0169939144967123
1776177183906457300,30.189457275390627,-0.0226949391499161,0.0238917477190494,0.0075599503928795
1776177183916388600,30.199388671875,0.0045893736168742,0.0224327810823917,-0.0263486393518745
1776177183926319600,30.209319580078127,-0.0046750060737133,0.051261400681734,-0.0195935756010934
1776177183936250400,30.21925048828125,-0.0517326714552938,0.0419423681944608,-0.0227680043861269
1776177183946182400,30.229182373046875,-0.0216356393553316,0.0185059630274772,0.0136425582421943
1776177183956113700,30.23911376953125,0.0027732641056179,-0.0017518121033906,-0.0029660467313602
1776177183966044400,30.24904443359375,-0.0280086815185844,-0.0350923561692237,-0.0123248267071321
1776177183975975400,30.25897534179688,-0.0221788063213229,-0.052777650463581,-0.044187516772747
1776177183985906700,30.26890673828125,-0.0373342898771166,-0.0379927537858486,-0.0391225250007584
1776177183995837400,30.27883740234375,-0.0493137737452983,0.0315367095142602,0.0008987389380112
1776177184005769500,30.28876953125,-0.0263327111303806,0.0541769958674907,0.0245927721278741
1776177184015700500,30.298700439453125,-0.0147853350691497,0.0341378319233655,0.0117113344512879
1776177184025631500,30.308631591796875,-0.012488017912209,0.0378302567005157,0.0392388448568061
1776177184035562500,30.3185625,0.0037222353935241,0.0444675027579069,0.0085294530121609
1776177184045493500,30.328493408203126,-0.0052113049075007,0.0145545950531959,0.0069403206571936
1776177184055425500,30.338425537109377,-0.0186170221865177,0.0005868599772453,-0.015983897203952
1776177184065356500,30.3483564453125,-0.04140767679587,-0.0066600424110889,-0.0424437418453395
1776177184075287600,30.35828759765625,-0.0217933141350746,-0.0074380410462617,-0.0142606901405379
1776177184085218300,30.36821826171875,-0.018065379653126,0.0077951839208602,-0.0300584536552429
1776177184095149600,30.378149658203125,-0.0221209386542439,0.0058189154118299,-0.0221897295741364
1776177184105080600,30.38808056640625,-0.0336661227583885,-0.0010562310546636,0.0033391178274527
1776177184115012600,30.3980126953125,-0.0251110603809356,0.0016477672070264,0.0276852582504972
1776177184124943600,30.407943603515623,-0.033754677824676,-0.0071656538456678,0.0133716688789427
1776177184134874600,30.41787451171875,-0.0271589328214526,0.0016734861701726,0.0122065706223249
1776177184144805400,30.42780541992187,-0.036690146754682,-0.0123240595221519,0.0160321567924693
1776177184154736600,30.437736572265624,-0.0416340328976511,0.0159831665515899,-0.005189567999728
1776177184164667600,30.44766772460937,-0.0233658241488039,-0.0040384617358446,-0.0076887644043192
1776177184174599700,30.457599609375,-0.0217548818208277,-0.0056236851006746,-0.035657698434405
1776177184184530400,30.46753051757813,-0.0218891757249832,0.0160755210101604,-0.001929397160001
1776177184194461700,30.47746166992188,-0.063943479861319,0.0329530060529708,0.0108878527065739
1776177184204392400,30.48739233398437,-0.070635086454451,0.04843406830132,0.0039676980545744
1776177184214323500,30.497323486328124,-0.0707949531912803,0.0613034867465496,0.0011810995433479
1776177184224255500,30.50725537109375,-0.0321942966401576,0.0280956291496753,0.0184131336448714
1776177184234186800,30.517186767578124,-0.1168038401722908,0.0305471139550209,-0.021013342738524
1776177184244117500,30.527117431640622,-0.2319745261847972,0.0280143806070089,-0.0895448079772293
1776177184254048500,30.537048583984376,-0.2817030182108282,0.0472211853802204,-0.0992399072352796
1776177184263979500,30.5469794921875,-0.4250266165181994,0.0834936912447214,-0.05412128362488
1776177184273910500,30.55691064453125,-0.514087001979351,0.1009931075781583,-0.0461335362739861
1776177184283842600,30.56684252929688,-0.5300890193618834,0.1353372757285833,-0.0443062112489715
1776177184293773600,30.576773681640624,-0.4699287113010883,0.1388824009895324,-0.136697458165884
1776177184303704600,30.58670458984375,-0.2363844515815377,0.0010047931283712,-0.1902679395075887
1776177184313635600,30.59663549804688,0.1388578510701656,-0.2808925786107778,-0.1817058628674596
1776177184323566300,30.60656640625,0.4423812175534665,-0.5943219836890697,-0.1589285061310976
1776177184333498400,30.616498291015624,0.595015226650238,-0.8093798618644475,-0.1598878161499276
1776177184343429600,30.6264296875,0.6298226283982395,-0.8988292466431855,-0.1293550595138222
1776177184353360600,30.636360595703124,0.7468576469779015,-0.9401900155574084,-0.140786663708277
1776177184363291400,30.64629150390625,0.6466457529053091,-0.8380003916710614,-0.1029868752112612
1776177184373222700,30.65622265625,0.4027446420833468,-0.6057616615921259,-3.35369434207e-05
1776177184383153400,30.6661533203125,0.0771954678833484,-0.3411222986459732,0.0456134579226374
1776177184393085400,30.67608544921875,-0.1005219829350709,-0.1349263568401336,0.1154891043119132
1776177184403016400,30.68601635742188,-0.1798833966806531,0.0616939473688602,0.1510571151688695
1776177184412947700,30.69594775390625,-0.1809063099876046,0.2278676753878593,0.1396618974620476
1776177184422878500,30.70587841796875,-0.1054071246281266,0.3725660691797733,0.1441028755841776
1776177184432809500,30.7158095703125,-0.0259232535466551,0.5087117386817932,0.1434305658131837
1776177184442740500,30.725740478515625,-0.0084933953180909,0.6270557940334082,0.1324535735184326
1776177184452672500,30.73567260742188,-0.0119990653514862,0.7139835513800382,0.169057868620567
1776177184462603500,30.745603515625,-0.0078971829906106,0.7888754184961319,0.16801365679726
1776177184472534800,30.75553466796875,-0.0508358687460422,0.7633645451426505,0.1439966752633452
1776177184482465500,30.76546557617188,-0.1930009446680545,0.7298398766815662,0.0899268660973757
1776177184492396500,30.775396484375,-0.3418295701324939,0.7036714162021875,0.0799270482717081
1776177184502328600,30.78532861328125,-0.3898442439779639,0.6235264508634806,0.0581987987294793
1776177184512259600,30.79525952148437,-0.302692322486639,0.4857750997304916,0.0520797678599134
1776177184522190600,30.805190673828125,-0.2272588958397507,0.3088777331233024,0.0403814390206709
1776177184532121600,30.81512158203125,-0.1375932379618287,0.1242705227911472,0.085863087257184
1776177184542052600,30.825052490234373,-0.0764382197752595,-0.0415256040871143,0.0604778495773673
1776177184551983600,30.834983642578123,-0.0919417861163616,-0.1165039804428815,0.0821498023550957
1776177184561915600,30.84491552734375,-0.1169908871769905,-0.1312549748510122,0.059701787170954
1776177184571846400,30.854846435546875,-0.115363578236103,-0.1313899994075298,0.0231133472250774
1776177184581777700,30.864777587890625,-0.1090279454737901,-0.1423953775465488,-0.0010977321088314
1776177184591708400,30.87470849609375,-0.0937044118747115,-0.1540770475119352,-0.0059123293163254
1776177184601639400,30.88463940429688,-0.1058820486634969,-0.1561211205601692,-0.0208565447416156
1776177184611570700,30.89457080078125,-0.0862009043768048,-0.161790982890129,-0.0288149564001709
1776177184621502700,30.90450268554688,-0.1018602458015084,-0.1351969904750585,0.0076289605084806
1776177184631433500,30.91443359375,-0.1168672607973217,-0.1508551628559827,0.0198342159565538
1776177184641364500,30.924364501953125,-0.1114016888678073,-0.1707522879809141,0.0415701008159667
1776177184651295500,30.93429541015625,-0.1237669571831822,-0.1730856993645429,0.0427153253283351
1776177184661226500,30.9442265625,-0.1054433649852871,-0.1994131497979164,0.0226826276576146
1776177184671158500,30.954158447265623,-0.0872051129832863,-0.2012269212216138,0.0441231097670272
1776177184681089500,30.964089599609373,-0.0677495941460132,-0.1762923864513635,0.0561537758331745
1776177184691020800,30.974020751953127,-0.0228735105872154,-0.1582914503365755,0.0364557534769177
1776177184700951800,30.98395190429688,-0.0282502351894974,-0.1150122805804014,0.0182686106076464
1776177184710882600,30.99388256835937,-0.0142085580945014,-0.0544458759367465,0.0546463304122909
1776177184720813800,31.003813720703125,0.0042927287578582,0.009147767573595,0.0753474653964862
1776177184730745900,31.01374584960937,0.0098091540917754,0.0338449864566326,0.0575646655444055
1776177184740676600,31.02367651367188,0.0319385683134198,0.0383154098689556,0.0449477240229025
1776177184750607600,31.033607666015627,0.0555573443099856,0.0297007262587547,0.0535900993576273
1776177184760539000,31.043538818359377,0.0479050759911537,0.04168284047544,0.0348647214258089
1776177184770469600,31.0534697265625,0.0335249607220292,0.0400298125714063,0.0361361296011134
1776177184780401700,31.063401611328125,-0.0101502226144075,0.0635568186312913,0.0127734837900847
1776177184790332700,31.073332763671875,-0.0061821957662701,0.0699555797576904,0.0249316486934199
1776177184800263700,31.083263671875,0.0434635864123702,0.0685077190369367,0.0207456682456657
1776177184810194700,31.093194580078126,-0.0779319654643535,0.0456166727930307,0.0189764300834387
1776177184820125700,31.10312573242188,-0.11290741725564,0.035345454147458,0.0043852658795192
1776177184830056700,31.113056640625,-0.1153778990224003,0.0500374118447303,0.0934766310008242
1776177184839988700,31.12298876953125,-0.1660328582435846,0.1059592055529356,0.1334903326876461
1776177184849919700,31.13291967773437,-0.1696516332626342,0.1063005663365125,0.1573366703623905
1776177184859850800,31.142850830078125,-0.0835936444878578,0.0647293695420026,0.1230399580828845
1776177184869781800,31.15278173828125,-0.0789534174665808,0.0425847577512264,0.0691848145809024
1776177184879712800,31.162712646484376,-0.0738283295378088,0.0123497784852981,0.1013084571376442
1776177184889644800,31.172644775390623,-0.0944026232719421,-0.0219213244289159,0.0279570243965834
1776177184899575800,31.182575927734376,-0.0662938423797488,-0.0524777907341718,-0.0302463043775409
1776177184909506800,31.1925068359375,-0.026878362314403,-0.1032376716345548,-0.0813083465622738
1776177184919437600,31.2024375,0.0110328506678342,0.0129950906515121,-0.1060991985455155
1776177184929368800,31.21236889648437,0.0370516735434532,0.0120376437962055,-0.1116451422348618
1776177184939299800,31.2222998046875,-0.008565876032412,0.0443465067267417,-0.0886059562245383
1776177184949231900,31.23223193359375,-0.0532186722293496,0.0409755689889192,-0.0283441240180283
1776177184959162600,31.24216259765625,-0.0562969106309115,0.0119663321256637,-0.0350007323630154
1776177184969094000,31.252093994140623,-0.0757142894148826,-0.0110211602300405,-0.0262630068950355
1776177184979024600,31.262024658203124,-0.0744051065124571,-0.0121072019010782,0.032860541996546
1776177184988955600,31.27195556640625,-0.032448125270754,0.0205342539846897,0.0753272263260558
1776177184998887000,31.281886962890624,-0.0145898124970495,-0.006133972710371,0.1145562439085915
1776177185008819000,31.29181884765625,-0.0304559285402297,-0.0101893855810165,0.0955211424404755
1776177185018749700,31.301749755859376,0.0177776487529277,-0.0295803147494792,0.080671436898224
1776177185028680700,31.3116806640625,0.0388707056641578,-0.0605979688256978,0.1018137397786602
1776177185038611700,31.32161181640625,0.0930523777067661,-0.0942518166244029,0.1556516764175146
1776177185048542700,31.33154272460937,0.1254535950958728,-0.1054682071655988,0.1846828328516334
1776177185058474800,31.341474853515624,0.1314319388531148,-0.1481780526012182,0.1724098093969747
1776177185068405800,31.35140576171875,0.0607727408707141,-0.1456967571794986,0.2025422416038811
1776177185078336800,31.36133666992188,0.067949500632286,-0.1344786130726337,0.2237342288449406
1776177185088267800,31.371267822265622,0.060704059548676,-0.1221744272947311,0.2473967343853786
1776177185098198500,31.381198486328124,-0.0054924599364399,-0.0755044460564851,0.2932052399560809
1776177185108129800,31.3911298828125,-0.0415679819241166,-0.0054687867999076,0.2734506285743788
1776177185118061800,31.401061767578124,-0.066385758446902,0.0835030435949563,0.2747467327995225
1776177185127992600,31.41099267578125,-0.1246869946375489,0.1526443843603134,0.1958268157437443
1776177185137923800,31.420923828125,-0.1458862884022295,0.1753594895154237,0.1626234151262789
1776177185147854800,31.43085473632813,-0.1224494448438286,0.1542559112101793,0.0934319881414994
1776177185157785600,31.44078564453125,-0.1425230955794453,0.1255120472848415,0.0177991299323737
1776177185167717600,31.45071752929688,-0.0830342570394277,0.0979091700881719,-0.061638088995777
1776177185177649000,31.46064892578125,-0.0010243746116757,0.0278279181241989,-0.1316178898792714
1776177185187579600,31.47057958984375,0.0142182027056813,-0.1025350763231515,-0.2035810465997085
1776177185197510700,31.4805107421875,-0.0460740611717104,-0.1638847402989864,-0.3173540677087381
1776177185207442000,31.49044189453125,-0.1288651571050286,-0.1777034222930669,-0.4514035686491057
1776177185217372700,31.50037255859375,-0.1903086368441581,-0.2015776343554258,-0.6008069617941976
1776177185227304700,31.5103046875,-0.2211316451311111,-0.1606289533734321,-0.6927894452471286
1776177185237235700,31.520235595703124,-0.2621250420376658,-0.0744686732679605,-0.7342009945005178
1776177185247166700,31.53016674804688,-0.26262071660012,-0.0436281293243169,-0.7834667643856257
1776177185257097700,31.54009765625,-0.153652100098133,-0.0119967272639274,-0.7536384662244469
1776177185267028700,31.55002880859375,-0.0834676800206303,-0.0110264209270477,-0.7245168550278991
1776177185276960800,31.55996069335937,-0.04456424113065,-0.0131570032149553,-0.6506346033457666
1776177185286891800,31.569891845703125,-0.0112815647318959,-0.0441015920549631,-0.6236353911306709
1776177185296822800,31.57982275390625,-0.0048418870732188,-0.0450982018768787,-0.5412374592334032
1776177185306753500,31.58975341796875,-0.0192447986960411,-0.0768693046689033,-0.4795410276465117
1776177185316684800,31.599684814453123,-0.0041194180175662,-0.1039314991176128,-0.3920319632805883
1776177185326615800,31.60961572265625,-0.0210915956065058,-0.1481698692947626,-0.3523891042001545
1776177185336547800,31.6195478515625,-0.0727156921207904,-0.2125742446660995,-0.3162697430707514
1776177185346478600,31.629478515625,-0.1380067871987819,-0.2241705744355916,-0.2514990186050534
1776177185356409900,31.63940991210937,-0.1293199151352047,-0.1259147828668355,-0.173977095246315
1776177185366340600,31.64934057617188,-0.1341641402959823,-0.0877507641673088,-0.0906650441788136
1776177185376271600,31.659271728515623,-0.0825546568289399,0.0045873277902603,0.0551846020074561
1776177185386203600,31.66920361328125,-0.0713879506483674,0.0803764360070228,0.0709540162105113
1776177185396135000,31.679135009765623,-0.1462847862005233,0.1451578279972076,0.0729831839505583
1776177185406065700,31.689065673828125,-0.0581099514022469,0.1764011075228452,0.0737401032650843
1776177185415996700,31.69899658203125,-0.0379272873342037,0.2210083110123872,0.147620710979402
1776177185425927700,31.708927734375,-0.0856678204134106,0.314704831841588,0.1790231265895068
1776177185435858700,31.718858642578127,0.0128510060057044,0.3634422670036554,0.1921910895898938
1776177185445790700,31.728790771484373,0.0531540825605392,0.4043862718105316,0.2632904325552284
1776177185455721700,31.7387216796875,0.0359568640440702,0.420735933586955,0.2996068506266922
1776177185465652700,31.74865283203125,0.0624970804452896,0.3790764739871025,0.2898214062040671
1776177185475583700,31.75858374023437,0.1034542369946837,0.263398422974348,0.1701470155641436
1776177185485514800,31.7685146484375,0.1337777713268995,0.1890320410370826,0.0612240648347884
1776177185495446800,31.77844677734375,0.0687488343164324,0.1497685366630554,0.0342960546923801
1776177185505377800,31.78837768554688,0.0219625332221388,0.1519318521767854,0.1204265972467139
1776177185515308800,31.798308837890627,-0.0157581256240606,0.1959796682178974,0.3329404900277033
1776177185525239800,31.80823974609375,-0.0040846389651298,0.1075929442346095,0.3751300744488835
1776177185535170800,31.8181708984375,-0.0564674448922276,-0.0037941315859556,0.2948454083785414
1776177185545101600,31.8281015625,-0.066343819001317,-0.1606453199863433,0.0351730567226186
1776177185555033600,31.83803369140625,-0.1404734695732593,-0.1679962672710418,-0.1869810267914086
1776177185564964900,31.84796484375,-0.1398036074876785,-0.2139940483361482,-0.2373509950587526
1776177185574895900,31.857895751953127,-0.0201601599752902,-0.1904401542693376,-0.0230162435261532
1776177185584826600,31.86782666015625,-0.0075239657640457,-0.1871264996767044,0.2382461538001895
1776177185594758000,31.8777578125,0.1048857311025261,-0.128892337372899,0.4184977992713451
1776177185604690000,31.88768994140625,0.0975429671242833,-0.0574392125338315,0.5600249426160008
1776177185614620700,31.89762060546875,0.0999453520908951,0.0417974067658185,0.4782287394715472
1776177185624551700,31.9075517578125,0.1974710758194327,0.0401730204343795,0.4290051647603511
1776177185634483000,31.91748291015625,0.1720046261295676,-0.0119914665669202,0.3093594522256404
1776177185644413700,31.92741357421875,0.1130982636526227,-0.042337504991889,0.0705144922820851
1776177185654344700,31.9373447265625,0.1292638010337948,-0.1527443376034498,0.0426661158917471
1776177185664276700,31.94727685546875,0.1344286364510655,-0.1098760867357254,0.0613134601512923
1776177185674207700,31.957207763671875,0.0193953130826354,0.0717652595281601,0.182980705108866
1776177185684138500,31.967138427734376,0.1066997947871685,0.1563964303702116,0.2831740771440789
1776177185694069500,31.97706958007813,-0.0068643328115344,0.1794961509287357,0.2664597467737272
1776177185704000500,31.98700048828125,-0.1605821916222572,0.2293020921051502,0.3152313034011051
1776177185713932500,31.9969326171875,-0.0257017197504639,0.160272979542613,0.2871577399527654
1776177185723863600,32.00686352539063,0.0410284682199358,-0.0016284779846668,0.1977634463621303
1776177185733794600,32.016794677734374,0.1098848545640707,-0.018194997382164,0.0891506940931081
1776177185743725600,32.0267255859375,0.0741083155229687,0.0028355156868696,0.0858976836465299
1776177185753656600,32.03665649414062,0.0405854006275534,0.0587917961865663,0.0628992315053939
1776177185763588400,32.04658837890625,0.0231754161432385,0.0303583133846521,-0.0043721872022375
1776177185773519600,32.05651953125,0.0325301044657826,0.0207546187371015,-0.0766215039202943
1776177185783450600,32.06645068359375,0.0453437010705471,0.0212210672050714,-0.0421104913029819
1776177185793381400,32.07638134765625,0.0230535433292388,0.0274766204684972,0.0482472039597108
1776177185803312600,32.08631274414063,0.0052352703049778,-0.0154120886653661,0.058984396149218
1776177185813243600,32.09624365234375,0.0299357040584087,-0.0487327589869499,0.0628435557954013
1776177185823175400,32.10617553710937,0.0406686949968338,-0.0681669427752494,0.0492795061495155
1776177185833106400,32.1161064453125,0.0413686599597334,-0.054939212411642,0.0418350353624671
1776177185843037700,32.12603759765625,0.0036149756267666,-0.0203156427979469,0.0390363080220296
1776177185852968400,32.135968505859374,-0.0385620781064033,0.0148556238263845,0.0628681057147681
1776177185862899500,32.1458994140625,-0.075818042050302,0.0626689298808574,0.0485682160750031
1776177185872831500,32.15583154296875,-0.1141243918299674,0.0770534290641546,0.0247413502857089
1776177185882762500,32.16576245117187,-0.1329509651139378,0.0716799193322658,-0.0011537731450051
1776177185892693500,32.175693603515626,-0.2361225857749581,0.0575982024878263,-0.0274055279936641
1776177185902624500,32.18562451171875,-0.1529810689687728,0.0136444944709539,-0.0040530017178505
1776177185912555500,32.195555419921874,-0.0806561297312378,0.0295838218808174,0.0186044549658894
1776177185922486500,32.20548657226563,-0.0180313312530517,0.072897478428483,0.0545254439789801
1776177185932418600,32.21541845703125,-0.0026727263405919,0.1132949552685022,0.0515332398930564
1776177185942349300,32.22534936523437,-0.0396150942906737,0.1183218435198068,0.0198513132218271
1776177185952280600,32.235280517578126,0.0090679803356528,0.0941127004146576,0.047914903265424
1776177185962211600,32.24521166992187,-0.0648366293087601,0.0965992565333843,0.0525598429944366
1776177185972142300,32.255142333984374,-0.1811038783863186,0.0275245512634515,-0.026065986485593
1776177185982074600,32.26507470703125,-0.090717505018413,-0.0781049839437007,-0.1023259270844981
1776177185992005600,32.27500561523438,-0.0927645006760954,-0.1160913079887628,-0.0957742404187098
1776177186001936400,32.28493627929687,-0.1041506948262453,-0.0946101285427808,-0.082981321275793
1776177186011867600,32.29486767578125,-0.0417442152738571,-0.0498982956349849,-0.0294602320337668
1776177186021798700,32.30479858398437,-0.0791129919424653,0.0063426470249891,0.032815460745804
1776177186031729400,32.3147294921875,-0.1039186396360397,0.0239548760831356,0.082294434990175
1776177186041661400,32.324661376953124,-0.1401078511312604,0.0152934307217597,0.1050827515119686
1776177186051592700,32.3345927734375,-0.1157005551055073,0.0205044433683156,0.0671698945619165
1776177186061523500,32.3445234375,-0.0476610381022095,0.0349924029260873,0.0511685712991282
1776177186071454500,32.354454345703125,-0.0183896431714296,2.92260944843e-05,0.034125849224627
1776177186081385700,32.3643857421875,-0.0153287942960858,-0.0130208096146583,0.035871523848176
1776177186091317800,32.37431787109375,-0.0148190912082791,-0.0331686946302652,0.0217678509002551
1776177186101248500,32.38424853515625,-0.0412160997465252,-0.0485749380767345,-0.0210416920501738
1776177186111179500,32.39417944335938,-0.0760708477675914,-0.0574865588068962,-0.0225387622075155
1776177186121110500,32.40411059570312,-0.0982630980923771,-0.0545943444967269,-0.0313524024559184
1776177186131041500,32.41404150390625,-0.1237903380587697,-0.0516658898293971,-0.0613190496418625
1776177186140972500,32.42397265625,-0.141397306419909,-0.0582476063072681,-0.0704170597895979
1776177186150904600,32.43390454101562,-0.1614697881117463,-0.0234966109216213,-0.0828040284801274
1776177186160835600,32.443835693359375,-0.1197372632756829,-0.0355564665496349,-0.0446918860983103
1776177186170766600,32.4537666015625,-0.1150140341460704,-0.0646621495246887,-0.0426894602347165
1776177186180697300,32.463697265625,-0.069665364639461,-0.0611164397418498,-0.0638349049203097
1776177186190628600,32.47362866210938,-0.0514098692417144,-0.0535281765699386,-0.0968015376398339
1776177186200560600,32.483560546875,-0.0426370724603533,-0.0322445655226707,-0.1017401630857959
1776177186210491600,32.49349169921875,-0.0508893524989485,-0.0376519775241613,-0.1305305330339819
1776177186220422400,32.50342236328125,-0.1068532317832112,-0.028595979887247,-0.143472578324005
1776177186230353700,32.51335375976562,-0.0959279331430792,-0.0150572838783264,-0.1187691854285076
1776177186240284400,32.52328442382812,-0.0817474320992827,0.0155675714880228,-0.1322967755215242
1776177186250216400,32.53321655273437,-0.1125038048908114,0.0085012863636016,-0.1314529816411435
1776177186260147500,32.5431474609375,-0.1254497957035899,-0.0061228667944669,-0.1201271028434857
1776177186270078500,32.55307836914063,-0.0971665350273251,-0.0385930577665567,-0.1221260215757414
1776177186280009500,32.563009521484375,-0.0858230109751224,-0.0478337643206119,-0.1381437845166772
1776177186289940500,32.5729404296875,-0.0742108991146087,-0.0535375289201736,-0.1257777124837041
1776177186299871500,32.58287158203125,-0.0722208943411707,-0.0612479571670293,-0.1217850626509636
1776177186309803500,32.59280346679687,-0.0851306447967886,-0.0533382069557905,-0.1204725552802905
1776177186319734500,32.60273461914063,-0.0913753844052553,-0.0469908837556838,-0.0904645166380331
1776177186329665500,32.61266552734375,-0.1002992800951003,-0.049116789868474,-0.0904459580680355
1776177186339596500,32.622596435546875,-0.1090276532128453,-0.04882569796741,-0.0946315001243725
1776177186349527600,32.63252758789063,-0.1017094391539692,-0.0543342322558164,-0.0878022020936012
1776177186359459600,32.64245947265625,-0.0989773838415741,-0.0427916785001754,-0.0773352051476016
1776177186369390600,32.652390625,-0.1222132980003952,-0.038788288077712,-0.0785497685691341
1776177186379321600,32.66232153320313,-0.1373956695631146,-0.0488420645803213,-0.0739991925926879
1776177186389252400,32.67225244140625,-0.1202232932269573,-0.0497188474148511,-0.0734403896661475
1776177186399183600,32.68218359375,-0.1125330309852957,-0.0137520464986562,-0.050008185750246
1776177186409114600,32.69211450195313,-0.1375099435925483,-0.0081283613979816,-0.0291291734484955
1776177186419046700,32.70204663085938,-0.1650444317281246,-0.006643091276288,-0.0157860365442931
1776177186428977400,32.71197729492187,-0.1473489083006978,0.0217997438758611,-0.0174753048054873
1776177186438908700,32.72190869140625,-0.1651394165351986,0.0234656312614679,-0.013276136082597
1776177186448839400,32.73183935546875,-0.1789396860897541,0.0503553917527198,-0.0358075917664915
1776177186458770400,32.7417705078125,-0.1505690393909811,0.0695545977413654,-0.0500430013353005
1776177186468702500,32.751702392578125,-0.1247767187476158,0.0613093319654464,-0.0236387958712875
1776177186478633700,32.7616337890625,-0.1158440552294254,0.055026890695095,-0.0215083597138524
1776177186488564500,32.771564453125,-0.0992035938128828,0.0622784692585468,-0.0067549906855449
1776177186498495500,32.78149560546875,-0.0676703914299607,0.0762847827792167,0.0016684812014922
1776177186508426500,32.79142651367187,0.0083922730311751,0.0860223329395055,0.0410577308470383
1776177186518357500,32.801357421875,-0.0321489961937069,0.0590326192051172,0.0298963584287092
1776177186528289500,32.81128955078125,-0.1478998201817274,0.0421276616334915,-0.0497351409625262
1776177186538220500,32.82122045898438,-0.1110208728566765,-0.0177829094499349,-0.071637687625736
1776177186548151600,32.831151611328124,-0.1052680084183812,-0.0177419929176568,-0.0318682430235669
1776177186558082600,32.84108251953125,-0.1110439614713191,1.16904377937e-05,0.0057644818108528
1776177186568013300,32.85101342773437,-0.0092272625505924,0.0099473935186862,0.0310727087317034
1776177186577945300,32.8609453125,0.002735854704678,0.0256634335666894,0.0258827754057943
