time,seconds_elapsed,z,y,x
1776180012776966400,9.33096630859375,0.0613981792926788,0.0204775553613901,0.1054809935819357
1776180012786899500,9.3408994140625,0.0153033675938844,0.0244423673391342,0.0741499627076089
1776180012796832300,9.350832275390625,-0.024328970092535,-0.002700491130352,0.0619247969826683
1776180012806765300,9.360765380859377,-0.0709419604465365,0.0229705412209033,0.0646347500611096
1776180012816698400,9.370698486328124,-0.0620282938897609,0.0236871650576591,0.0482384726639837
1776180012826631400,9.38063134765625,-0.0745335551977157,0.0087631521701812,0.0154769705951213
1776180012836564200,9.390564208984374,-0.0405666959270834,0.0232020118892192,0.0193975050397217
1776180012846497300,9.400497314453125,-0.0091033439099788,0.0131616793900728,0.0228553904086351
1776180012856429300,9.41042919921875,0.0083192077949643,0.0317915610581636,0.0185645248143002
1776180012866362400,9.4203623046875,0.0380430226683616,0.0128507137447595,0.0208143495677039
1776180012876295400,9.43029541015625,0.0580222731187939,-0.0025187048226594,0.0301951587121933
1776180012886228200,9.440228271484376,0.0588543400287628,0.0218482591927051,0.0085668624131008
1776180012896161300,9.450161376953124,0.0642304801091551,0.0100602062433958,0.0280185087928548
1776180012906094300,9.46009423828125,0.0438511244252324,-0.0049392099678516,0.0450506729407235
1776180012916027400,9.47002734375,0.0418824547007679,0.0057499418288469,0.0532194028817117
1776180012925960200,9.479960205078124,0.0168245858117938,0.0059533554464578,0.0180942038888111
1776180012935893200,9.489893310546876,0.0161196524128317,-0.0027864158481359,0.0177796945795416
1776180012945826300,9.499826416015624,0.0170344291701912,-0.0044400282740592,0.0097669223852455
1776180012955759400,9.50975927734375,0.0228854932859539,-0.0152606974959373,0.0081891151418909
1776180012965692200,9.519692138671877,0.0302326411783695,-0.0015799626678228,-0.000209003108181
1776180012975624400,9.52962451171875,0.0576455487608909,0.0021761749953031,-0.0022675430731847
1776180012985557500,9.5395576171875,0.0933525296971201,-0.0002402384966611,0.0357184156456962
1776180012995490600,9.549490478515626,0.1230234453395009,-0.0011941782206296,0.0528054335196502
1776180013005423600,9.559423583984374,0.1008934465959668,0.0102086748033761,0.0606778473951853
1776180013015356400,9.5693564453125,0.0708034287586808,0.0118307230472564,0.0514450318866409
1776180013025289500,9.57928955078125,0.0473921580329537,0.0460094715029001,0.049638402589783
1776180013035222500,9.589222412109375,0.0203168118417263,0.0421586412936449,0.0675954630302265
1776180013045155600,9.599155517578126,0.0170060798585414,0.0493266332268714,0.0695480401364155
1776180013055088600,9.609088623046874,0.0082315295115113,0.0656967532694339,0.0399472488544881
1776180013065021400,9.619021484375,0.0172407653972506,0.048286768785119,0.0412013771014288
1776180013074954500,9.62895458984375,0.0125844640240073,0.0358417132318019,0.0618590748026967
1776180013084887600,9.638887451171875,0.0189326640069484,0.0376888024032115,0.0429315253622829
1776180013094820600,9.648820556640626,0.0138724580079317,0.0244920516997575,0.0446333425777964
1776180013104752600,9.658752685546874,0.0126794488310813,0.0036579379856586,0.0376232263537123
1776180013114685400,9.668685546875,0.0124079384133219,-0.013275076636672,0.0334848479073494
1776180013124618500,9.678618408203125,0.0038356326401233,-0.0228121357887983,0.030421350417193
1776180013134551600,9.688551513671875,0.0400888492822647,-0.0065530749052762,-0.0020448219669051
1776180013144484600,9.698484619140626,0.0539338347613811,0.0099047234207391,-0.0134316006389446
1776180013154417400,9.70841748046875,0.0556394696354866,0.0345212782829999,-0.011150248236116
1776180013164350500,9.7183505859375,0.0745066671907901,0.0430944608390331,-0.0374375310558825
1776180013174283500,9.728283447265625,0.0872398920357227,0.0445230323374271,-0.0323642098469659
1776180013184216600,9.738216552734375,0.0657417614549398,0.0252010767519474,-0.0163321443860419
1776180013194149400,9.7481494140625,0.0349298590838909,0.030746435919404,-0.0217490000693127
1776180013204082400,9.75808251953125,0.0047442719176411,0.0043745618224143,-0.0250171532860957
1776180013214015500,9.768015380859374,-0.0362383113339543,-0.0059855041503906,-0.0347998760286718
1776180013223948500,9.777948486328125,-0.047620998352766,-0.0184480953603982,-0.03997979941722
1776180013233880600,9.787880615234377,-0.049754503250122,-0.0416349096804857,-0.0120786516600288
1776180013243813600,9.797813720703124,-0.083253745009005,-0.0658382075667381,-0.0237882690782658
1776180013253746400,9.807746337890626,-0.0924903599098324,-0.0818804108291864,-0.0223379058731719
1776180013263679500,9.817679443359374,-0.1012874143496155,-0.0754074154227972,-0.0228074230810627
1776180013273612500,9.827612548828125,-0.102407358290255,-0.0750859283834695,-0.024946919327788
1776180013283545600,9.837545654296877,-0.0559694322422146,-0.0758645115405321,-0.0398457064424641
1776180013293478400,9.847478515625,-0.033059096775949,-0.0626344430893659,-0.0508157210071571
1776180013303411500,9.857411376953126,-0.0122074474051594,-0.0383235931754112,-0.042190570801869
1776180013313344500,9.867344482421874,0.0206441440999507,-0.0029302082329988,-0.0153657287729904
1776180013323277600,9.877277587890624,0.0557969982847571,0.019047230297327,-0.0260695849484764
1776180013333210400,9.88721044921875,0.0797404761910438,0.0163204356819391,-0.0278120447016321
1776180013343143400,9.897143310546875,0.0418295554697513,0.0416056835860013,-0.0078559376647695
1776180013353076500,9.907076416015624,-0.0218035432681441,0.0479395627826452,0.0196176505964249
1776180013363008500,9.917008544921876,-0.094404669098556,0.0501601614415645,0.0316799721761606
1776180013372941600,9.926941650390624,-0.1411047532141208,0.0487701683878898,-0.0149147884014062
1776180013382874400,9.936874267578125,-0.2015770498335361,0.0484556956112384,0.0144767805766314
1776180013392807400,9.946807373046877,-0.2222726318597793,0.0566366639792919,0.0317673216660507
1776180013402740500,9.956740478515623,-0.1910214612886309,0.0508130723923444,0.0318176270811818
1776180013412673500,9.966673583984376,-0.1348074066355824,0.0234808288305997,0.0407748587850481
1776180013422606600,9.976606689453124,-0.0919192820236086,0.025395722541213,0.036817682124488
1776180013432539400,9.986539306640625,0.0145724229708313,0.0410790293633937,0.0216217934930697
1776180013442472400,9.996472412109377,0.0451475939765572,0.0438823963463306,-0.0165958368235267
1776180013452405500,10.006405517578123,-0.0042938978016376,0.0579261192679405,0.0058290714796632
1776180013462338600,10.016338623046876,-0.0626250907391309,0.0425824196636676,-0.0073558243892155
1776180013472271400,10.026271240234376,-0.0347957113102078,0.0321557181954383,-0.0202548525214195
1776180013482204400,10.036204345703124,0.0394239556327462,0.0142108961820602,-0.039838052858971
1776180013492136400,10.046136474609376,0.1106330425828695,-0.0366413391768932,-0.0287930368293076
1776180013502069500,10.056069580078123,0.0548056491598486,-0.0635141485333442,-0.0204653169343248
1776180013512002600,10.06600244140625,0.0044037879168987,-0.0656833092659711,-0.0277638764446601
1776180013521935400,10.075935302734376,0.014748364059627,-0.0610462971150875,-0.0432174296315759
1776180013531868400,10.085868408203124,-0.009949731606245,-0.0820388162612915,-0.0355748424565419
1776180013541801500,10.095801513671876,-0.0133741530969738,-0.1034282257705926,-0.0145581387171521
1776180013551734500,10.105734619140623,-0.0322118322968483,-0.1116623856306076,0.027901092958264
1776180013561667300,10.115667236328123,-0.0751081402152776,-0.0608282704502344,0.0496555729202926
1776180013571600400,10.125600341796876,-0.1160080136194825,-0.0358078109622001,0.0313989815440028
1776180013581533400,10.135533447265624,-0.1466436826407909,-0.0199158298254013,-0.0041503246124833
1776180013591466500,10.145466552734376,-0.1297618136838078,-0.012014262920618,-0.0350194735961034
1776180013601399300,10.1553994140625,-0.125453302834928,0.0112555535078048,-0.0360695671709254
1776180013611332400,10.165332275390623,-0.1069637064203619,0.0167488902270793,-0.0241729027479887
1776180013621264400,10.175264404296875,-0.063604164904356,0.0328150588870048,-0.0298440071869641
1776180013631197400,10.185197509765626,-0.0361468336582183,0.0355476987212896,-0.0437996499663218
1776180013641130500,10.195130615234374,-0.0302592369243502,0.00594926379323,-0.0482841019039973
1776180013651063600,10.2050634765625,-0.0438727517351508,0.0154331314533948,-0.0593538139835
1776180013660996400,10.214996337890623,-0.0311161460146307,0.0197808052688837,-0.0409816699361428
1776180013670929400,10.224929443359375,0.0005471124887466,0.0291676422953605,-0.0118752563087269
1776180013680862500,10.234862548828126,0.0136979782238602,0.0242938987791538,-0.0235680687226355
1776180013690795500,10.24479541015625,0.0049614217996597,0.051582303199172,-0.0340725846674293
1776180013700728300,10.254728271484376,-0.0034629999354481,0.0316372472792863,-0.0343231618950143
1776180013710661400,10.264661376953123,-0.0142319389700889,0.0464244820445775,-0.0165086517304182
1776180013720594400,10.274594482421875,-0.0543500143468379,0.0499316133826971,0.0113021325958892
1776180013730527500,10.284527587890626,-0.0785647104099392,0.0317190803438425,-0.0026853666264563
1776180013740459500,10.29445947265625,-0.0883598359763622,0.0453144749760627,0.0027669074300676
1776180013750392300,10.304392333984374,-0.0753907565489411,0.0316015914440155,0.0205627494268119
1776180013760325400,10.314325439453125,-0.0580292873814702,0.0301297653257846,0.0172125256834551
1776180013770258400,10.324258544921875,-0.0304866159394383,0.0206394679248332,0.0413069198351353
1776180013780191500,10.33419140625,0.0146396429881453,-0.032753099566698,0.0325002938494086
1776180013790124500,10.34412451171875,0.0366866396233439,-0.0297726224511861,0.0184800979338586
1776180013800057300,10.354057373046874,0.0012546762362122,-0.0500391654103994,0.0261857038751244
1776180013809990400,10.363990478515625,0.0038756723895668,-0.0727355658650398,0.0727306704942137
1776180013819923500,10.37392333984375,0.0040834699213504,-0.0927379049301147,0.0934988793652504
1776180013829856500,10.3838564453125,-0.0266299405112862,-0.088324764662981,0.0845796963831409
1776180013839789300,10.393789306640626,-0.0374254752919077,-0.0920189430058002,0.0549335133232176
1776180013849722400,10.403722412109374,-0.0647296618029475,-0.1121826101124286,0.0596434080472216
1776180013859655700,10.41365576171875,-0.0642301878482103,-0.0873632261544466,0.0661866191456094
1776180013869587500,10.42358740234375,-0.0597790536582469,-0.0799836372971534,0.0642505730491131
1776180013879520500,10.4335205078125,-0.0676890961304307,-0.060513797673583,0.0723615449208766
1776180013889453300,10.443453369140624,-0.0374257675528526,-0.0358691857606172,0.0521105283243581
1776180013899386400,10.453386474609376,-0.0520098809614777,-0.0230903682082891,0.0431240157270804
1776180013909319400,10.4633193359375,-0.0327507614791393,-0.0083674308508634,0.0139316408492624
1776180013919252500,10.47325244140625,-0.0250797884598374,0.0094587332189083,-0.0098742917498573
1776180013929185300,10.483185302734377,-0.0500944027289748,0.0045633623927831,-0.0112486488429829
1776180013939118300,10.493118408203124,-0.0756242730438709,0.0151613287746906,0.0298463087419047
1776180013949051600,10.5030517578125,-0.0790019327834248,0.0566267271071672,0.0165669212562963
1776180013958984700,10.512984619140624,-0.059385378165543,0.0745809014707803,0.0015289996655657
1776180013968917500,10.52291748046875,-0.0853390268504619,0.0975356606006622,0.0192597040042281
1776180013978850300,10.532850341796877,-0.1064624788999557,0.0951139864116907,0.0310284311985597
1776180013988783400,10.542783447265624,-0.1010688031628727,0.0839595551908016,0.0694157372599467
1776180013998715400,10.55271533203125,-0.0741603379711508,0.0707464378744363,0.0625542174600064
1776180014008648400,10.5626484375,-0.0635252544492483,0.0543073442488908,0.0177143377257511
1776180014018581500,10.57258154296875,-0.0644353550314903,0.0085369421988725,0.0229165460113435
1776180014028514300,10.582514404296877,-0.0055284080326557,-0.0052694648355245,0.0475998094342648
1776180014038447400,10.592447265625,0.029357027387619,-0.0258808757096529,0.065382426623255
1776180014048380400,10.60238037109375,0.0151589906871318,-0.0264870249092578,0.0519857694335281
1776180014058313500,10.6123134765625,0.0084825816631317,-0.0153016140282154,0.0410544429114088
1776180014068246300,10.622246337890624,0.0026785715594887,-0.0065057286322116,0.0270281460486352
1776180014078179300,10.632179443359377,-0.0344224940836429,0.0004541735082864,-0.0080517524978145
1776180014088112400,10.6421123046875,-0.0268470903933048,0.0020651158362627,0.0138333315739408
1776180014098045400,10.65204541015625,-0.0228185655295848,0.0432066890418529,0.0546336170611903
1776180014107978200,10.661978271484376,-0.0016202946782112,-0.0550105240821838,0.0666017758177593
1776180014117910300,10.67191015625,0.0329658655345439,-0.0314917013287544,0.0718991881061345
1776180014127843300,10.68184326171875,0.0768459237933158,-0.0044797757625579,0.0846615294476971
1776180014137776400,10.6917763671875,0.109880470649898,-0.0332657252639532,0.0905143105965107
1776180014147709400,10.70170947265625,0.1129173541277647,-0.0391489380836486,0.0559262872202321
1776180014157642200,10.711642333984376,0.1560667600244283,-0.0308779533445835,0.0445813018633052
1776180014167575300,10.7215751953125,0.1390218094602227,-0.0225970317333936,0.0468798245966434
1776180014177508400,10.73150830078125,0.1404629481792449,-0.0475257212847471,0.0449075381429865
1776180014187441400,10.74144140625,0.1505965119197964,-0.075118661609292,0.0323904767993837
1776180014197374500,10.75137451171875,0.1271452014446258,-0.051798576298356,0.0231835263844579
1776180014207307300,10.761307373046876,0.1414113349452614,-0.1253325990647077,-0.0057199850820004
1776180014217240300,10.771240234375,0.1317757838547229,-0.1275742405116558,-0.0448684482416138
1776180014227173400,10.78117333984375,0.120773912847042,-0.0898649798423051,-0.0163043978625908
1776180014237106400,10.7911064453125,0.0669932228207588,-0.0406195951581001,0.0186610805239528
1776180014247038500,10.80103857421875,-0.0183811676040291,0.0348714068949222,0.0608817176705226
1776180014256971300,10.81097119140625,-0.0925891441091895,0.0241372469127178,0.0739648884642869
1776180014266904300,10.820904296875,-0.1366036424025893,0.0595171878516674,0.0697290409928187
1776180014276837400,10.83083740234375,-0.1490007671609521,0.0771791012704372,0.0724472139103338
1776180014286770400,10.8407705078125,-0.1082590069279074,0.0716197135776281,0.0927299408193677
1776180014296703200,10.850703125,-0.0955351344332098,0.0869587370067834,0.0578938244335353
1776180014306636300,10.86063623046875,-0.1044946859583258,0.1026560723543167,0.0552422870114445
1776180014316569300,10.8705693359375,-0.0866258517906069,0.0978238298922777,0.0471539288302883
1776180014326502400,10.88050244140625,-0.0694759795472025,0.1077080950468778,0.032242592761293
1776180014336435200,10.890435302734376,-0.0059185763940215,0.0980816040456294,0.0370730085924267
1776180014346368300,10.9003681640625,0.0552323501393198,0.0871335090517997,0.052410278455913
1776180014356301300,10.91030126953125,0.084613342924416,0.0686170246303081,0.0550565551809966
1776180014366234400,10.920234375,0.1333703595697879,0.0518020834296941,0.0243576116651296
1776180014376166400,10.93016650390625,0.1576931921824813,0.0196522104531526,0.0009165303230285
1776180014386099500,10.940099365234374,0.1747410653561353,0.0151952310442924,0.0036499738749116
1776180014396032300,10.9500322265625,0.1751826716437935,0.0028460370808839,0.0070483110763132
1776180014405965300,10.95996533203125,0.1491153334513306,0.0066921911150217,-0.0042097997147589
1776180014415898400,10.9698984375,0.1185851706311106,0.0008189151674509,0.0094859500193968
1776180014425831400,10.97983154296875,0.0785997817233204,-0.0057183776468038,0.0273955180563032
1776180014435764200,10.98976416015625,0.0484150713399052,0.0037321722656488,0.0292591199710965
1776180014445697300,10.999697265625,-0.0029474516287446,0.0216939454138278,0.027907668829523
1776180014455630300,11.00963037109375,-0.027430443239212,0.0183989955216646,0.0367301134388893
1776180014465563600,11.019563720703124,-0.0778118462160229,0.0383703549265861,0.0542150628555566
1776180014475496400,11.029496337890626,-0.0973360463753342,0.0334323140025138,0.0564788065364584
1776180014485429500,11.039429443359374,-0.0904430719912052,0.0346715004086494,0.0553622235966846
1776180014495361300,11.049361328125,-0.0894981923565268,0.0366343249142169,0.0648028731696307
1776180014505294300,11.05929443359375,-0.0633680180609226,0.0361690454900264,0.0748374335151165
1776180014515227400,11.069227294921877,-0.0484147790789604,0.0216086052179336,0.0479154877873137
1776180014525160200,11.07916015625,-0.0315592136070132,0.006243862825632,0.0685302596623077
1776180014535093200,11.08909326171875,0.033890871424973,0.0042249242186546,0.0477247692544944
1776180014545026300,11.0990263671875,0.0831739577710628,0.01355856975317,0.0360538033462129
1776180014554959600,11.108959716796877,0.1116281911000609,0.0155360073059797,0.0321754458092153
1776180014564892400,11.118892333984377,0.1200052665621042,0.0426817883849144,0.0464086086220107
1776180014574825500,11.128825439453124,0.111691319464147,0.0185603235632181,0.0403936774477362
1776180014584758500,11.138758544921876,0.0826619165956974,0.074366966459155,0.0390394680934958
1776180014594691600,11.148691650390624,0.0635097646191716,0.0715180067688226,0.0259563520986586
1776180014604624400,11.158624267578125,0.0529927545189857,0.0588812280356884,0.0165603819176554
1776180014614557400,11.168557373046877,0.0227180277645587,0.0689811817675828,0.01971126543032
1776180014624489200,11.1784892578125,0.0048176294147968,0.084792498883605,0.0310535839061252
1776180014634422300,11.18842236328125,-0.0028220716834068,0.0793371560871601,0.0453213613745756
1776180014644355600,11.19835546875,0.0093675478041172,0.0598445201098918,0.0323717355662956
1776180014654288600,11.20828857421875,-0.0042296003937721,0.0778910489320754,0.0276023292073979
1776180014664221400,11.218221435546877,0.0322398893475532,0.0577495936572551,0.0360692566436715
1776180014674154500,11.228154541015623,0.0468225414514541,0.0444172338753938,0.0347093847336247
1776180014684087600,11.238087646484376,0.0351239203512668,0.0282610488444566,0.0346330132954753
1776180014694020600,11.2480205078125,0.0189350020945072,0.0368441682726144,0.0625837906143628
1776180014703953400,11.257953369140624,0.0070747606918215,0.0217360309898853,0.0607965053387917
1776180014713886500,11.267886474609377,0.0156239778503775,0.0814361741930246,0.0614198431352153
1776180014723819500,11.277819580078123,0.0785059659600257,-0.0134884271264076,0.0030125710205174
1776180014733752600,11.287752685546875,0.1346761814713478,0.0048515316843986,-0.0117224221008829
1776180014743684600,11.2976845703125,0.1217164543941616,0.0329541750967502,0.0403289233821444
1776180014753617400,11.307617431640624,0.0816021784096956,0.0389765041261911,0.0684379965352825
1776180014763550500,11.317550537109376,0.029817630636692,0.0569581510186195,0.0557880660596303
1776180014773483500,11.3274833984375,-0.0219970200136303,0.0660965662419796,0.0771046112621203
1776180014783416600,11.33741650390625,-0.0483124877482652,0.0542038838744163,0.0674628861591219
1776180014793349600,11.347349609375,-0.1076151560664177,0.0425099389493465,0.0668464530275203
1776180014803282400,11.357282470703124,-0.1573497855722904,0.0105336689740419,0.0816579454512335
1776180014813215500,11.367215576171876,-0.1468809985280036,0.0056681087642908,0.0871539490516297
1776180014823148500,11.3771484375,-0.0821487063765525,0.001644844597578,0.0927341238041408
1776180014833081600,11.38708154296875,-0.0477270890757441,0.002974631896615,0.0841874821951612
1776180014843014400,11.397014404296876,-0.0055626025632023,0.0110655838936567,0.0486552367713302
1776180014852947500,11.406947509765626,0.0480205190643668,0.0211059163928031,0.0171992278104647
1776180014862880500,11.416880615234374,0.0907712810322642,0.0378466233134269,0.011486786714103
1776180014872812500,11.4268125,0.1044818264767527,0.0377682973802089,-0.0040118842561729
1776180014882745600,11.43674560546875,0.142820324960351,0.0195990189611911,-0.0031535686600953
1776180014892678400,11.446678466796875,0.1436231657758355,0.0179717100203037,-0.0043088761750608
1776180014902611500,11.456611572265626,0.1344584470674395,0.0028285014241933,0.0239332305069081
1776180014912544500,11.46654443359375,0.0872109582021832,0.0037537995755672,0.0328789179034531
1776180014922477600,11.4764775390625,0.0338113764479756,0.0201239196181297,0.0295909274750389
1776180014932410400,11.486410400390625,-0.0257467279359698,0.0366407546550035,0.0333503348074853
1776180014942343400,11.496343505859375,-0.0875865135163068,0.0334159473896026,0.0350732313436456
1776180014952276500,11.5062763671875,-0.1191726151302456,0.037906244546175,0.0415688952395692
1776180014962209500,11.51620947265625,-0.1332958330288529,0.0467851320505142,0.0349359417648054
1776180014972142300,11.526142333984374,-0.1132663136959075,0.0265232652664184,0.0445864894950762
1776180014982075400,11.536075439453125,-0.0591685205444693,0.0312871186673641,0.0391860552236437
1776180014992007400,11.54600732421875,-0.0316258491024374,0.0202104288578033,0.0213537171414121
1776180015001940500,11.5559404296875,0.0288508314311504,0.0113379710942506,0.040874300571531
1776180015011873500,11.56587353515625,0.0383653864905238,0.0029489129334688,0.0219782605142332
1776180015021806600,11.575806640625,0.0357668944299221,0.0106534959614276,-0.0398249741816893
1776180015031739400,11.585739501953125,0.0703621147319674,-0.0503834488034248,0.0829195080859586
1776180015041672400,11.59567236328125,0.0770201113164424,-0.0100718966811895,0.1105043929682113
1776180015051605500,11.60560546875,0.0836041658818721,-0.0304506678432226,0.0538907810709439
1776180015061538600,11.61553857421875,0.0727720984831452,-0.0300520239144563,0.0276274088497273
1776180015071471400,11.625471435546874,0.0545610267490148,-0.0041261400192975,0.0045064080411568
1776180015081404400,11.635404296875,0.0128413613945245,0.0045440731704235,0.0340079584660008
1776180015091337500,11.64533740234375,-0.0356590501412749,0.0052273792594671,0.0467481975736096
1776180015101270500,11.6552705078125,-0.0500786206379532,0.0096481183111667,0.0291413205440156
1776180015111202600,11.66520263671875,-0.0605535451620817,-0.0214659818768501,0.0233327803957276
1776180015121135400,11.67513525390625,-0.06011836861521,-0.0088356328845024,0.0345783422324806
1776180015131068400,11.685068359375,-0.0653404871776699,-0.0018716390907764,0.0313804960392415
1776180015141001500,11.69500146484375,-0.0570946368798613,-0.0250754045456647,0.020349636399094
1776180015150934500,11.7049345703125,-0.0562169772624969,-0.0006605097353458,0.0406784492058679
1776180015160867300,11.714867431640624,-0.0594952682808041,0.0033668460845947,0.0406515429326333
1776180015170800400,11.72480029296875,-0.0725552408620715,0.0108826285421848,0.0378031860304996
1776180015180733400,11.7347333984375,-0.0879214445590972,0.0196323367089033,0.0401251992372795
1776180015190666500,11.74466650390625,-0.0655728346288204,0.0155266549557447,0.032739217171818
1776180015200599600,11.754599609375,-0.0606318710952997,0.0130985510259866,0.0171221074536442
1776180015210532400,11.764532470703124,-0.0198012635350227,0.0109036713302135,0.0053599926631897
1776180015220465700,11.774465576171876,0.0253059984311461,-0.0163163440287113,0.0199661535068415
1776180015230398700,11.784398681640624,0.0518883004084229,-0.0215402161568403,0.0205366651374846
1776180015240330500,11.79433056640625,0.0823652717366814,-0.0339706586629152,0.0029754721468314
1776180015250263600,11.804263671875,0.0713090401932597,-0.0300777428776025,0.008062986277882
1776180015260196400,11.8141962890625,0.0468073438823223,0.0030476971328258,0.0089268913645297
1776180015270129400,11.82412939453125,0.0196750068068504,0.0059638768404722,0.0048616329533047
1776180015280062500,11.8340625,1.6658873856e-05,0.0148661452203989,0.0113012010141275
1776180015289995500,11.84399560546875,-0.0151376556381583,0.0132622171550989,0.0162139248338527
1776180015299928300,11.85392822265625,-0.0171907887756824,0.0301291808038949,0.0258905568534508
1776180015309861600,11.863861572265623,-0.0417106052652001,0.0408089802503585,0.0445381385750137
1776180015319794700,11.873794677734375,-0.0767152831509709,0.0438712904304266,0.0503325040674768
1776180015329727700,11.883727783203126,-0.0982724504426121,0.0446563033282756,0.0281236496677622
1776180015339660500,11.89366064453125,-0.1331266139417886,0.0515671056300401,0.0135812382427044
1776180015349593600,11.903593505859376,-0.1477481367513537,0.020611995396018,0.0324532215709798
1776180015359525400,11.913525390625,-0.1184954465210437,0.0155365918278694,0.0278346949248574
1776180015369458400,11.92345849609375,-0.0692974081099033,0.020289339312911,-0.0457019764563068
1776180015379391500,11.9333916015625,0.0029758009403944,-0.013344050219655,0.0798746239647269
1776180015389324500,11.943324462890626,0.0656882777020335,-0.0061573535859584,0.1341306216188706
1776180015399257600,11.953257568359374,0.0694721801549196,-0.0150479315280914,0.0938887006667442
1776180015409190700,11.963190673828125,0.0413826884850859,-0.0226508077472448,0.0352170419948175
1776180015419123700,11.973123779296875,-0.020138240404427,-0.0304202727049589,0.0263107550268992
1776180015429056800,11.983056884765626,-0.0480512064635753,-0.0005915361523628,0.0359714405586943
1776180015438989600,11.992989501953126,-0.0407002591788768,-0.0128302554786205,0.0434602619441226
1776180015448922600,12.002922607421874,-0.0519461680755019,-0.0378086293905973,0.080174812487699
1776180015458855700,12.012855712890625,-0.043394905090332,-0.0411228685051202,0.0902746931543573
1776180015468788700,12.022788818359375,-0.0332128260329365,-0.0347650239109992,0.0742861197752878
1776180015478721500,12.032721435546875,-0.0463715828135609,-0.0259153625011444,0.0607129369748756
1776180015488653600,12.042653564453126,-0.0260252526164054,-0.0170160167306661,0.040466742683947
1776180015498586600,12.052586669921874,-0.0497337527230381,-0.0058791211664676,0.02616130008623
1776180015508519700,12.062519775390625,-0.046705344812572,0.0192184952110052,0.0018276172859594
1776180015518452700,12.07245263671875,-0.0339873175367713,0.0120773912847042,-0.0281488389079458
1776180015528385500,12.082385498046875,0.0093643329337239,-0.0060690907806158,-0.0145199073323048
1776180015538318600,12.092318603515626,0.0458019662320613,-0.0028536358654499,-0.0139240968636237
1776180015548251600,12.102251708984374,0.051880701623857,-0.0166588738560676,-0.0092322309866547
1776180015558184700,12.112184814453125,0.0156707396015524,-0.0300993701875209,-0.0202115431026555
1776180015568117500,12.122117431640625,-0.0088444007128477,-0.0326999080747365,-0.0115981746667064
1776180015578050600,12.132050537109375,-0.0442959455832839,-0.0359323141247034,-0.0028946254629641
1776180015587983600,12.141983642578126,-0.0809858000770211,-0.0276420401632785,-0.0117467528245411
1776180015597916700,12.151916748046874,-0.0398904041007161,-0.0060357730329036,0.0030116394387558
1776180015607848700,12.1618486328125,-0.0264300340250134,0.0128869541019201,0.0317335837932303
1776180015617781800,12.17178173828125,-0.0054839843690395,0.0215396316349506,0.0206353397389873
1776180015627714600,12.181714599609377,0.0006070259824395,0.0513069933891296,-0.0375750580967403
1776180015637647600,12.191647705078124,0.0013774258330464,0.0061614452391862,0.0566023415845818
1776180015647580700,12.20158056640625,-0.0169625329777598,0.0175315650373697,0.0570341753968969
1776180015657513700,12.211513671875,-0.0378796488001942,0.0341740722805261,0.0156201601917855
1776180015667446500,12.221446533203125,-0.0443169883713126,0.0278214883834123,0.0122328193084336
1776180015677379600,12.231379638671877,-0.0725663467779755,0.0170388130843639,0.0212012299934402
1776180015687312600,12.241312744140624,-0.1212111352205276,0.0425076008617877,-0.0897423581096343
1776180015697245700,12.25124560546875,-0.0830088303372263,-0.0806242732882499,0.0691114570837467
1776180015707178500,12.261178466796874,-0.0176990305587649,-0.0793348179996013,0.1808963913817889
1776180015717111600,12.271111572265625,0.0379413158595561,-0.0550537787020206,0.102747349100653
1776180015727043600,12.281043701171876,0.0602723901331424,-0.0729039081692695,-0.0229313417216762
1776180015736976600,12.2909765625,0.0427168596982955,-0.0544528901994228,-0.086945420867484
1776180015746909700,12.30090966796875,0.01162818621248,-0.0493383236646652,-0.0476595585311762
1776180015756842500,12.310842529296876,-0.0147977561593055,-0.0192746093124151,0.0241967585476115
1776180015766775600,12.320775634765624,-0.0532677720680832,-0.0037947161078453,0.0581336428050883
1776180015776708600,12.33070849609375,-0.0697366763100028,-0.0060188218981027,0.0635805283004418
1776180015786641700,12.3406416015625,-0.0710758159592747,0.0020446575701236,0.0296159523184411
1776180015796574700,12.35057470703125,-0.0992731519177556,0.0109007487207651,0.0123248267071321
1776180015806507500,12.360507568359376,-0.1024678563058376,0.0065022215008735,0.0065938453070819
1776180015816440600,12.370440673828124,-0.102709556107223,0.0455406849473714,0.0102132596469484
1776180015826373600,12.38037353515625,-0.0974319079652428,0.0196475342780351,0.0440665390078909
1776180015836306700,12.390306640625,-0.0880269507601857,0.011465981388092,0.0272018951803445
1776180015846238700,12.40023876953125,-0.0735983201742172,0.0566840102523565,-0.0020162899921648
1776180015856171500,12.410171630859375,-0.0560612021788954,0.0199304428726434,0.0111468141700141
1776180015866104600,12.4201044921875,-0.0054983051553368,0.0048012628018856,0.0336690088352188
1776180015876037600,12.43003759765625,0.0040311552122235,-0.0109545247346162,0.0456815181901678
1776180015885970700,12.439970703125,-0.0117380763277411,-0.0268237095177173,0.0449989062208682
1776180015895903500,12.449903564453123,-0.0169575645416975,-0.0290022226005792,0.0210027117466554
1776180015905836500,12.45983642578125,-0.0334729382738471,-0.0341869317620992,-0.0066578504540026
1776180015915769600,12.46976953125,-0.0216068516522645,-0.0106558340489864,-0.0161135331992991
1776180015925702700,12.47970263671875,-0.0161681677296757,-0.0038835634350776,-0.0038207455982454
1776180015935635500,12.489635498046876,0.0112710433378815,-0.0127390700638294,0.0067346968161873
1776180015945568500,12.499568603515623,0.0161342654600739,0.0042979894548654,-0.0052639666764996
1776180015955501600,12.50950146484375,0.0380164269223809,0.0082499419510364,-0.0133343325432389
1776180015965434600,12.5194345703125,0.0414288657143712,0.0032961189359426,-0.0450937448974698
1776180015975366700,12.52936669921875,0.0505170120552182,-0.0115992523789405,-0.0435067862332798
1776180015985299700,12.5392998046875,0.0402586528912186,-0.0195732999980449,-0.0454074687554501
1776180015995232500,12.549232421875,0.0578913402155041,-0.0009574468553066,-0.0309418854262679
1776180016005165600,12.55916552734375,0.0754889562264084,-0.0130289929211139,-0.0240955449291504
1776180016015098600,12.5690986328125,0.0345125104546546,0.0022837270230054,-0.0489131935877725
1776180016025031700,12.57903173828125,0.011432371379435,-0.0089846859663724,-0.0294550809346139
1776180016034964500,12.588964599609374,-0.0122629769846796,-0.0269634102493524,-0.0402748551073484
1776180016044897500,12.5988974609375,-0.0203238261044025,-0.0395721319317817,-0.0170806611984036
1776180016054830600,12.60883056640625,-0.0465878559127449,-0.0409738154232501,-0.0009206219762563
1776180016064763600,12.618763671875,-0.061405193555355,-0.0451239208400249,-0.0013444551452063
1776180016074696400,12.628696533203126,-0.0817833801954984,-0.056886254826188,0.0337317536068148
1776180016084629500,12.63862939453125,-0.0918374489590525,-0.0563631077349185,0.0462458740746602
1776180016094561500,12.6485615234375,-0.0551902645632624,-0.0582803395330905,0.0448381261685863
1776180016104494600,12.65849462890625,0.0190489838629961,-0.0242974059104919,0.0311639124128036
1776180016114427600,12.668427734375,0.0460977343082427,-0.0074532386153936,0.0080270199153572
1776180016124360400,12.6783603515625,0.091905545759201,0.022969372177124,0.0005163337579928
1776180016134293500,12.68829345703125,0.1020864557728171,0.0753612381935119,-0.0329050569917075
1776180016144226600,12.6982265625,0.1114037346944212,0.0827992792397737,-0.0366575961919501
1776180016154159600,12.70815966796875,0.1152089721962809,0.0830745890498161,-0.0290154839409515
1776180016164092400,12.718092529296875,0.106976565901935,0.054321957296133,-0.0092396288418211
1776180016174025500,12.728025390625,0.0699789606332779,0.0462438647806644,-0.0116729752022773
1776180016183958500,12.73795849609375,0.0101332714796066,0.0179179340064525,-0.0153577646622434
1776180016193891600,12.7478916015625,0.0008332359537482,0.0155120419085025,0.0147006889929994
1776180016203824600,12.75782470703125,-0.037600247336924,0.0147790514588356,0.0342042664893902
1776180016213756700,12.767756591796877,-0.0822603500574827,0.0050227965980768,0.0211434353915974
1776180016223689500,12.777689453125,-0.083145608459413,0.0197106626421213,0.0223814527539536
1776180016233622500,12.78762255859375,-0.0435968574032187,-0.003228314396739,0.0100313089424744
1776180016243555600,12.7975556640625,-0.0095391049787402,-0.0113210199594497,0.0059775400396436
1776180016253488600,12.807488525390625,0.0458478512004017,0.0081055650442838,0.0093704521472565
1776180016263421400,12.81742138671875,0.0972664882704615,-0.0410410354405641,-0.009879716843646
1776180016273354500,12.8273544921875,0.1081751280367374,-0.0267974060326814,-0.0175789843756705
1776180016283287600,12.83728759765625,0.0959191653147339,-0.0066214639663696,-0.0178982063926756
1776180016293220600,12.847220703125,0.0645811932429671,-0.0113660281449556,0.0133154451796784
1776180016303153400,12.8571533203125,0.0198407187625765,-0.0181686938971281,0.0717072457306087
1776180016313086500,12.86708642578125,-0.0061243280991911,0.0031003041028976,0.0549526198824867
1776180016323019800,12.877019775390623,-0.0145309219166636,-0.0136509242117404,0.0507576158780604
1776180016332952800,12.886952880859376,-0.0162602299273014,-0.0162041158258914,0.0265149723621085
1776180016342884600,12.896884521484376,0.0039116204857826,-0.0017430442750453,0.0175511099880561
1776180016352817400,12.9068173828125,0.0077484221696853,0.0052291328251361,0.0134776865366846
1776180016362750500,12.91675048828125,0.0009656301617622,0.0117097270160913,0.0101156079587526
1776180016372683500,12.92668359375,-0.0174383337959647,0.0153173961192369,0.0251536026147194
1776180016382616600,12.936616455078124,0.0023980010524392,0.0199953248023986,0.0203698572032153
1776180016392549600,12.946549560546876,0.0199900641053915,0.0223673146307468,0.0401205778610892
1776180016402482400,12.956482421875,0.0246823135748505,0.0274555776804685,0.0294101823469623
1776180016412415700,12.966415771484376,0.0401075539827346,0.0360679232031106,0.011823982779216
1776180016422348800,12.976348876953123,0.0140644734486937,0.016975100198388,0.0098051355037838
1776180016432281900,12.98628173828125,0.0152317636623978,0.0338350495845079,0.0120230307489633
1776180016442214700,12.996214599609376,0.0124295657232403,0.0249725286930799,0.0167037359111011
1776180016452147700,13.006147705078124,-0.0024865561187267,0.0385568174093961,0.0402588355543091
1776180016462079500,13.01607958984375,0.0006242693781852,0.0266360779911279,0.0182503077659755
1776180016472012500,13.026012451171876,0.0234077635943889,0.0459270539164543,0.0186956403806805
1776180016481945600,13.035945556640623,0.0540408022671937,0.0422252767890691,0.0204200530204921
1776180016491878400,13.04587841796875,0.0709215021803975,0.0205453599005937,0.0299152092596516
1776180016501811700,13.055811767578126,0.0862716315254569,0.0321019421815872,0.0120841863516718
1776180016511744800,13.065744873046874,0.0726981564640998,0.0174450557976961,0.0200600971342995
1776180016521677800,13.075677734375,0.0695052056416869,0.0243359843552112,0.0256302254168316
1776180016531610600,13.085610595703123,0.0432262705251574,0.0237263280242681,-0.0087510233409702
1776180016541543700,13.095543701171875,0.0601364887937903,0.0221937116295099,-0.0072021864637732
1776180016551476700,13.105476806640626,0.0405623120129108,0.0205722479075193,-0.0111525680573657
1776180016561409800,13.115409912109374,0.0337798122659325,0.0264595523804426,0.0071424556331709
1776180016571342600,13.125342529296876,0.0052548517882823,0.0242675952941179,0.0142406702658161
1776180016581274600,13.135274658203125,-0.069146893723309,-0.000509118565917,0.0255883590364828
1776180016591207700,13.145207763671875,-0.0983051836684346,0.0102285485476255,0.0102781963756307
1776180016601140700,13.155140625,-0.1010617889001965,0.0468161117106676,0.0159856507696211
1776180016611073800,13.16507373046875,-0.1088251163780689,0.0320849910467863,0.0242622980644926
1776180016621006800,13.1750068359375,-0.0761003661230206,0.0102764793425798,0.0393861809056252
1776180016630939600,13.184939697265625,0.0119096335023641,0.0158592479109764,0.0311816489988937
1776180016640872700,13.194872802734375,0.0997396003857254,0.0205927061736583,-0.0119812009012326
1776180016650805800,13.2048056640625,0.1074082353174686,0.025054361757636,-0.0047899376902729
1776180016660738800,13.21473876953125,0.090432258336246,0.0393687183141708,0.022059965714626
1776180016670671600,13.224671630859374,0.0425447180017828,0.0341489378392696,0.0297548310661688
1776180016680604700,13.234604736328125,-0.0155994279310107,0.0557446835756301,0.0089091730447486
1776180016690537700,13.244537841796877,-0.0609951514497399,0.0344803617507219,0.0310087401174008
1776180016700469800,13.2544697265625,-0.0666784577831625,0.0330593890368938,0.04472505771555
1776180016710402800,13.26440283203125,-0.0526487633869051,0.0073509472846984,0.0715580465182662
1776180016720335600,13.274335693359374,-0.0095601477667689,-0.0179985980272293,0.0691575977804139
1776180016730268700,13.2842685546875,0.0382554963752627,-0.0264700737744569,0.060084758606553
1776180016740201700,13.29420166015625,0.0729588532269001,-0.0085223291516304,0.0382702555529773
1776180016750134800,13.304134765625,0.0964569254532456,0.0195762226074934,0.0157179762767627
1776180016760067600,13.314067626953126,0.0867392490372061,0.0400824195414781,-0.0091247885568067
1776180016770000600,13.324000732421876,0.0740901953443884,0.0572492429196834,-0.0016855054015293
1776180016779933700,13.33393359375,0.063453065995872,0.0764198073357343,-0.0076007938599213
1776180016789866800,13.34386669921875,0.0662646162852644,0.0602156915098428,0.0063222618240863
1776180016799799800,13.3537998046875,0.0598231850609183,0.0396656554341316,0.006017872050032
1776180016809732600,13.363732666015624,0.0550526096582412,0.0194727622330188,-0.0148738901354372
1776180016819664600,13.37366455078125,0.0181131643176078,0.0284668005496263,0.014072547157295
1776180016829597700,13.38359765625,-0.0306479439809918,0.0092430446416139,0.0338816286725923
1776180016839530800,13.39353076171875,-0.0715954559192061,0.0076209963977336,0.0466890147322788
1776180016849463800,13.4034638671875,-0.0891845963627099,0.0186924255102872,-0.0176264037139713
1776180016859396600,13.413396728515623,-0.1033186279162764,0.0096451957017183,-0.0161602036189287
1776180016869329700,13.42332958984375,-0.1213748013496398,0.0351473012268543,0.0115268447298556
1776180016879262700,13.4332626953125,-0.1327767775908112,0.0178881233900785,0.0364521002151072
1776180016889195800,13.44319580078125,-0.075872110325098,0.0130126263082027,0.0289568856215104
1776180016899128600,13.453128662109377,-0.0364040232896804,0.053538697963953,0.0226327606339007
1776180016909061600,13.4630615234375,-0.0294572728917002,0.0568365704655647,0.0038166722113266
1776180016918994700,13.47299462890625,-0.0175116912931203,0.0459539419233799,0.047293848757632
1776180016928927700,13.482927734375,-0.0110448333665728,0.0401215825080871,0.0614472791314125
1776180016938860500,13.492860595703124,0.0258788298830389,0.018429975181818,0.0856923703327774
1776180016948792600,13.50279248046875,0.0676560706436634,0.0006681085199117,0.0777671302914619
1776180016958725600,13.5127255859375,0.1052127710998058,-0.0125333183586597,0.0638355990400537
1776180016968658700,13.52265869140625,0.0886658331856131,-0.0206833070665597,0.0264911896277219
1776180016978591700,13.532591796875,0.0593707651183009,-0.013705869269371,0.0351489817272871
1776180016988524800,13.54252490234375,0.0279383927613496,-0.0200116914153099,0.0562699495587497
1776180016998457600,13.55245751953125,-0.0222670691266655,0.0083627546757459,0.0397324735926464
1776180017008390700,13.562390625,-0.071364277511835,0.0024777882903814,0.0478206856433302
1776180017018323700,13.57232373046875,-0.0887628638193011,0.0292962371110916,0.0479372612277045
1776180017028256800,13.5822568359375,-0.0847594733968377,0.0423649775207042,0.0421447223661467
1776180017038189600,13.592189453125,-0.0466729038476943,0.0595674567341804,0.0439164812790229
1776180017048122600,13.60212255859375,-0.0031879823863506,0.0654915860861539,0.0403340562149882
1776180017058054700,13.6120546875,0.0321148016631603,0.0283142403364181,0.0301813128499314
1776180017067987700,13.62198779296875,0.033666999541223,0.0327332258224487,0.0237360822333022
1776180017077920800,13.631920654296875,0.0280345466122031,0.0106850601434707,0.0469036803962662
1776180017087853600,13.641853515625,0.0112193131506443,-0.0103735099762678,0.0600642638077959
1776180017097786600,13.65178662109375,-0.0221162624791264,-0.0117933136463165,0.0340354675274342
1776180017107719700,13.6617197265625,-0.056395840960741,-0.0124146604150533,0.0115771501449868
1776180017117652700,13.67165283203125,-0.0615934096038341,-0.0172223529577255,0.0250579054215922
1776180017127585500,13.68158544921875,-0.0652539779379963,-0.0169055420935153,0.0382340882610529
1776180017137518600,13.6915185546875,-0.0404135511919856,-0.0189648127108812,0.0580575636278837
1776180017147451600,13.70145166015625,0.0156084880203008,-0.0158089790284633,0.0334548546278849
1776180017157384700,13.711384765625,0.0248918646723032,0.0070154317200183,0.0364011737454682
1776180017167317800,13.72131787109375,0.0541536149919033,-0.0080155486732721,0.0432298141891136
1776180017177249800,13.731249755859375,0.0301499313309788,-0.0087830259144306,0.0201717773478478
1776180017187182600,13.7411826171875,0.0065352469876408,-0.0063765492945909,0.0216855063790455
1776180017197115600,13.75111572265625,-0.0117804541647434,0.010967968738079,0.0166040749289095
1776180017207048700,13.761048583984374,-0.0171428579807281,0.0405570513159036,0.0453704794796183
1776180017216981800,13.770981689453125,-0.0252136439725756,0.0622246932446956,0.0621701500458642
1776180017226914600,13.78091455078125,-0.0533224248647689,0.0698790073901414,0.045800103068538
1776180017236847600,13.79084765625,-0.0649658086463809,0.0688332977294921,0.0169296536214649
1776180017246780700,13.80078076171875,-0.102983696873486,0.0690542470037937,0.0285319016750901
1776180017256714000,13.8107138671875,-0.099177290327847,0.0549444731086492,0.0576805104764178
1776180017266646800,13.820646728515625,-0.0400958635449409,0.0089841014444828,0.0572112124642357
1776180017276579800,13.830579833984377,0.0080722472965717,0.0131803840905427,0.0255826599480584
1776180017286513000,13.840512939453124,0.0564168837487697,0.0063870706886053,0.0038727497801184
1776180017296444700,13.850444580078126,0.0777750213369727,0.007338672325015,-0.0085028937987983
1776180017306377700,13.860377685546876,0.0495440753698349,0.0022258593559265,0.0254826336396858
1776180017316310500,13.870310546875,0.0272536253675818,0.0053150575429201,0.0054703211698681
1776180017326243600,13.88024365234375,-0.0033899346992373,0.020151392146945,0.0037130657063797
1776180017336176600,13.8901767578125,-0.0316281871899962,0.012913257586956,0.0113546299681067
1776180017346110000,13.90010986328125,-0.0780760501101613,0.0601058013945817,0.1085506102856248
1776180017356042800,13.910042724609376,-0.0947138811782002,-0.0827642079263925,0.0787953042954206
1776180017365975800,13.919975830078124,-0.0195890820890665,-0.1147591826021671,0.065243127750419
1776180017375908900,13.929908935546877,0.0380430226683616,-0.036138065829873,-0.0008261486258357
1776180017385842000,13.939842041015623,0.0718245884999632,-0.0108890582829713,-0.0029747049618512
1776180017395774700,13.949774658203124,0.0777007870569825,0.0126057990729808,-0.0003606865385547
1776180017405707800,13.959707763671876,0.0449623005375266,0.0315051453322172,0.0014526099611073
1776180017415640800,13.969640869140624,0.0065872694358229,0.0389011008024215,-0.0106235392145812
1776180017425572600,13.979572509765624,-0.0268938521444797,0.0321837752461433,-0.0228021258514374
1776180017435506000,13.989505859375,-0.0592453851729631,0.0284054257512092,-0.014288820256479
1776180017445439000,13.99943896484375,-0.0812739693686366,0.012726795104146,-0.0133111708633601
1776180017455371800,14.009371826171876,-0.1126478895366191,0.0072217679470777,0.0026996143475174
1776180017465304800,14.019304931640624,-0.1099114503100514,-0.0013508300870656,0.0061602761954069
1776180017475238000,14.02923779296875,-0.1258446402400732,0.0044844519376754,0.0195163821790367
1776180017485171000,14.0391708984375,-0.1257549161300063,0.0049035541325807,0.0188866329081356
1776180017495103700,14.049103759765623,-0.082670099902153,-0.0223304897516965,0.0091110522923991
1776180017505036800,14.059036865234376,-0.0295323839545249,-0.0088712887197732,0.0350410278407856
1776180017514969900,14.068969970703124,0.019698095421493,-0.0124012164115905,0.0295004179136827
1776180017524903000,14.07890283203125,0.0510816602006554,-0.0275368262231349,0.00450615231283
1776180017534835000,14.0888349609375,0.0513818121910095,0.0009621230304241,-0.0553256909785792
1776180017544767700,14.098767822265623,0.0544759788140654,-0.0316501067608594,-0.0053058878557756
1776180017554700800,14.10870068359375,0.0561050413206219,-0.0075187050670385,0.0302449161380529
1776180017564633900,14.1186337890625,0.0582639729201793,0.001254968497157,0.0141238024204969
1776180017574567000,14.12856689453125,0.0341211730495095,-0.0093149408340454,-0.0256925135307013
1776180017584499700,14.138499755859376,0.0011690437793731,-0.015145546683669,-0.0099919267801567
1776180017594432800,14.148432861328123,-0.053318625472486,-0.0198094468414783,0.0333374753259122
1776180017604365800,14.15836572265625,-0.07021744556427,-0.0122217681914567,0.0425102677429094
1776180017614299000,14.168298828125,-0.0826575326815247,-0.02633388017416,0.008707622590661
1776180017624232000,14.17823193359375,-0.0946896235197782,-0.0031195933252573,-0.0299887494198977
1776180017634164700,14.188164794921876,-0.1350084821656346,0.0012362637966871,-0.032078999697417
1776180017644097800,14.198097900390623,-0.1480152632549405,-0.009352934756875,-0.0021105258805677
1776180017654029800,14.20802978515625,-0.1463356396049261,-0.006456628793478,0.0111442386204376
1776180017663963000,14.217962890625,-0.0917757818996906,-0.0150642981410026,0.0325995895054191
1776180017673896000,14.22789599609375,-0.0720668728232383,-0.0166243870645761,0.0094430972583591
1776180017683828700,14.237828857421874,-0.0471092494383454,-1.22749596834e-05,0.0012520093550905
1776180017693761800,14.24776171875,-0.0368865461096167,-0.017051672565937,0.0025034707209095
1776180017703694800,14.25769482421875,-0.0064089902594685,-0.0029740473747253,0.0087538363525643
1776180017713628000,14.2676279296875,0.037887539845705,-0.0103103816121816,0.0095850995449349
1776180017723560700,14.277560791015626,0.0357864759132266,-0.010839373922348,-0.0244053963296115
1776180017733493800,14.28749365234375,-0.0046992637321352,-0.0106669399648904,-0.0292747193990275
1776180017743426800,14.2974267578125,-0.0683376231670379,-0.0121557172179222,-0.0619250161783769
1776180017753360000,14.30735986328125,-0.085396602256596,-0.0779296273767948,0.0592492210978642
1776180017763292700,14.317292724609375,-0.0683472677782177,-0.0277039994835853,0.0976584467301145
1776180017773224700,14.327224609375,-0.0245332604929804,0.0133972417116165,0.0350826384928077
1776180017783157800,14.33715771484375,-0.0211748899757862,0.0135942255884408,-0.0274855709599331
1776180017793090800,14.3470908203125,-0.0112181441068649,0.0219856218367815,-0.0306371668586507
1776180017803024000,14.35702392578125,-0.0133761989235877,0.0266337399035692,-0.0246866974890232
1776180017812957000,14.36695703125,0.0110401571914553,0.0152338094890117,-0.0028785145783796
1776180017822889700,14.3768896484375,0.0282502351894974,0.0215630125105381,-0.0207950603453442
1776180017832822800,14.38682275390625,0.0162920863702893,0.0338631066352128,-0.003724281220138
1776180017842755800,14.396755859375,0.0293520589515566,0.0362748439520597,0.0210432629527524
1776180017852689000,14.40668896484375,0.0398702380955219,0.0127139356225728,0.0275131896192207
1776180017862621700,14.41662158203125,-0.0029109190106391,0.0024012159228324,0.0195962424822151
1776180017872554800,14.4265546875,-0.0635027503564953,0.0012824410259723,0.010761413315311
1776180017882487800,14.43648779296875,-0.1100304005146026,-0.0214963770151138,0.0047964404962956
1776180017892419800,14.446419921875,-0.1231888650342822,-0.0235872118145227,0.0148281512975692
1776180017902353000,14.456352783203124,-0.1240919513538479,-0.032741993650794,0.0071185267683118
1776180017912285700,14.46628564453125,-0.0879012785539031,-0.0016828385204076,-0.0090224972261115
1776180017922218800,14.47621875,-0.063042731629312,-0.0022556699723005,-0.0143402216501533
1776180017932151800,14.48615185546875,-0.0333297304108738,-0.0131797995686531,-0.0167881993241608
1776180017942084900,14.4960849609375,-0.0023968320086598,-0.0051601592421531,-0.0128288307065144
1776180017952017700,14.506017578125,0.0338110841870307,-0.0042909751921892,0.0093253891628235
1776180017961950700,14.51595068359375,0.044211774431169,0.0115016372233629,0.0015996902815997
1776180017971883800,14.5258837890625,0.0230485748931765,0.0197515791743993,-0.0108946477735415
1776180017981816800,14.53581689453125,-0.0134793670371174,0.0265092367410659,-0.0151661876128986
1776180017991750100,14.545750244140624,-0.0333005043163895,0.0541623828202486,0.014997187721543
1776180018001683200,14.55568310546875,-0.0600908960863947,0.0240618435889482,-0.0096592242270708
1776180018011615000,14.565614990234376,-0.0908583747938275,0.0213490774989128,-0.1191731631195172
1776180018021548000,14.575548095703123,-0.1342842595443129,-0.0291185424566268,-0.0222470492519438
1776180018031481000,14.585481201171875,-0.1456836054369807,-0.0248725754499435,0.1091772542839869
1776180018041414100,14.5954140625,-0.107938981193304,-0.0295510886549949,0.1092009639531373
1776180018051347000,14.605346923828124,-0.0393877152755856,-0.0281108267188072,0.0374287266949191
1776180018061280000,14.615280029296876,0.0031382980257272,0.0029512510210275,-0.0376986662101
1776180018071213000,14.625213134765623,0.0014522446349263,0.0309819982409477,-0.0519264769943431
1776180018081146400,14.635146484375,0.0155786774039268,0.037048166412115,-0.0260066940464079
1776180018091079200,14.6450791015625,0.0235264215379953,0.0483370376676321,-0.0133564347771927
1776180018101012200,14.65501220703125,0.0524722377762198,0.0630675738096237,-0.0245906897686421
1776180018110945300,14.6649453125,0.0607265636414289,0.0444061279594898,-0.0195585773529484
1776180018120878300,14.67487841796875,0.0608592501103878,0.0232429284214973,-0.0164769048852846
1776180018130810000,14.68481005859375,0.0091755323633551,0.1523421865433454,-0.1631686279188841
1776180018140743000,14.694742919921875,-0.0868441707164049,0.3979723131150007,-0.4167168341387063
1776180018150676000,14.704676025390626,-0.2448357613235711,0.0549725301593542,-0.3279133095154538
1776180018160609000,14.714609130859374,-0.2015989694043994,-0.2280021154224872,0.1279892327870242
1776180018170542300,14.724542236328125,-0.0217632112577557,-0.2170692179977893,0.4316429659180343
1776180018180475100,14.73447509765625,0.2023763835176825,-0.1338280402094125,0.5311472962431609
1776180018190408200,14.744408203125,0.2160556570410728,0.0016290625065565,0.1972774164108559
1776180018200341200,14.75434130859375,0.0448942037373781,-0.1012304234653711,-0.0961327350001782
1776180018210274300,14.7642744140625,-0.0978095091059804,-0.0720803168267011,-0.1377251572458073
1776180018220207000,14.77420703125,-0.124034083686769,0.0017594108879566,-0.0243901622278615
1776180018230140200,14.78414013671875,-0.0347962958320975,0.0491173743903636,0.0544460585998371
1776180018240072000,14.794072021484377,0.0887161020681261,0.0850315683364868,0.0711600236440077
1776180018250005200,14.804005126953124,0.1306897421836853,0.0536386512070894,0.0704573187347501
1776180018259938300,14.813938232421876,0.1238189796313643,0.0302513458788394,0.0272971357157453
1776180018269871400,14.823871337890624,0.0901738996610045,-0.0213718738526105,-0.0078428955201059
1776180018279804200,14.83380419921875,0.056220484393835,-0.0079658643126487,-0.0006160130064934
1776180018289737200,14.8437373046875,0.0338660292446613,-0.0111947632312774,0.0261284937951713
1776180018299670300,14.853670166015624,-0.0103074590027332,-0.0007283142745494,0.0585698605315759
1776180018309603300,14.863603271484376,-0.0436333900213241,0.0198170456260442,0.0476138379596173
1776180018319536000,14.8735361328125,-0.0629749270901083,0.0048474400311708,0.0302248962633311
1776180018329469200,14.88346923828125,-0.0419572735026478,0.0097895726084709,-0.0089194752430543
1776180018339402200,14.89340234375,-0.0088335870578885,0.0067021279871463,-0.0009943813322111
1776180018349335300,14.903335205078124,0.0174435944929718,-0.003366261562705,0.0118016796158626
1776180018359267300,14.913267333984376,0.0160571085706353,-0.0198684835523366,0.0093313439795747
1776180018369200000,14.9232001953125,0.0014297405421733,-0.0158493110388517,0.0115713779913261
1776180018379133200,14.93313330078125,0.0309247150957584,-0.0189700734078884,0.0103629155170172
1776180018389066200,14.943066162109377,0.0441270187571644,0.0002092588365077,0.0015233005771413
1776180018398999300,14.952999267578123,0.0287312967047095,-0.007465513575077,-0.0058228609345853
1776180018408932000,14.96293212890625,0.0378860785409808,0.0016629647761583,0.0041395109575241
1776180018418865200,14.972865234375,0.0314455240994691,0.0087777652174234,0.0122755076726898
1776180018428798200,14.982798095703124,0.0285232069119811,0.0313707052975893,-0.0016595672426745
1776180018438731300,14.992731201171877,0.0325482246443629,0.0286392345070838,0.008388071780093
1776180018448664000,15.0026640625,0.0387593542441725,0.0452829107940197,0.0157456314686685
1776180018458597000,15.01259716796875,0.0288882408320903,0.0378618208825588,0.0073344345413148
1776180018468530200,15.0225302734375,0.0083349898859858,0.0371083721667528,0.0138311396168544
1776180018478462200,15.032462158203124,0.0062751347467303,0.0345370603740215,-0.0067888929551467
1776180018488395300,15.042395263671876,-0.0041296471506357,0.0348819282889366,-0.0096950992580503
1776180018498328300,15.052328369140625,-0.0010170680880546,0.0478173977077007,0.0002231046987697
1776180018508261000,15.06226123046875,0.0142190794885158,0.0288747968286275,-0.0055313306421041
1776180018518194200,15.072194091796876,0.0060451253831386,0.0145510879218578,0.0309175181699916
1776180018528127200,15.082127197265624,0.0254112123712897,0.035649405530095,0.0354092766312882
1776180018538060300,15.092060302734374,0.0427227049171924,0.0136246207267045,0.0162638466564938
1776180018547993000,15.1019931640625,0.0372325830683112,-0.0083791212886571,0.0186227578075602
1776180018557926100,15.111926025390623,0.0330754633888602,-0.0135831196725368,0.0072401073213666
1776180018567859200,15.121859130859375,0.0213534614130854,-0.0248591314464807,0.0162899309458211
1776180018577792300,15.131792236328126,0.0144178169310092,-0.0368652110606431,0.0495795850746333
1776180018587725000,15.14172509765625,-0.0020952187135815,-0.0189928697615861,0.030119134333916
1776180018597657000,15.151656982421876,-0.0074383333072066,-0.0195370596408843,0.0245572258904576
1776180018607590100,15.161590087890623,-0.0031809681236743,-0.0020598551392555,0.0389732527231797
1776180018617523200,15.171523193359375,0.0352574836030602,-0.0010720131456851,0.0282997003544121
1776180018627456300,15.181456298828126,0.047469899444282,0.0072638535231351,0.0510121020957827
1776180018637389000,15.19138916015625,0.0854012784317135,0.0096872812777757,0.0295367313360795
1776180018647322000,15.201322021484376,0.0654550534680485,0.0286748903423547,0.0332597339145839
1776180018657255200,15.211255126953125,0.0422600558415055,0.024573300242424,0.0151474463798105
1776180018667188200,15.221188232421875,0.0032005496069788,0.0484030886411666,0.0311353987043723
1776180018677121300,15.231121337890626,-0.0596750087618827,0.0512485412001609,0.0200611565802246
1776180018687054000,15.24105419921875,-0.0881809722781181,0.0280149651288986,0.0201849656229838
1776180018696987100,15.250987060546874,-0.0807163354858756,0.0241150350809097,0.0108535485781729
1776180018706919200,15.260919189453125,-0.0476522702738642,0.0212812729597091,0.0080668770017102
1776180018716852200,15.270852294921877,-0.0167079736948013,0.01713935084939,0.0312733458703383
1776180018726785300,15.280785400390624,0.0056830140724778,0.0030617256581783,0.0397098599020391
1776180018736718000,15.290718017578126,-0.0038633974298834,0.0024304420173168,0.0360757411833852
1776180018746651100,15.300651123046874,0.0096714991867542,-0.0023947861820459,0.0348441535618156
1776180018756584200,15.310584228515625,0.0010346037447452,-0.0136690443903207,0.0662867550518363
1776180018766517200,15.320517333984377,-0.0011924246549606,-0.0198643918991088,0.0764887809187173
1776180018776450000,15.330449951171875,-0.01851940703094,-0.0298415960341691,0.069772441743128
1776180018786383000,15.340383056640626,0.0025859248399734,-0.030345453903079,0.0557742749962955
1776180018796316200,15.350316162109374,0.0188987617373466,-0.0017927286356687,0.022167773470655
1776180018806249200,15.360249267578125,0.0680114599525928,-0.0112537999421358,0.0091202585121616
1776180018816182000,15.37018212890625,0.0543079287707805,-0.0205097040653228,0.0233382420221343
1776180018826114300,15.3801142578125,0.0318304317638278,-0.0016629647761583,0.0019466405557468
1776180018836047000,15.390047119140624,0.0075029229760169,0.0104822310477495,-0.0243415007805451
1776180018845980200,15.399980224609376,-0.0027168577432632,0.0144166478872299,-0.015190920195356
1776180018855913200,15.409913330078124,-0.002472819854319,0.0212444480806589,-0.0218642239468172
1776180018865846300,15.41984619140625,-0.0290527837440371,0.0146890350878238,-0.0196717919364571
1776180018875779000,15.429779052734377,-0.029983634853363,0.0234136088132858,0.0119177437435835
1776180018885712100,15.439712158203124,-5.66986232995e-05,0.0038233576804399,0.0143909289240837
1776180018895645200,15.449645263671876,-0.0344786081850528,0.0118190326094627,-0.0053260538609698
1776180018905578200,15.459578125,-0.0130906599804759,0.0110223292738199,0.0170698658097535
1776180018915511000,15.469510986328125,0.0036269583255052,0.0123187988251447,0.0268654297675937
1776180018925444000,15.479444091796877,-0.0101104751259088,0.0208785373777151,0.0099681805783882
1776180018935376100,15.489376220703123,-0.0205251938953995,0.0066167877912521,0.0107497228775173
1776180018945309200,15.49930908203125,-0.0205623110353946,0.0009966098219156,0.0307857450164854
1776180018955242200,15.5092421875,-0.0141398767724633,0.0120464116245508,0.0118333168631419
1776180018965175000,15.519175048828124,0.0142649644568562,0.0182096104294061,0.0038069180022925
1776180018975108000,15.529108154296877,0.0418567357376217,0.0173509477734565,-0.0012708236534148
1776180018985040400,15.539040283203123,0.0659375762879848,0.0290840556651353,0.0180873905555345
1776180018994973700,15.5489736328125,0.0809913530349731,0.001126373681426,0.0152496646452695
1776180019004906800,15.55890673828125,0.0460544796884059,0.0036895021677017,0.0379544128031469
1776180019014839600,15.568839599609374,0.0067298927769064,-0.0034872575938701,0.0323128449859097
1776180019024772600,15.578772705078125,-0.0053425300717353,0.0018698855251073,0.0244279734876006
1776180019034705700,15.58870556640625,0.0010085925206542,0.0109159462898969,0.0159181019587442
1776180019044638700,15.598638671875,0.0259609552085399,0.020416180562973,0.0291983662271872
1776180019054570500,15.608570556640624,0.0279050750136375,0.0208411279767751,0.0433239039470441
1776180019064503600,15.618503662109376,0.0006613865181803,0.0226139828681945,0.0495769181935116
1776180019074436400,15.628436279296874,-0.0275713130146265,0.0228080441355705,0.0315359057966619
1776180019084369700,15.63836962890625,-0.0557493597507476,0.0038327100306749,0.0324447277372702
1776180019094302700,15.648302734375,-0.0891156227797269,0.001105915415287,0.0270057332874275
1776180019104235800,15.65823583984375,-0.0820449537411332,0.0130628951907157,0.015376012704987
1776180019114168600,15.66816845703125,-0.0343771936371922,0.0184440037071704,0.0027335714160464
1776180019124101600,15.6781015625,0.004399404002726,0.0299392111897468,0.0131629032327793
1776180019134034700,15.68803466796875,0.0058577861174941,0.0146802672594785,0.017406915744394
1776180019143967700,15.6979677734375,0.0162087920010089,0.0140559978812932,0.0067845455735921
1776180019153900500,15.707900634765624,0.0276139831125736,0.0126303489923477,0.0087655998555943
1776180019163832300,15.717832275390624,0.0208636320695281,0.0254500830769538,0.0117160106264054
1776180019173765600,15.727765625,0.0277609903678297,0.0170674546569585,0.0191128063468262
1776180019183698700,15.73769873046875,0.0138192665159702,0.0157470197081565,0.0389349665394052
1776180019193631700,15.7476318359375,0.0155789696648716,0.0138747960954904,0.0174743732237257
1776180019203564500,15.757564453125,0.0256304080799221,0.0064355860054492,0.0288296059800311
1776180019213497600,15.76749755859375,0.0065247255936264,0.0189560448825359,0.010223178252764
1776180019223430700,15.7774306640625,-0.0047395957425236,0.0083031334429979,0.0168733751232735
1776180019233363700,15.78736376953125,-0.0176397015869617,0.0141623808652162,0.0096278975070454
1776180019243296500,15.797296630859377,-0.0120633627593517,-0.0008458031743764,-0.0047080863594077
1776180019253229600,15.8072294921875,-0.0353694195449352,0.0078916300326585,0.010737849776633
1776180019263162600,15.81716259765625,-0.0263312498256564,0.0044750995874404,0.0209082018636167
1776180019273094700,15.8270947265625,-0.0305415609970688,0.005028057295084,0.0157074731490574
1776180019283027700,15.83702783203125,-0.0219306767791509,0.0025222119539976,0.0018402393055148
1776180019292960800,15.846960693359376,-0.0031479426369071,0.0060451253831386,0.0206089631887152
1776180019302893600,15.8568935546875,0.0180640644788742,-0.004287468060851,0.000985997096356
1776180019312826600,15.86682666015625,0.0173451025545597,0.012081482937932,-0.0100130243671126
1776180019322759700,15.876759765625,0.0134574474662542,0.0198591312021017,0.0181577158453874
1776180019332692700,15.886692626953124,0.021814941444993,0.0107090255409479,0.0175878618018701
1776180019342625500,15.89662548828125,0.0090504446789622,0.0073901102513074,0.0248529209014028
1776180019352558600,15.90655859375,0.0141197107672691,0.0026841245174407,0.0070473977608606
1776180019362491600,15.91649169921875,0.0174023856997489,0.0243710556685924,0.0065926397306844
1776180019372424700,15.9264248046875,-0.0094201547741889,0.0251677590042352,-0.0055256498199887
1776180019382357500,15.936357421875,-0.0277788182854652,0.0203577283740043,-0.0035787535359151
1776180019392289500,15.94628955078125,-0.0298211377680301,-0.0028483751684427,0.0265012360977008
1776180019402222600,15.95622265625,-0.0466892704606056,0.015947510716319,0.0169379647920839
1776180019412155600,15.96615576171875,-0.0303913388714194,0.0155307466089725,0.014644721022062
1776180019422088700,15.976088623046875,-0.0004725859478116,0.0175023389428853,0.0213000872580334
1776180019432021500,15.986021484375,0.0588040711462497,0.0378197353065013,0.024860263957642
1776180019441954600,15.99595458984375,0.0400619612753391,0.0397615170240402,0.0352069407259114
1776180019451887600,16.0058876953125,0.0673240622103214,0.0277981075078248,0.016755009440612
1776180019461820700,16.015820556640627,0.088701489020884,0.0208270994514226,-0.0076322301778011
1776180019471753500,16.02575341796875,0.1190206394389271,0.0211965172857046,-0.0080686670999974
1776180019481686500,16.0356865234375,0.0659872606486082,0.0200689745604991,0.0215520161924883
1776180019491618600,16.04561865234375,-0.008550970724225,0.0121861123561859,0.0297984875448048
1776180019501551600,16.055551513671876,-0.0879360576063394,0.0144242466717958,0.0137558641572482
1776180019511484700,16.065484619140626,-0.1109869705870747,0.0074853873193264,-0.0003125548142008
1776180019521417700,16.075417724609373,-0.1155368889763951,0.0098223058342933,0.0374330740764737
1776180019531350500,16.0853505859375,-0.1238435295507311,0.017129998499155,0.0650193471982143
1776180019541283600,16.09528369140625,-0.1105374732539057,-0.0169721775889396,0.0643830403223633
1776180019551216600,16.105216552734376,-0.0323088629305362,-0.0107253921538591,0.0171968531902879
1776180019561149700,16.115149658203126,0.0651207069471478,-0.0176069683611392,0.0204781764158979
1776180019571082500,16.12508251953125,0.1401212951347231,-0.0037087913900613,0.0252891568941995
1776180019581015600,16.135015625,0.1742684794083237,-0.0040016368567943,0.004498151669465
1776180019590948600,16.144948486328126,0.1680620259836316,0.0079138418644666,-0.0351296377060003
1776180019600880600,16.154880615234376,0.1592941976383328,0.0313145911961793,-0.0260520675580948
1776180019610813700,16.164813720703126,0.1255368894651532,0.0255734171956777,-0.0009595292145386
1776180019620746500,16.17474658203125,0.0530979684591293,0.0127279641479253,0.0337752091560512
1776180019630679600,16.184679443359375,-0.0461783983290195,0.0110158995330333,0.0222596712714992
1776180019640612600,16.194612548828125,-0.0734951520606875,0.0150058459520339,-0.0032257388471625
1776180019650545700,16.204545654296876,-0.0929240751519799,-0.0062350949972867,0.0120338261376135
1776180019660478500,16.214478515625,-0.0752221219837665,0.0022644378006458,0.045905810199026
1776180019670411500,16.22441162109375,-0.0509399136424064,0.0155079502552747,0.0265698808871209
1776180019680344600,16.234344482421875,-0.0169964352473616,-0.0048474400311708,-0.0083086681346409
1776180019690277600,16.244277587890625,0.0101943540170788,-0.0134440034627914,-0.0122221517839469
1776180019700210700,16.254210693359376,0.0576493481531739,0.0033984102666378,-0.0023297215892001
1776180019710143500,16.2641435546875,0.0636512189164757,0.0145043261706829,0.0417660617794841
1776180019720075500,16.274075439453124,0.0321978037714958,0.0280360079169273,0.026491591486521
1776180019730008600,16.284008544921875,0.0165861008808016,0.0329763869285583,0.0103440829523839
1776180019739941600,16.293941650390625,0.0439028546124696,0.0449374583572149,-0.0102814477786421
1776180019749874700,16.303874755859376,0.0473415968894958,0.0258458043962717,0.0046027810877189
1776180019759807500,16.313807373046874,0.0340519072055816,0.0099000472456216,0.0150610467379912
1776180019769740500,16.323740478515624,0.0234054255068302,0.0148819273114204,0.0235777863990515
1776180019779673600,16.333673583984375,0.0215022222340106,0.0054711248874664,0.0270564770939759
1776180019789606700,16.343606689453125,0.0043897593915462,-0.0362841963022947,0.0329074864108115
1776180019799539500,16.35353955078125,-0.0139709499463438,-0.0148421798229217,0.0208456580214202
1776180019809472500,16.363472412109374,-0.0098524087116122,-0.0075917703032493,-0.0011071940569207
1776180019819405600,16.373405517578124,0.0001996142253279,-0.0163151749849319,0.0251369620071724
1776180019829337600,16.383337646484375,0.0186342655822634,0.0139180507153272,0.0120638559496961
1776180019839270700,16.393270751953125,0.0532858922466635,0.0073936173826456,-0.0062429860427975
1776180019849203700,16.40320361328125,0.0806011846736073,0.0104284550338983,-0.0205526846905238
1776180019859136500,16.413136474609374,0.0531789247408509,0.0077846625268459,0.0160397373107261
1776180019869069600,16.423069580078124,0.0269625334665179,0.0049444706648588,0.0244853479643352
1776180019879002600,16.433002685546874,0.0298494870796799,-0.0062543842196464,0.0377622694982215
1776180019888935700,16.442935791015625,0.0331999665513634,-0.0013379706054925,0.033384876397904
1776180019898868500,16.452868408203123,0.0235831201612949,0.0134714759916067,-0.009950443992298
1776180019908801500,16.462801513671874,-0.040341947260499,0.0361743061870336,0.0110436277901753
1776180019918734600,16.472734619140624,-0.0545005287334322,0.0332207170784473,0.0535078461679629
1776180019928667600,16.482667724609374,-0.0385498031467199,0.0072328738629817,0.0593336479783058
1776180019938599700,16.492599609375,0.0047077392995357,0.0072971712708473,0.0601243599645793
1776180019948532500,16.502532470703127,0.0342538595184683,0.0197492410868406,0.0386133333696052
1776180019958465500,16.512465576171873,0.0114978378310799,0.0097802202582359,0.0388695183540694
1776180019968398600,16.522398681640624,0.02140080768615,-0.0082213003784418,0.0261928825345821
1776180019978331600,16.53233154296875,0.0287815655872225,-0.0214864401429891,0.0597661211114376
1776180019988264400,16.542264404296876,0.0447471964821219,-0.0249625918209552,0.0518351454490795
1776180019998197500,16.552197509765627,0.0297381356596946,-0.036175475230813,0.0499076297189109
1776180020008130600,16.562130615234373,0.014640227510035,-0.0344411987841129,0.0488193595581687
1776180020018063600,16.572063720703124,-0.0156052731499075,-0.0372971727371215,0.0352143203147687
1776180020027996400,16.581996337890626,-0.0150640058800578,-0.0328717575103044,0.0145228116754442
1776180020037929500,16.591929443359376,-0.0249722364321351,-0.0171557174623012,0.0187994112824089
1776180020047861500,16.601861572265626,-0.0397846056386828,-0.0220078336685895,0.0136882788137532
1776180020057794600,16.611794677734373,-0.0446715008974075,-0.0109130236804485,0.034013584489189
1776180020067727600,16.6217275390625,-0.0270505040109157,-0.0058294368058443,0.0288378988843411
1776180020077660700,16.63166064453125,0.0187704591825604,-0.013646248036623,0.0282374670394696
1776180020087593500,16.641593505859376,0.059124389141798,-0.0175537768691778,0.0129285830202512
1776180020097526500,16.651526611328126,0.0621077888667583,-0.0077951839208602,0.0208777336601167
1776180020107459600,16.66145947265625,0.04877922847718,-0.0256798001796007,0.0265620081079192
1776180020117392600,16.671392578125,0.0374900649607181,-0.0142179104447364,0.0547362189191393
1776180020127325400,16.681325439453126,0.011656243263185,-0.029612463453412,0.0791150195027701
1776180020137258500,16.691258544921876,0.004442366361618,-0.0109545247346162,0.0420933757713995
1776180020147191600,16.701191650390626,-0.0448947882592678,-0.0245692085891962,0.037922209300287
1776180020157123600,16.71112353515625,-0.073876552593708,-0.0039496144086122,0.0350811041228473
1776180020167056600,16.721056640625,-0.0654272886782884,-0.0305962137937545,0.0394778047118336
1776180020176989400,16.730989501953125,-0.0591828413307666,-0.0094821140944957,0.039820371071808
1776180020186922500,16.740922607421876,-0.0569838699817657,0.0117974052995443,0.0321169936202466
1776180020196855600,16.75085546875,-0.0534366988942027,0.0153670804798603,0.0231822112102061
1776180020206788600,16.76078857421875,-0.0341416313156485,0.0258124866485595,0.034402766469866
1776180020216721400,16.770721435546875,-0.0145998954996466,0.0011117606341838,0.0267876518236473
1776180020226654500,16.780654541015625,-0.0002346855387091,-0.0033235914647579,0.0200690110931172
1776180020236587500,16.79058740234375,-0.0043368601605296,0.0100701431155204,-0.0014486644383519
1776180020246520600,16.8005205078125,-0.022794015610218,0.0186357268869876,-0.0136188120404258
1776180020256453600,16.81045361328125,-0.0405950452387332,0.0228302559673786,0.0211693370178341
1776180020266385700,16.8203857421875,-0.0580292873814702,0.0226163209557533,0.0545542316820472
1776180020276318500,16.830318359375,-0.0967103156924247,0.0112532154202461,0.0264774898959323
1776180020286251500,16.84025146484375,-0.1208098609432578,0.0232803378224372,0.0060430430239066
1776180020296184600,16.8501845703125,-0.0948328313827514,0.0296054491907358,0.0086550886858254
1776180020306117600,16.86011767578125,-0.0597635638281702,0.0008002104669809,0.0463476539487019
1776180020316050400,16.870050537109375,-0.017659575331211,-0.0308119023710489,0.0606660290932282
1776180020325983500,16.8799833984375,0.0235442494556307,-0.0329641119688749,0.0571453441537916
1776180020335916500,16.88991650390625,0.034929566822946,-0.0489063619881868,0.0304824877535924
1776180020345849600,16.899849609375,0.0172466106161475,-0.0674649319857358,0.0251114257071167
1776180020355782400,16.909782470703124,-0.0007879355072975,-0.0475742366015911,0.0274237943027168
1776180020365715500,16.919715576171875,-0.0145291683509945,-0.017159809115529,0.0132959367616102
1776180020375647500,16.9296474609375,-0.0165282332137227,-0.0053150575429201,-0.0177453904511407
1776180020385580500,16.93958056640625,-0.040021044743061,0.0115016372233629,-0.0326406156355515
1776180020395513600,16.949513671875,-0.0370046195313334,0.0115665191531181,-0.0294408332135528
1776180020405446700,16.95944677734375,-0.0165007606849074,-0.0116331546485424,0.0081901380551978
1776180020415379500,16.96937939453125,-0.0217208334207534,-0.0154307933658361,0.0268608997229486
1776180020425312500,16.9793125,-0.039226679494977,0.0284621243745088,0.0011914748068898
1776180020435245600,16.98924560546875,-0.0832137052595615,0.0170996033608913,0.0038562735693529
1776180020445178600,16.9991787109375,-0.1033469772279262,-0.0035626609176397,0.0324357041805982
1776180020455111400,17.009111328125,-0.1045209894433617,-0.012023615270853,0.0267148057831451
1776180020465044500,17.01904443359375,-0.0556476529419422,0.0258615864872932,0.0200448995651677
1776180020474977500,17.0289775390625,-0.0176405783697962,0.0180178872495889,-0.0076570540918037
1776180020484909600,17.03890966796875,-0.0205316236361861,0.0303097980678081,0.0070743223004043
1776180020494842600,17.048842529296873,0.0014344167172908,0.0240922387272119,-0.0202933213682845
1776180020504775400,17.058775390625,0.0063455696344375,0.008433481824398,-0.0110647436434403
1776180020514708500,17.06870849609375,-0.0089306176915764,0.0201554838001728,-0.0256491127803921
1776180020524641500,17.0786416015625,-0.018558569997549,0.0320166019856929,-0.0183902276933193
1776180020534574600,17.08857470703125,-0.0459852138444781,0.011210545322299,0.0206647119639441
1776180020544507400,17.09850732421875,-0.0422384285315871,0.0049421325773,0.0599906871149316
1776180020554440400,17.1084404296875,-0.0408370373010635,0.0081248542666435,0.0254992194483056
1776180020564373500,17.11837353515625,0.002612812846899,0.0058165773242712,0.0125064303517341
1776180020574306600,17.128306640625,0.0365779185518622,0.0079267013460397,0.0113753439625725
1776180020584238600,17.138238525390626,0.0728781892061233,-0.0127086749255657,0.0241854699686169
1776180020594171600,17.148171630859373,0.0907522840708494,-0.0064215574800968,0.0235105298491194
1776180020604104400,17.1581044921875,0.0137862410292029,0.0046358431071043,-0.0243925733806565
1776180020614037500,17.16803759765625,-0.0307303615674376,0.020543021813035,-0.0399528748776763
1776180020623970600,17.177970458984376,-0.0864832284495234,0.0304220262706279,0.0117743166849017
1776180020633903600,17.187903564453126,-0.0956944166481494,0.0320236162483692,0.0336646614536643
1776180020643836400,17.19783642578125,-0.0871826088905334,0.0316910232931375,0.0249447273707017
1776180020653769500,17.20776953125,-0.0738660311996936,0.0470277086347341,0.0002618658065795
1776180020663702500,17.21770263671875,-0.0745768098175525,0.0410340211778879,-0.0037418534094467
1776180020673635600,17.227635498046876,-0.063190031145513,0.046996144452691,0.0090147523110732
1776180020683568400,17.237568359375,-0.0393555665716528,0.0345031581044197,0.0204899764515459
1776180020693501400,17.24750146484375,-0.0225073076233267,0.0524976644784212,0.0086631623944267
1776180020703433500,17.25743359375,-0.0298117854177951,0.0319651640594005,0.0205972727509215
1776180020713366500,17.267366455078125,-0.0493102666139602,0.0126566524773836,0.0065430284352973
1776180020723299600,17.277299560546876,-0.0510682161971926,0.021512743628025,-0.0033719606511294
1776180020733232400,17.287232421875,-0.0321463658452033,0.0332727395266294,-0.0128556091155856
1776180020743165400,17.29716552734375,-0.005199614469707,0.0542880550265312,-0.0160171784190461
1776180020753098500,17.307098388671875,0.0192334005191922,0.0496083727777004,0.0045450595511123
1776180020763031600,17.317031494140625,0.0410930578887462,0.0435129785120487,-0.0120502475494518
1776180020772964400,17.32696435546875,0.0334513109639287,0.0236871650576591,-0.0204446394724771
1776180020782897400,17.3368974609375,0.0361710913166403,0.0282458512753248,7.46726714074e-05
1776180020792830500,17.34683056640625,-0.0022948329389095,0.00156651866436,0.0310627718595787
1776180020802762500,17.356762451171875,-0.0437318819597363,0.0494715946555137,-0.0069909548658877
1776180020812695600,17.366695556640625,-0.0754278736889362,0.038689503878355,-0.0111404026955366
1776180020822628600,17.376628662109376,-0.0863841519892215,0.0186620303720235,0.0122446010777726
1776180020832561400,17.3865615234375,-0.070045888389647,0.0295265387356281,0.0255647954978048
1776180020842494500,17.396494384765624,-0.0596399374485015,0.0278986452728509,0.0082644819330424
1776180020852427500,17.406427490234375,-0.0400642993628978,0.0146118781983852,0.0135464043913409
1776180020862360600,17.416360595703125,-0.0511260838642716,0.0037339258313179,-0.0179097506999969
1776180020872293400,17.42629345703125,-0.025272680683434,0.0256710323512554,-0.021723098443076
1776180020882226400,17.436226318359374,0.0140890233680605,0.011799743387103,-0.036134595231153
1776180020892159500,17.446159423828124,0.0461874584183096,-0.0034592005431652,-0.0028091391365975
1776180020902092500,17.456092529296875,0.041699499349296,-0.0117272626727819,0.0126440121915191
1776180020912024600,17.466024658203125,0.0376680518761277,-0.0021890344768762,0.0109474739393219
1776180020921957400,17.475957275390623,0.0318155264556407,-0.0156090725421905,0.0101191333563998
1776180020931890400,17.485890380859374,-0.0154866152063012,-0.011212298887968,-0.0062534709041938
1776180020941823500,17.495823486328124,-0.0728141840592026,-0.0248012637794017,0.0005537979578599
1776180020951756500,17.505756591796874,-0.1139630637884139,-0.026639585122466,-0.0219886540440842
1776180020961689600,17.515689697265625,-0.0744350632593035,-0.0186900874227285,-0.0061347033627331
1776180020971622400,17.525622314453123,-0.0457742014423012,-0.0090092358857393,-0.0091473657147958
1776180020981555500,17.535555419921874,-0.0326025851801037,0.0096218148261308,-0.0181764388121664
1776180020991488500,17.545488525390624,-0.0543564440876245,0.0270370600074529,0.0024335107572376
1776180021001421600,17.555421630859374,-0.0600154927626252,0.0127601128518581,0.015275164412707
1776180021011354400,17.565354248046877,-0.0280979672372341,0.0172486564427614,0.0022447101868689
1776180021021286400,17.575286376953127,-0.0344607802674174,0.0093669632822275,-0.0104944329421967
1776180021031219500,17.585219482421873,-0.0311117621004581,-0.0106423900455236,-0.0074487451033666
1776180021041152500,17.595152587890624,-0.0368865461096167,-0.0129512515097856,0.0558311562826856
1776180021051085600,17.60508544921875,-0.052287236598134,-0.0096405195266008,0.0550481526788324
1776180021061018400,17.615018310546876,-0.025884382840991,-0.0219271696478128,0.0183956345207989
1776180021070951400,17.624951416015627,0.0219841605320572,-0.0093061730057001,-0.0272629046525806
1776180021080884500,17.634884521484373,0.0213470316722989,0.0271516262978315,-0.0639277708355337
1776180021090817500,17.644817626953124,0.0104863227009773,0.0272796365916728,-0.056622160529904
1776180021100750300,17.654750244140626,-0.005529577076435,0.0157616327553987,-0.0182334296964108
1776180021110683400,17.664683349609376,-0.0083972414672374,0.0046820203363895,-0.019160919804871
1776180021120616400,17.674616455078127,0.0204205644771456,0.0037649054914712,-0.0160306224225088
1776180021130548500,17.684548583984373,0.0126657125666737,-0.0006587561696767,-0.0130469304366037
1776180021140481500,17.6944814453125,-0.0083519410207867,-0.0133428811758756,-0.0258865747980773
1776180021150414600,17.70441455078125,-0.0174120303109288,-0.0405909535855054,-0.0019565408952534
1776180021160347400,17.714347412109376,-0.0737958885729312,-0.0633978286772966,0.0178999599583446
1776180021170280400,17.724280517578126,-0.1160559444144368,-0.0325473478615283,-0.0088269015887752
1776180021180213500,17.734213623046877,-0.1276525664448738,-0.0276736043453216,-0.0048429099865257
1776180021190146600,17.744146484375,-0.1243719373390078,-0.0142389532327651,0.010831081018038
1776180021200079400,17.754079345703126,-0.0912885829046368,-0.0047451487004756,0.0226101834759116
1776180021210012400,17.764012451171876,-0.0246548410460352,0.0133808750987052,0.03212579798121
1776180021219945500,17.773945556640626,-0.0020057868644595,0.0265267723977565,0.0052780500007793
1776180021229878500,17.78387841796875,-0.0054249476581811,0.0323784210354089,-0.014457235625945
1776180021239810600,17.793810546875,0.0008209609940648,0.0330722485184669,-0.0138719465512782
1776180021249743400,17.803743408203125,0.0116273094296455,0.0227636204719543,0.0151404321171343
1776180021259676400,17.813676513671876,0.0301414557635784,0.025033903491497,0.0230261438656598
1776180021269609500,17.823609375,0.0353001537010073,-0.00613572627604,0.0326361221235245
1776180021279542500,17.83354248046875,0.0132937813371419,-0.0210766902983188,0.0362809083666652
1776180021289475300,17.843475341796875,-0.0091784549728035,-0.0182651400089263,0.0167107501737773
1776180021299408400,17.853408447265625,-0.0287178527012467,-0.0228454535365104,-0.0126213254356756
1776180021309341400,17.863341552734376,-0.0462727986142039,-0.0232668938189744,-0.0240268818734213
1776180021319274500,17.8732744140625,-0.055931438319385,-0.0282382524907588,-0.0260597028752788
1776180021329207300,17.883207275390625,-0.0606488222301006,-0.0213292037546634,-0.0123261053487658
1776180021339139600,17.8931396484375,-0.0426119380190968,0.0029477438896894,-0.0133730936510488
1776180021349072400,17.903072265625,-0.0224073543801903,0.0078998133391141,-0.0212707515656948
1776180021359005400,17.91300537109375,0.0129834002137184,0.0326677593708038,-0.016494038683176
1776180021368938500,17.9229384765625,0.0607046440705656,0.0278676656126976,-0.0050472734522074
1776180021378871600,17.93287158203125,0.0748626410216093,0.0401549002557992,-0.0204944699635729
1776180021388804400,17.942804443359375,0.0196896198540925,0.0209434193074703,-0.0082609382690861
1776180021398737400,17.9527373046875,-0.0216632580146193,-0.0008504793494939,-0.0170758571591228
1776180021408670500,17.96267041015625,-0.0424161231860518,0.00197685303092,-0.0131070265933871
1776180021418603500,17.972603515625,-0.0786933052256703,8.59247177839e-05,-0.0018664514590054
1776180021428536300,17.982536376953124,-0.1041252681240439,0.0128998135834932,0.0015310089595615
1776180021438469400,17.992469482421875,-0.0976093103587627,-0.0075824179530143,-0.0127574094381183
1776180021448402400,18.00240234375,-0.0440223893389105,-0.0031938276052474,-0.0032249533958733
1776180021458334500,18.01233447265625,0.002838438296318,-0.0072428107351064,-0.002206643198803
1776180021468267500,18.022267578125,0.0272641467615962,0.0070686232119798,-0.0138148460691794
1776180021478200300,18.032200439453124,0.0339253582164645,-0.0025619594424962,-0.0031090719312429
1776180021488133400,18.04213330078125,0.0452127681672573,-0.0019312603235244,-0.0028066914511844
1776180021498066400,18.05206640625,0.0363756739780306,-0.001478840380907,-0.0022203063979744
1776180021507999500,18.06199951171875,0.0318494287252426,0.005089432093501,0.0045660292739048
1776180021517932300,18.07193237304688,0.0158358670353889,-0.0061865796804428,-0.0203769079985097
1776180021527865300,18.081865234375,0.0018131869018077,-0.0116074356853961,-0.0306635799415409
1776180021537798400,18.09179833984375,-0.052464346730709,-0.0002191957086324,0.0026975319882854
1776180021547731500,18.1017314453125,-0.081784256978333,0.0196948805510997,-0.005485884065181
1776180021557663500,18.11166357421875,-0.1014414358675479,0.0088730422854423,0.0169796667756512
1776180021567596500,18.12159643554688,-0.1033446391403675,0.0023322423398494,0.0202005650509148
1776180021577529300,18.131529296875,-0.0906941241428256,0.0004553425520658,-0.0073239862125366
1776180021587462400,18.14146240234375,-0.0639993017017841,-0.00018646248281,-0.0027146292535588
1776180021597395500,18.1513955078125,-0.0146139240249991,0.0038818098694086,0.0220989825507625
1776180021607328500,18.16132861328125,0.0191670572847127,0.0040823008775711,0.0318094985736534
1776180021617261300,18.17126123046875,0.0325038009807467,0.01652384929955,0.0031140038346871
1776180021627194400,18.1811943359375,0.0360199924081563,-0.0209019182533025,-0.0125177189307287
1776180021637127400,18.19112744140625,0.0214341254338622,-0.0232628021657466,-0.0142373457975685
1776180021647060500,18.201060546875,0.0011325111612677,-0.0378857862800359,-0.0145339906565845
1776180021656993300,18.2109931640625,-0.0051832478567957,-0.0251502233475446,-0.0043993309374898
1776180021666925300,18.22092529296875,-0.0278445769980549,-0.0227472538590431,-0.0221525393689051
1776180021676858400,18.2308583984375,-0.0239940390497446,0.0087438629478216,-0.0220025364389643
1776180021686791400,18.24079150390625,-0.0333475583285093,0.0107049338877201,-0.0125867290463298
1776180021696724500,18.250724365234376,-0.0670130965650081,0.0076572367548942,0.005199614469707
1776180021706657500,18.260657470703126,-0.0781482385635375,0.0059913493692874,-0.026417430271767
1776180021716590300,18.27059033203125,-0.0680196432590484,0.0142009593099355,-0.017352482143417
1776180021726523400,18.2805234375,-0.036167876446247,0.0198731597274541,0.0122580816138535
1776180021736456400,18.29045654296875,-0.0197194304704666,0.0164116210967302,0.0440632693385705
1776180021746389500,18.30038940429688,-0.0329614816203713,-0.0037853637576103,0.0469581870624795
1776180021756322300,18.310322265625,-0.0241606277883052,-0.0317523980915546,0.0409606271481141
1776180021766255400,18.32025537109375,-0.0132823831602931,-0.0250678057610988,0.02611347888913
1776180021776187400,18.3301875,-0.0121425654754042,-0.025024551141262,0.001540178646706
1776180021786120400,18.340120361328125,-0.0030751696616411,-0.0064794251471757,-0.0148843384642153
1776180021796053500,18.35005346679688,-0.0246703308761119,0.0085825349062681,-0.0207067975400015
1776180021805986300,18.359986328125,-0.0245782686784863,0.0182131175607442,-0.0551935159662738
1776180021815919400,18.36991943359375,-0.0191924839869141,0.0175952779233455,-0.0594327244386076
1776180021825852400,18.379852294921875,-0.0188604755535721,0.023077508726716,-0.0344314445750787
1776180021835785500,18.389785400390625,-0.0115358317539095,0.0064496145308017,-0.0060412529256194
1776180021845718300,18.39971826171875,-0.0078925068154931,0.006896773776412,-0.0043490620549768
1776180021855651300,18.4096513671875,-0.0325529008194804,-0.0221446117907762,-0.0076695847798138
1776180021865584400,18.41958447265625,-0.0401622067794203,-0.0315881474405527,0.0271052664054557
1776180021875517400,18.42951733398437,-0.046485272321105,-0.0197030638575553,0.0089347824100404
1776180021885449500,18.439449462890625,-0.0394955595642328,-0.0276660055607557,0.0197526386203244
1776180021895382500,18.449382568359376,-0.0299646378919482,-0.0260538941890001,-0.0083177830228582
1776180021905315300,18.4593154296875,-0.0321764687225222,0.0033545711249113,0.017554215260595
1776180021915248400,18.469248291015624,-0.0365808411613106,-0.0165466456532478,0.0287803234782069
1776180021925181400,18.47918139648437,-0.041181028433144,-0.0034404958426952,0.0178549517728388
1776180021935114500,18.489114501953125,-0.0602767740473151,0.0166530286371707,-0.0027241277342662
1776180021945047300,18.49904736328125,-0.0408478509560227,0.0315863938748836,-0.0106330376952886
1776180021954980400,18.50898046875,-0.0248027250841259,0.0325654680401086,-0.0088876553326845
1776180021964913400,18.518913330078124,0.0026344401568174,0.0126496382147073,-0.0114960842654109
1776180021974846500,18.528846435546875,0.003685118253529,0.0254331319421529,0.0248995365221053
1776180021984779300,18.538779296875,0.0029927520751953,0.0050660512179136,0.0235861523685976
1776180021994712300,18.54871240234375,-0.0083592475444078,0.0017892215043306,0.0143192884599789
1776180022004645400,18.55864526367188,-0.0124167062416672,0.0131646019995212,-0.001179382510297
1776180022014578400,18.568578369140624,-0.0118859603658318,0.0226689279258251,-0.0028863690912723
1776180022024511200,18.57851123046875,-0.0135682143643498,0.0185661687821149,0.0119992114819586
1776180022034444300,18.5884443359375,0.0205459444224834,0.0108276834845542,0.0030124431563541
1776180022044377300,18.59837744140625,0.0412415264487266,0.0432096116513013,-0.0104063893325626
1776180022054310400,18.60831030273437,0.0433422981202602,0.0206207632243633,-0.0222528214056044
1776180022064243200,18.6182431640625,0.0382256857588887,0.0170259536027908,-0.0585382780832238
1776180022074176300,18.62817626953125,-0.0241235106483101,0.0075263038516044,-0.0546773466050624
1776180022084109300,18.638109375,-0.135818921765685,-0.0133756144016981,-0.0059282758041284
1776180022094042400,18.64804248046875,-0.1747556784033775,-0.0184013336092233,0.0234871855061501
1776180022103974400,18.657974365234377,-0.1683265221387147,-0.0352846638709306,0.0298975822714157
1776180022113907500,18.667907470703124,-0.1323977151453494,-0.0162017777383327,0.0307158033191226
1776180022123840300,18.67784033203125,-0.0423348746433854,0.0096428576141595,0.021884280354157
1776180022133773300,18.687773193359376,0.0197892808362841,0.0351911403685808,-0.0070107920775189
1776180022143706400,18.697706298828123,0.0572322917848825,0.022432196560502,0.0094091036572121
1776180022153639400,18.70763940429688,0.0658005059048533,0.0191986214667558,-0.0083476849707774
1776180022163572200,18.717572265625,0.0300534852191805,0.0223918645501136,-0.0434383606395684
1776180022173505300,18.72750537109375,-0.021410160036385,0.0207446818649768,-0.043876660725288
1776180022183438300,18.73743823242188,-0.0629687896102666,0.0211526781439781,-0.0056961840813048
1776180022193371400,18.747371337890623,-0.0651648383498191,0.0421685781657695,-0.0108503337077796
1776180022203304200,18.75730419921875,-0.0715276513800025,0.038659693261981,0.0048121312557719
1776180022213236200,18.767236328125,-0.0669613663777708,0.0126169049888849,0.0242026037665083
1776180022223169300,18.77716918945313,-0.0460875051751732,-0.0070475804239511,0.0224985580612905
1776180022233102300,18.78710229492188,0.0110717213734984,-0.0102747257769107,0.0123340146605856
1776180022243035400,18.797035400390627,0.0522378444984555,-0.0177910927563905,-0.0035404490858316
1776180022252968200,18.80696826171875,0.0983484382882714,0.0053074587583541,-0.0302084931178018
1776180022262901200,18.8169013671875,0.1350400463476777,0.014841595301032,-0.0049637598872184
1776180022272834300,18.826834228515622,0.1308306119590997,0.0110866266816854,0.0100838793799281
1776180022282767400,18.836767333984376,0.1038040733456611,0.0145925889760255,0.0193070502772927
1776180022292700400,18.846700439453127,0.0818178669869899,0.0056552492827177,0.0204155960410833
1776180022302633200,18.85663330078125,0.0803632842645049,0.037771804511547,0.0327348332576453
1776180022312566300,18.86656616210937,0.0688169311165809,0.0367447995513677,0.0376990315362811
1776180022322498300,18.876498291015626,0.0268327696070075,0.05285422283113,0.01419489489533
1776180022332431400,18.886431396484376,0.0254652806460857,0.0625450112402439,0.0141932143948972
1776180022342364400,18.896364501953126,-0.0167988668486475,0.0294306771457195,0.0180413046577945
1776180022352297200,18.906297119140625,-0.0488029016137123,0.0328624051600694,0.0194405404638499
1776180022362230300,18.91623022460937,-0.0560354832157492,0.0092418755978345,0.0204707237618044
1776180022372163300,18.92616333007813,-0.0589300356134772,0.0274281051516532,0.0144968004513531
1776180022382096400,18.93609643554688,-0.0445601494774222,0.0365080681860446,0.0028689795650541
1776180022392029200,18.946029296875,-0.0310115165963768,0.0287999780267477,0.016953253692761
1776180022401962200,18.955962158203125,-0.0193701786413788,0.0270797301054,0.0253777484931051
1776180022411895300,18.965895263671875,0.006266366918385,0.041996144208312,0.0160941161127761
1776180022421828400,18.975828369140626,0.0395730087146162,0.0418558589547872,-0.0055862756997346
1776180022431761200,18.98576123046875,0.0595192336782813,0.0280769244492053,0.0066046954946592
1776180022441693200,18.99569311523437,0.0252370248481631,0.0169166480094194,0.0510298204155638
1776180022451626200,19.005626220703125,0.0120817751988768,-0.0115974988132715,0.0318336101016029
1776180022461559300,19.015559326171875,0.0351847106277942,-0.012267945420742,0.0293663432052358
1776180022471492400,19.025492431640625,0.0487985176995396,-0.0071732526302337,0.0152608801590278
1776180022481425400,19.03542529296875,0.0532525744989514,0.0094844521820545,0.0175532288799062
1776180022491358200,19.04535815429688,0.0394952673032879,0.0018751462221145,-0.0036201267259195
1776180022501291300,19.055291259765625,-0.015608195759356,0.0094721772223711,-0.0038805312277749
1776180022511224300,19.06522436523437,-0.0613517098024487,0.0275906022369861,-0.0131019485594704
1776180022521157400,19.075157470703125,-0.048730713160336,0.013304887253046,-7.17865945771e-05
1776180022531090200,19.085090087890624,-0.0379886621326208,0.0195458274692297,0.0111882969578728
1776180022541023500,19.0950234375,-0.0074491469621658,0.0037105449557304,0.0036730259569361
1776180022550955300,19.104955322265624,0.0063154667571187,-0.0091372461795806,0.0195125097215175
1776180022560888300,19.11488842773437,0.0111669984415173,-0.0140916537165641,0.0281485649133101
1776180022570821400,19.1248212890625,0.0433045964583754,-0.0218283854484558,0.0222600913966074
1776180022580754200,19.134754150390624,0.0735971511304378,-0.0332791692674159,0.0254832912268117
1776180022590687200,19.14468725585937,0.0686985654339194,-0.0184551096230745,0.0192476847728714
1776180022600620300,19.154620361328124,0.0393769016206264,-0.0040887306183576,0.0083422964096069
1776180022610553300,19.16455322265625,-0.0080509122475981,-0.0030927053183317,0.0048703094501048
1776180022620486100,19.174486083984377,-0.0149053081870079,0.0132218851447105,0.0318119827916845
1776180022630419500,19.18441943359375,-0.0161494630292057,0.0165963300138711,0.0417863008499145
1776180022640352500,19.1943525390625,0.0047290743485093,0.0159311441034078,0.0326526713995262
1776180022650284300,19.2042841796875,0.0165703187897801,0.0242787012100219,0.0144391885126009
1776180022660217300,19.21421728515625,0.0073205521464347,0.0216039290428161,0.0273116391651332
1776180022670150400,19.224150390625,0.0066357847526669,0.0175467626065015,0.0441782740203663
1776180022680083200,19.234083251953123,0.0018999884024262,0.024407296025753,0.0632767595808953
1776180022690016300,19.24401635742188,0.0086409870952367,0.0007213000118732,0.038215748886764
1776180022699949300,19.25394921875,0.0303270414635539,-0.0015618424892425,0.0358848947864025
1776180022709882400,19.26388232421875,0.0309349442288279,0.0093470895379781,0.0191448819855228
1776180022719815400,19.2738154296875,-0.0215299870237708,0.0136450789928436,-0.0254604583404958
1776180022729748500,19.28374853515625,-0.0126084294214844,-0.0140232646554708,0.0231237224886193
1776180022739681500,19.293681640625,0.0149622990712523,0.0213397251486778,-0.0014307999880984
1776180022749614600,19.303614501953124,0.0519315550282597,0.0193932672560214,-0.0150372640036046
1776180022759547400,19.31354736328125,0.077589727897942,-0.0120212771832942,-0.0147527845064178
1776180022769479200,19.32347924804688,0.0935322701781988,0.0089355861276388,-0.0129376613758504
1776180022779412200,19.333412109375,0.1034299793362617,0.0089718264847993,0.0134030686642043
1776180022789345300,19.34334521484375,0.0899824687421321,0.0112432785481214,0.0292208703199401
1776180022799278300,19.3532783203125,0.0787584794163703,0.0162953012406826,0.0429132225206121
1776180022809211400,19.36321142578125,0.0312692907497286,0.0259106863260269,0.0507195306236855
1776180022819144400,19.37314453125,0.0016685177341103,0.0225830032080411,0.0630333244801499
1776180022829077500,19.383077392578127,-0.0295300458669662,0.0289525382399559,0.0421510425090789
1776180022839010600,19.39301049804688,-0.0497886977806687,0.0046557168513536,0.0384820168738253
1776180022848943400,19.402943359375,-0.0995198201552033,0.0270557647079229,0.0287729621556587
1776180022858876400,19.41287646484375,-0.1054752214282751,0.0186579387187957,0.0173871333316899
1776180022868808200,19.42280810546875,-0.058010874941945,0.0085205755859613,0.0133581700765527
1776180022878741200,19.4327412109375,-0.0509223779857158,0.0128688339233398,0.0388228296681307
1776180022888674300,19.44267431640625,-0.0341468920126557,0.0331628494113683,0.037894462776836
1776180022898607600,19.452607666015624,0.0018596563920378,0.038163434177637,0.032252657497581
1776180022908540400,19.46254052734375,0.0416515685543417,0.0212321731209754,0.0328356998162344
1776180022918473500,19.47247338867188,0.073538991202414,0.0119382750749588,0.0180694347737357
1776180022928406500,19.482406494140623,0.0950061421230435,0.0107370825916528,0.0197542095229029
1776180022938339600,19.492339599609377,0.0980263667270541,-0.007691139024496,0.0177431436951272
1776180022948272400,19.5022724609375,0.0782718649432063,-0.0067266779065132,0.01803734086873
1776180022958205400,19.512205322265626,0.0321387670606374,-0.0057288990408182,0.0331819194380193
1776180022968138500,19.522138427734376,0.0175721893087029,-0.0073708210289478,0.0182849589542485
1776180022978071600,19.532071533203126,0.0149476860240101,0.0094388594746589,0.0193644795529544
1776180022988003600,19.542003662109376,-0.0111032855555415,-0.007495324191451,0.0310307144871912
1776180022997937200,19.55193725585937,0.0088189740106463,0.0040571664363145,0.0371520469116978
1776180023007870200,19.5618701171875,-0.0005713701471686,0.0210018714964389,0.0343172984098084
1776180023017803300,19.57180322265625,-0.0040706104397773,0.0133276836067438,0.0142452916420064
1776180023027736000,19.58173608398437,-0.0254196879386901,0.0127723878115415,0.0274199766441248
1776180023037669000,19.591669189453125,-0.0118739776670932,0.0003080430358648,0.0314996471731923
1776180023047602200,19.601602294921875,-0.0387456179797649,0.0003156418204307,0.0233329265262
1776180023057535200,19.61153515625,-0.0319461670979857,0.0079547583967447,0.0132134461099281
1776180023067468300,19.62146826171875,0.0151323949411511,0.0194406135290861,0.0176343860910274
1776180023077401000,19.63140112304687,0.0558168720290064,0.0221025262147188,-0.0083902089382521
1776180023087334100,19.641334228515625,0.0811468358576297,0.0356482364863157,0.005278652788978
1776180023097266200,19.65126611328125,0.076489365440607,0.0410801984071731,0.0327294446964748
1776180023107199200,19.66119921875,0.0509261773779988,0.0292559051007032,0.0419070411527529
1776180023117132300,19.67113232421875,0.0176224581912159,0.0317009601652622,0.0372337886447086
1776180023127065000,19.68106518554688,-0.0085395725473761,0.0299865574628114,0.0209127136419527
1776180023136998100,19.690998046875,-0.028909283620119,0.0221750069290399,0.0263268293788656
1776180023146931200,19.70093115234375,-0.0462020714655518,0.0068213704526424,0.0423797001658007
1776180023156864300,19.7108642578125,-0.0736091338291764,0.0037754268854856,0.0425942014330066
1776180023166797000,19.720797119140624,-0.0780441936671733,-0.0044587329745292,-0.0094107293587177
1776180023176730000,19.73073022460937,-0.030261575011909,0.0090051442325115,-0.0265270281260833
1776180023186663200,19.7406630859375,0.0154959675565361,0.0130073656111955,-0.0005598441061563
1776180023196596200,19.75059619140625,0.0353133054435253,0.0238736275404691,-0.0256701555684208
1776180023206528300,19.7605283203125,0.0447837291002273,0.0213122526198625,-0.0394166491091251
1776180023216461000,19.7704609375,0.0259422505080699,0.0172995098471641,-0.0280444286854006
1776180023226394000,19.78039404296875,0.0375453022792935,0.0230284088879823,-0.0175259024815633
1776180023236327200,19.7903271484375,0.0337456177353858,0.0116050975978374,-0.0053696920732967
1776180023246260200,19.80026025390625,0.0091001290395855,0.0020581015735864,0.0211585233628749
1776180023256193300,19.810193359375,-0.0280056127786636,0.0122527478516101,0.0193239648794755
1776180023266126000,19.8201259765625,-0.0304699570655822,-0.0154325469315052,0.0243319109682925
1776180023276059100,19.83005908203125,-0.05464461337924,-0.0143880063146352,0.0374482899119146
1776180023285992200,19.8399921875,-0.066276598984003,0.0074491469621658,0.0318246778764762
1776180023295925200,19.84992529296875,-0.0342938992679119,-0.0056616790235042,0.0336589258326217
1776180023305858000,19.85985815429688,-0.0184825821518898,-0.0007750760257244,0.0390739548849873
1776180023315790000,19.8697900390625,0.0274608383774757,0.0173971250027418,0.0451581153705716
1776180023325723100,19.87972314453125,0.0694651658922433,0.0210258368939161,0.039049240568839
1776180023335656200,19.88965625,0.0771799780532717,0.0150151983022689,0.0035530163064599
1776180023345589200,19.89958935546875,0.1006894484564661,0.0404009839713573,0.0027894297891296
1776180023355522000,19.90952197265625,0.073660279494524,0.0484381599545478,0.0155794811215251
1776180023365455000,19.919455078125,0.0445174793794751,0.044245384439826,0.0091238021761178
1776180023375388200,19.92938818359375,0.0150517309203743,0.0329062443017959,0.0102309231678023
1776180023385321200,19.9393212890625,-0.0049859717190265,0.0391746570467948,0.0235929657018743
1776180023395254000,19.94925390625,-0.0327305954739451,0.0413309582978487,0.0031996362915262
1776180023405187300,19.959187255859376,-0.0564063623547554,0.037967619344592,-0.0027619572603143
1776180023415120400,19.969120361328127,-0.0579006925657391,0.0139122054964303,0.0035620215968228
1776180023425052200,19.97905224609375,-0.0384191625043749,0.0140063135206699,0.0301041742268018
1776180023434985200,19.988985107421875,-0.0604752192288637,0.007044073292613,0.0280689603384584
1776180023444918300,19.998918212890626,-0.088291154654324,0.0030102877318859,0.0054633069071918
1776180023454851000,20.00885107421875,-0.0734843384057283,-0.0164823482453823,-0.0130814902933314
1776180023464784100,20.0187841796875,-0.0415817181885242,-0.016551906350255,-0.0080379797007888
1776180023474717200,20.02871728515625,0.0307858911469578,-0.0108721071481704,-0.0187414340174756
1776180023484650200,20.03865014648437,0.0951265536323189,-0.008873626807332,-0.0032684637440368
1776180023494583300,20.04858325195313,0.0963058265447616,-0.0254863234341144,0.0166780169479548
1776180023504516400,20.05851635742188,0.0728182757124304,-0.0020429040044546,-0.0097479802227579
1776180023514449400,20.068449462890623,0.0293795314803719,0.0065115738511085,-0.0093897779022343
1776180023524382500,20.078382568359373,-0.0021925416082143,0.0057061026871204,0.0209366973057389
1776180023534314200,20.08831420898437,-0.0364636445224285,0.0051963995993137,0.0300001841293647
1776180023544247000,20.0982470703125,-0.0664718292951583,-0.0008235913425683,0.0214642465774901
1776180023554180000,20.10818017578125,-0.0820166044294834,0.00716156219244,0.0228403937689028
1776180023564113200,20.11811303710937,-0.0624266455575823,0.011201192972064,0.0159609181871637
1776180023574046200,20.128046142578125,-0.0302960618034005,-0.0002209492743015,-0.0148761003588326
1776180023583979300,20.137979248046875,0.0048220133289694,0.0126478846490383,-0.0187665867250412
1776180023593912300,20.147912353515625,0.0529845712125301,0.0301028773188591,-0.0231708678322844
1776180023603845400,20.157845458984376,0.0746682874932885,0.018618191230297,-0.0052001807252876
1776180023613778400,20.1677783203125,0.0781368403866887,0.0160679222255945,-0.0004469400499016
1776180023623711200,20.177711181640625,0.0507519898548722,0.0103127196997404,0.0177842976894229
1776180023633644300,20.18764428710937,0.016617080540955,0.0167751937121152,-0.0038232115499675
1776180023643577300,20.197577392578125,-0.0178428229436278,0.0070797291278839,-0.0147436148192733
1776180023653509000,20.207509033203124,-0.0509106875479221,0.0023953707039356,-0.0103305293510667
1776180023663442200,20.21744213867188,-0.0501549007445573,0.0134714759916067,0.0063784307244233
1776180023673375500,20.22737548828125,-0.0153948452696204,0.0076490534484386,0.0290321245484985
1776180023683308300,20.23730834960937,0.0136395260348916,0.0041501054167747,0.0429654093655757
1776180023693241300,20.247241455078125,0.0441425085872411,-0.0189671507984399,0.0427334089742973
1776180023703174400,20.25717431640625,0.0388499551370739,-0.0353670814573764,0.0396488686961121
1776180023713107500,20.267107421875,0.0191074360519647,-0.0276981542646884,0.013691676347237
1776180023723040300,20.277040283203124,-0.0118476741820573,-0.0207721543937921,0.0217688372809439
1776180023732973300,20.286973388671875,-0.021204992853105,-0.0173240597665309,0.0027309410675428
1776180023742906400,20.29690625,-0.0265106980457901,-0.0225882639050483,-0.001775503506232
1776180023752839400,20.30683935546875,-0.0255740017175674,-0.0155897833198308,-0.0231011818632483
1776180023762771500,20.316771484375,0.0036880408629775,-0.0134153618901967,-0.0232798263657838
1776180023772704300,20.326704345703124,0.0469298012182116,-0.0006534954726696,-0.0142057268165983
1776180023782637300,20.33663720703125,0.075232351116836,0.0229892459213733,-0.0070464113801717
1776180023792570400,20.3465703125,0.0521904982253909,0.0153939684867858,-0.0036030294606462
1776180023802503400,20.35650341796875,0.0099240126430988,0.0182961196690797,-0.0090653134545311
1776180023812436200,20.36643627929688,-0.0067371993005275,0.0261368962973356,-0.0001319740829057
1776180023822369300,20.376369384765624,-0.056847091859579,0.0324082316517829,0.0446951192350126
1776180023832302300,20.38630224609375,-0.0955418564349412,0.0180032742023468,0.0332010807962156
1776180023842235400,20.3962353515625,-0.1404118025138974,0.0197071555107831,0.0351580783491954
1776180023852168400,20.40616845703125,-0.1503086348891258,-0.0042775311887264,0.0686851762293837
1776180023862101200,20.41610131835937,-0.0983516531586647,-0.0263385563492774,0.0718443343800492
1776180023872033300,20.426033203125,-0.0417196653544902,-0.0326291809260845,0.0293787277627736
1776180023881966300,20.43596630859375,0.0373982950240373,-0.0265969150245189,0.0107558420910499
1776180023891899400,20.4458994140625,0.1180617312788963,-0.0220990190833807,0.0113939573314972
1776180023901832400,20.45583251953125,0.1138055351391434,-0.0028226562052965,-0.0086401285787113
1776180023911765200,20.46576513671875,0.1232560850515961,0.0132815063774585,-0.0220737567779608
1776180023921698300,20.4756982421875,0.109869364733994,-0.0072591773480176,0.0057497226331382
1776180023931631400,20.48563134765625,0.0951683469474315,-0.0043348143339157,-0.0207565914984792
1776180023941564400,20.495564453125,0.0406073201984167,-0.0107633860766887,-0.0154861402822658
1776180023951497200,20.505497314453127,-0.0074751581862568,-0.0282476048409938,-0.0084987838792614
1776180023961430300,20.51543017578125,-0.0536968111351132,-0.026442016723752,0.0151660049498081
1776180023971363300,20.52536328125,-0.0853007406666874,-0.0149152450591325,0.0195995121515356
1776180023981295400,20.53529541015625,-0.1029065399840474,-0.0089899466633796,0.0244018343993462
1776180023991227000,20.545226806640624,-0.0681307024180889,-0.028047698354721,0.0313858846004121
1776180024001160000,20.55515991210937,-0.0084311437368392,-0.0154658646792173,0.0171087365154176
1776180024011093000,20.565093017578125,0.0501765280544757,-0.0014157120168209,0.0243381945786066
1776180024021025800,20.57502587890625,0.0991392964050173,-0.0105447748899459,0.0174770766374655
1776180024030958800,20.584958740234377,0.13078355794698,-0.0069435355275869,-0.0195353060752153
1776180024040892000,20.594891845703124,0.1302259240642189,-0.0129354694187641,-0.0242483243380673
1776180024050825000,20.60482495117187,0.0906090762078762,-0.0165899002730846,-0.0300799165683798
1776180024060757800,20.6147578125,0.0805240277841687,-0.0175958624452352,-0.014423954410851
1776180024070690800,20.62469091796875,0.0128454530477523,-0.0093698858916759,0.0230049914797767
1776180024080623900,20.63462377929688,-0.0487859504789114,0.0175374102562665,0.0326240663595497
1776180024090557000,20.644556884765624,-0.0654433630302548,0.0330640652120113,0.0440621185611002
1776180024100489000,20.65448901367188,-0.0796753020003438,0.0255681564986705,0.0334131891769357
1776180024110422000,20.664422119140625,-0.0647349224999547,0.0157750767588615,0.0259999172457493
1776180024120354800,20.674354736328127,-0.0443465067267417,0.0397790526807308,-0.0046847968153655
1776180024130287900,20.68428784179688,-0.0178656192973256,0.0401309348583221,-0.022534780152142
1776180024140221000,20.694220947265624,-0.0209343592181801,0.0285877965807914,-0.0352613012616522
1776180024150154000,20.70415405273437,0.0003884147956967,0.0289116217076778,-0.0221830806376412
1776180024160086800,20.71408666992188,0.0052305941298604,0.0113192663937807,-0.002402439765539
1776180024170019800,20.724019775390627,0.0004591419443488,0.0189618901014328,-0.0173392938682809
1776180024179953000,20.733952880859373,-0.0209869661882519,0.0129717097759246,-0.0170673998580314
1776180024189886000,20.743885986328124,-0.0166007139280438,0.0080582187712192,-0.0088408570488914
1776180024199818800,20.75381884765625,-0.0113733346685767,0.0018739771783351,0.0070730801913887
1776180024209750800,20.76375073242188,-0.0141691028669476,-0.0047971711486577,0.0147248553198762
1776180024219683800,20.773683837890623,0.0063622285082936,0.009315525355935,0.0142668276203796
1776180024229617000,20.783616943359377,-0.0053872459962964,0.0096241529136896,0.0021083339234814
1776180024239550000,20.793550048828124,-0.0104170568570494,-0.0034381577551364,0.005979421469476
1776180024249482800,20.803482666015626,-0.0190375856861472,-0.0132119482725858,0.0085088303492404
1776180024259415800,20.813415771484376,-0.0240501531511545,-9.41080242395e-05,-0.016408771552518
1776180024269348900,20.823348876953126,-0.0354933381855487,0.0098906948953866,-0.0300852868632413
1776180024279282000,20.83328198242188,-0.0470940518692135,-0.0048515316843986,-0.0247614066930487
1776180024289215000,20.843215087890623,-0.0261596926510334,0.0048790042132139,-0.0174364523661322
1776180024299147800,20.85314770507813,-0.0156301153302192,-0.0057668929636478,-0.0082031071346253
1776180024309080800,20.86308081054688,0.0276961084380745,-0.0032978725016117,-0.0098045692482031
1776180024319012900,20.87301293945313,0.0140469377920031,-0.0156312843739986,0.0054045807235874
1776180024328946000,20.88294580078125,0.0021641922965645,-0.0045832361370325,-0.0112681937936693
1776180024338879000,20.89287890625,-0.0249143687650561,-0.0037917934983968,-0.0083675039160996
1776180024348811800,20.902811767578125,-0.080709905745089,-0.0047813890576362,-0.01783043838609
1776180024358744800,20.91274487304688,-0.0804524238526821,-0.0039338323175907,0.0136641855521127
1776180024368678000,20.922677978515622,-0.0402764808088541,0.0011474164694547,-0.0048557694680988
1776180024378611000,20.93261083984375,-0.0241086053401231,0.0131815531343221,0.002227448524814
1776180024388543700,20.942543701171875,-0.0086962244138121,0.0369856225699186,0.0237689615895971
1776180024398476800,20.952476806640625,-0.0209723531410098,0.0327589447855949,0.0121891993624158
1776180024408409900,20.962409912109376,-0.0282440977096557,0.02092529912889,0.001161737255752
1776180024418343000,20.97234301757813,-0.0218529353678226,0.0159884272485971,-0.0123465453485958
1776180024428275000,20.98227490234375,-0.0042152796074748,0.0196902043759822,0.0104091475452296
1776180024438207700,20.992207763671875,0.0148734517440199,0.0133516490042209,-0.0030157493582926
1776180024448140800,21.002140869140625,0.0419426604554057,0.0186520934998989,-0.0287763048902153
1776180024458073900,21.01207397460937,0.046237142778933,0.0378103829562664,-0.0304602759217843
1776180024468007000,21.0220068359375,0.0316682269394397,0.0530243187010288,-0.0096252854248508
1776180024477940000,21.03193994140625,-0.0082756609141826,0.0317997443646192,0.0165449651528149
1776180024487872800,21.04187280273437,-0.0175920630529522,0.0163029000252485,-0.0106833065778017
1776180024497805800,21.051805908203125,-0.0220434895038604,0.0185427879065275,-0.0272752892101183
1776180024507739000,21.06173876953125,0.0013815174862742,-0.0004068272352218,-0.0049434477515518
1776180024517672000,21.071671875,0.0006482347756624,-0.0163455701231956,0.0286003820677287
1776180024527604700,21.081604736328124,0.0465714892998337,-0.0324526553153991,0.02900837834673
1776180024537537800,21.091537841796875,0.0331432679280638,-0.0310369432985782,0.0104686591801233
1776180024547469800,21.1014697265625,0.020099077437818,-0.035580431947112,-0.0113392497358843
1776180024557403000,21.11140283203125,0.0083408351048827,-0.022637363743782,-0.0292992145194672
1776180024567336000,21.1213359375,0.0208005037054419,0.021863456761837,-0.0484367169161327
1776180024577268700,21.131268798828124,0.0070329673767089,0.0539753358155488,-0.035594624869246
1776180024587201800,21.14120190429687,-0.0204752172738313,0.0571177254945039,-0.0346249395868741
1776180024597134800,21.151134765625,-0.0097846041724085,0.0762859518229961,-0.0217488539388403
1776180024607068000,21.16106787109375,0.0155377608716487,0.0620230331927537,-0.0502368068743497
1776180024617000700,21.17100073242188,0.003595686404407,0.0445657024353742,-0.0477840799599885
1776180024626933800,21.180933837890624,-0.0108723994091153,0.0317635040074586,-0.0458166523445397
1776180024636866800,21.19086669921875,-0.0267687644600868,0.0132820908993482,-0.0168651918168179
1776180024646800000,21.2007998046875,-0.0322971724927425,0.0168055888503789,0.0295488418989814
1776180024656732000,21.21073193359375,-0.0382592957675457,0.0228852010250091,0.0074073901796713
1776180024666665000,21.2206650390625,-0.038279169511795,0.0305944602280855,-0.0061587418254464
1776180024676597800,21.23059765625,-0.0084697221815586,0.0221077869117259,-0.0146991728893481
1776180024686530800,21.24053076171875,0.0365630132436752,0.0368967752426862,-0.0206450208827853
1776180024696464000,21.2504638671875,0.0629565146505832,0.0314922858506441,-0.0061159255970269
1776180024706397000,21.26039697265625,0.0738230688408017,0.0297825593233108,-0.0304492248048074
1776180024716329700,21.270329833984373,0.0747545044720172,0.0499912346154451,-0.0389998667354695
1776180024726262800,21.2802626953125,0.0594210340008139,0.064876084536314,-0.0276043750340118
1776180024736195800,21.29019580078125,0.0323509485065937,0.0440723659604787,-0.0135602137209847
1776180024746129000,21.30012890625,-0.0046796822488307,0.0521194788157939,0.0108744817683473
1776180024756061700,21.310061767578127,-0.0095648239418864,0.0364689052194356,0.0213400539422407
1776180024765993700,21.31999365234375,-0.0204322549149394,0.0290554140925407,0.0095888989372178
1776180024775926800,21.3299267578125,0.0021139234140515,0.0361199456512928,-0.0310097630307078
1776180024785859800,21.33985986328125,0.0270911282822489,0.0137187287509441,-0.0256425186428241
1776180024795793000,21.34979296875,0.0143999890133738,0.0253057061702013,-0.0263591059469617
1776180024805725700,21.3597255859375,-0.0068681322038173,0.0262052853584289,-0.0404078886361792
1776180024815658800,21.36965869140625,-0.0088598905429244,0.012189619487524,-0.0287839950063265
1776180024825591800,21.379591796875,-0.0536477112963795,0.0140893156290054,-0.0259731753692962
1776180024835524900,21.38952490234375,-0.0521747161343693,0.0204985981494188,-0.0021060506348498
1776180024845458000,21.3994580078125,-0.039804771643877,0.01991816791296,0.0087206647353246
1776180024855390700,21.409390625,-0.025498306132853,0.0097182609379291,-0.0065659709194675
1776180024865323800,21.41932373046875,-0.0117038817971944,-0.0041378304570913,-0.0149124685801565
1776180024875256800,21.4292568359375,0.0013935001850128,0.0085012863636016,-0.0158488726474344
1776180024885188900,21.43918896484375,0.0172787593200802,0.0082978727459907,0.0075616308933123
1776180024895122000,21.44912182617188,0.035744682598114,0.0017225860089063,0.022298779439181
1776180024905054700,21.4590546875,0.0346042803913354,0.0103548052757978,5.60593024827e-05
1776180024914987800,21.46898779296875,0.0207724466547369,0.0171066176235675,-0.0015686740888282
1776180024924920800,21.4789208984375,0.0136056237652897,0.0124140758931636,0.0158826470528729
1776180024934854000,21.48885400390625,0.0079866148397326,-0.0103688338011503,0.0591332848343066
1776180024944786700,21.49878662109375,-0.0068728083789348,0.012903905236721,0.0144323934456333
1776180024954719700,21.5087197265625,-0.023724574458599,0.0241933610141277,0.0024311726696789
1776180024964652800,21.51865283203125,-0.0394274627640843,0.026999650606513,0.0294219458499923
1776180024974585900,21.5285859375,-0.0486997335001826,0.0370990198165178,0.0155437156883999
1776180024984518700,21.5385185546875,-0.0283215468600392,0.0723877753406763,0.0272519996660761
1776180024994451000,21.54845092773437,-0.0066270169243216,0.0665057315647602,0.0438116326650604
1776180025004384000,21.55838403320313,0.0018169862940907,0.0614987170577049,0.0421386396852321
1776180025014317000,21.56831713867188,0.0112897480383515,0.0450181223779916,0.0231843118357472
1776180025024250000,21.57825,0.0187137605592608,0.0367716875582933,0.0324119031799025
1776180025034183000,21.588182861328125,0.0429676195889711,0.0094447046935558,0.0099272640461102
1776180025044116000,21.598115966796875,0.0150838796243071,-0.00233107329607,0.0144768353755585
1776180025054049000,21.608049072265626,-0.0119616559505462,-0.0116267249077558,0.0097249281407333
1776180025063982000,21.617982177734376,-0.0067371993005275,-0.026529695007205,0.027646351012215
1776180025073915000,21.627914794921875,0.0118064653888344,-0.0095505031555891,0.0356818099623546
1776180025083848000,21.637847900390625,-0.0033446342527866,-0.0207516961276531,0.0090814791380427
1776180025093781000,21.64778100585937,0.0153679572626948,-0.0132288994073867,0.004387256907206
1776180025103714000,21.65771411132813,0.0622828531727194,-0.0015016367346048,0.0041642983389087
1776180025113646000,21.66764599609375,0.0853822814702987,0.0284159471452236,0.0004178600858896
1776180025123579100,21.6775791015625,0.0616018851712346,0.0433054732412099,0.0185562684426084
1776180025133512000,21.687511962890625,0.0125409171432256,0.0395446594029664,0.0006575871258974
1776180025143445000,21.69744506835937,-0.0703913408264517,0.0133814596205949,0.0178235885201953
1776180025153378000,21.7073779296875,-0.0933712343975901,0.0032248072654008,0.0449134564271196
1776180025163311000,21.71731103515625,-0.0894245425984263,-0.0225415021538734,0.0525306351662613
1776180025173244000,21.72724389648437,-0.0792974085986614,-0.0221387665718793,0.0460259294473566
1776180025183177000,21.737177001953125,-0.0570177722513675,-0.0121434422582387,0.0357033459407277
1776180025193110000,21.747110107421875,-0.0262961785122752,-0.0144026193618774,0.0461437288744375
1776180025203043000,21.75704296875,0.0235375274538993,-0.0209282217383384,0.0530816749114543
1776180025212975900,21.766975830078124,0.0572784690141677,0.0114613052129745,0.0387423300441354
1776180025222908000,21.77690795898437,0.0820212806046009,0.0386427421271801,-0.0158837064987979
1776180025232841000,21.786841064453125,0.0711699239835143,0.0511655390918254,0.0035130313559435
1776180025242774000,21.79677392578125,0.0314703662797808,0.0578097994118928,0.0114434042301028
1776180025252707000,21.80670703125,0.0496995581924915,0.0460503880351781,0.001562025152333
1776180025262639900,21.816639892578124,0.0173664376035332,0.0029711247652769,-0.01213936887132
1776180025272573000,21.82657299804688,-0.0267193723604083,-0.0131470663428306,0.0029966245327144
1776180025282506000,21.836506103515624,-0.0614355886936187,-0.0141612118214368,0.0201193530408665
1776180025292439000,21.84643896484375,-0.0684396222367882,-0.0190501529067754,0.0488362193614244
1776180025302372000,21.8563720703125,-0.061623512481153,-0.0228705879777669,0.056129335511662
1776180025312305000,21.866304931640624,-0.0368728098452091,-0.0159627082854509,0.0379477090677246
1776180025322238000,21.87623803710937,-0.0320841142639517,-0.014910568884015,0.0306878010673448
1776180025332171000,21.8861708984375,-0.0169753924593329,0.0009095160603523,0.0365505190882831
1776180025342103000,21.89610302734375,0.0054173488736152,0.011163783571124,0.0489846879214048
1776180025352036000,21.9060361328125,0.0335234994173049,0.0220621942043304,0.0535593023605644
1776180025361969000,21.915968994140623,0.052253626589477,0.0375642992407083,0.0467032989859581
1776180025371902000,21.92590185546875,0.0257598796784877,0.0388876567989587,0.0366971062184311
1776180025381835000,21.9358349609375,0.0188791802540421,0.0282891058951616,0.0247626853346824
1776180025391768000,21.94576806640625,0.0053019058004021,0.0446399367153644,0.0312224924659356
1776180025401700900,21.955700927734377,-0.0323100319743156,0.0258119021266698,0.0184222302667796
1776180025411634000,21.965634033203123,-0.0901233385175466,0.0066045128315687,0.0386593827347271
1776180025421567000,21.97556689453125,-0.1029664534777402,-0.0090256024986505,0.0395361473029479
1776180025431500000,21.9855,-0.0760781542912125,-0.0141501059055328,0.0523023611020296
1776180025441432800,21.995432861328126,0.0160018712520599,-0.0057288990408182,0.0552950766446068
1776180025451365000,22.005365234375,0.0827870042800903,-0.0052975218862295,0.0319725253819487
1776180025461298000,22.0152978515625,0.1169035011544823,0.0005903671085834,-0.001124309588503
1776180025471231000,22.02523095703125,0.0967524012684822,0.0035907179683446,0.0008499313602223
1776180025481164000,22.0351640625,0.084201254992187,-0.024701895058155,0.0250078922674059
1776180025491097000,22.04509716796875,0.0739230220839381,-0.0176800335973501,0.0094927633526735
1776180025501030000,22.05502978515625,0.0451402874529361,-0.0002677110254764,-0.0169121179647743
1776180025510963000,22.064962890625,0.0210237910673022,0.001997311297059,-0.0350417584931477
1776180025520896000,22.07489599609375,-0.0339095761254429,0.0018768997877836,-0.0023433117231354
1776180025530829000,22.0848291015625,-0.0611599866226315,0.0063496612876653,0.0196307110073976
1776180025540761900,22.094761962890622,-0.0450806662201881,0.0052677112698554,0.0218092423565685
1776180025550695000,22.10469482421875,-0.027684125739336,0.0153016140282154,0.0264076760627329
1776180025560628000,22.1146279296875,-0.0009925181686878,0.0218915138125419,0.0389795363334938
1776180025570560000,22.12456005859375,0.011417466071248,0.0091501056611537,0.0565439076619222
1776180025580493000,22.1344931640625,0.0252244576275348,-0.0009451718956232,0.0571378184344619
1776180025590425900,22.14442578125,0.067265025499463,0.0263444015681743,0.0463382102669216
1776180025600359000,22.15435888671875,0.0545733017086982,0.0298515329062938,-0.0013556158600375
1776180025610292000,22.1642919921875,0.0546229860693216,0.028769582888484,-0.0157488828716799
1776180025620225000,22.17422509765625,0.0439791347190737,0.0272147546619176,0.0100274730175733
1776180025630157800,22.18415771484375,0.0306032280564308,0.0189104521751403,0.036672812027391
1776180025640091000,22.1940908203125,0.0445864529624581,0.0235620773732662,0.0062952642193064
1776180025650024000,22.20402392578125,0.0667886401593685,-0.0006815525233745,-0.0182690489990636
1776180025659957000,22.21395703125,0.0736167326137423,-0.0108013799995183,0.0048303792985156
1776180025669890000,22.22389013671875,0.0342947760507464,0.0090776249468326,0.0089380155467428
1776180025679822800,22.23382275390625,0.0247276140213012,0.0004155950635671,-0.0013850794165395
1776180025689755000,22.2437548828125,0.0241980371892452,0.0149093998402357,-0.0246279895717278
1776180025699688000,22.25368798828125,0.008041852158308,0.0266886849611997,-0.0187057051169686
1776180025709621000,22.26362109375,-0.0202256264269351,0.0063531684190034,0.0038793621839955
1776180025719554000,22.273553955078125,-0.0340925314769148,0.0147638538897037,0.0189140323717147
1776180025729486800,22.28348681640625,-0.0049810032829642,0.0042255087405443,0.0148126614674925
1776180025739420000,22.293419921875,0.0147661919772624,0.0083195000559091,-0.0138048361318185
1776180025749353000,22.30335302734375,0.0193897601246833,0.026324527823925,-0.0144138714082539
1776180025759286000,22.3132861328125,0.0030032734692096,0.0342839623957872,-0.0122855541426688
1776180025769218800,22.32321875,-0.0175236739918589,0.0119353524655103,-0.006759210202936
1776180025779152000,22.33315185546875,-0.0478679588511586,-0.0124362877249717,0.002806910646893
1776180025789085000,22.3430849609375,-0.0648494887903332,-0.0248608850121498,0.0366349642350338
1776180025799017000,22.353016845703124,-0.0851347364500165,-0.0141799165219068,0.0417458409753628
1776180025808950000,22.36294995117188,-0.0602989858791232,0.0074064768642187,0.0761715133967809
1776180025818882800,22.3728828125,-0.008584580732882,-0.0174696057170629,0.0639398265995085
1776180025828816000,22.38281591796875,0.0183735688194632,-0.0252677122473716,0.0272331123025156
1776180025838749000,22.3927490234375,0.0605316255912184,-0.0205284087657928,-0.0149099843621253
1776180025848682000,22.402681884765624,0.06811930424124,-0.0079191025614738,-0.0285237366349436
1776180025858615000,22.41261499023437,0.0483496048882603,0.0148766666144132,-0.015731237617135
1776180025868547800,22.4225478515625,0.0315194661185145,0.0160620770066976,-0.0016550189317204
1776180025878481000,22.43248095703125,0.0025751111850142,0.0255354232728481,-0.0006055098787881
1776180025888414000,22.4424140625,0.0031292379364371,0.0321305837541818,0.0093476923261769
1776180025898347000,22.452346923828124,0.019168518589437,0.0118102647811174,0.0138837648532353
1776180025908279800,22.46227978515625,0.0276323955520987,-0.0148328274726867,0.0243941625495441
1776180025918211800,22.4722119140625,0.0423401353403925,-0.0185538938224315,0.0432758635542355
1776180025928145000,22.482144775390623,0.0244341840326786,0.0028249942928552,0.016582776412554
1776180025938078000,22.492077880859377,-0.0496349685236811,0.01551671808362,0.012728877463378
1776180025948011000,22.502010986328123,-0.0313020239755511,-0.008217208725214,0.0248733609012328
1776180025957943800,22.51194384765625,-0.0261819044828414,-0.0074731123596429,0.0226236457456834
1776180025967876900,22.521876953125,0.0096782211884856,-0.004060089045763,0.0133867933828383
1776180025977810000,22.531809814453126,0.0534466357663273,0.0269201556295156,0.0226394643693231
1776180025987743000,22.54174291992188,0.0659729398623108,0.029271102669835,-0.0024152079155668
1776180025997675500,22.55167553710937,0.0821045749738812,0.031421558701992,-0.0006035188511013
1776180026007608300,22.5616083984375,0.0815107007339596,0.0306751242488622,-0.0117593017788603
1776180026017541400,22.571541259765624,0.0753846190690994,0.0375625456750392,-0.0066217014283873
1776180026027473400,22.58147338867188,0.0446399367153644,0.0537532174974679,0.0036777386646717
1776180026037406500,22.591406494140625,-0.0113549222290515,0.0218809924185276,0.0535254731561988
1776180026047339500,22.60133959960937,-0.0047553778335452,-0.0136690443903207,0.0362280822008848
1776180026057272300,22.61127221679688,0.0430269485607743,-0.019537644162774,0.0055687035104259
1776180026067205400,22.621205322265624,0.0471110030040144,0.0184866738051176,-0.0276061103333719
1776180026077138400,22.63113842773437,0.0390913626775145,0.0235930570334196,-0.0412190954212099
1776180026087071500,22.641071533203124,0.0281412218570709,0.0147568396270275,-0.0025228147421963
1776180026097004300,22.65100439453125,0.0224035549879074,0.000227379015088,0.0054529133773408
1776180026106937300,22.660937255859373,0.0307914441049098,0.0076741878896951,-0.0384630564450286
1776180026116870400,22.670870361328124,0.0074810034051537,0.0068038347959518,-0.0238614804449491
1776180026126803500,22.68080346679688,-0.0016518588602542,-0.0116384153455495,-0.01695462366594
1776180026136736500,22.690736572265624,0.0160676299646496,-0.0086538465768098,0.0126472635945305
1776180026146668500,22.70066845703125,0.0278676656126976,0.0257248083651065,0.0230744399867951
1776180026156601300,22.710601318359377,0.0617515227749943,0.0354413157373666,-0.0024580241439864
1776180026166534400,22.720534423828123,0.0639902416124939,0.0244271697700023,0.0099314287645742
1776180026176467500,22.73046752929688,0.0795469994455575,0.038993455260992,0.0140007057637907
1776180026186400500,22.740400390625,0.0678720514819025,0.0320434899926185,-0.0088256046808324
1776180026196333300,22.750333251953126,0.0648936201930046,0.0299818812876939,0.0119807442435063
1776180026206266400,22.76026635742188,0.0329439459636807,0.0194072957813739,0.0099266064589843
1776180026216199400,22.770199462890623,0.0178159349367022,0.0353875397235155,-0.0017417291007936
1776180026226132500,22.78013256835937,-0.0384182857215404,0.0289385097146034,0.0402832941421307
1776180026236065300,22.79006518554688,-0.0400534857079386,0.0330231486797332,0.0387715561386197
1776180026245998300,22.799998291015623,-0.0397688235476613,0.0484293921262025,0.0108082298654131
1776180026255931600,22.809931640625,-0.0197381351709365,0.0214431855231523,-0.0237078425195068
1776180026265863400,22.819863525390623,-0.0112394791558384,0.0208417124986648,-0.0446811455085873
1776180026275796500,22.82979638671875,0.014573007492721,0.0187222361266613,-0.0311813384716399
1776180026285729500,22.8397294921875,0.0580678658261895,-0.0076923080682754,-0.0313002338772639
1776180026295662300,22.849662353515622,0.0526177837267518,-0.0018909283131361,-0.0108039555490948
1776180026305595400,22.859595458984376,0.0387722137257456,0.0139268185436725,-0.0033518311785534
1776180026315528400,22.869528564453127,0.0315805486559867,0.000736497581005,-0.0178935667501762
1776180026325461500,22.87946142578125,0.0279918765142559,-0.004619476494193,-0.003834481862653
1776180026335394300,22.889394287109376,0.0231339150890707,0.0013274492114782,-0.0146515160890296
1776180026345327600,22.89932763671875,0.0286029941499233,0.0020920038431882,-0.0315804755907505
1776180026355260700,22.9092607421875,0.0186065007925033,0.0155137954741716,-0.014580606277287
1776180026365193700,22.91919384765625,0.0178352241590619,0.0301548997670412,0.0047406369221396
1776180026375125500,22.92912548828125,0.0109843353509902,0.0286550165981054,0.0175671843400225
1776180026385058300,22.93905834960937,-0.03361673065871,0.0166764095127582,0.0151538030553609
1776180026394991400,22.94899145507813,-0.079969608771801,0.0378922160208225,-0.0012063070498406
1776180026404924400,22.95892431640625,-0.0980851111769676,0.0247416425466537,0.0270000889979302
1776180026414857500,22.968857421875,-0.1019312652111053,0.0012964695513248,0.0439774176860228
1776180026424790300,22.978790283203125,-0.0780219818353653,-0.004060089045763,0.0407109632359817
1776180026434723600,22.9887236328125,-0.057975511367619,-0.0175789113104343,0.0343210430031642
1776180026444656600,22.99865673828125,-0.0494847463980317,-0.0441834251195192,0.0360463689584285
1776180026454589700,23.008589599609376,0.0069590253576636,-0.0627513474673032,0.0541721004966646
1776180026464522500,23.0185224609375,0.0409969040378928,-0.0666542001247406,0.0512455820580944
1776180026474455600,23.02845556640625,0.0608636340245604,-0.0567798718422651,0.0447982690822333
1776180026484388600,23.038388671875,0.0457645568311214,-0.0437444491803646,0.0086349409469403
1776180026494320400,23.0483203125,0.0260188228756189,-0.0405289942651987,-0.0011307575955986
1776180026504253400,23.05825341796875,0.0028451602980494,-0.0362584773391485,-0.0261247126691974
1776180026514186500,23.0681865234375,0.0094707159176468,-0.0127834937274456,-0.0009019903410226
1776180026524119600,23.07811962890625,-0.0123301970019936,-0.004766776010394,0.0027701223004609
1776180026534052600,23.08805249023437,-0.0380021061360836,0.0044166473984718,0.018891619610507
1776180026543985700,23.097985595703125,-0.0618634587168693,0.0305249021232128,0.0110150044838897
1776180026553918700,23.10791870117188,-0.0470040354982018,0.0697416447460651,0.0161946904104202
1776180026563851500,23.1178515625,-0.0200038003697991,0.0717494774371385,0.0030567572221159
1776180026573784600,23.12778466796875,-0.0195811910435557,0.0762035342365503,0.0233305701723322
1776180026583717600,23.137717529296875,0.0077343936443328,0.0726081400930881,0.0278421293126419
1776180026593650700,23.147650634765625,-0.0178615276440978,0.0572585952699184,0.0285464416570961
1776180026603583500,23.15758349609375,-0.0512462031126022,0.0392605817645788,-0.0025121654840186
1776180026613515500,23.167515625,-0.0705351332113146,0.0533966591447591,-0.0006718348469585
1776180026623448600,23.177448486328124,-0.0643795331910252,0.045830607804656,0.005890007886663
1776180026633381600,23.187381591796875,-0.0463864881217479,0.0439461092323064,0.0170608787856996
1776180026643314700,23.197314697265625,-0.0103378541409969,0.0252291338026523,0.0047528205502778
1776180026653247500,23.20724755859375,0.0063818099915981,0.0004126724541187,0.0196435887552797
1776180026663180500,23.2171806640625,0.0116819622263312,-0.0317027137309312,0.0339964506912976
1776180026673113600,23.227113525390624,0.028500995080173,-0.0564466943651437,0.0250630930533632
1776180026683046700,23.23704663085937,0.0466620901927351,-0.0681423928558826,-0.0058583706393837
1776180026692979500,23.2469794921875,0.0433069345459342,-0.0755558839827775,-0.0035843247601762
1776180026702912500,23.25691259765625,0.0206757082819938,-0.0573754996478557,0.035877076806128
1776180026712845600,23.26684545898437,-0.0145639474034309,-0.0723778384685516,0.0464765044927597
1776180026722777600,23.276777587890624,-0.0660138563945889,-0.0557183800905942,0.0671934581005945
1776180026732710700,23.28671069335937,-0.0940042716041207,-0.0213479084551334,0.0677635496061295
1776180026742643700,23.296643798828125,-0.1488324248567223,0.0037035306930541,0.050693720328994
1776180026752576500,23.306576416015623,-0.1848129620373249,0.0243482593148946,0.0692213837316259
1776180026762509600,23.31650952148437,-0.1887362729609012,0.01954524294734,0.0560380039663985
1776180026772442600,23.326442626953124,-0.1802721037372946,0.0050169513791799,0.0712794487725943
1776180026782375700,23.336375732421875,-0.182940153902769,0.0284311447143554,0.07936762429066
1776180026792308500,23.34630859375,-0.1537573140382766,0.0012760112851858,0.0578437747467309
1776180026802241500,23.356241455078123,-0.1212231179192662,0.0020820669710636,-0.001024813003093
1776180026812174600,23.36617456054688,-0.0870306331992149,-0.0125163672238588,0.0248400614198297
1776180026822107600,23.376107666015624,-0.0313958397388458,-0.0128384387850761,0.0280754996770992
1776180026832040400,23.38604052734375,0.0298687763020396,-0.0141886843502521,0.043232371472381
1776180026841972500,23.395972412109376,0.0774535342976451,-0.0230593885481357,0.0417429000996053
1776180026851905500,23.405905517578127,0.1144911793157458,-0.0208083947509527,0.0388108287030831
1776180026861838600,23.41583862304688,0.1290223934933543,-0.0208534029364585,-0.0055279331086203
1776180026871771600,23.425771728515624,0.0737070412456989,-0.018194997382164,0.035465719526261
1776180026881704400,23.43570434570313,0.0313289119824767,0.0093868370264768,0.0141478774158284
1776180026891637500,23.44563745117188,-0.0301370718494057,-0.0104758013069629,-0.0044909547436982
1776180026901570600,23.455570556640627,-0.0872016058519482,-0.0046627311140298,0.0060253977693617
1776180026911503600,23.465503662109377,-0.11249708288908,-0.0162748429745435,-0.0051908101087436
1776180026921436700,23.475436767578124,-0.1122773026585578,-0.0055465282112359,0.0102690997537225
1776180026931369500,23.485369384765622,-0.1161214108660817,-0.0052957683205604,0.0110574005872011
1776180026941302500,23.495302490234376,-0.0927776524186134,-0.0181266083210706,-0.0055765580233186
1776180026951235600,23.505235595703127,-0.0765972097292542,-0.0236111772119998,-0.0121311307659372
1776180026961167600,23.515167724609373,-0.0712400666102767,-0.0176829562067985,-0.0041409722622483
1776180026971100700,23.5251005859375,-0.0635635406330227,-0.0233984112441539,-0.017870953059569
1776180026981033500,23.535033447265626,-0.0228422386661171,-0.036606267863512,-0.0065277212683111
1776180026990966500,23.544966552734376,0.0200739429965615,-0.0279436534583568,-0.0084213895278051
1776180027000899300,23.5548994140625,0.0263221897363662,-0.0183411278545856,0.0102823245614767
1776180027010832400,23.564832275390625,0.0192310624316334,7.59878456592e-05,-0.0060226578230038
1776180027020765200,23.57476513671875,-0.0057058104261755,0.0040641806989908,0.0302239464152604
1776180027030698200,23.5846982421875,-0.0668462155655026,-0.0134890116482973,0.0244462032640352
1776180027040631600,23.59463159179688,-0.0900935279011726,-0.0148579619139432,0.0007389817990362
1776180027050564600,23.604564697265623,-0.092716862142086,-0.0077075056374073,0.0011722221171483
1776180027060497400,23.614497314453125,-0.0839171773537993,-0.0105173023611307,0.0210385867776349
1776180027070430500,23.624430419921875,-0.0529424856364727,-0.0283802913099527,0.0427095166420564
1776180027080362200,23.6343623046875,-0.0410045028224587,-0.0305932911843061,0.0470934673473238
1776180027090295300,23.64429541015625,-0.031367490427196,-0.0866080238729715,0.0151712656468152
1776180027100228400,23.65422827148437,0.0036392332851886,-0.0747159260272979,0.0032110344683751
1776180027110161400,23.664161376953125,0.018715221863985,-0.0559592031091451,-0.0126074065081775
1776180027120094200,23.67409423828125,0.0261477099522948,-0.0305173033386468,-0.0661755497623235
1776180027130027500,23.684027587890625,-0.0061821957662701,-0.0040127427726984,-0.076601995502226
1776180027139960600,23.693960693359376,-0.0068134794071316,-0.0007131167054176,-0.0694117917371913
1776180027149893600,23.7038935546875,-0.0147498253643512,0.0159545249789953,-0.0475619251092895
1776180027159826400,23.713826416015625,-0.0391699808716774,0.0176525610685348,-0.0411800785850733
1776180027169759500,23.72375952148437,-0.0639259442046284,0.0056786301583051,-0.0299890051482245
1776180027179692500,23.733692626953125,-0.0682838471531867,0.0121346744298934,-0.0210943720854818
1776180027189624300,23.743624267578124,-0.0783434688746929,-0.0089022683799266,-0.0333723639762029
1776180027199557400,23.75355737304688,-0.0557432222709059,-0.0140630121439695,-0.0302143383366987
1776180027209490200,23.763490234375,-0.0463692447260022,0.0036450785040855,-0.0361314899586141
1776180027219423500,23.77342358398437,-0.0456964600309729,-0.0161626147717237,-0.0220285476630553
1776180027229356500,23.7833564453125,-0.0651698067858815,-0.0204898303210735,-0.01606222313717
1776180027239289600,23.79328955078125,-0.0453542224645614,0.0086772274523973,-0.0043232700265944
1776180027249222400,23.80322241210937,-0.0244052501991391,0.0048486090749502,-0.0258094179086387
1776180027259155500,23.813155517578124,0.0008987024053931,-0.0019172317981719,-0.0324583909364417
1776180027269088500,23.823088623046875,0.0365706120282411,0.0167220022201538,-0.0352772842820733
1776180027279021600,23.833021484375,0.0573369212031364,0.0207557877808809,-0.0254129659369587
1776180027288954600,23.84295458984375,0.0820090056449174,-0.0064426002681255,0.0043241468094289
1776180027298887400,23.85288745117188,0.0581602202847599,-0.0228828629374504,0.015101159552671
1776180027308819500,23.8628193359375,0.0394552275538444,-0.0339741657942533,0.0149859356751665
1776180027318752500,23.87275244140625,0.0165793788790702,-0.0583271012842655,-0.0023355302754789
1776180027328685600,23.882685546875,-0.0240574596747756,-0.0391126977264881,-0.0175042751716449
1776180027338618600,23.89261865234375,-0.0295455356970429,-0.0199976628899574,-0.0292158288186416
1776180027348551400,23.90255151367188,-0.047451194743812,-0.0119850368261337,-0.0373570496981963
1776180027358484500,23.912484375,-0.0215028067559003,-0.016993804898858,-0.0169086838986724
1776180027368417500,23.92241748046875,-0.0113289110049605,-0.0084492639154195,-0.0143901252064853
1776180027378350600,23.9323505859375,-0.0111728436604142,-0.009979542222619,-0.0110245212309062
1776180027388283400,23.942283447265623,0.0058551557689905,-0.0177069216042757,-0.0044663682917132
1776180027398216400,23.95221655273437,-0.0046542555466294,-0.0195019883275032,0.0048747664295136
1776180027408149500,23.9621494140625,-0.0123927408441901,-0.0045177696853876,0.0061086556060239
1776180027418082600,23.97208251953125,-0.0071264908790588,0.0174935711145401,-0.0216499601416289
1776180027428014600,23.9820146484375,-0.0123646837934851,0.0078588968068361,-0.0300462882934138
1776180027437947400,23.991947509765627,0.0032362054422497,0.004218494477868,-0.0391004958320409
1776180027447880400,24.00188037109375,-0.0064019759967923,0.0216945299357175,-0.0458279774561524
1776180027457813500,24.0118134765625,-0.0086208210900425,0.0421942971289157,-0.0487288865294307
1776180027467746600,24.02174658203125,0.0049111529171466,0.0391191274672746,-0.0423960302460938
1776180027477679600,24.0316796875,-0.0053568508580327,0.0343967751204967,-0.0352010041754692
1776180027487612400,24.0416123046875,0.0163593063876032,0.0393868384927511,-0.0393528266252949
1776180027497545500,24.05154541015625,0.0186561851531267,0.0320563494741916,-0.0358064957879483
1776180027507478500,24.061478515625,-0.001898527097702,0.0269856220811605,-0.0261762419270351
1776180027517411600,24.07141162109375,-0.0190945765703916,0.0282744928479194,0.0028933468213304
1776180027527344400,24.08134448242188,-0.0103846158921718,0.0162953012406826,-0.011428206660971
1776180027537277400,24.09127734375,-0.0239738730445504,0.0314969620257616,-0.0145842960717156
1776180027547210500,24.10121044921875,0.0030918285354971,0.0118710550576448,-0.0061927902255207
1776180027557142500,24.111142578125,0.011667349179089,0.0020423194825649,-0.0116237657656893
1776180027567075600,24.12107568359375,0.0215773332968354,-0.0043120179802179,-0.0202024282144382
1776180027577008400,24.13100830078125,0.0134580319881439,-0.0126098907262086,-0.0251101835981011
1776180027586941400,24.14094140625,-0.0192407070428133,-0.0035603228300809,-0.0366305985871702
1776180027596874500,24.15087451171875,-0.0431008905798196,0.0034551088899374,-0.0264388018533587
1776180027606807600,24.1608076171875,-0.0595920066535472,-0.0162450323581695,-0.0158519413873553
1776180027616740400,24.170740234375,-0.0476502244472503,-0.0126356096893548,-0.0210510809330269
1776180027626673400,24.18067333984375,0.0009551087677478,0.0106324531733989,-0.0239297781744971
1776180027636606500,24.1906064453125,0.0462812741816043,0.0233855517625808,-0.0526181125203147
1776180027646539500,24.20053955078125,0.0535313914403319,0.0297796367138624,-0.048881483275257
1776180027656472300,24.21047241210937,0.0392389544546604,0.0433954896122217,-0.0302071048783138
1776180027666404600,24.220404541015625,-0.0201695123255252,0.041214638441801,-0.0046009544568136
1776180027676337400,24.23033740234375,-0.0581561286315321,0.0458300232827663,0.0031580987047404
1776180027686270500,24.2402705078125,-0.0866670605838298,0.0317114815592765,-0.0084584701351821
1776180027696203500,24.25020361328125,-0.0946595206424593,0.0385901351571083,0.0194211051110178
1776180027706136600,24.26013647460937,-0.0738537562400102,0.0159124394029378,0.0307712780997157
1776180027716069400,24.2700693359375,-0.0296285378053784,0.0166512750715017,0.028782405837439
1776180027726002400,24.28000244140625,0.0033297289445996,-0.0125566992342472,0.0242283592622727
1776180027735935500,24.289935546875,0.0108086865231394,-0.0274625919431447,0.0127290235938504
1776180027745868500,24.29986865234375,0.0290372939139604,-0.0103150577872991,-0.0414895463930442
1776180027755801300,24.30980126953125,0.0567006691262125,0.0112730891644954,-0.0403949195567518
1776180027765734400,24.319734375,0.0550046788632869,0.0151841251283884,-0.0417224053008481
1776180027775667500,24.32966748046875,0.0442357398286461,0.0213151752293109,-0.0321357348533347
1776180027785599500,24.339599609375,0.041315468467772,0.0227349788993597,-0.0573274957876652
1776180027795532500,24.349532470703124,0.0201546070173382,0.0085983169972896,-0.0506608409726992
1776180027805465300,24.35946533203125,0.0229623579144477,0.0012637363255023,-0.0428477195363491
1776180027815398400,24.3693984375,0.0097746673002839,0.0056716158956289,-0.0338866701738908
1776180027825331500,24.37933154296875,-0.0244914671778678,-0.0146983874380588,-0.0134272715236991
1776180027835264500,24.38926440429688,-0.0144894208624958,-0.005205167427659,-0.006668043054454
1776180027845197300,24.399197265625,-0.0099433018654584,0.0228185655295848,-0.0121096495864912
1776180027855130400,24.40913037109375,0.0071612699314951,0.0223977097690105,0.0253541118891909
1776180027865063400,24.4190634765625,0.0109191611602902,0.0238566764056682,0.0394113518794998
1776180027874996500,24.42899658203125,0.0239665665209293,0.0386439111709594,0.0365526014475151
1776180027884929500,24.43892944335937,0.0020221534773707,0.0292401230096817,-0.0031726021541282
1776180027894862300,24.4488623046875,-0.0063023150146007,0.0415402171343564,-0.0096547307150438
1776180027904794400,24.45879443359375,-0.0094096333801746,0.0412689989775419,-0.0156889328453689
1776180027914727400,24.4687275390625,-0.0451323964074254,0.0570680411338806,-0.015202354904823
1776180027924660500,24.478660400390623,-0.0302075067371129,0.0491518611818551,0.0105312212886288
1776180027934593500,24.48859350585937,0.0080351301565766,0.0287584769725799,0.0421362833313643
1776180027944526300,24.4985263671875,0.01932137106359,0.0175350721687078,0.0313571516962721
1776180027954459400,24.50845947265625,0.0369613649114966,0.0202975226193666,0.0232912610752508
1776180027964392400,24.518392333984377,0.0612687076941132,0.0122580085486173,0.0120878761461004
1776180027974325500,24.528325439453123,0.0274131998434662,-0.0054424833148717,-0.0090737890219315
1776180027984258300,24.53825830078125,0.0061561845421791,0.0180687406539916,-0.0405334877772256
1776180027994191400,24.54819140625,-0.0052770636200904,0.029288053804636,-0.0209713667603209
1776180028004124400,24.55812451171875,0.0002221183180809,0.0260989023745059,-0.0054113209916278
1776180028014057500,24.56805737304688,-0.0189925775006413,0.0313444018125534,0.0063647492589429
1776180028023989200,24.5779892578125,-0.0149751585528254,0.0349585006564855,-0.0268241113765165
1776180028033922300,24.58792236328125,-0.0322016031637787,0.037779403296113,-0.0268020456751808
1776180028043855000,24.597855224609376,-0.0173629304721951,0.0256464824318885,-0.0157656148107722
1776180028053788200,24.6077880859375,-0.0211716751053929,0.0267845465511083,-0.0063726037718355
1776180028063721200,24.61772119140625,-0.0172375505268573,0.0333434666752815,0.0038170740701258
1776180028073654300,24.627654296875,-0.0221609784036874,0.0237882873445749,0.0060357730329036
1776180028083587300,24.63758740234375,-0.0195651166915893,0.0403928006649017,-0.009953530998528
1776180028093520400,24.64752026367188,-0.0409600791588425,0.0324941563695669,-0.0229898669758811
1776180028103453400,24.657453369140622,-0.0568757334321737,0.0454804791927337,-0.0333597602229565
1776180028113386500,24.667386474609376,-0.0351698053196072,0.0542915621578693,-0.0369994684321805
1776180028123319300,24.6773193359375,-0.0359174088165163,0.0604085837334394,-0.0203493989370763
1776180028133252400,24.68725244140625,-0.0159191614046692,0.0497913281291723,-0.0149298215737566
1776180028143184100,24.69718408203125,-0.0044204467907547,0.0642243426293134,-0.013240078388527
1776180028153117200,24.7071171875,0.0138061147734522,0.039051322928071,-0.0135880150433629
1776180028163050200,24.71705029296875,0.0063116673648357,0.045694414204359,-0.0217994516149163
1776180028172983300,24.7269833984375,-0.028493396295607,0.059887190207839,-0.0124089613266289
1776180028182916400,24.736916259765625,-0.064223173585534,0.0435544795662164,0.0060070218624547
1776180028192849400,24.74684936523437,-0.0881146290436387,0.0417465533614158,0.0237530699007213
1776180028202782500,24.75678247070313,-0.0997150504663586,0.041546646875143,0.0357392757706344
1776180028212715300,24.76671533203125,-0.0800967422828078,0.0255792624145746,0.0172897921707481
1776180028222648300,24.7766484375,-0.0545250786527991,-0.000178863698244,0.000667158671841
1776180028232581400,24.786581298828125,-0.0076230422243475,0.0348901115953922,0.0180267281431704
1776180028242514400,24.796514404296875,0.0280976749762892,0.0172013101696968,0.028726985855773
1776180028252447500,24.806447509765626,0.0515767502412199,-0.0068225394964218,0.0176589177440851
1776180028262379500,24.81637963867188,0.0916293591663241,-0.0084194532990455,-0.0058673576634377
1776180028272312300,24.82631225585937,0.1079378121495246,0.0145873282790184,0.0027089301651343
1776180028282245400,24.836245361328125,0.101541973632574,0.0255775088489055,0.012593377982825
1776180028292178400,24.846178466796875,0.056847091859579,0.0424023869216442,0.0308017828358337
1776180028302111500,24.856111572265625,-0.0075698507323861,0.055455929762125,0.0280339620903134
1776180028312044300,24.866044189453124,-0.0591828413307666,0.0445113418996334,0.0200374469110742
1776180028321977300,24.87597729492187,-0.0783680187940597,0.0590484012961387,0.0015336941069923
1776180028331910400,24.885910400390625,-0.0954521323248744,0.0276513925135135,0.0409762996412813
1776180028341843500,24.89584350585937,-0.0641223435595631,0.0091536127924919,0.077381418909505
1776180028351776300,24.9057763671875,-0.05106383228302,0.0151397014647722,0.0648153673250228
1776180028361709300,24.915709228515624,-0.0160135616898536,-0.002222936746478,0.0694069328989833
1776180028371642400,24.92564233398437,0.0172200148701667,0.008081015124917,0.0474512860753573
1776180028381574400,24.935574462890624,0.0482896913945674,0.0323667305976152,0.0015658793435432
1776180028391507500,24.94550756835937,0.0613221914470195,0.0477402408182621,-0.0039908780007623
1776180028401440300,24.95544018554688,0.0803118463382124,0.0489285738199949,-0.0236019527259282
1776180028411373300,24.965373291015624,0.0705655283495783,0.0647276159763336,-0.0289143799203447
1776180028421306400,24.97530639648437,0.0436836589038372,0.04683014023602,-0.0036589608989655
1776180028431239400,24.985239501953124,0.0204500828325748,0.0137456167578697,0.009002221623063
1776180028441172500,24.99517236328125,0.0035810733571648,0.0107657241642475,0.0089826401397585
1776180028451105300,25.005105224609373,-0.0021872809112071,-0.0020282909572124,0.0017565613437443
1776180028461038300,25.015038330078124,-0.0210398654192686,-0.0023784195691347,0.0020702852017246
1776180028470971400,25.02497143554688,-0.0470765162125229,-0.0127478378921747,0.0098556783809326
1776180028480904400,25.034904541015624,-0.0614314970403909,-0.0100432551085948,0.0112711346694268
1776180028490837200,25.044837158203126,-0.0594154810428619,-0.0246738380074501,0.0089536697736009
1776180028500769300,25.054769287109377,-0.0680462390050292,-0.0330693259090185,0.0226924001329578
1776180028510702300,25.064702392578123,-0.0559355299726128,-0.0138543378293514,0.0159909297329373
1776180028520635400,25.07463549804688,-0.0396846523955464,0.0102355628103017,0.04402567727454
1776180028530568400,25.084568359375,-0.0047357963502407,0.0044470425367355,0.0045819574953988
1776180028540501200,25.09450122070313,0.0440893170952796,0.0019371055424213,-0.0184330439217388
1776180028550434300,25.10443432617188,0.0411062096312642,0.0202063372045755,0.0033000461923889
1776180028560367400,25.114367431640623,0.053445466722548,0.00537117164433,0.0348963404067792
1776180028570300400,25.124300537109377,0.0399798359498381,0.0010755202770233,0.0385878336021676
1776180028580233200,25.13423315429688,-0.0045537177816033,-0.0059393269211053,0.0421523942159488
1776180028590166300,25.144166259765623,-0.0090399232849478,0.0172112470418214,0.0152291698465123
1776180028600099300,25.154099365234377,-0.0038470308169722,0.0222983410477638,0.0058822629716247
1776180028610032400,25.164032470703123,-0.009065642248094,0.0127910925120115,0.0246802494819276
1776180028619964400,25.17396435546875,-0.0313254048511385,0.0029997663378715,0.0418018637452274
1776180028629897500,25.1838974609375,-0.0300257204294204,0.0154822312921285,0.0286581949358806
1776180028639830300,25.193830322265622,-0.0123716980561614,-0.0032861820638179,0.0169533632906153
1776180028649763300,25.203763427734376,-0.032924656741321,0.0012286650121212,0.0126699138177558
1776180028659696400,25.2136962890625,0.0159258834064006,0.0175116912931203,0.0207025049573741
1776180028669629400,25.22362939453125,0.0256935364440083,0.0031494039416313,0.0397871263893321
1776180028679562200,25.233562255859376,0.0474152466475963,0.0096703301429748,0.0434886295220814
1776180028689495300,25.24349536132813,0.0971735492900013,0.0011427402943372,0.0237979136894457
1776180028699428400,25.25342846679688,0.0861447902753949,0.0136971014410257,0.0377291161472909
1776180028709361400,25.263361328125,0.076692779058218,-0.0126402858644723,0.0456304273237474
1776180028719294200,25.273294189453125,0.0545791469275951,-0.0167190796107053,0.034238844612427
1776180028729227300,25.283227294921875,0.0208934426859021,0.0012754267632961,0.0333935346283949
1776180028739159300,25.2931591796875,-0.017585048790276,0.0080985507816076,0.0227176259057596
1776180028749092400,25.30309228515625,-0.0547395981863141,-0.0097135847628116,0.0436751833364367
1776180028759025400,25.313025390625,-0.1001852983266115,0.0176566527217626,0.0314702749482356
1776180028768958200,25.322958251953125,-0.1000058501064777,0.0122118313193321,0.0315435776464641
1776180028778891300,25.332891357421875,-0.0952107247844338,0.0067260933846235,0.0308430829606018
1776180028788824300,25.34282421875,-0.0854328426137566,0.0180576347380876,0.035760300292354
1776180028798757400,25.35275732421875,-0.0439247741833329,0.0342816243082284,0.032875100244861
1776180028808690400,25.3626904296875,0.0322360899552702,0.0306815539896488,0.0328715200482867
1776180028818623200,25.372623291015625,0.0786430363431572,0.0277788182854652,0.0030631504302844
1776180028828556300,25.38255639648437,0.1076230471119284,0.0292348623126745,0.0037901677968911
1776180028838489300,25.3924892578125,0.126682260107994,-0.0035123920351266,0.0147358333716168
1776180028848422400,25.40242236328125,0.1107423481762409,-0.0054448214024305,0.0232095741411671
1776180028858354400,25.4123544921875,0.0902124781057238,0.0025590368330478,0.0169801234333775
1776180028868287200,25.422287353515625,0.040183249567449,-0.0271492882102727,0.0130068176219239
1776180028878220300,25.43222021484375,0.0093590722367167,-0.0289496156305074,0.010686557980813
1776180028888153300,25.4421533203125,-0.0012055763974785,-0.0374058938086032,-0.0056892063512466
1776180028898086400,25.45208642578125,-0.0104313776433467,-0.0220101717561483,-0.0262006457159295
1776180028908019200,25.46201928710937,-0.0082014266341924,-0.0110211602300405,-0.0156701916122809
1776180028917952300,25.4719521484375,-0.0395192327007651,0.00255494517982,0.0020394151394255
1776180028927885300,25.48188525390625,-0.0689437723666429,0.0218067581385374,0.018348543976061
1776180028937818400,25.491818359375,-0.1057367949739098,0.0274392110675573,0.0365059310278855
1776180028947751200,25.501751220703124,-0.1007315340325236,0.0292523979693651,0.0435884549010545
1776180028957684200,25.51168432617188,-0.0812201933547854,0.0372445657670497,0.0537876312237232
1776180028967617300,25.5216171875,-0.0379082903727889,0.0362093775004148,0.0650758266258053
1776180028977549300,25.53154931640625,0.013323591953516,0.0165478146970272,0.0706301545510068
1776180028987482400,25.541482421875,0.0422699927136301,-0.0102606972515583,0.0493504890264943
1776180028997416200,25.551416259765624,0.0852837895318865,-0.0162280812233686,0.0458984671427868
1776180029007349500,25.561349609375,0.0895700885489583,-0.0272334593623876,0.0001870835373178
1776180029017282600,25.571282470703125,0.0629772651776671,-0.0132113637506961,-0.0128670438250526
1776180029027215400,25.58121533203125,0.0042377837002277,-0.006007131460309,-0.0324404168883338
1776180029037148400,25.5911484375,-0.0091714407101273,0.0202039991170167,-0.0394151512717828
1776180029047081500,25.60108154296875,-0.0171259068459272,0.0379138433307409,0.0033554844403639
1776180029057014500,25.6110146484375,0.0018847908332943,0.0239122059851884,0.0137309671780094
1776180029066947600,25.620947509765625,-0.0021104162827134,0.0114116208523511,0.0418610283202491
1776180029076880400,25.63088037109375,-0.0185644152164459,0.0057820905327796,0.0439605761490762
1776180029086813400,25.6408134765625,-0.0465159597203135,-0.0137497084110975,0.0513636006808839
1776180029096745500,25.650745361328124,-0.0838438198566436,-0.0212304195553064,0.0353699310015887
1776180029106678500,25.66067846679688,-0.0663254065617919,-0.0338233591467142,0.0111914570293389
1776180029116611600,25.670611572265624,-0.0241176654294133,-0.0411398196399211,0.0280013384623453
1776180029126544400,25.68054443359375,-0.0025800796210765,-0.0327162746876478,0.0349227900222875
1776180029136477400,25.6904775390625,0.0213394328877329,-0.0177145203888416,0.0354068106795661
1776180029146410500,25.700410400390624,0.0566451395466923,-0.0081599255800247,0.0278465497594326
1776180029156343600,25.71034350585937,0.0435913044452667,-0.0051502223700284,0.0142291259584948
1776180029166276400,25.7202763671875,-0.001620586939156,0.0022077391773462,-0.0058724539636634
1776180029176209400,25.73020947265625,-0.0085737670779228,0.0120990185946226,-0.0119119533236138
1776180029186142500,25.740142578125,-0.0397825598120689,0.0202881702691316,-0.0076012139850296
1776180029196075500,25.750075439453123,-0.0658130731254816,0.0226274268716573,0.0091909673945046
1776180029206008300,25.76000830078125,-0.0635392829746007,0.0241828396201133,0.0349300234806723
1776180029215940400,25.7699404296875,-0.0754758044838905,0.0240980839461088,0.0254387396990321
1776180029225873400,25.779873291015623,-0.0622422289013862,0.0218336461454629,0.0072977375264279
1776180029235806500,25.789806396484376,-0.0434355293616652,0.0278659120470285,-0.0037651064208708
1776180029245739500,25.799739501953123,-0.0349123234272003,0.0146668232560157,-0.0103446674742735
1776180029255672600,25.80967260742188,-0.0175227972090244,0.0150514386594295,-0.0097942487835884
1776180029265605400,25.81960546875,-0.0036786885127425,-0.0088309567093849,-0.0007386712717823
1776180029275538400,25.82953833007813,0.0276581145152449,-0.0197527482181787,0.0184824360214173
1776180029285471500,25.83947143554688,0.053005321739614,-0.0092366149008274,-0.0069848539186641
1776180029295404500,25.849404541015623,0.0772828539058566,-0.0016740706920623,-0.0167757782340049
1776180029305337300,25.85933740234375,0.064389177802205,-0.031098902618885,0.007256875793077
1776180029315270400,25.8692705078125,0.0417605818867683,-0.0232277308523654,0.0030802111629396
1776180029325203500,25.879203369140622,0.0223699449792504,-0.0204635268360376,0.0254394155524671
1776180029335135500,25.88913549804688,-0.0334612478360533,-0.0165735336601734,0.0235214348356239
1776180029345068500,25.899068603515627,-0.0643476767480373,-0.0234615396082401,0.026274277207721
1776180029355001300,25.90900146484375,-0.0843321878954768,-0.0245581026732921,-0.0065138571397401
1776180029364934400,25.918934326171875,-0.0906952931866049,-0.0090928225159645,0.0116858712164685
1776180029374867500,25.928867431640622,-0.0931017698064446,-0.0084171152114868,0.0484578693020157
1776180029384800500,25.938800537109376,-0.0557438067927956,0.0071598086267709,0.0659826210061088
1776180029394733300,25.9487333984375,-0.0227422854229807,0.0296089563220739,0.042675413443055
1776180029404666400,25.958666259765625,-0.0153930917039513,0.0393202029973268,0.0220102813540026
1776180029414599400,25.96859936523437,0.0187210670828819,0.0179904147207736,0.0208034628475084
1776180029424532500,25.97853247070313,0.0406689872577786,0.0134480951160192,0.01343901676042
1776180029434465500,25.98846557617188,0.0471940051123499,0.0222094937205314,0.020875066778995
1776180029444398300,25.9983984375,0.0279123815372586,0.0204220257818698,0.0135634833903051
1776180029454330400,26.008330322265625,-0.0058151160195469,-0.0043868367820978,0.0073038932725787
1776180029464263400,26.01826342773437,-0.0343044206619262,3.9162966609e-05,-0.0141268163614906
1776180029474196500,26.02819653320313,-0.0463829809904098,-0.0099584994345903,-0.0034290793995372
1776180029484129500,26.03812963867188,-0.0131228086844086,-0.0152688808023929,-0.003440441043768
1776180029494062300,26.04806225585937,0.0165863931417465,-0.0082493574291467,-0.0235333627354353
1776180029503995400,26.057995361328125,0.0276478853821754,0.0053121349334716,0.0018699220577254
1776180029513928400,26.067928466796875,-0.0032554946646094,0.0136129302889108,0.0225856700891628
1776180029523861500,26.077861572265626,-0.0030567572221159,-0.0034761516779661,-0.0058422414884902
1776180029533794300,26.087794189453124,-0.0279071208402514,0.0122416419357061,-0.0149897898663766
1776180029543727400,26.09772729492187,-0.0410991953685879,0.0133919810146093,-0.0003559190318919
1776180029553660400,26.107660400390625,-0.0161833652988076,0.0200128604590892,-0.0124877987165004
1776180029563593500,26.11759350585937,0.031026129643619,0.002084989580512,-0.017693514133431
1776180029573525500,26.127525390625,0.0600759907782077,0.0044873745471239,0.011399784284085
1776180029583458300,26.137458251953124,0.0606172580480575,0.034142508098483,0.002326561517734
1776180029593391400,26.14739135742188,0.0218529353678226,0.0170697927445173,0.0381250566623173
1776180029603324400,26.157324462890625,-0.0347790524363517,0.0037169746965169,0.0465159962529316
1776180029613257500,26.16725756835937,-0.0867468478217721,0.0054898295879364,0.022418332431931
1776180029623190500,26.1771904296875,-0.096292090280354,0.0028553894311189,0.0350614861069247
1776180029633123300,26.187123291015624,-0.089499653661251,0.0067675944387912,0.0270281277823261
1776180029643056400,26.19705639648437,-0.0719999450668692,-0.0121872813999652,0.0354058608314953
1776180029652989400,26.206989501953124,-0.0376981547534465,-0.0071902037650346,0.03704710696619
1776180029662922500,26.216922607421875,-0.001993511904776,-0.0276180747658014,0.0247148093386553
1776180029672855300,26.226855224609373,0.029901509527862,-0.0152104286134243,0.0199657151154242
1776180029682788400,26.236788330078124,0.0580897853970527,-0.0120779758065938,0.0253530341769568
1776180029692720400,26.24672045898437,0.0599073562130332,0.0064548752278089,-0.0193969570504501
1776180029702653400,26.2566533203125,0.0485208698019385,0.0246276607781648,-0.0240257858948782
1776180029712586500,26.26658642578125,0.0233434661865234,0.0137631524145603,-0.0036715098532848
1776180029722519300,26.276519287109377,-0.0012315876215696,0.0203559748083353,-0.015002393619623
1776180029732452400,26.286452392578123,-0.0002314706683158,0.0198141230165958,-0.0119312060133554
1776180029742385400,26.29638549804688,-0.0274377497628331,-0.0043920974791049,-0.0162657828852534
1776180029752318500,26.306318359375,-0.0256397604301571,-0.0051163201004266,0.0200564073398709
1776180029762251300,26.316251220703126,-0.0382666022911667,-0.0295516731768846,0.013890267659258
1776180029772184300,26.32618432617188,-0.0536921349599957,-0.0064800096690654,-0.0027197072874754
1776180029782117400,26.336117431640623,-0.0613631079792976,-0.0063052376240491,0.007248893416021
1776180029792050400,26.34605053710937,-0.0550341972187161,-0.0097369656383991,-0.005546199417673
1776180029801983200,26.35598315429688,-0.038131869995594,-0.0145405665278434,0.0039046792883425
1776180029811915500,26.36591552734375,-0.0161178988471627,-0.0083183310121297,0.0191531566235236
1776180029821848300,26.37584838867188,0.0313242358073592,0.0150526077032089,0.0186111221686936
1776180029831781400,26.385781494140623,0.0398056484267115,0.0114203886806964,0.0187198980391025
1776180029841714400,26.39571435546875,0.0458154102355241,0.0270136791318655,-0.0045157238587737
1776180029851647500,26.4056474609375,0.0567722730576992,0.0302355637878179,-0.0034749826341867
1776180029861580300,26.415580322265622,0.0282706934556365,0.0211538471877574,0.0140397408662363
1776180029871513300,26.425513427734376,0.0031514497682452,0.0080646485120058,-0.0019384389829821
1776180029881446400,26.4354462890625,-0.0434770304158329,0.0028688334345817,0.0113212208888493
1776180029891379500,26.44537939453125,-0.0438981784373521,0.0008592471778392,0.0053912463179789
1776180029901312300,26.455312255859376,-0.046324821062386,0.0026291794598102,-0.0029213490731082
1776180029911245300,26.46524536132813,-0.0313680749490857,0.004610124143958,-0.0096202987224794
1776180029921178400,26.47517846679688,-0.01713935084939,-0.0048211365461349,-0.0072330930586904
1776180029931110400,26.4851103515625,-0.0021229835033416,-0.0030178865164518,0.0084954959436319
1776180029941043500,26.49504345703125,0.0067804539203643,0.0081160864382982,-0.00683857731577
1776180029950976300,26.50497631835937,0.0172588855758309,-0.0034171149671077,0.0025333178699016
1776180029960909300,26.51490942382813,0.0141769939124584,-0.0121358434736728,0.0006401793333701
1776180029970842400,26.52484228515625,0.0062988078832626,0.0020317980885505,0.0143044379507191
1776180029980775400,26.534775390625,0.0080564652055501,0.0168242935508489,0.0160978607061319
1776180029990708200,26.544708251953125,-0.006018237376213,-0.0016407529443502,0.0180551139874383
1776180030000641000,26.55464111328125,-0.0025856325790286,0.0005436053574085,0.0340428288499824
1776180030010574000,26.56457397460937,-0.0073462711095809,0.0012508768439292,-0.0046731246438808
1776180030020507100,26.574507080078124,-0.0017059271350502,0.0003413607835769,-0.0285755764200352
1776180030030440200,26.584440185546875,0.0029679098948836,-0.004324877461791,-0.0119587516074068
1776180030040373000,26.594373046875,0.0314528306230902,-0.0246487035661935,0.0133184408543631
1776180030050305000,26.604304931640623,0.0348150005325674,-0.0271142168968915,0.0195183732067234
1776180030060238000,26.614238037109377,0.0095373514130711,-0.0237140530645847,0.0270714737337082
1776180030070171100,26.624171142578124,-0.0222714530408382,-0.0195037418931722,0.0327505605497397
1776180030080104200,26.63410424804687,-0.0675029259085655,0.0007838438540697,0.0169156616287305
1776180030090037000,26.644037109375,-0.1045923011139035,0.0199520701825618,-0.0253782782160677
1776180030099970000,26.653969970703123,-0.1248670273795723,0.0452379026085138,-0.0264879199584014
1776180030109903000,26.66390307617188,-0.1119593227505683,0.0575526097804307,-0.0195624315441586
1776180030119836200,26.673836181640624,-0.0968599532961845,0.0618722265452146,-0.0285690553477033
1776180030129769000,26.68376904296875,-0.0451715593740344,0.0417214189201593,0.0041338484017178
1776180030139702000,26.69370190429688,0.021995850969851,0.0431838926881551,0.0073245890007354
1776180030149635000,26.703635009765627,0.0715092389404773,0.0389993004798889,-0.0058782991825602
1776180030159568100,26.713568115234377,0.0615671061187982,0.0253127204328775,0.0050498490017838
1776180030169500200,26.723500244140624,0.0502978163465857,0.0069452890932559,0.0092477025504224
1776180030179433200,26.73343310546875,0.0221843592792749,0.0219751004427671,-0.017013550778944
1776180030189366000,26.74336596679688,0.0102028295844793,0.0071218147039413,-0.0144351881909184
1776180030199299000,26.753299072265627,-0.0223211374014616,-0.0121767600059509,0.0183757425102405
1776180030209232100,26.763232177734373,-0.0407505280613899,-0.0166448453307151,-0.001563395125512
1776180030219165200,26.773165283203124,-0.0308300225496292,-0.0141612118214368,-0.0287644317893311
1776180030229098000,26.783097900390626,-0.0566106527552008,-0.0216752407133579,-0.0242373280200175
1776180030239031000,26.793031005859376,-0.0357157487645745,0.000139700731635,-0.0195127289172261
1776180030248964000,26.802964111328127,-0.0044411973178386,-0.006809095492959,-0.0215992528676986
1776180030258897200,26.81289721679688,0.0478700046777725,-0.0110322661459445,-0.0626984299699775
1776180030268830000,26.82282983398437,0.0522492426753044,4.03320103883e-05,-0.0418666178108192
1776180030278763000,26.83276293945313,0.0423223074227571,0.0050473465174436,-0.03517804342499
1776180030288695000,26.842695068359376,-0.025871231098473,0.0096352588295936,-0.0056016741982661
1776180030298628000,26.852628173828126,-0.0984986604139208,-0.0060585693866014,0.0140047426180914
1776180030308561200,26.86256103515625,-0.1218880115687847,0.0087304189443588,0.0007365523799322
1776180030318494200,26.872494140625,-0.1231844811201095,0.0341337402701377,-0.0054568771664053
1776180030328427000,26.88242700195313,-0.0977948960587382,0.0258311913490295,0.0367101483630947
1776180030338360000,26.89236010742188,-0.0699602559328079,0.0268698867470026,0.0516042593026533
1776180030348293000,26.902293212890623,-0.0209390353932976,0.0083335285812616,0.0579465044688433
1776180030358226200,26.91222607421875,0.0288581379547715,-0.0074625909656286,0.034886220871564
1776180030368159000,26.922158935546875,0.0747688252583146,-0.0207657246530056,0.0181049810111522
1776180030378092000,26.932092041015625,0.0834498521029949,-0.0209907655805349,-0.010487272549048
1776180030388025000,26.942025146484376,0.0674760379016399,0.0061351417541503,-0.0350552207629196
1776180030397958100,26.95195825195313,0.028711715221405,0.0036731355547904,-0.0288886426908895
1776180030407890200,26.96189013671875,0.0090001757964491,0.011456629037857,-0.0148175020393915
1776180030417823000,26.971822998046875,-0.0016562427744269,0.0267453835844993,-0.0244928736836649
1776180030427756000,26.981756103515625,-0.0014040215790271,3.21487039327e-05,0.0156023870730772
1776180030437689000,26.991689208984376,0.0019359364986419,-0.0046989714711904,0.0064517334226518
1776180030447622100,27.0016220703125,-0.0230371767163276,-0.0201081375271081,-0.0047915085928514
1776180030457555000,27.011554931640624,-0.0440673975244164,-0.0307195479124784,0.0070574807634577
1776180030467488000,27.02148803710937,-0.0617804566085338,-0.0247585936814546,0.0093471443369053
1776180030477421000,27.031421142578125,-0.0652533934161067,-0.0158539872139692,-0.0063838192855939
1776180030487354000,27.04135400390625,-0.0388844419285655,-0.0145604402720928,0.0119831188636831
1776180030497287000,27.05128686523437,-0.0192106041654944,-0.0052221185624599,0.010733337998297
1776180030507220000,27.061219970703124,-0.034825229665637,0.0164887779861688,0.0229719294603914
1776180030517153000,27.071153076171875,0.0068567340269684,0.0182435126990079,-0.0031305165780708
1776180030527085000,27.0810849609375,0.0278898774445056,0.0102758948206901,-0.0118794940924271
1776180030537018000,27.09101806640625,0.0373413041397929,0.0171031104922294,-0.0178731815492734
1776180030546951200,27.100951171875,0.0263128373861312,0.0255816005021333,-0.0057190352339297
1776180030556884000,27.110884033203124,-0.0120052028313279,0.0101923081904649,0.0190027701010927
1776180030566817000,27.120817138671875,-0.023567922592163,-0.0008183306455612,0.021496121286787
1776180030576750000,27.13075,-0.029019465996325,-0.015223872616887,0.0276013245604
1776180030586683100,27.14068310546875,-0.020848726761341,-0.0328694194227457,0.0159079276246018
1776180030596616000,27.15061596679688,-0.0060927639171481,-0.0153939684867858,0.0071223444269038
1776180030606549000,27.160549072265624,0.0114019762411713,-0.013864274701476,-0.0201077722009271
1776180030616482000,27.17048193359375,0.0334942733228206,-0.0140448919653892,-0.032280714548286
1776180030626415000,27.1804150390625,0.0406207642018794,0.0028852000474929,-0.0461179733786732
1776180030636348000,27.190347900390623,0.037686172054708,0.0069821139723062,-0.0231272661525756
1776180030646280000,27.20028002929688,0.0013666121780872,0.019457564663887,-0.0299069894205778
1776180030656213000,27.210212890625,-0.107497082644701,0.0196241534024477,-0.0431227736180648
1776180030666146000,27.22014599609375,-0.1004439492627978,0.0242529822468757,0.0047942120065912
1776180030676079000,27.2300791015625,0.0234495569095015,0.0281663562983274,0.0126162108691409
1776180030686012000,27.240011962890627,0.0610907207787036,-0.0371685779213905,-0.0419295452455058
1776180030695945000,27.249945068359377,0.0478612368494272,-0.0408475586950779,-0.0679340656011365
1776180030705878000,27.2598779296875,0.0491083143010735,-0.023047698110342,-0.0386889376227743
1776180030715811000,27.26981103515625,0.0222179692879319,-0.0291875160396099,-0.0414919575458392
1776180030725744000,27.279744140625,0.0129249480247497,-0.0277174434870481,-0.0480007731842808
1776180030735677000,27.289677001953127,-0.0606409311845898,-0.0031195933252573,-0.0326386428741738
1776180030745610000,27.29960986328125,-0.0929810660362243,-0.0272223534464836,-0.0378868274596519
1776180030755542000,27.3095419921875,-0.0911050430312752,-0.0287444484472274,-0.0111269952246919
1776180030765475000,27.31947509765625,-0.0345817762985825,-0.0235281751036644,0.0085804708133451
1776180030775408000,27.329408203125,0.0257552035033702,-0.0285731835335493,0.0309177008330821
1776180030785341000,27.3393408203125,0.0579024461314082,-0.0456558357596397,0.060130844504293
1776180030795274000,27.34927392578125,0.0957280266568064,-0.02014203979671,0.0350084955443628
1776180030805207000,27.35920703125,0.0624219693824648,-0.0186918409883975,0.0386380294194445
1776180030815140000,27.36914013671875,0.0288037774190306,-0.0198877727746963,0.0324468283628113
1776180030825073000,27.37907299804688,0.0113452776178717,-0.0169464586257934,0.0248555329835973
1776180030835006000,27.389005859375,-0.0145420278325676,0.0130102882206439,0.0113577900395728
1776180030844939000,27.39893896484375,-0.0127615741565823,0.0078904609888792,0.0001719407671131
1776180030854872000,27.4088720703125,0.0112424017652869,0.0102303021132946,0.0117125034950673
1776180030864804900,27.418804931640626,0.0388826883628964,-0.0018330606460571,0.0063791431104764
1776180030874738000,27.428738037109376,0.0442678885325789,0.0113590138822793,0.0070186648567207
1776180030884670000,27.438669921875,0.01979687962085,0.0244751005649566,0.0084611918152309
1776180030894603000,27.44860302734375,0.0066153264865279,-0.0041360768914222,0.0053909905896522
1776180030904536000,27.4585361328125,-0.033519700025022,0.0186690446346998,-0.0035784247423522
1776180030914469000,27.46846923828125,-0.0661304685115814,0.018088614398241,0.0185677396846935
1776180030924402000,27.47840185546875,-0.0648974195852875,0.0111275432139635,0.043000151885394
1776180030934335000,27.4883349609375,-0.0547781766310334,0.0397895740747451,0.0303565232863649
1776180030944268000,27.49826806640625,-0.0384197470262646,0.0660924745887518,0.0527037449771538
1776180030954201000,27.508201171875,0.0248518249228596,-0.02129822409451,-0.0071209927200339
1776180030964134000,27.5181337890625,0.0523909892335534,0.0284907659471034,-0.0352350708418525
1776180030974067000,27.52806689453125,0.0203960145577788,0.0209177003443241,0.0063018400905653
1776180030984000000,27.538,-0.0215218037173151,0.0029553426742553,0.0173303799094632
1776180030993933000,27.54793310546875,-0.0364390946030616,-0.0047094928652048,-0.0006639438014477
1776180031003864600,27.557864501953127,-0.0457455598697066,0.0023152912050485,-0.0113203806386329
1776180031013797600,27.56779760742188,-0.053422962629795,-0.0116185416013002,-0.0094311693585477
1776180031023730400,27.57773046875,-0.0334828751459717,-0.025278233641386,0.0164794621685519
1776180031033663500,27.58766357421875,-0.0398129549503326,-0.0200642983853816,0.0447692804497666
1776180031043596800,27.5975966796875,-0.0254947990015149,-0.0124146604150533,0.0730769083823077
1776180031053529900,27.60752978515625,0.0008940262302756,-0.0202864167034626,0.0723671161451376
1776180031063462700,27.617462646484373,0.032943361441791,-0.0164911160737276,0.0160151873913593
1776180031073395700,27.627395751953124,0.0183922735199332,0.0002057517051696,-0.0213249659709632
1776180031083328800,27.63732885742188,0.0173377960309386,0.0231429751783609,-0.0107841183374635
1776180031093261800,27.64726171875,0.0020084172129631,0.0168295542478561,0.0127897956040687
1776180031103194600,27.657194580078126,0.0034171149671077,0.0197398887366056,0.0027460655714385
1776180031113127700,27.66712768554688,-0.0006754150435328,0.0167313545703887,0.0092856599406339
1776180031123059500,27.6770595703125,-0.0164066526606678,0.0092488898605108,0.0197952356530353
1776180031132992800,27.68699267578125,-0.0298293210744857,0.0109650461286306,0.0166996259915642
1776180031142925800,27.69692578125,-0.0240755798533558,-0.0134966104328632,0.0168170783587731
1776180031152858600,27.706858642578126,-0.0110810737237334,-0.0181868140757083,0.0084304130844771
1776180031162791700,27.71679174804688,0.0010021627798676,-0.0129085814118385,0.0001530534035526
1776180031172724700,27.726724853515623,-0.0190387547299265,-0.0188958391278982,0.0187952465639449
1776180031182657800,27.73665771484375,-0.0165165427759289,0.0076747724115848,0.0187257067253813
1776180031192590600,27.74659057617188,-0.01101268466264,0.034739304947853,0.0312762684797868
1776180031202523600,27.756523681640623,-0.019291560447216,0.0151174896329641,0.033689174840413
1776180031212456700,27.766456787109377,-0.0190539522990584,0.0425274746060371,0.0069289224803447
1776180031222389800,27.7763896484375,0.0038204350709915,0.0353834480702877,0.0180062150781042
1776180031232321800,27.78632177734375,0.0268023744687438,0.0343126039683818,0.0272447296750731
1776180031242254800,27.7962548828125,0.0379246569857001,0.0231061502993106,0.0146630238637328
1776180031252187600,27.806187744140622,0.0169335991442203,0.0234954418778419,-0.001127414861042
1776180031262120700,27.81612060546875,0.0214516610905528,0.0203144737541675,0.0271824050285853
1776180031272053800,27.8260537109375,0.0179702487155795,0.0283814603537321,0.0135686710220761
1776180031281986800,27.83598681640625,0.0239013923302292,0.0249269359856843,-0.0245544128788635
1776180031291919600,27.845919677734376,0.0107166243255138,0.0098497783631086,-0.0212828621285967
1776180031301852700,27.85585278320313,-0.0428860787853598,0.0452957702755928,-0.0004408025700598
1776180031311785700,27.86578564453125,0.0097124157190322,0.002428103929758,0.033745654268004
1776180031321718800,27.87571875,0.0453080452352762,-0.0441027610987424,-0.0373029996897093
1776180031331651600,27.885651611328125,-0.0121516255646944,-0.0167582425773143,-0.0466414127308875
1776180031341584600,27.89558471679688,-0.0838873667374253,-0.0126285954266786,-0.0116870402602478
1776180031351516700,27.9055166015625,-0.0964741688489913,0.010263035339117,0.0016633666349574
1776180031361449700,27.91544970703125,-0.0915817206323146,0.0145405665278434,0.0165684556262567
1776180031371382800,27.9253828125,-0.08077332637012,0.0249777893900871,0.0030118586344644
1776180031381315600,27.935315673828125,-0.0518701802298426,0.0242331085026264,-0.0106906131014227
1776180031391248600,27.94524853515625,0.0052478375256061,0.0308013809770345,-0.0063679823956452
1776180031401181700,27.955181640625,0.0250464707121253,0.0243839151501655,-0.0017608356600627
1776180031411114800,27.96511474609375,0.031401100435853,0.0128875386238098,-0.004090593781881
1776180031421047800,27.9750478515625,0.0110217447519302,0.0234586169987916,0.0117428621007129
1776180031430980600,27.984980712890625,-0.0051896775975823,0.0246457809567451,0.0190169812895357
1776180031440913700,27.99491357421875,-0.0101078447774052,0.0246095405995845,0.0143214804170653
1776180031450846700,28.0048466796875,-0.0047322892189025,0.0286024096280336,0.007690079578571
1776180031460779800,28.01477978515625,-0.002196925522387,0.0299012172669172,0.0393033431940712
1776180031470711800,28.0247119140625,0.0029816461592912,0.0327384865194559,0.0305756276634521
1776180031480644600,28.03464453125,0.0369426602110266,0.0303618205159902,-0.0049055634265765
1776180031490577700,28.04457763671875,0.0164390936255455,0.0284381589770317,-0.0252705435252748
1776180031500510700,28.0545107421875,-0.0308054726302623,-0.0022580080598592,-0.0031576785796321
1776180031510443800,28.06444384765625,-0.0533040124252438,0.012307108387351,-0.0039845030589029
1776180031520376600,28.07437646484375,-0.0441211735382676,-0.0024228432327508,0.0110485596936196
1776180031530309600,28.0843095703125,-0.0300672214835882,0.022176760494709,0.0005852708083577
1776180031540242700,28.09424267578125,-0.0013306640818715,0.0160591543972492,0.0110665885406546
1776180031550175700,28.10417578125,0.016214344958961,0.012648469170928,0.0001791011602617
1776180031560108500,28.114108642578124,0.0355427302852272,0.0054915831536054,0.0111564039822667
1776180031570041600,28.12404150390625,0.0064648120999336,-0.0049859717190265,0.0309934512167237
1776180031579974700,28.133974609375,-0.0458691862493753,-0.0184264680504798,0.0295557648301124
1776180031589907700,28.14390771484375,-0.0664770899921655,-0.0054313773989677,0.0119855482827872
1776180031599839700,28.15383984375,-0.0721753016337752,-0.0005862754553556,-0.0052529703584499
1776180031609772800,28.163772705078124,-0.0679062460124492,0.0210486332476139,-0.0228464947161264
1776180031619705600,28.17370556640625,-0.0439762121096253,0.0360644160717725,-0.0193363311707042
1776180031629638700,28.183638671875,-0.0375321505367755,0.0278852012693881,0.0034726080140098
1776180031639571700,28.19357177734375,-0.0620993132993578,0.0583481440722942,-0.0321322642546147
1776180031649504800,28.2035048828125,-0.0633157033517956,0.0344394452184438,-0.0187789530162699
1776180031659437600,28.2134375,-0.0312438640475273,-0.0150391636997461,0.0443788563600741
1776180031669370600,28.22337060546875,-0.0141781629562377,-0.024593758508563,0.0452166406247764
1776180031679303700,28.2333037109375,-0.0179737558469176,0.0457967055350542,0.0679773567535914
1776180031689236700,28.24323681640625,0.0327007848575711,-0.078874799272418,-0.0297228102263994
1776180031699169500,28.25316943359375,0.1069476320683956,-0.0336596930176019,-0.0832209387179464
1776180031709101600,28.2631015625,0.1027753148198127,-0.0183189160227775,-0.0342321408770047
1776180031719034600,28.27303466796875,0.0648114948675036,0.026764672806859,-0.0152032864865846
1776180031728967700,28.2829677734375,0.0063701195538043,0.0200327342033386,-0.0414416886633262
1776180031738900700,28.292900634765623,-0.0348126624450087,0.0386094243794679,-0.0115930783664807
1776180031748833500,28.30283349609375,-0.0312418182209134,0.0396299995988607,0.0025793855013325
1776180031758766600,28.3127666015625,-0.0403802334442734,0.048784781435132,0.0019673910828307
1776180031768699600,28.32269970703125,-0.0270852830633521,0.0523977112352848,0.0308659889121539
1776180031778632700,28.3326328125,-0.045699967162311,0.0525023406535387,0.0364792256840504
1776180031788565800,28.34256567382813,-0.0722635644391179,0.0347433966010808,0.03107913847249
1776180031798498600,28.35249853515625,-0.0807169200077652,0.0197843124002218,0.0139944221534766
1776180031808431600,28.362431640625,-0.0515118683114647,0.0261041630715131,-0.0031467553268186
1776180031818364700,28.37236474609375,-0.0174976627677679,0.0250455939292907,0.0008057634249329
1776180031828296700,28.382296630859376,0.0111465401753783,-0.0019955577313899,0.0277084381966851
1776180031838229800,28.39222973632813,0.0321744228959083,0.0073363342374563,0.0139879376137629
1776180031848162600,28.40216259765625,0.0565615529164671,0.0027267946153879,0.0133612022838555
1776180031858095600,28.412095703125,0.0527519315004348,0.0185556473881006,-0.0084193802338093
1776180031868028700,28.422028564453125,0.0236357271313667,0.0473509492397308,-0.011371708967071
1776180031877961700,28.43196166992188,0.003841770119965,0.0311275441914796,-0.0039565738723613
1776180031887894500,28.44189453125,-0.0213104990541934,0.0346148017853498,0.0221575991365127
1776180031897827600,28.45182763671875,-0.0334556948781013,0.0471218166589736,0.0403079536593519
1776180031907760600,28.4617607421875,-0.0439481550589203,0.0373830974549055,0.0426662985548377
1776180031917693700,28.471693603515625,-0.0303051218926906,0.0291524447262287,0.0326213264131918
1776180031927626500,28.48162646484375,0.0050102293774485,0.0333849677294492,0.0417599060333333
1776180031937559600,28.4915595703125,0.0169438282772898,0.0279296249330043,0.0123875714787282
1776180031947491600,28.50149169921875,0.0351610374912619,0.0230254862785339,0.0050555663565173
1776180031957424600,28.511424560546875,0.021018530370295,0.010878536888957,0.0117149237810168
1776180031967357700,28.521357666015625,0.0147431033626198,-0.0057803369671106,0.0105704025215469
1776180031977290800,28.53129077148437,0.0043757308661937,0.0094096333801746,0.0369935501480475
1776180031987223600,28.5412236328125,0.0012801029384136,0.0138034844249486,0.0210114065097644
1776180031997156900,28.55115698242188,-0.0100657592013478,-0.0024158289700746,0.0395402846219483
1776180032007090000,28.56108984375,0.0015156652599573,-0.0006722001731395,0.0398049360406585
1776180032017023000,28.57102294921875,0.0284571559384465,0.0026484686821699,0.0332088713770266
1776180032026955800,28.580955810546875,0.0372667775988578,0.0272089094430208,0.0293573287817183
1776180032036888800,28.590888916015626,0.0418751481771469,0.024084639942646,0.0323321433414239
1776180032046822000,28.60082177734375,0.0542220040529966,0.0229950911402702,0.0164229096757248
1776180032056755000,28.6107548828125,0.0495315081492066,0.0265483997076749,0.0009897142902482
1776180032066687000,28.62068701171875,0.0158455116465687,0.0028267478585243,0.0043529345124959
1776180032076619800,28.630619873046875,-0.005635960060358,0.0137485393673181,0.0251762071721721
1776180032086552800,28.640552734375,0.0055459436893463,0.0155044431239366,0.0328410792442504
1776180032096486000,28.65048583984375,0.0095218615829944,0.0315630129992961,0.0072268003152217
1776180032106419000,28.6604189453125,-0.008731880249083,0.0288876563102006,0.0256562731735408
1776180032116351700,28.670351806640625,0.0019385668471455,0.0329617738813161,0.0345510067009832
1776180032126284800,28.68028491210937,0.0305754632666707,0.0351461321830749,0.0109995420532766
1776180032136217900,28.6902177734375,0.0487248679414391,0.0601233370512723,0.0197189372801221
1776180032146151000,28.70015087890625,0.0540051464319229,0.0392635043740272,0.0325120938850566
1776180032156083700,28.71008374023437,0.0410837055385112,0.0388742127954959,0.0287708249974995
1776180032166016800,28.720016845703125,0.0026759412109851,0.0517360324561595,0.00638697935706
1776180032175949800,28.72994970703125,-0.0325575769945979,0.031283611536026,-0.0114919652127195
1776180032185881900,28.7398818359375,-0.0298819280445575,0.0369283394247293,0.0042596667384728
1776180032195815000,28.74981494140625,-0.0416088984563946,0.0435492188692092,0.0455424385130405
1776180032205748000,28.759748046875,-0.0319701324954628,0.0583960748672485,0.083915003663022
1776180032215680800,28.7696806640625,0.0221744224071502,-0.0186520934998989,-0.114632670145668
1776180032225613800,28.77961376953125,0.0919441242039203,0.0203945532530546,-0.1080614476623479
1776180032235547000,28.789546875,0.1127872980073094,0.0502145219773054,-0.0136320277150254
1776180032245480000,28.79947998046875,0.0871507524475455,0.0393967753648757,0.0270235064061358
1776180032255412700,28.80941284179688,0.0540504468783736,0.0260889655023813,0.0243676033361814
1776180032265345800,28.819345703125,0.0064633507952094,0.027402386188507,-0.0074085957560688
1776180032275278800,28.82927880859375,-0.0267196646213531,0.0399491485506296,0.0109529812315013
1776180032285212000,28.8392119140625,-0.0455555902555584,0.0154249481469392,0.0438234053012449
1776180032295144700,28.849144775390624,-0.0550432573080062,-0.0018453356057405,0.0857324009490665
1776180032305076700,28.85907666015625,-0.0260056711331009,-0.0097176764160394,0.0590316419575829
1776180032315009800,28.869009765625,0.0109445878624916,-0.0111100075572729,0.0303399831435177
1776180032324942800,28.87894287109375,0.0558703557819128,-0.0102951840430498,0.0199918907362967
1776180032334876000,28.8888759765625,0.0510758149817585,-0.0205196409374475,0.0086205927611794
1776180032344808700,28.89880859375,0.0358840910688042,-0.0132610481113195,0.0016118465102743
1776180032354741800,28.90874169921875,0.0098480247974395,0.0206570035815238,0.0034197544487658
1776180032364674800,28.9186748046875,-0.0042447979629039,0.0164560447603464,0.0027476638734806
1776180032374608000,28.92860791015625,-0.0108387894004583,0.0069739306658506,0.0092731475189328
1776180032384540700,28.938540771484377,-0.0014987141251564,0.0117325233697891,0.0168873579828534
1776180032394473700,28.9484736328125,0.0286439106822013,-0.0150315649151802,0.0313446027419529
1776180032404406800,28.95840673828125,0.0385851667210459,0.0004039046257734,0.0161072587221395
1776180032414339800,28.96833984375,0.0246656547009944,-0.0286281285911798,0.0126153158199973
1776180032424272000,28.97827197265625,-0.0397109558805823,-0.0227069218486547,0.0248322617058642
1776180032434205000,28.988204833984376,-0.061448155914247,-0.0025210429102182,-0.0045080702752806
1776180032444137700,28.9981376953125,-0.0606713263228535,-0.0481558358818292,0.0424468927836511
1776180032454070800,29.00807080078125,-0.0274067701026797,-0.0133843822300434,0.0805608252637554
1776180032464003800,29.01800390625,0.0075239657640457,-0.0064852703660726,0.0690395517581608
1776180032473937000,29.02793701171875,0.0048117841958999,-0.0167734401464462,0.0242545896820724
1776180032483869700,29.03786962890625,0.0308548647299408,-0.0010644143611192,0.0246821035122964
1776180032493802800,29.047802734375,0.0562926728472113,0.012247487154603,0.022019761568401
1776180032503735800,29.05773583984375,0.0633715251922607,0.0130523737967014,0.0363831996973604
1776180032513668900,29.0676689453125,0.0610962737366557,-0.0022831425011157,0.0535291629506275
1776180032523601700,29.0776015625,0.0198448104158043,-0.0284644624620676,0.0858436062385793
1776180032533534700,29.08753466796875,0.0049637598872184,-0.0336848274588584,0.0535560144249349
1776180032543466800,29.097466796875,-0.0059630000576376,-0.0359428355187177,0.0405862865435425
1776180032553399800,29.10739990234375,-0.0060261284217238,-0.0198129539728164,0.0531360628466587
1776180032563332900,29.117332763671875,0.0030567572221159,-0.0207867674410343,0.0359208611489273
1776180032573265700,29.127265625,0.0202943077489733,-0.0068722238570451,0.0185465598993469
1776180032583198700,29.13719873046875,-0.0007028875723481,0.0029769699841737,-0.0019873013596981
1776180032593131800,29.1471318359375,-0.0066401686668395,0.0104150110304355,0.0205574978629592
1776180032603064800,29.15706494140625,-0.0371621481806039,0.0305056129008531,0.0222426562046166
1776180032612998000,29.16699780273437,-0.0340159591093659,0.0315402166455984,0.0194079807679634
1776180032622930700,29.1769306640625,-0.0122632692456245,0.049596097818017,0.0104162531394511
1776180032632863700,29.18686376953125,-0.0022758359774947,0.0501589923977851,0.0223698901803232
1776180032642797000,29.196797119140623,0.010595043772459,0.0245469967573881,0.0429385852907318
1776180032652728800,29.206728759765625,-0.0048126609787344,0.035599136647582,0.0196108189968392
1776180032662662000,29.21666186523437,-0.0133805828377604,0.0342617505639791,-0.018577101168083
1776180032672594700,29.2265947265625,-0.0152288410529494,-0.0120744686752557,0.0604602408554404
1776180032682527700,29.23652783203125,-0.0473357516705989,0.0094604867845773,0.0270176246546208
1776180032692460800,29.24646069335937,-0.0593640431165695,0.0190279410749673,0.041780930555053
1776180032702393900,29.256393798828125,-0.0925029271304607,0.010136194089055,0.0831266480306163
1776180032712326700,29.26632666015625,-0.0528556841358542,-0.0392816245526075,-0.0522784870360977
1776180032722259700,29.276259765625,-0.0281993817850947,-0.0030120412975549,-0.0535270623250864
1776180032732193000,29.286193115234376,0.0057595864400267,0.0036854105144739,0.0004213215514551
1776180032742126000,29.2961259765625,0.0231853530153632,0.0101531452238559,0.0184116266743745
1776180032752059000,29.306058837890625,0.0187687056168913,0.0173199681133031,0.0127620490806177
1776180032761992000,29.31599194335937,0.0115676881968975,0.0023585458248853,0.0084404686876107
1776180032771925000,29.325925048828125,-0.0058034255817532,0.0130874451100826,-0.0275369175546802
1776180032781856800,29.335856689453124,-0.0400727749302983,0.0208259304076433,-0.0184925007577054
1776180032791789800,29.34578979492188,-0.05713438436836,-0.0104909988760948,-0.0141923558783717
1776180032801723000,29.355722900390624,-0.0570513822600245,-0.0019213234513998,-0.0443080652793403
1776180032811655700,29.36565576171875,-0.0236249134764075,-0.0075742346465587,-0.0296282455444335
1776180032821589000,29.375589111328125,-0.0135842887163162,-0.024164719441533,-0.001231560222106
1776180032831522000,29.38552197265625,0.0049640521481633,-0.0331260245323181,-0.0180001323971897
1776180032841455000,29.395455078125,-0.010835574530065,-0.0430593895256519,-0.0168118267949204
1776180032851388000,29.405387939453124,-0.0296063259735703,-0.0475485176384449,0.0068484867884311
1776180032861321000,29.415321044921875,-0.0454208579599857,-0.0527946015983819,0.0114818548106588
1776180032871254000,29.42525390625,-0.0391559523463249,-0.0312754282295703,-0.0131841469502076
1776180032881187000,29.43518701171875,-0.0464028547346591,-0.0238379717051982,0.0264765309147071
1776180032891118800,29.445118896484377,-0.0108484340116381,0.0002110124021768,0.0318399485108442
1776180032901051600,29.4550517578125,-0.0038017303705215,0.0161976860851049,0.0382580901911482
1776180032910985000,29.46498486328125,0.0195405667722225,0.0261889187455177,0.0217971865925937
1776180032920918000,29.47491796875,0.0375464713230729,0.0402367333203554,0.0048408093609847
1776180032930851000,29.48485107421875,0.0446513348922133,0.0224123228162527,0.0052442025301046
1776180032940783900,29.49478393554688,0.0431900301679968,0.0430319169968366,-0.0338661753751337
1776180032950717000,29.504717041015624,0.0194189862191677,0.0527244589716196,-0.0417798163102008
1776180032960650000,29.51464990234375,-0.0328489611566066,0.0622433979451656,-0.0393623981712386
1776180032970583000,29.5245830078125,-0.046947629135847,0.0495247861474752,-0.0041934696344658
1776180032980515800,29.534515869140623,-0.0710784463077783,0.0527191982746124,-0.0224827211713418
1776180032990449000,29.544448974609377,-0.0860612036451697,0.0467477226495742,-0.0428683056666515
1776180033000382200,29.55438232421875,-0.0539727054670453,0.0224000478565692,-0.0469658771785907
1776180033010315300,29.56431518554687,-0.0364507850408554,0.0011737199544906,-0.0290687484981492
1776180033020247300,29.574247314453125,-0.0099096918568015,-0.0201882170259952,-0.0262148751706816
1776180033030180000,29.58418017578125,-0.0083051792696118,-0.0437345123082399,-0.0141347439396195
1776180033040113200,29.594113037109373,0.0044198622688651,-0.0379419003814458,-0.008218962290883
1776180033050046200,29.604046142578124,0.014489128601551,-0.0572767154484987,0.0078130849037319
1776180033059979300,29.61397924804688,0.0162500007942318,-0.0648158787816762,-0.0048964485383592
1776180033069912300,29.623912353515625,0.0339171749100089,-0.0506394693911075,-0.0310870660506188
1776180033079845000,29.63384521484375,0.0312578925728797,-0.0410416199624538,-0.0339848515850491
1776180033089778200,29.64377807617188,0.0326569457158446,-0.011182488271594,-0.0502181204401887
1776180033099711200,29.653711181640624,0.0042138183027505,0.0191577049344778,-0.0376039553976617
1776180033109644300,29.66364428710937,-0.0183417123764753,0.0273187995582818,-0.0214760466131381
1776180033119577000,29.6735771484375,-0.0426551926389336,0.0392383699327707,-0.0088337514546699
1776180033129509000,29.683509033203126,-0.0492161585897207,0.0511392356067895,-0.005660911838524
1776180033139442200,29.69344213867188,-0.0552919713720679,0.0403571448296308,-0.0028246472329832
1776180033149375200,29.703375244140624,-0.063581660811603,0.0379179349839687,0.0054848063529469
1776180033159308300,29.71330834960937,-0.0782628048539161,0.0227770644754171,0.0024116825179196
1776180033169241000,29.72324096679688,-0.0605503302916884,0.0010866261929273,-0.0046786593355238
1776180033179174100,29.733174072265623,-0.0367877619102597,-0.0140448919653892,-0.0373370480897836
1776180033189107200,29.743107177734377,-0.000460603249073,-0.0023456863433122,-0.0181511582404375
1776180033199040300,29.753040283203124,0.0544566895917058,-0.0043102644145488,-0.0036268304613418
1776180033208973000,29.76297314453125,0.0861272546187043,-0.0152805712401866,-0.0156387735607102
1776180033218906000,29.772906005859376,0.1100900217473506,-0.0091840079307556,-0.0334250622778199
1776180033228839200,29.782839111328126,0.1024412605598568,-0.0105891985535621,-0.0105518987504765
1776180033238772200,29.79277221679688,0.078356328356266,-0.0141319857269525,0.0059918060270138
1776180033248704300,29.802704345703123,0.0582815085768699,-0.0180851072669029,-0.0122022780396975
1776180033258637300,29.81263720703125,0.0213256966233253,0.0005173018723726,-0.0101977698168717
1776180033268570000,29.822570068359376,-0.0196145087912678,0.0167488902270793,-0.0171192944420501
1776180033278503200,29.83250317382813,-0.0452478394806385,0.0194371063977479,-0.0121518995593301
1776180033288436200,29.84243627929688,-0.0634185792043805,0.0253185656517744,-0.0043860695971176
1776180033298369300,29.852369384765623,-0.0717176209941506,0.0374397960782051,0.0136185015131719
1776180033308302000,29.862302001953125,-0.0635199937522411,0.0376081383824348,0.0187909174486994
1776180033318235100,29.87223510742188,-0.0529383939832448,0.0372264455884695,-0.0116355292687192
1776180033328168200,29.882168212890623,-0.0382148721039295,0.0453635748147964,-0.0236974307233467
1776180033338101200,29.892101318359376,-0.011990005262196,0.0532405918002128,-0.0258195374438539
1776180033348034000,29.902033935546875,-0.005675123026967,0.0410614937067031,-0.0133820076098665
1776180033357967000,29.911967041015625,0.0100938162520527,0.0265922388494014,-0.0181353030841797
1776180033367899100,29.921899169921875,0.038724867452681,0.0234890121370553,-0.0294252885845489
1776180033377832200,29.931832275390622,0.0525412113592028,0.0374351199030876,-0.042835535908211
1776180033387765200,29.94176513671875,0.0572246930003166,0.0011409867286682,-0.0268223578108474
1776180033397698000,29.951697998046875,0.0750599171593785,-0.0186076698362827,-0.0241415212290361
1776180033407631000,29.961631103515625,0.0965022258996963,-0.0274386265456676,-0.0407869145490229
1776180033417564200,29.97156420898437,0.1008440544962882,-0.0081137483507394,-0.0492203598408028
1776180033427497200,29.98149731445313,0.0650634238019585,-0.0279074131011962,-0.031818028939981
1776180033437430000,29.991429931640624,-0.0044315527066588,0.0020703765332698,0.0059217364654876
1776180033447363000,30.00136303710937,-0.0489162988603115,0.0237467862904071,0.0412415812476538
1776180033457296100,30.011296142578125,-0.1394844585359096,0.0074403791338205,0.0337375622930936
1776180033467229200,30.021229248046875,-0.1523570918515324,0.0304220262706279,0.0334192718578502
1776180033477162200,30.031162353515622,-0.134668290425837,0.0337298356443643,0.0209996064741164
1776180033487094300,30.04109423828125,-0.0676046327173709,0.0522521652847528,0.0077028477285988
1776180033497027000,30.05102709960937,-0.0153977678790688,0.0360410351961851,0.0245453527895733
1776180033506960100,30.060960205078125,0.0163046535909175,0.0102431615948677,0.0315030629729852
1776180033516893200,30.07089306640625,0.0636029958605766,-0.0023959552258253,0.034291871707607
1776180033526826200,30.080826171875,0.086789810180664,-0.0060305123358964,-0.0150799706341698
1776180033536759000,30.090759033203124,0.0565364184752106,-0.0140068980425596,-0.0091230167248286
1776180033546692000,30.10069213867187,0.0070040335431694,-0.0090483988523483,-0.0155368840888142
1776180033556625200,30.110625244140625,0.0009784896433353,-0.0078343468874692,-0.0108901542615145
1776180033566558200,30.12055810546875,0.0157549107536673,0.0104424835592508,-0.0165121953943744
1776180033576491000,30.13049096679688,0.032493864108622,0.0012877017229795,0.0069600117383524
1776180033586424000,30.140424072265624,0.0561830749928951,0.003230067962408,0.0229787793262861
1776180033596357000,30.15035717773437,0.0821712104693055,0.0003454524368047,0.0053956302321515
1776180033606289200,30.1602890625,0.0594929301932454,-0.0003185644298791,0.0105191289920359
1776180033616222200,30.17022216796875,0.0282701089337468,-0.0208399589329957,0.0387067472741007
1776180033626155300,30.1801552734375,-0.0014966682985424,-0.0174772045016288,0.0553032416847534
1776180033636088000,30.190088134765624,-0.050468788999319,-0.0282306537061929,0.0352250426381826
1776180033646021000,30.20002124023437,-0.0699532416701316,-0.0083855510294437,0.0209103390217758
1776180033655954200,30.2099541015625,-0.0781049839437007,0.0232312379837036,-0.0039075653651729
1776180033665887200,30.21988720703125,-0.0712073333844542,-0.0026800328642129,0.0340314124068245
1776180033675820000,30.229820068359373,-0.0318269246324896,0.0529629439026117,0.0507063058159314
1776180033685753000,30.239753173828124,0.0159472184553742,0.0726361971437931,0.0328614187793806
1776180033695686100,30.24968603515625,0.0373041869997978,0.0577560233980417,0.0164248641707934
1776180033705619200,30.259619140625,0.0333572029396891,0.0420674558788538,-0.0047600357423536
1776180033715552000,30.269552001953127,0.0290633051380515,0.0431570046812295,0.0223454315925017
1776180033725484000,30.279484130859377,0.0032063948258757,0.0468757329434156,0.0274783375015482
1776180033735417000,30.2894169921875,0.008164894016087,0.0153682495236396,0.0123820185207761
1776180033745350100,30.29935009765625,0.0271726690858602,0.0003647416591644,-0.0172313765143975
1776180033755283200,30.309283203125,0.0057514031335711,-0.001271919631958,-0.0130240062187425
1776180033765216000,30.319216064453126,-0.0034212066203355,-0.0114338326841592,-0.0360780792709439
1776180033775149000,30.32914916992188,0.0056578796312212,-0.0035422026515007,-0.0425803373044356
1776180033785082000,30.33908203125,0.0090440149381756,-0.0065752867370843,-0.0440663746111094
1776180033795015200,30.34901513671875,0.0408031350314617,-0.0134732295572757,-0.042424160362035
1776180033804948000,30.35894799804688,0.043723114131391,-0.0048994624793529,-0.0346570334918797
1776180033814881000,30.368881103515623,0.0315852248311042,-0.0265343711823225,-0.0333732042264193
1776180033824814000,30.37881396484375,0.0375473481059074,-0.0040893151402473,-0.0128441561398096
1776180033834747100,30.3887470703125,0.0326662980660796,-0.0077589435636997,-0.0068421209797263
1776180033844679200,30.39867919921875,-0.0009238368466496,0.0120195236176252,-0.027243286636658
1776180033854612200,30.4086123046875,-0.0408849680960178,0.0152086750477552,0.0149028239689767
1776180033864545000,30.418544921875,-0.0500710218533873,0.0205763395607471,0.0149637969085946
1776180033874478000,30.42847802734375,-0.0505772178098559,0.0276484699040651,-0.003241137345694
1776180033884411100,30.4384111328125,-0.0806467773810029,0.0405441918343305,-0.014430201488547
1776180033894344200,30.44834423828125,-0.0967538625732064,0.0336667072802782,-0.0263952915051952
1776180033904277000,30.458277099609376,-0.0475847579956054,0.0078512980222702,-0.0178915391898713
1776180033914210000,30.4682099609375,-0.0125169517457485,0.0230716635078191,0.0007819076253101
1776180033924143000,30.47814306640625,0.0220049110591411,0.0013899930536746,-0.0201606896982528
1776180033934076200,30.488076171875,0.0210062554106116,-0.0007651391535997,-0.027799897606112
1776180033944009000,30.498009033203125,0.0472489501699805,-0.0190326172500848,0.0108130704373121
1776180033953941000,30.50794091796875,0.0474161234304308,-0.022911504510045,0.0093820877861231
1776180033963874000,30.5178740234375,0.062479544788599,-0.0186924255102872,-0.0181621545584872
1776180033973807000,30.52780712890625,0.0578270428076386,-0.0085375267207622,-0.0122598351795226
1776180033983740200,30.537740234375,0.0493242951393127,-0.0105395141929388,-0.0040865021286532
1776180033993673000,30.5476728515625,0.0366363707408309,-0.0298421805560588,0.036026111621689
1776180034003605200,30.55760522460937,0.0205941674783825,-0.0132972884684801,0.0136271780099719
1776180034013538000,30.5675380859375,-0.0173424722060561,-0.0216074361741542,-0.0158668649618513
1776180034023471000,30.57747119140625,-0.037305648304522,0.026121114206314,0.0393783629253506
1776180034033404200,30.58740405273437,-0.0525780362382531,-0.0376373644769191,-0.0058558681550435
1776180034043337200,30.597337158203125,-0.0707177963018417,-0.0511088404685258,-0.0912413644957356
1776180034053270000,30.60727001953125,-0.0584042581737041,0.0045469957798719,-0.0942791430227458
1776180034063203000,30.617203125,-0.102082948641479,0.0201519766688346,-0.0101744802728295
1776180034073135000,30.627135009765624,-0.1063031966850161,0.0326052155286073,0.0286177533276379
1776180034083068200,30.63706811523437,-0.0918038389503955,0.0429231959253549,0.0058692938921973
1776180034093001200,30.647001220703125,-0.0708604196429252,0.0526999090522527,-0.0255495248634368
1776180034102934000,30.65693408203125,-0.0499926959201693,0.0320727160871028,-0.0024108422677032
1776180034112867000,30.6668671875,-0.0214630592674016,0.0040156653821468,0.0183755233145318
1776180034122800000,30.676800048828124,0.0150853409290313,-0.0111684597462415,0.0213669054165482
1776180034132733200,30.68673315429688,0.051638125039637,-0.0217886379599571,-0.023121530531533
1776180034142666000,30.696666015625,0.0431391767635941,-0.0143126029908657,-0.054264089629054
1776180034152599000,30.70659912109375,0.0174476861461997,-0.0061889177680015,-0.0604457739386707
1776180034162532000,30.71653198242188,-0.0103556820586323,0.0091214640885591,-0.0554749815224669
1776180034172465200,30.726465087890624,-0.0386295903846621,-0.003345803296566,-0.0568414110374636
1776180034182398200,30.73639819335937,-0.0318240020230412,0.0098065237432718,-0.068564636855945
1776180034192330200,30.746330322265624,-0.015876783567667,0.0133884738832712,-0.0471381650055758
1776180034202263000,30.756262939453126,-0.0080745853841304,-0.0023030162453651,-0.048949415678624
1776180034212196000,30.76619604492188,-0.0040109892070293,-0.0089765026599168,-0.0507108358605764
1776180034222129200,30.776129150390624,0.0192409993037581,-0.0013724573969841,-0.0357609578794799
1776180034232062200,30.78606225585937,0.0108007954776287,0.0063385553717613,-0.0329518370091915
1776180034241995000,30.7959951171875,-0.0002384849309921,-0.0122632692456245,-0.0138589044066146
1776180034251928000,30.805927978515623,-0.0223477331474423,-0.0247340437620878,-0.0140090352007187
1776180034261861000,30.815861083984377,-0.0387768899008631,-0.026374796706438,-0.0037211942139081
1776180034271794200,30.825794189453124,-0.0569487986683845,-0.0206160870492458,-0.0108210345480591
1776180034281727000,30.83572705078125,-0.0670364774405956,0.0086836571931838,-0.0224802917522378
1776180034291660000,30.845659912109376,-0.0582908609271049,0.0166290632396936,-0.0199617878589779
1776180034301593000,30.855593017578126,-0.0283577872171998,0.0457061046421527,-0.0197949433920904
1776180034311525000,30.865525146484377,-0.0373497797071933,0.0516933623582124,-0.0110791374949738
1776180034321458200,30.875458251953123,-0.0418877153977751,0.025250176590681,-0.0024129063606262
1776180034331391000,30.885390869140625,-0.0483624643698334,0.0154722944200038,0.0413196149199269
1776180034341324000,30.895323974609376,-0.010117489388585,0.0004085808008909,0.0184363501236774
1776180034351257000,30.90525708007813,0.0115782095909118,-0.0158902275711298,0.0276600142113864
1776180034361190100,30.91519018554688,0.0443278020262718,-0.0211842423260211,0.0040171997521072
1776180034371123200,30.925123291015623,0.0723541653320193,-0.0245756383299827,-0.0080079864213243
1776180034381056000,30.935055908203125,0.0754348879516124,-0.0037754268854856,0.012210406547226
1776180034390989000,30.94498901367188,0.0455108743309974,-0.0158241765975952,0.0005530673054978
1776180034400922000,30.954922119140623,0.0066264324024319,-0.0088958386391401,0.0200579234435223
1776180034410855200,30.964855224609376,-0.06912643545717,-0.0019645780712366,0.0383254563389345
1776180034420788000,30.9747880859375,-0.0804015704482793,-0.0014075287103652,0.0494291437532752
1776180034430720000,30.984719970703125,-0.0824035579204559,-0.0059235448300838,0.0532217227029614
1776180034440653000,30.994653076171875,-0.0507689409896731,0.0070090019792318,0.0368514017309993
1776180034450586000,31.004586181640622,-0.0220905435159802,0.001546060398221,0.0258386074705049
1776180034460519200,31.014519287109376,-0.0008057634249329,-0.0012105448335409,0.0543042024437338
1776180034470452000,31.024451904296875,0.0103495445787906,-0.035030396848917,0.0605419460558332
1776180034480385000,31.034385009765625,-0.0196761758506298,-0.0353320101439952,0.0476201398362405
1776180034490318000,31.04431811523437,-0.0614151304274797,-0.0438233596354722,0.0335668088360689
1776180034500251100,31.05425122070313,-0.094688162215054,-0.0486257914811372,0.008356562396977
1776180034510184000,31.064183837890624,-0.0896715030968189,-0.0173632227331399,0.0126430075445212
1776180034520117000,31.07411694335937,-0.0450178301170468,-0.0078536361098289,0.0321892551388591
1776180034530050000,31.084050048828125,-0.0074064768642187,0.0053325931996107,0.0410044114909134
1776180034539983000,31.093983154296875,0.0295008197724819,0.0360720148563385,0.031141517917905
1776180034549915100,31.1039150390625,0.0590486935570836,0.0397018957912921,0.011979940525908
1776180034559848200,31.11384814453125,0.0859022136911749,0.0270551801860332,0.0209916788959875
1776180034569781000,31.12378100585937,0.0581119972288608,0.026813188123703,0.0405648327635601
1776180034579714000,31.133714111328125,0.0177028299510478,0.0339928704947233,-0.0052857949158176
1776180034589647000,31.143647216796875,-0.0262169757962226,0.0208516493707895,-0.0019004998590797
1776180034599580200,31.153580078125,-0.0150686820551753,0.0264689047306776,0.0214076392857357
1776180034609513000,31.163512939453124,-0.0142106039211153,0.0251075532495975,0.0632274040138348
1776180034619446000,31.17344604492187,0.0301548997670412,-0.0084510174810886,0.0730724331365898
1776180034629379000,31.183379150390625,0.0307750774919986,-0.0054208560049533,0.0730189859163016
1776180034639312100,31.19331201171875,0.0307984583675861,-0.0084849197506904,0.0674072287154383
1776180034649245000,31.20324487304688,0.0337862420067191,0.0121744219183921,0.0563849725068546
1776180034659178000,31.213177978515624,0.0502498855516314,0.0104699560880661,0.0687600315638817
1776180034669110000,31.22311010742188,0.0466577062785625,0.0212695825219154,0.0682968162326142
1776180034679043000,31.23304296875,0.0337865342676639,0.0698813454777002,0.094295162575785
1776180034688976100,31.24297607421875,0.0286672915577888,-0.0059065936952829,0.0130329384438693
1776180034698909000,31.25290893554688,0.0042374914392828,0.0179600195825099,-0.0091553663581609
1776180034708842000,31.262842041015624,-0.0153156425535678,0.020809563794732,0.0280411772823892
1776180034718775000,31.27277514648437,-0.0620960984289646,0.0021738369077444,0.0377828556285239
1776180034728708000,31.2827080078125,-0.092897771666944,-0.0079804773598909,0.0113895003520883
1776180034738641000,31.292640869140627,-0.0794619515106082,-0.0181914902508258,-0.0166632395039312
1776180034748574000,31.302573974609373,-0.0685433748722076,-0.0085404493302106,-0.0024060199621133
1776180034758507000,31.312507080078124,-0.0532183799684047,-0.0209580323547124,0.0200618872325867
1776180034768440000,31.32244018554688,-0.0420610261380672,-0.0214051916003227,0.0420041813842952
1776180034778372000,31.3323720703125,-0.0085574004650115,-0.0267874691605567,0.0699572602581232
1776180034788305200,31.34230517578125,0.0394496745958924,-0.0196755913287401,0.0521383113804273
1776180034798238000,31.352238037109377,0.052781449855864,0.008239420557022,0.0242114446600899
1776180034808171000,31.3621708984375,0.0456964600309729,0.0140828858882188,0.0080283898885361
1776180034818104000,31.37210400390625,0.0369520125612616,0.0280056127786636,-0.0038132016126066
1776180034828037000,31.382037109375,0.0330257790282368,0.0447691160529851,-0.0069175608361139
1776180034837970000,31.391969970703126,0.056179567861557,0.0461088402241468,-0.0032193821716122
1776180034847903000,31.40190307617188,0.0452782346189022,0.0218225402295589,0.0106695155144669
1776180034857836000,31.4118359375,0.0134828741684556,0.0021966332614421,-0.0090768212292343
1776180034867769300,31.42176928710937,-0.0127209498852491,-0.0128822779268026,-0.0158169431392103
1776180034877702100,31.4317021484375,-0.0587470802620053,-0.0197387196928262,0.0004400901840068
1776180034887635200,31.44163525390625,-0.0823559193864464,-0.0360614934623241,0.0307935081978328
1776180034897567000,31.45156689453125,-0.0914051950216293,-0.0306441445887088,0.0093612276611849
1776180034907500000,31.4615,-0.0920130977869033,-0.0303764335632324,-0.0008740063555538
1776180034917433000,31.47143310546875,-0.0690530779600143,-0.0083797058105468,0.0131604372810572
1776180034927366100,31.4813662109375,-0.0270645325362682,-0.0076256725728511,0.0144156067076139
1776180034937299000,31.491298828125,0.0190165428981184,0.0093488431036472,0.0036153957518748
1776180034947232000,31.50123193359375,0.0239767956539988,0.0183002113223075,-0.0089611224276945
1776180034957165300,31.511165283203123,0.0336357276201248,0.0312678294450044,-0.0058233906575478
1776180034967098000,31.52109814453125,0.0176630824625492,0.0137929630309343,-0.007737571982108
1776180034977031200,31.53103125,0.0431666492924094,0.006740121909976,0.016609116430208
1776180034986964200,31.54096411132813,0.0621957594111561,0.0098351653158664,0.0255040965528227
1776180034996897300,31.55089721679688,0.0618865473315119,-0.0044558103650808,0.0321267112966626
1776180035006829800,31.56082983398437,0.0400958635449409,-0.0013689502656459,0.0284248245714232
1776180035016762600,31.5707626953125,-0.0069295070022344,-0.0189613055795431,0.0128669707598164
1776180035026695700,31.58069580078125,-0.0543584899142384,0.0091676413178443,0.0113007443564012
1776180035036628700,31.59062866210937,-0.1025400447592139,-0.0155003514707088,0.0088594521515071
1776180035046561800,31.600561767578125,-0.1076622100785374,-0.0059855041503906,-0.0129774088643491
1776180035056494600,31.61049462890625,-0.0802104317903518,0.0158446348637342,-0.0128547505990602
1776180035066427600,31.620427734375,-0.0516059763357043,0.0164104520529508,-0.023622337926831
1776180035076360700,31.630360595703124,-0.0282554958865046,0.0143207862973213,0.0106804935662075
1776180035086293800,31.64029370117188,-0.0194663324922323,0.0207832603096961,0.0223818911453709
1776180035096226800,31.650226806640624,-0.0106496965691447,-0.0060731824338436,0.0373889974727295
1776180035106159600,31.66015966796875,-0.0193029586240649,-0.0233855517625808,-0.00991646865746
1776180035116092700,31.6700927734375,-0.0032587095350027,-0.0070277066797018,-0.0182740539677441
1776180035126024700,31.680024658203124,-0.0078568509802222,-0.01531155090034,-0.0153371419993229
1776180035135957800,31.68995776367188,-0.0146770523890852,-0.0322673618763685,-0.0107260862736031
1776180035145890800,31.699890869140624,-0.0253878314957022,-0.0580617283463478,-0.0503004101624712
1776180035155823600,31.70982373046875,-0.0248503636181354,-0.0379968454390764,-0.0401784455281682
1776180035165756700,31.71975659179688,-0.0539627685949206,-0.0289542918056249,-0.0068043097199872
1776180035175689700,31.729689697265623,-0.0572524577900767,-0.0231657715320587,-0.0044665509548038
1776180035185622800,31.73962280273437,-0.0475727752968668,-0.0005780921489,-0.0075524794724769
1776180035195555600,31.7495556640625,-0.0403588983952999,-0.0043500119030475,-0.0265077023711055
1776180035205488600,31.759488525390623,-0.0272115397915244,-0.0125181207895278,-0.009206694686599
1776180035215421700,31.769421630859377,-0.011029635797441,-0.0073597151130437,-0.0011744140742346
1776180035225354800,31.779354736328123,-0.0156929514333605,-0.0069125558674335,-0.0057327166994102
1776180035235286800,31.789286865234377,-0.0346297070935368,-0.0160585698753595,-0.0098820731975138
1776180035245219600,31.79921948242188,-0.0499582091286778,-0.0220066646248102,-0.0065885846100747
1776180035255152600,31.809152587890622,-0.0687125939592719,0.0116126963824033,-0.0083729838088154
1776180035265085700,31.819085693359376,-0.0756137516498565,-0.0049707741498947,0.00036424846882
1776180035275018800,31.829018798828123,-0.04655979886204,0.0007522796720266,0.0096642474620603
1776180035284951800,31.83895190429688,-0.0490767501190304,0.011465981388092,0.0055172655841335
1776180035294884600,31.848884521484376,-0.0561971035182476,0.028527006304264,-0.012757318106573
1776180035304817700,31.85881762695313,-0.0539642298996448,0.0186772279411554,0.0155866415146738
1776180035314750700,31.86875073242188,-0.0394870839968323,0.0206722011506557,0.0133110064665786
1776180035324683800,31.878683837890627,-0.0102025373235344,0.038825697478652,-0.0259320031086914
1776180035334616600,31.888616455078125,-0.0067830842688679,0.0580646509557962,-0.0399900468165986
1776180035344549600,31.89854956054688,0.004147767329216,0.0689776746362447,-0.037983547566086
1776180035354481700,31.90848168945313,-0.0293505976468324,0.0599842208415269,-0.0063711242008022
1776180035364414700,31.91841479492188,-0.0790323279216885,0.0393096816033124,-0.0031811142541468
1776180035374347800,31.92834765625,-0.0930538390114903,0.04524491687119,-0.019398655817192
1776180035384280600,31.938280517578125,-0.1000046810626983,0.0369388608187437,-0.022278997026477
1776180035394213600,31.948213623046875,-0.1079755138114094,-0.0018768997877836,-0.0128892921894788
1776180035404146700,31.958146728515626,-0.0815419726550579,-0.0233902279376983,0.0158735138983465
1776180035414079700,31.968079833984376,-0.0417702264979481,-0.0249479787737131,0.0403872111743316
1776180035424012500,31.978012451171875,-0.026302023731172,-0.0139601362913846,-0.0183115729665383
1776180035433945600,31.987945556640625,-0.0117807464256882,-0.0091769936680793,-0.0533317224160768
1776180035443878700,31.99787866210937,-0.0043982349589467,0.0181646022439002,-0.0606625036955811
1776180035453811700,32.007811767578126,-0.060724517814815,0.0097048169344663,-0.0405029830411076
1776180035463744800,32.01774487304687,-0.0833349935516715,0.0381307009518146,-0.0240134013373404
1776180035473676800,32.0276767578125,-0.0843918091282248,0.0281201790690422,-0.0385968388925306
1776180035483609600,32.037609619140625,-0.0874479818284511,0.0187993930160999,-0.0540711243402212
1776180035493542700,32.04754272460937,-0.0857099059894681,0.0163642748236656,-0.0519214172267355
1776180035503475700,32.057475830078126,-0.0562505872711539,0.0091506901830434,-0.0356940483894199
1776180035513408800,32.06740869140625,-0.0297334594845771,0.0137134680539369,-0.021254202289693
1776180035523341600,32.077341552734374,-0.0282724470213055,0.013461539119482,-0.0320657200907357
1776180035533274600,32.08727465820313,-0.0247334592401981,0.0040197570353746,-0.0560729108829982
1776180035543207700,32.097207763671875,-0.0670867463231086,0.0092640874296426,-0.0265167259277775
1776180035553140700,32.107140625,-0.0875368291556835,0.0013654431343078,-0.0159628361496143
1776180035563073500,32.117073486328124,-0.0566965774729847,0.001978606596589,-0.0023561529383994
1776180035573006600,32.12700659179688,-0.0167474289223551,0.0193517662018537,-0.0219004095050506
1776180035582938600,32.13693872070313,0.008351356498897,0.0194406135290861,-0.0178528146146796
1776180035592871700,32.14687158203125,0.0452832030549645,0.0205722479075193,-0.0224649663189426
1776180035602804700,32.1568046875,0.0672597648024559,0.026287118422985,-0.0241243691648356
1776180035612737500,32.166737548828124,0.083164313159883,0.0186795660287141,-0.0150161116177216
1776180035622670600,32.17667065429688,0.0794002844512462,0.0149772043794393,0.0069297627305611
1776180035632603600,32.186603759765624,0.0294455824539065,0.0052022448182106,0.0225463792583905
1776180035642536700,32.19653662109375,-0.0115104050517082,-0.0037625674039125,0.0054270665500313
1776180035652469800,32.2064697265625,-0.0346244463965296,-0.0223825121998786,-0.0242017635162919
1776180035662402600,32.21640258789063,-0.0696288320213556,-0.0272837282449007,-0.0385845821991562
1776180035672335600,32.226335693359374,-0.0999243093028664,-0.0075356562018394,-0.0270608062092214
1776180035682268700,32.2362685546875,-0.1141767065390944,0.0081494041860103,-0.0108673579078167
1776180035692201700,32.24620166015625,-0.1039057801544666,0.0140209265679121,-0.0074929130386561
1776180035702133800,32.2561337890625,-0.0632011370614171,0.0117862993836402,-0.0107179577660746
1776180035712066600,32.26606665039063,-0.0262137609258294,0.0312041165590286,0.0028060338640585
1776180035721999600,32.27599951171875,0.0016045125871896,0.0126508072584867,-0.004174801466614
1776180035731932700,32.2859326171875,0.0066749477192759,0.0373866045862436,-0.0024308986750431
1776180035741865700,32.29586572265625,0.0232335760712623,0.0328588980287313,0.0238503014638088
1776180035751798500,32.30579858398438,0.0246165548622608,0.0256593419134616,-0.0024283231254667
1776180035761731600,32.31573168945312,0.0390320337057113,0.0526239212065935,-0.0236471983734518
1776180035771664600,32.32566455078125,0.0337470790401101,0.0449853891521692,-0.0158136369372718
1776180035781597700,32.33559765625,0.0149675597682595,0.0271072026342153,-0.0237971830370835
1776180035791530500,32.345530517578126,0.0293687178254127,0.0114127898961305,-0.0286134424787014
1776180035801463600,32.35546362304687,0.0198223063230514,0.0207546187371015,-0.0279603853974491
1776180035811395600,32.3653955078125,0.0010337269619107,0.0225806651204824,-0.019463117621839
1776180035821328600,32.37532861328125,-0.0016693945169448,0.0242933142572641,-0.0213275963194668
1776180035831261700,32.38526171875,-0.0111623222663998,0.0213607679367065,0.0086615732255391
1776180035841194800,32.39519482421875,-0.0170668701350688,0.0147469027549028,0.0129399081318639
1776180035851127600,32.40512744140625,0.0075268883734941,0.0097223525911569,0.0018735570532269
1776180035861060600,32.415060546875,0.0464753354489803,0.0050303953826427,0.018684735394176
1776180035870993700,32.42499365234375,0.0598448123708367,-0.005939911442995,-0.0021858013401739
1776180035880926700,32.4349267578125,0.083966277192533,-0.0121826052248477,-0.0044951925273984
1776180035890859500,32.44485961914062,0.0826210000634193,-0.0292184956997632,0.0026071502910926
1776180035900792600,32.45479248046875,0.0870116362378001,-0.0167173260450363,0.0065412931359373
1776180035910725600,32.4647255859375,0.0624111557275056,-0.0086859952807426,0.0006389554906636
1776180035920658700,32.47465869140625,0.0205190564155578,-0.0032686464071273,-0.0269072048163972
1776180035930590700,32.4845908203125,0.0037996845439076,-0.006516250026226,-0.016051482547447
1776180035940523500,32.4945234375,-0.0010772738426923,0.0172001411259174,0.0148953895811922
1776180035950456600,32.50445654296875,-0.0034098084434866,0.0176788645535707,0.0105858010200783
1776180035960389600,32.5143896484375,0.0185313897296786,0.0422141708731651,0.0101085571634583
1776180035970322700,32.52432275390625,0.037184360012412,0.0507353309810161,0.0097955822241492
1776180035980255500,32.53425537109375,0.0679471625447273,0.0604787263602018,0.0178005729707889
1776180035990188500,32.5441884765625,0.0802095550075173,0.0549146624922752,0.0187704226499423
1776180036000121600,32.55412158203125,0.0619222031667828,0.0482300701618194,0.0190268268301151
1776180036010055400,32.56405541992188,0.0348708223730325,0.057727381825447,0.0259922271296381
1776180036019988200,32.57398828125,0.0105737087234854,0.0497948352605104,0.0055147265671752
1776180036029921300,32.58392138671875,-0.0151920161738991,0.0273673148751258,0.0030790786517783
1776180036039853300,32.59385327148438,-0.038758477461338,0.0213332954078912,0.0390268460739403
1776180036049786400,32.603786376953124,-0.0448565020754933,0.0471697474539279,0.1444535887179896
1776180036059719400,32.61371948242188,0.0050362406015396,-0.0581640196770429,0.0310731836557388
1776180036069652200,32.62365234375,0.0599973725840449,-0.0191705644160509,-0.0119688346100039
1776180036079585300,32.63358520507813,0.1117594162642955,-0.0003121346890926,-0.014986465398129
1776180036089518300,32.643518310546874,0.1272235273778438,0.0138595985263586,-0.0128838670956902
1776180036099451400,32.65345141601563,0.0998667338967323,0.0310556479990482,-0.0212369223613291
1776180036109384200,32.66338427734375,0.0670639499694109,0.0365086527079343,-0.048460408318974
1776180036119317200,32.67331713867188,0.0066544894531369,0.01635609151721,-0.0450746383382007
1776180036129250300,32.68325024414062,-0.0445218632936477,0.0070353054642677,-0.0261522582632489
1776180036139183400,32.69318334960938,-0.0708908147811889,0.0166249715864658,-0.00625874986751
1776180036149116200,32.7031162109375,-0.0645624885424971,0.0016109423279762,0.0302901617855764
1776180036159048200,32.71304809570312,-0.0451706825911998,0.0068254621058702,0.0315254574678838
1776180036168981200,32.72298120117188,-0.0177282566532492,-0.0017383680999279,0.0119335623672232
1776180036178914300,32.73291430664062,0.0197752523109316,-0.0120399818837642,0.0090844565464183
1776180036188847400,32.74284741210938,0.0703784813448786,-0.0016314005941152,0.0018957871513441
1776180036198780400,32.752780517578124,0.0848407219395041,-0.0026321020692586,0.002269698497653
1776180036208713200,32.762713134765626,0.0718906394734978,0.0089572134375572,0.0056065878354012
1776180036218646300,32.77264624023437,0.0636792759671807,0.0131406366020441,0.0258672490430995
1776180036228579300,32.78257934570313,0.0294730549827218,0.0278138895988464,0.0125691568570211
1776180036238512400,32.79251245117187,-0.0122387193262577,0.0507253941088914,0.0044258536182343
1776180036248445200,32.802445068359376,-0.034079087473452,0.0419610728949308,0.0045132031081244
1776180036258378200,32.81237817382812,-0.025776246291399,0.0394587346851825,0.0074976805453188
1776180036268310300,32.82231030273437,-0.0059524786636233,0.0293207870304584,0.0472789069168269
1776180036278243300,32.83224340820313,0.0182432204380631,0.0074146601706743,0.0428620220563374
1776180036288176400,32.84217626953125,0.0347626858234405,0.0041407530665397,0.0515654068632982
1776180036298109200,32.852109130859375,0.053930327630043,-0.0120744686752557,0.0389183989970944
1776180036308042200,32.86204223632812,0.0635012890517711,-0.0174263510972261,0.022719507335592
1776180036317975300,32.87197534179688,0.0457049355983734,-0.0060217445075511,0.0058837242763489
1776180036327908400,32.88190844726562,0.0123985860630869,-0.0101595749646425,-0.003145860277675
1776180036337841200,32.891841064453125,0.0228404851004481,-0.0156143332391977,-0.0019717932633124
1776180036347774200,32.90177416992187,-0.0025037995144724,-0.0037082068681716,0.0196082982461899
1776180036357707300,32.911707275390626,-0.0135316817462444,0.0018038345515727,0.0106036106714047
1776180036367640300,32.92164038085937,-0.0093888828530907,0.0089928692728281,0.0115212917719036
1776180036377573400,32.931573486328126,0.0160541859611868,0.010057868155837,0.0189256680105812
1776180036387505400,32.94150537109375,0.0249929869592189,0.0129483289003372,0.0087991367990151
1776180036397438200,32.95143823242187,0.037257132987678,0.0124964934796094,-0.004533880569972
1776180036407371300,32.961371337890625,0.0197810975298285,0.0073123688399791,0.0019826982498168
1776180036417304300,32.97130419921875,-0.0024538228929042,0.0016395839005708,0.0109983821426518
1776180036427237400,32.9812373046875,-0.0246396434769034,0.0135860422819852,-0.0164123700154013
1776180036437170200,32.99117016601563,-0.0498652701482176,0.0163894092649221,-0.0185875220973975
1776180036447103200,33.001103271484375,-0.0311620309829711,0.0285971489310264,0.008805347344093
1776180036457036300,33.01103637695312,-0.0118947281941771,0.0501180758655071,0.0197201428565196
1776180036466969300,33.02096923828125,0.0072366732552647,0.0490869792520999,0.0250836609173566
1776180036476902100,33.03090209960938,0.036895313937962,0.043523499906063,0.0086855386230163
1776180036486835200,33.040835205078125,0.0474716530099511,0.0310877967029809,-0.0096896193653345
1776180036496767200,33.050767333984375,0.0658399611324071,0.0026969839990139,-0.0175052250197157
1776180036506700300,33.0607001953125,0.0171677001610398,0.050379357150197,-0.0729153428787365
1776180036516633300,33.07063330078125,-0.0349038478597998,-0.0400952790230512,-0.0604788724906742
1776180036526566100,33.08056616210938,-0.0383992887601256,-0.0994394483953714,0.1253036469648592
1776180036536499200,33.090499267578124,-0.0562730913639068,-0.0236135152995586,0.0934643925737589
1776180036546432300,33.10043237304688,-0.102450320649147,-0.0222387198150157,0.0220393795843236
1776180036556365300,33.110365234375,-0.1213797697857022,-0.0289630596339702,-0.0234110149974003
1776180036566298400,33.12029833984375,-0.1293783673241734,-0.0211895030230283,-0.0087764865757897
1776180036576231200,33.130231201171874,-0.0955506242632865,-0.01971300072968,0.0245426493758335
1776180036586164200,33.14016430664063,-0.0595747632578015,-0.0217675951719284,0.0121157688000239
1776180036596097300,33.15009716796875,-0.01191723228693,-0.0248147077828645,0.0042467707242816
1776180036606030300,33.1600302734375,-0.0075441317692399,-0.0340606750339269,-0.0193647718138992
1776180036615962400,33.16996240234375,0.0155611417472362,-0.017169161465764,-0.0284891585119068
1776180036625895200,33.179895263671874,0.0260080092206597,0.0055178866386413,-0.0176306962965987
1776180036635828200,33.189828125,0.0126586983039975,0.0047498248755931,0.0145971555532887
1776180036645761300,33.19976123046875,-0.0134033791914582,0.0129115040212869,0.0482245537364855
1776180036655694300,33.2096943359375,-0.0375619611531496,0.0049070612639188,0.0437909734695218
1776180036665627100,33.21962719726562,-0.0699906510710716,0.0136596920400857,0.0370374988876283
1776180036675560200,33.22956030273438,-0.0688499566033482,0.0094634093940258,0.0308721994572319
1776180036685493200,33.2394931640625,-0.0640180064022541,0.0024555764585733,0.0413104452327825
1776180036695426300,33.24942626953125,-0.0528361026525497,0.0112801034271717,0.0515645848793908
1776180036705359000,33.25935913085937,-0.0381783394858241,0.0099345340371131,0.0481478717710822
1776180036715292200,33.26929223632813,-0.0212859491348266,0.0016419219881296,0.0507946234202012
1776180036725224200,33.27922412109375,0.001311082598567,-0.0028700024783611,0.0426739886709488
1776180036735157200,33.2891572265625,0.0228030756995081,0.002017769563198,0.0169377638626843
1776180036745090300,33.29909033203125,0.0232636789485812,0.0207429282993078,-0.0179606223707087
1776180036755023400,33.3090234375,-0.0046963411226868,0.0248071089982986,-0.0229496628296561
1776180036764956200,33.3189560546875,-0.0008747370079159,0.0187158063858747,-0.0238245642343536
1776180036774889200,33.32888916015625,0.002614566412568,0.0102250414162874,-0.0338772995573468
1776180036784822300,33.338822265625,-0.0249088158071041,-0.0122813894242048,-0.0291398044403642
1776180036794755300,33.34875537109375,-0.0408157022520899,-0.041438510325551,-0.0051131052300333
1776180036804688100,33.35868823242188,-0.0403331794321537,-0.051112347599864,-0.0042110052911564
1776180036814621200,33.36862109375,-0.0308519421204924,-0.0517570752441883,0.0052355077669955
1776180036824554200,33.37855419921875,-0.0169768537640571,-0.0397691158086061,0.0217343322231434
1776180036834487300,33.3884873046875,-0.0071978025496006,-0.0408311920821666,0.0287291047476232
1776180036844419300,33.39841943359375,0.0184860892832279,-0.0408908133149147,0.0345254978003911
1776180036854352100,33.40835205078125,0.0297226458296179,-0.027674773389101,0.0557562644155696
1776180036864285200,33.41828515625,0.0175566994786262,0.0074164137363433,0.0323673881847411
1776180036874218200,33.42821826171875,0.0018123101189732,0.0207663091748952,-0.0020321634147316
1776180036884151300,33.4381513671875,-0.0353542219758033,0.0232411748558282,0.0013835998455062
1776180036894084000,33.448083984375,-0.0618748568937182,0.0370563497185707,0.0106300054879859
1776180036904017200,33.45801708984375,-0.0692222970470786,0.0401034623295068,-0.0158847476784139
1776180036913950200,33.4679501953125,-0.0617325258135795,0.0459083492159843,0.0351734403151087
1776180036923883300,33.47788330078125,-0.0802434572771191,0.0144762691199779,0.0591739821708761
1776180036933816300,33.48781640625,-0.0993912253394722,0.0069926353663206,0.0477999716488644
1776180036943749000,33.4977490234375,-0.0964154243990778,-0.0175339031249284,0.0044997043057344
1776180036953682200,33.50768212890625,-0.0926993264853954,-0.0048819268226623,-0.0067285593363456
1776180036963614200,33.5176142578125,-0.0724257692635059,-0.0235486333698034,-0.0004849157064221
1776180036973547300,33.52754736328125,-0.0040402153015136,-0.0164583828479051,-0.0304628880039788
1776180036983480300,33.537480224609375,0.0546834840849041,-0.0334060105174779,-0.0278653640577569
1776180036993413000,33.5474130859375,0.0878644536748528,-0.0332616336107254,-0.0060849276705645
1776180037003345400,33.55734545898437,0.0978024948433041,-0.0295598564833402,-0.0075874594543129
1776180037013278500,33.567278564453126,0.082011635993421,-0.0278559751749038,-0.0092239928812719
1776180037023211500,33.57721142578125,0.0260904268071055,-0.0175227972090244,-0.0361449339620769
1776180037033144600,33.58714453125,-0.0206163793101906,-0.0111357265204191,-0.0115079390999861
1776180037043077400,33.59707739257812,-0.0372565484657883,0.0084890114039182,-0.0003893098448403
1776180037053010400,33.60701049804688,-0.0655237347900867,0.0077858315706253,-0.0072625200825743
1776180037062943500,33.61694360351562,-0.0267360312342643,0.0244452899485826,-0.0090042309170588
1776180037072876500,33.62687646484375,-0.007556991250813,0.0416974535226821,-0.0041925745853222
1776180037082808600,33.63680859375,-0.0118868371486663,0.015339607951045,-0.000330985520035
1776180037092741400,33.64674145507813,-0.0220469966351985,-0.000744096365571,-0.009561572538875
1776180037102674400,33.65667431640625,-0.0529004000604152,0.0087023618936538,-0.0170095321909524
1776180037112607500,33.666607421875,-0.1081800964727997,-0.0078793550729751,-0.0090815156706608
1776180037122540500,33.67654052734375,-0.1514542977929115,0.0043090953707695,0.0052638753449544
1776180037132473300,33.68647338867188,-0.1287462069004774,0.0042898061484098,-0.0072571132550947
1776180037142406400,33.696406494140625,-0.0722469055652618,0.0094523034781217,-0.0172806772825308
1776180037152339500,33.70633935546875,-0.0180406836032867,0.0105430213242769,-0.0104619006457738
1776180037162272500,33.7162724609375,0.0465267733752727,0.006790390792489,-0.0099269535188563
1776180037172205600,33.72620556640625,0.102353290015459,-0.0037917934983968,-0.0177737397627905
1776180037182138400,33.736138427734375,0.1235536066934466,0.0106149175167083,-0.0343633477749302
1776180037192071400,33.74607153320313,0.0973743325591087,0.0138496616542339,-0.0224496774182654
1776180037202003500,33.75600341796875,0.0311316358447074,0.015447744500637,-0.0125532103692181
1776180037211936500,33.7659365234375,-0.0235915957286953,0.0091255557417869,-0.0182067060862667
1776180037221869600,33.77586962890625,-0.0649646396026015,0.0115600894123315,0.0025166407297365
1776180037231802400,33.78580224609375,-0.0917316504970192,0.0075075991511344,0.0094507873744703
1776180037241735400,33.7957353515625,-0.0878054169639944,0.0218289699703454,0.0224551025120541
1776180037251668500,33.80566845703125,-0.0490510311558842,0.0144411978065967,-0.0266667471240274
1776180037261601500,33.8156015625,-0.034743104340136,0.0059364043116569,-0.0191303785361349
1776180037271534300,33.825534423828124,-0.0411328053772449,-0.0092097268939018,-0.0202767538259737
1776180037281467400,33.83546728515625,-0.0442737337514758,-0.0031686931639909,-0.0186964075656607
1776180037291400400,33.845400390625,-0.0298652691707015,-0.0113853173673152,-0.0073003678749315
1776180037301333500,33.85533349609375,0.019921967305243,-0.0181382987588644,-0.0227421027598902
1776180037311265500,33.865265625,0.0219289232134819,0.0068622869849205,-0.0125249706554226
1776180037321198300,33.8751982421875,0.0043485505983233,0.0136105922013521,0.008613368435949
1776180037331131400,33.88513134765625,-0.0145557640969753,-0.0079214406490325,0.0084673840939998
1776180037341064400,33.895064453125,-0.0318470906376838,0.0061497548013925,0.0031262239954434
1776180037350997500,33.90499755859375,-0.052962359380722,0.010770400339365,-0.0062371225575916
1776180037360930600,33.9149306640625,-0.0876651317104697,0.0223848502874374,0.0043321839854121
1776180037370863400,33.92486328125,-0.1306947106197476,0.0120849900692701,0.0314107815796509
1776180037380796400,33.93479638671875,-0.1030354270607233,0.0033522330373525,0.0260587712935172
1776180037390729500,33.9447294921875,-0.0460699695184826,-0.0171609781593084,0.0166934702454134
1776180037400662500,33.95466259765625,0.0098427641004323,-0.0227238729834556,-0.0075652476225048
1776180037410595300,33.96459521484375,0.0531888616129755,-0.0048065234988927,-0.0165713599693961
1776180037420528400,33.9745283203125,0.043469431631267,0.0003588964402675,-0.0301725450215861
1776180037430460400,33.98446044921875,0.0322337518677115,0.014890110617876,-0.0392193729713559
1776180037440393500,33.9943935546875,0.0037862405404448,0.0136585229963064,-0.0260781701137311
1776180037450326500,34.00432641601562,-0.0210649998605251,0.0064934536725282,-0.0463089659061282
1776180037460259300,34.01425927734375,-0.0494888380512595,0.0072205989032983,-0.044952747257892
1776180037470192400,34.0241923828125,-0.0741734897136688,-0.0166828392535448,-0.0056428464588709
1776180037480125400,34.03412548828125,-0.0735603262513875,-0.024817630392313,0.0200265419245697
1776180037490058500,34.04405859375,-0.0696118808865547,-0.0074918170601129,0.0169744974101893
1776180037499991300,34.0539912109375,-0.0634814153075218,-0.0231096574306488,0.0200805006015114
1776180037509924400,34.06392431640625,-0.0544046671435236,-0.0310100552916526,-0.0008696407076902
1776180037519857400,34.073857421875,-0.0440063149869442,-0.0157715696275234,-0.0111589977981522
1776180037529790500,34.08379052734375,-0.0705222737297415,-0.0205681562542915,-0.0252119269395247
1776180037539723500,34.0937236328125,-0.0692599987089633,-0.0095732995092868,0.0050853039076551
1776180037549655600,34.103655517578126,-0.0645852848961949,0.0072013096809387,0.0057232547513209
1776180037559588400,34.11358837890625,-0.0254360545516014,5.43605357408e-05,-0.0096123528780415
1776180037569521400,34.123521484375,-0.0073883566856384,0.011652443870902,-0.0289684664614498
1776180037579454500,34.13345434570312,0.0319052505657076,0.0101139822572469,-0.0152117803202942
1776180037589387500,34.14338745117188,0.0358957815065979,0.0166518595933914,0.0159012604217976
1776180037599320300,34.1533203125,0.0077007836356759,-0.0147176766604185,0.0336333164673298
1776180037609253400,34.16325341796875,-0.0296507496371865,-0.0186100079238414,0.0230273859746754
1776180037619186400,34.1731865234375,-0.0523453965261578,-0.008981763356924,0.0002809358332306
1776180037629119500,34.183119384765625,-0.064685822661221,-0.006174889242649,0.0151611095789819
1776180037639052300,34.19305224609375,-0.0558756164789199,0.0136117612451314,0.015438392150402
1776180037648985300,34.2029853515625,-0.0426996163025498,0.0152010762631893,0.0097082692668773
1776180037658917400,34.21291748046875,-0.0132303607121109,0.0258586638778448,0.0070752904147841
1776180037668850400,34.22285034179688,0.0130608493641018,0.0133563251793384,0.0255986612347885
1776180037678783500,34.232783447265625,0.0289592602416872,0.0023743279159069,0.0043955132788978
1776180037688716300,34.24271630859375,0.0243245861783623,-0.000695581048727,-0.0042227687941864
1776180037698649300,34.2526494140625,0.0040858080089092,-0.0176017076641321,-0.0018414266156032
1776180037708582400,34.26258251953125,-0.0083668463289737,-0.0177951844096183,0.0073274202786386
1776180037718515500,34.272515380859375,-0.0442594129651784,-0.0264969617813825,8.22349233552e-05
1776180037728448500,34.28244848632813,-0.029377485653758,-0.0075467621177434,-0.0140448919653892
1776180037738381300,34.29238134765625,-0.0062479544788599,-0.0235036251842975,0.0151467522600665
1776180037748314600,34.30231469726562,0.0160062551662325,-0.0126221656858921,0.00338429040974
1776180037758247700,34.31224755859375,0.0402639135882258,0.0019610709398984,0.0166250081190839
1776180037768179500,34.322179443359374,0.0435620783507823,0.0029173487514257,0.0403079353930428
1776180037778112500,34.33211254882813,0.0247089093208312,0.0211292972683906,0.0135029488421045
1776180037788045300,34.34204541015625,-0.0165738259211182,0.0120703770220279,0.0072628671424463
1776180037797978400,34.35197827148438,-0.0517906852528452,0.001947042414546,0.0210914677423425
1776180037807911400,34.361911376953124,-0.0479269955620169,0.0062485390007495,0.0304041070214472
1776180037817844500,34.37184448242188,-0.0260638310611248,-0.0063911623418331,0.036495701894816
1776180037827777300,34.38177734375,-0.0014469839379191,0.0028758476972579,0.0250267796309664
1776180037837710600,34.39171069335937,0.0226680511429905,0.0233896434158086,-0.0029442915572784
1776180037847643600,34.4016435546875,0.0212581843450665,0.0185778592199087,0.0083221852033399
1776180037857576700,34.41157666015625,0.0198082777976989,0.0001309329032897,-0.019038225006964
1776180037867509500,34.421509521484374,-0.0007128244444727,0.005303951627016,-0.0531881492269225
1776180037877442600,34.43144262695313,-0.0159448803678154,0.0123357499599456,-0.0425306894764304
1776180037887374300,34.44137426757813,-0.02740618558079,-0.0018739771783351,-0.0082900912983343
1776180037897307400,34.45130737304687,-0.0015603811845183,-0.0289437704116106,0.0089915723648853
1776180037907240400,34.46124047851563,0.0234837514400482,-0.0087491236448287,0.0108342410895042
1776180037917173500,34.471173583984374,0.0212999776601791,-0.0027700492352247,-0.0138918385618366
1776180037927106600,34.4811064453125,0.0300491013050079,0.003903437179327,-0.0461005290535278
1776180037937039600,34.49103955078125,-0.0067161565124988,0.0038344635963439,0.0073760634596459
1776180037946972700,34.50097265625,-0.0400064316958189,0.0014361702829599,0.0277848644337616
1776180037956905700,34.51090576171875,-0.0409632940292358,0.0096732527524232,0.0221584759193472
1776180037966838500,34.52083862304688,-0.0144634096384048,-0.0067944824457168,-0.0126030591266229
1776180037976771600,34.530771484375,-0.0083481416285038,0.0102080902814865,-0.0113756362235173
1776180037986704600,34.54070458984375,-0.0325362419456243,0.0148205525130033,0.0314206088539212
1776180037996636400,34.55063647460938,-0.0612681231722235,0.0155716631412506,0.0592791961110197
1776180038006570000,34.560570068359375,-0.090794077385962,0.0088870708107948,0.0225872592580504
1776180038016503000,34.5705029296875,-0.1183975391045212,0.0153799399614334,0.0301686360314488
1776180038026436000,34.58043603515625,-0.1077510574057698,0.0026163199782371,0.0635945385594852
1776180038036369200,34.590369140625,-0.0670224489152431,0.0101519761800765,0.0668078380501829
1776180038046302200,34.60030224609375,-0.0165808401837944,0.0063508303314447,0.0784034919662401
1776180038056235000,34.61023510742187,0.0490273580193519,-0.0200409175097942,0.0730439742270857
1776180038066168000,34.62016796875,0.0949912368148565,-0.0274029707103967,0.0520543046250939
1776180038076101000,34.63010107421875,0.1307373807176947,-0.0242693488597869,0.0316302695492282
1776180038086034200,34.6400341796875,0.1303168172180652,-0.0122013099253177,0.0475453575669787
1776180038095967000,34.64996704101563,0.0996776410654187,-0.0166857618629932,-0.0188692251156084
1776180038105899000,34.65989892578125,0.0374970792233943,0.0098784199357032,-0.0690228654848411
1776180038115832000,34.66983203125,-0.0008805822268128,-0.0035959786653518,-0.0583479614092037
1776180038125765000,34.67976513671875,-0.0314089914813637,-0.0016302315503358,-0.0266176472852937
1776180038135698200,34.6896982421875,-0.0047264440000057,0.0019032032728195,-0.0185952670124359
1776180038145631000,34.699630859375,0.0163946699619293,0.0175491006940603,-0.0168408062942326
1776180038155564000,34.70956396484375,0.0197837278783321,0.0105202249705791,-0.0044431700792163
1776180038165497000,34.7194970703125,0.0347512876465916,0.0045996027499437,-0.0119519382741302
1776180038175430100,34.72943017578125,0.0475590390324592,-0.0059831660628318,-0.0181748496432788
1776180038185363000,34.73936303710938,0.0557034747824072,0.0011801496952772,-0.006015460897237
1776180038195296000,34.7492958984375,-0.007308861708641,0.0154489135444164,-0.0194571810713969
1776180038205229000,34.75922900390625,-0.0294406140178442,0.0265425544887781,-0.0169249409137293
1776180038215161000,34.7691611328125,-0.0389794267356395,0.0331587577581405,-0.0312545681046321
1776180038225094100,34.77909423828125,-0.0526473020821809,0.0492740262567997,-0.0508351380936801
1776180038235027200,34.78902709960938,-0.0260875041976571,0.0580973841816186,-0.0369167585847899
1776180038244960000,34.7989599609375,0.0055377603828907,0.0629144290745258,-0.0254443109232932
1776180038254893000,34.80889306640625,0.0613736293733119,0.0602338116884231,-0.0254989637199789
1776180038264826000,34.818826171875,0.0718929775610566,0.0468289711922407,-0.0120798024374991
1776180038274759200,34.82875927734375,0.0570648262634873,0.0278635739594697,-0.0088051464146934
1776180038284692000,34.83869189453125,0.0296191854551434,0.0260375275760889,-0.0172263715457171
1776180038294625000,34.848625,0.0207727389156818,0.0110585696309804,-0.0087789890601299
1776180038304558000,34.85855810546875,0.0120335521429777,0.0090355393707752,-0.0123242056526243
1776180038314491100,34.8684912109375,0.0311938874259591,0.0254395616829395,-0.0290852612415328
1776180038324423200,34.87842309570313,0.0219464588701725,0.0219517195671796,-0.0252795853482559
1776180038334356000,34.88835595703125,0.03146247523427,0.0085036244511604,-0.0167774039355106
1776180038344289000,34.8982890625,0.0330678646042943,-0.0161152684986591,-0.0132027420528233
1776180038354222000,34.90822216796875,-0.0065071899369359,-0.0141559511244297,-0.0134863447671756
1776180038364155100,34.91815502929688,-0.0494128502056002,-0.0085088851481676,0.0045510874330997
1776180038374088000,34.928087890625,-0.0790142077431082,-0.0089443539559841,0.008138901058305
1776180038384021000,34.93802099609375,-0.0728860802516341,-0.0028530513435602,-0.0092134532209485
1776180038393954000,34.9479541015625,-0.040298984901607,0.0199935712367296,0.0073118208507075
1776180038403887000,34.95788720703125,-0.0228825706765055,0.0039618893682956,0.0185201376833021
1776180038413820000,34.96781982421875,-0.0122004331424832,0.0201005387425422,0.0165649302286095
1776180038423753000,34.9777529296875,0.014000468301773,0.0173193835914134,-0.0046274771375581
1776180038433685000,34.98768505859375,0.0171975107774138,0.0189846864551305,-0.0345272330997511
1776180038443618000,34.9976181640625,0.0176031689688563,0.0162818572372198,-0.0099573851897381
1776180038453551000,35.007551025390626,-0.0032522797942161,0.0265384628355503,0.0009000175796449
1776180038463484200,35.01748413085937,-0.0018432897791266,0.025610242074728,0.0065337126176804
1776180038473417000,35.0274169921875,0.019698095421493,0.0102460842043161,-0.03889225990884
1776180038483350000,35.03735009765625,0.0299938639864325,0.0332259777754545,-0.0331430852649733
1776180038493283000,35.047282958984376,0.0151543145120143,0.0245312146663665,-0.0155508943478576
1776180038503216000,35.05721606445312,0.0028957214415073,0.0188379714608192,-0.0313521101949736
1776180038513149000,35.06714892578125,0.0050961540952324,0.0307341609597206,-0.0503468613863922
1776180038523082000,35.07708203125,-0.0305590966537594,0.0199433023542165,-0.0302662511870265
1776180038533015000,35.08701513671875,-0.0241419230878353,0.0195370596408843,-0.0080633881366811
1776180038542947000,35.096947021484375,-0.0102580669030547,0.0240162508815526,-0.0211661952126771
1776180038552880000,35.10688012695312,0.0350163683235645,0.0218903447687625,-0.0171969079892151
1776180038562813000,35.11681298828125,0.0551101850643754,0.0232417593777179,-0.0124134731049649
1776180038572746000,35.12674609375,0.051158817090094,0.0222673613876104,-0.0255068730317987
1776180038582679000,35.136678955078125,0.0581423923671245,0.0183978264778852,-0.0365533138335682
1776180038592612000,35.14661206054687,0.0330778014764189,0.029582652837038,-0.0093191238188184
1776180038602545000,35.156544921875,0.0134729372963309,0.0008937339693307,0.0173108714913949
1776180038612478000,35.16647802734375,0.0076139821350574,-0.0040986674904823,-0.0010478468188084
1776180038622411000,35.176410888671874,0.0254898305654525,0.0157861826747655,-0.0381538260990753
1776180038632344000,35.18634399414063,0.0660872138917446,0.0471311690092086,-0.0391951153129339
1776180038642276000,35.19627612304687,0.0552019550010561,0.0609171177774667,-0.0153790997112169
1776180038652209200,35.206209228515625,0.050233811199665,0.055720718178153,-0.0038267186813056
1776180038662142000,35.21614184570313,0.02732230668962,0.0635942280322313,-0.0121350580223835
1776180038672075000,35.226074951171874,6.78045392036e-05,0.0690226828217506,-0.0068848276102915
1776180038682008000,35.23600805664063,-0.0146960493505001,0.0472439817339181,0.0177400201562792
1776180038691941000,35.245941162109375,0.0074374565243721,0.0343698871135711,0.0390631777626462
1776180038701874000,35.2558740234375,0.039355274310708,0.0201683432817459,0.0429180996251292
1776180038711807000,35.265806884765624,0.0954568084999918,0.0300888487935066,0.0479832192612811
1776180038721740000,35.27573999023438,0.1361637896806001,0.0408580800890922,0.0048736339183524
1776180038731673000,35.285673095703125,0.1286748952299356,0.0557014289557933,-0.0126697128883562
1776180038741606000,35.29560595703125,0.1083317799031734,0.0747317081183195,-0.009535579581093
1776180038751538000,35.30553784179688,0.0654606064260005,0.1115390515118837,0.0015431925876997
1776180038761471000,35.315470947265624,-0.0008370353460311,0.107724461659789,0.0091709657860919
1776180038771404000,35.32540405273438,-0.0452805727064609,0.0914022724121809,0.0006359963485971
1776180038781337000,35.335337158203124,-0.0472924970507621,0.0708271018952131,-0.0151958886314183
1776180038791270100,35.34527026367188,-0.0018669629156589,0.0705097065091133,-0.0091788020326755
1776180038801203000,35.35520288085937,0.0323231837168335,0.0695323859095573,-0.0105080230761319
1776180038811136000,35.36513598632813,0.0332642639592289,0.0636000732511282,-0.0012880487828515
1776180038821069000,35.375069091796874,0.030224165610969,0.0547878212422132,0.0009484780975617
1776180038831002000,35.38500219726563,0.0210065476715564,0.0676595777750015,0.0113991266969591
1776180038840935000,35.39493481445312,-0.0052832010999321,0.0808235952526331,0.0106886038074269
1776180038850868000,35.40486791992188,0.0371186012998223,0.0674029726654291,-0.030636235276889
1776180038860800000,35.41480004882813,0.0582248099535703,0.0560106410354375,-0.0309373736479319
1776180038870733000,35.424733154296874,0.086720836597681,0.0647755467712879,-0.033193591609504
1776180038880666000,35.434666015625,0.1399403856098652,0.0480973836928606,-0.0239433317758142
1776180038890599000,35.44459887695312,0.1534577465698123,0.0606681114524602,-0.0348728499333374
1776180038900532000,35.45453198242188,0.1163879528477788,0.0543184501647949,-0.02345286311144
1776180038910465000,35.46446508789062,0.0530535447955131,0.0515717818051576,0.0077740315349772
1776180038920398000,35.47439819335938,-0.0065922378718852,0.0428325950324535,0.0347855004434473
1776180038930331000,35.48433081054687,-0.0433186249837279,-0.0020984335839748,0.0382624923716299
1776180038940264000,35.494263916015626,-0.0450908953532576,-0.0198462717205286,-0.0080223254739306
1776180038950197000,35.50419702148437,-0.0166726101204752,-0.0268254630833864,-0.037966212838795
1776180038960130000,35.51413012695313,0.0336219913557171,-0.0470090039342641,-0.0440243255676701
1776180038970062000,35.52406201171875,0.0908031374752521,-0.0365647668093442,-0.03900178469792
1776180038979995100,35.5339951171875,0.1479869139432907,-0.0379483301222324,-0.0660528001654893
1776180038989928000,35.543927978515626,0.1555325070172548,-0.0518932688444852,-0.0624200696863234
1776180038999861000,35.55386108398437,0.1574979618713259,-0.0397778836369514,-0.0376128145575523
1776180039009793000,35.56379296875,0.1298535836204886,-0.005361819294095,-0.009036525751464
1776180039019726000,35.57372607421875,0.1252957741856575,-0.0384252999842166,0.0089927596749737
1776180039029659100,35.5836591796875,0.0927837898984551,-0.0302227043062448,0.0193204029492102
1776180039039592000,35.593592041015626,0.0520282934010028,-0.0158808752208948,0.0250450276737101
1776180039049525000,35.60352490234375,0.0056859366819262,-0.0008089782953262,0.0663120538898743
1776180039059458000,35.6134580078125,-0.001648643989861,0.0193973589092493,0.0732219428761862
1776180039069390000,35.62339013671875,-0.0277311797514557,0.0490711971610784,0.0704681689223274
1776180039079323100,35.6333232421875,-0.0533233016476035,0.0554863249003887,0.080790642831102
1776180039089256000,35.643255859375,-0.0533116112098097,0.0822188490033149,0.091900686920993
1776180039099189000,35.65318896484375,-0.018586627048254,0.0925444281846284,0.0870243495889008
1776180039109122000,35.6631220703125,0.0239434779062867,0.0772340463280677,0.066280051316414
1776180039119055000,35.67305517578125,0.0887654941678047,0.0721352618843317,0.0814771637905389
1776180039128988000,35.68298779296875,0.1482134161755442,0.0486053332149982,0.0837094163546338
1776180039138921000,35.6929208984375,0.208860192579031,0.0340168358922004,0.078891111086402
1776180039148854000,35.70285400390625,0.2197632793873548,0.006907879692316,0.0813420844350941
1776180039158787000,35.712787109375,0.1632502417877316,-0.0157528649270534,0.0760549012797884
1776180039168720100,35.72272021484375,0.0792903943359851,-0.0159831665515899,0.0797236894530244
1776180039178652200,35.732652099609375,-0.0046890345990657,-0.0198930334717035,0.0650225255359895
1776180039188585000,35.7425849609375,-0.0589712444067001,-0.0276443782508373,0.0868845940583385
1776180039198518000,35.75251806640625,-0.107649935118854,0.0111404026955366,0.1001302619374357
1776180039208451000,35.762451171875,-0.1101928975999355,0.0169020349621772,0.0823295245698653
1776180039218384100,35.772384033203124,-0.0758344086632132,0.0376198288202285,0.0710471013214439
1776180039228317000,35.78231689453125,-0.0329296251773834,0.0468763174653053,0.0673249024605378
1776180039238250000,35.79225,-0.0139136668011546,0.0388899948865175,0.0916500000955536
1776180039248183000,35.80218310546875,0.0341676425397396,0.0301993234306573,0.066425615533255
1776180039258116000,35.8121162109375,0.0589238981336355,0.0263426480025053,0.0670200194961391
1776180039268049200,35.82204907226563,0.0596142184853553,-0.0085854575157165,0.0611849749334156
1776180039277982200,35.831982177734375,0.0409992421254515,-0.0042646717071533,0.0617263700674287
1776180039287914000,35.8419140625,0.027063071231544,0.0068038347959518,0.0371773274834267
1776180039297847000,35.85184692382813,0.0042041736915707,-0.0118850835829973,0.0298423266865313
1776180039307780000,35.861780029296874,-0.0372308295026421,0.0049304421395063,0.0119974213836714
1776180039317713000,35.871712890625,-0.0493725181952118,0.01570318056643,0.0161188304289244
1776180039327646000,35.88164599609375,-0.0737783529162406,0.030080665487051,-0.0011807159508578
1776180039337579000,35.8915791015625,-0.1215001812949776,0.0032359131813049,0.0197099502560682
1776180039347512300,35.90151220703125,-0.1264019818618893,-0.0081616791456937,0.0321918306884355
1776180039357445000,35.91144506835938,-0.1023956678524613,0.0029120880544185,-0.0101624427751637
1776180039367378200,35.921378173828124,-0.038734219802916,-0.0144926357328891,-0.0526088149690069
1776180039377311200,35.93131127929688,0.0054801849767565,-0.0191360776245594,-0.0987440682760439
1776180039387244300,35.941244384765625,0.0173453948155045,-0.044305005672574,0.0385034249880351
1776180039397176000,35.95117602539062,0.0510778608083725,-0.025445991423726,0.0174003581394441
1776180039407109000,35.96110913085938,0.0650073097005486,-0.0199865569740533,0.005084573255293
1776180039417042000,35.9710419921875,0.0517544448956847,-0.0098813425451517,-0.022602347229328
1776180039426975000,35.98097509765625,0.0301437938511371,-0.0120417354494333,-0.0158360496984794
1776180039436908300,35.990908203125,-0.0185991942688822,-0.0177039989948272,0.0236526599998585
1776180039446841300,36.00084130859375,-0.0507069816693663,-0.0105845223784446,0.0535551376421004
1776180039456774100,36.01077416992187,-0.0541644286468625,0.0136690443903207,0.0331997656219638
1776180039466707200,36.02070727539063,-0.0572901594519615,-0.0090390465021133,0.0338044717831537
1776180039476640300,36.03064013671875,-0.0908838014960289,-0.0270171862632036,0.0211451706909574
1776180039486573300,36.0405732421875,-0.0955865723595023,-0.0376414561301469,0.0145325476181693
1776180039496506000,36.05050610351562,-0.1051613331735134,-0.0326157369226217,0.0426652391089126
1776180039506438100,36.06043823242187,-0.0963648632556199,-0.0232984580010175,0.0160070223512127
1776180039516371000,36.070370849609375,-0.0388943788006901,-0.0202975226193666,0.0176900800673291
1776180039526304300,36.08030419921875,-0.0017360300123691,-0.0071668228894472,0.0066469454674981
1776180039536237300,36.0902373046875,0.0312675371840596,0.0170797296166419,0.0161401472115889
1776180039546170000,36.10017016601562,0.0842637988343834,0.0070604399055242,0.010926376352366
1776180039556103200,36.11010327148438,0.1071148053288459,0.0126584060430526,0.0358449829011224
1776180039566036200,36.1200361328125,0.0722714554846286,0.0129717097759246,0.0283226793712005
1776180039575969300,36.12996923828125,0.0206125799179077,-0.0127706342458724,0.0194867359594441
1776180039585902300,36.13990234375,-0.0366223422154784,-0.0185205760747194,0.0202610995991155
1776180039595835100,36.149835205078126,-0.0860918910443782,0.001672901648283,-0.01225583485784
1776180039605767000,36.159766845703125,-0.0984393314421176,0.0103629885822534,-0.0170848259168677
1776180039615700200,36.1697001953125,-0.1239420214891433,0.0208475577175617,-0.0122889882087707
1776180039625633300,36.17963330078125,-0.120220078356564,0.0394341847658157,0.0082374295293353
1776180039635566300,36.18956640625,-0.1021893316254019,0.0329646964907646,0.0298513502432033
1776180039645499100,36.1994990234375,-0.0990092402845621,0.0276911400020122,0.0142426612935028
1776180039655432200,36.20943212890625,-0.0912073343619704,0.009393851289153,0.0018085107266902
1776180039665365200,36.219365234375,-0.093602705065906,0.0028144728988409,-0.0056393575938418
1776180039675298300,36.22929833984375,-0.096107381363213,-0.0209007492095232,-0.0206667212579399
1776180039685231000,36.23923120117188,-0.0979193992212414,-0.0381558353930711,-0.0318061923717148
1776180039695164200,36.2491640625,-0.0626549013555049,-0.0631184272140264,-0.0290568023320287
1776180039705097200,36.25909716796875,-0.0411447880759835,-0.0467746106564998,-0.0023109986224211
1776180039715029200,36.269029296875,-0.007152209842205,-0.0503746809750795,0.0151466974611394
1776180039724962300,36.27896240234375,-0.0097466102495789,-0.0531020601123571,0.0143895224182866
1776180039734895000,36.28889501953125,-0.0108209614828228,-0.0349228448212146,0.0098951518747955
1776180039744828200,36.298828125,0.0006394669473171,-0.0139046067118644,0.0085927457730285
1776180039754761200,36.30876123046875,0.0110918873786926,0.0183393742889165,-0.0223120773121714
1776180039764694300,36.3186943359375,0.0421899132147431,0.0146019413262605,-0.0219304393171332
1776180039774627300,36.32862744140625,0.0410176545649766,0.0319230784833431,-0.0149912511711008
1776180039784560000,36.33856005859375,0.0102606972515583,0.0539426025897264,-0.0005885952766053
1776180039794493200,36.3484931640625,-0.037770050945878,0.0455722491294145,-0.0009765534145757
1776180039804426200,36.35842626953125,-0.0857496534779667,0.0404763872951269,-0.001521455679927
1776180039814359300,36.368359375,-0.1043126073896884,0.0486024106055498,0.0174042123306542
1776180039824291300,36.378291259765625,-0.0910647110208869,0.023694763842225,0.0323938560665585
1776180039834224000,36.38822412109375,-0.0449459339246153,0.0208159935355186,0.0105134847025386
1776180039844157200,36.3981572265625,0.0098702366292476,0.0217746094346046,0.0054501734309829
1776180039854090200,36.40809033203125,0.0265007611736655,0.0065109893292188,0.0117113344512879
1776180039864023300,36.418023193359375,0.0566448472857475,-0.0210609082072973,-0.0196666225709952
1776180039873956000,36.4279560546875,0.0702107235625386,-0.0788835671007633,0.0371427128277719
1776180039883889200,36.43788916015625,0.0783197957381606,-0.0663607701361179,0.0550660171290859
1776180039893822200,36.447822265625,0.081642510420084,-0.012592355069518,0.0154075768870301
1776180039903755300,36.45775537109375,0.0335351898550987,-0.0376081383824348,0.0196035672721453
1776180039913688000,36.46768798828125,-0.0304904153317213,-0.0306564195483922,0.026037235315144
1776180039923621000,36.47762109375,-0.0555412699580192,-0.0053559740751981,0.0521611990656703
1776180039933553200,36.48755322265625,-0.0691398794606328,0.0198217218011617,0.0656649150927551
1776180039943486200,36.497486328125,-0.0669841627314686,0.0342962373554706,0.0685728932276368
1776180039953419300,36.50741918945312,-0.0723711164668202,0.0441682275503873,0.0904407887025736
1776180039963352300,36.51735229492188,-0.072610185919702,0.0434855059832334,0.0707960126372054
1776180039973285000,36.52728515625,-0.0502852491259574,0.0423269835978746,0.0576690940332598
1776180039983218200,36.53721826171875,-0.0354258259072899,0.0236503401786088,0.0387781137435697
1776180039993151200,36.54715112304687,-0.0291240954145789,0.040763387542963,0.0340591589302755
1776180040003084300,36.55708422851563,-0.0374441799923777,0.0433738623023033,0.0019835019674152
1776180040013017300,36.56701733398437,-0.0518152351722121,0.0269189865857362,-0.0451328347988426
1776180040022950400,36.57695043945313,-0.0618564444541931,0.057453241059184,-0.0735687104872427
1776180040032882400,36.58688232421875,-0.0165638890489935,0.0543009145081043,-0.0560517219644971
1776180040042815500,36.5968154296875,0.029636721111834,0.0569791938066482,-0.0632897103940136
1776180040052748500,36.60674853515625,0.0466845942854881,0.0448375051140785,-0.0504133690176531
1776180040062681300,36.61668139648437,0.0899134951591491,0.0458358685016632,-0.0146864047393202
1776180040072614400,36.62661450195313,0.07710866638273,0.0425508554816246,0.0008380947919562
1776180040082547500,36.63654736328125,0.0499742834806442,0.0156757080376148,0.0339239699769765
1776180040092480500,36.64648046875,0.0012485387563705,0.0140653502315282,0.0498092839109711
1776180040102413300,36.65641333007813,-0.0299161225751042,0.0218640412837266,0.0307390380642376
1776180040112346400,36.66634643554688,-0.0311927183821797,0.0156540807276964,0.0247519812775775
1776180040122279400,36.67627954101562,-0.0331070275709033,0.0027133506119251,0.0196063437511213
1776180040132212500,36.68621240234375,-0.0232987502619624,-0.0165741181820631,0.0095906342365778
1776180040142144500,36.69614453125,-0.0094856212258338,-0.0369558119535446,0.0193285131904296
1776180040152077300,36.70607739257812,0.012389233712852,-0.0786737237423658,0.0023880459140054
1776180040162010400,36.71601025390625,0.0130184715270996,-0.0893500160574913,-0.0047125433388166
1776180040171943400,36.725943359375,0.0115641810655593,-0.099701314201951,-0.004050042575784
1776180040181876500,36.73587646484375,0.0132221774056553,-0.1207774199783802,0.0036982151971198
1776180040191809500,36.7458095703125,0.0233662625402212,-0.1121282495766878,0.0440196128599345
1776180040201742300,36.75574243164063,0.0706099520131945,-0.0954009866595268,0.0537963077205233
1776180040211675400,36.76567529296875,0.0960568202197551,-0.0616571224898099,0.0417961281241849
1776180040221608400,36.7756083984375,0.1093371575534343,-0.0271358442068099,0.0409204778008162
1776180040231541500,36.78554150390625,0.0963490811645984,-0.0057668929636478,0.037229751790408
1776180040241474300,36.79547436523438,0.0682788787171244,0.0191582894563674,0.0239451401404105
1776180040251406300,36.80540625,0.011430617813766,0.0469260018259286,0.0027467048922553
1776180040261339400,36.81533935546875,-0.0238616448417305,0.0467389548212289,0.0286242743999697
1776180040271272400,36.8252724609375,-0.0589721211895346,0.0596072042226791,0.0347543746528215
1776180040281205500,36.83520556640625,-0.0495496283277869,0.0584498508810997,0.0202763154345564
1776180040291138300,36.84513818359375,-0.0480778022095561,0.061530281239748,0.0216293192123994
1776180040301071400,36.8550712890625,-0.0169689627185463,0.036177228796482,0.0341875893492251
1776180040311004400,36.86500439453125,0.02433832244277,0.0178933840870857,0.0066108329745009
1776180040320937500,36.8749375,0.0466600443661212,0.012169161221385,-0.0125834411107003
1776180040330870300,36.884870361328126,0.0482628033876419,0.0019178163200616,-0.0115801275533623
1776180040340803300,36.89480322265625,0.0548933274433016,-0.0019891279906034,-0.019419789936766
1776180040350736400,36.904736328125,0.0686319299384951,0.00792611682415,-0.0254471604675054
1776180040360668400,36.91466845703125,0.0711278384074568,0.0066436757981777,-0.0142435746089555
1776180040370601500,36.9246015625,0.0627241671994328,0.0043646249502897,-0.0311045469083823
1776180040380534500,36.934534423828126,0.0642725656852126,0.0119254155933856,-0.0236664327968843
1776180040390467300,36.94446728515625,0.0749099872946739,-0.000188216048479,-0.0321783684186637
1776180040400400400,36.954400390625,0.0578323035046458,0.0043915129572153,-0.0230330302641727
1776180040410333400,36.96433349609375,0.0178434074655175,-0.0107405897229909,-0.0376433010273613
1776180040420266500,36.9742666015625,-0.0295461202189326,-0.0095277068018913,-0.0336254802207462
1776180040430199300,36.98419921875,-0.0756970460191369,0.005322656327486,-0.0284712757953442
1776180040440132400,36.99413232421875,-0.0901195391252636,0.0173006788909435,-0.0211489518169313
1776180040450065400,37.0040654296875,-0.1333513626083731,0.0275765737116336,-0.0290905036722309
1776180040459997400,37.01399755859375,-0.1231269057139754,0.0466629669755697,-0.0471622582672163
1776180040469930500,37.02393041992188,-0.1146770572766661,0.0365945774257183,-0.0449206350865773
1776180040479863300,37.03386328125,-0.0660556497097015,0.037466099563241,-0.0408653866127133
1776180040489796400,37.04379638671875,0.0093383217096328,0.0337298356443643,-0.0286964993859641
1776180040499729400,37.0537294921875,0.0636859979689121,0.0454477459669113,-0.0340681824869476
1776180040509662500,37.063662353515625,0.0801551944717764,0.0447550875276327,-0.0336719679772853
1776180040519595300,37.07359521484375,0.0714031482174992,0.0333382059782743,-0.0196844687549397
1776180040529528300,37.0835283203125,-0.0078264558419585,0.0243652104496955,0.0110877226602286
1776180040539461400,37.09346142578125,-0.0714919955447316,0.0127606973737478,0.0398272392040118
1776180040549394400,37.10339453125,-0.11329904692173,0.0023258125990629,0.0463428864420391
1776180040559327500,37.11332739257813,-0.1156008941233158,0.0015448913544416,0.0269983171659521
1776180040569259500,37.12325952148438,-0.1064499116793274,0.0132622171550989,0.0242341131496243
1776180040579192300,37.1331923828125,-0.0746659494057297,-0.009078793990612,0.0585328347231261
1776180040589125400,37.14312548828125,-0.0252899240791797,-0.0026186580657958,0.0407560444867238
1776180040599058400,37.153058349609374,0.0092830843910574,0.0032873511075973,0.0353903710014186
1776180040608991500,37.16299145507813,-0.002901858921349,-0.0070861588686704,0.0224690031732432
1776180040618924300,37.17292431640625,-0.0027589433193206,-0.0118459206163883,0.004878364892397
1776180040628857300,37.182857421875,-0.0467234649911522,-0.0056616790235042,-0.0154761120785959
1776180040638790400,37.19279028320312,-0.0694648736312985,0.0216921918481588,0.0123616150535643
1776180040648723500,37.20272338867188,-0.0476858802825212,0.0003588964402675,0.0175834596213884
1776180040658656300,37.21265625,-0.029263796146214,-0.0246738380074501,-0.0107936533507891
1776180040668589300,37.22258935546875,-0.0220437817648053,-0.0244517196893692,0.0017749372506514
1776180040678521300,37.23252124023438,-0.0035842882275581,-0.0556406386792659,0.0152863616601563
1776180040688454400,37.24245434570312,0.0097670685157179,-0.0385638316720724,-0.0152053871121257
1776180040698387500,37.25238745117188,0.0304825242862105,-0.0100637133747339,0.0656741395788267
1776180040708320300,37.2623203125,0.0192483058273792,-0.0959440074950456,-0.063313748856727
1776180040718253300,37.27225341796875,0.0119125561118125,-0.0236094236463308,-0.1083729338974691
1776180040728186400,37.28218627929687,0.0066194181397557,-0.0216290634840726,0.0227646981841884
1776180040738119400,37.29211938476563,0.0090709029451012,0.0216331551373004,0.0593374291042797
1776180040748052500,37.30205249023437,0.017674480639398,0.0266349089473485,0.0288241443536244
1776180040757985300,37.3119853515625,0.0076850015446543,0.054773208194971,-0.0217035900250077
1776180040767918300,37.32191845703125,-0.0021717910811305,0.0580605593025684,-0.0290696435472927
1776180040777851400,37.33185131835938,-0.0307236395657062,0.0587070405125617,-0.0124857894225046
1776180040787783400,37.34178344726563,-0.0539478632867336,0.0444102196127176,0.0131980110787786
1776180040797716500,37.35171655273437,-0.0884089358150959,0.0220779762953519,0.0331547209038399
1776180040807649300,37.36164916992188,-0.0979778514102101,0.0065232642889022,0.0190348092071712
1776180040817582300,37.37158227539062,-0.1067348661005496,-0.0337350963413715,-0.0012377433677203
1776180040827515400,37.381515380859376,-0.0851028800070285,-0.0434498501479625,-0.012938556424994
1776180040837448400,37.39144848632812,-0.0391840093970298,-0.0473152934044599,-0.024944161115121
1776180040847381200,37.40138134765625,0.0022723288461565,-0.0800081872165203,-0.0268973592758178
1776180040857314300,37.41131420898437,0.0533005052939057,-0.0545072507351636,-0.0188928617195226
1776180040867247400,37.421247314453126,0.101612993042171,-0.051584056764841,-0.0286362570987083
1776180040877180400,37.43118041992187,0.1181003097236156,-0.0521031122028827,-0.0166319493165239
1776180040887113200,37.44111328125,0.0926610403016209,-0.0104003979831933,-0.0445465410771779
1776180040897045200,37.451045166015625,0.0284442964568734,-0.0076572367548942,-0.0306733889495022
1776180040906978300,37.46097827148437,-0.0194286308303475,-0.0063835635572671,-0.0031877449243329
1776180040916911400,37.470911376953126,-0.0594023293003439,-0.0081032269567251,-0.0093290972235612
1776180040926844400,37.48084448242187,-0.0884723564401269,0.0110316816240549,0.008103555750288
1776180040936777500,37.49077758789063,-0.0838055336728692,0.0271557179510593,0.0074109338436275
1776180040946710300,37.50071020507813,-0.1081780506461858,0.0262713363319635,0.0113454420146532
1776180040956643300,37.51064331054688,-0.0887827375635504,0.0294569806307554,-0.0025535934729501
1776180040966576400,37.52057641601562,-0.0752422879889607,0.0271083716779947,0.0016542517467401
1776180040976509400,37.530509521484376,-0.0796834853067994,0.02170855846107,0.0111785427488386
1776180040986442200,37.54044213867188,-0.0577004938185215,0.0326467165827751,0.0012520093550905
1776180040996374300,37.55037426757813,-0.0141503981664776,0.0257224702775478,-0.0086936671305447
1776180041006307300,37.56030737304688,0.0303428235545754,0.0207914436161518,-0.0004880392452701
1776180041016240400,37.57024047851562,0.051822833956778,0.0151443776398897,-0.0410255456104874
1776180041026173400,37.58017333984375,0.0979375193998217,0.0046124622315168,-0.0303291238227859
1776180041036106200,37.59010620117188,0.1045101757884025,-0.013286182552576,-0.04938643712271
1776180041046039300,37.60003930664063,0.0480380547210574,-0.0133007955998182,-0.0281915820711292
1776180041055972400,37.60997241210937,0.0205883222594857,-0.0222919113069772,-0.0370437094327062
1776180041065905400,37.619905517578125,-0.0062049921199679,-0.0116074356853961,-0.0409152901690453
1776180041075838200,37.62983813476563,-0.0129255325466394,-0.0023000936359167,-0.0326401589778251
1776180041085771300,37.63977124023437,-0.0049897711113095,-0.0108446346193552,-0.0319161007532849
1776180041095704300,37.64970434570313,0.006139525668323,0.0025327333480119,-0.0343014615198597
1776180041105636400,37.65963623046875,0.0041208793222904,0.0077472531259059,-0.0375307622972875
1776180041115569400,37.6695693359375,-0.0132978729903697,-0.0028425299495458,-0.0116041842823848
1776180041125502500,37.67950244140625,-0.0408794151380658,-0.0174608378887176,0.0355284825641661
1776180041135435300,37.68943530273437,-0.0393409535244107,-0.0059030865639448,0.0506590874070301
1776180041145368300,37.69936840820313,-0.0409095180153846,0.0028729250878095,0.0546513353809714
1776180041155301400,37.70930126953125,-0.0249476865127682,0.0104594346940517,0.0461751651923172
1776180041165234400,37.719234375,0.0152577748864889,-0.0125830027192831,0.043103082536906
1776180041175167200,37.72916723632813,0.0315843480482697,-0.0029956746846437,0.0657632061017677
1776180041185100300,37.73910034179688,0.0585758153483271,-0.0088210198372602,0.0405450868834741
1776180041195033300,37.74903344726562,0.0329503757044672,-0.0125017541766166,0.0178579839801415
1776180041204966400,37.75896630859375,0.0399313206329941,0.0217623344749212,-0.0101859149822965
1776180041214898400,37.7688984375,0.0427235817000269,0.0599696077942848,-0.0318603702443651
1776180041224831200,37.77883129882812,0.0248632230997085,0.0540910711497068,-0.0354728981857188
1776180041234764300,37.78876440429688,0.0070224459826946,0.0850800836533307,-0.0368581237327307
1776180041244697300,37.798697265625,0.0314531228840351,0.0854179373055696,-0.0442804740195162
1776180041254630400,37.80863037109375,0.0352861251756548,0.0610240852832794,-0.0179120522549375
1776180041264563200,37.81856323242187,0.0536950575694441,0.0322539178729057,-0.0095612985442392
1776180041274496300,37.82849633789063,0.0354807709649205,0.0016378303349018,0.0004147913459688
1776180041284429300,37.83842919921875,0.0297545022726058,-0.0080091189324855,-0.0064927412864752
1776180041294362400,37.8483623046875,0.0433577879503369,-0.0136076695919036,0.0102252788783051
1776180041304295400,37.85829541015625,0.0538359273448586,-0.0052361470878124,0.0196268020172603
1776180041314228200,37.86822827148438,0.0360103477969765,-0.0227162741988897,-0.0109759145825169
1776180041324160300,37.87816015625,0.0303285027682781,-0.0112023620158433,-0.0044483211783692
1776180041334093300,37.88809326171875,0.0265726573660969,-0.0071200611382722,-0.0124185694051906
1776180041344026400,37.8980263671875,0.0129974287390708,-0.0085427874177694,-0.0250541608282364
1776180041353959400,37.90795947265625,-0.0050946927905082,0.0105383451491594,-0.0082172452578321
1776180041363892200,37.917892333984376,-0.0089329557791352,0.0325309812486171,-0.0328092684670351
1776180041373825300,37.9278251953125,-0.0068912208184599,0.0586824905931949,-0.0317065861884504
1776180041383758300,37.93775830078125,0.0135427876621484,0.0558072274178266,-0.0021088636464439
1776180041393691400,37.94769140625,0.0030292846933007,0.0398106168627738,0.0163467756995931
1776180041403624200,37.957624267578126,0.0337611075654625,0.0301280117601156,0.0126753571778535
1776180041413557200,37.96755712890625,0.0454655738845467,0.0357364992916584,-0.016385555073712
1776180041423490300,37.977490234375,0.0731263187482953,0.0402723891556262,-0.035593254896067
1776180041433422300,37.98742236328125,0.0491930699750781,0.047602293652296,-0.0449744476330466
1776180041443355400,37.99735546875,0.015052315442264,0.0487356815963983,-0.0396290862834081
1776180041453288200,38.0072880859375,-0.0152095518305897,0.0488718751966953,-0.0525291738615371
1776180041463221200,38.01722119140625,-0.0372705769911408,0.0492599977314472,-0.0453393902216106
1776180041473154300,38.027154296875,-0.0306336231946945,0.0394634108603,-0.0256253300460055
1776180041483087400,38.03708740234375,-0.0310743526995182,0.0412824429810047,-0.0053996670864522
1776180041493020400,38.0470205078125,-0.0301382408931851,0.0487462029904127,-0.0178198804594576
1776180041502953200,38.056953125,0.0022352117061614,0.0130704939752817,0.0337860045447014
1776180041512886300,38.06688623046875,0.0202533912166953,0.0031792145580053,0.039503943800088
1776180041522819300,38.0768193359375,0.0343736865058541,0.0217594118654727,0.0198756622117944
1776180041532751400,38.08675146484375,0.0444680872797966,0.0152940152436494,-0.0019715923339128
1776180041542684400,38.09668432617188,0.0572927898004651,-0.0261275439471006,0.0160027480348944
1776180041552617200,38.1066171875,0.0622062808051705,-0.0306879837304353,0.0188840208259411
1776180041562550300,38.11655029296875,0.044347968031466,-0.0316115283161401,0.0160319010641425
1776180041572483300,38.1264833984375,0.0226686356648802,-0.035794951480627,0.027666133424919
1776180041582416400,38.13641650390625,-0.0128875386238098,-0.0055775078713893,0.0257081312249414
1776180041592349200,38.14634912109375,-0.037833471570909,-0.004873158994317,0.0156066796557046
1776180041602282200,38.1562822265625,-0.0271501649931073,0.0041863457739353,0.0038369843469932
1776180041612215300,38.16621533203125,-0.022751053251326,0.0269254163265228,0.0111102815519087
1776180041622148400,38.1761484375,0.0077551441714167,0.0345668709903955,0.0067703161188401
1776180041632081200,38.1860810546875,0.0225324420645833,0.0275222131758928,0.0248094470858573
1776180041642013200,38.19601318359375,0.0187064540356397,0.0476940635889768,0.024377503675688
1776180041651946200,38.2059462890625,0.0067252166017889,0.0471492891877889,0.0116550559530965
1776180041661879300,38.21587939453125,0.0056663551986217,0.0273573780030012,0.0176164485755376
1776180041671812400,38.225812255859374,0.0021820202142,0.0240758721143007,0.0391155290043912
1776180041681745400,38.23574536132813,0.0205383456379175,0.0083721070259809,0.0154476166364736
1776180041691678200,38.24567822265625,0.0478270423188805,-0.0109942722231149,0.0087486669871024
1776180041701611300,38.255611328125,0.0623167554423213,0.01333469786942,0.0106521625208668
1776180041711544300,38.26554443359375,0.0888610634967684,0.0405570513159036,0.0303961794433183
1776180041721477400,38.27547729492188,0.0798392603904008,0.0373123703062534,0.0355197330021299
1776180041731410200,38.28541015625,0.0114732879117131,0.0377957699090242,0.0404740309412591
1776180041741343200,38.29534326171875,-0.0585197012469172,0.0182072723418474,0.0005668949014507
1776180041751275300,38.30527514648438,-0.0846384773656725,0.0205903680860996,0.0105079500108957
1776180041761208300,38.31520825195312,-0.0721522130191326,-0.0063432315468788,0.0246929993656463
1776180041771141400,38.32514135742188,-0.03814852886945,-0.0305494520425796,0.0512215618616901
1776180041781074200,38.33507421875,0.0390355408370494,-0.0286029941499233,0.0746236811665818
1776180041791007200,38.34500732421875,0.0498120786562562,-0.0125502694934606,0.0527784176485612
1776180041800940300,38.35494018554687,0.0543374471262097,-0.0071288289666175,0.0613949644222855
1776180041810873300,38.36487329101563,0.0421709162533283,0.0019511340677738,0.0333122678194195
1776180041820806100,38.37480615234375,-0.0015548282265663,0.0356435603111982,0.006577259498462
1776180041830739200,38.3847392578125,-0.0617661358222365,0.0374690221726894,-0.0045763680048286
1776180041840672300,38.39467236328125,-0.0983332407191395,0.0421510425090789,0.0209899801292456
1776180041850605300,38.40460522460938,-0.0980968016147613,0.0364601373910903,0.0276098549267277
1776180041860537300,38.41453735351563,-0.0879047856852412,0.0253144739985466,0.0342376755686476
1776180041870470400,38.42447045898437,-0.0971428618907928,0.01154430732131,0.0500879729881882
1776180041880403200,38.4344033203125,-0.0974944518074393,0.0193541042894124,0.0522889170985668
1776180041890336300,38.44433618164062,-0.0869733500540256,0.0130383452713489,0.0285733479303307
1776180041900269300,38.454269287109376,-0.0794213272392749,0.024847441008687,0.0474412944043055
1776180041910202400,38.46420239257812,-0.0734665104880929,-0.0025379940450191,0.0396802319487556
1776180041920135200,38.47413525390625,-0.0263172213003039,0.0066898530274629,0.025370076643303
1776180041930068200,38.48406811523437,0.0202291335582733,0.0341997912436723,0.021398031207174
1776180041940001300,38.494001220703126,0.0592313566476106,0.0253834475815296,0.0483590303037315
1776180041949934300,38.50393432617187,0.0622094956755638,0.0377133523225784,0.0515422634497284
1776180041959867100,38.5138671875,0.0471688706710934,0.0492173276335001,-0.0019717567306943
1776180041969799200,38.523799072265625,0.00388853187114,0.0467184965550899,-0.0012163717861287
1776180041979732200,38.53373217773437,-0.0431751248598098,0.0301940627336502,0.0278963802505284
1776180041989665300,38.543665283203126,-0.0725254302456974,0.0164957922488451,0.0536754943524487
1776180041999598300,38.55359838867187,-0.0854702520146965,0.0212993931382894,0.0813281472412869
1776180042009532000,38.56353198242188,-0.091441143117845,-0.0046253217130899,0.0622778116714209
1776180042019465000,38.57346484375,-0.0807329943597316,-0.0228957224190235,0.0220947630333714
1776180042029398000,38.58339794921875,-0.0607303630337119,-0.0266927766144275,0.0269949013661593
1776180042039331000,38.5933310546875,-0.057617491710186,-0.0268365689992904,0.026901578793209
1776180042049263900,38.60326391601563,-0.0638002719983458,-0.0046282443225383,0.0077051675498485
1776180042059197000,38.613197021484375,-0.0460232077673077,0.0086579382300376,-0.0116610290361568
1776180042069130000,38.6231298828125,-0.028241759622097,0.0208949039906263,-0.0019314064539968
1776180042079062000,38.63306201171875,0.0102247491553425,0.027842531171441,0.0317505349280312
1776180042088995000,38.6429951171875,0.0302872939750552,0.0229535900861024,0.0166767931052483
1776180042098927900,38.65292797851563,0.0240618435889482,0.0160182378649711,0.0156113740971311
1776180042108861000,38.66286083984375,0.0191635501533746,0.0216314015716314,-0.0008670468918047
1776180042118794000,38.6727939453125,0.0007581248909235,0.0228325940549373,0.0187627873327583
1776180042128727000,38.68272705078125,-0.0418614119127392,0.0200146140247583,0.023796982107684
1776180042138659800,38.69265991210938,-0.0698620562553405,0.0344984819293022,0.0020651523688808
1776180042148593000,38.70259301757813,-0.0864054870381951,0.0301858794271945,0.0068333348850719
1776180042158526000,38.71252587890625,-0.0933747415289282,0.0345592722058296,0.0288733720565214
1776180042168459000,38.722458984375,-0.0764645232602953,0.0222545019060373,0.0138388845318928
1776180042178391000,38.73239111328125,-0.0486158546090126,0.0230763396829366,0.0369516472350806
1776180042188324000,38.74232397460938,-0.0042749008402228,0.0036924247771501,0.0283614222127012
1776180042198257000,38.7522568359375,0.033353695808351,-0.0043190322428941,-0.0055006980418227
1776180042208190000,38.76218994140625,0.0224368727356195,-0.0053267479807138,-0.0080703476004302
1776180042218123000,38.772123046875,0.0378948463693261,-0.0052308863908052,0.0176742614436894
1776180042228056000,38.78205615234375,0.0376595763087272,-0.0008487257838249,0.0054116497851908
1776180042237988900,38.79198876953125,0.0445972666174173,0.0028308395117521,-0.002946921905782
1776180042247922000,38.801921875,0.0244227858558297,-0.0208387898892164,0.0016371544814668
1776180042257855000,38.81185498046875,0.0057823827937245,0.0053840311259031,0.0163789609361439
1776180042267788000,38.8217880859375,-0.0098898181125521,-0.0055640638679265,0.0119787166832014
1776180042277720800,38.83172094726562,-0.0072372577771544,-0.0057131169497966,-0.003675765903294
1776180042287654000,38.84165380859375,-0.008640402573347,-0.0046691608548164,-0.0215942844316363
1776180042297586000,38.8515859375,-0.0278396085619926,-0.0034586160212755,-0.0249832510164938
1776180042307519000,38.86151904296875,-0.0376145681232213,0.01352116035223,-0.0126082102257758
1776180042317452000,38.8714521484375,-0.038842356352508,0.0342588279545307,0.0002639116331934
1776180042327384800,38.881384765625,-0.0542018380478024,0.0096966336280107,0.0246660200271755
1776180042337318000,38.89131787109375,-0.0409063031449914,0.0167903912812471,0.0122014377894811
1776180042347251000,38.9012509765625,-0.0311468334138393,0.0275017549097537,-0.0080438431859947
1776180042357184000,38.91118408203125,-0.0074643445312976,0.0352700508236885,0.0215025510275736
1776180042367117000,38.92111694335937,-0.0009247136294841,0.0111702133119106,0.047956477384828
1776180042377049900,38.9310498046875,0.0228986450284719,-0.0320727160871028,0.0723858756445348
1776180042386983000,38.94098291015625,0.0384361136391758,-0.0313531696408987,0.0378428969863802
1776180042396915000,38.9509150390625,0.0179717100203037,-0.0327583602637052,-0.0281875817494466
1776180042406848000,38.96084790039063,-0.0022951251998543,-0.0093932667672634,-0.0440155029403977
1776180042416781000,38.97078100585937,-0.010419687205553,0.0007657236754894,-0.0091760255536995
1776180042426713900,38.9807138671875,0.0048269817650318,0.022656068444252,-0.0162846519825048
1776180042436647000,38.99064697265625,0.0246150935575366,0.0309463424056768,-0.0364403184457682
1776180042446580000,39.000580078125,0.0428606520831584,0.0254968448281288,-0.0474527291137725
1776180042456513000,39.01051293945312,0.0681143358051776,0.0235690916359424,-0.038941798138991
1776180042466445800,39.02044580078125,0.0703317195937037,0.0152969378530979,-0.0205889433139935
1776180042476379000,39.03037890625,0.0281292391583323,-0.0044838674157857,-0.0240098394070751
1776180042486312000,39.04031201171875,0.008977963964641,-0.0035603228300809,-0.0629906178495846
1776180042496245000,39.05024487304688,-0.0639855654373764,-0.0056891515523195,-0.0358324156804941
1776180042506177000,39.06017700195312,-0.0628749738469719,-0.0149883102953433,-0.0270134051372297
1776180042516109800,39.07010986328125,-0.038432021985948,-0.0144669167697429,-0.0148283887595869
1776180042526043000,39.08004296875,-0.0235308054521679,-0.008041852158308,0.0075634209915995
1776180042535976000,39.08997583007813,-0.0139604285523295,0.014067688319087,0.0010135426904074
1776180042545909000,39.09990893554688,0.0061751815035939,0.0158148242473602,-0.0350510012455284
1776180042555842000,39.109842041015625,0.0370548884138464,0.0144113871902227,-0.0292799618297256
1776180042565774800,39.11977490234375,0.0579205663099884,0.0100058457076549,-0.0072073740955442
