time,seconds_elapsed,z,y,x
1775066312368655400,303.4996552734375,-0.0179494981884956,0.0132259767979383,-0.0391174287005327
1775066312378694700,303.50969458007813,-0.1029217375531792,0.0134556939005851,-0.1177746214332059
1775066312388734500,303.519734375,-0.1076316688098013,0.0420937593638896,-0.1187278305048123
1775066312398773500,303.5297734375,-0.029103344887495,0.0666705667376518,-0.094144757787045
1775066312408812500,303.5398125,0.019962883837521,0.0694645813703536,-0.0833171291014179
1775066312418851300,303.5498513183594,0.0147112469196319,0.0865904882162809,-0.0590762939500622
1775066312428890400,303.5598903808594,0.030504882248491,0.0968535235553979,-0.0116446258906275
1775066312438930400,303.5699304199219,0.0717358873032033,0.0948994668781757,0.0156795804951339
1775066312448969700,303.5799697265625,0.0852815975748002,0.0799491505056619,-0.0125839160347357
1775066312459008500,303.5900085449219,0.0243172796547412,0.0475151998907327,-0.0233652761595323
1775066312469047600,303.60004760742186,-0.1399041452527046,0.0337538010418415,-0.0170771905996836
1775066312479086300,303.6100864257813,-0.0271662393450736,0.0410872126698493,-0.0092743713616393
1775066312489126400,303.62012646484374,0.1788379792809486,-0.001254968497157,-0.0264292485737241
1775066312499165400,303.63016552734376,-0.0837491273105144,0.014116203635931,0.019487028220389
1775066312509204500,303.64020458984373,-0.1075765776216983,0.0533300236493349,-0.0176223668596707
1775066312519243500,303.65024340820315,0.0236301741734147,0.0286246214598417,-0.0538721677020192
1775066312529282600,303.6602824707031,0.0816132843255996,-0.0074327803492546,-0.0384197652925737
1775066312539322400,303.670322265625,0.0388762586221098,-0.0051829555958509,-0.0477209333295933
1775066312549361400,303.680361328125,0.0231356686547398,0.0095586864620447,-0.0559010797137394
1775066312559400400,303.690400390625,0.0691933632135391,0.0092646719515323,3.77564608119e-05
1775066312569439500,303.700439453125,0.0841113847516477,0.0054243631362915,-0.0012021971303038
1775066312579478500,303.710478515625,0.0713467418551445,0.01214110417068,-0.029421489192266
1775066312589518600,303.7205185546875,0.0264259423717856,-0.0061620297610759,-0.0183185324302874
1775066312599557400,303.73055737304685,-0.0130308926172554,-0.0045142625540494,-0.0755707527583464
1775066312609596400,303.7405964355469,0.034513679498434,0.030041502520442,-0.1101690052676945
1775066312619635500,303.75063549804685,0.0529996226511895,0.0469037899941205,-0.0790382827384397
1775066312629675300,303.7606752929688,0.0618735417194664,0.0336550168424844,-0.0681357804520055
1775066312639714600,303.7707145996094,0.0733960756003856,0.0366144511699676,-0.0360775860805995
1775066312649753600,303.78075366210936,0.0381042513363063,0.0341232188761234,0.0021497253797948
1775066312659792400,303.7907924804687,-0.0186298816680908,0.0458072269290685,0.0201810383665375
1775066312669831400,303.80083154296875,-0.0256144798584282,0.0316939459025859,-0.0058345148397609
1775066312679871500,303.81087158203127,-0.0178209033727645,0.0060270052045583,-0.0165586648846045
1775066312689910500,303.82091064453124,-0.0325556772984564,-0.0243488438367843,0.006322864612285
1775066312699949600,303.8309494628906,-0.0027403847493231,-0.066129299467802,-0.0318525157314725
1775066312709988600,303.8409885253906,0.0273192379496991,-0.0322691154420375,-0.0232929963746108
1775066312720027400,303.85102734375,0.0170129479907453,-0.0105009357482194,-0.0115292558826506
1775066312730067500,303.8610673828125,-0.0089702190496027,0.0317734408795833,0.0049038646598346
1775066312740106500,303.8711064453125,-0.0367230261109769,0.0662736763745546,-0.0021221797857433
1775066312750145500,303.8811455078125,-0.0223733059801161,0.0677197835296392,-0.0049095820145681
1775066312760184600,303.8911845703125,-0.0131250006414949,0.0321387670606374,-0.0049239393334835
1775066312770223400,303.9012233886719,-0.0204442376136779,0.0268511820465326,0.0066356203558854
1775066312780263400,303.91126342773435,-0.0431447297215461,0.0192032976418733,-0.0246663488207384
1775066312790302500,303.9213024902344,-0.0624190467730164,0.0161333886772394,-0.0290165616531856
1775066312800341500,303.93134155273435,-0.0669720339022576,0.0324742826253175,0.0008987024053931
1775066312810380500,303.9413806152344,-0.0591148906610906,0.0299012172669172,0.018561328210216
1775066312820419600,303.95141967773435,-0.0380007909618318,0.0536748915642499,0.0122258598446846
1775066312830459600,303.96145971679687,-0.0179530053198337,0.0325280586391687,0.0135425136675126
1775066312840498400,303.97149853515623,-0.0449684380173683,-0.009725859722495,0.0015626462068408
1775066312850537500,303.98153735351565,-0.0370738853752613,-0.0320639482587575,-0.005101907982584
1775066312860576500,303.9915764160156,-0.0658498980045318,-0.0400935254573822,-0.004201141484268
1775066312870615600,304.00161547851565,-0.1000409214198589,-0.0075105217605829,0.0279424113493412
1775066312880655600,304.0116555175781,-0.0789667153395712,0.0262327578872442,0.0341345805203542
1775066312890694400,304.0216943359375,-0.0216379774428904,0.0330611426025629,0.0302584514730609
1775066312900733400,304.0317333984375,0.0006217851601541,0.0313408946812152,0.0550428554492071
1775066312910772500,304.0417724609375,0.0419242480158805,0.0030704934865236,0.0642888774991966
1775066312920811500,304.0518115234375,-0.0798104726873338,-0.0251256734281778,0.0014095928032882
1775066312930851600,304.0618515625,-0.2863034977436065,-0.0092021281093358,-0.0388700298107229
1775066312940890600,304.071890625,-0.0943266354262828,-0.0001724339574575,-0.0340073008788749
1775066312950929400,304.0819294433594,0.0028853461779654,-0.0352127676784992,0.0630582762583158
1775066312960968400,304.09196850585937,-0.0861312001414597,0.0093769001543521,0.0786244960394687
1775066312971008500,304.1020085449219,0.0317874694049358,0.0524906502157449,0.0606561287537217
1775066312981047300,304.11204736328125,0.1296609836578369,0.0425970327109098,0.0598579275807365
1775066312991086600,304.1220866699219,0.0033854046545922,0.0451385338872671,0.0495101183013059
1775066313001125600,304.13212573242185,-0.2074165696419775,0.0654226125031709,0.0230326101390644
1775066313011164400,304.1421643066406,-0.1989092919290065,0.0315133286386728,-0.0087503292212262
1775066313021204500,304.15220458984373,-0.0223170457482337,-0.0157575411021709,0.0105068174997344
1775066313031243500,304.16224340820315,0.1346365801133215,-0.0643792409300804,0.0202003093225881
1775066313041282300,304.1722822265625,0.088707041978836,-0.0569809473723173,0.0228092131793498
1775066313051321600,304.18232153320315,-0.0359492652595043,0.0044037879168987,-0.0239458525264635
1775066313061360600,304.1923605957031,-0.0904873495243489,-0.0077431614726781,-0.0220570796377956
1775066313071400400,304.202400390625,-0.0698031656749546,-0.0707826782315969,0.0314495244211517
1775066313081439500,304.212439453125,-0.0231948514960706,-0.101482352399826,0.0801979193686507
1775066313091478500,304.222478515625,-0.035279257043451,-0.0758843852847814,0.0349896264471113
1775066313101517300,304.2325173339844,-0.1466543501652777,-0.0486707996666431,-0.0517494033943861
1775066313111556600,304.242556640625,-0.1598060926832258,-0.0080845222562551,-0.0895915697284042
1775066313121596700,304.2525966796875,-0.061118923959881,0.0236035784274339,-0.0641279695827514
1775066313131635500,304.26263549804685,-0.0119650169514119,0.0350876799941062,-0.0549390297485515
1775066313141674500,304.2726745605469,0.0195298992477357,0.0662508800208568,-0.0250385066013783
1775066313151713300,304.28271337890624,0.0006090718090534,0.0602408259510993,0.0174678338850848
1775066313161752600,304.2927526855469,-0.0707879389286041,0.0373281523972749,0.0270909821517765
1775066313171792400,304.3027924804687,-0.0741183985255658,0.0053051206707954,0.042946795996651
1775066313181831700,304.31283178710936,-0.0741232208311557,0.0013157587736845,0.0577118919953703
1775066313191870500,304.3228703613281,-0.1007647056497633,-0.0269727625995874,0.0147337510123848
1775066313201909500,304.33290942382814,-0.1548563613213598,-0.0285696764022111,-0.0192693668817169
1775066313211948300,304.3429482421875,-0.0022458792306482,0.0063210197150707,-0.0287546410476788
1775066313221988400,304.35298828125,0.0656090749859809,-0.0158697693049907,-0.0049974794937297
1775066313232027600,304.3630275878906,-0.176568426913768,-0.009694295540452,-0.0108274642888456
1775066313242066400,304.37306640625,-0.1768133415855467,0.0110375268429517,-0.0279315428954549
1775066313252105500,304.38310546875,-0.058303720408678,-0.0015863924086093,0.0048527555271051
1775066313262144500,304.39314453125,-0.0226071147359907,-0.0309106865704059,0.0041555670431815
1775066313272184300,304.40318432617187,-0.0313141528047621,0.0030915362745523,0.0105016298679634
1775066313282223400,304.4132233886719,-0.0563560934722423,0.0101776951432228,0.0189416692973114
1775066313292262700,304.4232626953125,-0.065913026368618,-0.0036760581642389,0.0459688654978759
1775066313302301000,304.4333010253906,-0.0304090206585824,-0.0116676414400339,0.0357903301044367
1775066313312340000,304.44334008789065,-0.02633388017416,0.010526070189476,0.007007705071289
1775066313322379800,304.4533798828125,-0.0135704063214361,-0.0181786307692527,-0.0111906715780496
1775066313332418800,304.46341870117186,-0.0352257732905447,-0.0545920064091682,-0.0300386164436116
1775066313342458000,304.4734580078125,-0.0628502777971327,-0.0295353065639734,-0.0251055804882198
1775066313352497000,304.48349682617186,-0.0510405975379049,-0.0069382748305797,-0.0533347728896886
1775066313362536000,304.4935358886719,-0.0376582611344754,0.0008083937734365,-0.0587120089486241
1775066313372576000,304.5035759277344,-0.0379025912843644,0.0103512981444597,-0.0136305207445286
1775066313382614800,304.51361474609377,-0.0385853128515183,0.0332125337719917,0.0064614145664498
1775066313392653800,304.52365380859374,-0.0346865518473088,0.0324175840020179,0.009923062795028
1775066313402692900,304.53369287109376,-0.0300502703487873,0.0231733703166246,0.0090894249824807
1775066313412733000,304.5437329101562,-0.0505028373993933,0.0156353760272264,0.0261448238754644
1775066313422772000,304.55377197265625,-0.0526842730917036,0.0250859259396791,0.0130894544040784
1775066313432811000,304.5638110351563,-0.01028071712628,0.0188707046866416,0.0086797847356647
1775066313442849800,304.57384985351564,-0.0259970494352281,0.0189618901014328,-0.0109165490780957
1775066313452889000,304.5838891601563,-0.0627167145453393,0.001419219148159,-0.0188820663308724
1775066313462929000,304.5939289550781,-0.1023274249218404,-0.0104658644348382,-0.0325970870210789
1775066313472968000,304.6039680175781,-0.0870516759872436,0.0047960021048784,-0.0047302433922886
1775066313483007000,304.6140070800781,-0.0794866475604474,-0.0070446578145027,0.0103866982514038
1775066313493045800,304.6240456542969,-0.0472374058626592,-0.0131733698278665,0.0228588062084279
1775066313503084800,304.63408471679685,-0.0420715475320816,0.0004144260197877,0.0100900351260788
1775066313513124900,304.64412475585937,-0.0444786086738109,0.0233592482775449,-0.0336297910696826
1775066313523164000,304.6541638183594,0.0161702135562896,0.0291594589889049,-0.0372889346317388
1775066313533203000,304.66420288085936,0.0275650294043123,0.0103220720499753,-0.0404443847216665
1775066313543242000,304.6742419433594,-0.0025637130081653,0.032771804267168,-0.0376559778458438
1775066313553280800,304.68428076171875,-0.0050629824779927,0.051826633349061,-0.0495872021255083
1775066313563320800,304.69432080078127,-0.0046295594967901,0.012542086187005,2.1846505627e-05
1775066313573359900,304.70435986328124,-0.0534532116375863,0.0095639471590518,0.0099363058690913
1775066313583399000,304.71439892578127,-0.0905835033752024,0.0228501297116279,0.0077352886934764
1775066313593438000,304.72443798828124,-0.0785294929660856,-0.0070037412822246,0.0182150355231948
1775066313603477000,304.73447705078127,-0.0350853419065475,-0.0232446819871664,0.0091695775466039
1775066313613516800,304.7445168457031,0.0445545965194702,-0.0050362406015396,-0.0061869632729329
1775066313623555800,304.75455590820314,0.1096202122785151,-0.0054366380959749,0.0239603011769242
1775066313633595000,304.7645949707031,0.125340343979746,-0.0243920984566211,-0.0001324307406321
1775066313643634000,304.77463403320314,-0.0659093731068074,0.0077291329473257,-0.059261313394457
1775066313653673000,304.7846728515625,-0.1925799427770078,0.0367991600871086,-0.0934575609741732
1775066313663713000,304.79471313476563,0.0036145372353494,-0.0179787242829799,-0.0091686276985332
1775066313673751800,304.8047517089844,-0.0008837970972061,-0.0761339761316776,0.0824379533804021
1775066313683790800,304.81479077148435,-0.0919382789850234,-0.0109948567450046,0.0512751369461417
1775066313693830000,304.8248298339844,0.1375660576939582,0.0200508543819189,-0.0183088147538714
1775066313703869000,304.83486889648435,0.2033200941085815,0.0439922864615917,0.0177653737932443
1775066313713909000,304.84490893554687,-0.0197333128653466,0.113349315804243,0.0319435732821002
1775066313723948000,304.8549479980469,-0.1245836803935468,0.1390133338928222,-0.0134069776543416
1775066313733986800,304.86498681640626,-0.1040108479641377,0.0821025291472673,-0.0540249836435541
1775066313744025900,304.87502587890623,0.0533364533901214,0.0135287591367959,-0.0333253464967012
1775066313754066000,304.88506591796875,0.1021837786674499,-0.0228109667450189,-0.0068528981020674
1775066313764105000,304.8951049804688,-0.0122143155373632,-0.0120019879609346,-0.0057888673334382
1775066313774144000,304.90514404296874,-0.0853974790394306,0.0026572365105152,-0.0312092311255633
1775066313784182800,304.9151828613281,-0.0612741145215928,-0.033829204365611,0.0129164724573492
1775066313794221800,304.92522192382813,-0.0173018479347229,-0.0479003998160362,0.0852148159489035
1775066313804262000,304.93526196289065,0.0336285672269761,-0.0276391175538301,0.0429390510816127
1775066313814301000,304.9453010253906,-0.0141385615982115,0.0266419232100248,-0.0239622556719928
1775066313824340000,304.95534008789065,-0.0424666843295097,0.0770733028084039,-0.0813820511193014
1775066313834379000,304.96537890625,-0.0134730834268033,0.0625146161019802,-0.0892154481587
1775066313844417800,304.9754177246094,0.0145943425416946,0.0519593198180198,-0.0484526999365538
1775066313854457900,304.9854577636719,0.0371475351333618,0.0355383463710546,-0.0047952714525163
1775066313864497000,304.99549682617186,0.0396036961138248,0.0122591775923967,0.0237962149227038
1775066313874535700,305.0055356445313,-0.0139877549506723,0.0048000937581062,0.0371826977782882
1775066313884575000,305.01557495117186,-0.0285948108434677,0.0189981304585933,0.0444209784687496
1775066313894614000,305.0256140136719,-0.0285993408881127,0.0203133047103881,0.0288038504842668
1775066313904653800,305.03565380859374,-0.006428571742773,-0.0009422492861747,0.0357130818834528
1775066313914692900,305.04569287109376,0.0107658702947199,-0.029426000970602,0.0335691651899367
1775066313924732000,305.05573193359373,-0.017410715136677,0.0214782568365335,-0.0142639963424764
1775066313934771000,305.06577099609376,0.1652218341216444,0.0252355635434389,-0.0115013997613452
1775066313944810000,305.07581005859373,0.0548198238156735,0.0229763864398002,0.0311750183287076
1775066313954850000,305.08585009765625,-0.1133366024531424,0.0388631068795919,0.019191753334552
1775066313964888800,305.0958889160156,-0.0109644616067409,0.0239209738135337,-0.011061528773047
1775066313974928000,305.10592797851564,0.01948912884593,-0.0278413621276617,-0.0227549074425362
1775066313984967000,305.115966796875,0.0287175604403018,-0.0135796125411987,-0.0459083857486024
1775066313995006000,305.126005859375,0.014991671296209,0.0182353293925523,-0.0407931616267189
1775066314005046000,305.1360458984375,-0.0169734927631914,0.0313695362538099,-0.0107131537267938
1775066314015085000,305.1460849609375,-0.0188356333732604,0.0583212560653686,0.0727621068120934
1775066314025123800,305.1561237792969,0.038891894582659,0.068809332332015,0.0578150053099729
1775066314035163000,305.16616284179685,0.0389548768162727,0.0623977117240428,0.0163019684434868
1775066314045202000,305.1762019042969,0.017015286078304,0.0314174670487642,-0.007503617095761
1775066314055241700,305.1862416992187,-0.0072973174013197,-0.0137958856403827,-0.0463638744311407
1775066314065281000,305.19628100585936,0.0238330032691359,-0.0144260002374649,-0.0999477632436901
1775066314075320000,305.2063200683594,0.0180509127363562,-0.0130932903289794,-0.0796089770321734
1775066314085358800,305.21635888671875,0.0273860195755958,0.0016828385204076,-0.0168819237559102
1775066314095398000,305.2263979492187,0.0611817600630223,0.0074427172213792,-0.0034868009361438
1775066314105438000,305.23643798828124,0.0755856945991516,0.0039344168394804,0.0156962028363719
1775066314115476700,305.2464768066406,0.0268809926629066,0.0220960964739322,0.0241999368853867
1775066314125516000,305.25651611328124,-0.0023931787468492,0.0230418528914451,0.0310458207247778
1775066314135554800,305.2665549316406,-0.0115399234071373,0.022059271594882,0.0343557855229824
1775066314145593900,305.27659375,-0.0185284671202301,0.0207575413465499,0.0285241019611246
1775066314155634000,305.28663403320314,-0.0175159290768206,0.0132166244477033,0.0171242811444215
1775066314165673000,305.2966728515625,0.0010742051027715,-0.030904841351509,-0.007103347465489
1775066314175711700,305.30671166992187,0.0345006738863885,-0.0241734872698783,-0.0082895981079898
1775066314185751000,305.3167509765625,0.0352571913421154,0.0214525378733873,0.0033078276400454
1775066314195789800,305.32678979492186,0.0261691911317408,0.0437099623888731,0.0001861884881742
1775066314205830000,305.3368298339844,0.0558639260411262,0.0209013337314128,0.0043625791236758
1775066314215869000,305.34686889648435,0.0502303040683269,0.0170616094380617,-0.0068975226950831
1775066314225907700,305.35690771484377,0.035334348231554,0.0192383689552545,-0.0553919976804405
1775066314235947000,305.36694702148435,0.0195966808736324,0.0131371294707059,-0.0338071569305844
1775066314245986000,305.3769860839844,-0.0169594642378389,0.0231342073500156,-0.0026920703618787
1775066314256025900,305.38702587890623,-0.0208346982359886,0.0396732542186975,0.011676683263015
1775066314266065000,305.39706494140626,-0.0085819503843784,0.0193394912421703,0.0028111849632114
1775066314276104000,305.4071040039062,0.0059599313177168,0.0235258370161056,-0.0029089645155705
1775066314286142700,305.41714282226565,0.0266344705559313,0.0022767127603292,-0.0123387091020122
1775066314296182000,305.4271821289062,0.0391442619085311,0.0031827216893434,-0.0391647749735973
1775066314306222300,305.4372224121093,0.0302653744041919,0.0056733694612979,-0.0138147912702523
1775066314316261600,305.44726171875,0.0051508068919181,-0.0028618191719055,-0.0199778987435624
1775066314326300400,305.45730053710935,0.0065242872022092,-0.0047451487004756,-0.0210166672067716
1775066314336339500,305.4673393554688,0.0129366384625434,0.0017523966252803,0.0139003506618551
1775066314346378500,305.47737841796874,0.0675508567035198,-0.0023158757269382,0.0279762770863249
1775066314356418300,305.48741821289065,0.1440161106161773,0.0130921212852001,0.0048058293791487
1775066314366457300,305.4974572753906,-0.0477023930259048,0.0294599032402038,-0.0408401973725296
1775066314376496600,305.50749658203125,-0.1549123292922973,0.0599193389117717,-0.0596235891018994
1775066314386535400,305.5175354003906,0.0103995212003588,0.0291208805441856,-0.0078922693534754
1775066314396574500,305.52757446289064,0.0510109330520033,-0.0304150120079517,0.0173667846634052
1775066314406614500,305.5376145019531,-0.0912698782041668,0.0222182615488767,0.0495470162455923
1775066314416653300,305.5476533203125,0.0279416076317429,0.0584136105239391,0.0286575008161365
1775066314426692600,305.5576926269531,0.2109799612119793,0.046466567620635,0.0661644621127285
1775066314436731600,305.5677316894531,0.0891056859076023,0.0589747515380382,0.1037335653927177
1775066314446771500,305.577771484375,-0.0844786106288433,0.0866968712002038,0.0406170378748327
1775066314456810500,305.587810546875,-0.1266151862211525,0.0909007526308298,-0.0525552946834824
1775066314466849500,305.597849609375,0.0092930212631821,0.0199152453035116,-0.0903417670411989
1775066314476888300,305.6078884277344,0.0921910847023129,-0.034952070915699,-0.0604513634292408
1775066314486927600,305.617927734375,0.0416354942023754,-0.0454307948321104,-0.0534646828796714
1775066314496967700,305.6279677734375,-0.0273955180563032,-0.0096545480519533,-0.0654431438345462
1775066314507006500,305.63800634765624,-0.0254079975008964,0.0098871877640485,-0.0233857344256713
1775066314517045500,305.64804541015627,0.0066810851991176,0.0025981997996568,0.0440357602771371
1775066314527084500,305.65808447265624,0.0468318938016891,0.0329413156151771,0.0738699219235219
1775066314537123300,305.6681232910156,0.0432343077011406,0.0627905104339122,0.0049226789581589
1775066314547163400,305.6781633300781,-0.0032619244053959,0.0625309827148914,-0.031981622003857
1775066314557202700,305.6882026367188,-0.0342436303853988,0.0301087225377559,-0.0842659725251607
1775066314567241500,305.6982414550781,-0.008483750706911,0.011162030005455,-0.0621051767845638
1775066314577280500,305.70828051757815,-0.0095379359349608,0.0026502222478389,-0.0071564658922143
1775066314587319300,305.7183193359375,-0.0097425185963511,-0.0281289468973875,-0.0103418909952975
1775066314597358600,305.72835864257814,-0.0145547411836683,-0.0290320332169532,0.0053929085521027
1775066314607398400,305.7383984375,0.0357094651542603,-0.0014712415963411,0.0106328550321981
1775066314617437700,305.74843774414063,0.0338167832754552,0.0118225397408008,0.0259754221253097
1775066314627476500,305.7584765625,0.0578925092592835,0.0155430215686559,0.0403200824885629
1775066314637515500,305.768515625,0.0008501870885491,0.0154307933658361,0.0245181907880119
1775066314647555600,305.7785556640625,-0.0178187114156782,0.0275695594489574,-0.0091152170108631
1775066314657594400,305.7885944824219,0.090702599710226,0.015977321332693,-0.0106864301166497
1775066314667633400,305.79863330078126,-0.1120072535455226,0.0113607674479484,-0.014837083522696
1775066314677672400,305.80867236328123,-0.2150947030544281,0.0183785372555255,-0.0235112239688634
1775066314687711500,305.81871142578126,-0.121700964564085,0.0287099616557359,-0.0438986350950785
1775066314697751600,305.8287514648438,0.0094189857304096,0.0228273333579301,-0.076035338062793
1775066314707790300,305.83879028320314,0.0684244246676564,0.0237719207316637,-0.069719779974129
1775066314717829400,305.8488293457031,0.0377557301595807,0.0430775097042322,0.0024868483796715
1775066314727868700,305.85886865234374,0.0393907840155065,0.0244295078575611,0.0724671241872012
1775066314737907500,305.8689074707031,0.0284355286285281,-0.0077244567722082,0.0657057585597969
1775066314747947500,305.8789475097656,-0.0090761636421084,-0.0034176994889974,0.0813278184477239
1775066314757986600,305.88898657226565,-0.066250587759912,-0.0012456161469221,0.0255280619502998
1775066314768025300,305.899025390625,-0.0494049591600894,-0.0161935944318771,-0.0273615792540833
1775066314778064400,305.909064453125,0.0115022217452526,-0.0091840079307556,-0.0631901407433673
1775066314788103700,305.9191037597656,0.0158402509495615,-0.0059714756250381,-0.0598421089570969
1775066314798143500,305.9291435546875,-0.0089561905242502,-0.0130149643957614,-0.0408030254336074
1775066314808182500,305.9391826171875,-0.0341594592332839,0.0137035311818122,0.0189559535509906
1775066314818221600,305.9492216796875,-0.0369641413904726,0.0310766907870769,0.0621866079903207
1775066314828260400,305.9592602539062,-0.0391080215513706,0.0363169295281171,0.0666215947630815
1775066314838299400,305.96929931640625,-0.0068611179411411,0.0316448460638523,0.0859642460767179
1775066314848339500,305.9793393554688,-0.0045920039653778,0.0403682507455348,0.0619819522636942
1775066314858378500,305.98937841796874,-0.0499567478239536,0.0314788418471813,0.0374277768468484
1775066314868417500,305.9994174804688,-0.0448339979827403,0.0107183778911829,0.0172428294901736
1775066314878456600,306.00945654296873,0.0186205293178558,-0.0213590143710374,0.0261279458058997
1775066314888495400,306.0194953613281,0.0408029889009892,-0.0090741178154945,0.0366491754234768
1775066314898535400,306.0295354003906,0.0345712549045681,-0.0286012405842542,0.0302999159946106
1775066314908574500,306.03957446289064,0.0447501190915703,-0.0103425303161144,0.0109843718836084
1775066314918613500,306.0496135253906,0.0370107570111751,0.0304044906139373,0.0183584625818766
1775066314928652500,306.05965258789064,0.0265478151857852,0.0331359614044427,0.0052627611001022
1775066314938691300,306.06969140625,0.0608361614957451,0.0432850149750709,0.029850199465733
1775066314948731400,306.0797314453125,0.0422927890673279,0.0320931743532419,0.038084048798494
1775066314958770400,306.0897705078125,-0.0037587680116295,0.02308861464262,0.0157338862319476
1775066314968809700,306.0998098144531,-0.024756986246258,0.0424947413802146,-0.0107172453800216
1775066314978848500,306.1098486328125,0.0545160185635089,0.0450537782132625,-0.017059983736556
1775066314988887600,306.11988745117185,0.0826793061219155,-0.0172556707054376,-0.0302683700788766
1775066314998927600,306.129927734375,0.0475017558872699,-0.0234615396082401,-0.0552146866184659
1775066315008966400,306.1399663085937,0.020119535703957,-0.0066787471115589,-0.0405158059900626
1775066315019005400,306.15000537109376,0.004800386019051,-0.009811784440279,-0.0336478747156448
1775066315029044500,306.1600444335937,-0.0238274503111839,-0.0126098907262086,-0.0085079170337878
1775066315039083500,306.1700834960937,-0.050765433858335,-0.0063666124224662,-0.0153125007484108
1775066315049123600,306.18012353515627,-0.0668736880943179,0.0146101246327161,-0.0072407101095654
1775066315059162400,306.19016235351563,-0.044878567776829,0.0275011703878641,0.0322940306875854
1775066315069201400,306.2002014160156,0.0153542209982872,0.0547492427974939,0.0499979200845584
1775066315079240400,306.21024047851563,0.1127683010458946,0.0771340930849313,0.030531569326017
1775066315089279500,306.2202795410156,0.0497121254131197,0.0616144523918628,-0.0337288492636755
1775066315099319600,306.2303195800781,-0.1757682164467871,0.0985427918165922,-0.0621977687051519
1775066315109358600,306.24035864257814,-0.1453251473881304,0.0862608178704977,-0.0192887109030038
1775066315119397400,306.2503974609375,0.03180763541013,0.0301893865585327,0.0482400253002531
1775066315129436400,306.2604365234375,0.0211561852753162,0.0120090022236108,0.0491090814860537
1775066315139475700,306.2704758300781,-0.0367044675409793,0.0111205289512872,0.0010757394727319
1775066315149515300,306.28051538085936,0.0551624997735023,0.0190536600381135,-0.0107674594636075
1775066315159554600,306.2905544433594,-0.01913490858078,0.0935258404374122,0.0261385037325322
1775066315169593600,306.3005935058593,-0.1546899187132716,0.180424371689558,-0.014484269763343
1775066315179632400,306.3106323242188,-0.0520665795847773,0.1377805772274732,-0.0431749239304102
1775066315189671400,306.32067138671874,0.1126549037992954,0.0895528451532125,-0.0100250983973965
1775066315199711500,306.33071142578126,0.2225429732337593,0.0364168827712535,-0.0245631807072088
1775066315209750500,306.34075048828123,0.1473956700518727,0.0439624758452177,-0.0483381701787933
1775066315219789600,306.35078955078126,-0.0390036843940615,0.0910866305917501,-0.0730371791601181
1775066315229828600,306.3608286132812,-0.1315606797993183,0.0484866752713918,-0.0688620306336321
1775066315239867400,306.37086743164065,-0.0860451292932033,-0.029446459236741,0.0242883823538199
1775066315249907500,306.3809074707031,-0.0455892002642154,-0.0571083731442689,0.0548842856203205
1775066315259946500,306.39094653320313,-0.066410016105324,-0.0129033207148313,0.0026196444464847
1775066315269985500,306.4009855957031,-0.0741185446560382,0.0145300451338291,-0.0792210554268211
1775066315280024600,306.41102465820313,-0.0319955591976642,0.056688686427474,-0.0883192665039561
1775066315290063400,306.4210634765625,0.0362932563915848,0.0571574729830026,-0.0825533781873062
1775066315300103200,306.4311032714844,0.078762863330543,0.0604255348682403,-0.0579928095622919
1775066315310142000,306.4411418457031,0.0823395527735352,0.0685801997512579,-0.0463862141271121
1775066315320181200,306.45118115234374,0.0570890839219093,0.0295218625605106,-0.0085852383200079
1775066315330220300,306.46122021484376,-0.0037464930519461,0.0053705871224403,0.034456158891227
1775066315340259000,306.4712590332031,-0.0244689630851149,0.0016863456517457,0.0319501126207411
1775066315350299100,306.48129907226564,-0.036727556155622,-0.0005827683240175,0.0114697077151387
1775066315360338200,306.4913381347656,-0.1111620348930358,-0.038691257444024,-0.0437627337557263
1775066315370377000,306.501376953125,-0.0643009149968624,-0.0193669637709856,-0.019660302428063
1775066315380416300,306.5114162597656,0.2165972165718674,-0.0129950906515121,-0.0177917503435164
1775066315390455300,306.52145532226564,0.0476312274858355,0.001018237131834,0.0269182924659922
1775066315400495000,306.5314951171875,-0.1213093348979949,0.0418500137358903,0.0127809729767963
1775066315410534100,306.5415341796875,-0.0532543280646204,0.034942718565464,-0.0173426366028375
1775066315420573200,306.5515732421875,0.0470762239515781,0.0147720371961593,-0.0228527417938224
1775066315430612000,306.56161206054685,0.0491457237020134,0.0387508786767721,-0.0214750236998312
1775066315440651300,306.5716513671875,0.006413666434586,0.0239291571199893,-0.0378279003466479
1775066315450691300,306.58169140625,0.0094859134867787,0.0383200860440731,0.0226107497314922
1775066315460730000,306.59173022460936,0.0028863690912723,0.0090232644110918,0.0659290276553481
1775066315470769200,306.6017690429687,0.017061024916172,0.0137771809399127,0.043431309844274
1775066315480808200,306.61180810546875,0.0389104531526565,0.0371235697358846,0.0171950448256917
1775066315490847200,306.6218471679687,0.020110183353722,0.0302922624111175,-0.034814507342223
1775066315500887000,306.63188696289063,0.0014253566280007,0.0216857621073722,-0.0565315231043845
1775066315510926300,306.64192626953127,0.0060590077780187,-0.0241577051788568,-0.02629820607258
1775066315520965000,306.65196508789063,-0.0091708561882376,-0.0032546178817749,-0.0192205775702372
1775066315531004200,306.6620041503906,-0.0271019419372081,0.0050245501637458,-0.0213189015563577
1775066315541043000,306.67204296875,-0.0129613345123827,0.0032294834405183,8.30934398807e-05
1775066315551083000,306.6820830078125,0.0276221664190292,0.0153740947425365,0.0101667536241002
1775066315561122300,306.6921223144531,0.0401145682454109,0.0414139604061842,0.029297442687489
1775066315571161300,306.70216137695314,0.0359806833110749,0.075167176926136,0.0505716100529767
1775066315581200100,306.7122001953125,0.0032183775246143,0.0374684376507997,0.0403558661879971
1775066315591239200,306.7222392578125,0.0069534723997116,0.0141378309458494,0.0156538980646058
1775066315601279200,306.732279296875,0.0031119945406913,0.0035983167529106,-0.0106512126727961
1775066315611318000,306.74231811523435,-0.0055355684258043,0.0162760120183229,-0.0213555803049355
1775066315621357300,306.752357421875,0.0388812270581722,-0.0127700497239828,0.0005658902544528
1775066315631396000,306.76239599609374,0.0857072756409645,-0.003806406545639,0.0102961338911205
1775066315641435100,306.77243505859377,0.0815142078652977,0.017667174115777,0.0114534507000818
1775066315651475200,306.78247509765623,0.0594753945365548,0.0312912103205919,-0.0162166099812835
1775066315661514000,306.79251391601565,0.0349133463405072,0.0418330626010894,0.029768749993667
1775066315671553000,306.8025529785156,-0.0001756488278508,0.03431611109972,0.0012594254765659
1775066315681592300,306.81259228515626,0.0165352474763989,0.0190817170888185,-0.0116120387952774
1775066315691631000,306.8226311035156,0.0052957683205604,0.0236374806970357,-0.0316325893704779
1775066315701671200,306.83267114257814,0.0002909457705914,0.0245949275523424,-0.0279120162110775
1775066315711710200,306.8427102050781,0.018194997382164,0.0183148243695497,-0.0317699520145542
1775066315721749000,306.8527490234375,0.0258686007499694,0.0243850841939449,-0.0593685548949055
1775066315731788000,306.8627880859375,0.0392388083241879,0.0400625457972288,-0.0387560115096159
1775066315741827300,306.87282739257813,0.0243967746317386,0.0197533327400684,-0.0147902487062849
1775066315751867100,306.8828671875,0.0015597966626286,0.0114262338995933,-0.0034411534298211
1775066315761906200,306.89290625,-0.0059995326757431,-0.0022223522245883,-0.0331635800637304
1775066315771945200,306.9029453125,0.0009536474630236,-0.0118313075691461,-0.0099999091572128
1775066315781984000,306.91298388671873,0.0318166954994201,-0.0039367549270391,0.0229440002738498
1775066315792023300,306.92302319335937,0.0736202397450804,-0.0141740713030099,0.0426697508872486
1775066315802063000,306.9330629882812,0.1694223545514047,0.0100637133747339,0.0329682401547208
1775066315812102100,306.94310205078125,0.0878803818963468,-0.0062567223072052,-0.0516739270053803
1775066315822141200,306.9531411132813,-0.2106279329039156,0.0542255111843347,-0.1055732384426519
1775066315832180200,306.96318017578125,-0.124088151961565,0.0664729983389377,-0.0859996827162802
1775066315842219000,306.9732189941406,0.105132107079029,0.0032850130200386,0.0073601352381519
1775066315852259000,306.9832590332031,0.0235842892050743,0.0099812957882881,0.0814358819320797
1775066315862298400,306.99329833984376,0.0542927312016487,0.0502630372941493,0.0677728288911283
1775066315872337200,307.0033371582031,0.173493987904489,0.0676619158625602,0.0275239302089437
1775066315882376200,307.01337622070315,0.0597241086006164,0.0638134237408638,0.0415402719332836
1775066315892415000,307.0234150390625,-0.1388110893189907,0.1107616373986005,-0.0099626458867453
1775066315902455000,307.033455078125,-0.1530380598530173,0.0786848296582698,-0.0146053571260534
1775066315912494000,307.043494140625,-0.0291474762901663,0.000635959815979,-0.0386746716354042
1775066315922533400,307.05353344726564,0.099490594060719,-0.0323813436448574,-0.0339346192351542
1775066315932572200,307.063572265625,0.0834685568034648,-0.002034720697999,-0.0060809090825729
1775066315942611200,307.0736110839844,-0.0485809294261038,0.0280903684526681,-0.0282852517039515
1775066315952651300,307.0836513671875,-0.1037877067327499,0.0235994867742061,8.94866480492e-05
1775066315962690000,307.09368994140624,-0.0463137151464819,-0.010399228939414,0.0197205264490097
1775066315972729000,307.10372900390627,0.0428001540675759,-0.0226642517507076,0.0631653168293647
1775066315982768000,307.11376806640624,0.0317360314786434,-0.006182488027215,0.0175886289868503
1775066315992807200,307.12380712890626,-0.027236381971836,0.0208925659030675,-0.0062868982497602
1775066316002847200,307.1338471679687,-0.0396434436023235,0.0383417133539915,-0.0158318301810883
1775066316012886000,307.14388598632814,-0.0096903500176966,0.0514905332624912,-0.0220956032835878
1775066316022925000,307.1539250488281,0.04391615248546,0.0337251594692468,0.0295166566624306
1775066316032964400,307.16396435546875,0.0399836353421211,0.0184907654583454,0.0762469715194776
1775066316043003100,307.1740031738281,-0.0119594639934599,0.0093675478041172,0.0684037289394997
1775066316053043200,307.18404321289063,-0.0174305888809263,-0.0244826993495225,0.0786163492656312
1775066316063082200,307.1940822753906,-0.01782002658993,-0.0279278713673353,0.0797413895064964
1775066316073121000,307.20412109375,0.0180674254797399,-0.0176285956710577,0.068755976443272
1775066316083160000,307.21416015625,-0.0093441669285297,-0.0292097278714179,0.0983761300127953
1775066316093199400,307.2241994628906,-0.096767598837614,0.0063759647727012,0.0536244400186464
1775066316103239200,307.2342392578125,0.0632350393310189,0.0121978027939796,0.0504600577035918
1775066316113278200,307.2442783203125,0.0504515456035733,-0.0057353287816047,0.0598035670449957
1775066316123317200,307.25431713867187,-0.1673883645057678,0.0470709632545709,0.0546940602778457
1775066316133356000,307.2643559570312,-0.0702627460107207,0.0648287382632493,0.0076729092480614
1775066316143395000,307.27439501953126,0.0253739491008222,0.0602016629844903,-0.0158365428888238
1775066316153435100,307.2844350585938,0.0726794517636299,0.0401250896394252,-0.0299459149251692
1775066316163474200,307.29447412109374,0.0703437022924423,0.0182902744501829,-0.0326747188345529
1775066316173513200,307.30451318359377,-0.0260663152791559,0.0039168811827898,-0.0153005363159812
1775066316183552300,307.31455224609374,-0.0555459461331367,-0.0115279407083988,0.0328960334350354
1775066316193591000,307.3245910644531,-0.0250175368785858,0.0104915833979845,0.0396107469091191
1775066316203631000,307.3346311035156,-0.0338463016308844,0.0277180280089378,0.0365245626631192
1775066316213670100,307.34467016601565,-0.0758487294495105,0.0016202946782112,0.0105670597869902
1775066316223709200,307.3547092285156,-0.0407034740492701,0.0034364041894674,-0.0305987162780947
1775066316233748200,307.36474829101564,-0.0201470082327723,-0.0069949734538793,-0.0762537848527543
1775066316243787000,307.374787109375,0.0062052843809127,-0.0164747494608163,-0.0770478395735844
1775066316253827000,307.3848271484375,0.000592997457087,0.0019160627543926,-0.028483002765756
1775066316263866000,307.3948662109375,-0.031899843738228,-0.0024573300242424,0.0079084533032961
1775066316273905200,307.4049052734375,-0.0146191847220063,0.0121592243492603,0.0014928506399504
1775066316283944200,307.4149440917969,-0.0168351072058081,0.0095317984551191,0.0174064590866677
1775066316293983200,307.42498315429685,-0.0402662516757845,0.0008943184912204,0.0244654376874677
1775066316304023300,307.43502319335937,-0.0507139959320425,0.0297772986263036,0.0124394660627469
1775066316314062000,307.44506201171873,-0.0346618557974696,0.0250204594880342,0.0027622495212592
1775066316324101000,307.4551010742188,-0.0308745923437178,0.0084434186965227,-0.0142226414187811
1775066316334140200,307.4651401367188,-0.0298152925491332,0.0209802441865205,0.0280335236988961
1775066316344179200,307.4751791992188,-0.0178583127737045,-0.0075175360232591,0.0294543320159427
1775066316354219300,307.4852192382813,-0.0579062455236911,-0.0158288527727127,0.0021166816267184
1775066316364258000,307.49525805664064,-0.0608566197618842,-0.005018704944849,0.0206648032954894
1775066316374297000,307.5052971191406,-0.0436366048917174,0.0025771570116281,0.0513100255964323
1775066316384336100,307.51533618164063,-0.0084729370519518,-0.0014776713371276,0.0378598481211811
1775066316394375200,307.5253752441406,0.0075590370774269,0.0246066179901361,0.0328371063220314
1775066316404415200,307.5354152832031,0.0214043148174881,0.0180471133440732,0.0095380820654332
1775066316414454300,307.54545434570315,-0.0179065358296036,0.0247808055132627,-0.0027338088780641
1775066316424493000,307.5554931640625,-0.0557354773558676,0.0256710323512554,-0.0258676509018987
1775066316434532000,307.5655319824219,-0.0234279295995831,0.0238192670047283,0.0167340031852014
1775066316444571100,307.5755710449219,-0.0276888019144535,0.0276139831125736,0.0337402109079062
1775066316454611000,307.5856108398437,-0.0659901832580566,0.0405552977502346,0.0231507748923264
1775066316464650200,307.5956501464844,-0.054320934382826,0.0286304666787385,-0.0047093102021142
1775066316474689300,307.6056892089844,-0.0306461904153227,0.015007599517703,-0.0016207878685556
1775066316484728000,307.6157280273438,-0.0474210918664932,-0.0444762705862522,0.053712008704245
1775066316494767000,307.62576708984375,-0.0602807195700705,-0.0314712430626153,0.0182266711620613
1775066316504807200,307.63580712890627,-0.0461231610104441,-0.02032850227952,-0.0207644642776809
1775066316514846200,307.64584619140624,-0.0538330047354102,-0.0341711496710777,0.0237656188550405
1775066316524885200,307.65588525390626,-0.0877846664369106,-0.0511246225595474,0.0342210349611006
1775066316534924300,307.66592431640623,-0.0334042569518089,-0.0397252766668796,0.0594901537142694
1775066316544963000,307.67596313476565,0.1035818088971078,-0.0064917001068592,0.1224375352103263
1775066316555003100,307.6860031738281,0.0688049484178423,-0.0075263038516044,0.0785463162367232
1775066316565042200,307.69604223632814,-0.1956874072730541,0.018293781581521,-0.0128291777663864
1775066316575081200,307.7060812988281,-0.1916226420521736,0.0571282468885183,-0.0289891987222246
1775066316585120300,307.71612036132814,0.0187529235258698,0.017599954098463,0.052077557636518
1775066316595159000,307.7261589355469,-0.024535890841484,0.0062280807346105,0.07667442141762
1775066316605199000,307.73619921875,-0.0505063445307314,0.0474625929206609,0.0440955093740485
1775066316615238100,307.7462380371094,0.1123965451240539,0.0435392819970846,0.0380388579498976
1775066316625277000,307.75627685546874,0.0502541233353316,0.0439864412426948,0.0986308719588443
1775066316635316200,307.7663161621094,-0.1510085998520255,0.0304717106312513,0.1150559005264192
1775066316645355300,307.77635522460935,-0.2335278931066393,0.0417769484996795,0.0562094880757853
1775066316655395300,307.78639526367186,-0.0594717412747442,-0.0035842882275581,-0.0285165397091768
1775066316665434000,307.7964340820312,0.1148819321990013,-0.048950785651803,0.0127607339063659
1775066316675473200,307.80647314453125,0.0906660670921206,-0.0475689759045839,0.0300266885438002
1775066316685512200,307.8165122070312,-0.0641806496180593,0.0267839620292186,-0.0206950157706625
1775066316695551200,307.82655126953125,-0.0912859525561332,0.0228401928395032,-0.0119667157181538
1775066316705591300,307.83659130859377,-0.0183154088914394,-0.0189186354815959,0.0496868813740089
1775066316715630000,307.8466301269532,0.0552189061358571,-0.0299064779639244,0.1386778913933783
1775066316725669000,307.8566691894531,0.0273699452236294,0.0075064301073551,0.0650768495391123
1775066316735708200,307.8667082519531,-0.0894555222585797,0.0488899953752756,-0.0504950924843549
1775066316745747200,307.8767473144531,-0.1461773803032934,0.0587350975632667,-0.0633500257465057
1775066316755787000,307.886787109375,-0.0767699359476566,0.0207563723027706,-0.0059566433820873
1775066316765826300,307.89682641601564,0.0401823727846145,-0.0108265144407749,0.0128037875968031
1775066316775865000,307.9068649902344,0.0644201574623584,-0.0234194540321826,0.0081622088686563
1775066316785904000,307.9169040527344,0.0196902043759822,-0.0341179581791162,0.0285203391014598
1775066316795943200,307.9269431152344,0.0045566403910517,-0.0661515112996101,0.069542688107863
1775066316805983000,307.93698291015625,-0.0031412206351757,-0.0565980855345726,0.0925918292566202
1775066316816022300,307.9470222167969,0.003274783886969,-0.0397983419030904,0.0588453895373269
1775066316826061300,307.95706127929685,-0.0019987726017832,-0.040724224576354,0.0351543337558396
1775066316836100000,307.96710009765627,-0.0977649393118917,-0.0359235462963581,0.0027720950618386
1775066316846139100,307.97713916015624,0.050183542317152,0.0142629186302423,0.0027849362771026
1775066316856179200,307.9871791992188,0.1067487484954297,-0.0001613280415534,0.0197423546883277
1775066316866218000,307.9972180175781,-0.1226081425368785,0.0329161811739206,0.0112206648575142
1775066316876257300,308.0072573242188,-0.0585632481276988,0.0600625467747449,-0.0252424316756427
1775066316886296300,308.0172963867187,0.063359834754467,0.0331236864447593,-0.0168012962677516
1775066316896335000,308.02733520507815,0.1087174182198941,-0.0078144731432199,-0.0438593990632332
1775066316906375200,308.0373752441406,0.0712079179063439,-0.0012269114464521,-0.0462005736282095
1775066316916414200,308.04741430664063,0.0102165658488869,0.0111988548845052,-0.0389100878264755
1775066316926453000,308.0574528808594,0.0019876666858792,0.0073848495543003,0.0156038849104195
1775066316936492300,308.0674921875,-0.0155772160992026,0.0019341829329729,0.076629029639624
1775066316946531000,308.0775310058594,0.0096460724845528,0.0121335053861141,0.027860541752167
1775066316956571100,308.0875710449219,0.016734569440782,0.0074883099287748,-0.0596020896561443
1775066316966610200,308.0976101074219,-0.0007446808874607,-9.11854147911e-05,-0.0912957432977855
1775066316976649000,308.10764892578123,-0.0203971836015582,0.0143967741429805,-0.0737224945431575
1775066316986688300,308.11768823242187,-0.0310740604385733,0.0287093771338462,-0.0640325098516419
1775066316996727300,308.1277272949219,0.0341745106719434,0.0225929400801658,-0.0798636824456043
1775066317006767400,308.1377673339844,0.0420262470856308,0.0207096105515956,-0.006104162093997
1775066317016806100,308.1478061523438,0.0456385923638939,0.0450350735127925,0.0220450969390571
1775066317026845200,308.15784521484375,0.0075616674259304,0.0670984367609024,0.0256823209302499
1775066317036884000,308.1678840332031,0.0059890112817287,0.0539636453777551,0.019522391794715
1775066317046923300,308.17792333984374,-0.0045005262896418,0.0555307485640048,0.0116284419408068
1775066317056963300,308.18796337890626,0.0186570619359612,0.0549140779703855,0.0204001244773156
1775066317067002000,308.1980021972656,0.0161998780421912,0.0320545959085226,-0.0122239601485431
1775066317077041200,308.20804125976565,-0.0089516604796051,0.0423041872441768,-0.0151118088108487
1775066317087080200,308.218080078125,-0.0039303251862525,0.02847849098742,0.0205917380592785
1775066317097119000,308.2281188964844,-0.0066135729208588,0.0118248778283596,0.007649181312602
1775066317107159000,308.2381589355469,0.027803368204832,0.0118722241014242,-0.0486168227233923
1775066317117198300,308.2481982421875,0.0588718756854534,0.0084095164269208,-0.0439205911985598
1775066317127237000,308.2582370605469,0.0113163437843322,-0.001499298647046,-0.0240159951532259
1775066317137276200,308.26827612304686,-0.0173228907227516,0.0075444240301847,-0.0297189743014983
1775066317147315200,308.2783151855469,-0.0264461083769798,-0.0057616322666406,-0.0128100346744991
1775066317157355000,308.28835498046874,-0.0327940160989761,-0.0088221888810396,-0.0163692067271098
1775066317167394000,308.2983940429688,0.0027880232833325,0.0115916535943746,-0.0224846026011742
1775066317177433300,308.3084333496094,0.0276759424328804,0.0204705410987138,-0.0378230597747489
1775066317187472100,308.3184721679688,0.0277592368021607,0.0399433033317327,-0.0460696589912287
1775066317197511200,308.32851123046873,0.0467632124796509,0.0693137747228145,-0.0354999140568077
1775066317207551200,308.33855126953125,0.0619977526210248,0.0694523064106702,-0.0260577483802102
1775066317217590000,308.3485900878906,0.0473801753342151,0.0641658904403448,-0.0288237424948252
1775066317227629300,308.35862939453125,0.0164870244204998,0.0509551112115383,-0.014375804420188
1775066317237668000,308.3686682128906,-0.0158653853908181,0.045800797188282,-0.0137831357566639
1775066317247707100,308.37870703125,-0.0158648008689284,0.0279968449503183,-0.0349761459110304
1775066317257747200,308.3887473144531,0.0028711715221405,0.0046259062349796,0.0089406458952464
1775066317267786200,308.3987861328125,-0.0120703770220279,0.0131260235548019,0.0081208174123428
1775066317277825000,308.4088249511719,0.0028751170448958,0.0162333419203758,-0.0250587639381177
1775066317287864300,308.4188642578125,0.0502864181697368,0.0349088162958622,0.0174731493810191
1775066317297903000,308.4289030761719,0.1082207207441329,0.0395873295009136,0.0408083774621598
1775066317307943200,308.4389431152344,0.1204290449321269,-0.0024146599262952,0.0062666957119479
1775066317317982200,308.4489821777344,-0.0655190586149692,0.0004570961177349,-0.053277033086773
1775066317328021000,308.4590209960937,-0.2195604502916336,0.0039916999846696,-0.0832068005947396
1775066317338060000,308.4690600585937,-0.0630373248018324,-0.0129851537793874,-0.0023680077729746
1775066317348099300,308.4790993652344,0.060004679107666,-0.0275333190917968,0.0924072299373336
1775066317358139100,308.48913916015624,-0.0321430048443377,0.0071451955795288,0.0804362947017885
1775066317368178200,308.49917822265627,0.044431846922636,0.0457739091813564,-0.0249915987197309
1775066317378217200,308.50921728515624,0.1818506051003932,0.0437853657126426,-0.0390653149208053
1775066317388256000,308.5192561035156,-0.0542108981370925,0.0810498052239418,-0.0107899635563604
1775066317398295000,308.529294921875,-0.2012868347153067,0.1196674129098653,-0.0269420021351426
1775066317408335000,308.53933520507815,-0.0494154805541038,0.0681447309434413,-0.0695754395999945
1775066317418374100,308.5493740234375,0.1636974010333418,0.0115793786346912,-0.0281815904000774
1775066317428413200,308.5594130859375,0.1836845425292849,0.0041442601978778,0.0775974180140532
1775066317438452200,308.5694521484375,0.0291194192394614,0.0238426478803157,0.0122292939107865
1775066317448491000,308.57949096679687,-0.0830357183441519,0.0405897845417261,-0.0423276411850005
1775066317458531000,308.5895310058594,-0.0537710454151034,0.0016460136413574,-0.0017188596818596
1775066317468570000,308.59957006835936,0.0308940276965498,-0.0427332263112068,0.0476087599257007
1775066317478609200,308.6096091308594,0.0416039300203323,-0.0393885920584201,0.0393778332023881
1775066317488648200,308.6196481933593,-0.0401871950902044,0.0245136790096759,0.0021409210188314
1775066317498687200,308.6296872558594,-0.0748924516379833,0.0400070162177085,-0.0469472455433569
1775066317508726000,308.63972607421874,-0.0460696772575378,0.0262988088607788,-0.0714344384049065
1775066317518766000,308.64976611328126,-0.0149769121184945,0.0147714526742696,-0.0584169167258776
1775066317528805400,308.6598054199219,0.0194141639135777,0.0055512043863534,-0.0329542298956774
1775066317538844200,308.66984423828126,0.0276465702079236,0.0018178630769252,-0.0176757592810317
1775066317548883200,308.6798833007812,0.0376364876940846,0.0132552028924226,0.0265037751146592
1775066317558922000,308.689921875,0.0148071085095405,0.0303992299169302,0.0681494253848679
1775066317568962000,308.6999621582031,0.0291360781133174,0.0092214173316955,0.0680929459572769
1775066317579001000,308.7100009765625,0.0002361468434333,-0.0045674540460109,0.0313176782024092
1775066317589040000,308.7200400390625,-0.1010252562820911,0.0222971720039844,0.0022081045035272
1775066317599079200,308.7300791015625,0.0611564794912934,0.0305856923997402,0.0118282753618434
1775066317609118200,308.7401181640625,0.1102875901460647,-0.0106996731907129,0.0437534362044185
1775066317619158300,308.750158203125,-0.1744327300593257,0.0115372930586338,0.026751849857904
1775066317629197000,308.7601970214844,-0.1462614053249359,0.0334147783458232,-0.0231553962685167
1775066317639236000,308.7702360839844,0.0175789113104343,0.0304161810517311,-0.0074384977039881
1775066317649275100,308.7802751464844,0.0859472218766808,0.031216391518712,0.0136068293416872
1775066317659314200,308.7903142089844,0.0085199910640716,0.0603209054499864,0.0172545199279673
1775066317669354200,308.80035424804686,-0.0370163099691271,0.0517173277556896,0.0456011281640268
1775066317679393000,308.8103930664063,0.0322132936015725,0.0351554845333099,0.0810698981638997
1775066317689432000,308.82043212890625,0.0879518396973609,0.0169195706188678,0.0691576160467229
1775066317699471400,308.8304714355469,0.0397112481415271,0.0091372461795806,0.040652839840576
1775066317709510100,308.84051025390625,-0.0172469028770923,0.0231283621311187,-0.0214358607332222
1775066317719550200,308.8505502929688,-0.0395098803505301,0.0725526105135679,-0.063787175054755
1775066317729589200,308.86058935546873,-0.0375936714656651,0.0500713141143321,-0.0502042745779268
1775066317739628000,308.8706279296875,-0.0308418591178953,0.0348474414974451,-0.0556091840950772
1775066317749667000,308.8806669921875,-0.0130246090069413,0.0522714545071125,-0.0213622475077398
1775066317759706400,308.8907062988281,0.0140913614556193,0.0565975010126829,-0.0096584022431634
1775066317769746200,308.90074609375,0.0124503162503242,0.0582563741356134,0.0105419618783518
1775066317779785200,308.91078515625,0.0085819503843784,0.0471463665783405,0.0340077210039831
1775066317789824300,308.92082421875,0.008291735266149,0.0344844534039497,0.0679634195597842
1775066317799863000,308.93086303710936,-0.0116097737729549,0.0150841718852519,0.0267617136647924
1775066317809902000,308.9409020996094,-0.0022445640563964,0.0232663092970848,0.0401525256356224
1775066317819942100,308.95094213867185,-0.029522008690983,0.0354898310542106,0.019964966196753
1775066317829981200,308.9609812011719,-0.0433092726334929,0.0356523281395435,0.0063749966583214
1775066317840020200,308.9710202636719,-0.0469566892251372,0.0471171404838562,0.0122906687092036
1775066317850059300,308.9810593261719,-0.0206496970579028,0.054782560545206,0.0093215897705405
1775066317860098000,308.99109814453124,-0.0095472882851958,0.0387011943161487,0.0026035335619002
1775066317870138000,309.0011381835937,-0.0089591131336987,0.0368576122760772,-0.0224371284639462
1775066317880177200,309.0111772460937,-0.0390235581383109,0.0300444251298904,-0.0018429244529455
1775066317890216200,309.0212163085937,-0.0519734944738447,0.0214127903848886,0.011143672364857
1775066317900255200,309.0312551269531,-0.0142258014902472,0.0229255330353975,0.0084503598939627
1775066317910294000,309.0412939453125,0.0327902167066931,0.0197433958679437,-0.0275013347846455
1775066317920334000,309.051333984375,0.0194096338689327,0.0032844284981489,-0.0145403838647529
1775066317930373000,309.061373046875,0.0055354222953319,0.0227571907311677,0.0345039435557089
1775066317940412200,309.071412109375,-0.0083946111187338,0.0294347687989473,-0.0156944310043938
1775066317950451200,309.081451171875,-0.0070353054642677,0.0222013104140758,-0.0752473842891864
1775066317960490200,309.091490234375,-0.0069344754382967,0.0080406831145286,-0.0652828387062996
1775066317970530300,309.1015302734375,-0.02917787142843,-0.0112783498615026,-0.016859657125175
1775066317980569000,309.11156909179687,-0.0215989606067538,-0.0239139595508575,-0.0245940325031988
1775066317990608100,309.1216081542969,0.0258000655584037,0.0008329436928033,-0.0404632172862999
1775066318000647200,309.13164721679686,0.0121861123561859,0.0071177230507135,0.0088778828573413
1775066318010686200,309.1416862792969,-0.0134451725065708,0.0516676433950662,0.0285254719343036
1775066318020726300,309.1517263183593,-0.0118275081768631,0.0725730687797069,-0.0088535703999921
1775066318030765000,309.1617651367188,0.040187048959732,0.0437999787598848,-0.0359963558042421
1775066318040804000,309.17180419921874,0.0811887753032147,0.0170791450947523,0.0033762532337568
1775066318050843100,309.1818430175781,0.0557049360871315,0.0003816927939653,0.0447771532289683
1775066318060882200,309.19188208007813,0.0795090055227279,-0.0111614454835653,0.0832520645085722
1775066318070922200,309.20192211914065,-0.0046466567620635,-0.0105114571422338,-0.0116314741481095
1775066318080961300,309.2119611816406,-0.1897752606198191,0.0054325464427471,-0.1192518543789163
1775066318091000000,309.222,-0.1430009422242641,0.00994037925601,-0.0526696235118433
1775066318101039000,309.2320390625,-0.0372489496812224,-0.0284656315058469,0.0275161304949782
1775066318111078100,309.242078125,0.0445244936421513,-0.0233931505471467,0.0388480006420053
1775066318121118000,309.2521179199219,0.0921966376602649,0.0136830729156732,0.0291559153249487
1775066318131157200,309.2621572265625,0.1806779080592095,0.0340858094751834,-0.0190313386084511
1775066318141196300,309.2721962890625,0.0080368837222456,0.0859352391779422,-0.0248403902133926
1775066318151235000,309.28223510742185,-0.1644993650659918,0.1327373223632574,-0.0345899778713472
1775066318161274000,309.2922741699219,-0.128653560180962,0.0731862322419881,-0.0474896818569861
1775066318171314200,309.3023142089844,0.0201999074637889,-0.025054361757636,-0.0053114590800367
1775066318181353200,309.3123532714844,0.1280440499804914,-0.051017070531845,0.0259302130104042
1775066318191392300,309.3223923339844,0.0569802167199552,-0.0160948102325201,0.0263840577251277
1775066318201431300,309.3324313964844,-0.0406266094207763,0.0295943432748317,-0.0142677774684503
1775066318211470000,309.3424699707031,-0.0557999208942055,0.0558580808222293,-0.0108245964783243
1775066318221510100,309.35251025390625,-0.0008688917890191,0.0077624506950378,0.0324244156016036
1775066318231549200,309.3625490722656,0.0816258515462279,0.0092938980460166,0.0481992731647565
1775066318241588200,309.37258813476564,0.033754677824676,-0.0029483284115791,-0.0095455164532177
1775066318251627300,309.3826271972656,-0.0630396628893911,-0.0053740942537784,-0.0579809729940257
1775066318261666000,309.392666015625,-0.140913176164776,0.0142693483710289,-0.0855611817011609
1775066318271705000,309.402705078125,-0.0899719473481178,0.0288788884818553,-0.054375349717494
1775066318281745200,309.4127451171875,-0.0039737259365618,0.0148532857388257,-0.0203861872835084
1775066318291784000,309.4227839355469,-0.0010218903936445,0.0245259539693593,0.0225749112331308
1775066318301823200,309.4328232421875,0.0105304541036486,0.0279313784986734,0.0565651148467324
1775066318311862800,309.44286279296875,0.0520259553134441,0.0107207159787416,0.0636088228131644
1775066318321901600,309.4529016113281,0.0173847039125859,-0.0174123225718736,0.0253156978412531
1775066318331941600,309.46294165039063,0.0063821022525429,-0.0289344180613756,0.0070247110050171
1775066318341980700,309.4729807128906,-0.0336693376287817,-0.0448556252926588,-0.0344374541907571
1775066318352019500,309.48301953125,-0.0878159383580088,-0.025582185024023,-0.0293197641171515
1775066318362058800,309.4930588378906,0.1377542737424373,-0.0151268419831991,0.0063600730838254
1775066318372097800,309.5030979003906,0.016322481508553,-0.0011181903749704,0.0691355138127692
1775066318382137600,309.5131376953125,-0.1069125607550144,0.0570282936453819,0.0347428120791912
1775066318392176600,309.5231767578125,-0.0311538476765155,0.020485154145956,-0.0096411588474176
1775066318402215700,309.53321557617187,0.0101905546247959,0.0065688569962978,-0.0100962274048477
1775066318412254500,309.54325439453123,0.0046609775483608,0.0429553446292877,-0.0414729057854972
1775066318422293800,309.55329370117187,0.0048882104329764,0.0469499672234058,-0.0482369748266413
1775066318432333800,309.5633337402344,0.0002957680761814,0.0225970317333936,0.0244467695196159
1775066318442372600,309.57337255859375,0.0234742529593408,0.0175941088795661,0.1014447238031774
1775066318452411600,309.5834116210938,0.0452513466119766,0.0077010758966207,0.0616407924095168
1775066318462450400,309.59345043945314,0.0327919702723622,0.0114005149364471,0.0036082718913443
1775066318472489500,309.6034895019531,-0.0002419920623302,0.0061386488854885,-0.0222146082870662
1775066318482529500,309.6135295410156,-0.0142962363779544,-0.0119335988998413,-0.0417400870880112
1775066318492568800,309.62356884765626,-0.0013853168785572,-0.0385872125476598,-0.0658437605246901
1775066318502607600,309.6336076660156,0.0147746675446629,-0.0122182610601186,-0.0407117852198891
1775066318512646700,309.64364672851565,-0.0056742462441325,0.0045540100425481,-0.0167190978770144
1775066318522685400,309.653685546875,0.0128301093481481,0.0404921693861484,0.0072607482505962
1775066318532725500,309.6637255859375,0.0239724117398262,0.0510766917645931,0.0122199598268605
1775066318542764500,309.6737646484375,0.0032417584002017,0.0347854821771383,0.0430481009466573
1775066318552803600,309.68380346679686,-0.0118070499107241,0.0397995109468698,0.0368245137240737
1775066318562842600,309.6938425292969,-0.0042667175337672,0.0433767849117517,-0.0037666590571403
1775066318572881700,309.70388159179686,-0.0144762691199779,0.0375385802775621,-0.0361838594666682
1775066318582921500,309.7139213867188,-0.0374874346122145,0.018157587981224,-0.0455249759215861
1775066318592960500,309.72396044921874,-0.0202358555600047,0.0015028057783842,-0.0372654076256789
1775066318602999800,309.7339997558594,0.0113517073586583,1.75356566905e-05,-0.0197446379769593
1775066318613038600,309.74403857421873,0.027909751188755,-0.0107861824303865,0.0035558110517449
1775066318623077600,309.7540776367188,0.0573439354658126,-0.0129079968899488,0.0092080098608508
1775066318633117700,309.7641176757812,0.0554337179303169,0.0217401226431131,0.0058690929627977
1775066318643156500,309.77415649414064,0.0190156661152839,0.0418517673015594,-0.0148112549616955
1775066318653195500,309.7841955566406,-0.0018318916022777,0.0260416192293167,-0.010277922380995
1775066318663234800,309.79423486328125,0.0059238370910286,0.0303711728662252,0.0120007641182281
1775066318673273600,309.8042736816406,0.0175555304348468,0.0273702374845743,0.0135378740250132
1775066318683313700,309.8143137207031,0.0365387555852532,0.0051022915750741,0.0082885934609919
1775066318693352700,309.82435278320315,0.0117269704118371,0.0036485856354236,-0.0216737976749427
1775066318703391500,309.8343916015625,0.0115419692337512,0.0252589444190263,-0.0334668190603144
1775066318713430500,309.8444304199219,0.0128092126905918,0.0247089093208312,0.0018603505117818
1775066318723469600,309.85446948242185,-0.031900866651535,0.0163332951635122,0.007530669499468
1775066318733509600,309.8645095214844,-0.0456873999416828,0.0397340444952249,-0.0049377121305093
1775066318743548700,309.8745485839844,-0.0484133177742362,0.028096213671565,-0.0284964285029098
1775066318753587700,309.8845876464844,-0.0304326937951147,-0.0005336684852838,0.01457958336398
1775066318763626500,309.8946264648437,-0.0060582771256566,-0.0060398646861314,0.0325887027852237
1775066318773665800,309.9046657714844,0.0217043206773698,-0.0085351886332035,-0.0011002528594806
1775066318783705600,309.91470556640627,0.0469112426482141,0.0113216044813394,-0.0270576096051372
1775066318793744600,309.92474462890624,0.0328866628184914,0.0222305365085601,-0.0355216144319623
1775066318803783700,309.93478369140627,0.0321758842006325,0.0379044909805059,-0.0207967956447042
1775066318813822500,309.94482250976563,0.0551814967349171,0.0244786076962947,0.0265906862131319
1775066318823861500,309.9548615722656,0.1143301435351371,0.0224357036918401,0.0729741421275772
1775066318833900800,309.96490087890623,0.1020621981143951,0.0100566991120576,0.0436175896639935
1775066318843940600,309.97494067382814,-0.1209060147941112,0.008178045758605,-0.0516579805175773
1775066318853979600,309.9849797363281,-0.2315513323366642,0.0254372235953807,-0.0893305441720411
1775066318864018700,309.99501879882814,0.0041956981241703,-0.0242243406742811,-0.0403184385207481
1775066318874057500,310.0050573730469,0.0113397246599197,-0.056698038777709,0.0152361110439524
1775066318884096500,310.01509643554687,-0.0774406748160719,0.0333837986856698,0.0271435891218483
1775066318894136600,310.0251364746094,0.1206678221240639,0.0637754298180341,0.013548194489628
1775066318904175600,310.0351755371093,0.1910711456492543,0.0804495012432336,0.0453508979963138
1775066318914214700,310.0452145996094,-0.0343240021452307,0.1091805056869983,0.1077351109179668
1775066318924253700,310.0552536621093,-0.1768701863393187,0.1171510461747646,0.0232981292074546
1775066318934292500,310.0652924804688,-0.1113971588231623,0.0460194083750247,-0.0335962175936438
1775066318944332500,310.07533251953123,0.0657248103201389,-0.0276221664190292,-0.0124074269566684
1775066318954371600,310.08537158203126,0.0977177391692996,-0.0674959116458892,0.008335391744785
1775066318964410600,310.0954106445312,-0.0502419945061206,-0.0474403810888528,-0.0442317760395817
1775066318974449700,310.10544970703126,-0.1210498071789741,0.0054956748068332,-0.0615984328388236
1775066318984488700,310.1154887695312,-0.0625777444660663,0.004198036211729,0.0175625629638321
1775066318994528500,310.12552856445313,0.0460384053364396,0.0022065701335668,0.0671509158668108
1775066319004567600,310.1355676269531,0.0512413808070123,0.0313625219911336,0.02431267654486
1775066319014606600,310.14560668945313,-0.0315302797734737,0.0380769249379634,-0.0483947044053114
1775066319024645600,310.1556457519531,-0.0984939842388033,0.0372118325412273,-0.0576781358562409
1775066319034684700,310.1656845703125,-0.0820633661806583,0.0206160870492458,-0.0143816131064668
1775066319044724700,310.17572485351565,-0.0101984456703066,0.0177992760628461,0.0123779086012393
1775066319054763500,310.1857634277344,0.0296434431135654,-0.0126730190902948,0.0270887901946902
1775066319064802600,310.1958024902344,0.0095697923779487,0.0018283844709396,0.0604495002657175
1775066319074841600,310.2058415527344,-0.0087317341186106,-0.0128799398392438,0.0585205414971336
1775066319084880600,310.2158806152344,-0.0138030460335314,0.010613748472929,0.0497612800507806
1775066319094920700,310.2259206542969,-0.0108456575326621,0.0159586166322231,0.0491783107973635
1775066319104959700,310.23595971679686,0.0276353181615471,0.0059311436146497,0.0225475483021698
1775066319114998500,310.2459985351563,-0.0121601011320948,-0.0028688334345817,-0.0079304276730865
1775066319125037600,310.25603759765625,-0.0785714324116706,0.0003051204264163,-0.0061496452035382
1775066319135076600,310.2660766601563,0.1010685109019279,-0.0200929399579763,0.0036602030079811
1775066319145116700,310.27611669921873,-0.0666065615907311,-0.005302198061347,0.0644949945305474
1775066319155155700,310.2861557617188,-0.158736271494627,0.0309977803319692,0.0651979003692045
1775066319165194500,310.2961945800781,-0.0223237677499651,0.0345399829834699,0.0094232052478007
1775066319175233500,310.3062336425781,0.0576364886716008,-0.006721417209506,-0.0256999661847949
1775066319185272600,310.3162724609375,0.0733434686303138,-0.0091185414791107,-0.0096070008494891
1775066319195312400,310.3263125,0.0142949212037026,0.0314367562711238,0.020732954894565
1775066319205351700,310.3363515625,-0.0365896089896559,0.0338128377526998,0.0736367890210822
1775066319215390700,310.346390625,-0.0375727748081088,0.0060913026124238,0.1004761344993487
1775066319225429500,310.3564294433594,0.0018644786976277,-0.0154039053589105,0.0533001765003427
1775066319235468500,310.36646850585936,0.0132648475036025,-0.0021001871496438,-0.0081962207361124
1775066319245507800,310.3765078125,-0.0012184358790516,0.0114437695562839,-0.0318349252758547
1775066319255547600,310.3865476074219,-0.0037925241507589,0.0265086522191762,-0.0272407658860087
1775066319265586700,310.3965866699219,-0.0125917705476284,0.0351280120044946,-0.0433543904168531
1775066319275625700,310.4066257324219,-0.0173990246988832,0.0107055184096097,-0.029138361401949
1775066319285664500,310.41666455078126,-0.0295512347854673,-0.0055196402043104,-0.0056692778080701
1775066319295703600,310.42670361328123,-0.0390463544920086,0.0217605809092521,0.0127308502247557
1775066319305743600,310.4367436523437,-0.0189081140875816,0.0404787253826856,0.0349141317917965
1775066319315783000,310.4467829589844,0.0130218325279653,0.0125280576616525,0.034740693187341
1775066319325821700,310.45682177734375,0.0122876730345189,0.0241588742226362,0.0093227040153928
1775066319335860700,310.4668608398438,-0.0145570792712271,0.0253869547128677,-0.0078299447069875
1775066319345899800,310.47689965820314,-0.0564952096819877,0.0455623122572898,0.0032067418857477
1775066319355939600,310.4869396972656,-0.0324774974957108,0.0029120880544185,0.0060517743196338
1775066319365978600,310.496978515625,-0.0402381946250796,-0.0355827700346708,-0.0078437540366314
1775066319376018000,310.50701782226565,-0.0522974657312035,-0.0238157598733901,-0.0426533842743374
1775066319386056700,310.517056640625,-0.0135306588329374,-0.0157370828360319,-0.043998277810961
1775066319396095700,310.527095703125,-0.0351180751323699,0.0226455470502376,-0.0017021642753854
1775066319406135800,310.5371357421875,-0.0350631300747394,0.0286883343458175,0.0286122369023039
1775066319416174600,310.54717456054686,0.0035842882275581,0.022607553127408,0.0049085956338793
1775066319426213600,310.5572136230469,0.0065969140470027,0.0309767375439405,0.0166600063672289
1775066319436253000,310.5672529296875,0.0118225397408008,0.0079483286559581,0.0025404417304322
1775066319446291700,310.5772917480469,-0.0003913374051451,0.009833996272087,-0.0222861939522437
1775066319456331800,310.5873317871093,-0.0081105334803462,0.0196785139381885,-0.0205345645119436
1775066319466370800,310.5973708496094,-0.0193918059512972,0.0134808283418416,-0.0055185624920763
1775066319476409600,310.60740966796874,-0.0075201663717627,0.0291881005614995,-0.0084023195011541
1775066319486448600,310.6174487304688,0.003612345278263,0.0109369890779256,-0.0093533731482923
1775066319496488000,310.6274880371094,-0.001672901648283,0.0085831194281578,-0.0010108027440495
1775066319506527700,310.63752783203125,-0.0361341203071177,0.0143786539644002,0.0122699547147378
1775066319516566800,310.6475668945312,-0.0379519833840429,0.0283756151348352,0.0321353147282265
1775066319526605800,310.65760571289064,0.0188156134985387,0.0383428823977708,0.0322963870414532
1775066319536644600,310.66764453125,0.033721067816019,0.0250052619189023,0.0228265479066409
1775066319546684000,310.67768383789064,0.0149123224496841,-0.0067149874687194,0.0117159923600964
1775066319556723700,310.6877236328125,-0.0393593659639358,-0.0047930794954299,0.0081558156604878
1775066319566762800,310.6977626953125,-0.0385769834145903,0.0090308631956577,-0.0028894378311932
1775066319576801800,310.7078017578125,-0.0645125119209289,0.0129354694187641,-0.0285292165276594
1775066319586840600,310.71784057617185,-0.0196817288085818,-0.0082166242033243,-0.0483706659425981
1775066319596879600,310.7278796386719,0.0183577867284417,0.0142003747880458,-0.0283788665378466
1775066319606919700,310.7379196777344,-0.0054500820994377,0.0209568633109331,-0.0152464497748762
1775066319616959000,310.747958984375,0.0168178638100624,0.0535714311897754,-0.0041364604839123
1775066319626997800,310.7579978027344,0.1359375797092914,0.0304623582810163,0.028042492456641
1775066319637036800,310.7680368652344,0.0605354249835014,-0.01290565880239,-0.0192063298491761
1775066319647075600,310.7780756835937,-0.1629141417011618,0.0388040701687335,-0.0919017646332271
1775066319657115600,310.78811572265624,-0.099197748593986,0.034942718565464,-0.0994986495030112
1775066319667154700,310.79815478515627,0.0327506153486669,-0.030543022301793,0.0148638071328401
1775066319677193700,310.80819384765624,-0.0523358980454504,0.0077525138229131,0.0418019550767727
1775066319687232800,310.8182326660156,0.0429097519218921,0.0664718292951583,-0.0219176163681782
1775066319697271800,310.82827172851563,0.1601566596865654,0.0598901128172874,-0.006991393257305
1775066319707310600,310.838310546875,0.0270626328401267,0.0981739585041999,0.0388194138683378
1775066319717350700,310.8483505859375,-0.0792380796268582,0.124244803828001,0.0089017569232732
1775066319727389700,310.8583896484375,-0.0755308956719934,0.0804553464621305,-0.0058791759653948
1775066319737428700,310.8684287109375,0.0313081614553928,0.0026385318100452,-0.0076267685513943
1775066319747467800,310.8784677734375,0.1146025307357311,-0.0704904172867536,0.0405097233091481
1775066319757506800,310.8885068359375,-0.0277504689738154,-0.0627525165110826,0.0421016138767823
1775066319767546600,310.89854663085936,-0.1857517041921615,-0.0045966801404953,-0.0252902711390517
1775066319777585700,310.9085856933594,-0.1519230843484401,-0.0018944354444742,-0.0414542376176454
1775066319787625000,310.918625,-0.0120262456193566,-0.0297924961954355,0.042083493698202
1775066319797663700,310.9286638183594,0.1049614266872406,-0.012991583520174,0.016293383278232
1775066319807702800,310.9387028808593,0.0976809142902493,0.0237555541187524,-0.043171362000145
1775066319817742800,310.94874291992187,-0.013426175545156,0.058596565875411,-0.098274843329098
1775066319827781600,310.95878173828123,-0.0510050878331065,0.057932549008727,-0.1264346237561665
1775066319837820700,310.96882055664065,-0.0211395264014601,0.036067338681221,-0.0903991597842425
1775066319847859700,310.9788596191406,0.0296343830242753,0.0142167414009571,-0.0622549605187959
1775066319857898800,310.98889868164065,0.0368099737420678,0.0004670329898595,-0.0454151040726341
1775066319867938800,310.9989387207031,-0.0125287883140146,0.0036462475478649,-0.0358265339289791
1775066319877977900,311.00897778320314,-0.0237444482028484,-0.0091653032302856,-0.0108484157453291
1775066319888016600,311.0190166015625,0.014413579147309,-0.0035749358773231,0.0086656283461488
1775066319898055700,311.0290556640625,0.0369710095226764,0.0056570028483867,-0.0318993322815746
1775066319908094700,311.0390947265625,-0.0068327686294913,-0.0110158995330333,-0.0718850317166186
1775066319918134800,311.049134765625,-0.0828232446372509,-0.0082043492436408,-0.0721452352890744
1775066319928173800,311.059173828125,0.0866249750077724,0.0026987375646829,-0.0648285556001588
1775066319938212600,311.0692126464844,0.0351003933452069,0.020915946778655,-0.0127628162655979
1775066319948251600,311.0792517089844,-0.1793885989010334,0.0489215595573186,0.015555515724048
1775066319958290700,311.0892907714844,-0.0615922405600547,0.0367880541712045,-0.04445645164093
1775066319968330500,311.09933056640625,0.0348126624450087,0.0270177707850933,-0.0507757908555679
1775066319978369800,311.1093698730469,0.0572366756990551,0.0085883801251649,-0.055303442614153
1775066319988408800,311.11940893554686,0.0437339277863502,0.0253185656517744,-0.0314082060300745
1775066319998447600,311.1294475097656,0.0040307168208062,0.0201952312886714,0.0125293545695953
1775066320008486700,311.13948657226564,0.0209478032216429,0.0022404724031686,0.0673932184563949
1775066320018526700,311.1495266113281,0.0484814145743846,-0.0218815769404172,0.0323867870049551
1775066320028565800,311.1595656738281,0.026167875957489,-0.0372755454272031,0.013717322245147
1775066320038604800,311.1696047363281,-0.0018970657929778,-0.0308615867316722,-0.0356835087290965
1775066320048643800,311.1796437988281,0.0033645079970359,-0.0146907886534929,-0.0533416410218924
1775066320058682600,311.1896826171875,-0.0230301624536514,-0.0032622166663408,-0.0706604035587981
1775066320068721700,311.1997216796875,-0.0117488899827003,0.0145697926223278,-0.0591902939848601
1775066320078761700,311.20976171875,0.0193853762105107,0.0398790059238672,-0.0339008630960248
1775066320088800800,311.21980078125,0.0161810272112488,0.0277647897601127,-0.0162775646545924
1775066320098839800,311.22983984375,0.022784663259983,0.0354471609562635,0.0209959349459968
1775066320108878800,311.23987890625,0.012972878819704,0.0353869552016258,0.0202066477318294
1775066320118917600,311.24991772460936,-0.0046377428032457,0.0253255799144506,0.0203822052281349
1775066320128957700,311.2599577636719,-0.0313176599361002,0.0281418063789606,0.0444633015068247
1775066320138996700,311.26999682617185,-0.0227273801147937,0.0518979450196027,0.0286457921120338
1775066320149035800,311.2800358886719,-0.0040247254714369,0.0544213260173797,0.0204345382035709
1775066320159074800,311.29007470703124,0.0009507248535752,0.0520469981014728,0.0157295388503931
1775066320169113600,311.3001135253906,-0.0027633272334933,0.0324070626080036,0.0342657326193526
1775066320179153700,311.3101535644531,0.0390299878790974,8.35866302251e-05,0.0286168765448033
1775066320189192700,311.32019262695314,0.0335410350739955,0.0079249477803707,0.0553113519259728
1775066320199231700,311.3302316894531,-0.0032920272827148,-0.0174696057170629,0.0605913381555117
1775066320209270800,311.34027075195314,-0.0246714999198913,0.0088560911506414,0.0956129123771563
1775066320219309800,311.3503098144531,-0.0517291643239557,0.0309311448365449,0.0777846111492253
1775066320229350000,311.36034985351563,-0.0530981145896017,0.0396767613500356,0.0684178305300883
1775066320239388700,311.370388671875,-0.0150149060413241,0.0421878673881292,0.0509001844202168
1775066320249427700,311.380427734375,-0.0021495792493224,0.0604600216597318,0.046933399681095
1775066320259466800,311.390466796875,-0.0147124159634113,0.031902620217204,0.0644107137805782
1775066320269505800,311.400505859375,-0.0011900865674018,0.02191372564435,0.0599975735134445
1775066320279545900,311.4105458984375,0.0250629834555089,0.0024620061993598,0.0784172647632658
1775066320289584600,311.4205847167969,0.0192655492231249,-0.018459785798192,0.0756624678961001
1775066320299623700,311.43062377929687,-0.0123743284046649,-0.0168400756418704,0.0498413778159767
1775066320309662200,311.440662109375,-0.0269008664071559,-0.0063192661494016,0.0345220454679802
1775066320319701200,311.450701171875,-0.0192623343527317,-0.0199169988691806,0.0434575950630009
1775066320329741300,311.4607412109375,-0.0233387900114059,0.0144505501568317,0.0454934848047792
1775066320339780000,311.47078002929686,0.0249509013831615,0.0527396565407514,0.0370526781904511
1775066320349819100,311.4808190917969,0.0456439991913735,0.0571335075855255,0.0524621365073137
1775066320359858200,311.49085815429686,0.0308686009943485,0.0629313802093267,0.0329843875719234
1775066320369897200,311.5008972167969,0.0146168466344475,0.0614876111418008,0.0532197134089656
1775066320379937300,311.5109372558594,0.0086252050042152,0.0517331098467111,0.0385146770344115
1775066320389976300,311.5209763183594,0.0104275782510638,0.0310825360059738,0.0387696747087873
1775066320400015000,311.53101513671874,-0.0186190680131316,0.0261392343848943,0.0358829950902611
1775066320410054100,311.5410541992188,0.0123179220423102,0.0121253220796585,0.0216843190689571
1775066320420093200,311.55109326171873,0.0490834721207618,0.0024532383710145,0.024360863068141
1775066320430132200,311.5611323242188,0.0553749734804034,-0.022413491860032,0.0454132043764926
1775066320440172300,311.5711723632813,0.0559936899006366,-0.0576391190201044,0.0305650880031287
1775066320450211000,311.58121118164064,-0.0590098228514194,-0.031236849784851,-0.0704124566797167
1775066320460250000,311.59125,-0.241318693113327,0.0305459449112415,-0.0714211770645342
1775066320470289200,311.6012890625,-0.1208449322566389,0.032341011634469,-0.033195308642555
1775066320480328200,311.611328125,0.0773161716535687,-0.0340671047747135,0.0470440204487182
1775066320490368000,311.62136791992185,0.054478609162569,-0.0077291329473257,0.0814713733705692
1775066320500407300,311.6314072265625,0.0308437588140368,0.0600514408588409,0.0097739549142308
1775066320510446000,311.64144604492185,0.1607595940157771,0.1021048682123422,-0.0389620372094213
1775066320520485000,311.6514851074219,0.0256114111185073,0.1131102463513612,-0.0029641287689097
1775066320530524200,311.66152416992185,-0.1850587534919381,0.1408428874075412,-0.0372282539530657
1775066320540564000,311.67156396484376,-0.1239012510873377,0.0576776974648237,-0.1034232756008394
1775066320550603300,311.6816032714844,0.0632525749877095,-0.0185141463339328,-0.0648619646794162
1775066320560642300,311.6916423339844,0.1420598619818687,-0.0435299296468496,-0.0348904403889551
1775066320570681000,311.7016811523437,0.0332625103935599,0.0116080202072858,-0.0313743402930907
1775066320580720000,311.7117202148437,-0.1063105032086372,0.0618430004507303,-0.0482115298581309
1775066320590760200,311.72176025390627,-0.0868928321637213,0.0370586878061294,-0.0264959206017665
1775066320600799000,311.73179907226563,0.0199497320950031,-0.0184574477106332,0.0044282830373384
1775066320610838300,311.74183837890627,0.0591501081049442,-8.76782834529e-05,-0.006321129312925
1775066320620877300,311.7518771972656,0.0075686816886067,0.019819383713603,-0.0816620188381522
1775066320630916000,311.761916015625,-0.0960132733389735,0.0137310037106275,-0.1239581506400369
1775066320640956200,311.7719560546875,-0.105620767378807,0.0288712896972894,-0.11274177836515
1775066320650995200,311.7819951171875,-0.0650622547581791,0.0153793554395437,-0.1098438467002473
1775066320661034000,311.7920339355469,-0.0232885211288928,-0.00154781396389,-0.0708985414299182
1775066320671073300,311.8020732421875,0.0088192662715911,0.0103361005753278,-0.0656916935018263
1775066320681112000,311.8121120605469,0.0329027371704578,0.0175292269498109,-0.0234934325838461
1775066320691151000,311.82215112304686,0.0333105873189866,0.0316255568414926,0.0350496130060404
1775066320701191200,311.8321911621094,-0.0055187634214758,0.0340700273841619,0.0216301411963067
1775066320711230000,311.84222998046874,0.0194552265763282,0.0132107792288064,-0.0163585940015502
1775066320721269200,311.8522692871094,-0.0621729630574584,-0.0087976389616727,-0.0626470833752304
1775066320731308300,311.8623083496093,-0.0469499672234058,0.0077045830279588,-0.0879689917615614
1775066320741347000,311.8723471679688,0.1265714932098984,-0.0141822546094655,-0.1321112080878578
1775066320751387100,311.88238720703123,-0.1066679383441805,0.0133650930076837,-0.0738457738629542
1775066320761426200,311.89242626953126,-0.1859049950577318,0.0299643456310033,-0.0918857450801879
1775066320771465000,311.90246484375,-0.0175742351353168,0.0335913039565086,-0.0736794408527202
1775066320781504300,311.91250415039065,0.1060147351324558,0.0274608383774757,-0.0311667436907067
1775066320791543300,311.9225432128906,0.0909326090738177,0.0598211392343044,-0.0026183110059238
1775066320801583000,311.9325830078125,-0.0026591362066566,0.061248541688919,-0.0259236736717633
1775066320811622100,311.9426220703125,-0.0213186823606491,0.0172398886144161,0.0148724653633311
1775066320821661200,311.9526611328125,0.0462593546107411,-0.0187982239723205,0.0239740009087137
1775066320831700000,311.9626999511719,0.0630991379916667,-0.0283475580841302,-0.0007605725763365
1775066320841739300,311.9727392578125,-0.0182978732347488,0.0094061262488365,-0.0332839915730059
1775066320851779300,311.982779296875,-0.0597159252941608,0.0366986223220825,-0.0540399620169773
1775066320861818000,311.9928181152344,-0.0538381193019449,0.0171843590348958,-0.0421920503729023
1775066320871857200,312.0028571777344,-0.0466392938390374,0.0130506202310323,-0.0430792450035922
1775066320881896200,312.0128962402344,-0.0494926374435424,0.0129576812505722,-0.0596730542668141
1775066320891935200,312.0229353027344,-0.0402677129805088,0.0341115284383296,-0.0022122874883003
1775066320901975000,312.0329750976563,0.0034521862804889,0.0632020138442516,0.0176680691649205
1775066320912014300,312.04301440429685,0.0032584172740578,0.0658510670483112,0.0640018955176696
1775066320922053000,312.0530532226563,-0.0117626262471079,0.030640052935481,0.0489578181807883
1775066320932092200,312.06309204101564,-0.0290913621887564,-0.0067331076472997,-0.027542726240959
1775066320942131000,312.073130859375,-0.0024447628036141,-0.0203466224581003,-0.0352495377586223
1775066320952171000,312.0831708984375,0.0029097499668598,0.0110123924016952,-0.0418406065867282
1775066320962210300,312.0932102050781,0.0201487617984414,0.0437637384027242,-0.0476995617480017
1775066320972249300,312.1032492675781,0.0420960974514484,0.0588730447292327,-0.0366888315804302
1775066320982288100,312.1132880859375,0.0284508723281323,0.0458557422459125,-0.021740780230239
1775066320992327200,312.1233271484375,0.0190516142114996,0.038092707028985,-0.0069559931503608
1775066321002366000,312.1333659667969,-0.0123278589144349,0.0858762024670839,-0.0029446203508414
1775066321012406000,312.1434060058594,-0.0276480315126478,0.0633054742187261,0.0052858497147448
1775066321022445300,312.1534453125,-0.0059130234360694,0.041166123124957,0.0126393908153288
1775066321032484000,312.1634841308594,0.0047964404962956,0.0281587575137615,0.0493146505281329
1775066321042523100,312.17352319335936,-0.0030874446213245,0.0302805719733238,0.0474459523131139
1775066321052562200,312.1835622558594,0.0099297117315232,0.0122504097640514,0.0458326170986518
1775066321062602000,312.19360205078124,0.0357246627233922,0.0092874683052301,0.0363447491168044
1775066321072641000,312.20364111328126,0.0545464137017726,-0.0070680386900901,0.0339244449010118
1775066321082680300,312.2136804199219,0.0359352367341518,-0.0145662854909896,0.0034776495153084
1775066321092719000,312.2237189941406,0.0196034028753638,-0.0015583353579044,0.0145325110855512
1775066321102758100,312.2337580566406,-0.0050046764194965,0.0287052854806184,0.003984904917702
1775066321112798200,312.24379809570314,-0.0727462333895266,0.0275648832738399,0.0045270855030044
1775066321122837000,312.2538369140625,-0.0658007981657981,0.0122726215958595,-0.0010564502503722
1775066321132876000,312.2638759765625,-0.0229132580757141,0.0188040691912174,0.0032712219567038
1775066321142915300,312.2739152832031,0.0241503986552357,0.0179693719327449,0.0100546350191347
1775066321152954000,312.2839541015625,0.0489852724432945,0.0087660747796297,0.0363011109044775
1775066321162994200,312.293994140625,0.0705950467050075,0.0322837284892797,0.0305876468948088
1775066321173033200,312.304033203125,0.0758206723988056,0.0397439813673496,0.0249637060658074
1775066321183072000,312.3140720214844,0.0431529130280017,0.0388473247885704,0.0301251622159034
1775066321193111300,312.324111328125,0.0126769646130502,0.0396148020297288,0.0019724143178202
1775066321203150300,312.334150390625,0.0242070972785353,0.0134691379040479,-0.0200282224250026
1775066321213190100,312.3441901855469,0.0287982244610786,-0.0186439101934432,0.0133110977981239
1775066321223229200,312.35422924804686,0.0505048832260072,0.0141986212223768,0.032225623360183
1775066321233268200,312.3642683105469,0.0708744481682777,0.0113034843027591,-0.0028591705570928
1775066321243307000,312.37430712890625,-0.0429553446292877,0.0058007952332496,-0.0025700514174066
1775066321253346300,312.3843461914062,-0.1953545220568776,0.0188935010403394,-0.0059003648838959
1775066321263386400,312.39438647460935,-0.1063876600980758,0.0262707518100738,1.6439678147435188e-07
1775066321273425200,312.4044250488281,-0.0463476174160838,-0.0041238019317388,0.0694810210485011
1775066321283464200,312.41446411132813,0.0579611905813217,-0.0083984105110168,0.0459421601540409
1775066321293503000,312.4245029296875,0.0999145185612142,0.0145113404333591,0.0540839472891762
1775066321303542000,312.4345419921875,0.128489601790905,0.0468967757314443,0.0279472336549311
1775066321313581800,312.44458178710937,-0.0668996993184089,0.1125713171690702,0.0471783691518008
1775066321323621600,312.4546215820312,-0.2103719123162329,0.121048053613305,0.0118852297134697
1775066321333660700,312.46466064453125,-0.1048152962148189,0.0597960047930479,-0.0354307760770432
1775066321343699700,312.4746997070313,0.0975496891260147,-0.0143581956982612,-0.0240407460019923
1775066321353738500,312.48473852539064,0.1351440912440419,-0.0396475352555513,0.0144122091741301
1775066321363777500,312.4947775878906,-0.0024950316861271,-0.0044189854860305,-0.0335940621691755
1775066321373817600,312.5048176269531,-0.1167535712897777,0.031235096219182,-0.0680592994160018
1775066321383857000,312.51485693359376,-0.1084752800270915,0.0298597162127494,-0.0325909495412372
1775066321393895700,312.5248957519531,-0.0019262918874621,-0.0008604162216186,0.0571168121790513
1775066321403934700,312.53493481445315,0.1188286239981651,-0.0204582661390304,0.0584463072171434
1775066321413973500,312.54497338867185,0.066838032259047,-0.0110749362438917,0.0089860194069333
1775066321424013600,312.555013671875,-0.0416297951139509,0.0286783974736928,-0.0470008206278085
1775066321434052600,312.5650524902344,-0.0425718982696533,0.0368202028751373,-0.0823136876799166
1775066321444091600,312.5750915527344,-0.0307210092172026,0.0334019188642501,-0.0621817126194946
1775066321454130700,312.5851306152344,-0.0281549581214785,0.0026011224091053,-0.0697147384728305
1775066321464169700,312.5951696777344,-0.0183107327163219,-0.0006815525233745,-0.0040262781077064
1775066321474209500,312.60520947265627,-0.0149300042368471,0.0090180037140846,0.0531779018275439
1775066321484248600,312.61524853515624,-0.0051601592421531,0.0062555532634258,0.0495271242350339
1775066321494287600,312.62528759765627,-0.021738369077444,-0.0162906250655651,0.0369239007116295
1775066321504326700,312.63532666015624,-0.0445206942498683,-0.018381459864974,-0.015835556508135
1775066321514365700,312.64536572265627,-0.0997039445504546,-0.0269195711076259,-0.0191823644516989
1775066321524405800,312.6554057617187,-0.0841466021955013,-0.0265741186708211,0.0155776544906198
1775066321534444500,312.66544458007814,0.1507271525621414,-0.0331844767212867,-0.0098347086581401
1775066321544483600,312.6754836425781,0.01903232498914,-0.0120429044932127,0.0255417982147075
1775066321554523000,312.68552294921875,-0.1298082831740379,0.0507177953243255,0.0179701391177251
1775066321564561700,312.6955617675781,-0.046570904777944,0.0515296962291002,-0.0483829409022815
1775066321574600700,312.7056005859375,0.0013093290328979,0.0085492171585559,-0.0177992577965371
1775066321584640800,312.7156408691406,0.0110766898095607,-0.0174573307573795,0.0001868826079182
1775066321594679600,312.7256794433593,0.0009935410819947,-0.0235258370161056,-0.0029449856770224
1775066321604718600,312.7357185058594,-0.0701180768430232,-0.0232166249364614,0.0467991240432485
1775066321614757600,312.7457575683593,-0.0678092153787612,-0.0236076700806617,0.0395672182946465
1775066321624796700,312.7557966308594,-0.0155379070021212,-0.0211608614504337,0.0113199970461428
1775066321634836700,312.7658366699219,-0.0053059974536299,-0.0167933138906955,-0.027993958873488
1775066321644875800,312.77587573242187,-0.0179842772409319,0.0129272861123085,-0.0659155105866491
1775066321654914600,312.78591455078123,0.0074833414927124,0.032146950367093,-0.0602462327785789
1775066321664953600,312.79595361328126,-0.0155377608716487,0.0243079273045063,-0.0347063342600129
1775066321674992600,312.8059926757812,-0.0283829216584563,0.0096118779540061,-0.0192659876145422
1775066321685032700,312.81603271484374,-0.0292307706594467,-0.0105833533346652,-0.0622842779448255
1775066321695071700,312.82607177734377,-0.0182454123951494,-0.0097615155577659,-0.0808854632413946
1775066321705110500,312.83611059570313,-0.0518459225714206,0.0037555531412363,-0.0565794538993388
1775066321715149600,312.8461496582031,-0.066065878842771,0.01794131488204,-0.0223323346489109
1775066321725188600,312.8561887207032,-0.0512473721563816,0.0493055904388427,0.0436371894136071
1775066321735228400,312.866228515625,-0.0722679483532905,0.040735330492258,0.0308706285546533
1775066321745267700,312.8762678222656,-0.0317876155354082,0.0224409643888473,-0.0174939729733392
1775066321755306800,312.886306640625,0.0363628144964575,0.003455693411827,-0.014027831232734
1775066321765345500,312.8963454589844,0.0015101123020052,-0.0329231954365968,-0.0532736903522163
1775066321775384600,312.9063845214844,-0.0186298816680908,-0.035804303830862,-0.0620466332640498
1775066321785424600,312.9164245605469,-0.0251788649201393,-0.0115752869814634,-0.0212917395547963
1775066321795463700,312.92646362304686,-0.0315163973785936,0.007250994041562,0.005972133212164
1775066321805502700,312.9365026855469,-0.0477387795135378,0.0018646248281002,0.0276216366960667
1775066321815541800,312.94654174804685,-0.0492705191254615,0.0187765966624021,0.0267116091790609
1775066321825580500,312.9565805664063,-0.0324853885412216,0.0291764101237058,-0.0002123458427377
1775066321835619600,312.96661962890624,-0.0072971712708473,0.0321574717611074,-0.013643161030393
1775066321845659600,312.9766596679688,-0.0213785958543419,0.0363502472758293,0.0098391473712399
1775066321855698700,312.9866987304688,-0.0203998139500617,0.040890228793025,-0.0319184205745346
1775066321865737700,312.9967377929688,-0.0037479543566703,0.0257587106347084,-0.0360983914066106
1775066321875776800,313.0067768554688,-0.0278115515112876,-0.0027221184402704,-0.0166940912999212
1775066321885815600,313.01681567382815,-0.0468210801467299,-0.0072942486613988,-0.0508902658144012
1775066321895855600,313.0268557128906,-0.04384615598917,-0.0048924482166767,-0.0429500291333533
1775066321905894700,313.03689477539064,-0.0515397792316973,-0.0128571434855461,-0.0155522460547275
1775066321915933700,313.04693359375,-0.0422559641882777,-0.0024906477719545,0.0080739643296226
1775066321925972700,313.05697265625,-0.0185875038310885,0.0430459455221891,0.004382763395179
1775066321936011500,313.0670114746094,0.0039513679742813,0.0236491711348295,-0.0077257536801509
1775066321946051600,313.07705151367185,-0.0089361706495285,0.0002197802305221,0.0170265198583714
1775066321956090600,313.0870905761719,-0.0154305011048913,0.0182037652105092,-0.0154469955819658
1775066321966129700,313.0971296386719,0.0149073540136218,0.0339408480465412,0.0071410308610647
1775066321976168700,313.1071687011719,-0.0271652164317667,0.0177507607460021,0.0375393839951604
1775066321986207700,313.1172077636719,-0.0577753126204013,0.020945757395029,-0.0040457865257747
1775066321996247800,313.1272478027344,-0.0385796137630939,0.0151338562458753,-0.0214606663809157
1775066322006286600,313.1372866210937,-0.0162719203650951,0.0148895260959863,0.0056284526073373
1775066322016325600,313.1473256835937,0.0081166709601879,-0.0102916769117116,0.0582899658779613
1775066322026364700,313.1573647460938,0.1035480527579784,-0.002388940963149,0.0823199347576126
1775066322036403700,313.16740380859375,-0.0008395195640623,-0.0141629653871059,-0.012328607833106
1775066322046443800,313.17744384765626,-0.188005620598793,0.0117453828513622,-0.1046850391649641
1775066322056482600,313.1874826660156,-0.0548679007411003,0.0219838682711124,-0.0670778323642909
1775066322066521600,313.197521484375,0.0603071691855788,-0.0325391645550727,0.0357403169502504
1775066322076560600,313.207560546875,-0.0692141137406229,-0.0064753334939479,0.0621980792324058
1775066322086599700,313.217599609375,0.0150865099728107,0.0633475597947835,0.0454084186035208
1775066322096638700,313.227638671875,0.2386566342972219,0.0563397268593311,0.0231425550532527
1775066322106678800,313.2376787109375,0.0259691385149955,0.0634989509642124,0.0865386301648803
1775066322116717600,313.2477175292969,-0.152859488415718,0.0797293702751398,0.0128615639323368
1775066322126756600,313.25775659179686,-0.1102514959193766,0.0940595089226961,-0.0554839137475937
1775066322136795600,313.2677956542969,0.0465253120705485,0.0223702372401952,-0.0456471227302216
1775066322146834700,313.27783471679686,0.07418985632658,-0.0341115284383296,0.0056319597386755
1775066322156874800,313.2878747558594,0.0061214054897427,3.50713133811e-05,0.0084183207878842
1775066322166913800,313.29791381835935,-0.1069122684940695,0.029798925936222,-0.0275654495294205
1775066322176952600,313.3079526367188,-0.0816588770329952,0.0296650704234838,-0.0034324951993301
1775066322186991600,313.31799169921874,0.0167041743025183,-0.0204062436908483,0.0788942528915591
1775066322197030700,313.3280307617188,0.103192663449049,-0.009949731606245,0.058260739783477
1775066322207070500,313.3380705566406,0.0794520146384835,0.0173363347262144,0.0017153160179033
1775066322217109800,313.34810986328125,-0.0330009368479251,0.0419949751645326,-0.0386005469532683
1775066322227148800,313.3581486816406,-0.1259020695157349,0.0310369432985782,-0.0507478982016444
1775066322237187600,313.3681875,-0.0464028547346591,0.0385790292412042,-0.032830037260428
1775066322247226600,313.3782265625,0.0605354249835014,0.0126414549082517,0.0119514998827129
1775066322257266700,313.3882666015625,0.0614610153958201,-0.0080751699060201,0.0392787567420862
1775066322267305700,313.3983056640625,0.0116989133611321,0.0255383458822965,0.0463167656200937
1775066322277344800,313.4083447265625,-0.0045882045730948,0.0284960266441106,0.0759172098421491
1775066322287383600,313.4183835449219,0.0009951485171914,0.0297480725318193,0.0972817589048296
1775066322297422600,313.42842260742185,-0.0155868607103824,0.0233358674019575,0.0616249737858772
1775066322307462000,313.4384619140625,-0.0076458385780453,0.019224340429902,0.009515468374826
1775066322317501000,313.4485009765625,-0.0908665581002831,0.0109206224650144,0.000253700766433
1775066322327540000,313.4585400390625,0.0194233701333403,0.0116641343086957,-0.0005182517204433
1775066322337578800,313.4685788574219,0.0981000164851546,0.001986205381155,-0.0017236637211404
1775066322347617800,313.47861767578127,-0.1165257538832724,0.0219914670556783,0.0091847020504996
1775066322357656800,313.48865673828124,-0.0942810427188873,0.0565402178674936,-0.0206751968253403
1775066322367696600,313.49869653320314,-0.0028474983856081,0.0460018727183342,0.0079389945720322
1775066322377736000,313.5087358398437,0.0700314214728772,-0.0064051908671855,0.0165558336067013
1775066322387775000,313.5187749023437,0.0899067731574177,-0.0151297645926475,0.0321689064705744
1775066322397813800,313.5288137207031,0.0429988915100693,-0.009382745373249,0.045424785216432
1775066322407852800,313.53885278320314,0.0317369082614779,-0.0181821379005908,0.0352595842286013
1775066322417892900,313.5488928222656,0.0672302464470267,-0.0064706573188304,0.0451761076849885
1775066322427932000,313.5589318847656,0.0918415406122803,0.0099532387375831,-0.0035314985943958
1775066322437971000,313.5689709472656,0.0591734889805316,0.0120557639747858,-0.0273363352149724
1775066322448010000,313.5790100097656,0.0502387796357274,0.0288747968286275,-0.0058626814883202
1775066322458048800,313.589048828125,0.0554711273312568,0.0481400537908077,-0.0159636216009035
1775066322468088800,313.5990888671875,0.0566205896273255,0.0446311688870191,-0.0023860366200096
1775066322478127900,313.6091279296875,-0.0003308393895626,0.0427910939782857,0.0124899541409686
1775066322488167000,313.6191669921875,-0.0326569457158446,0.0280681566208601,0.0218425783705897
1775066322498206000,313.6292060546875,-0.0369284855552017,0.01473345875144,0.0713834936689585
1775066322508244700,313.6392446289062,-0.03663330200091,0.0275362417012453,0.0853763266535475
1775066322518284800,313.6492849121093,0.0320702318690717,0.0284948576003313,0.0402370073149912
1775066322528323800,313.6593237304688,0.0763245302677154,0.0259171160668134,0.0347155039471574
1775066322538363000,313.66936279296874,0.0528720507487654,0.0081277768760919,0.0425916624160483
1775066322548402000,313.6794018554688,0.0024511925444006,0.0066109425723552,0.0345807168526575
1775066322558441000,313.68944091796874,-0.0330490137733519,0.0242366156339645,0.064560387916956
1775066322568481000,313.69948095703126,-0.0114838093057274,0.0418757326990366,0.0724176407559774
1775066322578519800,313.7095197753906,0.0238062613926827,0.0289525382399559,0.0668224145648069
1775066322588558800,313.71955883789065,0.01995075500831,0.0206786308914423,0.0556286559805273
1775066322598598000,313.7295979003906,-0.0022851883277297,0.039521278527379,-0.0059516566797159
1775066322608637000,313.73963696289064,0.0313268661558628,0.0578887098670005,0.0105890524230897
1775066322618676000,313.7496760253906,0.0477121837675571,0.0209492645263671,0.0029494243901222
1775066322628715800,313.7597158203125,0.035517011322081,0.0072357964724302,-0.0082544537293724
1775066322638754800,313.7697548828125,0.0447124174296855,0.03209668148458,0.0055772338767535
1775066322648793900,313.7797939453125,0.0063701195538043,0.007376081725955,0.0107278215729631
1775066322658833000,313.7898330078125,-0.0286395267680287,-0.0096779289275407,0.0217952503638342
1775066322668872000,313.79987182617185,0.0049435938820242,0.0106570030927658,0.0242022932392545
1775066322678912000,313.809912109375,0.0040521980002522,-0.0258610019654035,0.0351744814947247
1775066322688950800,313.81995068359373,0.0112684129893779,-0.0002682955473661,-0.0021624752635136
1775066322698989800,313.82998974609376,0.0237185831092298,0.0176104754924774,-0.0178927447662688
1775066322709028900,313.84002880859373,0.0165850779674947,0.0168827457398176,0.016243114395719
1775066322719068000,313.85006787109376,0.0144365216314792,0.0333130715370178,0.0539472056996077
1775066322729108000,313.8601079101563,-0.0027953298069536,0.0569897152006626,0.0872151411869563
1775066322739147000,313.87014697265624,-0.0254367852039635,0.0871627351462841,0.1011648656821809
1775066322749185800,313.8801857910156,-0.0267735867656767,0.063264557686448,0.0581378988550975
1775066322759224800,313.89022485351563,-0.0507002596676349,0.0182347448706626,0.0114662736490368
1775066322769263900,313.9002639160156,-0.0354572439588606,0.0188081608444452,-0.0110165936527773
1775066322779303700,313.9103037109375,-0.0044973114192485,0.0153121354222297,0.0016524251158349
1775066322789343000,313.92034301757815,0.0082125325500965,0.0092424601197242,0.0117305323421023
1775066322799382000,313.9303820800781,0.005337561635673,0.0182598793119192,0.0310809103044681
1775066322809420800,313.9404208984375,0.0447673624873161,0.0272077403992414,0.0697236158990301
1775066322819459800,313.9504599609375,0.1211899463020265,-0.0099614220440387,0.1109545661548152
1775066322829500000,313.9605,0.0359039648130536,-0.0401245051175355,0.0284576308624818
1775066322839538700,313.9705385742187,-0.153338796365261,0.0174649295419454,-0.0800024881280958
1775066322849578000,313.98057788085936,-0.1515209332883358,0.02728489728868,-0.0538608608567155
1775066322859616800,313.9906166992188,-0.0133062024272978,-0.0306336231946945,0.028383506180346
1775066322869655800,314.00065576171875,-0.0496598107039928,-0.0377256272822618,0.0526218936462886
1775066322879694800,314.0106948242188,-0.0320925898313522,0.026246201890707,0.0338853184670209
1775066322889735000,314.02073486328123,0.1431146317318082,0.0508522353589534,0.0063282897060737
1775066322899774000,314.03077392578126,0.0703717593431472,0.0669897156894206,0.0297010367860086
1775066322909813000,314.04081298828123,-0.1060775712355971,0.1104068326115608,0.0237940777645446
1775066322919851800,314.05085180664065,-0.1692918600395321,0.0937432825803756,-0.0426930769639089
1775066322929890800,314.0608908691406,-0.0531963142670691,0.0179185185283422,-0.0336429793448187
1775066322939931000,314.07093090820314,0.1105783897861838,-0.0580342558175325,-0.0115223512178286
1775066322949969700,314.0809697265625,0.0882920314371585,-0.072615738877654,0.0131910333487205
1775066322960009000,314.09100903320314,-0.037495910179615,-0.0235597392857074,-0.0102187395396642
1775066322970048000,314.1010480957031,-0.0839230225726962,0.0099713589161634,-0.0143168042419478
1775066322980086800,314.11108666992186,-0.0032028876945376,0.0102121819347143,0.0223374492154456
1775066322990126800,314.121126953125,0.1052154014483094,0.0045247839480638,0.0414887426754459
1775066323000166000,314.13116577148435,0.1183461011782288,0.0018371522992849,0.0014042225084267
1775066323010204700,314.14120458984377,-0.0257899825558066,0.0195288763344287,-0.0810184785039164
1775066323020244000,314.1512438964844,-0.150358611510694,0.0391582904338836,-0.0938349794518202
1775066323030283000,314.1612829589844,-0.12975772203058,-0.0049503158837556,-0.0872347592028789
1775066323040322800,314.1713227539062,-0.0346539647519588,-0.0067453826069831,-0.0588741955067031
1775066323050361900,314.18136181640625,-0.0110768359400331,-0.0040460605204105,-0.0265707211373373
1775066323060401000,314.1914008789062,-0.0002434533670544,0.003522913429141,-0.0094506960429251
1775066323070440000,314.20143994140625,-0.0124165601111948,0.0168716398239135,0.0029976839786395
1775066323080479000,314.2114790039063,-0.0264917010843753,0.0165770407915115,0.0105839013239368
1775066323090519000,314.22151904296874,-0.0150213357821106,0.0183972419559955,0.0022607480062171
1775066323100557800,314.2315578613281,-0.0062149289920926,-0.019192776247859,-0.0508428282097913
1775066323110596900,314.2415969238281,-0.073286331615597,-0.0059083472609519,-0.0641880474732257
1775066323120635600,314.2516357421875,0.1051613331735134,-0.0035170682102441,-0.0371339267331175
1775066323130675000,314.2616750488281,0.1006029392167925,-0.0191407537996768,-0.0276244862402789
1775066323140715000,314.27171508789064,-0.1384711898401379,0.0090384619802236,-0.0198643736327998
1775066323150754000,314.2817541503906,-0.0935609117507934,0.0151566525995731,-0.0518506718117743
1775066323160792800,314.29179272460937,-0.0059855041503906,0.0351928939342498,-0.0030828963103704
1775066323170832000,314.3018317871094,0.0262637375473976,0.023362755408883,-0.0038395964291878
1775066323180870700,314.3118706054688,0.0298537248633801,0.0364162982493639,-0.0389439535634592
1775066323190910000,314.3219099121094,0.0018181553378701,0.0412859501123428,-0.0353588433519937
1775066323200950000,314.33194995117185,-0.0339595527470111,0.0166857618629932,0.0102422665457241
1775066323210988800,314.34198876953127,-0.0116942371860146,0.0104600192159414,0.0219753379047848
1775066323221027800,314.35202783203124,0.0404839860796928,4.67617511749e-05,-0.0131231192116625
1775066323231067000,314.36206689453127,-0.0102083825424313,-0.0066389996230602,-0.0674162157394923
1775066323241106000,314.37210595703124,-0.0633610037982463,-0.0079231942147016,-0.0698508224752731
1775066323251145700,314.38214575195315,-0.0585628097362816,0.0066021747440099,-0.0818741272188723
1775066323261185000,314.3921850585937,-0.0089677348315715,0.0150689743161201,-0.0951667212459258
1775066323271223800,314.40222387695314,0.0429424851477146,0.0422562564492225,-0.0615648228301666
1775066323281262800,314.4122629394531,0.0638464492276311,0.0570797315716743,-0.0235175075791776
1775066323291302000,314.42230200195314,0.0254594354271888,0.063878305670619,-0.0213937386245466
1775066323301341700,314.432341796875,-0.0086102996960282,0.0651046325951814,-0.0330321722364053
1775066323311381500,314.4423815917969,-0.0241162041246891,0.0314046075671911,-0.0409872411604039
1775066323321420500,314.4524206542969,-0.050857642186433,0.0024929858595132,-0.0503104200998321
1775066323331459600,314.46245947265623,-0.0202105749882757,-0.0073053545773029,-0.0427170423613861
1775066323341498600,314.47249853515626,-0.0127601128518581,-0.0115974988132715,-0.0547140436199493
1775066323351538400,314.4825383300781,-0.0061722588941454,-0.0147165076166391,-0.0248352025816217
1775066323361577500,314.49257739257814,0.0233352828800678,-0.0004746317744255,-0.0085220186243765
1775066323371616500,314.5026164550781,0.0205228558078408,0.028946693021059,-0.0228803604531101
1775066323381655600,314.51265551757814,0.0034450258873403,0.0359130249023437,-0.0014114742331206
1775066323391694600,314.5226945800781,0.0236950561031699,0.0393336470007896,0.0238156868081539
1775066323401733600,314.53273364257814,0.0259784908652305,0.030992519634962,-0.0051622964003123
1775066323411773400,314.5427734375,0.0110945177271962,0.0366612129211425,-0.0456927702365443
1775066323421812500,314.5528125,-0.0078323010608553,0.031637831801176,-0.047817178511992
1775066323431851500,314.5628515625,-0.0019005729243159,0.0102437461167573,-0.0196995201935991
1775066323441890600,314.572890625,0.0034577392384409,0.0173684834301471,-0.0319979703504592
1775066323451929600,314.5829296875,0.0216647193193435,0.0189805948019027,-0.0318260295833461
1775066323461969700,314.5929697265625,0.0234463420391082,-0.0220429049819707,0.0077314710348844
1775066323472008400,314.60300854492186,-0.0079331310868263,-0.0024783728122711,0.0094497461948543
1775066323482047500,314.6130476074219,0.0073811962924897,0.0205944597393274,0.0251496388256549
1775066323492086500,314.62308642578125,0.0132420511499047,0.0025093524724245,0.0144615464748814
1775066323502125600,314.6331254882812,-0.0361070861697196,0.0074637600094079,0.0161729900352656
1775066323512165600,314.64316552734374,-0.0075412091597914,0.0235164846658706,0.005578092393279
1775066323522204700,314.65320458984377,0.0086238898299634,0.0492687655597925,0.0076028396865352
1775066323532243500,314.6632434082032,0.0155789696648716,0.0793108526021242,0.0223288092512637
1775066323542282500,314.6732824707031,-0.0052510523959994,0.0351151525229215,0.0310710830301977
1775066323552321500,314.6833215332031,0.0312111308217048,0.0336269597917795,0.057104920811858
1775066323562361600,314.69336157226564,0.0612426964700222,0.0248351660490036,0.1135512681171298
1775066323572400600,314.7034006347656,0.0393485523089766,-0.0164338329285383,0.1333634001060389
1775066323582439400,314.713439453125,0.0138745038345456,-0.0386842431813478,0.0811643349817022
1775066323592478500,314.723478515625,-0.0772270320653915,-0.0073719900727272,-0.0099501151987351
1775066323602517500,314.733517578125,-0.1575005922198295,0.0607230565100908,-0.0243336097350344
1775066323612556500,314.743556640625,0.0245417360603809,0.0614326660841703,0.052578712091688
1775066323622596600,314.7535966796875,0.2008396754696965,0.0220475811570882,0.1601538832075894
1775066323632635600,314.7636357421875,0.1559749900877475,0.013081015369296,0.1183046183903701
1775066323642674400,314.77367431640624,0.0688669077381491,0.0220113407999277,0.0616596615067683
1775066323652713500,314.78371337890627,0.070497139288485,0.022167408144474,-0.0029183716647326
1775066323662752500,314.79375244140624,-0.0967334043070674,0.0745335551977157,0.0224851505904458
1775066323672792300,314.8037922363281,-0.1506765914186835,0.064905895152688,0.0114626021209172
1775066323682831600,314.8138315429687,-0.0529366404175758,0.0432207175672054,-0.0238175317053683
1775066323692870700,314.8238706054688,0.1136231643095612,-0.0095288758456707,0.0148052636123262
1775066323702909400,314.8339094238281,0.1720320986583828,-0.0013245266020298,0.0890676919847726
1775066323712948500,314.84394848632815,0.0387795202493667,0.0827513484448194,0.0923284290800802
1775066323722988500,314.8539885253906,-0.0617542992539703,0.103850835096836,-0.0042419666850008
1775066323733027600,314.86402758789063,-0.0079449676550924,0.0597837298333644,0.021340492333658
1775066323743066600,314.8740666503906,-0.003220715612173,-0.0204389769166708,0.0785843466921709
1775066323753105700,314.88410571289063,0.044672377680242,-0.0287947173297405,0.0365724569254554
1775066323763144400,314.89414453125,0.0063575523331761,-0.0287888721108436,-0.0716094113793224
1775066323773184500,314.9041845703125,-0.095209409610182,0.0037087913900613,-0.1584677750178612
1775066323783223600,314.9142236328125,-0.130106389337778,0.0212047005921602,-0.148623695743177
1775066323793262600,314.9242626953125,-0.0590083615466952,0.023646248525381,-0.0850234763615764
1775066323803301600,314.93430151367187,0.0317220029532909,0.0507628035098314,-0.007838438540697
1775066323813340400,314.94434033203123,0.1015299909338355,0.0694704265892505,0.0288817562923766
1775066323823380500,314.95438037109375,0.1115871284373104,0.0802022484838962,0.0723479365206323
1775066323833419500,314.9644194335938,0.0843229816757142,0.0853460411131381,0.0916594985762611
1775066323843458300,314.97445825195314,0.0770363317988813,0.077830258655548,0.0819720711680129
1775066323853497600,314.9844975585938,-0.0106102413415908,0.054900049445033,0.0546249588306993
1775066323863536600,314.99453662109374,-0.1737792345866561,0.0248170458704233,0.0140598520725034
1775066323873576700,315.00457666015626,-0.0581818475946784,0.023038345760107,-0.0103922329430468
1775066323883615500,315.0146154785156,0.0780234431400895,0.0034112697482109,0.0277911845766939
1775066323893654500,315.02465454101565,-0.1479307998418808,0.037976971694827,0.0427799697960726
1775066323903693300,315.034693359375,-0.1523220205381512,0.0811176097631454,-0.0277557114045135
1775066323913732600,315.04473266601565,-0.0136789812624454,0.0601245060950517,-0.0040265886349603
1775066323923771600,315.0547717285156,0.0816226366758346,0.0534878445595502,0.0250656320703215
1775066323933811500,315.0648115234375,0.0719140203490853,0.051895606932044,-0.0015137838301248
1775066323943850500,315.0748505859375,0.0056393210612237,0.0695481680005788,-0.0158208703956566
1775066323953889500,315.0848896484375,-0.0245537187591195,0.0467465536057949,0.0301028042536228
1775066323963928600,315.0949284667969,0.0058826282978057,0.0124894792169332,0.0390809326150454
1775066323973967600,315.10496752929686,0.0573100331962108,-0.0055021045476198,-0.021287830564659
1775066323984007700,315.1150075683594,0.0295712546601891,-0.0096972181499004,-0.0885607105770148
1775066323994046500,315.12504638671874,-0.0605482844650745,-0.0150929397135972,-0.0940743411656469
1775066324004085500,315.1350854492188,-0.0672283467508852,-0.0153553900420665,-0.1151241434570401
1775066324014124500,315.14512451171873,-0.0336231603994965,-0.0113373865723609,-0.0938842984862625
1775066324024163600,315.1551635742188,-0.0229763864398002,-0.0267810394197702,-0.0834242975366301
1775066324034203600,315.1652036132813,0.0004480360284447,-0.013481997385621,-0.0752501790344715
1775066324044242700,315.17524267578125,-0.007323767016828,0.0204839851021766,-0.0121490134824998
1775066324054281500,315.1852814941406,-0.0340296953737735,0.0453039535820484,0.0007231449090875
1775066324064320500,315.19532055664064,-0.0219312613010406,0.0331073198318481,0.0157122771883383
1775066324074359300,315.205359375,-0.0091012980833649,0.0477232896834611,-0.0012729973441921
1775066324084399400,315.2153994140625,0.0428083373740315,0.0263163445174694,-0.0570172973273322
1775066324094438700,315.22543872070315,0.0171495799824595,-0.0090191727578639,-0.0263757465545088
1775066324104477700,315.2354777832031,-0.0105213940143585,0.0002542670220136,-0.0062459086522459
1775066324114516500,315.2455166015625,-0.0186499015428125,-0.0189490306198596,-0.0027037060007452
1775066324124555500,315.25555541992185,-0.0211819042384624,-0.0208136554479599,-0.0338612069390714
1775066324134594600,315.2655944824219,-0.0006017652854323,-0.0246405202597379,-0.0506268839041702
1775066324144634400,315.2756342773437,0.0082116557672619,-0.0060065469384193,-0.0564264004957862
1775066324154673700,315.2856735839844,0.0046656537234783,0.0352338104665279,-0.0198721002815291
1775066324164712400,315.2957124023437,0.0266752409577369,0.0455833550453186,-0.028559922193177
1775066324174751500,315.3057514648437,0.0102019528016448,0.0454471614450216,0.0186610805239528
1775066324184790500,315.3157905273437,-0.0494764169611036,0.0334644627064466,0.0161035963271744
1775066324194830300,315.32583032226563,-0.0412020712211728,0.0491395862221717,-0.0076985551459714
1775066324204869600,315.33586962890627,-0.0362371422901749,0.0453249963700771,-0.0241159301300533
1775066324214908700,315.34590869140624,-0.0311471256747841,0.0228226571828126,-0.050445919580385
1775066324224947500,315.3559475097656,-0.0111050391212105,0.0001391162097454,-0.0504105012071318
1775066324234986500,315.3659865722656,-0.0060857496544718,0.0003413607835769,-0.0494352264341898
1775066324245026600,315.37602661132814,-0.0045671617850661,-0.0205675717324018,-0.0296980045787058
1775066324255065300,315.3860654296875,-0.020120558617264,-0.0001128127247095,-0.0049051067688502
1775066324265104600,315.39610473632814,-0.0195811910435557,-0.0165045600771903,-0.0215181504555046
1775066324275143700,315.4061437988281,-0.0214976921893656,-0.015613748717308,-0.0013582644748501
1775066324285182500,315.41618237304687,-0.0441189815811812,-0.0093476740598678,0.0337677199693396
1775066324295222500,315.4262224121094,0.0021034020200371,-0.0018231237739324,0.0440335317874327
1775066324305261600,315.4362614746093,0.101109427434206,-0.0075672203838825,0.0563150673421099
1775066324315300400,315.4463002929688,0.0242272632837295,0.0051280105382204,-0.0232824201816692
1775066324325339400,315.45633935546874,-0.1689537141263485,0.0296095408439636,-0.0965462477045133
1775066324335378400,315.4663784179688,-0.0907286109343171,0.035235564032197,-0.0276736043453216
1775066324345418500,315.47641845703123,-0.0249634686037898,0.0037105449557304,0.0767290924806147
1775066324355457300,315.48645727539065,-0.0214135210372507,-0.038631636211276,0.104542561954353
1775066324365496300,315.4964963378906,0.0615256050646305,-0.005225625693798,0.0741455422608181
1775066324375535400,315.50653540039065,0.0947933761551976,0.003259878578782,0.0489132666530087
1775066324385574400,315.5165744628906,-0.0231003050804138,0.0482154571145772,0.0462703874614089
1775066324395614500,315.52661450195313,-0.1686786965772509,0.0777998635172843,0.0245377174723893
1775066324405653500,315.5366535644531,-0.1346938632585108,0.1111526825428008,-0.0309703626020811
1775066324415692300,315.5466923828125,0.0419030590973794,0.0467068061172962,-0.0100524613283574
1775066324425731300,315.5567314453125,0.1773414571128785,-0.0260468799263238,0.0737017074834555
1775066324435770400,315.56677026367186,0.0817313577473163,-0.0069803604066371,0.0756124912745319
1775066324445809400,315.5768093261719,-0.081821374118328,0.0137894558995962,0.0346038419999182
1775066324455849500,315.5868493652344,-0.1223591362118721,-0.0053057051926851,0.0075030691064894
1775066324465888300,315.59688818359376,-0.0417255105733871,-0.0176233349740505,0.0804168045500293
1775066324475927300,315.60692724609373,0.0269043735384941,-0.0425169532120227,0.0909572320584207
1775066324485966300,315.61696630859376,0.0564101617470383,-0.0200759888231754,0.0168110687430948
1775066324496005400,315.62700537109373,-0.0411734296485781,-0.0203372701078653,-0.0194584779793396
1775066324506045400,315.63704541015625,-0.1283189213991165,0.0015308628290891,-0.0159471088575199
1775066324516084500,315.6470844726563,-0.0955515010461211,0.0266968682676553,-0.0329979777058586
1775066324526123300,315.65712329101564,-0.0193859607324004,0.0280400995701551,-0.032397856388241
1775066324536162300,315.6671623535156,0.0295955123186111,0.0152080905258655,0.0170850268462672
1775066324546201300,315.67720141601563,0.0526259670332074,0.0049731122374534,0.0637593554660677
1775066324556241200,315.6872412109375,0.013060557103157,0.0059831660628318,0.0921669914406724
1775066324566280400,315.6972805175781,-0.0333576413311064,0.0244751005649566,0.084222042051889
1775066324576319500,315.7073195800781,-0.0140123048700392,0.0030576340049505,0.0571265115891583
1775066324586358300,315.7173581542969,-0.0258195009112358,-0.0104962595731019,0.0358128707298077
1775066324596397300,315.7273972167969,-0.0808113202929496,-0.0044920507222414,0.0601726012867875
1775066324606437400,315.7374372558594,0.1218532325163483,-0.008774842607975,0.0438958403497934
1775066324616476400,315.74747631835936,0.1093674065612256,-0.0009644611179828,0.0431343361916951
1775066324626515500,315.7575153808594,-0.1089785533741116,0.0206979201138019,0.0669717233750037
1775066324636554500,315.76755444335936,-0.0756070296481251,0.0548415972560644,0.0303299458066932
1775066324646593300,315.7775932617188,-0.000759001673758,0.0325438407301902,-0.0045261721875518
1775066324656632300,315.78763232421875,0.0646855304002761,0.0159656308948993,0.0192681065063923
1775066324666672400,315.79767236328127,0.0303387319013476,0.0303629895597696,0.0476777152423746
1775066324676711400,315.80771142578124,-0.0305611424803733,0.0208306065827608,0.0667494954590685
1775066324686750500,315.81775048828126,-0.0089876085758209,-0.0076741878896951,0.0823884334165602
1775066324696789200,315.8277893066406,0.0036360184147953,-0.0342547363013029,0.0835421517626382
1775066324706828300,315.83782836914065,0.0124409639000892,-0.0284317292362451,0.044502190478798
1775066324716868400,315.8478684082031,-0.0138159055151045,-0.0216314015716314,0.0024160664320923
1775066324726907100,315.8579072265625,-0.0402878789857029,-0.0121814361810684,-0.0400326438493095
1775066324736946400,315.8679465332031,-0.0323296134576201,0.0145996032387018,-0.0053445576320402
1775066324746985500,315.8779853515625,-0.0042168870426714,0.0353588981509208,0.0074142765781842
1775066324757024300,315.8880241699219,0.0022749591946601,0.0297954188048839,0.0059174621491692
1775066324767064300,315.89806420898435,-0.0055167175948619,0.0297521641850471,0.0443510367713868
1775066324777103400,315.9081032714844,0.0140334937885403,0.0409258846282959,0.0373907145057804
1775066324787142400,315.91814233398435,0.0067480129554867,0.0144160633653402,0.026061821767129
1775066324797181400,315.9281813964844,-0.0180022512890398,0.0175748196572065,0.0139371938072144
1775066324807220500,315.93822045898435,-0.0205588039040565,0.0128092126905918,0.0205940578805282
1775066324817260300,315.94826025390626,-0.0210989021301269,0.0217927296131849,0.0124722723538056
1775066324827299300,315.9582993164062,-0.0322581556566059,0.0403565603077411,0.0126959433081559
1775066324837338400,315.96833837890625,-0.0119160632431507,0.0233580792337656,-0.0054081243875436
1775066324847377400,315.9783774414062,0.0049032618716359,0.0026952304333448,0.0018471439703367
1775066324857416400,315.98841650390625,0.0157192549183964,-0.0106692780524492,0.0234775956938974
1775066324867455500,315.9984555664063,-0.0008382043898105,-0.0003314239114522,0.0323799006064422
1775066324877495300,316.00849536132813,-0.0312052856028079,-0.0121288292109966,0.0578673017527908
1775066324887534300,316.0185344238281,-0.0445347227752208,0.0145288760900497,0.0444653473334386
1775066324897573400,316.0285734863281,-0.0315419702112674,0.0257353297591209,0.0038435236856341
1775066324907612400,316.0386123046875,-0.013922142368555,0.0312877031892538,-0.0129124538693577
1775066324917651500,316.0486513671875,-0.0035690906584262,0.0465104067623615,-0.0055894357712008
1775066324927691500,316.05869140625,-0.049504620142281,0.0307242240875959,-0.0027516915946267
1775066324937730300,316.0687302246094,-0.0146855279564857,0.0276817876517772,0.0177045104514807
1775066324947769300,316.07876928710937,0.0037022155188024,0.0032312370061874,0.0132973432674072
1775066324957808400,316.0888083496094,0.0131457511685788,0.0396697470873594,-0.0032889220101758
1775066324967847400,316.09884741210936,0.0137409405827522,0.0575730680465698,0.0141956438140012
1775066324977887500,316.1088874511719,-0.0027224107012152,0.0559521888464689,0.0196737646978348
1775066324987926500,316.11892651367185,-0.0118396370060741,0.0243429986178874,-0.0266164417088963
1775066324997965300,316.12896533203127,-0.0065232642889022,-0.0079389763057231,-0.0436615201372653
1775066325008004400,316.13900439453124,0.014386545009911,0.0131809686124324,-0.0335714484785683
1775066325018043400,316.14904345703127,0.1027529568575322,0.0136766431748867,0.0049867571703158
1775066325028083200,316.1590832519531,0.124775403573364,0.0078349314093589,-0.0086455354061909
1775066325038122500,316.16912255859376,-0.0989431893110275,0.0040934067934751,-0.0727406986978836
1775066325048161300,316.1791613769531,-0.1647401880845427,0.0178115510225296,-0.0726571668665856
1775066325058200300,316.18920043945315,0.0225249894104897,-0.0023947861820459,0.0039415224337019
1775066325068239400,316.1992392578125,0.0451857340298593,-0.0194809455394744,0.0615947978433221
1775066325078278400,316.2092783203125,0.0096875735387206,0.0464741664052009,0.0486370435275137
1775066325088318500,316.219318359375,0.1269683835729956,0.0500210452318191,0.0277318921375088
1775066325098357500,316.229357421875,0.1413290634892881,0.0507633880317211,0.0200583253023214
1775066325108396300,316.2393962402344,-0.03345803296566,0.068341130298376,-0.0061803508690558
1775066325118435300,316.24943530273435,-0.12529109801054,0.1039911203503608,-0.0271075314277783
1775066325128474400,316.2594743652344,-0.0952737070180475,0.0514490322083234,-0.0568140663728117
1775066325138514200,316.26951416015623,0.0511525334797799,-0.0135386960089206,-0.046326556361746
1775066325148553500,316.27955346679687,0.1050783310651779,-0.0418774862647056,0.0233377488317899
1775066325158592500,316.2895925292969,0.0008887655332684,0.0024216741889715,0.0395345033351331
1775066325168631300,316.29963134765626,-0.0958124900698661,0.0346580564051866,0.0211607335862703
1775066325178670300,316.30967041015623,-0.0498866051971912,0.0257744927257299,-0.0155474968143738
1775066325188710400,316.31971044921875,0.0482791700005531,0.0107008422344923,0.0194944808744825
1775066325198749200,316.3297492675781,0.1109971997201442,0.0106967505812644,0.0175028686658479
1775066325208788500,316.33978857421874,0.0672666329346597,0.0203232415825128,-0.0169938962304033
1775066325218827300,316.3498271484375,-0.0219406136512756,0.0298310746401548,-0.0482537980972789
1775066325228866300,316.3598662109375,-0.064359367185831,0.043639235240221,-0.0675446278921328
1775066325238906400,316.36990625,-0.0570917142704129,0.0319487974464893,-0.0801490387256257
1775066325248945400,316.3799453125,-0.0109258831620216,0.0109147772461175,-0.0335747364141978
1775066325258984400,316.389984375,0.0191569742821156,9.8784199357e-05,-0.0347917657874524
1775066325269023500,316.4000234375,-0.0123744745351374,-0.0083165774464607,-0.0126320477590896
1775066325279062300,316.4100622558594,-0.0251133984684944,-0.0125368254899978,0.0404666878850199
1775066325289101300,316.4201013183594,0.0129845692574977,-0.0005173018723726,0.0240291651620529
1775066325299141400,316.43014135742186,0.0596145107463002,0.0036368951976299,0.0027907084307633
1775066325309180200,316.4401801757812,0.016240356183052,0.0034358196675777,0.0011972469605505
1775066325319219200,316.45021923828125,-0.0090717797279357,0.0087982234835624,0.000444675027579
1775066325329258200,316.4602583007813,0.1443713537946343,-0.0134352356344461,-0.0287266570622101
1775066325339297000,316.47029711914064,-0.0725014648482203,0.0126671738713979,-0.0156215666975826
1775066325349337000,316.4803371582031,-0.1094973165512084,0.026589316239953,-0.0131405452704988
1775066325359376100,316.4903762207031,-0.027094635413587,0.0534632946401834,-0.0151510265763849
1775066325369415200,316.5004152832031,-0.0089148356005549,0.0258598329216241,0.0038040501917712
1775066325379454200,316.5104541015625,0.0271034032419323,0.0299865574628114,0.0009062829236499
1775066325389493200,316.5204931640625,0.0320516732990741,0.0238636906683444,-0.0309145772942341
1775066325399533300,316.530533203125,0.0142307699263095,-0.0116857616186141,0.0256131646841764
1775066325409572000,316.5405720214844,-0.0135142922200262,-0.0108569095790386,0.0998534177574329
1775066325419611100,316.5506110839844,0.0121846510514616,-0.0005371756166219,0.0845281305926851
1775066325429650200,316.5606501464844,0.0187986623637378,0.0124929863482713,0.0012640468527562
1775066325439689200,316.5706892089844,0.0289459623686969,0.035481647747755,-0.0375913516444154
1775066325449729300,316.58072924804685,-0.0097369656383991,0.0197924957066774,-0.0360941170902922
1775066325459768000,316.59076806640627,-0.0309770298048853,0.0221720843195915,-0.0298547660429961
1775066325469807000,316.60080712890624,-0.0187044082090258,0.020777999612689,-0.0301151522785425
1775066325479846100,316.61084619140627,0.0152142280057072,0.02808686132133,-0.0427474374996498
1775066325489885200,316.62088525390624,0.0355668418131768,0.0323269831091165,0.0121150564139708
1775066325499925200,316.63092529296875,0.0403504228278994,0.0734422528296709,0.0276506253285333
1775066325509964300,316.6409643554687,0.029449235715717,0.0630915392071008,-0.0032093357016332
1775066325520003000,316.65100317382814,-0.0072729136124253,0.0356926601499319,0.0094466774549335
1775066325530042000,316.6610419921875,-0.0095081253185868,0.017855390164256,0.0210068399325013
1775066325540081200,316.6710810546875,0.005737520738691,0.0022556699723005,0.0059806453121826
1775066325550120200,316.6811201171875,-0.0028992285728454,-0.0221592248380184,0.0009668174718506
1775066325560160300,316.69116015625,0.000792611682415,-0.0130763391941785,0.0199696241055615
1775066325570199300,316.70119921875,-0.023996961659193,-0.0118441670507192,0.0223297225667163
1775066325580238000,316.7112380371093,-0.0210214529797434,-0.0195990189611911,-0.0079137687992304
1775066325590277000,316.7212770996094,0.0338341728016734,0.0173193835914134,-0.0096251940933056
1775066325600316200,316.7313161621093,0.0352465238176286,0.0411240375488996,0.0133399950990453
1775066325610356000,316.74135595703126,0.0341267260074615,0.0606225187450647,0.0275095728900283
1775066325620395300,316.7513952636719,0.0319176716558635,0.0589554623156785,0.0046399347603321
1775066325630434300,316.76143432617187,0.0267129426196217,0.0281061505436897,-0.0198538887714035
1775066325640473000,316.7714731445312,-0.0360135626673698,0.0651186611205339,-0.0203883427079767
1775066325650512100,316.78151220703126,-0.0243558580994606,0.063799979737401,-0.0332421799915842
1775066325660552200,316.7915522460938,0.0237821498647332,0.0189899471521377,-0.0438889539512805
1775066325670591200,316.80159130859374,0.0264984230861067,-0.000158405432105,-0.0257613775158301
1775066325680630300,316.81163037109377,-0.0207154557704925,0.0047018940806388,-0.0271651616328395
1775066325690669000,316.8216689453125,0.0105015202701091,0.0086725512772798,0.0025035437861457
1775066325700708000,316.8317080078125,-0.0070271221578121,-0.0149491473287343,0.0040631943183019
1775066325710747100,316.8417470703125,-0.0136506319507956,-0.0003583119183778,-0.0083776234513148
1775066325720787000,316.8517868652344,0.0420671636179089,0.0262859493792057,0.0160796674623154
1775066325730826200,316.861826171875,0.0712999801039695,0.0480886158645153,0.058602100567054
1775066325740865300,316.871865234375,0.1043510397039353,0.0251069687277078,0.0997949473021551
1775066325750904000,316.8819040527344,0.0933830709658563,0.0130751701503992,0.0383088705303147
1775066325760943000,316.8919431152344,-0.0847124193847179,0.015007599517703,-0.0609981836570426
1775066325770983200,316.9019831542969,-0.1760650074362754,0.0250415022760629,-0.0745014064937829
1775066325781022000,316.91202197265625,-0.0343543972834944,-0.0283761996567249,-0.0165574958408251
1775066325791061200,316.9220612792969,0.0349438876092433,-0.0387818583369255,0.0476362141882069
1775066325801100300,316.93210034179685,0.011926584637165,0.0206061501771211,0.0734760272351093
1775066325811139000,316.9421391601563,0.0914192235469818,0.0443634578615427,0.0435888567598536
1775066325821179100,316.95217919921873,0.0916191300332546,0.0437035326480865,0.0188907428276725
1775066325831218200,316.9622182617188,-0.0167357384845614,0.0825175396889448,0.0119979511066339
1775066325841257200,316.9722573242188,-0.128742261377722,0.0830541307836771,-0.0207925395946949
1775066325851296300,316.9822961425781,-0.0808873081386089,0.0254804782152175,-0.0657690878532826
1775066325861335000,316.9923349609375,0.0727891957484185,-0.0278624049156904,-0.0508213470303453
1775066325871374000,317.0023740234375,0.1282509707294404,-0.0487719219535589,0.0100468901040963
1775066325881414100,317.0124140625,-1.4613047242e-06,0.0027267946153879,0.0184073614912107
1775066325891453200,317.022453125,-0.0741444097496569,0.0591220510542392,-0.0299107705465517
1775066325901492200,317.0324921875,-0.0358776613280177,0.0329576822280883,-0.0117456933786161
1775066325911531300,317.04253125,0.0275286429166793,0.0172340433955192,0.0445511259207501
1775066325921570000,317.0525700683594,0.0539073851458728,0.0007476034969091,0.0239391670573502
1775066325931610000,317.06261010742185,0.0272059868335723,0.0088701196759939,-0.0490507571612484
1775066325941649200,317.0726491699219,-0.0566343258917331,0.0080687401652336,-0.0935297311612404
1775066325951688000,317.08268798828124,-0.0950511503085494,-0.0133113169938325,-0.0814084094032645
1775066325961727200,317.0927272949219,-0.0404454076349735,-0.0101385321766138,-0.035586313698627
1775066325971766300,317.1027663574219,0.011475333738327,-0.0100800799876451,-0.0103102172154001
1775066325981806000,317.1128061523437,0.0037082068681716,-0.0367167425006628,0.0069403571898117
1775066325991845000,317.1228452148438,0.0218212250553071,-0.0125596218436956,0.0473712431090883
1775066326001884200,317.1328842773437,0.0476372188352048,-0.010479308438301,0.083342793265637
1775066326011923200,317.1429230957031,0.0275873873665928,0.0201379481434822,0.0588302832997404
1775066326021962200,317.15296215820314,0.0052712184011936,0.0494628268271684,0.0372376793685369
1775066326032002300,317.1630021972656,-0.0470516740322113,0.0409416667193174,0.0079190842951647
1775066326042041000,317.173041015625,0.0465469393804669,0.0402554380208253,-0.0223423993851989
1775066326052080000,317.183080078125,0.0867258050337433,0.0006330372065305,-0.0428080085804685
1775066326062119200,317.193119140625,-0.1717813387677073,0.0139957921266555,0.0021630415190942
1775066326072158200,317.203158203125,-0.1463102129027247,0.0510837060272693,-0.0137906432096846
1775066326082197200,317.213197265625,0.0338417715862393,0.0361526788771152,-0.0251222210957668
1775066326092237300,317.2232373046875,0.0852609931781887,0.0160708448350429,-0.0343078729943372
1775066326102276000,317.2332761230469,0.0495993126884102,0.0176888014256954,-0.0313758381304331
1775066326112315100,317.24331518554686,-0.017147680286318,0.0194973121523857,-0.0191976898849941
1775066326122354200,317.2533542480469,-0.0145350135698914,-0.003522913429141,0.0392650752766057
1775066326132393200,317.26339331054686,0.0068657941162586,-0.002113046631217,0.0774919118129648
1775066326142433300,317.2734333496094,0.0493824550673365,0.0029278701454401,0.0125794042563997
1775066326152472300,317.28347241210935,0.0576373654544353,0.0115986678570508,-0.0497313781028613
1775066326162511000,317.2935109863281,0.013130553599447,0.0009726444244384,-0.0398807046906091
1775066326172550100,317.30355004882813,-0.0285515562236309,0.0188064072787761,-0.0520483132757246
1775066326182589000,317.3135888671875,0.0118985275864601,0.0222165079832077,-0.0624897921879775
1775066326192629000,317.32362890625,0.0471291231825947,-7.8325933218e-05,-0.0044258536182343
1775066326202668300,317.33366821289064,0.0142108961820602,0.0153290865570306,-0.0193670916351489
1775066326212707000,317.34370703125,-0.0051031683579087,0.0117371995449066,-0.057345451569464
1775066326222746000,317.35374609375,-0.0779880795657634,-0.0147556705832481,-0.0463348127334378
1775066326232785200,317.36378515625,-0.0845944920934736,-0.0171101247549057,-0.0214145622168667
1775066326242824200,317.37382421875,-0.0380409768417477,0.0191547823250293,-0.006084069154039
1775066326252864000,317.3838640136719,0.0278711727440357,0.0294581496745347,-0.0029077954717911
1775066326262903300,317.3939033203125,0.0569884000264108,0.0340513226836919,-0.0123976544813252
1775066326272942000,317.4039421386719,0.0469908837556838,0.0219973122745752,-0.0237501472912728
1775066326282981000,317.41398120117185,0.0260239374421536,0.0265238497883081,-0.0148446823072619
1775066326293020200,317.4240202636719,-0.0186664142861962,0.0327969387084245,-0.0208202130529098
1775066326303060000,317.43406005859373,-0.0453448701143264,0.0440226815998554,-0.0104239797881804
1775066326313099300,317.4440993652344,-0.0141673493012785,0.03069792060256,-0.0272212392016313
1775066326323138000,317.4541379394531,-0.0197460262164473,0.0181897366851568,-0.0150812492758035
1775066326333177000,317.46417700195315,0.002069061359018,0.0079027359485626,-0.0468775047753937
1775066326343216000,317.4742160644531,-0.0026548984229564,0.0229442377358674,-0.033817057270091
1775066326353256200,317.48425610351563,-0.0436065020143985,0.0296212312817573,-0.0214453592139296
1775066326363295000,317.494294921875,-0.0187605223104357,0.020817162579298,-0.040607795122452
1775066326373334300,317.50433422851563,-0.0294970203801989,0.0111216979950666,-0.0423845042050816
1775066326383373000,317.514373046875,-0.0389756273433566,0.021904373294115,-0.028798699385114
1775066326393412000,317.524412109375,-0.0418038365066051,0.0437462027460336,-0.0314827325710095
1775066326403452200,317.5344521484375,-0.004103782057017,0.0394978976517915,-0.0805399194730445
1775066326413491000,317.5444909667969,-0.0158519413873553,0.0253179811298847,-0.064287635390181
1775066326423530000,317.55453002929687,-0.0071687225855886,0.0050859249621629,-0.0449351020033471
1775066326433569300,317.5645693359375,0.0001890928313136,-0.0086959321528673,-0.0244697850690223
1775066326443608000,317.57460815429687,0.0136903794392943,-0.0338251127123832,-0.0368476023387163
1775066326453647000,317.5846472167969,0.0440837641373276,-0.0257476047188043,-0.0353957595625892
1775066326463687200,317.59468725585936,0.1405773683391511,-0.0238280348330736,0.0113716907007619
1775066326473726000,317.6047258300781,0.2165525006473064,-0.0458534041583538,0.0149672127083875
1775066326483765200,317.61476513671874,-0.0207607562169432,-0.0322170929938554,-0.0411981804973445
1775066326493804300,317.6248041992188,-0.2373544656574726,0.0338812268137931,-0.0614432057444937
1775066326503843000,317.63484301757813,-0.1060860468029975,0.0382592957675457,0.0245219171150587
1775066326513883100,317.64488305664065,0.0664580930307507,0.0100718966811895,0.1151195586134679
1775066326523922200,317.6549221191406,0.0361389426127076,-0.0115519061058759,0.1050578180001117
1775066326533961000,317.6649609375,0.0170110482946038,-0.003550970479846,0.006624715369381
1775066326544000300,317.6750002441406,0.0945803179264068,0.035257775864005,-0.0427776134422048
1775066326554039000,317.6850390625,-0.0101236268684268,0.0972995137572288,-0.0141719158785417
1775066326564079000,317.6950791015625,-0.1547685369074344,0.1346340958952903,-0.0209371539634652
1775066326574118100,317.7051181640625,-0.0449674151040613,0.0790548320144414,-0.069996678953059
1775066326584157200,317.7151572265625,0.1055553009271621,0.0095738840311765,-0.0280945697037503
1775066326594196000,317.72519604492186,0.1528372765839099,-0.0448754990369081,0.0271863140187226
1775066326604235300,317.7352353515625,0.0298934723518788,-0.0234796597868204,0.0047569852687418
1775066326614274000,317.74527416992186,-0.1236310558438301,0.0228501297116279,-0.0409594946369528
1775066326624314000,317.7553142089844,-0.1553469213172793,0.0122404728919267,-0.0208749571811407
1775066326634353200,317.7653532714844,-0.0367781172990798,-0.0001268412500619,0.0425124779663048
1775066326644392000,317.7753918457031,0.0608230097532272,0.0074649290531873,0.0437374714503064
1775066326654431200,317.78543115234373,0.0194938050210475,0.0386526789993047,-0.0272875641698017
1775066326664470300,317.79547021484376,-0.0532557893693447,0.0614613076567649,-0.0606415157064795
1775066326674510000,317.8055100097656,-0.0650059945262968,0.0604722966194152,-0.1051493870073929
1775066326684549000,317.81554907226564,0.0072162149891257,0.0674339523255825,-0.1146467717362567
1775066326694588200,317.8255881347656,0.0527566076755523,0.0513274516552686,-0.0709917178723961
1775066326704627000,317.835626953125,-0.0080196403264999,0.0311684607237577,-0.0403687804684974
1775066326714666200,317.8456662597656,-0.0198562085926532,0.006730769559741,-0.0071444649271667
1775066326724706000,317.8557060546875,0.0179074126124382,0.0077174425095319,0.0186102819184772
1775066326734745000,317.8657451171875,0.0277077988758683,-0.0211380650967359,0.0644452553709968
1775066326744784100,317.8757841796875,-0.0441150360584259,-0.0270551801860332,0.1090502303708344
1775066326754823200,317.8858232421875,-0.1306651922643184,-0.0438882415652275,0.0493308710105717
1775066326764862000,317.89586206054685,0.0770823628976941,-0.0502373183310031,0.0123595509606413
1775066326774902000,317.90590209960936,0.1611105994105339,-0.0347626858234405,-0.0088346647701226
1775066326784941300,317.91594140625,-0.0533586652219295,0.0263093302547931,0.023185298216436
1775066326794980000,317.92597998046875,-0.0746317548751831,0.0527168601870536,0.0184962636173702
1775066326805019100,317.9360190429687,0.0064097209118306,0.0673655632644891,-0.0080234214524738
1775066326815058200,317.94605810546875,0.0662331982336938,0.096689272904396,-0.0061598743366077
1775066326825098000,317.9560979003906,-0.0221463653564453,0.1125619648188352,0.0044526868262328
1775066326835137000,317.96613696289063,-0.0594146042600274,0.1084954460322856,0.0400020477816462
1775066326845176300,317.97617626953127,0.0232712777331471,0.0741951170235872,0.0268244949690066
1775066326855215000,317.9862150878906,0.0614915566645562,0.0293061739832162,0.0548319526448845
1775066326865254100,317.9962541503906,0.044491468155384,-0.0181079036206007,0.0112354057689197
1775066326875293000,318.00629296875,0.0026139818906784,0.017227029132843,-0.0221537632116116
1775066326885333000,318.0163330078125,-0.0328852015137672,0.0201993229418992,-0.0373102879470214
1775066326895372000,318.0263720703125,-0.0128229489549994,0.0045984337061643,-0.034718846681714
1775066326905411000,318.0364111328125,0.0182838447093963,-0.0101584059208631,-0.0418638961307704
1775066326915450000,318.0464501953125,0.028952245979011,0.0137122990101575,-0.0221923233900219
1775066326925489200,318.0564892578125,-0.0238847334563732,0.0499620085209608,0.0319894217178225
1775066326935529200,318.066529296875,-0.0713311058945953,0.0601046323508024,0.0532964867059141
1775066326945568000,318.07656811523435,-0.0641280426479876,0.0877934342652559,0.0525216846748255
1775066326955607300,318.0866071777344,-0.0461854125916957,0.067626844549179,0.0172276136547327
1775066326965646000,318.09664599609374,-0.0323635157272219,0.0763075791329145,-0.0195966626073233
1775066326975685000,318.10668505859377,0.0014753332495689,0.0565326190829277,-0.0398623835826292
1775066326985724200,318.11672412109374,-0.021923077994585,0.0544610735058784,-0.0172103519926778
1775066326995764000,318.12676391601565,-0.0198036016225814,0.0358586643666028,0.0425816159460693
1775066327005803000,318.1368029785156,0.0264075299322605,0.039461657294631,0.0445376819172874
1775066327015842300,318.14684228515625,0.0349345352590084,0.0391278952956199,0.0240302611405961
1775066327025881000,318.1568811035156,0.0323484642885625,0.0156558342933654,0.0429224652729928
1775066327035920100,318.16692016601564,0.0249950327858328,0.0368441682726144,0.0147464278308674
1775066327045960200,318.1769602050781,0.0472431049510836,0.0454869089335203,-0.0266707839783281
1775066327055999000,318.1869990234375,0.0157652860172092,0.0409521881133317,-0.007344901136402
1775066327066038000,318.1970380859375,-0.0279850083820521,0.0208545719802379,-0.0076267137524671
1775066327076077300,318.2070773925781,-0.0125955699399113,0.0395259547024965,-0.0345121268621645
1775066327086116000,318.2171162109375,-0.008853168541193,0.0386842431813478,-0.0343560960502363
1775066327096156200,318.22715625,-0.0120298988811671,0.0215209269344806,-0.0080194211307913
1775066327106195200,318.2371953125,-0.0148842653989791,0.034142508098483,0.0302146853965707
1775066327116234000,318.24723388671873,0.0058314826324582,0.0382750778585672,0.0127598571235314
1775066327126273300,318.25727319335937,0.0362555547297,0.043005028989911,-0.02574055392351
1775066327136312000,318.2673120117188,0.0258754688821733,0.0139537065505981,-0.0214378334945999
1775066327146352000,318.27735205078125,0.0227107212409377,-0.0003600654840469,0.0036180626329965
1775066327156391200,318.2873911132813,0.0224222596883773,-0.0032592940568923,0.0144283931239508
1775066327166430000,318.29742993164064,0.0998024364888668,0.0068418287187814,0.0175151436255313
1775066327176469000,318.3074689941406,0.1466542040348052,-0.0151812025189399,0.0642762737459503
1775066327186508300,318.31750830078124,0.0081073186099529,-0.0105529581964015,0.0100739242414943
1775066327196547000,318.3275471191406,-0.1603212025985121,0.0166705642938613,-0.0558693328686058
1775066327206587100,318.3375871582031,-0.1230497488245367,0.0267640882849693,-0.0300691577123478
1775066327216626200,318.34762622070315,-0.0139946230828762,0.0073170450150966,0.0576076827022246
1775066327226665000,318.3576650390625,0.0990833284340798,-0.0091109426945447,0.0712829924365505
1775066327236704000,318.3677041015625,0.0506631425276398,0.0400561160564422,0.0483119580253027
1775066327246743300,318.3777434082031,0.1101873446419835,0.0394441216379404,0.0406258605021052
1775066327256783000,318.387783203125,0.0128323013052344,0.0955821884453296,-0.0107433296693488
1775066327266822100,318.397822265625,-0.1608034331575036,0.11385843437016,-0.0448051920133642
1775066327276861200,318.4078610839844,-0.1114177632197737,0.0483989969879388,-0.035474359490443
1775066327286900000,318.4178999023438,-0.0249370189882814,-0.0154991824269294,0.0258875794450752
1775066327296939000,318.42793896484375,0.0898971285462379,-0.0501291817814111,0.0527247877651825
1775066327306979000,318.43797900390626,0.0591360795795917,-0.0258621710091829,0.0605744052870199
1775066327317018000,318.44801806640623,-0.0439034391343593,0.0430605585694313,0.018046327892784
1775066327327057200,318.45805712890626,-0.0689639383718371,0.0676876348257064,0.0131323619640432
1775066327337096200,318.46809619140623,-0.0241828396201133,0.0191904381603002,0.084592208804842
1775066327347135000,318.47813500976565,0.0200283502891659,-0.02493511929214,0.0741958842085674
1775066327357174300,318.48817431640623,-0.0077001991137862,-0.0678092153787612,0.0331274675707332
1775066327367214000,318.49821411132814,-0.0794479229852557,-0.0280079508662223,0.0007738156503997
1775066327377253000,318.5082531738281,-0.1182794656828045,-0.013951952984929,-0.0638381563233211
1775066327387292200,318.51829223632814,-0.0887877059996128,-0.0049713586717844,-0.0705917953019961
1775066327397331000,318.5283310546875,-0.0080067808449268,0.024651626175642,-0.0500924482339061
1775066327407370000,318.53836987304686,0.05385653174147,0.0207137022048234,0.0265063506642356
1775066327417410000,318.54841015625,0.0170199622534215,-0.0041939445585012,0.0867381165260449
1775066327427449300,318.5584494628906,-0.0190562903866171,0.0292073897838592,0.0858765495269559
1775066327437488000,318.5684880371094,0.0048331192448735,0.0479372246950864,0.0725199503529816
1775066327447527200,318.5785270996094,-0.0166398768946528,0.0472626864343881,0.0766623473873362
1775066327457566000,318.5885659179688,-0.1011547278806567,0.0240086520969867,0.0453931662354618
1775066327467606000,318.5986059570312,-0.0916144538581371,0.0078127195775508,0.0212285198591649
1775066327477645000,318.60864501953125,0.1102586563125252,-0.0238350490957498,-0.003133384388592
1775066327487684000,318.6186840820312,-0.0937502968430519,-0.0523018496453762,0.0293370623118244
1775066327497723100,318.62872314453125,-0.1925906103014945,-0.0132891051620244,0.0236349416800774
1775066327507762200,318.6387622070313,-0.078678984439373,-0.0254284557670354,-0.0069367404606193
1775066327517801000,318.64880102539064,-0.0242342775464057,-0.0345861602127552,-0.0115038109141401
1775066327527841000,318.6588410644531,0.0383390830054879,0.0040606735676527,-0.0143988199695944
1775066327537880000,318.6688801269531,0.0194961431086063,0.0107756610363721,0.0169878318157978
1775066327547919000,318.6789191894531,0.0197346280395984,0.0145399820059537,0.082528700403776
1775066327557958100,318.6889582519531,0.0244905903950333,0.0083405428439378,0.1217494433483108
1775066327567997200,318.6989970703125,-0.0031888591691851,0.0263005624264478,0.0696465320748277
1775066327578037000,318.709037109375,0.0072559624776244,-0.0020130933880805,0.004733129469119
1775066327588076000,318.7190759277344,-0.0057660161808133,-0.0060211599856615,-0.0183604536095634
1775066327598115300,318.729115234375,-0.0217059281125664,-0.0230348386287689,-0.0357153834383934
1775066327608154000,318.7391540527344,-0.0324196298286318,-0.0124509007722139,-0.0340052002533338
1775066327618193200,318.7491931152344,-0.012655775694549,-0.0209136086910963,-0.024695319186896
1775066327628233200,318.75923315429685,-0.0247273217603564,-0.0029126725763082,0.0177460115056484
1775066327638272000,318.76927197265627,-0.0390785031959414,0.0001157353341579,0.0364864043435081
1775066327648311000,318.77931103515624,0.0150572838783264,0.0438087465882301,0.0151677950480952
1775066327658350300,318.7893503417969,0.042533319824934,0.0552045853495597,0.0148202785183675
1775066327668389000,318.79938916015624,-0.0094680855691432,0.0519306782454252,-0.0034111053514294
1775066327678428200,318.80942822265627,-0.0278887084007263,0.0416091907173395,-0.0408355577300302
1775066327688468200,318.8194682617187,-0.0186148302294313,0.0259042565852403,-0.0276991223790682
1775066327698507000,318.82950708007814,-0.0112950087353587,-0.0028238252490758,0.0062201531564816
1775066327708546000,318.8395461425781,-0.0304196881830692,-0.0274690216839313,0.0193287141198292
1775066327718585000,318.84958520507814,-0.0315498612567782,-0.0184697226703166,0.0298024696001783
1775066327728624000,318.8596240234375,-0.0256067349433898,-0.0167395378768444,0.0218018079687841
1775066327738664200,318.86966430664063,-0.0217642341710627,-0.0051338557571172,0.0131865946356207
1775066327748703000,318.8797028808594,-0.0186874570742249,0.031813188368082,0.0092987203516066
1775066327758742000,318.8897419433593,-0.0192737325295805,0.0404629432916641,0.001417136788927
1775066327768781300,318.89978125,-0.0609115648195147,0.0632622195988893,-0.0224837623509578
1775066327778820000,318.9098200683593,-0.0208288530170917,0.058715808340907,-0.0057749118733219
1775066327788860200,318.91986010742187,-0.0422540644921362,0.0334586174875497,0.0273259782177396
1775066327798899200,318.9298991699219,-0.0486041641712188,0.007954173874855,0.0161980514112859
1775066327808938000,318.93993798828126,-0.0245052034422755,-0.0004144260197877,0.0052193055508658
1775066327818977000,318.94997705078123,-0.0382321154996752,-0.0113473234444856,-0.0111860502018593
1775066327829016300,318.96001635742186,-0.0827251910902559,-0.018469138148427,-0.0264150739178992
1775066327839055000,318.9700551757812,-0.0638860505856573,0.0029401451051235,-0.0165749949648976
1775066327849095200,318.98009521484374,-0.0141736329115927,0.0160106390804052,-0.012729918642994
1775066327859134200,318.99013427734377,-0.008562076640129,0.0132014268785715,0.018048757311888
1775066327869173000,319.00017309570313,0.039946518202126,0.0063432315468788,0.0232200042036361
1775066327879212000,319.0102119140625,0.1241281917110085,-0.008981763356924,0.0180721199211664
1775066327889251300,319.0202512207032,-0.0295752001829445,-0.0088338793188333,-0.0415038123804144
1775066327899291100,319.030291015625,-0.2285176637291908,0.0140501526623964,-0.0996354458915069
1775066327909330200,319.040330078125,-0.0465877097822725,0.0095686233341693,-0.033799375482928
1775066327919369200,319.050369140625,0.0643804099738597,-0.0145475807905197,0.0623234226451255
1775066327929408000,319.0604079589844,-0.0829578308023512,0.0308849676072597,0.0768747662953101
1775066327939447000,319.0704470214844,-0.0149976626455783,0.0752992788732051,0.0503903900008648
1775066327949487000,319.0804870605469,0.1065767529293894,0.0455342552065849,0.0376059646916575
1775066327959526100,319.09052612304686,-0.019276655139029,0.0569634117156267,0.0125897429873235
1775066327969565200,319.1005651855469,-0.1054629464685916,0.0895142667084932,-0.0169006284563802
1775066327979604000,319.11060400390625,-0.0987397756934165,0.0531634349107742,-0.0589527223693206
1775066327989643000,319.1206430664063,0.0185115159854292,0.0034551088899374,-0.0765039419552311
1775066327999682300,319.13068237304685,0.0822222100041806,-0.0471428594470024,-0.0183137831899337
1775066328009722000,319.1407221679688,0.0075192895889282,-0.0346264922231435,0.0260730920798145
1775066328019761200,319.1507612304688,-0.1025704398974776,0.017462006932497,-0.0005242978687398
1775066328029800200,319.1608002929688,-0.0816328658089041,0.0464940401494503,-0.0209514382171444
1775066328039839000,319.1708388671875,-0.0020979951925575,0.0168529351234436,0.0257500524042174
1775066328049878000,319.1808779296875,0.0532047898344695,-0.0132364981919527,0.0087279895252548
1775066328059918000,319.19091796875,0.0143795307472348,-0.0113023152589797,-0.0564631340432912
1775066328069957000,319.20095703125,-0.0759068893775343,0.0142477210611104,-0.0904224310619756
1775066328079996200,319.21099609375,-0.1294260058581829,0.0188052382349967,-0.0713143191565759
1775066328090035200,319.22103515625,-0.0888826908066868,0.0059603697091341,-0.0207501617576926
1775066328100074000,319.2310739746094,-0.0086357263982295,0.00018646248281,-0.0297453508517704
1775066328110114000,319.24111401367185,0.0311748904645442,0.0318488442033529,-0.0254294786803424
1775066328120153000,319.2511530761719,0.0101120825611054,0.0401192444205284,-0.0007999364723451
1775066328130192100,319.2611921386719,-0.0263958394944667,-0.0026747721672058,0.0348352030703797
1775066328140231200,319.2712312011719,-0.0337047012031078,-0.0065922378718852,0.0172953816613182
1775066328150270200,319.2812702636719,-0.0105975279904901,-0.00792611682415,-0.0115068248551338
1775066328160309000,319.29130908203126,-0.027769758196175,-0.0254208569824695,-0.0371310041236691
1775066328170349000,319.3013491210937,-0.0639338352501392,0.003778349494934,-0.0099660982191562
1775066328180388000,319.3113881835937,0.113151747405529,0.0074888944506645,-0.0197239605151116
1775066328190427100,319.3214272460938,0.0256724936559796,0.0176572372436523,0.0040549379466101
1775066328200466200,319.33146606445314,-0.1359828801557421,0.0396434436023235,0.0413680023726075
1775066328210505000,319.3415048828125,-0.0411477106854319,0.0591799187213182,-0.0107816889183595
1775066328220545000,319.351544921875,0.0489446481719613,0.047661914885044,-0.0369217087545432
1775066328230584000,319.361583984375,0.0678130147710442,0.0253664964467287,-0.0330513518609106
1775066328240623000,319.371623046875,0.0431201798021793,-0.0021381810724735,-0.0316398776277899
1775066328250662100,319.381662109375,-0.0065276482030749,-0.030121582019329,-0.0091629834090359
1775066328260701200,319.391701171875,-0.0168608261689543,-0.0013724573969841,0.0514456529411487
1775066328270741200,319.4017412109375,0.0085012863636016,0.0137736738085746,0.0383930782150477
1775066328280780000,319.4117800292969,0.0131514502570033,0.0066787471115589,0.0116817430306226
1775066328290819000,319.42181909179686,0.0185243754670023,0.0042494741380214,-0.0249979553952813
1775066328300858000,319.4318581542969,0.0128885615371167,0.0111439098268747,-0.0221332136139273
1775066328310897200,319.44189721679686,-0.0165421156086027,-0.0006646013885736,-0.0364210109570994
1775066328320935700,319.4519357910156,0.0005761924527585,0.0189852709770202,-0.0626593766012229
1775066328330975700,319.46197583007813,-0.0192833771407604,0.0122369657605886,-0.0482526107871904
1775066328341014800,319.4720148925781,-0.0167243403077125,0.0075537763804197,-0.0444464417035691
1775066328351053800,319.4820537109375,0.0097783205620944,0.0422258613109588,-0.0177655016574077
1775066328361092900,319.4920927734375,0.058170303287357,0.0390408015340566,0.0176404139730148
1775066328371132000,319.5021318359375,0.0507201334118843,0.0073538698941469,0.0444258190406486
1775066328381171700,319.51217163085937,-0.0179328393146395,-0.01712064614892,0.0333252368988469
1775066328391210800,319.5222106933594,-0.054875791786611,-0.0382405910670757,-0.0001579853069968
1775066328401249800,319.53224975585937,-0.0077250412940979,-0.0384410820752382,-0.047972423872631
1775066328411288800,319.5422888183594,0.0161618841193616,-0.0388917484521865,-0.0271994474949315
1775066328421328000,319.55232788085937,0.031475626976788,-0.0222650233000516,0.0029720563470385
1775066328431368000,319.5623679199219,0.0484463432610034,0.012230536019802,0.0099669384693726
1775066328441406700,319.57240673828124,0.0513973020210862,0.0442576593995094,-0.0030386918424628
1775066328451445800,319.5824458007813,0.0538254059508442,0.0643581981420517,0.0182290640485472
1775066328461484500,319.59248461914063,0.0211178990915417,0.0763186850488185,0.0495305583011358
1775066328471523800,319.60252392578127,0.0110065471827983,0.0460731843888759,0.0591073649417608
1775066328481563000,319.61256298828124,-0.029305735591799,0.0036181904971599,0.0421495629380457
1775066328491603000,319.62260302734376,-0.1132291965559124,-0.0075461775958538,0.0171216325296089
1775066328501641700,319.6326418457031,-0.0745057904079556,-0.004110357928276,0.0047627574224025
1775066328511680800,319.6426806640625,-0.0301072612330317,-0.0025023382097482,-0.0008856602607294
1775066328521719800,319.6527197265625,0.006926584392786,0.0041910219490528,0.0285961260177195
1775066328531758800,319.6627587890625,0.0080621642939746,0.0451876337260007,0.0323103425015695
1775066328541799000,319.672798828125,0.0600619622528552,0.0784878457814454,0.0104895558376796
1775066328551837700,319.6828376464844,0.029660978770256,0.0790261904418468,0.0030703838886693
1775066328561876700,319.6928767089844,0.0124549924254417,0.0577507627010345,-0.0018698124598711
1775066328571915800,319.7029157714844,0.0184711839750409,0.0144271692812442,0.0007567183851264
1775066328581954800,319.7129548339844,0.0750049721017479,0.0132546183705329,0.0584287898267619
1775066328591993900,319.72299389648435,0.1145288809776306,-0.005566986477375,0.0655194239411503
1775066328602034000,319.73303393554687,-0.0465405096396803,-0.0160638305723667,0.0114153654457069
1775066328612072700,319.74307275390623,-0.2312237078174948,0.0335427886396646,-0.0304784143666736
1775066328622111700,319.75311181640626,-0.057779696534574,0.0160965637981891,-0.0375624908761121
1775066328632150800,319.76315087890623,0.0644400312066078,-0.0244902981340885,0.0307698715939186
1775066328642189800,319.77318994140626,-0.056244742052257,0.0276928935676813,0.0302801153155975
1775066328652230000,319.7832299804688,0.0396432974718511,0.0534071805387735,0.0112568321494385
1775066328662269000,319.79326904296875,0.10214636926651,0.0451864646822214,0.0154050744026899
1775066328672307700,319.8033076171875,-0.006036942076683,0.0703220749825239,0.0311806078192777
1775066328682346800,319.8133466796875,-0.125306003318727,0.0785351920545101,0.0059498483151197
1775066328692385800,319.8233857421875,-0.1143758823730051,0.0484615408301353,-0.0199165056788362
1775066328702425600,319.8334255371093,0.0367924380853772,-0.002260346147418,0.0045883324372582
1775066328712465000,319.84346484375,0.1194154839754104,-0.0380816011130809,0.0254603670089505
1775066328722503700,319.85350366210935,0.0216755329743027,-0.0221679926663637,-0.0054106086055748
1775066328732542700,319.8635427246094,-0.0928653307020664,0.0398614702671766,-0.0565089642127044
1775066328742581800,319.8735817871094,-0.0599646393582224,0.0267816239416599,-0.0424481440258212
1775066328752620800,319.8836208496094,0.0378325947880744,-0.0036409868508577,-0.0079513791295699
1775066328762660900,319.8936608886719,0.0890671074628829,0.0075508537709712,0.0106395039686933
1775066328772700000,319.90369995117186,0.0454978687189519,0.0220785608172416,-0.0365065338160842
1775066328782738700,319.9137387695313,-0.0825485193490982,0.0467687654376029,-0.0705393161960877
1775066328792777700,319.92377783203125,-0.0965643313504755,0.06820318313241,-0.0844077556160278
1775066328802816800,319.9338166503906,-0.0203749717697501,0.0502168600648641,-0.0451330722608603
1775066328812856600,319.9438566894531,0.0166891228638589,0.0481049824774265,-0.0539119882557541
1775066328822895900,319.9538957519531,-0.0014298866726458,0.0446229855805635,-0.0139316773818805
1775066328832935000,319.9639348144531,-0.0095183544516563,-0.012003157004714,0.0162520100882276
1775066328842973700,319.9739736328125,0.0081646017551422,-0.0317816241860389,0.0155464556347578
1775066328853012700,319.9840126953125,0.0214202430389821,-0.0382300696730613,0.0147146992520429
1775066328863052800,319.994052734375,0.010009352838993,-0.0433311922043561,-0.0217018181930296
1775066328873091600,320.0040915527344,-0.012128975341469,-0.0390863942414522,-0.0371238437305204
1775066328883131000,320.014130859375,-0.03825111246109,-0.012053425887227,-0.0331715624407865
1775066328893170000,320.024169921875,0.1342529876232147,0.000831774649024,-0.032853253739234
1775066328903208700,320.0342087402344,0.004608370578289,0.0325035087198019,0.0038074111926369
1775066328913247700,320.0442478027344,-0.1043874261915683,0.0620849925130605,0.0069141633026301
1775066328923287800,320.05428784179685,-0.0180453597784042,0.0372755454272031,-0.0195353791404515
1775066328933326800,320.0643269042969,0.0156350837662816,0.0119867903918027,0.0016817242755554
1775066328943366000,320.07436596679685,0.0547941048525273,0.0115548287153244,-0.0483896811703219
1775066328953404700,320.08440478515627,0.054898295879364,0.0119318453341722,-0.050357875970751
1775066328963443700,320.09444360351563,0.0056263154491782,0.0036824879050254,-0.0052481845854781
1775066328973483800,320.10448388671875,-0.0269277544140815,-0.0053279170244932,0.0638635830255225
1775066328983522800,320.1145227050781,-0.0192269707784056,-0.0075455930739641,0.0173295761918649
1775066328993561900,320.12456176757814,0.0199710671439766,0.0249748667806386,-0.0441921016163192
1775066329003601000,320.1346008300781,0.0447533339619636,-0.0020060791254043,-0.0287425852837041
1775066329013639700,320.1446396484375,0.0440311571672558,-0.0002361468434333,-0.0372215684839524
1775066329023679700,320.1546796875,0.0173893800877034,0.0142810388088226,-0.0475564817491918
1775066329033718800,320.16471875,-0.0328685426399111,-0.0002560205876827,-0.027526779753156
1775066329043757600,320.1747575683594,-0.0471495814487338,0.0084749828785657,-0.0072667761325836
1775066329053796900,320.184796875,-0.0518178655207157,0.0206318691402673,-0.0012327931979671
1775066329063836000,320.1948359375,-0.0455696187809109,0.0259317291140556,0.039741369285155
1775066329073874700,320.2048747558593,-0.0408221319928765,0.0322182620376348,0.0360767823630012
1775066329083914800,320.21491479492187,-0.0061269584476947,0.0474924035370349,0.0132012442154809
1775066329093953800,320.2249538574219,0.0058029871903359,0.0330137963294982,0.0126153523526154
1775066329103992600,320.23499267578126,0.0300517316535115,0.0196153855741024,0.0581547586583532
1775066329114031900,320.2450319824219,0.0043102644145488,0.0010334347009658,0.0456363273415714
1775066329124071000,320.25507080078125,0.0209163851700723,-0.0009919336467981,0.0194123555489815
1775066329134110700,320.26511083984377,0.0266775790452957,-0.0106020580351352,0.0091356204780749
1775066329144149800,320.27514965820313,-0.0304632350638508,0.0007306523621082,0.0006133095927536
1775066329154188800,320.2851887207031,-0.0598097410574555,0.0230956289052963,0.041569534560386
1775066329164227800,320.2952277832032,-0.023231384114176,0.0119306762903928,0.0226025116261094
1775066329174267000,320.3052668457031,0.0039979835949838,0.0020949264526367,0.0292150616336613
1775066329184307000,320.3153068847656,-0.0084710373558104,0.0052712184011936,0.0499128356169909
1775066329194345700,320.325345703125,-0.0148643916547298,0.0081944123715162,0.0186289500863291
1775066329204384800,320.335384765625,-0.016973346632719,0.008384966507554,0.0017861892970278
1775066329214423800,320.345423828125,-0.0203866622075438,0.0004728782087564,0.0036488778963685
1775066329224462800,320.355462890625,-0.0114236035510897,0.0086556001424789,-0.0137396436748094
1775066329234502000,320.365501953125,-0.0036545769847929,0.0167366152673959,-0.0102316172875463
1775066329244542000,320.3755419921875,-0.0364990080967545,0.0092693481266498,0.0033782442614436
1775066329254580700,320.38558081054686,-0.0517266801059246,0.0192377844333648,0.0508169265835545
1775066329264619800,320.3956198730469,-0.0112475163318216,0.0302922624111175,0.0605269311497919
1775066329274658600,320.40565844726564,0.0145230308711528,0.0060725979119539,0.0712413452519103
1775066329284697900,320.4156977539063,0.0047217678248882,0.0034369887113571,0.0508059667981229
1775066329294738000,320.4257380371094,-0.0076598671033978,0.0358072264403104,0.0313233955571427
1775066329304776700,320.4357766113281,-0.0065023676313459,0.0451467171937227,-0.0054539362906478
1775066329314816800,320.4458166503906,0.0305026902914047,0.0331108269631862,0.0044702590155415
1775066329324855600,320.45585546875,0.0499544097363948,0.0284942730784416,0.0433098571553826
1775066329334894600,320.46589453125,0.0987748470067977,-0.0264864403873682,0.0506321446011774
1775066329344933600,320.47593359375,-0.0514803041294217,-0.0553577300846576,0.0063929707064293
1775066329354973400,320.4859733886719,-0.2668753053046763,-0.0131312842518091,-0.0732329574605449
1775066329365012700,320.4960126953125,-0.1266211775705218,-0.0046966333836317,-0.0168923355520702
1775066329375051500,320.5060515136719,0.0258534031808376,-0.0575344896018505,0.0725912437572143
1775066329385090600,320.51609057617185,-0.0760802001178264,-0.0027905075013637,0.0832072572524659
1775066329395129600,320.5261296386719,0.0115337859272956,0.0202542679995298,0.0322621742445975
1775066329405169700,320.5361696777344,0.1377656719192862,0.0392366163671016,0.034011483863648
1775066329415208700,320.5462087402344,0.0231878372333943,0.0541600447326898,0.0890677467836998
1775066329425247700,320.5562478027344,-0.1329784376427531,0.1080687450528144,0.0259088414288125
1775066329435286500,320.5662866210937,-0.1328707394845783,0.0844458774030208,-0.0634751682298258
1775066329445325600,320.5763256835937,0.0554945082068443,0.0028267478585243,-0.0275321683143265
1775066329455365600,320.58636572265624,0.129586164855957,-0.0626508097022771,0.0271845604530535
1775066329465404400,320.596404296875,0.0196302908822894,-0.0353214887499809,0.0052714741295203
1775066329475443700,320.60644360351563,-0.0480783867314457,0.0158978263556957,-0.0233153726032003
1775066329485482800,320.6164826660156,-0.0053004444956779,0.0541050996750593,-0.0056976819186471
1775066329495521500,320.626521484375,0.042163901990652,0.0423620549112558,0.0602644990876317
1775066329505560600,320.636560546875,0.0739360276959836,0.0472585947811603,0.0345339368351735
1775066329515600600,320.6466005859375,-0.0143114339470863,0.0563122543305158,-0.0423135030617937
1775066329525639400,320.65663940429687,-0.0816730516888201,0.0438935022622346,-0.1061330825488083
1775066329535678700,320.6666787109375,-0.0828898801326751,0.0222340436398983,-0.1110219140362925
1775066329545717800,320.6767177734375,-0.0499321979045867,0.0019055413603782,-0.0585673945798538
1775066329555756500,320.6867565917969,0.0165375855639576,-0.0050216275542974,-0.0230446111041121
1775066329565796600,320.6967966308593,0.029852994211018,0.0156090725421905,0.0041976160866208
1775066329575835600,320.7068356933594,-0.0182838447093963,0.0442997449755668,0.0269495095881633
1775066329585874400,320.71687451171874,-0.0070630702540278,0.0474503179609775,0.0529759495146572
1775066329595913700,320.7269138183594,0.0375602075874805,0.0117640875518322,0.02391622457318
1775066329605952500,320.73695239257813,0.0458088343642652,-0.0231441442221403,0.0098285346456803
1775066329615991600,320.7469914550781,-0.0535056724771857,-0.0319786080628633,0.0094278814229182
1775066329626031600,320.7570314941406,-0.0134545248568058,-0.023575521376729,-0.0135172330957837
1775066329636070700,320.76707055664065,0.1091618009865283,-0.0352583603858947,-0.0159889204389415
1775066329646109700,320.7771096191406,-0.1526128201782703,0.0135632459282875,0.0393369714690372
1775066329656148700,320.78714868164064,-0.2229191130697727,0.0455447766005992,0.0179963695375248
1775066329666187500,320.7971875,-0.0437387500919401,0.0296831906020641,-0.0452271072198636
1775066329676227600,320.8072275390625,0.0562388968333601,0.0432359151363372,-0.0149173456846736
1775066329686266600,320.8172666015625,0.0381703023098409,0.0614338351279497,0.0303760865033604
1775066329696305400,320.82730541992186,0.0257096107959747,0.0661474196463823,0.0127182830041274
1775066329706344700,320.8373447265625,0.0577130610391497,0.0707446843087673,0.0548023612242192
1775066329716383700,320.8473837890625,0.0834931067228317,0.0371978040158748,0.0664767611986026
1775066329726423600,320.8574235839844,0.0637166853681206,-0.000548281532526,0.0358559974854812
1775066329736462600,320.8674626464844,0.0322425196960568,-0.0040659342646598,0.0003611066636629
1775066329746501600,320.8775017089844,0.0127776485085487,-0.0028436989933252,-0.0312885982383973
1775066329756540400,320.88754052734373,0.0177761874482035,0.009765022689104,-0.1030609450944699
1775066329766579700,320.8975798339844,0.018748831872642,0.0184241299629211,-0.0762099639773368
1775066329776618800,320.90761865234373,0.0226018540389835,0.0232002583235502,-0.034058976267185
1775066329786658600,320.91765844726564,0.0102829090833663,0.0409644630730152,-0.0006376403164118
1775066329796697600,320.9276975097656,0.0080007894955575,0.048581367817521,0.0065944298289716
1775066329806736600,320.93773657226564,-0.0152665427148342,0.0446662402004003,0.0053952466396614
1775066329816775700,320.9477756347656,-0.0118787999726831,0.0383621716201305,0.0402226865286938
1775066329826814700,320.95781469726563,0.003013794863224,0.0507879379510879,0.0349243061259388
1775066329836854800,320.9678547363281,0.0153504216060042,0.0143096803814172,0.0218914590136148
1775066329846893600,320.9778935546875,-0.0068424132406711,0.001419219148159,-0.0240561262342147
1775066329856932600,320.9879326171875,-0.0283987037494778,-0.0082908584833145,-0.0344517749770544
1775066329866971600,320.9979716796875,-0.0169020349621772,-0.0493383236646652,-0.0192352454164065
1775066329877010700,321.0080107421875,-0.0075879709109663,-0.0666109455049037,0.0219723787627182
1775066329887049700,321.0180498046875,-2.3380875587e-06,-0.0488005635261535,0.0299056925126351
1775066329897089800,321.02808984375,0.0018622867405414,-0.0089414313465356,-0.0161553265144117
1775066329907128600,321.0381286621094,0.0210045018449425,0.017765958315134,-0.0240744656085036
1775066329917167600,321.04816772460936,0.0111374800860881,0.0421206473708152,0.0060354259730316
1775066329927206400,321.0582062988281,-0.0002475450202822,0.0795528446644544,0.0251575481374748
1775066329937245700,321.06824560546875,0.0501379496097564,0.1014817678779363,-0.0171977665057405
1775066329947285800,321.07828564453126,0.058013651420921,0.077172087007761,-0.0261445133482106
1775066329957324500,321.0883244628906,-0.0402269425787031,0.0796405229479074,0.0304103723654523
1775066329967363600,321.09836352539065,-0.0569397385790944,0.0705892014861106,0.0035674284243024
1775066329977402600,321.1084025878906,-0.0194303843960165,0.0192015440762042,-0.0270555820448324
1775066329987441700,321.11844165039065,-0.0357891062617301,0.0010901333242654,0.0361865994130261
1775066329997481500,321.1284814453125,-0.038435821378231,-0.0060538932114839,0.0451250898838043
1775066330007520800,321.13852075195314,-0.0417298944875597,0.006329787543416,-0.030865660118591
1775066330017559600,321.1485595703125,-0.0172480719208717,0.0025134441256523,-0.0450305069355294
1775066330027598600,321.1585986328125,0.0169930742464959,0.0020312135666608,-0.0603443776571191
1775066330037637600,321.1686376953125,0.0128849082753062,0.0298842661321163,-0.0075934508036822
1775066330047676700,321.1786767578125,-0.0115820089831948,0.0289215585798025,-0.0091519870909862
1775066330057716700,321.188716796875,-0.0055894905701279,0.0320808993935585,-0.0168081096010282
1775066330067755800,321.198755859375,-0.0011563304282724,0.0628559768855571,0.0111854474136605
1775066330077794600,321.2087946777344,0.0426933326922357,0.0529459927678108,0.055051130087208
1775066330087833600,321.21883349609374,0.0648104719541966,0.0411024102389812,0.0176801979941315
1775066330097872400,321.2288723144531,-0.0958148281574249,0.0439659829765558,-0.0391606467877514
1775066330107912400,321.2389123535156,-0.2578117088831961,0.0691787501662969,-0.0376433558262884
1775066330117951700,321.24895166015625,-0.0683332392528653,0.0735673405140638,0.0164023966106586
1775066330127990800,321.2589907226562,0.1343603935204446,0.0325771584779024,0.0589057414224371
1775066330138029600,321.26902954101564,0.1090611170910298,0.0366430927425622,0.0190695334606803
1775066330148068600,321.2790686035156,0.0848981512151658,0.063546297237277,-0.0189699272774159
1775066330158107400,321.289107421875,0.1236202421888709,0.0808165809899568,-0.0394300200473517
1775066330168147500,321.2991474609375,-0.1093478250779211,0.1395627844691276,0.0017333813975565
1775066330178186800,321.3091867675781,-0.1717350154079496,0.108602998059988,-0.0104529318880289
1775066330188225500,321.3192255859375,-0.0304699570655822,0.0413099155098199,-0.0074629197591915
1775066330198264600,321.3292646484375,0.1125067275002598,-0.036350831797719,-0.0131698261639103
1775066330208303600,321.3393037109375,0.1281497023120522,-0.0169821144610643,-0.0317219846869818
1775066330218343400,321.3493435058594,-0.0018681319594383,0.0278092134237289,-0.0383239219689741
1775066330228382500,321.35938256835936,-0.0547027733072638,0.0323100319743156,-0.0459774141305126
1775066330238421800,321.369421875,-0.0465498619899153,0.0122550859391689,-0.0052798035664483
1775066330248460500,321.37946044921875,0.0245315069273114,-0.0164665661543607,0.0395889186698012
1775066330258499600,321.3894995117187,0.082222356134653,-0.0025602058768272,0.0423844494061544
1775066330268538600,321.39953857421875,0.0190159583762288,0.0236450794816017,-0.0345447139575146
1775066330278578400,321.4095783691406,-0.127433955258131,0.0438841499119997,-0.1123048117199912
1775066330288617700,321.41961767578124,-0.1335878017127514,0.0368202028751373,-0.1047986738735809
1775066330298656800,321.42965673828127,-0.0618269260987639,-0.0081412208795547,-0.0990555088453926
1775066330308695600,321.43969555664063,0.0305436068236827,-0.00576280131042,-0.0373666212441399
1775066330318734000,321.4497341308594,0.0703100922837853,-0.0029816461592912,0.0061423204136081
1775066330328774100,321.4597741699219,0.0323252295434474,0.0005558803170919,0.0410192437338642
1775066330338813200,321.46981323242187,0.0068143561899662,-0.0022977555483579,0.0254512703870423
1775066330348852200,321.4798522949219,-0.0079202716052532,-0.008530512458086,0.0283860451973043
1775066330358891000,321.48989111328126,-0.0155424370467662,-0.0109229605525732,0.0005696165814995
1775066330368930000,321.4999299316406,-0.0815396345674991,-0.0334299759149551,-0.0056964398096315
1775066330378969000,321.50996899414065,0.0103014676533639,-0.0156570033371448,-0.003448386888206
1775066330389009000,321.5200087890625,0.139342858108133,-0.013756138151884,-0.0354113224579021
1775066330399048200,321.53004809570314,-0.1267068100273609,0.016708558216691,0.017678608825244
1775066330409087200,321.5400871582031,-0.1560647141978144,0.0688338822513818,0.0263646223722957
1775066330419126000,321.5501259765625,-0.0373284446582198,0.0421516270309686,-0.0169655103861354
1775066330429165000,321.5601650390625,0.0353191506624221,0.0232493581622838,-0.0232871328894048
1775066330439205000,321.570205078125,0.0528290883898735,0.0361468336582183,-0.0272001598809845
1775066330449244000,321.5802438964844,0.0042751931011676,0.0139244804561138,0.0170590704211033
1775066330459283200,321.590283203125,-0.0122220604524016,-0.0234656312614679,0.0729623968908563
1775066330469322200,321.600322265625,0.0311374810636043,-0.0309656316280364,0.0794860447722487
1775066330479361000,321.6103610839844,0.0154921681642532,0.0027969372421503,0.0441676430284977
1775066330489401000,321.62040112304686,-0.0183504802048206,0.0383422978758811,-0.0071655442478135
1775066330499440000,321.6304401855469,-0.0354724415279924,0.0355447761118412,-0.0308034633362665
1775066330509479200,321.64047924804686,-0.0433107339382171,0.0185024558961391,0.0057539604168385
1775066330519518200,321.6505183105469,-0.0366121130824089,-0.0021814356923103,-0.0232114007720723
1775066330529557200,321.66055712890625,-0.0083519410207867,-0.011036942321062,-0.0395799499120563
1775066330539596000,321.6705959472656,0.0169523038446903,-0.0002799859851598,-0.0001193337970413
1775066330549636000,321.6806359863281,0.0089104516863822,-0.0001706803917884,0.0068216809798963
1775066330559675100,321.6906750488281,0.0059703065812587,0.0171492877215147,-0.0052680217971093
1775066330569714200,321.7007141113281,-0.0116736327894031,0.0527735588103532,0.0258623354059644
1775066330579753200,321.7107531738281,0.0041281858459115,0.0425327353030443,0.0318299568397924
1775066330589792000,321.7207919921875,-0.0214738729223608,0.024819383957982,0.034817283821199
1775066330599832000,321.73083203125,-0.022499416577816,0.0013303718209266,0.0533700999313965
1775066330609871000,321.74087109375,-0.0088555066287517,-0.0292167421340942,0.0265771326118148
1775066330619910000,321.75090991210936,-0.0011652443870902,-0.0456879844635725,0.0239260335811413
1775066330629949200,321.76094921875,0.0159469261944293,-0.0467132358580827,0.0191326435584574
1775066330639988200,321.77098828125,0.0433294386386871,-0.0449935724586248,0.0291900550565682
1775066330650027000,321.7810270996094,0.0440799647450447,0.0124485626846551,0.0253576372868381
1775066330660067000,321.79106713867185,0.035011692148447,0.0458113185822963,0.0208560332849621
1775066330670106000,321.8011062011719,-0.0126551911726593,0.0376601608306169,0.0087273319381289
1775066330680145200,321.81114526367185,-0.0601753594994544,0.0210685069918632,0.0005387830518186
1775066330690184200,321.82118408203127,-0.0455801401749253,0.004179331511259,0.0044719029833562
1775066330700223200,321.83122314453124,-0.0733612965479493,-0.0176823716849088,0.03142988813892
1775066330710263000,321.84126293945315,-0.0530069291748106,-0.0312929638862609,0.0592300414733588
1775066330720302000,321.8513020019531,0.0286769361689686,-0.0009726444244384,0.0248532862275838
1775066330730341000,321.86134106445314,0.0435401587799191,0.0225970317333936,0.0175116182278841
1775066330740380200,321.8713801269531,0.0226888016700744,0.0484177016884088,0.0454728986744768
1775066330750419200,321.88141918945314,0.0047042321681976,0.0403986458837985,0.0183047961658798
1775066330760459300,321.8914592285156,-0.0183716691233217,0.0228057060480117,-0.0066842087379656
1775066330770498000,321.901498046875,-0.0058148237586021,0.0151817870408296,0.0104389033626765
1775066330780537000,321.911537109375,-0.0123475865282118,-0.0237286661118268,0.0184896512134931
1775066330790576000,321.921576171875,-0.0416555140770971,-0.0233826291531324,0.0150986753346398
1775066330800615200,321.931615234375,-0.0518213726520538,-0.0010404489636421,0.0005712422830052
1775066330810654200,321.941654296875,-0.031246202135086,0.0112543844640254,2.95183554291e-05
1775066330820694300,321.9516943359375,-0.0446992656871676,0.0354769715726375,0.0197268831245601
1775066330830733000,321.9617331542969,-0.0249696060836315,0.0378740958422422,0.0131488199084997
1775066330840772000,321.97177221679686,0.0045525487378239,0.0316986220777034,0.0270573721431195
1775066330850811000,321.9818107910156,0.0498034569583833,-0.009481529572606,0.0295388136953115
1775066330860850200,321.99185009765625,0.126236562167108,-0.0276087224155664,0.0244382756859064
1775066330870890200,322.0018901367188,-0.004879734865576,-0.0290717807054519,-0.0259003110624849
1775066330880929300,322.01192919921874,-0.2421279636695981,0.024849194574356,-0.0583976640361361
1775066330890968000,322.0219680175781,-0.0948573813021183,0.004658639460802,0.0101634108895435
1775066330901007000,322.03200708007813,0.0181356684103608,-0.023262217643857,0.100820070832502
1775066330911046100,322.0420461425781,-0.0848418909832835,0.0329985987603664,0.0880207036824896
1775066330921085200,322.05208520507813,0.0087456165134906,0.0929354733288288,0.0286060811561532
1775066330931125200,322.06212524414065,0.1874409724533557,0.0811924285650253,0.00675816902332
1775066330941164000,322.0721640625,-0.0342868850052356,0.0929746362954378,0.0263535164563916
1775066330951203000,322.082203125,-0.1651649893678724,0.1055664068430662,0.0231951254907064
1775066330961242000,322.0922421875,-0.13895225135535,0.0729880793213844,-0.0424845670460723
1775066330971281200,322.10228125,0.0183104404553771,0.0020908347994089,-0.0444098908191546
1775066330981321200,322.1123212890625,0.1317195236228406,-0.0378653280138969,-0.0055799190241843
1775066330991360300,322.1223603515625,0.0553714663490653,-0.0393061744719743,-0.0075416292848996
1775066331001399000,322.1323989257813,-0.0709318774439394,0.0077080901592969,-0.0496492893099784
1775066331011438000,322.14243798828124,-0.0990380279876291,0.0087210665941238,0.0132157476648688
1775066331021477000,322.1524770507813,-0.0094707159176468,0.011232757154107,0.0343542146204039
1775066331031516200,322.16251611328124,0.082259765535593,0.0210527249008417,0.016189411447104
1775066331041556200,322.17255615234376,0.0314250658333301,0.0015770400583744,-0.0277239097604528
1775066331051595300,322.18259521484373,-0.0615650602921843,0.0140758716255426,-0.0535195000731386
1775066331061634000,322.19263403320315,-0.1063932130560278,0.0468996983408927,-0.0778270620514638
1775066331071673000,322.2026730957031,-0.0423335594691336,0.0448188004136085,-0.0600388919045217
1775066331081712000,322.21271215820315,-0.0112523386374115,0.0417974067658185,-0.0243244948468171
1775066331091752000,322.222751953125,-0.0018380290821194,0.0127478378921747,0.0137588598319329
1775066331101791200,322.23279125976563,-0.0310264219045639,-0.0020791443616151,0.030886812504474
1775066331111830000,322.242830078125,-0.0447499729610979,-0.0091401687890291,0.044909072512947
1775066331121869000,322.252869140625,-0.0417453843176364,-0.0311421572387218,0.0477404965465888
1775066331131908000,322.262908203125,0.0104524204313755,-0.0430430229127407,0.0368404967444948
1775066331141948200,322.2729482421875,0.0287315889656543,-0.0457826770097017,0.0152750000159256
1775066331151987200,322.2829873046875,-0.0596133417025208,-0.0366501070052385,0.0015011983431875
1775066331162026200,322.2930261230469,0.0555573443099856,0.0049894788503646,0.0108168332969769
1775066331172065000,322.30306494140626,0.070757397659868,-0.0015238485664129,0.0258916893646121
1775066331182104000,322.31310400390623,-0.1406277833521366,0.0012976385951042,0.0557867143527604
1775066331192143000,322.32314306640626,-0.1137128884196281,0.0306219327569007,0.0454551255557686
1775066331202183000,322.3331828613281,-0.0245604407608509,0.0115811322003602,0.0319755027903243
1775066331212222200,322.34322216796875,0.0086260817870497,0.0002267944931983,0.0316685192003846
1775066331222261200,322.3532612304688,0.0253669348381459,-0.0192968211442232,-0.0128838305630721
1775066331232300000,322.36330004882814,0.0304698109351098,-0.0087689973890781,0.0008237922719679
1775066331242339000,322.3733391113281,0.0266772867843508,0.0135948101103305,0.048628476628568
1775066331252379100,322.3833791503906,0.0275904561065137,0.0071183075726032,0.0470350334246642
1775066331262418000,322.39341796875,0.0096479721806943,0.0111684597462415,0.0401168150014244
1775066331272457200,322.4034572753906,-0.0305836465731263,-0.002944821280241,0.0210188956964761
1775066331282496300,322.41349633789065,0.0009115618869662,-0.0034270518392324,-0.0733864857881329
1775066331292535000,322.42353515625,0.0145708155356347,0.0132926122933626,-0.0504630899108946
1775066331302574000,322.4335739746094,-0.0056777533754706,0.0235299286693334,-0.0118254258176311
1775066331312614100,322.4436142578125,-0.0239187818564474,0.0327384865194559,-0.0084647537454962
1775066331322653200,322.45365307617186,0.0010267126992344,0.0343371538877487,0.0548488855133764
1775066331332692500,322.4636923828125,0.0045347208201885,0.043797640672326,0.0267312819939106
1775066331342731500,322.4737314453125,4.12087932229e-05,0.0635696781128644,0.034622163107898
1775066331352770300,322.4837702636719,-0.0443687185585498,0.0535135635226964,0.037985264599137
1775066331362810400,322.4938103027344,-0.0550609390951693,0.0311702142894268,0.0117073889285325
1775066331372849400,322.5038493652344,-0.0433422981202602,0.0188455702453851,0.0369564878069795
1775066331382888200,322.51388818359374,-0.0507493595063686,-0.0085854575157165,0.0512730363206006
1775066331392927500,322.5239274902344,-0.003360708604753,0.0008937339693307,0.0103307668130844
1775066331402966300,322.53396630859373,0.0030263620838522,0.0037666590571403,-0.0067555934737436
1775066331413005300,322.54400537109376,-0.0224514857828617,0.0081365447044372,0.0025389256267808
1775066331423045400,322.5540454101563,-0.0401334190763533,-0.0058072249740362,0.032887904927507
1775066331433084200,322.56408422851564,-0.0775929427683353,0.0128571434855461,0.034721951954253
1775066331443123500,322.5741235351563,-0.0162064539134502,0.0258802911877632,0.021681871383544
1775066331453162500,322.58416259765625,0.022592647819221,0.0354985988825559,-0.0123278771807439
1775066331463201300,322.594201171875,0.012738923933357,0.0400274744838476,-0.0087161529569886
1775066331473241300,322.6042414550781,-0.0220909819073975,0.0376449632614851,-0.0303713372630067
1775066331483280400,322.6142802734375,-0.0249707751274108,0.0231862297981977,-0.0076338376129977
1775066331493319200,322.62431909179685,-0.0278945536196231,0.0232908592164516,0.036369554764498
1775066331503358500,322.6343583984375,-0.0340565833806991,0.0204167650848627,0.027724001091998
1775066331513397500,322.6443974609375,0.0021112930655479,0.0225321498036384,-0.0030430757566355
1775066331523436300,322.6544362792969,0.0027449147939682,0.0114940384387969,-0.0171248839326202
1775066331533476400,322.6644763183594,-0.0118203477837145,-0.0060597384303808,-0.0089872797822579
1775066331543515400,322.67451538085936,-0.044361850426346,-0.0282774154573678,-0.0185706074952147
1775066331553554200,322.6845541992187,-0.0487374351620674,-0.0140337860494852,-0.007325484049879
1775066331563593500,322.69459350585936,-0.0301145677566528,-0.0098486093193292,-0.0053435347187332
1775066331573632500,322.7046325683594,-0.0114683194756507,0.006260813960433,0.0325848303277045
1775066331583672300,322.71467236328124,0.0178548056423664,-0.0044394437521696,0.0354754920016042
1775066331593711400,322.72471142578127,0.0210676302090287,0.0151566525995731,0.0490444187520071
1775066331603750400,322.73475048828124,0.0290844940565526,0.0235007025748491,0.0272470312300138
1775066331613789400,322.74478955078126,0.0079287471726536,0.0179606041043996,0.0119561212589032
1775066331623828500,322.7548283691406,-0.0134229606747627,-0.0079068276017904,-0.0288742305730469
1775066331633867300,322.7648671875,-0.010308774176985,-0.0167605806648731,-0.0183189342890866
1775066331643907300,322.7749072265625,0.0091311086997389,-0.0235123930126428,0.0082088244893588
1775066331653946400,322.7849462890625,-0.0051766719855368,-0.0402139369666576,0.0342324696705676
1775066331663985200,322.7949851074219,0.113129243312776,-0.0065226797670125,0.0563806799242272
1775066331674024400,322.8050244140625,0.0416471846401691,-0.0002881692916154,0.0232196388774551
1775066331684063500,322.8150634765625,-0.1892752021431922,0.0215536601603031,-0.0434927211753092
1775066331694103600,322.825103515625,-0.1148307865336537,0.0219318458229303,-0.0860498237346299
1775066331704142300,322.8351423339844,-0.0172173845216631,-0.0422445660114288,-0.0282777077183127
1775066331714181400,322.84518139648435,-0.0814493259355425,-0.0086345573544502,0.0494281025736592
1775066331724220200,322.85522021484377,0.0133566174402832,0.0100964466005563,0.0424928416840732
1775066331734259500,322.86525952148435,0.114095457996428,-0.0012000234395265,0.0115314478397369
1775066331744299500,322.87529956054686,-0.0041444063283503,0.0485474655479192,0.0565049090920947
1775066331754338300,322.8853383789062,-0.1247698506154119,0.123403676828742,0.0204990000082179
1775066331764377300,322.89537744140625,-0.1124792549714446,0.1251777007639408,-0.0530658928204327
1775066331774416400,322.9054165039062,0.0632300708949565,0.0157949505031108,-0.0571369233853183
1775066331784455400,322.91545532226564,0.1710930642426013,-0.0253700035780668,-0.0245417177940718
1775066331794494500,322.9254943847656,0.0146840666517615,-0.0086263740479946,0.0165743739103898
1775066331804534500,322.93553442382813,-0.1995033122994005,0.0176309337586164,0.0595030679947696
1775066331814573300,322.9455732421875,-0.1583864351436495,0.0026806173861026,0.0372682571698911
1775066331824612400,322.9556123046875,0.0462543861746788,-0.007788169658184,0.0268120921451598
1775066331834651400,322.9656513671875,0.1278103873550891,-0.0151361943334341,0.0029227555789053
1775066331844690400,322.9756904296875,0.062669806663692,-0.0197118316859006,-0.0271956298363395
1775066331854730200,322.98573022460937,-0.0557306550502777,0.0046311669319868,-0.069407864480745
1775066331864769500,322.99576953125,-0.1236369010627269,0.0340524917274713,-0.0972786536322906
1775066331874808300,323.00580834960937,-0.0760084500558674,0.0268143571674823,-0.0623230755852535
1775066331884847400,323.0158474121094,6.22515812516e-05,-0.0133113169938325,-0.0148155292780138
1775066331894886100,323.0258862304688,0.03057663231045,0.0090326167613267,0.003885079538729
1775066331904925400,323.0359255371094,0.0264873171702027,0.0332528657823801,0.0440345547007396
1775066331914965500,323.04596557617185,0.0169324301004409,0.0276215818971395,0.0559123317601159
1775066331925004500,323.0560046386719,-0.011553659671545,0.0303852013915777,0.0638949828107841
1775066331935043300,323.06604321289063,-0.0470800233438611,0.0220990190833807,0.0529693371107801
1775066331945082400,323.0760822753906,-0.0504793103933334,-0.0125964467227458,0.0495408057005144
1775066331955121200,323.08612109375,-0.0710474666476249,-0.0221107095211744,0.0330372137377038
1775066331965161200,323.0961611328125,0.1097941075406968,-0.0462532171308994,-0.0244990659624338
1775066331975200500,323.1062004394531,0.0817445094898343,-0.0449608392328023,-0.0416487372764386
1775066331985239300,323.1162392578125,-0.1348375095129013,0.0018809914410114,-0.0105995920834131
1775066331995278300,323.1262783203125,-0.0863315450191497,0.0323094474524259,-0.0237585863260552
1775066332005317400,323.1363173828125,-0.0149509008944034,0.0450724829137325,-0.0162377623671665
1775066332015356400,323.1463564453125,0.0238882405877113,0.0600052636295556,-0.020768300202582
1775066332025396200,323.1563962402344,0.0261120541170239,0.0451385338872671,-0.0403310422739945
1775066332035435500,323.166435546875,0.0130967974603176,0.0429331327974796,-0.0173442075054161
1775066332045474300,323.1764743652344,-0.0188753808617591,0.0414782578140497,0.0737386419603601
1775066332055513300,323.1865134277344,-0.0247194307148456,0.056561845177412,0.0844987949003465
1775066332065552400,323.19655249023435,-0.0026008301481604,0.0468611198961734,0.0338744865457527
1775066332075592200,323.20659228515626,-0.0287128842651844,0.0284480958491563,-0.0492968956757336
1775066332085631500,323.2166315917969,-0.0173357502043247,-0.0345949280411005,-0.1148754841919057
1775066332095670500,323.22667041015626,0.0088216043591499,-0.0584036736518144,-0.1202495053804479
1775066332105709300,323.2367092285156,0.0325599150821566,-0.0335229148954153,-0.0641892347833141
1775066332115748400,323.24674829101565,-0.0025790567077696,0.0113946697175502,-0.0154682940983213
1775066332125787100,323.256787109375,-0.032632834187895,0.0336579394519329,-0.0158193908246234
1775066332135827200,323.2668271484375,-0.0072898647472262,0.0610164864987134,-0.0108738241812214
1775066332145866500,323.2768664550781,-0.0128431149601936,0.040804304075241,0.0027354345795698
1775066332155905300,323.2869052734375,-0.0039281332291662,0.0231581727474927,-0.0202632915562018
1775066332165944300,323.2969443359375,-0.0256742472216486,0.0267325241029262,-0.0223043689297512
1775066332175983400,323.3069833984375,-0.0358851139821112,0.0292652574509382,-0.0170036321731284
1775066332186023400,323.3170234375,-0.0150876790165901,0.0338157603621482,-0.0040012715306133
1775066332196062200,323.3270622558594,0.0079375150009989,0.0472264460772275,-0.01932831226103
1775066332206101500,323.3371015625,0.0034590544126927,0.0337362653851509,-0.0053125915911979
1775066332216140300,323.3471403808594,0.0089306176915764,0.0133756144016981,-0.0033486163081601
1775066332226179300,323.35717944335937,0.0220098794952034,0.0268295547366142,-0.0132371192464604
1775066332236218400,323.36721826171873,-0.0009057166680693,0.0248187994360923,-0.0123139034543186
1775066332246258200,323.37725805664064,-0.014175824868679,0.0145241999149322,0.0289693797769024
1775066332256297500,323.3872973632813,-0.0047299511313438,0.0120639472812414,0.0119097431002184
1775066332266336500,323.39733642578125,0.0093310151860117,0.0278495454341173,-0.0241044223553501
1775066332276375300,323.4073752441406,-0.0071089552223682,0.0204980136275291,-0.028869061207585
1775066332286414300,323.41741430664064,-0.0118700321443378,0.0363800578922033,-0.0328311880378983
1775066332296454400,323.4274543457031,0.0256561270430684,0.0561181930631399,-0.0164265081386081
1775066332306493200,323.4374931640625,0.0513482021823525,0.0292214183092117,-0.0092599592437967
1775066332316532500,323.44753247070315,0.0557585659705102,0.0139653969883918,-0.000795753487572
1775066332326571800,323.45757177734373,0.0399880192562937,-0.0139928695172071,-0.0329207842838019
1775066332336610800,323.46761083984376,-0.0169140176609158,-0.0353875397235155,-0.0409721897217445
1775066332346649600,323.4776496582031,-0.0612310060322284,-0.052180853614211,-0.0085576744596473
1775066332356689700,323.48768969726564,-0.0837152250409126,-0.0042249242186546,0.0078348766104318
1775066332366728700,323.4977287597656,-0.0526630841732025,0.0255535434514284,0.0063394504209049
1775066332376767700,323.50776782226563,-0.0273962487086653,0.0012286650121212,-0.0209950946957804
1775066332386806800,323.5178068847656,0.0119733463883399,0.053891164663434,-0.0084139551400206
1775066332396845800,323.527845703125,0.0372913275182247,0.048413610035181,-0.0020023893309757
1775066332406885600,323.5378857421875,-0.0088707041978836,0.0248036018669605,0.0150715498656965
1775066332416924700,323.5479245605469,-0.0005327917024493,0.0376595763087272,0.0056104054939933
1775066332426963700,323.5579636230469,0.0266495219945907,0.0486707996666431,-0.0187859855452552
1775066332437002800,323.5680026855469,0.0389317882016301,0.0262058698803186,-0.0321795922613702
1775066332447041800,323.57804174804687,0.0129557815544307,0.0348088630527257,0.051597208507359
1775066332457080800,323.5880808105469,0.0120250765755772,0.0223521170616149,0.0736501599593087
1775066332467120600,323.59812060546875,0.0678828651368618,-0.0003904606223106,0.0155474968143738
1775066332477159700,323.6081596679688,0.0277811563730239,-0.0274906489938497,-0.0307732873937115
1775066332487198700,323.61819873046875,-0.2143500221669673,0.0268500130027532,-0.0361671275275759
1775066332497237800,323.6282377929688,-0.1855705024063587,0.0787298378437757,-0.0459651939697563
1775066332507276800,323.63827685546875,0.093393738490343,0.0094786069631576,0.0497709246619604
1775066332517316900,323.64831689453126,0.1187862461611628,-0.0113975923269987,0.1310984508487395
1775066332527355600,323.6583557128906,-0.0208753225073218,0.0290577521800994,0.072741886007972
1775066332537394700,323.66839477539065,0.0754369337782263,0.0612070406347513,-0.0402025570561178
1775066332547433700,323.6784338378906,-0.062378714762628,0.0813245305120945,-0.0009095160603523
1775066332557472800,323.68847265625,-0.2190250282406806,0.1047211881905794,0.0171266740309074
1775066332567511800,323.69851171875,-0.0853866653844714,0.0646375996053218,-0.0139896911794319
1775066332577552000,323.7085517578125,0.1144637067869305,-0.0002267944931983,0.031331798059307
1775066332587590700,323.7185905761719,0.1989958011686801,-0.0260480489701032,0.0547008188121952
1775066332597629700,323.72862963867186,0.0910828311994671,-0.004373392778635,0.0140241962372325
1775066332607668700,323.7386687011719,-0.0834353851862251,0.0341465997517108,-0.0419261842446401
1775066332617707800,323.74870776367186,-0.1023778399348259,0.0091126962602138,0.0119654736091382
1775066332627747800,323.7587478027344,-0.0435936425328254,-0.026326281389594,0.0907412146875634
1775066332637786600,323.76878662109374,0.0603191518843173,-0.0180827691793441,0.0878681069366633
1775066332647825700,323.77882568359377,0.0388499551370739,0.0251525614351034,-0.0072416599576361
1775066332657864700,323.78886474609374,-0.0570934678360819,0.0783855544507503,-0.0795220294010825
1775066332667903700,323.79890380859376,-0.1112637417018413,0.0688356358170509,-0.0880812930296175
1775066332677942800,323.80894287109373,-0.0209583246156573,0.0831517459392547,-0.0634913521796464
1775066332687982800,323.81898291015625,0.0515630139768123,0.0893950242429971,-0.0010111680702306
1775066332698021600,323.8290217285156,0.0262684137225151,0.0759831694841384,0.0922188860246911
1775066332708060700,323.83906079101564,-0.0055880292654037,0.0501028782963752,0.0876303343917243
1775066332718099700,323.849099609375,0.0069628247499465,0.0262584768503904,0.0284475113272666
1775066332728138800,323.859138671875,-0.058182432116568,0.0168014971971511,0.0313757833315059
1775066332738178800,323.8691787109375,-0.0733506290234625,-0.0079220251709222,0.0299363251129165
1775066332748217900,323.8792177734375,-0.0754091689884662,-0.0128168114751577,-0.0056729493361897
1775066332758256600,323.8892565917969,-0.0779319654643535,0.0193394912421703,0.0330427301630377
1775066332768295700,323.89929565429685,0.0991236604444682,0.0019160627543926,0.0040644181610085
1775066332778335000,323.9093349609375,-0.0450689757823944,0.0076560677111148,-0.0184625074782408
1775066332788373800,323.91937377929685,-0.1852639206752181,0.0170785605728626,0.0253706063662655
1775066332798413800,323.92941381835936,-0.1084860936820507,0.0541869327396154,-0.0422976479055359
1775066332808452900,323.9394528808594,0.0472939583554863,0.0421931280851364,-0.095677976970002
1775066332818491600,323.94949169921875,0.0869347716093063,0.0299602539777755,-0.0611801891604438
1775066332828530700,323.9595307617187,-0.008702069632709,0.0465671053856611,-0.0360355735697783
1775066332838569700,323.96956982421875,0.0069724693611264,0.0435083023369312,-0.0087746782111935
1775066332848609800,323.97960986328127,0.0620741788581013,0.0169113873124122,0.0250443518202751
1775066332858648800,323.98964892578124,0.0874129105150699,0.0179085816562175,0.0018994038805365
1775066332868687600,323.9996875,0.0312558467462658,0.0040448914766311,-0.0572101164856925
1775066332878726700,324.0097265625,-0.0229179342508316,-0.0060433718174695,-0.0990500289526768
1775066332888765700,324.019765625,-0.056336219727993,-0.0028565584748983,-0.1159352406442165
1775066332898804700,324.0298046875,-0.0589971095003187,-0.0063245268464088,-0.1420774889701046
1775066332908844800,324.0398447265625,-0.0184454650118947,0.0056149172723293,-0.1112652395391836
1775066332918883800,324.0498837890625,0.0164767952874302,0.0117553197234868,-0.0692472305589355
1775066332928922600,324.05992260742187,-0.0052130584731698,0.0219558112204074,0.0087288663080893
1775066332938961700,324.0699616699219,0.0115206341847777,0.0512491257220506,-0.0171398257734253
1775066332949001000,324.0800009765625,0.0477108685933053,0.0586082563132047,-0.0102552173588424
1775066332959040800,324.0900407714844,0.0376607453525066,0.0536743070423603,0.0069686699688434
1775066332969079800,324.10007983398435,0.0157376673579216,0.0515209284007549,-0.0317877981984987
1775066332979118800,324.1101188964844,0.0391468922570347,0.0115384621024131,-0.0418483515017665
1775066332989157600,324.12015771484374,-0.0110308048412203,0.0045680385679006,-0.0357469293541274
1775066332999196700,324.13019677734377,-0.0264193665005266,0.0055137949854135,-0.0641671325493603
1775066333009235700,324.14023559570313,0.0112763040348887,0.0087865330457687,-0.0344717765854671
1775066333019275800,324.15027587890626,0.0162460552714765,0.0050637131303548,-0.0294331248311325
1775066333029314800,324.1603146972656,0.0294129953585565,-0.0095347210645675,-0.0526854969344101
1775066333039353900,324.17035375976565,0.0357952437415719,0.0222480721652507,-0.047528114171233
1775066333049392600,324.180392578125,0.0066647185862064,0.0148678987860679,-0.0535066953904926
1775066333059431700,324.190431640625,-0.0049602527558803,0.0067915598362684,-0.0415766401546075
1775066333069471700,324.2004716796875,0.0166755327299237,0.0282587107568979,-0.0492145146219059
1775066333079510800,324.2105107421875,0.0249121768079698,0.0188490773767232,-0.0329415530771948
1775066333089549800,324.2205498046875,0.017181290294975,-0.0070072484135627,-0.0207844658860936
1775066333099588600,324.23058862304686,-0.0033539866030216,0.0048912791728973,-0.0298603007346391
1775066333109627600,324.2406276855469,0.0027997137211263,0.0157785838901996,-0.017303619766701
1775066333119666700,324.25066674804685,-0.0200596222102642,0.0153904613554477,-0.005735785439331
1775066333129706500,324.2607065429688,-0.0055120414197444,0.04248480450809,-0.037926374018751
1775066333139745800,324.2707458496094,0.0355906610801815,0.0542079755276441,-0.0494816959244199
1775066333149784800,324.28078491210937,0.0192528358720242,0.0635398674964904,-0.0198210459477268
1775066333159823600,324.2908237304688,-0.026906419365108,0.038424715462327,0.0121279158955439
1775066333169862700,324.3008625488281,0.013959551769495,0.0030079496443271,0.0060803793596103
1775066333179902700,324.3109028320313,0.0117199561491608,-0.0168213709414005,0.002964603692945
1775066333189941800,324.32094165039064,-0.0223475870169699,-0.024700141492486,0.0127540849698707
1775066333199980800,324.3309807128906,-0.0224085234239697,-0.0059340662240982,0.0049311179929412
