time,seconds_elapsed,z,y,x
1776553868329028400,2.5370283203125,0.0611041647821664,0.0703910485655069,0.012034702920448
1776553868339007500,2.547007568359375,0.0702273824363946,0.0717909784913063,0.0136523489838466
1776553868348987400,2.5569873046875,0.0698398444235324,0.0483060580074787,0.0031231369892135
1776553868358967300,2.56696728515625,0.0606090747416019,0.0372638549894094,-0.02560885383524
1776553868368946400,2.576946533203125,0.0392032986193895,0.045558220604062,-0.0518480597295798
1776553868378926300,2.58692626953125,0.1040863974183797,0.0549713611155748,-0.0542572580294683
1776553868388905200,2.5969052734375,0.1666004289984703,0.0467167429894208,-0.0160966551297344
1776553868398885400,2.606885498046875,0.176022921860218,0.0612438655138015,0.016269454413373
1776553868408865300,2.616865234375,0.1534860958814621,0.079921093454957,0.0620605887241661
1776553868418844200,2.62684423828125,0.0759644647836685,0.0639180531591177,0.0829822345912456
1776553868428824000,2.636823974609375,0.0462666611343622,0.063477323654294,0.044919484309107
1776553868438803200,2.64680322265625,0.0641021775543689,0.0491962848454713,-0.01530981560098
1776553868448783000,2.656783203125,0.0657312400609254,0.048833296751976,-0.04410608556699
1776553868458763300,2.66676318359375,0.0801204154193401,0.0743862556815147,-0.0492155192689038
1776553868468742400,2.676742431640625,0.1282400109440088,0.0749427205204963,-0.0395142642647027
1776553868478722300,2.686722412109375,0.1606733770370483,0.0663280369102954,-0.0288141161499544
1776553868488701400,2.696701416015625,0.2037386117815971,0.0635100568801164,-0.0343016624492593
1776553868498681300,2.706681396484375,0.2381178512454032,0.0647077422320842,-0.0235718133159913
1776553868508661200,2.7166611328125,0.2415589316099882,0.0702998631507158,-0.0243249149719253
1776553868518640400,2.726640380859375,0.1769049653917551,0.0846902075529098,0.0104276330499909
1776553868528620300,2.736620361328125,0.0472667780876159,0.0876040491729974,0.0443473835095763
1776553868538599200,2.74659912109375,-0.1056476553857326,0.085105802616477,0.0467397037399001
1776553868548579300,2.756579345703125,-0.1351975749969482,0.0515285271853208,0.0113319614785723
1776553868558559200,2.766559326171875,-0.108936760058999,0.0177688809245824,-0.0099618421691469
1776553868568538000,2.7765380859375,-0.0569289249241352,0.0189221426129341,-0.0565870709502138
1776553868578518300,2.786518310546875,-0.0214297415196895,0.024054829326272,-0.0645457566034048
1776553868588498400,2.79649853515625,-0.0957201356112956,0.0530570519268512,-0.0281418246452696
1776553868598477300,2.806477294921875,-0.147038819438219,0.0821352623730897,-0.0279725690255872
1776553868608457200,2.816457275390625,-0.1017214218527078,0.0765402188450098,-0.0461037621902301
1776553868618436400,2.826436279296875,0.000462356814742,0.0399000487118959,-0.0587377279117703
1776553868628416300,2.836416259765625,0.0769715959995985,0.0349514863938093,-0.0512285761243663
1776553868638395400,2.8463955078125,0.1440875684171915,0.0547591796696186,-0.0238603296674787
1776553868648375300,2.856375244140625,0.2250479417920112,0.0639700756072998,0.0037888708889484
1776553868658355200,2.866355224609375,0.2375052723050117,0.0830418558239936,0.0100851032226346
1776553868668334300,2.876334228515625,0.2278483861654996,0.0810211636513471,-0.0245974117703735
1776553868678314200,2.886314208984375,0.2389572246789932,0.0683656802177429,-0.0381893906028009
1776553868688294100,2.896294189453125,0.1871370210707187,0.0742769500881433,-0.0012276786314323
1776553868698273300,2.906273193359375,0.1290577570676803,0.0893126066565513,0.0394644885725341
1776553868708253400,2.91625341796875,0.110882048907876,0.1084971995979547,0.0585652208890765
1776553868718232000,2.926232177734375,0.1038835683226585,0.071235682696104,0.0271387850825674
1776553868728212500,2.93621240234375,0.0822492441415786,0.0421083724111318,-0.0206832705339416
1776553868738192400,2.9461923828125,0.0408615872204303,0.0356307008296251,-0.0387142181945033
1776553868748171300,2.956171142578125,0.0225619604200124,0.0449725296705961,-0.0450495586958713
1776553868758151200,2.966151123046875,0.0247837281227111,0.0358469739288091,-0.0480812728082761
1776553868768130300,2.97613037109375,0.0692073917388916,0.0389531232506036,-0.0480251404405571
1776553868778110200,2.986110107421875,0.0956938321262598,0.056171969076991,-0.0091415752948261
1776553868788090000,2.996090087890625,0.0865665228188037,0.0609305617809295,0.0202688262478448
1776553868798069200,3.0060693359375,0.0434516037136316,0.0637976416498422,0.0050364780635572
1776553868808049200,3.016049072265625,-0.0060679217368364,0.0833382084220647,-0.0189220147487707
1776553868818028300,3.0260283203125,0.0099748660475015,0.0747948364824056,-0.0183900450302287
1776553868828008200,3.03600830078125,0.0623819296330213,0.0585217470735311,-0.0151373633772134
1776553868837988400,3.04598828125,0.0450122771590948,0.0697889910191297,-0.0251164854747243
1776553868847967500,3.055967529296875,0.0514531238615512,0.0685503891348838,-0.0309435659267008
1776553868857947400,3.065947509765625,0.0915466493189334,0.0710556499540805,-0.0124712677068077
1776553868867926300,3.07592626953125,0.1270318041980266,0.0573240617215633,0.0045571153150871
1776553868877906400,3.085906494140625,0.1156248595207929,0.0610889672130346,0.0075650832257233
1776553868887886300,3.09588623046875,0.1000859296053647,0.0734586194425821,0.0182784013492986
1776553868897865200,3.105865234375,0.0781166743814945,0.0587502951323986,-0.0019494170347228
1776553868907845400,3.115845458984375,0.0723404290676116,0.0418739791333675,-0.0072307915037497
1776553868917824300,3.12582421875,0.074601944258809,0.0528086301237344,-0.0179675818344578
1776553868927804200,3.13580419921875,0.0461573555409908,0.0461754757195711,-0.0474834530455991
1776553868937784300,3.145784423828125,0.0486713841885328,0.0587964723616838,-0.0344245581765659
1776553868947763200,3.15576318359375,0.1038455743998289,0.0606470686644315,-0.0212938036477193
1776553868957743000,3.1657431640625,0.1788134293615818,0.0547661939322948,0.0018706527100875
1776553868967722200,3.17572216796875,0.1784691459685564,0.0734440063953399,0.0036787250453606
1776553868977702400,3.185702392578125,0.1349152509242296,0.0949631797641515,0.0038354499770328
1776553868987682300,3.195682373046875,0.0915168387025594,0.0870984377384185,-0.013653207500372
1776553868997661400,3.205661376953125,0.0406418069899082,0.0833382084220647,-0.0042150786780752
1776553869007641300,3.215641357421875,0.0204331316977739,0.1058341178685426,-0.0212031296895816
1776553869017620200,3.2256201171875,0.0522404748469591,0.0987590649157762,-0.0200057548648677
1776553869027600400,3.235600341796875,0.0647813919901847,0.098664372369647,-0.0184293358610011
1776553869037580300,3.245580322265625,0.0734954443216323,0.0974053122192621,0.0019504399480298
1776553869047559200,3.25555908203125,0.0639765053480863,0.1124251866966486,0.0212280814677476
1776553869057539300,3.265539306640625,0.0818669668257236,0.0958604208648204,0.0481682204393669
1776553869067518200,3.275518310546875,0.1701344483435153,0.0142845459401607,0.0877621258115395
1776553869077498000,3.285498046875,0.1676560755312442,-0.0122597621142864,0.0820265047689899
1776553869087478300,3.295478271484375,0.1343769062638282,0.0078700027227401,-0.0283320317214354
1776553869097457200,3.30545703125,0.082300682067871,0.0283335295587778,-0.0911696327000856
1776553869107437000,3.31543701171875,0.0828933872640132,0.0252992764294147,-0.1058281995844095
1776553869117416200,3.325416259765625,0.0948731633931398,0.0213853178560733,-0.1027940195202827
1776553869127396000,3.33539599609375,0.0964390975356102,0.0405295787870883,-0.0803860258192755
1776553869137376000,3.3453759765625,0.135738842266798,0.046712651336193,-0.0371775466791354
1776553869147355100,3.355355224609375,0.1933914052903652,0.047710430201888,-7.95863085426e-05
1776553869157335000,3.3653349609375,0.1626081444919109,0.083455112800002,0.0433482164043933
1776553869167314200,3.375314208984375,0.0909399155974388,0.0853682529449462,0.0240371110064908
1776553869177294300,3.38529443359375,0.0308995806545019,0.0567851325392723,-0.0106530575700104
1776553869187274200,3.395274169921875,0.0029255320578813,0.0577992780178785,-0.016585881685093
1776553869197253000,3.405253173828125,-0.0200239663749933,0.0565741201370954,-0.0348324813903309
1776553869207233300,3.4152333984375,-0.0314104527860879,0.0720154348969459,-0.0605296162972226
1776553869217212200,3.425212158203125,0.0506242718219757,0.0662532181084156,-0.0823632807089947
1776553869227192000,3.435192138671875,0.1103787755608558,0.0509790766090154,-0.0642929691524244
1776553869237172200,3.445172119140625,0.1376817930281162,0.0608896452486515,-0.049065498072654
1776553869247151000,3.455151123046875,0.1336579443395137,0.0638812282800674,-0.0762817140392959
1776553869257131000,3.465131103515625,0.117340431267023,0.0729752198398113,-0.0741996105356141
1776553869267110100,3.475110107421875,0.1228676702558994,0.0534422518521547,-0.0686484244155697
1776553869277090000,3.485090087890625,0.1008516532808542,0.0210889652580022,-0.0665989445398561
1776553869287070000,3.495070068359375,0.0809627114623785,-0.0073380878031253,-0.0609760996893979
1776553869297049000,3.505049072265625,0.1120955163508653,0.0242161573678255,-0.0486343218474648
1776553869307029200,3.515029296875,0.1446615689128637,0.0361859966248273,-0.013201627807971
1776553869317008400,3.52500830078125,0.1427361538082361,0.0406739556938409,-0.0020739932624623
1776553869326988300,3.53498828125,0.1446025322020054,0.0631482378304004,0.0282888866994529
1776553869336968200,3.54496826171875,0.1706990964889526,0.0535743537992238,0.0659112545366399
1776553869346947000,3.554947021484375,0.2030582283020019,0.0434931047677993,0.0502867286969907
1776553869356927200,3.56492724609375,0.1535913098216056,0.0377910937339067,0.0594973323737271
1776553869366906000,3.574906005859375,0.0687345135301351,0.0556698647737503,0.0660886386638507
1776553869376886000,3.584885986328125,-0.0061076692253351,0.0567962384551763,0.0389293953151442
1776553869386866200,3.5948662109375,-0.0105827688127756,0.0651870501816272,0.0114557339887134
1776553869396845000,3.604844970703125,0.0185667533040046,0.065767480418086,0.0263767329351976
1776553869406825000,3.614824951171875,0.0481903226733207,0.0772878223419189,0.0327399843567982
1776553869416804000,3.62480419921875,0.0392208342760801,0.0816653067737817,0.0089621453410014
1776553869426784000,3.634783935546875,-0.0316121128380298,0.0816027629315853,-0.0079799476369284
1776553869436764200,3.64476416015625,-0.0408346992135047,0.0794587366402149,-0.0199793600482866
1776553869446743300,3.654743408203125,-0.0068248775839805,0.0603974778175354,-0.0341628750330768
1776553869456723200,3.66472314453125,0.0455780943483114,0.0376794500529766,-0.0542353384586051
1776553869466702300,3.674702392578125,0.0719113900005817,0.0578571456849575,-0.0436888830682262
1776553869476682200,3.68468212890625,0.0931394714683294,0.0584615413188934,-0.0768932152674533
1776553869486662100,3.694662109375,0.1275198799759149,0.0454319638758897,-0.0927499606940895
1776553869496641300,3.704641357421875,0.131531453704834,0.0404617742478847,-0.1120553304709494
1776553869506621200,3.71462109375,0.0808972450107336,0.0456435607999563,-0.1148167762746103
1776553869516600000,3.72460009765625,0.0327536840885877,0.0416372477680444,-0.0835652769098989
1776553869526580000,3.734580078125,0.0352975233525037,0.0327870018362998,-0.075829476759769
1776553869536559000,3.74455908203125,0.0079155954301357,0.0359334831684827,-0.0965474167482927
1776553869546539000,3.7545390625,-0.0274438872426748,0.0468856698155403,-0.0791753348552621
1776553869556519000,3.764518798828125,-0.0070335518985986,0.0513818121910095,-0.0427140284203924
1776553869566498000,3.774498046875,-0.0183726920366287,0.0598848521202802,-0.0169652181251905
1776553869576478200,3.784478271484375,-0.0123223059564828,0.0861620336711406,0.0048583998166024
1776553869586457300,3.794457275390625,0.0609282236933708,0.0736848294138908,-0.0038682562680914
1776553869596437200,3.804437255859375,0.1105231524676084,0.0582908609271049,0.0105533052562735
1776553869606417200,3.814417236328125,0.129675596705079,0.0460743534326553,0.0237607782831415
1776553869616396300,3.824396240234375,0.0885340234994888,0.0253437000930309,0.0306307371178641
1776553869626376200,3.834376220703125,0.065552960884571,0.0393564433544874,0.0465941577893681
1776553869636355000,3.84435498046875,0.0492313561588525,0.050752282115817,0.0594400126959197
1776553869646335200,3.854335205078125,0.056298810327053,0.0432119497388601,0.0522213134887628
1776553869656315100,3.864315185546875,0.0182762459248304,0.0491863479733467,0.0442889313206076
1776553869666294000,3.8742939453125,-0.0313350494623184,0.0446253236681222,-0.0038429208974353
1776553869676274200,3.884274169921875,-0.0369826999604702,0.0576999092966318,-0.015375665645115
1776553869686253000,3.894253173828125,0.0070148471981286,0.0696241558462381,-0.0193573922250419
1776553869696233000,3.90423291015625,0.0665676908850669,0.0751613317072391,-0.0169614004665985
1776553869706213000,3.914213134765625,0.1290109953165054,0.0861596955835819,-0.0483992527162656
1776553869716192300,3.924192138671875,0.1116670618057251,0.1012947208732366,-0.0441245893380604
1776553869726172200,3.934172119140625,0.0393769016206264,0.1126660097151994,-0.0086877305801026
1776553869736151300,3.9441513671875,-0.0654582683384418,0.1019324342548847,0.0284066495939157
1776553869746131200,3.954131103515625,-0.1185457154035568,0.0958265185952186,0.0590338613141328
1776553869756111000,3.964111083984375,-0.0967833809286355,0.0692278500050306,0.0832617273860611
1776553869766090200,3.97409033203125,-0.0430307479530572,0.0372772989928722,0.0784548750936053
1776553869776070100,3.984070068359375,0.0131084878981113,0.0098860187202692,0.0657894365215674
1776553869786049000,3.994049072265625,0.0407855993747711,0.0028115502893924,0.0625001309189014
1776553869796029200,4.004029296875,0.0375151994019746,-0.0150789111882448,0.0333586094454862
1776553869806009000,4.014009033203125,0.0193090961039066,-0.0460404511630535,-0.0121964145544916
1776553869815988000,4.023988037109375,-0.0243348153114318,-0.0122942489057779,-0.0183639607409015
1776553869825968400,4.033968505859375,-0.1381412272334098,0.019966683229804,-0.0288422097332775
1776553869835947000,4.043947021484375,-0.2568283969342708,0.0687485420554876,-0.0041984563368372
1776553869845927200,4.05392724609375,-0.3032248219281435,0.0908937383681535,0.0092352814602665
1776553869855907300,4.0639072265625,-0.2129062530994415,0.0878694221109151,-0.0082988043277524
1776553869865886200,4.07388623046875,-0.0270353064417839,0.0750765760332345,-0.0356673795782029
1776553869875866000,4.0838662109375,0.1098924533486366,0.0939689080297946,-0.0292382233135402
1776553869885845200,4.09384521484375,0.2251350355535745,0.1223000995010137,-0.0843376495218835
1776553869895825200,4.1038251953125,0.3143547032296657,0.1461222891151904,-0.1012414837155025
1776553869905805000,4.11380517578125,0.404848044103384,0.1322942547708749,-0.067192234257888
1776553869915784200,4.1237841796875,0.4754255551517009,0.1428974818497896,-0.0222740194572601
1776553869925764000,4.13376416015625,0.5282283400565385,0.1357066935628652,-0.0204858299993909
1776553869935743000,4.143742919921875,0.5707493849217892,0.1488818169564008,-0.0009707173288334
1776553869945723100,4.15372314453125,0.6270061096727848,0.1550315717577934,0.0142259110881015
1776553869955702000,4.163701904296875,0.646116468334198,0.1619739382416009,-0.0289742294819559
1776553869965682000,4.173681884765625,0.5598106422781944,0.1869435443252325,-0.0085208495805971
1776553869975662300,4.183662353515625,0.4202858517318963,0.1222504151403904,-0.0472581198571249
1776553869985641200,4.19364111328125,0.3235211755037308,0.096278938537836,-0.0878498223613016
1776553869995621000,4.20362109375,0.1473363410800695,0.0772480748534202,-0.0941309667237103
1776553870005601300,4.213601318359375,-0.1032528692036867,0.0493307248800992,-0.1523606355154886
1776553870015580200,4.223580078125,-0.3284820127815008,0.0184755678892135,-0.1772751138783991
1776553870025560000,4.23356005859375,-0.4258171823740005,0.0083031334429979,-0.1573090151704847
1776553870035539200,4.243539306640625,-0.35353052932024,0.016425065100193,-0.0922717852557078
1776553870045519000,4.25351904296875,-0.1717325311899185,-0.0549023875325918,0.0092119188509881
1776553870055498200,4.263498291015625,-0.0722714554846286,-0.1396615686684846,0.0808091100695543
1776553870065478100,4.27347802734375,-0.2110585794061422,-0.1082984621554613,0.0480435894127003
1776553870075458000,4.2834580078125,-0.4394014710903167,-0.0434440049290657,0.039227044821158
1776553870085437200,4.293437255859375,-0.6824503489971161,-0.0595697948217391,0.0162097966480068
1776553870095417300,4.303417236328125,-0.9264034822672604,-0.1118394957631826,0.0381143343389034
1776553870105396000,4.31339599609375,-1.1981021160751582,-0.1733177545547485,0.0612994316259399
1776553870115376000,4.323376220703125,-1.3795657676845787,-0.1405664085537195,0.0161137523950077
1776553870125356300,4.333356201171875,-1.4458575642377138,-0.0923076968193054,-0.0475129074689466
1776553870135335200,4.343335205078125,-1.6423101106643676,-0.1071791027367115,-0.0118557478906586
1776553870145315000,4.353315185546875,-2.0123130513578653,-0.0360538946777582,0.0586058360272552
1776553870155294200,4.363294189453125,-2.3414473905682565,0.1150795005977153,0.0284029597994871
1776553870165274000,4.373274169921875,-2.447997547751665,0.1746715072512626,-0.2237367130629718
1776553870175254000,4.38325390625,-2.3414935677975417,0.0953355202078819,-0.4702057746767997
1776553870185233200,4.393233154296875,-2.0809686544328927,0.120656423947215,-0.5534940795425325
1776553870195213000,4.403213134765625,-1.6821043609142303,0.2209013435065746,-0.5593685975991189
1776553870205192200,4.413192138671875,-1.3722984070301054,0.2799608507186174,-0.7198052432708442
1776553870215172000,4.423172119140625,-1.3559610202133654,0.2415378888219594,-0.7322440152138471
1776553870225152300,4.43315234375,-1.3243886548638344,0.3422404890209436,-0.6513220741532743
1776553870235131100,4.443131103515625,-1.3638801227748394,0.3706692956477403,-0.3493168936805799
1776553870245111300,4.453111328125,-1.4658335998177527,0.3400742508977651,-0.3932808673631399
1776553870255090200,4.463090087890625,-1.4923913518756626,0.1510007088065147,-0.5493354985583573
1776553870265070000,4.473070068359375,-1.2657032416611909,0.0563180995494127,-0.5369401273656637
1776553870275049200,4.48304931640625,-0.9137626118808984,0.0985994904398918,-0.6509232110287994
1776553870285029000,4.493029052734375,-0.7054413484841585,0.2898796026647091,-0.840347904645279
1776553870295009000,4.503009033203125,-0.4621194988548755,0.5091144742637872,-0.988232308062166
1776553870304988200,4.51298828125,-0.3567477378010749,0.5493763420253992,-0.8533965521149337
1776553870314968000,4.522968017578125,-0.2610083129674196,0.6309679990410805,-0.7529934463191778
1776553870324947200,4.532947265625,-0.0640846418976783,0.8452648297160863,-0.62517107626535
1776553870334927000,4.542927001953125,0.0695499215662479,1.0283844318389892,-0.3912595176033675
1776553870344907000,4.552906982421875,0.2222550962030887,1.160361875745654,-0.2832992013610899
1776553870354886100,4.56288623046875,0.2464215692102909,0.9809504804909228,-0.140555156507343
1776553870364866300,4.5728662109375,0.3441828552603721,0.840285872259736,-0.3859963363781571
1776553870374845000,4.582844970703125,0.4118354187726974,0.7510346404016017,-0.6700896107263863
1776553870384825300,4.592825439453125,0.4886275665521621,0.8328647823482751,-1.0014382649853826
1776553870394805200,4.60280517578125,0.4802478607416152,0.9128688779115676,-0.9304171018227936
1776553870404784000,4.6127841796875,0.6015495968550443,1.2202256850779056,-0.9259013779640196
1776553870414764300,4.622764404296875,0.6272054316371679,1.3524194020837546,-0.7634969393506645
1776553870424743200,4.6327431640625,0.5335749617815018,1.4046078544825316,-0.5305950691878796
1776553870434723000,4.64272314453125,0.6792120977282524,1.4688567470312115,-0.2201059553451836
1776553870444703000,4.652702880859375,2.0510405491590498,0.9725140760570764,0.4007094829939305
1776553870454682000,4.66268212890625,2.653855635905266,1.2649766809523104,0.6090934363633393
1776553870464662000,4.672662109375,1.9893781659722327,1.4889450108140707,0.1663483539335429
1776553870474641200,4.68264111328125,1.3290771049410104,1.0663795237123963,0.0325493936881422
1776553870484621000,4.69262109375,1.183434123775363,0.9686837041139602,-0.0195167475052177
1776553870494601200,4.702601318359375,1.201020633870363,0.69907882771492,0.0216565360128879
1776553870504580400,4.712580322265625,1.3061246838986873,0.3175081988245248,0.232908446034044
1776553870514560300,4.722560302734375,1.2005775662779807,-0.2008586724311113,1.3066615672543644
1776553870524539100,4.7325390625,0.5539268449366093,-1.6707926933050157,5.5450856112122535
1776553870534519300,4.742519287109375,0.7591051341325045,-1.2417705774098633,4.352492613947391
1776553870544498200,4.752498291015625,1.103759114035964,0.4117436488360166,1.0759425940886138
1776553870554478000,4.76247802734375,0.6767138511717319,0.6212076525270939,0.5149703606851399
1776553870564458200,4.772458251953125,0.361796253362298,0.5110597631126642,0.7517360666692257
1776553870574437000,4.78243701171875,0.2898854478836059,0.6752694975823164,0.8109447730936109
1776553870584417000,4.7924169921875,0.1905506289064884,0.6904828488051891,0.929072263085097
1776553870594396200,4.802396240234375,0.1356570092022418,0.7224468438208103,1.1246585480712354
1776553870604376000,4.8123759765625,0.1545925958186388,0.8415496085852384,1.1749421897619965
1776553870614356000,4.82235595703125,0.2003255884677171,0.93324881811738,1.2130229140922426
1776553870624335000,4.832335205078125,0.2523839847460389,0.8908809179872273,1.2098080436989664
1776553870634315300,4.842315185546875,0.3417161728858947,0.7659399485886097,1.1135862421758471
1776553870644294100,4.852294189453125,0.337737624643743,0.5495546212017536,1.2881699250131844
1776553870654274300,4.8622744140625,0.2486024203807115,0.4690121809780597,1.4335828968152402
1776553870664253200,4.872253173828125,0.2146884603410959,0.5849439144909382,1.179441985399276
1776553870674233000,4.882233154296875,0.1406026489108801,0.5999824936687946,0.8899909834101796
1776553870684213200,4.892213134765625,0.0348532867163419,0.4753080662518739,0.7771414338216185
1776553870694192000,4.902192138671875,-0.1228740999966859,0.2809229737490415,0.7363757081910968
1776553870704172000,4.912172119140625,-0.2731970556721091,0.2480482936292886,0.6203736859209835
1776553870714151200,4.922151123046875,-0.3204328540995717,0.3504541906148195,0.5260642573578282
1776553870724131000,4.932131103515625,-0.3626031858310103,0.3498240760177373,0.6934035585574805
1776553870734111000,4.942111083984375,-0.4916761404678225,0.1656084953516721,0.7728213056001811
1776553870744090000,4.952090087890625,-0.5707669205784798,-0.0466115290492773,0.400196711166203
1776553870754070000,4.962070068359375,-0.59775312718153,-0.2283317857682704,0.0438105732191354
1776553870764049200,4.972049072265625,-0.5468406860679388,-0.4716273319125175,-0.5322812687091529
1776553870774029300,4.982029296875,-0.4390422823891043,-0.7192173603802919,-1.2457450339987872
1776553870784009200,4.99200927734375,-0.4081375871680677,-0.7667834136754273,-1.6132092499949038
1776553870793988400,5.00198828125,-0.5136167541190981,-0.6669090809941292,-1.7130149013541638
1776553870803968300,5.01196826171875,-0.6263922155581414,-0.6566600741803645,-1.714092759718746
1776553870813947100,5.021947021484375,-0.7052331125609577,-0.571283053407073,-1.7289651885494588
1776553870823927000,5.031927001953125,-0.745626497747749,-0.4023416142404079,-1.6922918467991053
1776553870833906200,5.04190625,-0.7710321571610868,-0.2365530861467122,-1.5634833883173762
1776553870843886000,5.051885986328125,-0.758240626257658,-0.046123453271389,-1.4387800270669162
1776553870853866000,5.061865966796875,-0.7186516893215477,0.2403729366958141,-1.618142468613386
1776553870863845000,5.07184521484375,-0.6384371658779681,0.4460077374875545,-1.900932259147614
1776553870873825000,5.081824951171875,-0.5483890845537185,0.3159808431267738,-1.8956956736683843
1776553870883804200,5.09180419921875,-0.452420527139306,0.11626432646811,-1.5344314813561737
1776553870893784000,5.1017841796875,-0.2754156085044145,-0.0170657010912895,-1.0086319758817552
1776553870903764200,5.11176416015625,-0.081108823668491,0.0436632006376981,-0.6000706103436648
1776553870913743400,5.121743408203125,0.0133691846609115,0.3165519210129976,-0.2762796779878437
1776553870923723300,5.13172314453125,0.0512836033803876,0.4683148463636636,-0.0408306075602769
1776553870933702100,5.1417021484375,0.1754664387549273,0.4650011917710304,0.0257268541917204
1776553870943682300,5.151682373046875,0.3502759114384651,0.4639700951576233,0.1217993103720247
1776553870953662200,5.161662109375,0.4856523501336574,0.5356295562237501,0.2767398428454995
1776553870963641000,5.17164111328125,0.5621978296756744,0.605118102991581,0.3891702902391553
1776553870973621200,5.181621337890625,0.6932103010077029,0.6207552325844764,0.5036297592423856
1776553870983600000,5.19160009765625,0.8104828546702861,0.5752841057419776,0.6336325420752167
1776553870993580000,5.201580078125,0.8716916488707065,0.6319248613744973,0.7676097814969718
1776553871003559200,5.21155908203125,0.8619603092554956,0.7325579034686088,0.7692140018232166
1776553871013539000,5.2215390625,0.8398866438090801,0.727770084670186,0.7138665008716285
1776553871023519000,5.23151904296875,0.7130280042208731,0.6837836434274911,0.6725025170870125
1776553871033498000,5.241498046875,0.6219277834951877,0.6609405279785394,0.5728650619015098
1776553871043478300,5.251478271484375,0.5828630165636539,0.6371557477653026,0.468564875601977
1776553871053457200,5.26145703125,0.578355183750391,0.6286760887116193,0.3219134480461478
1776553871063437300,5.271437255859375,0.5786532899141311,0.5835837320536374,0.2083592573195695
1776553871073417200,5.281417236328125,0.5630345727607607,0.5016320095539093,-0.0134776134714484
1776553871083396900,5.29139697265625,0.6284764744862914,0.4027344129502773,-0.1879682111978531
1776553871093376800,5.301376708984375,0.7469301276922226,0.4048082966148853,-0.3975320220015942
1776553871103356000,5.31135595703125,0.9015314913392066,0.4346908091813325,-0.5156865461304784
1776553871113335800,5.321335693359375,1.1181481432639062,0.4018096993207931,-0.5004476220749319
1776553871123315000,5.33131494140625,1.2773542242273688,0.368918652588129,-0.4386436384603381
1776553871133294800,5.341294921875,1.2601587592765688,0.3482733394443988,-0.3694116968020796
1776553871143275000,5.35127490234375,1.0939290632866323,0.3570832533657551,-0.3674409812510013
1776553871153254100,5.361254150390625,0.9074722795650364,0.3834627262473106,-0.282423441439867
1776553871163234000,5.371234130859375,0.7898338882647454,0.3397317210704088,-0.219555043464154
1776553871173213000,5.381212890625,0.7250593644067644,0.2899018144965171,-0.3250717659465968
1776553871183193000,5.391193115234375,0.6388306952401995,0.2500017657846212,-0.4310818249039351
1776553871193173000,5.401173095703125,0.5613379979759454,0.1763204435020685,-0.4222127281412482
1776553871203152000,5.41115185546875,0.4953539521977305,0.1064478658527135,-0.4081688590891659
1776553871213132000,5.421132080078125,0.4506511793792248,-0.0149935709923505,-0.4361370624668896
1776553871223111000,5.43111083984375,0.466876337993145,-0.1670785679042339,-0.4530843978755176
1776553871233090800,5.4410908203125,0.5207657490909099,-0.203854347115755,-0.4372128750048577
1776553871243070000,5.451070068359375,0.5339093083024025,-0.2064233208209276,-0.3956228273794054
1776553871253049900,5.4610498046875,0.5336272764906287,-0.2007780084103345,-0.3626676293693482
1776553871263030000,5.471030029296875,0.5094222250387073,-0.1198328326046466,-0.3314471461974084
1776553871273009000,5.4810087890625,0.4849094228118658,-0.1265028118878602,-0.2483889237605035
1776553871282989000,5.490989013671875,0.5541890030041337,-0.1005225674569606,-0.1535343189373612
1776553871292968000,5.500968017578125,0.6295981719925999,-0.0582885228395462,-0.0105301618427038
1776553871302948000,5.510947998046875,0.6326829862654209,-0.0064765025377273,0.0370263929717242
1776553871312927000,5.520927001953125,0.5979807984575629,0.0764817666560411,-0.0095782679453492
1776553871322907000,5.530906982421875,0.4873299279570579,0.0862502964764833,-0.0449715067572891
1776553871332887000,5.540886962890625,0.367158072656393,0.1139525423943996,-0.0605877396926283
1776553871342866000,5.550865966796875,0.2427460955679416,0.2150152080774307,-0.0540367106139659
1776553871352845800,5.560845703125,0.0868354028880596,0.2288414888560772,-0.083180972033739
1776553871362825000,5.570824951171875,0.0169362294927239,0.1488438230335712,-0.0846099819235503
1776553871372804900,5.580804931640625,-0.0652908028170466,0.1209527765452861,-0.0765147921428084
1776553871382784800,5.59078466796875,-0.1177206627562642,0.0697264471769332,-0.049001054534316
1776553871392764000,5.600763916015625,-0.127038526199758,0.0225140296250581,-0.0435753762237727
1776553871402744000,5.610744140625,-0.1364434834048151,0.0006792144358158,-0.0576021480105817
1776553871412723000,5.620722900390625,-0.1047764255091548,0.0201759420663118,-0.04908215694651
1776553871422703000,5.630703125,-0.0354676192224025,0.0167108963042497,-0.0137717741124331
1776553871432682000,5.640681884765625,0.0323015564069151,-0.0033230069428682,0.0304252411410212
1776553871442662000,5.650661865234375,0.1008766415916383,0.0535585717082023,0.0800458888784051
1776553871452642000,5.66064208984375,0.062768590863049,0.123765495878458,0.1464428993716836
1776553871462621000,5.670620849609375,-0.0570198180779814,0.1506511647164821,0.1519514336600899
1776553871472600800,5.680600830078125,-0.1449345406353473,0.2237000343143939,0.1430332370586693
1776553871482580000,5.690580078125,-0.2247406294085085,0.2640092483490705,0.1922491033874452
1776553871492560000,5.700559814453125,-0.2619230897247791,0.2613391523569822,0.2568586459420621
1776553871502539000,5.7105390625,-0.2744111076369881,0.270608500483632,0.2370712648019194
1776553871512519000,5.720518798828125,-0.2730418651103973,0.2482148823678493,0.2520252344362437
1776553871522498800,5.730498779296875,-0.1874412647143006,0.1756885753393173,0.2457417702525854
1776553871532478000,5.74047802734375,-0.088221158158034,0.2147153483480215,0.2682600376613438
1776553871542458000,5.7504580078125,-0.0493036907427012,0.25360358966887,0.3189246414937078
1776553871552436700,5.760436767578125,-0.0297077405214309,0.2337894666522741,0.3684263390265405
1776553871562417200,5.770417236328125,0.0533610033094882,0.2413520108610391,0.3339531376689672
1776553871572397000,5.78039697265625,0.1558859966300428,0.1940080758839845,0.2502966570779681
1776553871582376000,5.7903759765625,0.2150222223401069,0.12747311822474,0.186012839346379
1776553871592355800,5.80035595703125,0.2010372438684105,0.0883002147436141,0.1184462005518376
1776553871602335000,5.8103349609375,0.188460670889914,0.0537280830562114,0.0556364008955657
1776553871612315000,5.82031494140625,0.1837573155045509,0.0205097040653228,-0.0178372699856758
1776553871622294000,5.8302939453125,0.2437923897504806,-0.0836322229325771,-0.051424628419429
1776553871632274000,5.84027392578125,0.347883171083033,-0.1448152981698512,-0.0985179496362805
1776553871642253800,5.85025390625,0.3567072596602141,-0.1877811641931533,-0.1115767531737685
1776553871652233000,5.86023291015625,0.3524932952269911,-0.2077209594160318,-0.1954335786424577
1776553871662212900,5.870212890625,0.312232742639631,-0.2338572711914777,-0.2610040751837194
1776553871672191700,5.880191650390625,0.2602665546894073,-0.2705067936748266,-0.2563444128096103
1776553871682172000,5.890171875,0.2492996088646352,-0.2678811213463544,-0.2518516314350068
1776553871692150800,5.90015087890625,0.2410521511316299,-0.222284322297573,-0.2424959201991558
1776553871702131000,5.910130859375,0.2052278274260461,-0.1661976934164762,-0.1861737289965152
1776553871712111000,5.920111083984375,0.1966248342536389,-0.1412251647233963,-0.1371180216655135
1776553871722090000,5.930090087890625,0.1764683275401592,-0.1467611715406179,-0.1157275892429053
1776553871732070000,5.94006982421875,0.1161444994807243,-0.132715695053339,-0.1211564824238419
1776553871742049000,5.950049072265625,0.0671275167249143,-0.172285488897562,-0.1429177939854562
1776553871752029000,5.96002880859375,0.0686401132449507,-0.1822124241501092,-0.1222290800914168
1776553871762008800,5.9700087890625,0.0825242616906762,-0.1724199289321899,-0.0617877631321549
1776553871771988000,5.979988037109375,0.0814182001449167,-0.1385737734317779,-0.0201981538981199
1776553871781968000,5.9899677734375,0.0129411685071885,-0.0938251156449317,0.0533811693146824
1776553871791947000,5.999947021484375,-0.0535188242197036,-0.0232160404145717,0.1817806086041033
1776553871801927000,6.009927001953125,-0.0825461812615394,-0.0113537531852722,0.2064882027506828
1776553871811905800,6.01990576171875,-0.1060977372407913,-0.0257364988029003,0.1694829986974597
1776553871821886000,6.029885986328125,-0.0988870752096176,-0.0019125556230545,0.179206520332396
1776553871831866000,6.0398662109375,-0.0549370204545557,0.0176736038565635,0.1695942039869725
1776553871841845000,6.049844970703125,-0.0489291583418846,0.058264557442069,0.1529782924897968
1776553871851825000,6.059824951171875,-0.0102324940703809,0.0835077197700738,0.1534380189560353
1776553871861804000,6.069803955078125,0.0299647840224206,0.1462701731532812,0.1901170597948134
1776553871871784000,6.079783935546875,0.0750923581242561,0.2289607313215732,0.1976318193390965
1776553871881763000,6.08976318359375,0.1547666372112929,0.1966068602055311,0.1429196936815977
1776553871891743000,6.099742919921875,0.2269616664588451,0.1404787302702665,0.079570380321145
1776553871901723000,6.109722900390625,0.2974585134863853,0.0733142425358295,-0.0556061518877744
1776553871911702000,6.119701904296875,0.3554267183303833,0.0095586864620447,-0.1970605953224003
1776553871921682000,6.129681884765625,0.3910017434500157,0.0026771102547645,-0.2781463486425578
1776553871931660800,6.139660888671875,0.4055200981460511,0.0043646249502897,-0.3157978877753019
1776553871941641000,6.149640869140625,0.4457669144690036,-0.0570662875682115,-0.3981294033728539
1776553871951619800,6.159619873046875,0.3881996916413306,-0.043003275424242,-0.4584698903061449
1776553871961599700,6.169599853515625,0.3684675478197634,-0.0811748929083347,-0.4023557888962328
1776553871971580000,6.179579833984375,0.4276432287573814,-0.0514741666495799,-0.3868285494185984
1776553871981559000,6.18955908203125,0.3823123871684074,-0.027840777605772,-0.38866248684749
1776553871991539000,6.1995390625,0.302230696324259,-0.0138666127890348,-0.3260077316224575
1776553872001518000,6.20951806640625,0.1909878512799739,0.0052893385797739,-0.2573474523723125
1776553872011498000,6.219498046875,0.0989022727787494,0.019282208096981,-0.1993612734802067
1776553872021476900,6.229476806640625,0.030199907952547,0.0579974309384822,-0.1653201799295842
1776553872031457000,6.23945703125,-0.0448911349974572,0.091916651675105,-0.1342718384541571
1776553872041437000,6.24943701171875,-0.1257598845660686,0.1078472112566232,-0.1025434057600796
1776553872051415800,6.259415771484375,-0.1712732431150972,0.1163759701490402,-0.0971007763147354
1776553872061396000,6.26939599609375,-0.2084976428769528,0.1176227553397417,-0.0939990109071135
1776553872071374800,6.279374755859375,-0.2297534891344606,0.0994143139541149,-0.0379582669943571
1776553872081354800,6.289354736328125,-0.2022071644306182,0.0812000273495912,-0.0085490710280835
1776553872091334000,6.299333984375,-0.2046751619793474,0.0604886632323265,0.0374525094293057
1776553872101313800,6.309313720703125,-0.2602127786755561,0.0477525157779455,0.1379836985841393
1776553872111293700,6.319293701171875,-0.2932661763630807,0.0513625229686498,0.2293086679764091
1776553872121272800,6.32927294921875,-0.3074994305074214,0.0438905796527862,0.2793864118315279
1776553872131253000,6.3392529296875,-0.3064426879961043,0.0348515331506729,0.3436399805553257
1776553872141232000,6.349232177734375,-0.2977927138768136,0.0187847799688577,0.398418449447304
1776553872151212000,6.3592119140625,-0.2437947278380393,0.0302343947440385,0.4462304403275251
1776553872161192000,6.36919189453125,-0.1616892760813236,0.0251280115157365,0.4442579712107777
1776553872171171000,6.379171142578125,-0.0777190533660352,0.016826047116518,0.4340115947455167
1776553872181151000,6.38915087890625,-0.0232090261518955,0.0066167877912521,0.3484614093624055
1776553872191129900,6.3991298828125,0.0090763097725808,-0.0127647890269756,0.2606204826936125
1776553872201109800,6.40910986328125,0.0400235289610922,-0.0699146632254123,0.2359498595565557
1776553872211089000,6.4190888671875,0.0680628978788852,-0.0478846177250146,0.1839298955924808
1776553872221068800,6.42906884765625,0.0976525649785995,-0.0526712674796581,0.1607901352845132
1776553872231048000,6.4390478515625,0.1041254873197525,-0.0517225884526968,0.1335639824457466
1776553872241027800,6.44902783203125,0.1257026014208793,-0.0622305384635925,0.1162514669865369
1776553872251007700,6.4590078125,0.1246864101156592,-0.0824345375806093,0.1097318559594452
1776553872260987000,6.46898681640625,0.1036016826413571,-0.069896543046832,0.0958681657798588
1776553872270967000,6.478967041015625,0.0868881559886038,-0.0364577993035316,0.0748363375365734
1776553872280945700,6.488945556640625,0.1019289271235465,-0.0033323592931032,0.0984333400927484
1776553872290926000,6.498926025390625,0.1322948392927646,0.034112697482109,0.0638026100859046
1776553872300905000,6.508905029296875,0.1503039587140083,0.0591536152362823,0.0193096806257963
1776553872310884900,6.518884765625,0.161127988936752,0.0914811828672885,-0.018554770605266
1776553872320865000,6.528864990234375,0.1231951486445963,0.1200040975183248,-0.055008185994625
1776553872330844000,6.538843994140625,0.0956172597587108,0.0930149683058261,-0.0539671525090932
1776553872340823800,6.54882373046875,0.1080325046956539,0.0784562815994024,-0.0660610565371811
1776553872350803000,6.558802978515625,0.1262555591285228,0.0530196425259113,-0.112255529218167
1776553872360782800,6.568782958984375,0.1159494153000414,0.0251040461182594,-0.1433538473151624
1776553872370762000,6.578761962890625,0.1192015489637851,0.0081260233104228,-0.1712310114085674
1776553872380742000,6.588741943359375,0.1354920278988778,0.0165460611313581,-0.2182027520723641
1776553872390721800,6.5987216796875,0.0901062412522733,0.0235877963364124,-0.2756533627830446
1776553872400701000,6.608700927734375,0.0668340867362916,0.0389279888093471,-0.3167304924502969
1776553872410681000,6.61868115234375,0.0360240840613842,0.0528968929290771,-0.3328508755154907
1776553872420659700,6.62865966796875,0.0388005630373954,0.043161680856347,-0.3152295863680541
1776553872430639900,6.638639892578125,0.0348961029447615,0.0464098689973354,-0.3381216555252671
1776553872440619000,6.648618896484375,0.0518457764409482,0.0111333884328603,-0.3514426171302795
1776553872450599000,6.658598876953125,0.0681308485485613,-0.0260942261993885,-0.3651787354074418
1776553872460578800,6.668578857421875,0.1228830139555036,-0.0654436552911996,-0.3794505679965019
1776553872470558000,6.678557861328125,0.1711981320522725,-0.0695680417448282,-0.3933640886671841
1776553872480537900,6.688537841796875,0.2166052537478506,-0.0707253950864076,-0.3772399062097072
1776553872490517000,6.69851708984375,0.249106862771511,-0.0665273588746786,-0.3425352341838181
1776553872500497000,6.708496826171875,0.249988175650686,-0.067343351432681,-0.3027252018429339
1776553872510475800,6.718475830078125,0.2329986085355281,-0.0554191048830747,-0.2472695643417537
1776553872520456000,6.7284560546875,0.2468621525846421,-0.0406920758724212,-0.1771323444068431
1776553872530435800,6.738435791015625,0.2053913474246859,-0.0072042322903871,-0.1339823539882898
1776553872540414700,6.748414794921875,0.1457541864551603,0.0021925416082143,-0.0587087940782308
1776553872550395100,6.75839501953125,0.1309352413773536,0.0060614919960498,0.0062505848273634
1776553872560373800,6.768373779296875,0.1451299170769751,0.0128302554786205,0.0789702224709093
1776553872570354000,6.77835400390625,0.1652363010384142,0.0375198755770921,0.1481649008587002
1776553872580333000,6.7883330078125,0.1518926892101764,0.0330839389562606,0.2260416290044784
1776553872590313000,6.79831298828125,0.1265910746932029,0.0585655862152576,0.2731716289699077
1776553872600292900,6.80829296875,0.0903447261832654,0.0789659846872091,0.344194253437221
1776553872610272000,6.81827197265625,0.0668386167809367,0.0643359863102436,0.3894014686465263
1776553872620252000,6.828251953125,0.0277317642733454,0.04606558560431,0.4279064097382128
1776553872630230800,6.838230712890625,0.0155189100407063,-0.0151128134578466,0.4482435337156057
1776553872640211000,6.8482109375,0.0574688770197331,-0.0512064556241035,0.4162373069934547
1776553872650189800,6.85818994140625,0.0409646092034876,-0.0754863258779048,0.3742686353139579
1776553872660169700,6.868169677734375,-0.0076313716612756,-0.0755880326867103,0.3326674817726016
1776553872670148900,6.87814892578125,-0.0428688353896141,-0.0971235726684331,0.2802734237991273
1776553872680128800,6.888128662109375,-0.0688590166926384,-0.0827607007950544,0.2223987424574792
1776553872690109000,6.89810888671875,-0.0833900847397744,-0.0727361503869295,0.1813325725756585
1776553872700087800,6.908087890625,-0.0803742440499365,-0.0544727639436721,0.1762326190881431
1776553872710068000,6.91806787109375,-0.0441359327159821,-0.0294160640984773,0.1773237753257155
1776553872720047000,6.928047119140625,0.0297787599310278,-0.0026736031234264,0.1616094888433814
1776553872730027000,6.938027099609375,0.1170366260148584,0.0228302559673786,0.1488240954197943
1776553872740006000,6.948005859375,0.1707705542899668,0.0648702393174171,0.0858954916894435
1776553872749986000,6.957986083984375,0.2031796627245843,0.0846013602256774,0.013037322358042
1776553872759966000,6.967966064453125,0.2048351748466491,0.1011865843236446,-0.0249264975942671
1776553872769944800,6.97794482421875,0.2414638006724417,0.1076005430191755,-0.0692896631948649
1776553872779925000,6.987925048828125,0.2176502327561378,0.1234299803137779,-0.1417315068103373
1776553872789904000,6.99790380859375,0.1750302575610578,0.1158703587144613,-0.2276006950147449
1776553872799883800,7.0078837890625,0.1437139127992093,0.1177139407545328,-0.288414644678682
1776553872809863000,7.01786279296875,0.115764560252428,0.1252548576533794,-0.3357999345794319
1776553872819842800,7.0278427734375,0.1271104223921895,0.1057598835885524,-0.3948350380025804
1776553872829822700,7.03782275390625,0.1165745614610612,0.0900578720659017,-0.4221009383298456
1776553872839801900,7.0478017578125,0.1402057585477829,0.0915296981841325,-0.4272596362672746
1776553872849782000,7.057781982421875,0.1354606098473072,0.0795540137082338,-0.4193794044114649
1776553872859761000,7.067760986328125,0.1239351533569395,0.0781003077685832,-0.4547206207752227
1776553872869741000,7.077740966796875,0.102893242111057,0.0702314740896224,-0.4460528918035328
1776553872879720000,7.087719970703125,0.0716517161510884,0.0713093324542045,-0.410467345289886
1776553872889699800,7.097699951171875,0.0567898087143897,0.0641191286891698,-0.3990501714795827
1776553872899679000,7.107678955078125,0.0485397206328809,0.0704956779837608,-0.3761493344940245
1776553872909659000,7.117658935546875,-0.0018225392520427,0.0367716875582933,-0.3683804540582001
1776553872919638800,7.127638671875,-0.0015351006127893,0.0004898293435573,-0.3112951695285737
1776553872929618000,7.137617919921875,-0.0031422435484826,-0.0138747960954904,-0.2686332548879087
1776553872939597800,7.147597900390625,-0.0338531697630882,-0.0110842885941267,-0.207432351732999
1776553872949577000,7.157576904296875,-0.0633247634410858,-0.0153892923116683,-0.1160410391062498
1776553872959556900,7.167556884765625,-0.0602608458258211,-0.0412456181019544,-0.0095544486783444
1776553872969535700,7.17753564453125,-0.0229367850817739,-0.0582031826436519,0.0962836147129535
1776553872979516000,7.187515869140625,0.0458078114509582,-0.0614431874781846,0.2034270616143941
1776553872989496000,7.19749609375,0.0952994259811937,-0.0443622888177633,0.2861301870033145
1776553872999475000,7.207474853515625,0.1161922841452062,-0.0227075063705444,0.374593775615096
1776553873009454800,7.217454833984375,0.1353809687398374,-0.0060527241677045,0.4181928249754011
1776553873019434000,7.22743408203125,0.1474583600245416,-0.0100631288528442,0.4472409325443208
1776553873029414000,7.237413818359375,0.1446224059462547,0.0016273089408874,0.4495683525785803
1776553873039393000,7.24739306640625,0.1143115849651396,-0.0008370353460311,0.4521225671060383
1776553873049373000,7.257373046875,0.0725276222027838,-0.0116921913594007,0.4321205203019082
1776553873059351800,7.267351806640625,0.0306264628015458,-0.0153016140282154,0.3968906553581356
1776553873069332000,7.27733203125,-0.0001532908655703,-0.0528711739659309,0.365926338904351
1776553873079312000,7.287311767578125,-0.0231342073500156,-0.0588449876785278,0.3081096713602542
1776553873089290200,7.297290283203125,-0.0141441145561635,-0.0652706368118524,0.2642649766758084
1776553873099270100,7.307270263671875,-0.0069474810503423,-0.0632920302152633,0.2581708975844085
1776553873109249000,7.3172490234375,0.0017582418441772,-0.0272772985041141,0.2583338330611586
1776553873119229200,7.327229248046875,0.0266800632633268,0.0335310982018709,0.2514676005534828
1776553873129208000,7.3372080078125,0.0718248807609081,0.0331412221014499,0.2541977561697364
1776553873139188000,7.34718798828125,0.1116660388924181,0.0451549005001783,0.1927319184683263
1776553873149167000,7.3571669921875,0.1633655387304723,0.0338905791640281,0.1446706290021538
1776553873159147300,7.367147216796875,0.1580338223136961,0.0419359384536743,0.0630452158473432
1776553873169127200,7.377127197265625,0.2152386415697634,0.0518120203018188,0.0067918520972132
1776553873179106300,7.387106201171875,0.2433984219968318,0.0490238508880138,-0.0528143292121589
1776553873189086200,7.397086181640625,0.2434837621927261,0.0741390029221773,-0.1087820078887045
1776553873199065000,7.407065185546875,0.2333317860126495,0.0566126985818147,-0.1561044616863131
1776553873209045200,7.417045166015625,0.2254208667576313,0.0494920529216527,-0.2055436153769493
1776553873219024100,7.427024169921875,0.166713680114597,0.0650607934534549,-0.2922830105446279
1776553873229004000,7.437004150390625,0.133392571401596,0.0865723680377006,-0.3514635137878358
1776553873238984200,7.446984130859375,0.1049612805567681,0.0918108532130718,-0.4073195487834513
1776553873248963000,7.456963134765625,0.0738042180098593,0.0884288095593452,-0.4308209820106625
1776553873258943000,7.46694287109375,0.0690950174055993,0.1184995381742715,-0.4285907387405633
1776553873268922000,7.476922119140625,0.0422704311050474,0.1254413201361894,-0.428868240507692
1776553873278902000,7.486902099609375,0.0078816931605339,0.1225005905091762,-0.4400592043466865
1776553873288881200,7.496881103515625,-0.0151962539575994,0.1172761338591575,-0.4146361554071306
1776553873298861300,7.506861328125,-0.0316859087266027,0.0870265415459871,-0.3832194190107286
1776553873308840000,7.51683984375,-0.0198084239281713,0.0752998633950948,-0.3556405072115361
1776553873318820400,7.5268203125,-0.030618571756035,0.067869421133399,-0.36327056369856
1776553873328800300,7.53680029296875,-0.0521044273771345,0.0289285728424787,-0.3153508746601641
1776553873338779100,7.546779052734375,-0.075098203343153,0.0135229139178991,-0.2898943618424237
1776553873348759300,7.55675927734375,-0.0913096256926655,-0.0046831893801689,-0.2565821670882404
1776553873358738200,7.56673828125,-0.078660279738903,-0.0191547823250293,-0.1794989274077117
1776553873368718000,7.576718017578125,-0.055185953714326,-0.0239560451269149,-0.1259603755742311
1776553873378697200,7.586697265625,-0.029854017124325,-0.0101461309611797,-0.0121789519630372
1776553873388677000,7.596677001953125,-0.0300072349246591,-0.0070949266970157,0.0973927449986338
1776553873398656300,7.60665625,-0.0163702661730349,0.0126180740326642,0.1649213898703455
1776553873408636200,7.61663623046875,0.0233272457040846,0.0060772740870714,0.2443123219713568
1776553873418616000,7.626615966796875,0.0684533585011959,0.0090700261622667,0.2957220450825989
1776553873428595000,7.636594970703125,0.0678315733410418,-0.0022065701335668,0.355458867034316
1776553873438575000,7.6465751953125,0.0950280616939067,-0.0116173725575208,0.3962994114667177
1776553873448554000,7.656553955078125,0.0951297685027122,-0.0164893625080585,0.3895211495034396
1776553873458534100,7.6665341796875,0.0863244576912373,-0.0330517902523279,0.4094033693201839
1776553873468513300,7.67651318359375,0.0373310019414871,-0.0353799409389495,0.4279907270208001
1776553873478493200,7.6864931640625,-0.0098912794172763,-0.0139835171669721,0.4231704672574997
1776553873488472300,7.696472412109375,-0.0151158821977674,-0.0295785611838102,0.4440083803638815
1776553873498452200,7.7064521484375,0.0088612787824124,-0.0169230777502059,0.4346129216395318
1776553873508432100,7.71643212890625,-0.0025309797823429,-0.0046855274677276,0.3997958752803504
1776553873518411300,7.726411376953125,0.0223204798143357,-0.0345645329028368,0.3721425830706953
1776553873528391200,7.73639111328125,0.0362906260430812,-0.0331640184551477,0.3582126957871019
1776553873538370000,7.7463701171875,0.0768996267419308,0.0088660280227661,0.3428372858703136
1776553873548350200,7.75635009765625,0.1071522147297859,0.0041202948004007,0.3217578190930187
1776553873558329000,7.7663291015625,0.1169686022799462,0.0274403801113367,0.298311330923438
1776553873568309000,7.77630908203125,0.1396915254153311,0.0316951149463653,0.2256103979803621
1776553873578288000,7.7862880859375,0.1344143156647682,0.0415758729696273,0.14983458763659
1776553873588268000,7.79626806640625,0.1447907482504844,0.0448176313698291,0.0620468524597585
1776553873598248200,7.806248291015625,0.1254033262133598,0.0651093087702989,-0.0510405975379049
1776553873608227300,7.816227294921875,0.1176534427389502,0.0996335096627473,-0.1210001228183507
1776553873618207200,7.826207275390625,0.0966869348168373,0.1307166301906109,-0.193967013221234
1776553873628186000,7.83618603515625,0.1172584520719945,0.135798463499546,-0.278729701488465
1776553873638166300,7.846166259765625,0.1383095695376396,0.1394979025393724,-0.3452520919270813
1776553873648145200,7.856145263671875,0.1402816002629697,0.134086398884654,-0.3881920928567647
1776553873658125000,7.866125,0.1270000938855111,0.1112888761430978,-0.4712247424609959
1776553873668104200,7.876104248046875,0.1253458969376981,0.1041693995267152,-0.5297634406693279
1776553873678084000,7.886083984375,0.1187090892717242,0.109024438342452,-0.5561437903337181
1776553873688063200,7.896063232421875,0.0934463454604148,0.1319032096266746,-0.5572001675188542
1776553873698043100,7.906043212890625,0.0668647741355001,0.1150578732877969,-0.5227120608530939
1776553873708023000,7.91602294921875,0.0462963256202638,0.0944528921544551,-0.5619969002760946
1776553873718002200,7.926002197265625,0.0059959524791687,0.0637713381648063,-0.5661959594011307
1776553873727982000,7.935982177734375,-0.0135866268038749,0.0172375505268573,-0.5631124603025615
1776553873737961000,7.9459609375,-0.0167675949275493,-0.0135498019248247,-0.496491577925533
1776553873747941400,7.95594140625,-0.0045722032863646,-0.0456359620153903,-0.4289122257798909
1776553873757920300,7.965920166015625,0.0447499729610979,-0.0707277331739664,-0.3608030045412481
1776553873767900200,7.975900146484375,0.0681516721408814,-0.0823369224250316,-0.2666588860750198
1776553873777879300,7.98587939453125,0.093422818454355,-0.0890174231022596,-0.1166838670544326
1776553873787859200,7.995859130859375,0.137976318995282,-0.0843330646783113,0.0017135259196162
1776553873797839000,8.005839111328125,0.1512904855333268,-0.0921744258284568,0.0825999572753906
1776553873807818200,8.015818359375,0.1469184079289436,-0.0770966836839914,0.1723062394246459
1776553873817798100,8.025798095703125,0.1148303481422364,-0.0608615881979465,0.230339326198399
1776553873827777000,8.035777099609374,0.0733843851625919,-0.0396340912520885,0.303493263605982
1776553873837757200,8.045757080078126,0.0560591563522815,-0.0330710794746875,0.3812405201531946
1776553873847736000,8.055736083984375,0.0576363425411283,-0.0238368026614189,0.4108244881644844
1776553873857716000,8.065716064453126,0.0323639541186392,-0.0102156890660524,0.4588121278725564
1776553873867695000,8.075695068359375,0.0446098338380455,-0.0052478375256061,0.5206124582253396
1776553873877675000,8.085675048828126,0.0488170762695372,-0.0151280110269784,0.5750855144299566
1776553873887655200,8.0956552734375,0.0519184032857418,-0.0232540343374013,0.5994289514392614
1776553873897634000,8.105634033203126,0.0463502477645874,-0.0249585001677274,0.5964363454945385
1776553873907614200,8.1156142578125,0.0020353052198886,-0.0061176060974597,0.5614909965805709
1776553873917593300,8.12559326171875,-0.0359714770913124,-0.0165437230437993,0.522591503213346
1776553873927573200,8.1355732421875,-0.0543874237477779,-0.0281938288271427,0.4329803520016372
1776553873937552100,8.14555224609375,-0.0589804506264627,-0.0112742582082748,0.3383817677661776
1776553873947532300,8.1555322265625,-0.0480900041040033,0.0399953257799148,0.2588337454073131
1776553873957511200,8.16551123046875,-0.0330826237820088,0.0832248111754655,0.2040713508673012
1776553873967491000,8.175490966796875,0.0154372231066226,0.1140583408564329,0.1235325639054179
1776553873977470200,8.18547021484375,0.0391221962071955,0.1246872868984937,0.0304066825710237
1776553873987450000,8.1954501953125,0.0513362194836139,0.1170049157023429,-0.0662941346406936
1776553873997430000,8.205429931640625,0.092053868188709,0.0963794763028621,-0.1517502119995653
1776553874007409200,8.2154091796875,0.1308593996621668,0.0915168387025594,-0.2248939202740788
1776553874017389000,8.22538916015625,0.1689431927323341,0.0721907914638519,-0.3296520794741809
1776553874027368200,8.2353681640625,0.2059467893503606,0.0445569346070289,-0.4164513881355524
1776553874037348000,8.24534814453125,0.2073040491782128,0.0423503644734621,-0.4764714109428227
1776553874047327000,8.255326904296876,0.1973860278844833,0.0381879840970039,-0.5201609150655567
1776553874057307100,8.26530712890625,0.1655633410356938,0.0466945311576127,-0.5466097999215126
1776553874067286300,8.275286376953124,0.1577026906631886,0.0479079986006021,-0.5548154643394053
1776553874077266200,8.28526611328125,0.1517361834742129,0.0532826773762702,-0.577053161241114
1776553874087245300,8.295245361328124,0.0987747739415615,0.056651277026534,-0.571832357852906
1776553874097225200,8.30522509765625,0.0759713329158723,0.0523538720935583,-0.5779398809477686
1776553874107205400,8.315205322265625,0.0488860498525202,0.0431762939035892,-0.5509216717712581
1776553874117184300,8.325184326171875,0.0647497547429055,0.0057592941790819,-0.4560115373685955
1776553874127164400,8.335164306640625,0.0947800782822072,-0.0122889882087707,-0.3381184406548738
1776553874137143300,8.345143310546876,0.122152215462923,-0.0296177241504192,-0.2105769333690405
1776553874147123500,8.35512353515625,0.131049734602496,-0.035353052932024,-0.0937367067091166
1776553874157102300,8.365102294921876,0.1565920260075479,-0.0344511356562376,0.0010812193654477
1776553874167082200,8.375082275390625,0.1434206289410591,-0.0406762937813997,0.1115079257212579
1776553874177061400,8.385061279296876,0.1189256546318531,-0.0190074828088283,0.1976334267742931
1776553874187041300,8.395041259765625,0.0746468793790787,0.0046025253593921,0.2761247796870767
1776553874197020400,8.4050205078125,0.0619536212183535,0.0221048643022775,0.3592090133480727
1776553874207000300,8.415000244140625,0.035237317597866,0.0196849436789751,0.3843433084741234
1776553874216980200,8.424980224609374,-0.0032509646199643,0.0210118083685636,0.4233312107771634
1776553874226959000,8.434958984375,-0.0010636837087571,0.0177133513450622,0.4641286467202007
1776553874236939300,8.444939208984374,-0.0012754267632961,-0.0002566051095724,0.4749474162459373
1776553874246918100,8.454918212890625,-0.037390550108999,-0.0188321262419223,0.4897510176241397
1776553874256898000,8.46489794921875,-0.0627087504345923,-0.0204863231897354,0.4751737723477184
1776553874266877200,8.474877197265625,-0.0352582142554223,-0.0487257447242736,0.4598537458799779
1776553874276857300,8.484857421875,-0.0212264009673148,-0.0447182626485824,0.4361979988738894
1776553874286836500,8.49483642578125,-0.011838906353712,-0.0587689998328685,0.4034191803440451
1776553874296816400,8.50481640625,-0.0113071375645697,-0.0471399368375539,0.3389528456524014
1776553874306795300,8.514795166015626,-0.0057797524452209,0.012825579303503,0.266318255943805
1776553874316775400,8.524775390625,0.0211082544803619,0.017560791131854,0.1898600162938237
1776553874326755300,8.53475537109375,0.065142626518011,0.0393546897888183,0.1236839550748467
1776553874336734200,8.544734130859375,0.0799823951881378,0.0485667547702789,0.0463515629388391
1776553874346714400,8.55471435546875,0.0878640883486717,0.0649801294326782,-0.0398823669247329
1776553874356693200,8.564693359375,0.0860005594991147,0.0684603727638721,-0.1266426587499678
1776553874366673200,8.574673095703124,0.1041724682666361,0.0434971964210271,-0.1895018505059182
1776553874376652300,8.58465234375,0.107694651043415,0.0446814377695322,-0.2579370888285339
1776553874386632200,8.594632080078124,0.1528805312037467,0.0692751962780952,-0.3440517762266099
1776553874396611300,8.604611328125,0.16559388230443,0.0721931295514106,-0.3982314024426043
1776553874406591200,8.61459130859375,0.1632232076503336,0.082593527534604,-0.4376601803809404
1776553874416570000,8.624570068359375,0.1714906852580607,0.0818786572635173,-0.4513396000348031
1776553874426550300,8.63455029296875,0.1811094313442706,0.0731961691141128,-0.468337496586889
1776553874436530400,8.644530517578126,0.1869431059338152,0.0773012663453817,-0.4873246672600507
1776553874446509300,8.65450927734375,0.1692531354643404,0.0920592750161886,-0.486646183476597
1776553874456489200,8.6644892578125,0.1368484109438955,0.0882061067193746,-0.51395358485803
1776553874466468400,8.67446826171875,0.100420787582919,0.0827303056567907,-0.5249215535961091
1776553874476448300,8.6844482421875,0.0452316189981997,0.0654278732001781,-0.4604059729352593
1776553874486427400,8.694427490234375,0.0527145220994949,0.0160620770066976,-0.4155639377765357
1776553874496407300,8.7044072265625,0.0554746344625949,-0.0129699562102556,-0.3437830422878265
1776553874506386200,8.71438623046875,0.0719638508401811,-0.0477875870913267,-0.259223621507734
1776553874516366300,8.724366455078124,0.1160708497226238,-0.0494312626451253,-0.1701410242147743
1776553874526345200,8.73434521484375,0.1258298079971224,-0.0436386507183313,-0.0938585795231163
1776553874536325000,8.7443251953125,0.1245370647728443,-0.0359831675291061,-0.0113629594050347
1776553874546304300,8.75430419921875,0.1345148534297943,-0.0221808521479368,0.0926871976561844
1776553874556284200,8.7642841796875,0.126436541718617,-0.0147580086708068,0.2085429433234036
1776553874566264300,8.774264404296876,0.1062074081603437,0.0208849671185016,0.3067306380920112
1776553874576243200,8.7842431640625,0.0538671262007206,0.0353933849424123,0.4116594776839017
1776553874586223400,8.794223388671876,0.0290754339672625,0.0290811330556869,0.4660686748720705
1776553874596202500,8.804202392578125,0.0034954409003257,0.0267144039243459,0.5202737277902663
1776553874606182400,8.814182373046876,-0.0146235686361789,0.0319780235409736,0.5179759722419083
1776553874616161300,8.824161376953125,-0.0228780406318604,0.0194271695256233,0.5125764512859284
1776553874626141200,8.83414111328125,-0.0547545034945011,0.0042155718684196,0.4639774016812443
1776553874636120300,8.844120361328125,-0.1058896474480629,-0.0580722497403621,0.3691382866881788
1776553874646100200,8.854100341796874,-0.1532067674834281,-0.122495329812169,0.2744735053487122
1776553874656079400,8.864079345703125,-0.1743264932058751,-0.16958499776721,0.1972945502087473
1776553874666059300,8.874059326171874,-0.1902502577204257,-0.177929047742486,0.1393174314059317
1776553874676039200,8.8840390625,-0.2037819394666701,-0.1502303089559078,0.0758472681447863
1776553874686018300,8.894018310546874,-0.2471779405355453,-0.0919037921935319,0.0306432678058743
1776553874695998200,8.903998291015625,-0.2695302037276327,-0.0300257204294204,0.0517776796407997
1776553874705977000,8.91397705078125,-0.2011326670669019,0.0451806194633245,0.1226470132425427
1776553874715957200,8.923957275390626,-0.0298352393586188,0.1152396595954895,0.1598018548995256
1776553874725936000,8.93393603515625,0.1220490473493933,0.1178594867050647,0.1647656147867441
1776553874735916300,8.943916259765626,0.2123873437918722,0.1480512113511562,0.150595342876017
1776553874745895400,8.9538955078125,0.2689480199255049,0.1541834304958581,0.0587776215307414
1776553874755875300,8.963875244140626,0.310900178861618,0.1453559809178113,-0.018887801951915
1776553874765854500,8.9738544921875,0.3246471107937395,0.1445955179393291,-0.1180105856135487
1776553874775834400,8.98383447265625,0.3146189071238041,0.1340630180090666,-0.2386795767813921
1776553874785813200,8.993813232421875,0.276226048104465,0.1365484050840139,-0.3330706557460129
1776553874795793400,9.00379345703125,0.2570413090325892,0.1511772344172,-0.4493370280407369
1776553874805772300,9.013772216796877,0.2065923937775194,0.1355722535282373,-0.5360403289817274
1776553874815752200,9.023752197265624,0.1469932267308235,0.1223883623063564,-0.6086401396378874
1776553874825732400,9.033732421875,0.1256486792765557,0.0915904884606599,-0.6507501194842159
1776553874835711200,9.043711181640624,0.1203647475242614,0.0684855072051286,-0.6614610447213053
1776553874845691100,9.053691162109375,0.13683540533185,0.0147387194484472,-0.6478874235294759
1776553874855670300,9.063670166015624,0.1318563017450273,-0.0334510187029838,-0.587897357469052
1776553874865650200,9.073650146484376,0.1362064597785472,-0.0623667320638895,-0.4833224458813667
1776553874875629300,9.08362939453125,0.1536402635298669,-0.0756020612120628,-0.3629153205201029
1776553874885609500,9.093609375,0.1813655980624258,-0.0652531011551618,-0.244467658663541
1776553874895588000,9.103588134765625,0.1811443565271794,-0.0418435839951038,-0.1072314174458384
1776553874905568300,9.113568359375,0.1820119331419467,-0.0067915598362684,0.0140928227603435
1776553874915547400,9.12354736328125,0.1722549476288259,0.0210100548028945,0.1095293191246688
1776553874925527300,9.13352734375,0.160492029120773,0.013922142368555,0.2129927623391151
1776553874935506400,9.14350634765625,0.1343910809196531,0.0154278707563877,0.2895633763223886
1776553874945486300,9.153486328125,0.089614000755921,0.0093108491808176,0.3352176046468317
1776553874955466200,9.16346630859375,0.0590495703399181,-0.013178046002984,0.3841721896909177
1776553874965445400,9.1734453125,0.0025007307745516,-0.0326917247682809,0.4299804395332932
1776553874975425300,9.18342529296875,-0.0154230484507977,-0.0341366628795862,0.4699743040084838
1776553874985404200,9.193404052734374,-0.0367053443238139,-0.0260498025357723,0.439359970036149
1776553874995384300,9.20338427734375,-0.0908184081096202,-0.0157943659812212,0.4481434343419969
1776553875005363200,9.21336328125,-0.1281050594527274,-0.0198632228553295,0.4381818661674856
1776553875015343000,9.223343017578124,-0.1073873386599123,-0.0349491483062505,0.4197327478937804
1776553875025322200,9.233322265625,-0.0465198321778327,-0.0298673149973154,0.4329569711260497
1776553875035302100,9.24330224609375,0.0045898120082914,-0.0366097749948501,0.4262792469277978
1776553875045281300,9.25328125,0.0621114421285688,-0.0467693499594926,0.3820953834168613
1776553875055261400,9.263261474609376,0.1013958431601524,-0.0304968450725078,0.3013477760098874
1776553875065240300,9.273240234375,0.135894471219927,-0.0075198741108179,0.2521620125584304
1776553875075220200,9.28322021484375,0.1484263282738626,-0.0052466684818267,0.1801188128717243
1776553875085200000,9.293199951171877,0.1788226355813443,0.02129822409451,0.0768083682619035
1776553875095179800,9.3031796875,0.1706590567395091,0.0350596229434013,-0.0313876564323902
1776553875105159700,9.31315966796875,0.146674223909527,0.0502431635499,-0.1370592772156
1776553875115138800,9.323138916015624,0.1385572606883943,0.0553799419164657,-0.252875129263848
1776553875125118700,9.33311865234375,0.1464858617305755,0.0439788424581289,-0.3270816444642841
1776553875135097900,9.343097900390624,0.1839865942157804,0.044588498789072,-0.3751360657982528
1776553875145077800,9.353077880859376,0.2175096552416682,0.0351531464457511,-0.4141800822027027
1776553875155056600,9.363056640625,0.254172329467535,0.0287783507168293,-0.4720974336422979
1776553875165036800,9.373036865234376,0.2701484817564487,0.0347989261806011,-0.5127855639919638
1776553875175015700,9.383015625,0.2692353124342859,0.047592941302061,-0.5373796147614717
1776553875184995800,9.392995849609376,0.2555786891341209,0.0753688369780778,-0.5574765002422034
1776553875194974700,9.402974609375,0.2474351301670074,0.0892483092486858,-0.5634957605317235
1776553875204955000,9.412954833984376,0.2266131452821195,0.1101280156701803,-0.5818257824704051
1776553875214933800,9.422933837890625,0.1582790292464196,0.1045581065833568,-0.5755528396807611
1776553875224914000,9.432913818359374,0.0763162008307874,0.0929635303795337,-0.544632070107758
1776553875234892800,9.442892822265623,0.0506055671215057,0.0554179358392953,-0.486929676593095
1776553875244872700,9.452872802734374,0.0350302507184445,-0.0116863461405038,-0.415417076651752
1776553875254851800,9.462851806640623,0.0399111546277999,-0.0294271700143814,-0.3448500869974494
1776553875264831700,9.472831787109374,0.0099753044389188,-0.0144710084229707,-0.2407537527069449
1776553875274811600,9.482811767578124,0.0060778586089611,-0.0463408954143524,-0.1390834765195846
1776553875284790800,9.492790771484374,-0.013037322358042,-0.0499994179219007,-0.0625980566017329
1776553875294770700,9.502770751953124,-0.0169804339606314,-0.0499129086822271,0.0348949339009821
1776553875304749800,9.512749755859376,-0.001940466543287,-0.0525835891962051,0.098433924614638
1776553875314729700,9.522729736328126,0.0281458249669522,-0.0583493131160736,0.189017281859368
1776553875324708600,9.53270849609375,0.0499089631594717,-0.0505067829221487,0.2757740665532648
1776553875334688800,9.542688720703126,0.0642774610560387,-0.0460521416008472,0.3604420622743666
1776553875344667600,9.552667724609377,0.0470153606098145,-0.0434177014440298,0.4094251427605748
1776553875354647800,9.562647705078126,0.031761896572262,-0.0354746334850788,0.4531001799665391
1776553875364627000,9.572626953125,0.022784663259983,-0.0306347922384738,0.500830630043149
1776553875374606800,9.58260693359375,0.0116378308236598,-0.0183463885515928,0.4888426706075668
1776553875384586000,9.5925859375,0.0090717797279357,0.0009989479094743,0.4854824003942311
1776553875394566000,9.60256591796875,-0.0048947863042354,-0.0118698860138654,0.4814788638412952
1776553875404544800,9.612544677734377,0.0056850598990917,-0.0096650694459676,0.4721596852235495
1776553875414524700,9.622524658203124,0.0001261105976998,0.0040250177323818,0.4682661849163472
1776553875424504800,9.6325048828125,-0.0144856214702129,0.0303600669503211,0.4436608821004629
1776553875434483700,9.642483642578124,-0.0202639126107096,0.0622094956755638,0.4046881773665547
1776553875444463600,9.652463623046875,-0.0291289177201688,0.0943564460426568,0.3469230938792229
1776553875454442800,9.66244287109375,-0.024304712434113,0.1041565400451421,0.2367635140269994
1776553875464422700,9.672422607421876,0.0135340198338031,0.0710357762098312,0.1468074949003756
1776553875474401800,9.68240185546875,0.0407807770691812,0.0513385575711727,0.015436638584733
1776553875484381700,9.692381591796876,0.0630418548464775,0.0385620781064033,-0.0509141946792602
1776553875494360600,9.702360595703125,0.0822188490033149,0.0419213254064321,-0.1505062032878398
1776553875504341000,9.712341064453126,0.0903331818759441,0.0490928244709968,-0.2483244802221655
1776553875514319600,9.722319580078125,0.0900593333706259,0.0246527952194213,-0.3246298673979937
1776553875524299800,9.7322998046875,0.1211139584563672,0.0415869788855314,-0.3827221370130777
1776553875534279000,9.74227880859375,0.1422479318998754,0.0519604888617992,-0.4430012491479516
1776553875544258800,9.7522587890625,0.1305599783241748,0.0642278497606515,-0.5216922162860632
1776553875554238000,9.762238037109377,0.1174466681204736,0.0745072517126798,-0.5688879749640822
1776553875564217900,9.7722177734375,0.1096845096863806,0.0914227306783199,-0.5989240706570446
1776553875574196700,9.78219677734375,0.0919010157145559,0.1392336986452341,-0.6133689217254519
1776553875584177000,9.792177001953124,0.0829015705704689,0.1367535722672939,-0.5862336620405316
1776553875594155800,9.80215576171875,0.1101345915414392,0.116420978334546,-0.5638758458904922
1776553875604135700,9.8121357421875,0.1423462777078151,0.0899058963745832,-0.4843050271779298
1776553875614115800,9.82211572265625,0.1458298820398748,0.0501730209231376,-0.3851452725067734
1776553875624094700,9.8320947265625,0.1718820226632058,-0.0061988546401262,-0.2812954603232443
1776553875634074600,9.84207470703125,0.1691850386641919,-0.0136754741311073,-0.1893517745107412
1776553875644053800,9.8520537109375,0.1750628446564078,-0.0340758726030588,-0.1021292720012366
1776553875654033700,9.86203369140625,0.1535983240842819,-0.0381330390393733,-0.0366989145830273
1776553875664012500,9.872012451171877,0.1060521445333957,-0.0351940629780292,0.0487910650454461
1776553875673993000,9.881992919921874,0.0946526525102555,-0.037184360012412,0.1016821127556264
1776553875683971800,9.891971923828123,0.0776794520080089,-0.0275835879743099,0.1716501136034727
1776553875693951700,9.90195166015625,0.0672201634444296,-0.0210118083685636,0.2563492351152002
1776553875703931000,9.911930908203123,0.0333141675155609,-0.0254769710838794,0.3032724604621529
1776553875713910800,9.921910888671874,0.0216378313124179,-0.01590834774971,0.3680791330240666
1776553875723890000,9.931889892578123,-0.0061501931928098,-0.0190741183042526,0.4238393064297735
1776553875733869800,9.941869873046874,0.0122026250995695,-0.0271872821331024,0.4311702338397503
1776553875743848700,9.9518486328125,0.0428057070255279,-0.0551923103898763,0.4446383488304913
1776553875753828900,9.961828857421876,0.0545838231027126,-0.0509305612921714,0.4398318253315985
1776553875763807700,9.971807861328124,0.043158904377371,-0.0619902999669313,0.4547422480851411
1776553875773787600,9.98178759765625,0.0580279722072184,-0.0749877287060022,0.4454251152940094
1776553875783766800,9.991766845703124,0.0472059878110885,-0.0691150372803211,0.4026335829243063
1776553875793746700,10.00174658203125,0.0204502289630472,-0.0176011231422424,0.3850046949923038
1776553875803725800,10.011725830078126,-0.0043194706343114,0.0461304675340652,0.3315834859281778
1776553875813705700,10.021705810546877,-0.0278757027886807,0.0756301182627677,0.273217806199193
1776553875823686000,10.031685791015626,-0.0282335763156414,0.0852741449207067,0.1931840461499989
1776553875833664800,10.041664794921877,-0.0048259588517248,0.103574940764904,0.0816527395531535
1776553875843645000,10.05164501953125,0.0113572603166103,0.1039578026026487,-0.0106781920112669
1776553875853623800,10.061623779296877,0.0539944789074361,0.0930219825685024,-0.0728673755511641
1776553875863603700,10.071603759765624,0.0638403117477893,0.0783043059080839,-0.1568067647367715
1776553875873582800,10.081582763671875,0.0956416635476052,0.0809749864220619,-0.2225133087478578
1776553875883562800,10.091562744140624,0.1231203298427164,0.0582815085768699,-0.2835841557823121
1776553875893542000,10.1015419921875,0.1255025488041341,0.0489396797358989,-0.3219752612359821
1776553875903521800,10.111521728515624,0.1489269712723791,0.0485492191135883,-0.3807829856440424
1776553875913500700,10.121500732421875,0.1466976047851145,0.0655611441910266,-0.4482989171646535
1776553875923480800,10.131480712890625,0.1045908398091793,0.0778664990127086,-0.4888799338780343
1776553875933459700,10.141459716796875,0.0755938779056072,0.0827437496602535,-0.5313293748117983
1776553875943439600,10.151439697265625,0.0505833552896976,0.1058206738650798,-0.5676103562436997
1776553875953418800,10.161418701171876,0.0293266322493553,0.1140840598195791,-0.532731496694684
1776553875963398700,10.171398681640625,0.0399124698020517,0.1122661967426538,-0.4963206052727997
1776553875973377800,10.181377685546876,0.024867899274826,0.1092366197884082,-0.4391055568836629
1776553875983357700,10.191357666015625,0.0446995579481124,0.0745171885848045,-0.3509393437832593
1776553875993336600,10.201336669921876,0.0691653061628341,0.0511199463844299,-0.2801271471962333
1776553876003317000,10.21131689453125,0.0615955284956842,0.0141080203294754,-0.1920956663914024
1776553876013295900,10.2212958984375,0.0697301004387438,-0.0344464594811201,-0.1169504090361297
1776553876023275800,10.23127587890625,0.0685994889736175,-0.0467325250804424,-0.0424533864565193
1776553876033255000,10.2412548828125,0.0780745157402008,-0.0398223073005676,0.0683694796100258
1776553876043234800,10.25123486328125,0.0905365224283188,-0.0210258368939161,0.1731397676393389
1776553876053214000,10.2612138671875,0.080969141203165,-0.0293640416502952,0.2703945654720068
1776553876063193900,10.27119384765625,0.0688742142617702,-0.0184831666737794,0.3268153947435319
1776553876073173800,10.281173828125,0.0412532168865203,-0.0263975930601358,0.3519354421485215
1776553876083152600,10.291152587890624,0.0088661741532385,-0.0363221902251243,0.3736935388397425
1776553876093132800,10.3011328125,-0.0113840021930634,-0.034161212798953,0.3701721597805619
1776553876103111700,10.311111572265624,-0.052124008860439,-0.0358235930532217,0.4031267002034932
1776553876113091600,10.321091552734377,-0.0776490568697452,-0.0141220488548278,0.4302515846248715
1776553876123070700,10.33107080078125,-0.067864233501628,-0.0063286184996366,0.4491430398385971
1776553876133050600,10.341050537109377,-0.0432231287200003,0.0003010287731885,0.4659136304408312
1776553876143029800,10.35102978515625,-0.025130934125185,0.0044406127959489,0.4791776742268353
1776553876153009700,10.361009765625,-0.0023381606239825,0.0080202248483896,0.478276487603411
1776553876162988500,10.370988525390626,0.0331844767212867,0.0103343470096588,0.4482989171646535
1776553876172968700,10.38096875,0.0531939761795103,0.03966857804358,0.3875962458554655
1776553876182947600,10.390947509765626,0.0538262827336788,0.0222626852124929,0.3037430005833506
1776553876192927500,10.400927490234375,0.0592997457087039,0.0159416654974222,0.1876225395653396
1776553876202906600,10.41090673828125,0.0562730182986706,0.0148883570522069,0.07826485068053
1776553876212886500,10.420886474609375,0.0304324745994061,0.0264630595117807,-0.0293036166999489
1776553876222865700,10.43086572265625,0.0300594765685498,0.034817630881071,-0.1135530216827988
1776553876232845600,10.440845458984375,0.0492634317975491,0.0588531709849834,-0.1990088067807257
1776553876242824400,10.450824462890624,0.0317221490837633,0.0744090520352125,-0.2918969338364899
1776553876252804900,10.460804931640626,0.00363207289204,0.1071031148910522,-0.3601024550564587
1776553876262783700,10.47078369140625,0.0197533327400684,0.1109060143053531,-0.3978098160296678
1776553876272763600,10.480763671875,0.0758976831577718,0.1134346560001373,-0.4052025566294789
1776553876282742800,10.49074267578125,0.1098946453057229,0.1172802255123853,-0.4537732569225132
1776553876292722700,10.50072265625,0.1266752458453178,0.0962853682786226,-0.4983959502421319
1776553876302701800,10.510701904296877,0.1305212537489831,0.1008703579813242,-0.5146680167376995
1776553876312681700,10.520681640625,0.1409540926970541,0.0998760862469673,-0.5166213427625597
1776553876322660600,10.53066064453125,0.1296446170449257,0.0955330886065959,-0.5318379088558256
1776553876332640800,10.540640869140624,0.1074680026806891,0.0675946958452463,-0.5392135521903634
1776553876342619600,10.55061962890625,0.1160417697586119,0.0500911878585815,-0.5124054786331951
1776553876352599600,10.560599609375,0.1401860309340059,0.0101274262607097,-0.4469039556749165
1776553876362579700,10.570579833984375,0.1634311513125896,-0.0266968682676553,-0.3724542793683707
1776553876372558600,10.58055859375,0.187706199260801,-0.0616927783250808,-0.2383880464889109
1776553876382538500,10.59053857421875,0.2336391714613884,-0.0674719462484121,-0.1564401233814656
1776553876392517600,10.600517578125,0.2007504628162831,-0.0559159484893083,-0.0460593019939959
1776553876402497500,10.61049755859375,0.2089477977972477,-0.03550970479846,0.0923826617516577
1776553876412476400,10.620476318359374,0.1629635338008403,0.0016389993786811,0.1625460390411317
1776553876422456800,10.630456787109376,0.1308779582321644,0.0157668934524059,0.2464307023648172
1776553876432435700,10.640435791015625,0.1017837464991956,0.0366588748335838,0.3120111357782036
1776553876442415600,10.65041552734375,0.0829085848331451,0.0392874697715044,0.3656763096660375
1776553876452394800,10.660394775390625,0.0725638625599443,0.0046387657165527,0.3862627322293818
1776553876462374700,10.670374755859376,0.0302585062719881,-0.0243318927019834,0.4249782473318279
1776553876472353800,10.680353759765625,0.020300445228815,-0.0282961201578378,0.4325288819070905
1776553876482333700,10.690333740234376,0.0125754039347171,-0.0431055667549371,0.4637381860978901
1776553876492312600,10.7003125,0.0204267019569873,-0.0763806443691253,0.4589962522678077
1776553876502292700,10.710292724609374,0.0014016834914684,-0.056405193310976,0.4691908254805952
1776553876512271600,10.720271728515623,-0.0026886545620858,-0.0540823033213615,0.4721758326407522
1776553876522251500,10.73025146484375,-0.0370282926678657,-0.0567377862662076,0.4358402714774012
1776553876532230700,10.740230712890623,-0.0469055435597896,-0.0162754274964332,0.4231015667397528
1776553876542210600,10.75021044921875,-0.0504432892318814,0.0086772274523973,0.3720189566910267
1776553876552189700,10.760189697265623,-0.0463561660487204,0.0358130716592073,0.3151475341077894
1776553876562169600,10.770169677734376,-0.0438147379375994,0.0545072507351636,0.2159209247455
1776553876572148500,10.7801484375,-0.0601459872744977,0.0754670366555452,0.1525490342270583
1776553876582128600,10.790128662109376,-0.0787327604532241,0.0903372735291719,0.0681057141073048
1776553876592107500,10.800107421875,-0.0535807835400104,0.1174000524997711,-0.0246126093395054
1776553876602087700,10.810087646484376,-0.041283612024784,0.1151321075677871,-0.1258100073181092
1776553876612066800,10.82006689453125,-0.0216238027870655,0.1169628301262855,-0.2115761735394597
1776553876622046700,10.830046630859377,-0.0211022631309926,0.1198889467060565,-0.3017358985446393
1776553876632025600,10.840025634765626,0.0246305833876132,0.1012199020713567,-0.3829243815869093
1776553876642005800,10.850005859375,0.0583654605332761,0.0815513250052928,-0.417320133794099
1776553876651984600,10.859984619140626,0.1131446600776165,0.0968657985150814,-0.4602370461091399
1776553876661964500,10.869964599609377,0.1261832245446741,0.0973906991720199,-0.4907612175799906
1776553876671943700,10.879943603515626,0.1171136367738246,0.1049625957310199,-0.5279102140180766
1776553876681923600,10.889923583984377,0.0832126823462545,0.0963584335148334,-0.5856541085869074
1776553876691902700,10.89990283203125,0.0780256350971758,0.0790361273139715,-0.6142417590372264
1776553876701882600,10.909882568359375,0.1073649806976318,0.0416916083037853,-0.6367761007979512
1776553876711861500,10.919861572265624,0.1402338155984878,-0.0208849671185016,-0.5926901447035372
1776553876721841700,10.929841552734375,0.194420309946686,-0.0462894574880599,-0.5179974534213543
1776553876731820500,10.939820556640624,0.222643364868313,-0.0592068067282438,-0.4084424153335392
1776553876741800400,10.949800537109375,0.236539496012777,-0.0728454559803009,-0.2600857912950217
1776553876751779600,10.959779541015624,0.2742353126786649,-0.06221650993824,-0.1327050275288522
1776553876761759700,10.969759765625,0.2668704099338501,-0.0529804795593023,-0.0193989663444459
1776553876771739600,10.97973974609375,0.23096695657745,-0.0414466936320066,0.0845792945243418
1776553876781718800,10.98971875,0.2017104669548571,-0.0210953949987888,0.1495043327689171
1776553876791698700,10.99969873046875,0.1537584100168198,0.0067249243408441,0.2339684764809906
1776553876801677800,11.009677734375,0.0739957950592041,0.0305348389953374,0.312687792930752
1776553876811657700,11.01965771484375,0.0243101923268288,0.0570388150393962,0.3742122289516031
1776553876821636600,11.02963671875,0.0181494046747684,0.0507259786307811,0.4068542693592608
1776553876831616800,11.03961669921875,-0.0387700217686593,0.0212847800910472,0.4286835315905511
1776553876841595600,11.049595703125,-0.0614833733581006,-0.0185942258328199,0.4350076200455426
1776553876851575600,11.059575439453123,-0.0700866587914526,-0.0399684377729892,0.4196361556515097
1776553876861554700,11.0695546875,-0.0653437020480632,-0.0665875646293163,0.4136180644057691
1776553876871534600,11.07953466796875,-0.0581670153517276,-0.0831646054208278,0.4107636978879571
1776553876881513500,11.089513427734374,-0.0425251365184783,-0.0815934105813503,0.3782490832522511
1776553876891493600,11.09949365234375,-0.030836890681833,-0.0858960762113332,0.366043827804178
1776553876901472500,11.109472412109374,0.0039091362677514,-0.052386020797491,0.3271156928643584
1776553876911452400,11.119452392578124,0.0433608566902577,-0.0181833069443702,0.3167724318958819
1776553876921431600,11.129431640625,0.0714626233197748,0.0174894794613122,0.2679667538031935
1776553876931411700,11.13941162109375,0.0689407766919583,0.0428612366050481,0.1894406218379735
1776553876941390800,11.149390869140625,0.0697965167384594,0.0501841268390417,0.0899340995557606
1776553876951370800,11.159370849609376,0.0793205702785402,0.0500303975820541,-0.0008928571864962
1776553876961349600,11.169349609375,0.0700374128222465,0.0666746583908796,-0.0981980700321495
1776553876971329800,11.179329833984376,0.0797030667901039,0.0887871214777231,-0.1458838041841983
1776553876981308700,11.18930859375,0.0694586630862206,0.1001852983266115,-0.2022064337782561
1776553876991288600,11.19928857421875,0.0694809479832649,0.1117564936548471,-0.253571733225882
1776553877001267700,11.209267822265623,0.064621379122883,0.1125701481252908,-0.2909861026018858
1776553877011247600,11.21924755859375,0.0636789837062358,0.1051969890087842,-0.3323509631693363
1776553877021226800,11.229226806640623,0.074340955235064,0.1198006839007139,-0.3539281503356993
1776553877031206700,11.23920654296875,0.0979321125723421,0.1030780971586704,-0.3906052914783358
1776553877041185500,11.249185546875,0.0867969705738127,0.1026625020951032,-0.4426367997497319
1776553877051165700,11.259165771484374,0.0781447314321994,0.0919406170725822,-0.4768561724767088
1776553877061144600,11.26914453125,0.0570261016882956,0.096914898353815,-0.5034596633724868
1776553877071124500,11.27912451171875,0.044298429801315,0.0921159736394882,-0.5364556317843496
1776553877081103600,11.289103515625,0.0576560701549053,0.0692366178333759,-0.522636219137907
1776553877091083000,11.2990830078125,0.0445463401477783,0.0683382076889276,-0.466901326303929
1776553877101062100,11.309062255859375,0.0600071633256971,0.0317839622735977,-0.3662625851213932
1776553877111042000,11.3190419921875,0.0861421599268913,-0.0340957463473081,-0.295375861993432
1776553877121021000,11.32902099609375,0.1396820269346237,-0.072056351429224,-0.1945280081048607
1776553877131001000,11.3390009765625,0.164310199169442,-0.0584685555815696,-0.1022106666743755
1776553877140980000,11.34897998046875,0.1583037252962589,-0.0628074615687131,0.0470094423256814
1776553877150959900,11.3589599609375,0.1708603514652699,-0.0422059875667095,0.1264762161418795
1776553877160939000,11.36893896484375,0.1501778481163084,-0.0213321263641119,0.200027482303977
1776553877170919200,11.378919189453123,0.133779671023041,-0.009235445857048,0.2845131071954965
1776553877180898000,11.38889794921875,0.0937140564858913,-0.0138040689468383,0.3510596091620623
1776553877190878200,11.398878173828123,0.0650864393513649,-0.0182137020826339,0.3873221781544387
1776553877200857000,11.408857177734374,0.035376287677139,0.0094166476428508,0.4055715360723436
1776553877210837200,11.418837158203123,0.0155329385660588,-0.0102478377699851,0.4062624409459531
1776553877220816100,11.428816162109374,-0.0148584003053605,-0.0118172790437936,0.4006047074452042
1776553877230796000,11.438796142578123,-0.0298735986076295,-0.0044371056646108,0.3804514156021177
1776553877240775200,11.448775146484374,-0.0210964179120957,-0.0400929409354925,0.3737218150861561
1776553877250755000,11.458755126953124,0.0041889761224389,-0.0607400076448917,0.3363829951643943
1776553877260734200,11.468734130859374,0.0098842651546001,-0.073837389627099,0.3169597711615264
1776553877270714000,11.478714111328124,0.0420972664952278,-0.0578308421999216,0.328211086885631
1776553877280693000,11.48869287109375,0.0755810184240341,-0.0430798477917909,0.3004400135152041
1776553877290673000,11.4986728515625,0.0656955842256546,0.0055272389888763,0.2725884222544729
1776553877300652000,11.508652099609376,0.0637524873338639,0.0220551799416542,0.2244444229409098
1776553877310632000,11.5186318359375,0.055382133873552,0.0614373422592878,0.1796497340552508
1776553877320611000,11.528611083984377,0.052248073631525,0.0984574516206979,0.1278711776316166
1776553877330591000,11.538591064453126,0.0674409665882587,0.0945160205185413,0.0334827290154993
1776553877340569900,11.54856982421875,0.0624853169422596,0.0855839415222406,-0.0825765763998031
1776553877350550300,11.55855029296875,0.0899776464365422,0.0832744955360889,-0.1529948052331805
1776553877360529000,11.56852880859375,0.0986708021104335,0.0880740047723054,-0.2376429272100329
1776553877370509000,11.578509033203124,0.096855277121067,0.0696358462840318,-0.3179652949422598
1776553877380488200,11.58848828125,0.077424746594578,0.090702599710226,-0.3842059458300471
1776553877390468000,11.598468017578124,0.0880922710813581,0.0918020853847265,-0.4622881334200501
1776553877400447200,11.608447265625,0.0921276640772819,0.0796177265942096,-0.5179964305080473
1776553877410427100,11.61842724609375,0.0887329070724546,0.088598905429244,-0.5481834789790213
1776553877420406000,11.628406005859375,0.0949570422843098,0.0592301876038312,-0.5788790614940226
1776553877430386200,11.63838623046875,0.1208416443210095,0.0393564433544874,-0.5850671024791896
1776553877440365000,11.648364990234375,0.1195617605783045,0.036567104896903,-0.5577488874427974
1776553877450345000,11.658344970703125,0.1147240382235497,0.0480716647297143,-0.504863684951514
1776553877460324000,11.668323974609375,0.1001354678355157,0.0516115292936563,-0.4354755298182368
1776553877470304000,11.678303955078125,0.0894109524644911,0.0380097049206495,-0.3592135433927178
1776553877480283100,11.688283203125,0.1270621993362903,0.0055061962008476,-0.2774503292024135
1776553877490263000,11.698262939453125,0.1453190829735249,-0.0060468789488077,-0.1822153467595577
1776553877500242000,11.708241943359376,0.1420491213921457,-0.0384200392872095,-0.0831684048131108
1776553877510222000,11.71822216796875,0.159694887393713,-0.0389390947252511,-0.0052962067119777
1776553877520201000,11.728200927734376,0.1575368325769901,-0.0524742836028337,0.0798658561363816
1776553877530181000,11.73818115234375,0.1410498081564903,-0.0430897846639156,0.1749957707695663
1776553877540160300,11.74816015625,0.1148817130032926,-0.0238777191936969,0.2469927932269871
1776553877550140200,11.75814013671875,0.0708802203219383,-0.0043190322428941,0.2929392824962735
1776553877560119000,11.768119140625,0.0339922859728336,0.0166407536774873,0.344222310487926
1776553877570099200,11.77809912109375,-0.0237279354594647,0.0079231942147016,0.3784421216063201
1776553877580078000,11.788078125,-0.0794926389098167,0.0010351882666349,0.3894350786551833
1776553877590058000,11.79805810546875,-0.1102093372780829,-0.003854921862483,0.3757752404846251
1776553877600037000,11.808037109375,-0.1269348466295748,-0.0381295319080352,0.3773135559678077
1776553877610017000,11.81801708984375,-0.1120130987644195,-0.0721522130191326,0.3766038002632558
1776553877619996200,11.82799609375,-0.0745404233299195,-0.0823316617280244,0.3578486847802996
1776553877629976000,11.83797607421875,-0.0219406136512756,-0.0795475839674472,0.386039298737049
1776553877639955000,11.847954833984376,0.0072702832639217,-0.0613987638145685,0.3918411168836057
1776553877649935000,11.85793505859375,0.0288904327891767,-0.0190273565530776,0.3889434957459569
1776553877659914000,11.8679140625,0.0511409891724586,0.0224146609038114,0.359560895525664
1776553877669894000,11.877893798828126,0.0581586128495633,0.0375491016715765,0.2810311102986335
1776553877679873000,11.887873046875,0.0651248716656118,0.0472059878110885,0.2066226427853107
1776553877689853000,11.89785302734375,0.0823367762945592,0.0781441469103097,0.1107595915719866
1776553877699832000,11.90783203125,0.0718434393309056,0.0715431412100792,0.0495434908479452
1776553877709812200,11.917812255859374,0.0982078607738018,0.0723234779328107,-0.0089526833929121
1776553877719791000,11.927791015625,0.1121066222667694,0.0670551821410656,-0.0857769798763096
1776553877729771300,11.937771240234374,0.1090600941777229,0.0763964264601469,-0.1742139727421104
1776553877739750100,11.947750244140623,0.0961280588250607,0.068339376732707,-0.2681730900302529
1776553877749730000,11.95772998046875,0.104741500326246,0.062401218855381,-0.3454889694228768
1776553877759709200,11.967709228515623,0.1073591354787349,0.0700491032600402,-0.3964063789725303
1776553877769689000,11.977689208984376,0.132834937518835,0.0601455488830804,-0.4655209778614342
1776553877779668000,11.98766796875,0.1684649807613343,0.046134559187293,-0.511404192636162
1776553877789648100,11.997648193359376,0.2005809514682739,0.0342179114222526,-0.541766597674042
1776553877799627000,12.007626953125,0.1907294926047325,0.0222802208691835,-0.565711244624108
1776553877809607000,12.01760693359375,0.1776141365744173,0.0343441681504249,-0.5389025865450501
1776553877819586000,12.0275859375,0.1689129437245428,0.0441524454593658,-0.5274664157733321
1776553877829566000,12.03756591796875,0.1763570491854101,0.0682820935875177,-0.5132787543363869
1776553877839545000,12.047545166015626,0.1727542754530906,0.0493593664526939,-0.4735185524865984
1776553877849525000,12.05752490234375,0.1747054095208644,0.0208843825966119,-0.4207428017191588
1776553877859503900,12.06750390625,0.2013758281730115,-0.0214262343883514,-0.3698760994434356
1776553877869484000,12.077484130859377,0.1832465895034372,-0.0587210690379142,-0.3163677966177463
1776553877879463000,12.087462890625,0.1674623065248131,-0.0574877278506755,-0.2420820787012577
1776553877889443000,12.097443115234377,0.1455823370195925,-0.0963444049894809,-0.1849130614109337
1776553877899422200,12.107422119140624,0.0911456673026084,-0.1120189439833164,-0.1387942843146622
1776553877909402000,12.117402099609375,0.0525660535395145,-0.0737374363839626,-0.0189304720498621
1776553877919381200,12.12738134765625,0.0422365288354456,-0.0460498035132884,0.0851749223299324
1776553877929361200,12.137361083984375,0.0197371122576296,-0.0395166023522615,0.179999132014811
1776553877939340000,12.147340087890624,-0.0186835115514695,-0.0147866502434015,0.2852848222203553
1776553877949320200,12.1573203125,-0.0033096360046416,0.0138537533074617,0.3821263630770146
1776553877959299000,12.167299072265624,0.0119650900166481,0.0258773685783147,0.4551807856328785
1776553877969279000,12.177279052734375,0.0429075599648058,0.0141916069597005,0.5120182328812778
1776553877979258000,12.187258056640625,0.0522783957045525,0.0110065471827983,0.5329227814830839
1776553877989238000,12.197238037109376,0.0578314267218112,-0.0179138423532247,0.5197061570353806
1776553877999217200,12.207217041015625,0.087306527531147,-0.0410942269325256,0.51255482397601
1776553878009197000,12.217197021484376,0.0899697553910315,-0.0518453380495309,0.514803333555162
1776553878019176000,12.227176025390625,0.0856324568390846,-0.0311947642087936,0.4694404893927276
1776553878029156000,12.237156005859376,0.058524815813452,-0.0195645321696996,0.4135091972038149
1776553878039135000,12.247135009765625,0.0511610090471804,0.0038490766435861,0.3478802484735846
1776553878049115100,12.257115234375,0.0496845067538321,0.0448778371244668,0.2729546252183616
1776553878059094000,12.267093994140623,0.0487058709800243,0.057462593409419,0.1741502598561346
1776553878069074200,12.27707421875,0.0460684351485222,0.0723030196666717,0.0924972280420362
1776553878079053000,12.287052978515623,0.050009208663553,0.0606938304156065,0.0239104524195194
1776553878089033700,12.29703369140625,0.0588224835857748,0.0744862089246511,-0.0964475731030106
1776553878099012900,12.307012939453124,0.0641594606995582,0.0761678784012794,-0.1883937431335449
1776553878108991700,12.31699169921875,0.0572714547514915,0.0582721562266349,-0.2516768593899905
1776553878118972000,12.326971923828124,0.0844004308260977,0.0502379028528928,-0.3409925347864627
1776553878128950800,12.33695068359375,0.0544762710750102,0.0585948123097419,-0.3977323668792843
1776553878138930700,12.3469306640625,0.0559295386232435,0.0683124887257814,-0.459805961215496
1776553878148909800,12.356909912109376,0.0347873818732798,0.0659369917660951,-0.5490684451200067
1776553878158889700,12.3668896484375,0.0344154798209667,0.0808364547342062,-0.5959266424067318
1776553878168868900,12.376868896484376,0.0634660716079175,0.0768675511032342,-0.602177811755985
1776553878178848800,12.386848876953126,0.08530994688645,0.0637450346797704,-0.5688879749640822
1776553878188827600,12.39682763671875,0.1204804828584194,0.0509831682622432,-0.5263846118859946
1776553878198807800,12.406807861328126,0.1239493280127644,0.047924949735403,-0.4542800374008715
1776553878208786700,12.41678662109375,0.126065004992485,0.0291214650660753,-0.3721263625882566
1776553878218766600,12.4267666015625,0.1265383946578949,-0.0034895956814289,-0.3154913060441613
1776553878228745700,12.436745849609377,0.1307540395915508,0.0004185176730155,-0.2672492531836032
1776553878238725600,12.4467255859375,0.0813677851319313,-0.0157920278936624,-0.2199593864813447
1776553878248704800,12.456704833984375,0.0645043286144733,0.0024427169770002,-0.1681980734534561
1776553878258685000,12.466684814453124,0.0444154072444885,-0.0150596219658851,-0.1007163364633917
1776553878268663800,12.476663818359375,0.0373707494299858,-0.0092687636047601,-0.0227934310883283
1776553878278644000,12.48664404296875,0.0339256504774093,0.0015875614523887,0.0871384774878621
1776553878288622800,12.496622802734375,0.0355566126801073,0.0070592708617448,0.1814014000281691
1776553878298602800,12.506602783203125,0.0382405180018395,0.0261854116141796,0.2754492185130715
1776553878308582000,12.516581787109375,0.0373567209046334,0.0271072026342153,0.3629002690814435
1776553878318561800,12.526561767578125,0.0700621088720858,0.0012456161469221,0.4234063218399882
1776553878328541000,12.536541015625,0.0780605602800846,-0.0090349548488855,0.4745725915841758
1776553878338520800,12.546520751953125,0.0793408093489706,-0.0242436298966407,0.5162165613539517
1776553878348499700,12.556499755859376,0.1017289475720375,-0.0318944369107484,0.5355487460725009
1776553878358479600,12.566479736328125,0.1280499682646244,-0.0497352140277624,0.5244890804629773
1776553878368458800,12.576458740234376,0.1215782149672508,-0.0676981562197208,0.5270902759373187
1776553878378438700,12.586438720703123,0.1160568211972713,-0.0432984589785337,0.480371852447465
1776553878388417800,12.596417724609376,0.079189856570959,-0.0185731830447912,0.4230397535499185
1776553878398397700,12.606397705078123,0.0223265442289412,0.0254617735147476,0.3212610485520213
1776553878408376600,12.61637646484375,-0.0375076006174087,0.0624146628588438,0.1998324711885303
1776553878418356700,12.626356689453123,-0.0706650432012975,0.0928811127930879,0.0990407314013689
1776553878428335600,12.636335693359374,-0.0914052680868655,0.1078647469133138,0.0242075356699526
1776553878438315800,12.646315673828123,-0.0354374432798475,0.0986883377671241,-0.040917262930423
1776553878448295000,12.656294921875,0.0126208505116403,0.1020481695890426,-0.0919154826313257
1776553878458274800,12.66627490234375,0.043740795918554,0.0884726487010717,-0.199215143007785
1776553878468254000,12.67625390625,0.0812180013976991,0.0562765984952449,-0.2621206581234931
1776553878478233900,12.68623388671875,0.0994166520416736,0.0175526078253984,-0.3425146297872066
1776553878488212700,12.696212646484376,0.1231996786892414,-0.0111631990492343,-0.4217769670724868
1776553878498193000,12.70619287109375,0.113855657891184,0.0104641108691692,-0.508131162314862
1776553878508171800,12.716171875,0.077420947202295,0.0262719208538532,-0.5562168555699288
1776553878518151000,12.72615087890625,0.0641032004676759,0.0316968685120344,-0.5619568605266511
1776553878528130800,12.736130859375,0.0523497804403305,0.0617383710324764,-0.5903028111755848
1776553878538109700,12.746109619140626,0.0431949986040592,0.0771416918694972,-0.5816266066364943
1776553878548089900,12.75608984375,0.0788845900140702,0.0635059652268886,-0.53009062679708
1776553878558068700,12.76606884765625,0.0955155529499054,0.0811895059555768,-0.4465884599849581
1776553878568048600,12.776048583984377,0.1390587804697454,0.0690372958689928,-0.3359754372768104
1776553878578027800,12.78602783203125,0.1809773293972015,0.0643348172664642,-0.2263889811374247
1776553878588007700,12.796007568359377,0.1873496409080922,0.0365589215904474,-0.1257705520905554
1776553878597986800,12.80598681640625,0.1926689362347126,0.0283411283433437,-0.0327324951700866
1776553878607966700,12.815966796875,0.1884780604161322,0.0091150343477725,0.0212042622007429
1776553878617945600,12.825945556640624,0.1549578489344567,0.0043535190343856,0.0835448369100689
1776553878627925800,12.83592578125,0.1098548978172242,-0.0080862758219242,0.1555154097519815
1776553878637905000,12.84590478515625,0.0968051543690264,-0.0064086979985237,0.2154903513085097
1776553878647884800,12.855884765625,0.0866496710576117,-0.0161667064249515,0.2722072409171611
1776553878657864000,12.865864013671874,0.0561316370666027,-0.0332259777754545,0.3135160604484379
1776553878667843800,12.87584375,0.0270177707850933,-0.0446007737487554,0.3336353038914501
1776553878677822700,12.88582275390625,0.0112624947052448,-0.0622515812516212,0.3446207352209836
1776553878687803000,12.895802978515626,-0.013376271988824,-0.0858195038437843,0.3499273902617394
1776553878697781800,12.90578173828125,-0.0135432260535657,-0.0799789611220359,0.3428804674249142
1776553878707761700,12.91576171875,-0.0383469740509986,-0.0768728118002414,0.37527649718225
1776553878717740800,12.92574072265625,-0.0453670819461345,-0.0565980855345726,0.3912222543329
1776553878727720700,12.935720703125,-0.0611575024046003,-0.013942600634694,0.4161342119451612
1776553878737699800,12.945699951171877,-0.0594293634377419,0.0376058002948761,0.4129007829818874
1776553878747679700,12.9556796875,-0.0307377411562949,0.0919248349815607,0.4148264903474599
1776553878757658600,12.96565869140625,-0.0123928869746625,0.1352291391789913,0.3865338042557239
1776553878767638800,12.975638671875,-0.0047838732756674,0.1512502996534109,0.28689386485219
1776553878777617700,12.98561767578125,0.0121663847424089,0.15500059209764,0.172975516988337
1776553878787597600,12.99559765625,0.013392565536499,0.1457663152843713,0.1029234180536121
1776553878797576700,13.00557666015625,0.0388446944400668,0.1235702655673027,0.0159094437282532
1776553878807556900,13.015556884765624,0.0530567596659064,0.1287993983924388,-0.0643334290269762
1776553878817536000,13.025535888671875,0.0621450521372258,0.1124795472323894,-0.1711714632410556
1776553878827515000,13.035514892578124,0.0816343271136283,0.0706926618605852,-0.2565128281790763
1776553878837494800,13.045494873046875,0.0914556100346147,0.0591401712328195,-0.3828656371369958
1776553878847474000,13.055473876953124,0.097541505819559,0.042152796074748,-0.4702005139797925
1776553878857453800,13.065453857421875,0.0852102859042584,0.0055500353425741,-0.5484159725606441
1776553878867433000,13.075432861328125,0.0694200115762651,0.0212345112085342,-0.600775251481682
1776553878877412900,13.085412841796876,0.0289082607068121,0.0715723673045635,-0.6143287066683173
1776553878887391700,13.095391845703125,-0.00953004488945,0.1334960317760705,-0.5712551424868405
1776553878897371600,13.10537158203125,-0.043638212326914,0.1519406200051307,-0.4970024500571191
1776553878907350800,13.115350830078125,-0.0423931807018816,0.1103133091092109,-0.4558583926334977
1776553878917330700,13.12533056640625,0.0126103291176259,0.063781275036931,-0.441540967337042
1776553878927309800,13.135309814453125,0.0785433753609657,-0.0101192429542541,-0.4049912519663572
1776553878937289700,13.145289794921876,0.1419298058614134,-0.0516635517418384,-0.317667334908992
1776553878947268600,13.1552685546875,0.1633469801604747,-0.0629173516839742,-0.2214874728314578
1776553878957248800,13.165248779296874,0.1621755982935428,-0.0777151078432798,-0.1067014752876013
1776553878967227600,13.1752275390625,0.1816645810090005,-0.0452946012318134,0.0061533349979668
1776553878977207600,13.18520751953125,0.1864378598254173,-0.0189104521751403,0.1281016253866255
1776553878987186700,13.195186767578123,0.1642878412071615,-0.0137660750240087,0.2472062167819589
1776553878997166800,13.205166748046874,0.1673904833976179,0.0017032967865467,0.3386637265127152
1776553879007146000,13.21514599609375,0.1286192195199429,0.0125736503690481,0.421860553702712
1776553879017126000,13.2251259765625,0.100843981431052,0.0301280117601156,0.4663349245928228
1776553879027104800,13.235104736328124,0.076926733944565,0.0342728564798831,0.5133589799657464
1776553879037085000,13.2450849609375,0.0512193151056766,0.0186199447959661,0.504410022899881
1776553879047063800,13.255063720703124,-0.0129097504556179,-0.0280009366035461,0.4896694037552923
1776553879057043000,13.26504296875,-0.0407225440759211,-0.0415489849627018,0.4686424708828329
1776553879067022800,13.27502294921875,-0.0730124831102788,-0.0687128862202167,0.4147919304907321
1776553879077001700,13.285001708984376,-0.1279166242085397,-0.0762333448529243,0.3687441728040576
1776553879086982000,13.29498193359375,-0.1633914768893271,-0.0820779792279005,0.3278765211690217
1776553879096960800,13.304960693359376,-0.1869277622342109,-0.0614151304274797,0.3027003596626222
1776553879106940700,13.314940673828126,-0.1688567565578967,-0.0258686007499694,0.2536206869341433
1776553879116919800,13.324919921875,-0.1547838075418025,0.0207896900504827,0.2007880914129316
1776553879126899700,13.334899658203126,-0.1234368484459817,0.0449035560876131,0.1497814692098647
1776553879136878800,13.34487890625,-0.092356796658039,0.0798415984779596,0.1154915154647082
1776553879146858800,13.354858642578124,-0.0326079920075833,0.1075537812680006,0.0744493840456008
1776553879156837600,13.364837646484377,0.0254104817189276,0.1092377888321876,0.0250020470485091
1776553879166817800,13.37481787109375,0.0504910008311271,0.1275777476429939,-0.0318756591450423
1776553879176796700,13.384796630859377,0.0986263784468173,0.1090530799150466,-0.1232053777776658
1776553879186776800,13.39477685546875,0.1406850664973259,0.073701196026802,-0.1953656279727816
1776553879196756000,13.404755859375,0.1754372309267521,0.0852495950013399,-0.2879638321712613
1776553879206736000,13.41473583984375,0.1745088640354573,0.0779343035519123,-0.3609539573192596
1776553879216714800,13.42471484375,0.1737957473300397,0.0739601392239332,-0.4250619800925254
1776553879226695000,13.43469482421875,0.1976046390712261,0.0783458069622516,-0.4755428979210555
1776553879236673800,13.444673828125,0.2181121511794626,0.0604617752254009,-0.5061301977559923
1776553879246653700,13.45465380859375,0.2447569969989359,0.0710544809103012,-0.5462699004426598
1776553879256632800,13.4646328125,0.2123591406106948,0.0641775808781385,-0.5540824738897383
1776553879266611700,13.47461181640625,0.1829191111147403,0.0668161126881837,-0.5717376653067767
1776553879276591900,13.484591796875,0.1471123230658471,0.0728688368558883,-0.5580252201661468
1776553879286570800,13.49457080078125,0.1546785205364227,0.076010057491064,-0.5176642759442329
1776553879296550700,13.504550537109376,0.1100163719892501,0.0498597171902656,-0.4783068096764385
1776553879306529800,13.51452978515625,0.0997089129865169,0.0243149415671825,-0.4177881896972656
1776553879316509700,13.524509765625,0.0863920430347323,-0.0128986445397138,-0.3182226307041942
1776553879326488800,13.53448876953125,0.1027646472953259,-0.0534153638452291,-0.2285465975627303
1776553879336468700,13.54446875,0.1160636893294751,-0.0650678077161312,-0.1362922383658588
1776553879346447600,13.554447509765623,0.1019368912342935,-0.0539180526703596,-0.0218469440184533
1776553879356427800,13.564427734375,0.0979810662806034,-0.0501087235152721,0.0728321581073105
1776553879366406700,13.57440673828125,0.0732744950473308,-0.0344511356562376,0.1766797783337533
1776553879376386800,13.58438671875,0.0491067799311131,-0.0354553442627191,0.2601490657895803
1776553879386366000,13.594365966796875,0.049214551154524,-0.0164694887638092,0.3401917397975921
1776553879396345900,13.604345947265625,0.0271860400240868,-0.0149456401973962,0.3928926717631518
1776553879406324700,13.61432470703125,-0.0002009293995797,-0.0252227040618658,0.4419761438839137
1776553879416305000,13.624304931640625,-0.0132299223206937,-0.0308294380277395,0.4978058753944933
1776553879426283800,13.63428369140625,0.0076842708922922,-0.0191617965877056,0.5407981179680675
1776553879436263700,13.644263671875,-0.0043977965675294,-0.0186532625436782,0.5752645973239093
1776553879446242800,13.654242919921876,0.0091163495220243,-0.0063870706886053,0.5768647990621626
1776553879456221700,13.6642216796875,0.0244621680181473,-0.0048024318456649,0.5903142093524336
1776553879466201900,13.674201904296876,0.0093079265713691,-0.0021668226450681,0.5564582631103694
1776553879476180700,13.6841806640625,-0.0371101257324218,0.0284364054113626,0.4939540953371673
1776553879486160600,13.69416064453125,-0.0483190636195242,0.0446241546243429,0.4186718406639993
1776553879496139800,13.704139892578125,-0.0801123782433569,0.0556938301712274,0.3242936211809515
1776553879506119700,13.71411962890625,-0.0743384710170328,0.0538958408385515,0.1874446257151663
1776553879516098800,13.724098876953123,-0.0760489281967282,0.0464566307485103,0.0931629984743893
1776553879526078700,13.73407861328125,-0.0430161349058151,0.0500415034979581,-0.0225736508578062
1776553879536057600,13.7440576171875,0.003685118253529,0.0415150826930999,-0.1118991169959306
1776553879546037800,13.754037841796874,0.056575727572292,0.0411830742597579,-0.1878805329144001
1776553879556016600,13.7640166015625,0.1017370578132569,0.0551461331605911,-0.2473636723659932
1776553879565996800,13.773996826171874,0.1466577111661434,0.0380640654563903,-0.3234631617061793
1776553879575975700,13.7839755859375,0.1777297257781028,0.0264852713435888,-0.3945765331968665
1776553879585955800,13.793955810546874,0.1728546670876443,0.04923603233397,-0.4563838778123259
1776553879595935000,13.80393505859375,0.1454557880304753,0.0765846425086259,-0.5129892698705196
1776553879605915000,13.813914794921876,0.1391056883513927,0.1064268230646848,-0.5569355252332985
1776553879615893800,13.823893798828124,0.1139364680424332,0.1298982995450496,-0.6063987904518843
1776553879625873000,13.833872802734374,0.0807202810086309,0.133616443285346,-0.6291324541769922
1776553879635852800,13.843852783203126,0.0523671699665486,0.1103378590285778,-0.6228238555520773
1776553879645832000,13.85383203125,0.0826293295003473,0.0801566557765006,-0.5889052193373442
1776553879655811800,13.863811767578126,0.0875320068500936,0.0435118094682693,-0.5445451224766671
1776553879665790700,13.873790771484376,0.0937128874421119,-0.009168225839734,-0.4440222627587616
1776553879675771000,13.88377099609375,0.1324305945016443,-0.0306236863225698,-0.3214889390237629
1776553879685749800,13.893749755859377,0.1623392644226551,-0.0498959575474262,-0.1946079414732754
1776553879695729700,13.903729736328126,0.2011266757175326,-0.0604231967806816,-0.070270490925759
1776553879705708800,13.913708740234377,0.1700863714180886,-0.0372574252486228,0.0082847210034728
1776553879715688700,13.923688720703124,0.1403882755078375,-0.0358422977536916,0.0704506697982549
1776553879725667800,13.933667724609377,0.135536451562494,0.0050824178308248,0.1656996807664632
1776553879735647700,13.943647705078124,0.1202232932269573,0.0200192901998758,0.2696981076404452
1776553879745626600,13.953626708984377,0.1201275777675211,0.0328080446243286,0.3498179385378956
1776553879755606800,13.963606689453124,0.0919710122108459,0.0395125106990337,0.4140504644736647
1776553879765585700,13.973585693359375,0.0434020654834806,0.0351180751323699,0.4401408912807703
1776553879775565800,13.98356591796875,0.0017572189308702,0.0001841243952512,0.4598613446645438
1776553879785545000,13.993544921875,-0.0241745101831853,-0.0247492413312196,0.4529628173224628
1776553879795523800,14.00352392578125,-0.0438764049969613,-0.0546095420658588,0.4225555502295494
1776553879805503700,14.013503662109375,-0.0683702102623879,-0.0815524940490722,0.4310635585948825
1776553879815483000,14.02348291015625,-0.0427133525669574,-0.0754787270933389,0.4097776094600558
1776553879825462800,14.033462890625,-0.0524152468919754,-0.0807189658343792,0.4025954428710043
1776553879835442000,14.04344189453125,-0.0576397766072303,-0.043756724140048,0.3801528710469603
1776553879845421800,14.053421875,-0.0669547174412757,-0.0131067343324422,0.3312586378879845
1776553879855400700,14.063400634765625,-0.0648095951713621,0.0378799410611391,0.2583249191023409
1776553879865380900,14.073380859375,-0.0409537955485284,0.0683639266520738,0.1871729691669345
1776553879875359700,14.08335986328125,-0.0276898248277604,0.076273092341423,0.1029261214673519
1776553879885339600,14.093339599609376,0.0249075006328523,0.0988198551923036,0.0379445307299494
1776553879895318800,14.10331884765625,0.0723391138933599,0.0947843160659074,-0.035993542792648
1776553879905298700,14.113298583984376,0.1042436338067054,0.0838823983013629,-0.1465560043573379
1776553879915277800,14.12327783203125,0.1219556699775159,0.0663484951764345,-0.2268883089616894
1776553879925256700,14.133256591796876,0.1498607449911534,0.0565425559550523,-0.3271196383871138
1776553879935236600,14.143236572265623,0.1456907658301293,0.0214852710992097,-0.4100936896719038
1776553879945215700,14.1532158203125,0.162414083224535,0.0120066641360521,-0.5007506966747344
1776553879955195600,14.163195556640623,0.1414240482963621,0.008511807757616,-0.5360593259431421
1776553879965174800,14.1731748046875,0.1353542268633842,0.0389811803013086,-0.5852757767938077
1776553879975155000,14.183155029296875,0.0987177099920809,0.0617599983423948,-0.5944029399707913
1776553879985133800,14.1931337890625,0.0946808556914329,0.0809457603275775,-0.5740988414801657
1776553879995113700,14.20311376953125,0.0749389211282134,0.1223655659526586,-0.5424757688567042
1776553880005092900,14.2130927734375,0.0406391766414046,0.1364098733961582,-0.4940010762840509
1776553880015072800,14.22307275390625,0.0331574425838887,0.1313788934916257,-0.4300986590854823
1776553880025052000,14.233052001953125,0.0682851623274385,0.0863145938843488,-0.3519714633099735
1776553880035031800,14.24303173828125,0.1009912078820168,0.0383428823977708,-0.2623163268260657
1776553880045010700,14.2530107421875,0.1150584578096866,-0.0181651867657899,-0.1832220395840704
1776553880054990800,14.262990966796876,0.1375248489007353,-0.0649105713278055,-0.1233083997607231
1776553880064969700,14.2729697265625,0.1549275268614292,-0.0921551366060972,-0.0462007562913
1776553880074948900,14.282948974609376,0.1619125634431839,-0.0822457370102405,-0.0019613632008433
1776553880084928800,14.2929287109375,0.1224970103126019,-0.0863467425882816,0.0700477880857884
1776553880094908000,14.302907958984376,0.1082522118609398,-0.0785381146639585,0.1426535900913179
1776553880104888000,14.31288818359375,0.081586396318674,-0.0511503415226936,0.2341876721896231
1776553880114867000,14.322866943359376,0.0715631610848009,-0.021337387061119,0.3060485010467469
1776553880124846800,14.332846923828123,0.0628255817472934,0.0045732992649078,0.3729056763976812
1776553880134826000,14.342825927734374,0.0528736581839621,0.006840659675002,0.4179587239585816
1776553880144806000,14.352805908203123,0.0554079989671707,-0.0181067345768213,0.4671868652470409
1776553880154785000,14.362784912109374,0.070825348329544,-0.0174357034474611,0.487654337605834
1776553880164765000,14.372764892578124,0.0886520238559693,-0.0367892232149839,0.4992758018165826
1776553880174743800,14.382743896484374,0.0835492208242416,-0.0454173508286476,0.5117360549390316
1776553880184724000,14.392723876953124,0.0608523819781839,-0.0331692791521549,0.4786190904960036
1776553880194702800,14.402702880859374,0.0291280409373342,-0.0389455244660377,0.4153570170275866
1776553880204682800,14.412682861328124,-0.003046381958574,-0.020084172129631,0.3525573003739118
1776553880214662000,14.422661865234376,-0.0080548577703535,0.012357377269864,0.2650115572594106
1776553880224640800,14.432640869140624,-0.0058170157156884,0.0302227043062448,0.1878917849607765
1776553880234621000,14.442620849609376,0.017267945665121,0.0453536379426717,0.1097588900968432
1776553880244600000,14.45260009765625,0.0692518154025077,0.0699292762726545,0.0585378214254975
1776553880254580000,14.462580078125,0.0707435152649879,0.078943772855401,0.0017876140691339
1776553880264559000,14.47255908203125,0.0659738166451454,0.0941197146773338,-0.0633254940934479
1776553880274539000,14.4825390625,0.0846785171151161,0.0968599532961845,-0.1717220097959041
1776553880284518000,14.492517822265626,0.0934193113230168,0.0933849706619977,-0.2230912547662854
1776553880294498000,14.502498046875,0.0920012612186372,0.0905114610522985,-0.3287693052902817
1776553880304477000,14.512476806640626,0.1101673247672617,0.0763666158437728,-0.4124174564443528
1776553880314456800,14.522456787109377,0.1199004910133779,0.0576420416295528,-0.466275741751492
1776553880324436000,14.53243603515625,0.1220411563038826,0.0572656095325946,-0.5115585064150393
1776553880334414800,14.542414794921877,0.1025812535524368,0.0692108988702297,-0.5211148547895252
1776553880344395000,14.55239501953125,0.0879855958364903,0.0757329941153526,-0.5344114126056433
1776553880354374000,14.562373779296877,0.0727975251853466,0.1116103631824255,-0.5333472905054688
1776553880364353800,14.572353759765624,0.0708018213234841,0.1288607731908559,-0.5149107394523919
1776553880374333000,14.5823330078125,0.0775157858788967,0.0942407107084989,-0.5028080675959586
1776553880384312800,14.592312744140624,0.1084697270691394,0.022881693893671,-0.4883464115232229
1776553880394292000,14.6022919921875,0.1666971673712134,-0.0394610727727413,-0.4398832632578909
1776553880404271900,14.61227197265625,0.1980300248764455,-0.1050023432195186,-0.3435150390014052
1776553880414250800,14.622250732421875,0.2203470706246793,-0.1514466990083456,-0.2628146317370236
1776553880424231200,14.632231201171876,0.2618365804851055,-0.1720259611785412,-0.2001021549753844
1776553880434209800,14.642209716796875,0.2715815832994878,-0.1827934389084577,-0.0966639923326671
1776553880444190000,14.65218994140625,0.2604642692185938,-0.1599859792947769,0.0051597208507359
1776553880454169000,14.662169189453126,0.2394295183658599,-0.0879623610913753,0.0621954671502113
1776553880464148000,14.67214794921875,0.2015852331399917,-0.0438823963463306,0.1604042047068476
1776553880474128100,14.682128173828126,0.1590226872205734,0.0016454291194677,0.2369634205132722
1776553880484107000,14.69210693359375,0.1303928050637245,0.0391384166896343,0.2907411879301071
1776553880494087000,14.7020869140625,0.116460141301155,0.0466658895850181,0.3537982403457164
1776553880504066000,14.712066162109377,0.078955901684612,0.0425894339263439,0.3907758257396519
1776553880514046000,14.7220458984375,0.0614554624378681,0.0169996501177549,0.408102369724214
1776553880524025000,14.732025146484377,0.0691781656444072,-0.0064414312243461,0.4419894417569041
1776553880534005000,14.7420048828125,0.0567792873203754,-0.0377232891947031,0.4498233502529561
1776553880543983900,14.75198388671875,0.0394926369547843,-0.074473349443078,0.4487915229871869
1776553880553963800,14.7619638671875,0.011220628324896,-0.0678875413119792,0.422599097110331
1776553880563943000,14.77194287109375,-0.0154370769761502,-0.0474357049137353,0.3746604111105203
1776553880573921800,14.781921875,-0.0716259971879422,-0.0143248779505491,0.3158032946027815
1776553880583902000,14.79190185546875,-0.092934158154577,0.028711715221405,0.2519434013716876
1776553880593880800,14.801880859375,-0.1251638183690607,0.0590215132892131,0.1676087292581796
1776553880603860700,14.81186083984375,-0.1485492240011691,0.0821679955989122,0.0839911193728446
1776553880613840000,14.82183984375,-0.1285316873669624,0.0738543407618999,-0.0005479892715811
1776553880623819800,14.83181982421875,-0.0981983622930944,0.0795803171932697,-0.0747312697269022
1776553880633799000,14.841798828125,-0.0764250680327415,0.0875350755900144,-0.1388314014546573
1776553880643779000,14.851779052734376,-0.0126304951228201,0.0819523070216178,-0.1953575907967984
1776553880653758000,14.861758056640625,0.0262109844468533,0.0953974795281887,-0.2519540688961744
1776553880663738000,14.871738037109376,0.0548014113761484,0.0958744493901729,-0.3152062054924667
1776553880673717000,14.881717041015625,0.1043336501777172,0.092062197625637,-0.3732398767881095
1776553880683696000,14.891696044921876,0.1666379845298826,0.0710913057893514,-0.4458886411525309
1776553880693676000,14.901676025390625,0.1768564500749111,0.0462777670502662,-0.4995324069261551
1776553880703655000,14.911655029296876,0.1635690984785556,0.0487257447242736,-0.537129147131741
1776553880713635000,14.921635009765623,0.1917899614430964,0.0665893181949853,-0.5774497593432665
1776553880723614000,14.931614013671876,0.1695442273654043,0.0877408272951841,-0.5645594442404807
1776553880733593900,14.94159375,0.1468564486086368,0.0899000511556863,-0.5520784405909478
1776553880743573000,14.951572998046874,0.1308684597514569,0.0857265648633241,-0.4881638945631683
1776553880753553000,14.961552978515623,0.1328853525318205,0.0770651195019483,-0.4080833727627992
1776553880763532000,14.971531982421874,0.1190881517171859,0.0345458282023668,-0.3277100054956972
1776553880773512000,14.981511962890623,0.1113220477603375,-6.37128859758e-05,-0.2335983279943466
1776553880783490800,14.99149072265625,0.1341420745946467,-0.03705751876235,-0.1400492528118193
1776553880793470000,15.001469970703123,0.1512405089117586,-0.0587567248731851,-0.0712733843579888
1776553880803449900,15.011449951171874,0.1362238493047654,-0.077164488223195,0.0001068213753402
1776553880813429000,15.021428955078123,0.1276338617444038,-0.0770996062934398,0.0788189774319529
1776553880823409000,15.031408935546876,0.0869148978650569,-0.0643014995187521,0.1503400529406964
1776553880833387800,15.0413876953125,0.0570361846908926,-0.0429413161039352,0.2025115542046725
1776553880843368000,15.051367919921876,0.0050173897705972,-0.0322334596067667,0.2899085364982485
1776553880853346800,15.061346923828124,-0.0250596224546432,0.0068763155102729,0.3585691080093383
1776553880863327000,15.071326904296876,-0.0223265442289412,0.0113408937036991,0.4318861270241439
1776553880873306000,15.08130615234375,-0.0018215163387358,0.0193465055048465,0.4841429684840142
1776553880883286000,15.0912861328125,0.0019056874908506,0.0263175135612487,0.5123531639240682
1776553880893265000,15.101264892578126,-0.0126056529425084,0.0032552024036645,0.5223056720092892
1776553880903244000,15.111244140625,0.0093346684478223,-0.0075485156834125,0.5048524329051375
1776553880913224000,15.121223876953126,0.0041783085979521,-0.0327414091289043,0.4815219723306596
1776553880923203000,15.131203125,-0.0102523678146302,-0.051240942415595,0.4354024645820259
1776553880933183000,15.141182861328126,-0.0192423144780099,-0.0283814603537321,0.3804036309376358
1776553880943161900,15.151161865234377,-0.0312860957540571,0.00932487770617,0.3188353557750582
1776553880953142000,15.16114208984375,-0.0609200403869152,0.0487906266540288,0.2422090660817921
1776553880963121000,15.171120849609377,-0.0399425726793706,0.0614653993099927,0.1671449111387133
1776553880973100800,15.181100830078124,-0.0422761301934719,0.0695662881791591,0.0502810113422572
1776553880983080000,15.191079833984375,-0.0224225519493222,0.0764496179521083,-0.0536620320826768
1776553880993059800,15.201059814453124,0.0044607788011431,0.0742617525190114,-0.1270532853774726
1776553881003039000,15.2110390625,0.0492471382498741,0.0747387223809957,-0.2214630690425634
1776553881013017900,15.221017822265624,0.0708615886867046,0.0774292766392231,-0.3269730695232749
1776553881022997800,15.230997802734375,0.0849604027964174,0.0555102902978658,-0.3845741946205496
1776553881032977000,15.240976806640624,0.1309725046478211,0.0460182393312454,-0.4590728246353566
1776553881042956800,15.250956787109375,0.1426771170973777,0.0307476049631834,-0.5021089794158935
1776553881052936000,15.26093603515625,0.1518343831516802,0.0264560452491045,-0.5326262827545404
1776553881062916000,15.270916015625,0.1685081623159348,0.0205108731091022,-0.5748439607590436
1776553881072895000,15.28089501953125,0.1348338562510907,0.0379459920346736,-0.5926594573043287
1776553881082875100,15.290875244140626,0.1230441958665847,0.0333691856384277,-0.5568573454305529
1776553881092853200,15.300853271484376,0.1270635145105421,0.0544885460346937,-0.4990761875912546
1776553881102833400,15.31083349609375,0.1513769947730004,0.0673655632644891,-0.4024781001016497
1776553881112812300,15.320812255859376,0.1532253991186618,0.0520844075024127,-0.3103082043178379
1776553881122791200,15.330791259765626,0.165441760482639,0.072682958894968,-0.1991233730711042
1776553881132771600,15.340771484375,0.1678463374063372,0.0644242491155862,-0.0948598655201494
1776553881142750500,15.35075048828125,0.1288552202329039,0.0388029011249542,-0.0355212491057813
1776553881152730400,15.36073046875,0.0825216313421726,0.0214917008399963,0.0193979434311389
1776553881162709500,15.37070947265625,0.0551123770214617,0.0037321722656488,0.0446495813265442
1776553881172689400,15.380689453125,0.0297274681352078,-0.0202437466055154,0.079916271149367
1776553881182668500,15.39066845703125,0.0063406011983752,-0.0425374114781618,0.1194296586312353
1776553881192648400,15.4006484375,-0.0091327161349356,-0.0212017779827117,0.188002844119817
1776553881202627300,15.41062744140625,-0.0305669876992702,-0.0116547819584608,0.2507886783786118
1776553881212606500,15.4206064453125,-0.0450946947455406,-0.0105026893138885,0.3167084267489612
1776553881222586400,15.43058642578125,-0.0222796363472938,0.0025882629275321,0.3849133634470403
1776553881232565500,15.4405654296875,0.0155962130606174,0.0058235915869474,0.421230146844685
1776553881242545400,15.45054541015625,0.0296798296011984,0.0018511808246374,0.4594681075632572
1776553881252524300,15.460524169921875,0.0621861147999763,0.0143710551798343,0.4709642648939043
1776553881262504400,15.47050439453125,0.0729752198398113,0.0165495682626962,0.4707669887561351
1776553881272483300,15.4804833984375,0.0544926376879215,0.0119511345565319,0.4440760387726127
1776553881282463200,15.490463134765625,0.0389595529913902,0.0246130477309226,0.4123041322629898
1776553881292442400,15.5004423828125,0.0142225866198539,0.0551274284601211,0.3487067624256014
1776553881302421200,15.510421142578124,-0.0065326166391372,0.0823135415494441,0.2856337817884981
1776553881312401400,15.5204013671875,-0.0300642988741397,0.1002735611319541,0.2262422661431133
1776553881322380300,15.53038037109375,-0.0463515629388391,0.0972065747767686,0.1477449218809604
1776553881332360400,15.5403603515625,-0.0147346277952194,0.0889087020307779,0.0820665810510516
1776553881342339600,15.550339599609377,-0.025347207224369,0.068497782164812,-0.0301414557635784
1776553881352319500,15.560319580078126,-0.0433085419811308,0.0680155516058206,-0.0997119817264378
1776553881362298400,15.57029833984375,-0.034398967077583,0.0652431642830371,-0.2158889221720397
1776553881372278500,15.580278564453126,-0.0329728797972202,0.0173304895073175,-0.3036189358122647
1776553881382257400,15.59025732421875,-0.025776246291399,0.0302642053604125,-0.3791787653177976
1776553881392237300,15.6002373046875,-0.0344167949952185,0.0281090731531381,-0.4325836077690124
1776553881402216400,15.610216552734377,-0.0181891521632671,0.0147761288493871,-0.4792274316526949
1776553881412195300,15.6201953125,-0.0048830958664417,0.0264852713435888,-0.5013057002089918
1776553881422175500,15.630175537109375,0.0214274034321308,0.0503653286248445,-0.5056196178853511
1776553881432154400,15.640154296875,0.0252675661168992,0.0486789829730987,-0.5163527549542486
1776553881442134300,15.65013427734375,0.0057141398631036,0.0399596699446439,-0.4962609840400516
1776553881452113400,15.660113525390624,0.0233843827188014,0.0425900184482336,-0.4677569202199578
1776553881462093300,15.67009326171875,0.0743349638856947,0.0416121133267879,-0.4013246922828257
1776553881472072400,15.680072509765624,0.1158323647916317,0.046507484152913,-0.3080545801721513
1776553881482051300,15.69005126953125,0.1570225994445383,0.0442898081034421,-0.2068764714159071
1776553881492031200,15.70003125,0.1966704269610345,0.0364437707781791,-0.0802335204049944
1776553881502010400,15.71001025390625,0.2290717904806136,0.036117607563734,0.0157641169734299
1776553881511990300,15.719990234375,0.2215807040728628,0.0301572378545999,0.083064506047219
1776553881521969400,15.729969482421875,0.2227517936788499,-0.0098965401142835,0.1500856397882103
1776553881531949300,15.73994921875,0.212579943754524,-0.0283154093801975,0.2109305691123008
1776553881541928200,15.74992822265625,0.1910823976956308,-0.0229670340895652,0.2692954451236873
1776553881551908600,15.75990869140625,0.1389236097827553,-0.0069914663225412,0.3129118109449744
1776553881561887500,15.769887451171876,0.0723766694247722,-0.0150397482216358,0.3623066871024668
1776553881571867400,15.779867431640625,0.0177447693966329,-0.0135059627830982,0.3619735096253454
1776553881581846500,15.789846435546876,0.0005305997453629,-0.0385965648978948,0.3412409565895795
1776553881591825400,15.799825439453125,-0.0329633813165128,-0.0465811339110136,0.3131844904065132
1776553881601805600,15.8098056640625,-0.0427813032366335,-0.0654512540757656,0.3139490450382232
1776553881611784400,15.819784423828125,-0.05583820707798,-0.0708317780703306,0.3324527430433779
1776553881621764400,15.829764404296874,-0.038131869995594,-0.0486304676562547,0.3424944637820124
1776553881631743500,15.839743408203123,-0.0217674490414559,-0.0401437943398952,0.3524833583548665
1776553881641723400,15.849723388671874,-0.0137165367938578,-0.0325987857878208,0.3475605880651622
1776553881651702500,15.85970263671875,-0.0081399057053029,0.0051595747202634,0.3273372266605496
1776553881661681400,15.869681396484374,-0.0036358722843229,0.0367880541712045,0.2645010504540055
1776553881671661300,15.879661376953123,0.0097927874788641,0.0541021770656108,0.1668830453321337
1776553881681640400,15.889640380859374,0.0178885617814958,0.0892003784537315,0.0699187548786401
1776553881691620400,15.899620361328124,0.0071722297169268,0.1135217497617006,0.0141521517321467
1776553881701599200,15.90959912109375,0.0221495802268385,0.1274865622282028,-0.0694119744002819
1776553881711579400,15.919579345703124,0.0177542678773403,0.120137953031063,-0.1283608608447015
1776553881721558300,15.929558349609374,0.0113594522736966,0.1276917294114828,-0.2007180949166417
1776553881731538200,15.9395380859375,0.025209260058403,0.1066337438136339,-0.2592332661189139
1776553881741517300,15.949517333984376,0.0777460875034332,0.0834188724428415,-0.3280969589866697
1776553881751496200,15.95949609375,0.0870538679443299,0.0657774172902107,-0.3956760188713669
1776553881761476400,15.969476318359376,0.0801030258931219,0.0509241315513849,-0.4708589778885245
1776553881771455200,15.979455322265624,0.0685607643984258,0.0336772286742925,-0.4979297940351068
1776553881781435400,15.989435302734377,0.1069511391997337,0.0160287592589855,-0.5208687710739672
1776553881791414500,15.99941455078125,0.1301379535198211,0.0108329441815614,-0.5114756504371762
1776553881801394400,16.00939453125,0.1473031694628298,0.0075789108216762,-0.5170177947342396
1776553881811373600,16.01937353515625,0.1432546247243881,0.0090823011219501,-0.522867397545278
1776553881821353500,16.029353515625,0.1227425825715065,0.0158984108775854,-0.4630586794011294
1776553881831332400,16.039332275390624,0.1021791024923324,0.0194458742260932,-0.4135784630477428
1776553881841311500,16.0493115234375,0.0895953691206872,0.0182324067831039,-0.3293212400846183
1776553881851291400,16.05929150390625,0.1110031910695135,0.031852351334691,-0.2123502266518771
1776553881861270500,16.0692705078125,0.1310835638068616,0.0292658419728279,-0.1051375139065086
1776553881871250400,16.07925048828125,0.1390647718191146,0.0142266782730817,0.0019286299750208
1776553881881229300,16.089229248046873,0.1328606564819812,0.0158890585273504,0.0827067786507308
1776553881891209500,16.09920947265625,0.1290272157989442,-0.0132429279327392,0.1524042919941246
1776553881901188400,16.109188232421875,0.1033328025721013,-0.0285305134356021,0.2345509525440633
1776553881911168300,16.119168212890624,0.0664659840762615,-0.0306096577972173,0.2958312045454979
1776553881921147400,16.1291474609375,0.0670798781909048,-0.0220937583863735,0.33979937947914
1776553881931126300,16.139126220703126,0.0495196715809404,-0.036490532529354,0.3844993758186698
1776553881941106400,16.1491064453125,0.0203634274624288,-0.0366354939579963,0.4148088816255331
1776553881951085300,16.159085205078124,-0.0037257425248622,-0.0337923794865608,0.4429370978705584
1776553881961065200,16.169065185546874,-0.0055612873889505,-0.0152823248058557,0.4444752672232687
1776553881971044400,16.17904443359375,-0.0296878667771816,-0.0151946465224027,0.4257131374776363
1776553881981024500,16.1890244140625,-0.0367640887737274,-0.0019406126737594,0.4088113947764039
1776553881991003400,16.19900341796875,-0.0619346242569386,-0.0042032969087362,0.3470141331635415
1776553882000982300,16.208982177734374,-0.0542389551877975,-0.0036859950363636,0.3075857936166227
1776553882010962400,16.21896240234375,-0.0343792394638061,0.0110182376205921,0.2485818159841001
1776553882020941600,16.228941650390624,-0.0066578504540026,0.012394786670804,0.2120797391474246
1776553882030921500,16.23892138671875,0.0345719855569303,0.0363940864175558,0.2118061829030513
1776553882040900400,16.248900390625,0.064750996851921,0.0635638328939676,0.1801011310845613
1776553882050880500,16.258880615234375,0.0930231516122818,0.0828407802939415,0.1041712992228567
1776553882060859400,16.268859375,0.109082306009531,0.0902805749058723,0.0509583260819315
1776553882070839300,16.27883935546875,0.1336849784769117,0.0915934110701084,-0.0423128089420497
1776553882080818400,16.288818359375,0.1145768117725849,0.0854763894945383,-0.1145066691458225
1776553882090797300,16.29879736328125,0.0901271379098296,0.0997919150948524,-0.1871690236441791
1776553882100777500,16.308777587890624,0.0803575851760804,0.0911900909662246,-0.2726402985721826
1776553882110756400,16.31875634765625,0.0772867994286119,0.0658516515702009,-0.3524336739942431
1776553882120736300,16.328736328125,0.0707481914401054,0.061864043238759,-0.4217170535787939
1776553882130715400,16.33871533203125,0.0429496455408632,0.0623924510270357,-0.448484502864629
1776553882140695300,16.3486953125,0.0036262276731431,0.1382008484661579,-0.4380635004848242
1776553882150674400,16.35867431640625,-0.0900841755509376,0.2158580886423587,-0.3348991863474249
1776553882160653300,16.3686533203125,-0.1107064000800251,0.1297866558641195,-0.2918158314242959
1776553882170633200,16.37863330078125,-0.0256872528336942,0.1466243934184312,-0.400142642891407
1776553882180612400,16.3886123046875,0.0196646315433084,0.0949146644473075,-0.370334072344005
1776553882190592300,16.39859228515625,0.0046212300598621,-0.0114168815493583,-0.3669624039538204
1776553882200571400,16.4085712890625,0.0290087984718382,-0.0925631328850984,-0.4345107764393091
1776553882210551600,16.418551513671876,0.0775580175854265,-0.1629535969287157,-0.4288436905883252
1776553882220530400,16.428530517578125,0.0812007580019533,-0.1693663865804672,-0.3749655315369367
1776553882230510600,16.438510498046874,0.0682100512646138,-0.1463777251809835,-0.267731922134012
1776553882240489500,16.448489501953127,0.0757820939540863,-0.1023275710523128,-0.1217180618293583
1776553882250468600,16.458468505859376,0.0842870335794985,-0.0428133058100938,0.006001578502357
1776553882260448500,16.468448486328125,0.0946001916706562,-0.0108434655755758,0.1224262100987136
1776553882270427400,16.478427490234374,0.0864754835344851,-0.0121627314805984,0.193793702480942
1776553882280407600,16.488407470703127,0.1013221934020519,-0.0174029702216386,0.2254983159080147
1776553882290386400,16.498386474609376,0.0901892433606088,-0.0284270530611276,0.2974485766142606
1776553882300366300,16.508366455078125,0.0880417099379003,-0.0511398201286792,0.340979090783
1776553882310345500,16.518345458984374,0.0598375058472156,-0.0492237573742866,0.3664090078547596
1776553882320324400,16.528324462890627,0.0609656330943107,-0.0346972193717956,0.4028280825830996
1776553882330304500,16.538304443359376,0.0567582445323467,-0.047512861803174,0.4059849391788244
1776553882340283400,16.548283447265625,0.0685096187330782,-0.0419078814029693,0.4269796502821147
1776553882350263300,16.55826318359375,0.0420974126257002,-0.0377379022419452,0.4119559764124453
1776553882360242400,16.568242431640623,0.0483364531457424,-0.0050660512179136,0.3755437698163092
1776553882370222300,16.578222412109376,0.0340719270803034,0.0118675479263067,0.3214982913739979
1776553882380201200,16.588201171875,-0.0078913377717137,0.0160585698753595,0.228092131793499
1776553882390180400,16.598180419921874,-0.0220354523278772,0.0199842188864946,0.1182480476312339
1776553882400160300,16.60816015625,-0.0290530760049819,0.0242576584219932,0.0399957641713321
1776553882410139400,16.618139404296876,-0.0063246729768812,0.0033300212055444,-0.0247431038513779
1776553882420119300,16.628119384765625,0.0061922787688672,-0.0124210901558399,-0.1083148287683725
1776553882430098200,16.63809814453125,0.0013091829024255,-0.0090852237313985,-0.1783843902945518
1776553882440078600,16.64807861328125,-0.0071031100034713,0.0244143102884292,-0.2143831937842071
1776553882450057500,16.658057373046876,0.0015219488702714,0.0383849679738283,-0.2366654604800045
1776553882460037400,16.668037353515626,-0.0156885675191879,0.0563303745090961,-0.2730859965130686
1776553882470016500,16.6780166015625,-0.0430453610002994,0.074611296609044,-0.2691685308083891
1776553882479995400,16.687995361328124,-0.0202080907702446,0.0930161373496055,-0.279791923892498
1776553882489975600,16.6979755859375,0.0173766667366027,0.0745563515514135,-0.2859728044845163
1776553882499954400,16.707954345703126,0.0931703049980103,0.0710135643780231,-0.3111971159815788
1776553882509934300,16.717934326171875,0.1354943659864366,0.0646639030903577,-0.3311383725091815
1776553882519913500,16.72791357421875,0.1407715757369995,0.0707365010023117,-0.317092019239068
1776553882529893400,16.737893310546873,0.119419137237221,0.0630208120584487,-0.3243153946213424
1776553882539872500,16.74787255859375,0.0993289737582206,0.09037819006145,-0.3593345394238829
1776553882549852400,16.757852294921875,0.138613667050749,0.1036269632130861,-0.3772321612946689
1776553882559831300,16.767831298828124,0.1063198555588722,0.0969581529736518,-0.3515634670309722
1776553882569810400,16.777810546875,0.1064892207764089,0.0777671302914619,-0.3447340594023466
1776553882579790300,16.787790283203126,0.1380535489499569,0.0561474191576242,-0.2963090511903166
1776553882589769500,16.79776953125,0.1762006165146827,0.0213204359263181,-0.2334583350017666
1776553882599749400,16.807749267578124,0.1934627169609069,-0.0032592940568923,-0.1561677361808717
1776553882609728300,16.817728271484373,0.2009938431181013,-0.0080471128553152,-0.0604023001231253
1776553882619707400,16.827707275390626,0.2147114028252661,-0.0088964231610298,0.0282766848050057
1776553882629687300,16.837687255859375,0.2322983513116836,-0.0309691387593746,0.0821193341515958
1776553882639666400,16.84766650390625,0.2446633273661136,-0.0439402640134096,0.1428024970427155
1776553882649646300,16.857646240234374,0.2410172259487211,-0.0548842673540115,0.188577136876434
1776553882659625200,16.867625244140626,0.204526693419367,-0.053971244162321,0.2243003382951021
1776553882669605400,16.87760546875,0.1792424684286117,-0.0516401708662509,0.256163064893335
1776553882679584500,16.88758447265625,0.144845693308115,-0.0508259318739175,0.2803320221185684
1776553882689563400,16.8975634765625,0.1126154485717415,-0.0515624294549226,0.3177288558378816
1776553882699543600,16.90754345703125,0.0702618692278862,-0.052395373147726,0.312823986531049
1776553882709522400,16.9175224609375,0.0306875453390181,-0.0392617508083581,0.3089066669568419
1776553882719502300,16.92750244140625,-0.0081903207182884,-0.035548867765069,0.3093029727980494
1776553882729481500,16.9374814453125,-0.0163958390057086,-0.0503477929681539,0.2919529018074274
1776553882739461400,16.94746142578125,-0.0118634562730789,-0.0408387908667325,0.2619748199120164
1776553882749440500,16.9574404296875,-0.0176817871630191,-0.0370540116310119,0.2743709217570722
1776553882759420400,16.96742041015625,-0.0087865330457687,0.0095054949700832,0.2424729777149856
1776553882769399300,16.9773994140625,-0.0040400691710412,0.0221276606559753,0.2090421250171959
1776553882779378400,16.98737841796875,-0.0051426235854625,0.0538280362993478,0.1463484990864992
1776553882789358300,16.9973583984375,0.0011316343784332,0.0818324800342321,0.0877178848110139
1776553882799337500,17.00733740234375,0.0107959731720387,0.0933276875168085,0.0368732482366263
1776553882809317400,17.0173173828125,0.0164623283706605,0.1120031618922948,-0.0420280006512999
1776553882819296300,17.027296142578123,0.0313420637249946,0.1034165353327989,-0.1064253617599606
1776553882829276400,17.0372763671875,0.031430911052227,0.1148491989731788,-0.1476736102104187
1776553882839255300,17.04725537109375,0.0479307949542999,0.1196487082093954,-0.2028701583839952
1776553882849234400,17.057234375,0.0454642587102949,0.0988169325828552,-0.291586114321649
1776553882859214300,17.06721435546875,0.061492871838808,0.07381693136096,-0.3634697395324707
1776553882869193200,17.077193115234376,0.0690519089162349,0.0457955364912748,-0.3834586345940828
1776553882879173400,17.08717333984375,0.0868013544879853,0.0298304901182651,-0.4561779799766838
1776553882889152300,17.09715234375,0.0889443578660488,-0.0002384849309921,-0.5125843423314392
1776553882899132400,17.10713232421875,0.106266079545021,0.0097615155577659,-0.531334489378333
1776553882909111600,17.117111572265625,0.1206533552072942,-0.0023813421785831,-0.5526373896479606
1776553882919090400,17.12709033203125,0.122754565270245,0.0029132570981979,-0.5051547768525779
1776553882929070600,17.137070556640627,0.1554091728985309,-0.0072924950957298,-0.4600995373345911
1776553882939049500,17.147049560546876,0.195936559728533,-0.01372632753551,-0.4110907378852367
1776553882949029400,17.157029296875,0.22023849568367,-0.0261427415162324,-0.3174024003624915
1776553882959008500,17.167008544921874,0.2058683172866701,-0.0478659130245447,-0.2280553069144487
1776553882968988400,17.176988525390627,0.2149414121888578,-0.0618032529622316,-0.1627327937848866
1776553882978967600,17.186967529296876,0.2398854454398155,-0.0559586185872554,-0.1004316743031144
1776553882988946400,17.196946533203125,0.2329600300908088,-0.063654433786869,-0.03803206288293
1776553882998926300,17.20692626953125,0.2139138227067887,-0.0605202274143695,0.0319252704404294
1776553883008905500,17.216905517578127,0.1807175094172358,-0.043171033206582,0.1086933066919445
1776553883018885400,17.226885498046876,0.1415090962313115,-0.0155693250536918,0.1943145114846527
1776553883028864300,17.2368642578125,0.1251167643569409,-0.0074380410462617,0.2555503398224711
1776553883038843400,17.246843505859374,0.0701882194697856,0.0321785145491361,0.2982601852580905
1776553883048823300,17.2568232421875,-0.0096631697498261,0.0687321754425764,0.3149488697305321
1776553883058802400,17.266802490234376,-0.0335901349127292,0.0461976875513792,0.3223980166926979
1776553883068782300,17.2767822265625,-0.0716787502884864,-0.0052560208320617,0.3214215728759765
1776553883078761200,17.28676123046875,-0.0678922174870967,-0.0476151531338691,0.3392893841303885
1776553883088741400,17.296741455078124,-0.0502700515568256,-0.0778518859654665,0.3442927453756332
1776553883098720300,17.30672021484375,-0.0315980843126773,-0.1101630869835615,0.35615547099635
1776553883108699400,17.316699462890625,-0.0285468800485134,-0.0935194106966257,0.3462055932596325
1776553883118679300,17.32667919921875,-0.0504502304293215,-0.0541471852511167,0.3378575977616012
1776553883128658200,17.336658203125,-0.0538264288641512,-0.0171902042537927,0.3396151089534163
1776553883138638300,17.346638427734376,-0.0838461579442024,0.013814005818963,0.3077177494332194
1776553883148617200,17.3566171875,-0.1060403079651296,0.0415571682691574,0.2489572251677513
1776553883158597000,17.36659716796875,-0.0691338881112635,0.0770505064547062,0.1750812570959329
1776553883168576300,17.376576171875,-0.0544889844261109,0.0864104554742574,0.0885650031596422
1776553883178555100,17.38655517578125,-0.0518562978349626,0.1013736313283443,0.0172463183552026
1776553883188535300,17.396535400390626,-0.0149298581063747,0.1109060143053531,-0.0720187958978116
1776553883198514200,17.40651416015625,0.0212425483845174,0.1164841066986322,-0.1524910934947431
1776553883208494000,17.416494140625,0.0380268021859228,0.104807697430253,-0.2275172545149922
1776553883218473200,17.42647314453125,0.0756140439108014,0.0970721347421407,-0.3057484951868653
1776553883228453000,17.436453125,0.1034488301672041,0.0722381377369165,-0.3744493987083435
1776553883238432300,17.446432373046875,0.1559095236361026,0.045507951721549,-0.4207724662050605
1776553883248411100,17.4564111328125,0.2001696672536432,0.0227028301954269,-0.4958079795755445
1776553883258391300,17.466391357421877,0.198651956167072,0.0085609075963497,-0.5342196894258261
1776553883268370400,17.476370361328126,0.1843617111384868,0.0136065005481243,-0.5705237594723701
1776553883278350300,17.486350341796875,0.1791409077502787,-0.0050946927905082,-0.5673785933144391
1776553883288329500,17.49632958984375,0.1605002124272286,0.0358048883527517,-0.5050223826445639
1776553883298309400,17.506309326171873,0.1558171691775322,0.0925467662721872,-0.4506562939457595
1776553883308288300,17.516288330078126,0.1274551441766321,0.0876473037928342,-0.3875612476073205
1776553883318267400,17.526267333984375,0.1246656595885753,0.0918126067787408,-0.3028771775342523
1776553883328247300,17.536247314453124,0.1102570488773286,0.0962795230597257,-0.2540956109695136
1776553883338226400,17.546226318359373,0.0841639917217195,0.0797293702751398,-0.1979066907577216
1776553883348206300,17.556206298828126,0.0726955261155962,0.0399210914999246,-0.1372577223971486
1776553883358185200,17.566185302734375,0.0567300413511693,-0.0016091887623071,-0.0813128400743007
1776553883368165400,17.576165283203125,0.0449028254352509,-0.0306640183329582,-0.0307325535245239
1776553883378144300,17.586144287109374,0.0372350672863423,-0.0534393292427062,0.0264547300748527
1776553883388123400,17.596123291015626,0.038053544062376,-0.0714846890211105,0.0838726075597107
1776553883398103300,17.606103271484375,0.0251915782712399,-0.0755973850369453,0.1541669177524745
1776553883408082200,17.616082275390625,0.0165513218283653,-0.0607429302543401,0.2363461653977632
1776553883418062300,17.626062255859374,-0.0004841302551329,-0.0423830976992845,0.2915136336073279
1776553883428041200,17.636041259765626,0.0015033903002738,-0.0351022930413484,0.3535837208122014
1776553883438020400,17.646020263671875,0.0076781334124505,-0.025043255841732,0.3982790409766137
1776553883448000300,17.656000244140625,-0.0122680915512144,0.0013660276561975,0.4345401486642658
1776553883457979100,17.665979248046874,-0.0126958154439926,-0.0157978731125593,0.4275304160326719
1776553883467959000,17.675958984375,-0.0137688515029847,-0.0089262337774038,0.4355275522664189
1776553883477938200,17.685938232421876,-0.0180498898230493,-0.0085158994108438,0.4364791539028286
1776553883487918300,17.69591845703125,-0.0198209911487996,-0.0287082080900669,0.4228492724791169
1776553883497897500,17.7058974609375,-0.006889174991846,-0.0263590146154165,0.3740308810353279
1776553883507876000,17.7158759765625,-0.013268500765413,-0.0161357267647981,0.3635965807825326
1776553883517856300,17.725856201171876,-0.0195006731532514,0.0090010525792837,0.3068156860269606
1776553883527835400,17.73583544921875,-0.0428888552643358,0.0420528428316116,0.2359806930862367
1776553883537815300,17.745815185546874,-0.0368286784425377,0.0610100567579269,0.1771434503227472
1776553883547794400,17.75579443359375,-0.0114168815493583,0.0683446374297142,0.0928802360102534
1776553883557774300,17.7657744140625,0.0095943422973155,0.1092711065798997,-0.0052361470878124
1776553883567753200,17.775753173828125,0.0352022462844848,0.0928933877527713,-0.0802124776169657
1776553883577732400,17.785732421875,0.0368387614451348,0.1040378821015357,-0.1644011653885245
1776553883587712300,17.795712158203123,0.0549615703739225,0.088882398545742,-0.2730741599448025
1776553883597691400,17.80569140625,0.0791547852575779,0.0819213273614645,-0.3453380166448652
1776553883607671300,17.81567138671875,0.0895383782364428,0.0614198066025972,-0.4091702912166714
1776553883617650200,17.825650146484374,0.1277414137721061,0.0334323140025138,-0.4597559845939278
1776553883627630300,17.83563037109375,0.1357308050908148,0.0246948807954788,-0.5001166365548968
1776553883637609200,17.845609130859376,0.1453729320526122,0.0269879601687192,-0.5001878020949662
1776553883647588400,17.85558837890625,0.1469242531478405,0.0288467397779226,-0.5121401056952775
1776553883657568300,17.865568359375,0.1504350377477705,0.0659685559481382,-0.4804498130545019
1776553883667547100,17.875547119140624,0.1378982122577726,0.1221112989306449,-0.4499760565966367
1776553883677527300,17.88552734375,0.1015736839450895,0.1235690965235233,-0.4240646396182477
1776553883687506200,17.895506103515626,0.0729530080080032,0.1121697506308555,-0.3727534084454179
1776553883697485300,17.9054853515625,0.0543440229974687,0.0978998177379369,-0.3306070421114563
1776553883707465200,17.91546533203125,0.0120434890151023,0.0701128161460161,-0.2765869903713464
1776553883717444000,17.925444091796876,0.0004781389057636,0.0204079972565174,-0.187267077191174
1776553883727424300,17.93542431640625,-0.0154335698448121,-0.0290028071224689,-0.0893634600609541
1776553883737403100,17.945403076171875,-0.0158512107349932,-0.0369943903982639,0.0012257424026727
1776553883747383300,17.95538330078125,0.0025229426063597,-0.0470914215207099,0.077689535010606
1776553883757362400,17.965362548828125,-0.0007213000118732,-0.0155979666262865,0.1683151239618659
1776553883767341300,17.97534130859375,-0.041589609234035,0.003534019345045,0.2298635253801941
1776553883777321200,17.9853212890625,-0.031559505867958,0.0079758011847734,0.3094078944772481
1776553883787300400,17.99530029296875,-0.0324444720089435,0.0007213000118732,0.2697679580062627
1776553883797280300,18.0052802734375,-0.0579588524937629,-0.066735448667407,0.2977152647264302
1776553883807259400,18.01525927734375,-0.0386148312069475,-0.053216041880846,0.3861572260282933
1776553883817238300,18.02523828125,0.0107398590706288,-0.0278138895988464,0.4383284350313246
1776553883827218200,18.03521826171875,0.0395475820124149,-0.0267190800994634,0.4706257536545395
1776553883837197300,18.045197265625,0.0278128666855394,-0.0361561860084533,0.4858825056277215
1776553883847177200,18.05517724609375,0.0385796137630939,-0.0367570745110511,0.4599870168708264
1776553883857156400,18.06515625,0.0733997288621962,-0.030766894185543,0.4285882545225322
1776553883867136300,18.07513623046875,0.0751927497588098,-0.0283212545990943,0.3681275022104382
1776553883877115100,18.085115234375,0.0599846592329442,-0.0051952305555343,0.2929695315040648
1776553883887094300,18.09509423828125,0.0571289775408804,0.0208165780574083,0.1901921708576381
1776553883897074200,18.10507421875,0.0507281705878674,0.0654185208499431,0.1256811202414333
1776553883907053300,18.11505322265625,0.0371016501650214,0.0920411548376083,0.0700026337698102
1776553883917033200,18.125033203125,0.0256723475255072,0.0904337196409702,-0.0040574586972594
1776553883927012000,18.13501220703125,0.0355984059952199,0.0893587838858366,-0.0961444985032081
1776553883936991200,18.1449912109375,0.0153249949038028,0.0850467659056186,-0.165634798836708
1776553883946971100,18.15497119140625,0.0035293431699275,0.0579033229142427,-0.2332991989172995
1776553883956950300,18.1649501953125,0.0048456864655017,0.0255009364813566,-0.3099129213899373
1776553883966930400,18.174930419921875,0.0096751524485647,0.0243038356512784,-0.3892747735269367
1776553883976909000,18.18490893554688,0.0023579613029956,0.0266050983309745,-0.4187164104580879
1776553883986889500,18.19488940429688,0.0343606808938086,0.0372568407267332,-0.4162807077437639
1776553883996868400,18.20486840820313,0.0854394184850156,0.0491068529963493,-0.3772922209188342
1776553884006847500,18.21484741210937,0.12131386494264,0.0711363139748573,-0.3471121867105364
1776553884016827400,18.224827392578124,0.1282686525166034,0.0991097780495882,-0.3382755309127271
1776553884026806300,18.23480615234375,0.1420740366376936,0.0996370167940855,-0.3506590655371546
1776553884036786400,18.24478637695313,0.1366086108386516,0.089468089479208,-0.3794542212583124
1776553884046765300,18.25476538085937,0.1046774951793253,0.0817231744408607,-0.4063647322766482
1776553884056744400,18.264744384765624,0.0905402487553656,0.0430354241281747,-0.4065076478786766
1776553884066724400,18.274724365234373,0.0865923879124224,0.0060194064199924,-0.3784934134021401
1776553884076703200,18.284703125,0.0888213160082697,-0.0243552735775709,-0.3238625362873077
1776553884086683400,18.29468334960937,0.1112600884400308,-0.0343587811976671,-0.2194732103995978
1776553884096662300,18.304662353515624,0.1128267532348632,-0.0331646029770374,-0.1104848662838339
1776553884106642200,18.31464208984375,0.1519089096926152,-0.0195738845199346,0.0020060791254043
1776553884116621300,18.324621337890623,0.1669979038834571,-0.0042395372658967,0.0845050602443516
1776553884126600200,18.33460009765625,0.1394775904037058,-0.0373082786530256,0.1226638182468712
1776553884136580400,18.344580322265625,0.1375391696870327,-0.0268178642988204,0.2071472511813044
1776553884146559200,18.35455932617188,0.0980452175579965,0.0033826281756162,0.2575570034697652
1776553884156539100,18.3645390625,0.0150210435211658,-0.0192471367835998,0.2947086302563548
1776553884166518300,18.374518310546875,-0.0491265806101262,-0.0100420860648155,0.345811333245039
1776553884176497200,18.3844970703125,-0.0485632476389408,-0.0136228671610355,0.3667382398091256
1776553884186477300,18.39447729492188,-0.0659155105866491,-0.0295715469211339,0.4031427014902234
1776553884196456200,18.404456298828126,-0.0753390263617038,-0.0303553907752037,0.4158022765770554
1776553884206436000,18.41443603515625,-0.0742728584349155,-0.0301221665412187,0.4201446896955371
1776553884216415200,18.424415283203125,-0.048902270334959,-0.0206143334835767,0.4132227814778685
1776553884226395400,18.4343955078125,-0.0446633175909519,-0.0210649998605251,0.3974555957645178
1776553884236374300,18.444374267578127,-0.0464623298369348,0.0007025953114032,0.3843516379110515
1776553884246353400,18.454353515625,-0.0351006856061518,0.0009527706801891,0.3437862571582198
1776553884256333300,18.464333251953125,0.0063360711537301,0.0101905546247959,0.2735802097707986
1776553884266312400,18.4743125,0.0348291751883923,0.0287853649795055,0.1873909958317876
1776553884276292400,18.484292236328123,0.040528409743309,0.062246320554614,0.1023350237064063
1776553884286271200,18.494271240234376,0.0510332910142838,0.0671615651249885,0.0250027777008712
1776553884296250400,18.50425048828125,0.0716590226747095,0.0572428131788969,-0.046088820349425
1776553884306230300,18.51423022460937,0.0681212039373815,0.0865595085561275,-0.1526018603928387
1776553884316209400,18.52420947265625,0.0438261361144483,0.0915074863523244,-0.2339505024328827
1776553884326189300,18.534189208984376,0.0353951385080814,0.0893663826704025,-0.337047596552968
1776553884336168200,18.544168212890625,0.0537163926184177,0.0823281545966863,-0.4145698121726512
1776553884346148400,18.5541484375,0.0923180720828473,0.0552384876191616,-0.471151677224785
1776553884356127200,18.564127197265623,0.0996948844611644,0.0588747982949018,-0.5232696947358548
1776553884366106400,18.5741064453125,0.1303999654568731,0.0538689528316259,-0.5314997629426419
1776553884376086300,18.584086181640625,0.1531086408711969,0.0466238040089607,-0.5352244825541973
1776553884386065200,18.59406518554687,0.1429192552901804,0.058234746825695,-0.5489991792760789
1776553884396045300,18.60404541015625,0.1355437580861151,0.0553027850270271,-0.527076831933856
1776553884406024200,18.61402416992188,0.1218611235618591,0.0618476766258478,-0.4881463589064777
1776553884416003300,18.62400341796875,0.1286756258822977,0.0549310291051864,-0.4345081460908055
1776553884425983200,18.633983154296875,0.1368739837765693,0.0524263528078794,-0.3534406590797007
1776553884435962000,18.643962158203124,0.1294318510770797,0.0591805032432079,-0.2494078915446996
1776553884445942300,18.6539423828125,0.1415655025936663,0.0486865817576646,-0.1573985931500792
1776553884455921200,18.66392114257813,0.1609307127989828,0.0367681804269552,-0.0605845248222351
1776553884465900300,18.673900390625,0.1599694665513932,-0.0072556702166795,0.0211167300477623
1776553884475880400,18.68388037109375,0.1469862124681472,-0.0459714775800704,0.0631948534511029
1776553884485859000,18.693859130859376,0.1101553420685231,-0.0654290422439575,0.0905213979244232
1776553884495839200,18.70383911132813,0.0565760198332369,-0.0983294413268566,0.1311936000525951
1776553884505818400,18.713818359375,0.020702450158447,-0.1181587619125843,0.1888961396977305
1776553884515798300,18.72379833984375,-0.0140505910538136,-0.0968880103468894,0.2516575701676309
1776553884525777400,18.73377734375,-0.0372153396725654,-0.0624666853070259,0.3334780675031245
1776553884535756300,18.74375634765625,-0.0954923182047903,-0.0446796842038631,0.4043133527047932
1776553884545736200,18.75373608398437,-0.100680388367176,-0.019664485412836,0.4403736771233379
1776553884555715300,18.76371533203125,-0.1265044193230569,-0.0110790278971195,0.4585569840677082
1776553884565695200,18.7736953125,-0.1447204594932496,-0.0041968671679496,0.4342908500783145
1776553884575674400,18.78367431640625,-0.1504873524568974,-0.0181114107519388,0.4074509200781583
1776553884585653200,18.7936533203125,-0.1552211029805243,-0.0353852016359567,0.3693519294388592
1776553884595633200,18.803633056640624,-0.0883469764947891,-0.0241775789231061,0.3568583585686981
1776553884605612300,18.8136123046875,-0.0422317065298557,-0.013882979401946,0.325086378993839
1776553884615592200,18.82359228515625,0.000151829560846,0.0188666130334138,0.2931780596882105
1776553884625571300,18.8335712890625,0.0205751705169677,0.0501408722192049,0.2518481243036687
1776553884635550200,18.84355029296875,0.0766705672264099,0.0817640909731388,0.1962767514683306
1776553884645530000,18.85353002929688,0.1449824714303016,0.0911415756493806,0.1121244501844048
1776553884655509200,18.86350927734375,0.1758183391988277,0.0731020610898733,0.0574425735346972
1776553884665489200,18.8734892578125,0.2210370987154543,0.072341598111391,-0.0319023279562592
1776553884675468300,18.88346826171875,0.2380440553568303,0.0676256755053997,-0.1527975290954113
1776553884685447200,18.893447265625,0.2522130120933056,0.088852587929368,-0.2153722048215568
1776553884695427000,18.903427001953126,0.2560230719007551,0.0923486133515834,-0.2970528552949428
1776553884705406200,18.91340625,0.2455250587619841,0.0766354959130287,-0.3790406720213591
1776553884715386400,18.923386474609377,0.2390719370998442,0.0746791011482477,-0.4534763198025524
1776553884725365200,18.933365234375,0.2063729058079421,0.0590489858180284,-0.5262226993225515
1776553884735345400,18.94334545898437,0.1645943498730659,0.0406885687410831,-0.578158346004039
1776553884745324300,18.95332421875,0.1323753571830689,0.0495341384977102,-0.600022825679183
1776553884755303400,18.96330346679688,0.0919075915858149,0.0658586658328771,-0.6187449156753718
1776553884765283300,18.973283447265626,0.0469219101727008,0.0693009152412414,-0.5879876661010086
1776553884775262500,18.983262451171875,0.0101494919620454,0.0818488466471433,-0.5260520189307629
1776553884785242400,18.993242431640624,-0.0275825650610029,0.0656838937878608,-0.4617814990721642
1776553884795221200,19.00322119140625,-0.0459551109671592,0.0148632226109504,-0.3847837457180023
1776553884805200400,19.01320043945313,-0.0636933044925332,-0.0106570030927658,-0.2869515863887965
1776553884815180300,19.02318017578125,-0.0577168604314327,-0.032076223218441,-0.1996694626465439
1776553884825159400,19.033159423828124,-0.0588578471601009,-0.0310977335751056,-0.1418764682389795
1776553884835139300,19.04313940429688,-0.047187429241091,-0.0338970089048147,-0.0497166554577648
1776553884845118200,19.0531181640625,-0.0138473235666751,-0.0521405216038227,0.0515503006257116
1776553884855097300,19.06309741210937,0.0008278291262686,-0.0714905342400074,0.1672606464728712
1776553884865077200,19.0730771484375,0.0010671908400952,-0.0623836831986904,0.2347778931677341
1776553884875056400,19.083056396484373,0.0059551090121269,-0.0448036028444766,0.3027775165520608
1776553884885036300,19.09303637695313,-0.011710311537981,-0.0290332022607326,0.3724870125941932
1776553884895015200,19.10301513671875,-0.0256416601262986,-0.0100958620786666,0.4344609459482133
1776553884904994300,19.112994384765624,-0.0504151591159403,-0.0013262801676988,0.4372770262822508
1776553884914974200,19.12297412109375,-0.0474655155301094,0.0243090963482856,0.4460128520540893
1776553884924953300,19.132953369140623,-0.0526503708221018,-0.0061398179292678,0.4332603379867971
1776553884934933200,19.14293334960937,-0.0578466242909431,-0.004013327294588,0.4299772246628999
1776553884944912100,19.152912109375,-0.0196247379243373,-0.0189221426129341,0.3953238444328308
1776553884954891300,19.16289135742188,0.0244923439607024,-0.0530330865293741,0.3585479190908372
1776553884964871200,19.17287109375,0.0661748921751975,-0.0601572393208742,0.3283145472601056
1776553884974850300,19.182850341796875,0.0918016469933092,-0.0508744471907615,0.2813018900640309
1776553884984830500,19.19283056640625,0.1083937392234802,-0.0372398895919322,0.2362574642010033
1776553884994809300,19.20280932617188,0.1348747727833688,0.0018441665619611,0.1459836112968623
1776553885004788200,19.212788330078126,0.1369745215415954,0.032477205234766,0.0698885058708489
1776553885014768400,19.22276831054688,0.1540133346259594,0.0417395390987396,0.024732728587836
1776553885024747300,19.232747314453125,0.1240016427218913,0.076517422491312,-0.0546399372041225
1776553885034727400,19.2427275390625,0.0837139098666608,0.1008528223246335,-0.1299680037803947
1776553885044706300,19.252706298828127,0.1006044005215168,0.101726682549715,-0.1911125005729496
1776553885054686200,19.26268627929688,0.0992342812120914,0.0955208136469125,-0.2507028997913003
1776553885064665300,19.272665283203125,0.1008076680086553,0.0833960760891437,-0.327538009929657
1776553885074644200,19.28264428710937,0.0938392903007566,0.0611035802602767,-0.4061589805714786
1776553885084624400,19.292624267578127,0.1158500465787947,0.0707931996256113,-0.4341467654325068
1776553885094603000,19.30260302734375,0.1056722053050994,0.065277066552639,-0.4785416413456201
1776553885104583200,19.312583251953125,0.0956475087665021,0.0398585476577281,-0.5090172974996269
1776553885114562000,19.32256201171875,0.1085958376668393,0.0499707763493061,-0.4986790049672126
1776553885124541000,19.332541015625,0.1319930798672139,0.0534644636839628,-0.5055404151692986
1776553885134521300,19.342521240234376,0.1272469082534313,0.0572100799530744,-0.4811797347642481
1776553885144500200,19.352500244140625,0.1122656122207641,0.0520306314885616,-0.4677084049031138
1776553885154480000,19.36248022460937,0.0970177742063999,0.0409188703656196,-0.4235508448772132
1776553885164459300,19.372459228515623,0.0714227297008037,0.0149134914934635,-0.3456961824327707
1776553885174438100,19.38243823242188,0.0427121835231781,0.010311550655961,-0.2912967759862542
1776553885184418300,19.392418212890625,0.0310426423870027,-0.0002671265035867,-0.2112555632829666
1776553885194397200,19.40239721679687,0.0407131186604499,-0.0434948583334684,-0.1256847735032439
1776553885204377000,19.412377197265624,0.055243163794279,-0.0720417383819818,-0.0624406740829348
1776553885214356200,19.42235620117188,0.0523122249089181,-0.0985989059180021,-0.0274207986280322
1776553885224335000,19.432335205078125,0.0594938069760799,-0.134487380900979,0.0367100204989314
1776553885234315300,19.442315185546875,0.1290064652718603,-0.1738490849524736,0.0853606541603803
1776553885244294100,19.452294189453124,0.1617125108264386,-0.1482113703489303,0.1461724118672311
1776553885254274000,19.46227416992188,0.1424317640341818,-0.1252852527916431,0.2184101112127304
1776553885264253200,19.472253173828125,0.1147894316099584,-0.096072017788887,0.2931662231199443
1776553885274232000,19.48223217773437,0.0888610634967684,-0.0730938777834177,0.3680028529174625
1776553885284212200,19.492212158203124,0.0858336784996092,-0.0319797771066427,0.425019894516468
1776553885294191000,19.502191162109376,0.0522680935062468,-0.0072205989032983,0.4642772614106535
1776553885304171000,19.5121708984375,0.051234366544336,0.0285953953653573,0.4723194058299064
1776553885314150100,19.52215014648437,0.052912090498209,0.0424076476186513,0.4362267865769564
1776553885324129000,19.53212890625,0.0540552691839635,0.0468102664917707,0.4265490037798881
1776553885334109200,19.542109130859377,0.0364237509034574,0.0350888490378856,0.3897685483932495
1776553885344088000,19.552088134765626,0.0078572893716394,0.0585801992624998,0.3105819066926836
1776553885354068000,19.56206787109375,-0.0221909351505339,0.0534977814316749,0.2415055939875543
1776553885364047000,19.572047119140624,-0.0212241359449923,0.0384095178931951,0.1375473529934883
1776553885374026000,19.58202587890625,-0.0189022688686847,0.0381570044368505,0.0265897546313703
1776553885384006100,19.592006103515622,-0.0495990204274654,0.0205178873717784,-0.0662963265977799
1776553885393985000,19.601985107421875,-0.0349121772967278,0.0066699792832136,-0.1338693951331079
1776553885403965200,19.611965087890624,0.0031283611536026,0.0245423205822706,-0.2215307274512946
1776553885413944300,19.6219443359375,0.0600995177842676,0.0131125795513391,-0.2281986609078943
1776553885423923200,19.63192309570313,0.0792998928166925,0.0354366395622491,-0.2677837984517217
1776553885433903000,19.641903076171875,0.0967677449680864,0.0437374349176883,-0.3457994966767728
1776553885443882200,19.65188232421875,0.1167861583851277,0.0705541301727294,-0.3498426345877349
1776553885453862100,19.66186206054688,0.1330406892240047,0.0788379743933677,-0.388537691424042
1776553885463841300,19.67184130859375,0.1571941566191613,0.0784410840302705,-0.4344206139378249
1776553885473820200,19.68182006835937,0.1475692730531096,0.1006716205388307,-0.4891391693361103
1776553885483800000,19.691800048828124,0.1217839666724204,0.1184171205878257,-0.5210005807600915
1776553885493779200,19.701779296875,0.1135671963386237,0.0963145943731069,-0.5479195673458278
1776553885503759000,19.711759033203126,0.0921989757478237,0.1002957729637622,-0.5362484187744557
1776553885513738200,19.72173828125,0.0618516221486031,0.081662968686223,-0.4913103758953511
1776553885523717000,19.731717041015624,0.0681903236508369,0.0452612834841012,-0.4092062393128872
1776553885533697000,19.741697021484377,0.0721111503563821,0.0217751939564943,-0.3317660028882324
1776553885543676200,19.75167626953125,0.0699358521439135,-0.0053530514657497,-0.2162359820440411
1776553885553656000,19.761656005859376,0.0677893416345119,-0.0314689049750566,-0.1216714462086558
1776553885563635200,19.77163525390625,0.0731236883997917,-0.0517716882914304,-0.0556619737282395
1776553885573614000,19.78161401367188,0.0553470625601708,-0.0667284344047308,0.0337996860101819
1776553885583594000,19.791593994140623,0.0562182924367487,-0.0845300485551357,0.098175712069869
1776553885593573000,19.80157299804688,0.0155471132218837,-0.0788479112654924,0.1466185481995344
1776553885603553000,19.811552978515625,-0.0176081374049186,-0.0403594829171896,0.2286136714495718
1776553885613532200,19.8215322265625,-0.0289968157730996,-0.0348071094870567,0.2824367393128574
1776553885623511000,19.831510986328126,-0.0276572377324104,-0.0287204830497503,0.3216471983253955
1776553885633491000,19.84149096679688,-0.0461738682843744,0.006232756909728,0.3599856968089938
1776553885643470000,19.851469970703125,-0.0750901661671698,0.0072989248365163,0.4083632126174867
1776553885653450200,19.8614501953125,-0.0815314512610435,0.0179050745248794,0.4109789480738341
1776553885663429400,19.87142944335937,-0.0745803169488906,0.0177642047494649,0.4512283947452902
1776553885673408000,19.881407958984376,-0.070756374746561,0.0041805005550384,0.4469079011976719
1776553885683388200,19.89138818359375,-0.0794973150849342,-0.0129459908127784,0.4300359691128134
1776553885693367300,19.9013671875,-0.04229351971969,-0.015419687449932,0.3961921516999602
1776553885703347200,19.91134716796875,-0.0021907880425453,-0.0280997208029031,0.3242164642915129
1776553885713326300,19.921326416015624,-0.0053257250674068,-0.020975568011403,0.2505691904090344
1776553885723305200,19.93130517578125,-0.015047785397619,-0.0133317752599716,0.186660927991569
1776553885733285000,19.94128515625,-0.009088146340847,-0.0059796589314937,0.0953871042646467
1776553885743264300,19.95126416015625,-0.0090682725965976,0.0314724121063947,0.0363248205736279
1776553885753244200,19.961244140625,0.0136953478753566,0.0490080687969923,-0.007522358328849
1776553885763223300,19.97122338867188,0.0480630430318415,0.0686217008054256,-0.0474677074871957
1776553885773202200,19.9812021484375,0.0688601857364177,0.0671574734717607,-0.1229937808535993
1776553885783182000,19.99118212890625,0.0928327436067164,0.0721370154500007,-0.1840643356271088
1776553885793161200,20.0011611328125,0.120276923110336,0.0772153416275978,-0.2324135021239519
1776553885803141000,20.01114111328125,0.1558931570231914,0.065288172468543,-0.3043774990946054
1776553885813120000,20.0211201171875,0.1926679133214056,0.0550040943413972,-0.3722423901833593
1776553885823099100,20.03109912109375,0.207726220113039,0.0639344197720289,-0.3843875860072672
1776553885833079000,20.0410791015625,0.1980817550636827,0.0695429073035717,-0.4164708234883844
1776553885843058200,20.05105810546875,0.2196210944376885,0.1030202294915914,-0.4615286933548748
1776553885853038000,20.0610380859375,0.2031027980960905,0.0837245773911476,-0.4968722478061914
1776553885863017000,20.071016845703124,0.1921699006713926,0.0392003760099411,-0.4876419165156781
1776553885872996000,20.08099609375,0.189356889077276,0.0395107571333646,-0.4584351112537085
1776553885882976000,20.09097607421875,0.1593744232676923,0.0358189168781042,-0.4284752956673502
1776553885892955100,20.100955078125,0.1277168638527393,0.0471463665783405,-0.3999902288086712
1776553885902935000,20.11093505859375,0.0496307307399809,0.0536298833787441,-0.3639652679644525
1776553885912914000,20.120913818359377,-0.0049286885738372,0.0761240392595529,-0.3104765466220677
1776553885922893000,20.13089306640625,-0.0349557241775095,0.066119947117567,-0.243775877007097
1776553885932873200,20.140873291015627,-0.0236944715812802,0.0109434188187122,-0.1809497107379138
1776553885942852400,20.15085229492188,0.0029575346313416,-0.0325701442152261,-0.1122372629091143
1776553885952831000,20.1608310546875,0.049561464896053,-0.0730588064700365,0.005206920993328
1776553885962811100,20.17081103515625,0.0810274472616612,-0.0763707074970006,0.1267570789098739
1776553885972790300,20.180790283203127,0.1095895248793065,-0.0694803634613752,0.2163803589507937
1776553885982770200,20.19077026367188,0.1063688092671334,-0.0773234781771898,0.3193734081745147
1776553885992749300,20.200749267578125,0.0683399612545967,-0.0488093313544988,0.3575616845324635
1776553886002728200,20.21072827148437,0.01633738681674,-0.0435778604418039,0.3861745424892753
1776553886012708000,20.2207080078125,-0.0395711090184748,-0.0219014506846666,0.4069410708598792
1776553886022687200,20.230687255859376,-0.0472751075245439,-0.0238859025001525,0.4119880520511418
1776553886032667100,20.240667236328125,-0.0565641832649707,-0.0150894325822591,0.3749707922339439
1776553886042646300,20.25064624023437,-0.0851145704448223,-0.0073801733791828,0.3840156108897179
1776553886052625200,20.260625244140623,-0.07177008183375,0.0255669874548912,0.376310662535578
1776553886062605000,20.27060498046875,-0.0579424858808517,0.0095464115023612,0.349372386727482
1776553886072584200,20.280584228515625,-0.0537890194632112,0.0340752880811691,0.3241921335678547
1776553886082564000,20.29056420898437,-0.0663772828795015,0.0222276138991117,0.2629659498412162
1776553886092543200,20.300543212890624,-0.0635759617231786,0.0382610493332147,0.2061929461311548
1776553886102522000,20.31052221679688,-0.067803224029392,0.0370499199777841,0.1444694073416292
1776553886112502000,20.320501953125,-0.05907865030393,0.0332014278560876,0.0998670992229133
1776553886122481200,20.330481201171875,-0.0470541582502424,0.0384288071155548,0.0352492272313684
1776553886132461000,20.3404609375,-0.0040961832724511,0.0432458520084619,-0.0030161329507827
1776553886142440200,20.35044018554688,0.0233012344799935,0.0526233366847038,-0.0605750263415277
1776553886152419000,20.360419189453125,0.0417372010111808,0.0571738395959138,-0.1054594393372535
1776553886162399200,20.370399169921875,0.0791525933004915,0.0878600697606802,-0.1404299226924777
1776553886172378400,20.38037841796875,0.0678876874424517,0.0892220057636499,-0.2016517225049436
1776553886182358300,20.39035815429688,0.0408228626452386,0.0932809257656335,-0.2832245286896824
1776553886192337200,20.40033715820313,0.0506629963971674,0.0900584565877914,-0.3433075337305665
1776553886202316300,20.41031640625,0.0603400485418736,0.0895756415069103,-0.3716543611623346
1776553886212296200,20.420296142578124,0.0763970109820365,0.0797504130631685,-0.4043560228027403
1776553886222275300,20.430275390625,0.0830851104438304,0.0750070179283618,-0.4147406386949122
1776553886232255200,20.44025512695313,0.1074422837175428,0.0838672007322311,-0.4059234182499349
1776553886242234000,20.45023413085937,0.1093361346401274,0.0630716654628515,-0.4102689001083374
1776553886252213200,20.460213134765624,0.1183927167989313,0.0728033704042434,-0.3873988966524601
1776553886262193200,20.470193115234373,0.1233646599926054,0.0738105016201734,-0.3505040211059153
1776553886272172300,20.48017236328125,0.1142062248945236,0.0687380206614732,-0.3267189486317336
1776553886282151200,20.490151123046875,0.0963968658290803,0.0452718048781156,-0.2741132937341928
1776553886292131000,20.500131103515624,0.0839209767460823,0.0251683435261249,-0.2383206803411245
1776553886302110200,20.51011010742188,0.0459118563473224,-0.0184065943062305,-0.2118165581665933
1776553886312090000,20.520090087890622,0.0169791918516159,-0.0561357287198305,-0.1617318000487983
1776553886322069200,20.5300693359375,-0.020134441012144,-0.0662590633273124,-0.1065218078717589
1776553886332048100,20.540048095703124,-0.0168447518169879,-0.0785515586674213,-0.0246610515911132
1776553886342028000,20.55002807617188,-0.0118996966302394,-0.0765688604176044,0.0579386134233325
1776553886352007200,20.56000708007813,-0.0140041215635836,-0.0416565369904041,0.1695144167490303
1776553886361987000,20.569987060546875,0.0054348845303058,-0.0325491014271974,0.2755444225158542
1776553886371966200,20.57996630859375,-0.001323211427778,-0.0016904373049736,0.3535172314472496
1776553886381945000,20.589945068359373,-0.0053154959343373,0.0136585229963064,0.3961979969188571
1776553886391925000,20.599925048828126,0.0117607265509665,0.0178624044269323,0.4318297937270253
1776553886401904000,20.60990405273437,-0.0054161798298358,0.04186930295825,0.4505165932141244
1776553886411884300,20.61988427734375,0.0241783095754683,0.0313747969508171,0.4681140630945563
1776553886421863200,20.62986328125,0.0102526600755751,0.0106762923151254,0.4505081907119602
1776553886431842000,20.639842041015623,0.0054395607054233,0.0156207629799842,0.3740054543331265
1776553886441822200,20.649822265625,-0.0277121827900409,0.012668927437067,0.301027750275284
1776553886451801300,20.65980126953125,-0.0355479909822344,0.0199327809602022,0.2355892826158553
1776553886461780000,20.66978002929688,-0.0397919121623039,-0.0087602295607328,0.112941027264297
1776553886471760400,20.679760498046875,-0.0632405922889709,-0.0112672439455986,0.0059695759288966
1776553886481739300,20.6897392578125,-0.0773288850046694,-0.0023807576566934,-0.0852170079059898
1776553886491719200,20.69971923828125,-0.0713128395855426,0.0131564186930656,-0.1238249709807336
1776553886501698300,20.7096982421875,-0.0248515326619148,0.0043973581761121,-0.1420392575852573
1776553886511677200,20.71967724609375,0.0325578692555427,0.0131628484338521,-0.1662771883934736
1776553886521657300,20.7296572265625,0.0581691342435777,0.0431090738862752,-0.1916544984951615
1776553886531636200,20.73963623046875,0.0833620276890695,0.0429500839322805,-0.1998528563894331
1776553886541616000,20.7496162109375,0.1029107777677476,0.0423766679584979,-0.2330243274986743
1776553886551595300,20.75959521484375,0.1271335110068321,0.0398591321796178,-0.2783355876043438
1776553886561574100,20.76957421875,0.122091571316868,0.0442372011333703,-0.3110574152499437
1776553886571554300,20.77955419921875,0.1223557752110063,0.0524842204749584,-0.3259994021855295
1776553886581533200,20.789533203125,0.1100469132579863,0.0546504585981369,-0.3223012783199548
1776553886591512300,20.79951220703125,0.0908953458033502,0.0777694683790206,-0.2938920531764626
1776553886601492200,20.8094921875,0.0837621329225599,0.0849731161475181,-0.2511385147295892
1776553886611471000,20.81947119140625,0.0718937082134187,0.0739028560787439,-0.2319748184457421
1776553886621451300,20.829451171875,0.0735221861980855,0.0504196891605854,-0.1985910197600722
1776553886631430100,20.83943017578125,0.089619919040054,0.011564765587449,-0.1673243593588471
1776553886641409300,20.8494091796875,0.1091524486362934,-0.0234171159446239,-0.1118586388550698
1776553886651389200,20.85938916015625,0.0973825158655643,-0.0242997439980506,-0.0529407320708036
1776553886661368000,20.8693681640625,0.1051449665606021,-0.019056582647562,0.0238942319370806
1776553886671348000,20.879347900390623,0.0935046515189111,-0.0156593414247035,0.0829680599354207
1776553886681327000,20.8893271484375,0.0648363370478153,-0.029552842220664,0.1061954985268413
1776553886691306200,20.89930615234375,0.0270608792744576,-0.0287625686258077,0.1028247069194912
1776553886701286100,20.9092861328125,-0.0151649820365011,-0.0222100782424211,0.1002935810066759
1776553886711265000,20.91926513671875,-0.0275591841854155,-0.013187398353219,0.0960208721235394
1776553886721245200,20.9292451171875,-0.0478210509695112,-0.0085977324753999,0.0984982220225036
1776553886731224300,20.939224365234377,-0.0627368805505335,0.0115542441934347,0.1147439850330352
1776553886741203000,20.94920288085937,-0.0645488984085619,0.021210545811057,0.1278347911439836
1776553886751183400,20.959183349609376,-0.0626001024283468,0.0306716171175241,0.1185848783701658
1776553886761162200,20.969162353515625,-0.0852224147334694,0.0205915371298789,0.1192475800625979
1776553886771142100,20.97914208984375,-0.0809353850640356,0.0126730190902948,0.0967398340478539
1776553886781121300,20.989121337890627,-0.0553064382888376,0.0203045368820428,0.1056298274680972
1776553886791100200,20.99910009765625,-0.0090542440712451,0.0228904617220163,0.0798885063596069
1776553886801080300,21.009080322265625,0.0225904558621346,0.0272451498001813,0.0560429358698427
1776553886811059200,21.01905908203125,0.060262891652435,-0.0014426000237464,0.0385394278831779
1776553886821038300,21.029038330078127,0.111824736585468,-0.0003659107029438,0.0259694307759404
1776553886831018200,21.03901831054688,0.1219641455449163,0.0046031098812818,-0.0008763444431126
1776553886840997000,21.0489970703125,0.1285294954098761,0.0242313549369573,-0.0193370070241391
1776553886850977300,21.05897729492188,0.1159070374630391,0.0234463420391082,-0.0377981079965829
1776553886860956200,21.0689560546875,0.0959594973251223,0.0426572384655475,-0.0659988049559295
1776553886870935300,21.078935302734376,0.0857841402694582,0.048756724384427,-0.0942540085814893
1776553886880915200,21.088915283203125,0.0514426024675369,0.0255938754618167,-0.1109514608822763
1776553886890894000,21.09889404296875,0.0338825419880449,0.0116249713420867,-0.1276816464088857
1776553886900873200,21.108873291015627,0.0473546025015413,0.0360492185026407,-0.1307132691897451
1776553886910853000,21.11885302734375,0.053966714117676,0.0343465062379837,-0.1085265718229114
1776553886920832300,21.128832275390625,0.0597242547310888,0.0241711491823196,-0.1007138522453606
1776553886930812200,21.13881225585937,0.0449463723160326,0.040802550509572,-0.0932009923972189
1776553886940791000,21.148791015625,0.0422048185229301,0.0124129068493843,-0.0758307554014027
1776553886950770200,21.15877026367188,0.0489162988603115,0.0049736967593431,-0.0735218939371407
1776553886960750000,21.16875,0.0338344650626182,0.0312321736097335,-0.0795705264516174
1776553886970729200,21.17872924804687,0.0080544193789362,0.0358995808988809,-0.0680266575217247
1776553886980709000,21.188709228515624,0.0237831727780401,0.0287105461776256,-0.0563072858944535
1776553886990688000,21.19868798828125,0.0432359151363372,0.04006020770967,-0.0313145911961793
1776553887000667100,21.208667236328125,0.0373532868385314,0.0443283865481615,-0.0001809095248579
1776553887010647300,21.21864721679687,0.0388565310083329,0.0201040458738803,-0.0094141634248197
1776553887020626400,21.22862646484375,0.039647096864134,0.0138011463373899,-0.0186959326416254
1776553887030605000,21.23860498046875,0.0252339561082422,0.0216810859322547,-0.0256328922979533
1776553887040585200,21.248585205078125,0.0138192665159702,0.0263408944368362,-0.0504664509117603
1776553887050564400,21.258564453125,-0.0020025719940662,0.0137485393673181,-0.0317164499953389
1776553887060544300,21.268544189453124,0.0019172317981719,0.0084907649695873,-0.0215599437706172
1776553887070523100,21.278523193359376,0.0256394681692123,0.017502923464775,-0.0356860842786729
1776553887080502300,21.288502197265625,0.0002886076830327,0.0301350260227918,-0.0274438872426748
1776553887090482200,21.29848217773437,-0.0233515033625066,0.0325736513465642,-0.0089766487903893
1776553887100461600,21.30846166992188,0.0020763678826391,0.0307774155795574,0.0117298930212855
1776553887110441500,21.31844140625,0.0181248547554016,0.0198252289324998,-0.0030633330933749
1776553887120420400,21.32842041015625,0.0178339089848101,0.0156926591724157,-0.0103792090646922
1776553887130399500,21.3383994140625,0.0486651005782187,0.0040501521736383,-0.0127317635402083
1776553887140379600,21.34837963867188,0.05425298371315,-0.0113099140435457,-0.0322815365321934
1776553887150358800,21.35835888671875,0.0466109445273876,-0.0054600189715623,-0.0540671057522296
1776553887160337400,21.36833740234375,0.0308289996363222,-0.0161281279802322,-0.0668495765663683
1776553887170317600,21.378317626953127,0.0295605871357023,-0.0013204349488019,-0.0591226355761289
1776553887180296700,21.388296630859376,0.04618205159083,0.0013531681746244,-0.0442421695694327
1776553887190276600,21.398276611328125,0.0592341331265866,0.0134200380653142,-0.0355661111608147
1776553887200255700,21.408255859375,0.0660346069216728,-0.0030763387054204,-0.0079816464036703
1776553887210234600,21.418234619140627,0.0838097714565694,-0.0024830489873886,-0.019912614955008
1776553887220214500,21.428214599609376,0.0896190422572195,0.0013414777368307,-0.0234231072939932
1776553887230193700,21.438193603515625,0.0977460884809494,0.0043225393742322,0.01713935084939
1776553887240172500,21.44817260742188,0.1274535367414355,0.0065361237704753,0.0279264100626111
1776553887250152700,21.458152587890623,0.1206814122579991,0.0262082079678773,0.0081914897620677
1776553887260131600,21.46813159179688,0.0934137583650648,0.0441080217957496,0.0071890347212553
1776553887270111500,21.478111572265625,0.054459904462099,0.0424205071002244,-0.0130735627152025
1776553887280090600,21.48809057617187,0.0492215654172003,0.0251063842058181,-0.030580431702733
1776553887290069500,21.498069580078123,0.0376877794899046,0.0119102180242538,-0.0490782114237546
1776553887300049700,21.50804956054688,0.0172014563001692,0.0028062895923852,-0.0325743819989264
1776553887310028500,21.518028564453125,0.0122749596834182,0.024554595541954,-0.0469317009143531
1776553887320008400,21.528008544921875,-0.0127006377495825,0.0374187532901763,-0.0547886980250477
1776553887329987600,21.537987548828124,-0.0103622579298913,0.0560235005170106,-0.0355840852089226
1776553887339966500,21.547966552734376,-0.0340647666871547,0.0386117624670267,-0.0589623304478824
1776553887349946600,21.557946533203125,-0.0269113878011703,0.0257405904561281,-0.0837830295801162
1776553887359925500,21.56792553710937,-0.0109551092565059,0.0025017536878585,-0.0772609343349933
1776553887369904600,21.577904541015624,0.0342810397863388,-0.0333545725911855,-0.0635951048150658
1776553887379884500,21.587884521484376,0.0806874016523361,-0.0248673147529363,-0.0492468459889292
1776553887389863400,21.597863525390625,0.0917090002737939,-0.0262374340623617,-0.0045236149042844
1776553887399843300,21.60784326171875,0.0915324746631085,-0.016229250267148,-0.0136300275541841
1776553887409822500,21.617822509765624,0.0789534174665808,-0.0132096101850271,-0.0210517019875347
1776553887419801600,21.62780151367188,0.0752722447358071,-0.0068628715068101,-0.0368415379241108
1776553887429781800,21.63778173828125,0.0714997404597699,-0.0073754972040653,-0.0590380260325968
1776553887439760400,21.647760498046875,0.039524055006355,-0.0133937345802783,-0.0752526632525026
1776553887449739500,21.657739501953124,0.0439021239601075,-0.0142605805426836,-0.1043866955392062
1776553887459719700,21.6677197265625,0.017945844926685,-0.029034371304512,-0.0877947494395077
1776553887469698600,21.67769848632813,0.0167336926579475,-0.014147767817974,-0.0811493200756609
1776553887479678700,21.6876787109375,0.0048714054286479,0.0239613058239221,-0.0777466720253229
1776553887489657600,21.69765771484375,-0.0003739478789269,0.0386854122251272,-0.0264627672508358
1776553887499636700,21.70763671875,0.0006898819603025,0.0506301170408725,0.0062903323158621
1776553887509616600,21.71761669921875,0.0031041034951806,0.0649684389948844,0.0201700968474149
1776553887519595500,21.72759545898437,0.0040681262217462,0.0667670128494501,0.0394132881082594
1776553887529574700,21.73757470703125,0.0220960964739322,0.0634837533950805,0.0521663866974413
1776553887539554600,21.747554443359373,0.0317792860984802,0.0325683906495571,0.0563489330790936
1776553887549533700,21.75753369140625,0.0522258617997169,0.0238806418031454,0.0478239735789597
1776553887559513600,21.767513671875,0.0801915809594094,-0.00095101711452,0.04355710991472
1776553887569492500,21.777492431640624,0.0639664223454892,-0.0191857619851827,0.0227102828495204
1776553887579471600,21.7874716796875,0.0593712035097181,-0.0159556940227746,0.0010620762735605
1776553887589451500,21.797451416015623,0.0579449700988829,-0.019828736063838,-0.0152646430186927
1776553887599430700,21.8074306640625,0.0348304903626441,-0.0261941794425249,-0.04555266764611
1776553887609409500,21.817409423828124,0.0062016311191022,-0.025962708774209,-0.0685899904929101
1776553887619389400,21.82738940429688,0.0143475281737744,-0.005380523994565,-0.0690817195326089
1776553887629368600,21.83736865234375,0.0177330789588391,0.0067845455735921,-0.0726096013978123
1776553887639348500,21.847348388671875,0.0370467051073908,0.00216331551373,-0.0913137173458933
1776553887649327600,21.85732763671875,0.0447999495826661,-0.0003343465209007,-0.0971121744915843
1776553887659306500,21.867306396484373,0.0380126275300979,0.0024526538491249,-0.09490998827219
1776553887669286400,21.877286376953126,0.0338825419880449,0.0128840314924716,-0.0757823862150311
1776553887679265500,21.887265625,0.0463514168083667,0.0153618197828531,-0.035403321814537
1776553887689244400,21.897244384765624,0.0513185376964509,0.0304915843755006,0.0109611006058752
1776553887699224600,21.907224609375,0.0611842442810535,0.0520996050715446,0.0273275673866271
1776553887709203500,21.917203369140623,0.0639491789497435,0.0658545741796493,0.0505675731986761
1776553887719183400,21.927183349609376,0.0724244540892541,0.0339051922112703,0.0497714543849229
1776553887729162500,21.93716259765625,0.0743733961999416,0.0323825126886367,0.0348110550098121
1776553887739141400,21.94714135742188,0.0671554276451468,0.0116682259619235,-0.0041315468467772
1776553887749121800,21.957121826171875,0.059294923403114,-0.003571428745985,-0.032039836730808
1776553887759100700,21.9671005859375,0.0442402698732912,0.0017985738545656,-0.0363059697426855
1776553887769079600,21.97707958984375,0.023863544537872,-0.0041658875077962,-0.0367304787650704
1776553887779059700,21.98705981445313,0.0228149122677743,-0.002955927196145,-0.0409874055571854
1776553887789038600,21.99703857421875,0.0001157353341579,0.0103331779658794,-0.0530180350907146
1776553887799018500,22.0070185546875,-0.0178875388681888,0.0009241291075944,-0.0483050350941717
1776553887808997600,22.01699755859375,0.0231133106924593,-0.032665421283245,-0.0371280997805297
1776553887818976800,22.026976806640626,0.0725792062595486,-0.0310217457294464,-0.0473296141907572
1776553887828956700,22.03695678710937,0.0918529387891292,-0.025563480323553,-0.0442708111420273
1776553887838935600,22.046935546875,0.0917874723374843,-0.0250578688889741,-0.0679554919816553
1776553887848914700,22.05691479492188,0.0956264659784734,-0.0254687877774238,-0.0660864832393825
1776553887858894600,22.06689453125,0.0853048323199152,-0.021863456761837,-0.0744929309263825
1776553887868873500,22.07687353515625,0.0926361981213092,-0.0243693021029233,-0.0766463095679879
1776553887878853600,22.086853515625,0.1192833820283412,-0.0142681793272495,-0.0733599813736975
1776553887888832500,22.09683251953125,0.1342718384541571,-0.0177069216042757,-0.096920451311767
1776553887898811600,22.10681176757813,0.170846542135626,0.0023357494711875,-0.0938305224724113
1776553887908791600,22.11679150390625,0.1494974646367132,0.0104366383403539,-0.0997132969006896
1776553887918770400,22.1267705078125,0.1154816516578197,0.0069160629987716,-0.1146522150963544
1776553887928749600,22.13674951171875,0.1055086853064596,0.0179763861954212,-0.101454295349121
1776553887938729500,22.1467294921875,0.0738365128442645,0.025074820023775,-0.0932566681072115
1776553887948708600,22.15670849609375,0.0517620436802506,0.0175637137413024,-0.0625252836264669
1776553887958688500,22.1666884765625,0.0439596993662416,0.0243938520222902,-0.0445946362689137
1776553887968667400,22.17666748046875,0.0409786377288401,0.0123293202191591,-0.0404345939800143
1776553887978646500,22.186646484375,0.0063574062027037,0.0182253925204277,-0.0311442030653357
1776553887988626400,22.19662646484375,-0.0009494096793234,0.0085287588924169,-0.0209818516217172
1776553887998605600,22.20660546875,-0.0142003747880458,-0.0073456865876913,-0.0266654502160847
1776553888008584400,22.21658447265625,-0.05576821058169,-0.0104471597343683,-0.021742168469727
1776553888018564400,22.226564453125,-0.0832407393969595,0.0028787703067064,-0.0088381171025335
1776553888028543500,22.23654345703125,-0.0716403179742395,0.0058773676007986,-0.0071940031573176
1776553888038523600,22.246523681640625,-0.0521710628725588,-0.0003735094875097,0.0129955290429294
1776553888048502500,22.25650244140625,-0.0615817191660404,0.0160363580435514,0.0005329378329217
1776553888058481400,22.2664814453125,-0.0546162640675902,-0.0018757307440042,-0.0318751476883888
1776553888068461600,22.27646166992188,-0.0164342713199555,-0.0050911856591701,-0.0572299536973237
1776553888078440700,22.286440673828125,-0.0058897886909544,-0.0094862057477235,-0.0382305080644786
1776553888088419600,22.296419677734377,0.0140751409731805,-0.0065630117774009,-0.0408615872204303
1776553888098399700,22.306399658203127,0.0283924201391637,0.0150531922250986,-0.0257369371943175
1776553888108378600,22.316378662109376,0.0342366161227226,0.0334054259955883,-0.0335094708919525
1776553888118358500,22.326358642578125,0.0608639262855052,0.0341582901895046,-0.0246294143438339
1776553888128337700,22.33633764648437,0.1008520916722714,0.0237473708122968,-0.0069694006212055
1776553888138316500,22.346316650390627,0.1109573061011731,0.0401782811313867,-0.0083415657572448
1776553888148296700,22.356296630859376,0.1125825692154467,0.044060675522685,-0.0114133744180202
1776553888158275600,22.366275634765625,0.1008558910645544,0.0542810407638549,-0.0078144731432199
1776553888168254700,22.37625463867188,0.0723253776289522,0.0403068759471178,-0.0121733990050852
1776553888178234600,22.386234619140627,0.0416999377407133,0.0269984815627336,-0.037161125267297
1776553888188213500,22.39621362304688,0.0450290821634232,0.0067220017313957,-0.0486781061902642
1776553888198193700,22.406193603515625,0.0541197127223014,-0.024261750075221,-0.0511506337836384
1776553888208172500,22.41617260742188,0.0508886218465864,-0.0137386024951934,-0.0403029304243624
1776553888218151700,22.426151611328127,0.0617744652591645,-0.0171101247549057,-0.0106708854876458
1776553888228131600,22.43613159179688,0.064567310848087,-0.0171808519035577,0.0027681495390832
1776553888238110500,22.4461103515625,0.0344144569076597,-0.0015694412738084,-0.0009365501977503
1776553888248089600,22.45608959960937,0.0016075813271105,0.0123813426673412,-0.0080805767334997
1776553888258069800,22.46606982421875,-0.0041546354614198,0.0111859954029321,-0.038243805937469
1776553888268048600,22.476048583984376,-0.010488660788536,-0.0009369885891675,-0.0481966062836348
1776553888278028800,22.48602880859375,-0.0335505335547029,0.0122363812386989,-0.069459174542874
1776553888288007700,22.49600756835937,-0.0270109026528894,0.0121072019010782,-0.0951084334537386
1776553888297986800,22.50598681640625,-0.0260873580671846,0.0314689049750566,-0.0963328606821596
1776553888307966700,22.515966796875,0.0019698387682437,0.0488461562335491,-0.0492319406807422
1776553888317945600,22.525945556640625,0.0037362639188766,0.0573462735533714,-0.0232930511735379
1776553888327924700,22.5359248046875,0.0082921736575663,0.0657844315528869,-0.0059397653125226
1776553888337904600,22.545904541015624,0.0320949279189109,0.0557429300099611,0.0313724588632583
1776553888347883800,22.5558837890625,0.0429576827168464,0.029953824236989,0.024597557900846
1776553888357862700,22.565862548828125,0.0618004764832556,0.0261626152604818,0.0186472711943089
1776553888367842600,22.575842529296875,0.0688156159423291,0.0048883565634489,0.0055259238146245
1776553888377821700,22.58582177734375,0.0798584034822881,-0.0085129768013954,0.0087216511160135
1776553888387801600,22.59580151367188,0.0668843556188047,-0.0002986906856298,-0.0026649814255535
1776553888397780700,22.60578076171875,0.0535479041837155,0.0066004211783409,-0.013261924894154
1776553888407759600,22.61575952148437,0.0269812381669878,0.0242559048563241,-0.0086890640206634
1776553888417739500,22.625739501953124,0.009783727389574,0.001165536648035,-0.0119616559505462
1776553888427718700,22.63571875,-0.0029423370622098,0.0147030636131763,-0.0256584651306271
1776553888437697500,22.645697509765625,-0.0012250117503106,0.0255137959629297,-0.0481900304123759
1776553888447677700,22.655677734375,-0.0187175599515438,0.0111275432139635,-0.0744714497469365
1776553888457656600,22.665656494140624,-0.0338601840257644,0.0151303491145372,-0.1037789389044046
1776553888467635700,22.6756357421875,-0.018217209213972,0.0173299049854278,-0.1104280215300619
1776553888477615600,22.68561572265625,-0.010631430260092,0.0015390461355447,-0.1055100004807114
1776553888487594500,22.695594482421875,0.0313923326075077,-0.0146674077779054,-0.0749453508689999
1776553888497574700,22.70557470703125,0.0497170938491821,-0.0067535659134387,-0.0521330689497292
1776553888507553500,22.71555346679688,0.0624152473807334,0.0077326400786638,-0.0070139704152941
1776553888517532700,22.72553271484375,0.08414894028306,0.0133978262335062,0.0320442206449806
1776553888527512600,22.7355126953125,0.0953204687692225,0.0198427645891904,0.0560641247883439
1776553888537491500,22.745491455078124,0.1034874086119234,0.0243839151501655,0.0644746641285717
1776553888547470600,22.755470703125,0.0956324573278427,0.0237251589804887,0.0524840743444859
1776553888557450500,22.76545043945313,0.0744401778258383,0.023849662142992,0.0191588739782571
1776553888567429600,22.7754296875,0.019202859250456,0.033730420166254,0.0054749242797493
1776553888577409800,22.785409912109376,0.0079050740361213,0.0474994177997112,-0.0160348967388272
1776553888587388700,22.795388671875,-0.0063080141030251,0.0428501306891441,-0.0285666807275265
1776553888597367800,22.80536791992188,-0.0040343700826168,0.0243465057492256,-0.0181806035306304
1776553888607347700,22.81534765625,-0.0147638538897037,0.0068178633213043,-0.0245187205109745
1776553888617326800,22.82532690429688,-0.0082931965708732,0.0039086978763341,-0.0223643920212984
1776553888627305700,22.8353056640625,-0.0029904139876365,-0.0006412205129861,-0.0364057768553495
1776553888637285600,22.84528564453125,-0.0061269584476947,-0.0046329204976558,-0.0322879662729799
1776553888647264800,22.8552646484375,-0.0083119012713432,-0.0001239186406135,-0.0183356479618698
1776553888657243600,22.86524365234375,-0.0084745444871485,0.0180190562933683,-0.0048350920062512
1776553888667223800,22.875223876953125,-0.0051369244970381,0.0215156662374734,0.0075831486053764
1776553888677202700,22.88520263671875,0.0086671444498002,0.0423830976992845,0.010048515805602
1776553888687182600,22.8951826171875,-0.0095019878387451,0.058451019924879,-0.0052930649068206
1776553888697161700,22.90516162109375,0.0022879648067057,0.061658876055479,-0.0197319976910948
1776553888707140600,22.915140625,0.0169441205382347,0.0524292754173278,0.0156088533464819
1776553888717120800,22.92512084960937,-0.001077858364582,0.0444166493535041,0.0133810212291777
1776553888727099600,22.935099609375,-0.0183912506066262,0.0368377385318279,0.0010815846916288
1776553888737078800,22.94507885742188,-0.0255415607526898,0.0353881242454051,0.0027332243561744
1776553888747058700,22.95505859375,-0.0346656551897525,0.0325321502923965,-0.0142642338044941
1776553888757037600,22.96503759765625,-0.0348141237497329,0.0228980605065822,-0.020058526231721
1776553888767017700,22.975017822265624,-0.0361070861697196,0.0340489845961332,-0.0448603014677762
1776553888776996600,22.98499658203125,-0.0389034388899803,0.0447515803962945,-0.0640700288504362
1776553888786975700,22.99497583007813,-0.0238671977996826,0.0239081143319606,-0.0628433365996927
1776553888796955600,23.00495556640625,-0.015954086587578,0.0146393507272005,-0.0554863249003887
1776553888806934500,23.0149345703125,-0.0053987903036177,0.0049427170991897,-0.04323547674492
1776553888816913700,23.02491357421875,0.0055202247262001,-0.0133323597818613,-0.017278320928663
1776553888826893600,23.0348935546875,0.0124713590383529,-0.0068728083789348,0.0318261939801275
1776553888836872700,23.04487280273437,0.0185224757708609,0.0393225410848855,0.0389299615707248
1776553888846851600,23.0548515625,0.0138904320560395,0.048462125352025,0.0390440164044499
1776553888856831500,23.06483154296875,0.0426091615401208,0.0182505269616842,0.0159458302158862
1776553888866810600,23.074810546875,0.0414997389934957,-0.0034954409003257,-0.0164989340540021
1776553888876789500,23.08478955078125,0.0522761306822299,-0.0096124624758958,-0.0263395792625844
1776553888886769400,23.094769287109376,0.0645756402850151,-0.0098328272283077,-0.0243619955793023
1776553888896748500,23.10474853515625,0.0593453384160995,0.0119791916072368,-0.0110208679690957
1776553888906728700,23.114728759765622,0.0414027083598077,0.0326397023200988,0.000584668020159
1776553888916707800,23.124707763671875,0.0297194309592246,0.0398398429572582,0.0179397805120795
1776553888926686700,23.134686767578124,0.0125276192702353,0.0385229151397943,-0.0153168846625834
1776553888936666600,23.14466650390625,0.0174012166559696,0.0210948104768991,-0.023738091527298
1776553888946645800,23.15464575195313,0.0211221368752419,0.0049222588330507,-0.0674666124861687
1776553888956624600,23.16462475585937,0.0304665960647165,-0.0098819270670413,-0.0732047177467495
1776553888966604800,23.174604736328124,0.0443722256898879,-0.0067734396576881,-0.063088835793361
1776553888976583700,23.184583740234373,0.0549848051190376,-0.0094447046935558,-0.0427324956588447
1776553888986563600,23.1945634765625,0.0549378972373902,-0.0042892216265201,-0.0132644091121852
1776553888996542700,23.20454272460937,0.044464434017986,-0.0213707048088312,-0.0069985536504536
1776553889006521600,23.214521484375,0.0445851377882063,-0.0264852713435888,-0.0154854461625218
1776553889016501800,23.224501708984373,0.0429683502413332,-0.0238859025001525,-0.0356933177370578
1776553889026480600,23.234480712890623,0.0286415725946426,-0.0049672670185565,-0.0560554300252348
1776553889036459800,23.244459716796875,0.0195746151722967,0.0244119722008705,-0.0307755889486521
1776553889046439700,23.254439697265624,0.0027435996197164,0.0585223315954208,-0.0102894118893891
1776553889056418600,23.26441845703125,-0.0045395431257784,0.0788742147505283,0.0273036750543862
1776553889066397700,23.27439770507813,-0.0196714996755123,0.0809890149474144,0.0512228222370147
1776553889076377600,23.284377685546875,-0.0214040225565433,0.0697375530928373,0.0557091008055955
1776553889086356700,23.294356689453124,-0.0258382056117057,0.0524590860337018,0.0498676082357764
1776553889096335000,23.304335205078125,-0.0032568098388612,0.0219072959035635,0.0056038113564252
1776553889106315000,23.31431494140625,0.013618190985918,-0.0206558345377445,-0.0285591550081968
1776553889116294100,23.324294189453123,0.0194751003205776,-0.0434410823196172,-0.0609491203509271
1776553889126274000,23.33427416992188,0.0339011005580425,-0.0340986689567565,-0.0764253602936863
1776553889136253200,23.344253173828125,0.0353719037629663,-0.0183750301241874,-0.060079205648601
1776553889146232000,23.35423217773437,0.0212299811638891,0.0096545480519533,-0.0530048833481967
1776553889156212000,23.3642119140625,0.0188389943741261,0.0147878192871809,-0.0416691042110323
1776553889166191000,23.374191162109376,0.0235224760152399,0.0360053793609142,-0.0005750234089791
1776553889176170000,23.384169921875,0.0295103182531893,0.046115854486823,-0.0025113982990384
1776553889186150100,23.39415014648437,0.034026042111963,0.0418687184363603,-0.0011555997759103
1776553889196129000,23.40412890625,0.0243486977063119,0.0439665674984455,-0.031333880418539
1776553889206108200,23.41410815429688,0.0471684322796761,0.027441549155116,-0.0523541643545031
1776553889216088000,23.424088134765626,0.0554220274925231,-0.0102291330695152,-0.0424053095310926
1776553889226067000,23.43406689453125,0.0464123532153665,-0.0238560918837785,-0.0429141358360648
1776553889236047000,23.444047119140624,0.0442659888364374,-0.0209884274929761,-0.0488879495486617
1776553889246026000,23.45402587890625,0.0105376144967973,-0.0160357735216617,-0.0220148479312658
1776553889256005000,23.46400512695313,0.0153239719904959,-0.0192278475612401,-0.0126025842025876
1776553889265985300,23.4739853515625,0.0186908180750906,-0.0098959555923938,-0.0110312432326376
1776553889275964200,23.483964111328124,0.0281005975857377,0.0137251584917306,-0.0030427286967635
1776553889285943000,23.493943115234377,0.0265020763479173,0.0139063602775335,-0.009912322205305
1776553889295923200,23.50392309570313,0.0338202904067933,0.0314490312308073,-0.0095901045136153
1776553889305902300,23.51390234375,-0.0011598375596106,0.0247568401157856,-0.0161374803304672
1776553889315881200,23.523881103515624,-0.0033868659593164,0.0255418530136346,-0.0160898417964577
1776553889325861000,23.533861083984377,-0.0029367841042578,0.0265232652664184,-0.0082790219150483
1776553889335840300,23.54384033203125,-0.0099510467804968,0.0394417835503816,0.009694295540452
1776553889345819100,23.553819091796875,0.0166937990389764,0.0275210441321134,0.0049396483592689
1776553889355799300,23.56379931640625,-0.0020317980885505,0.0203588974177837,-0.0086323653973639
1776553889365778200,23.57377807617188,-0.0031938276052474,0.0074719433158636,-0.0110929102919995
1776553889375758000,23.583758056640622,0.003617167583853,-0.003534019345045,-0.0276315187692642
1776553889385737200,23.5937373046875,-0.0046188919723033,-0.0068587798535823,-0.0402384868860244
1776553889395716000,23.603716064453124,0.0066880994617938,-0.0066208794444799,-0.0416347635500133
1776553889405696300,23.6136962890625,0.017406915744394,-0.0123240595221519,-0.0340473771609365
1776553889415675100,23.62367504882813,0.0244143102884292,-0.003444587495923,-0.0272172388799488
1776553889425654300,23.633654296875,0.0246411047816276,0.0218207866638898,-0.0281600726880133
1776553889435634200,23.64363427734375,0.0151532915987074,0.0218061736166477,-0.0190412389479577
1776553889445613000,23.653613037109373,0.0174539697565138,0.0213268656671047,-0.0005577800132334
1776553889455592200,23.66359228515625,0.0059960255444049,0.0420312155216932,0.0088214582286775
1776553889465572000,23.67357202148437,0.0044762686312198,0.0417652580618858,0.008858721499145
1776553889475551200,23.68355126953125,-0.0020025719940662,0.0264841022998094,-0.000981850644201
1776553889485530000,23.69353002929688,0.0263863410137593,0.03890402341187,0.0019108020573854
1776553889495510000,23.703510009765623,0.0375694138072431,0.0312725056201219,-0.0161795659065246
1776553889505489200,23.7134892578125,0.0374887497864663,0.0267909762918949,-0.015219342572242
1776553889515469000,23.723468994140624,0.0138064070343971,0.0129559276849031,-0.0463216061919927
1776553889525448200,23.7334482421875,0.0156698628187179,0.0041150341033935,-0.0455786788702011
1776553889535427000,23.74342700195313,0.0364613064348697,-0.0010883797585964,-0.0461446421898901
1776553889545407000,23.753406982421875,0.0348410117566585,-0.0176665895938873,-0.0380054671369493
1776553889555386000,23.76338623046875,0.0403914854906499,-0.026294717207551,-0.0334390360042452
1776553889565365000,23.773364990234377,0.0342915611803531,0.0063280339777469,-0.0282331379242241
1776553889575345200,23.78334521484375,0.0350539238549768,0.0039402620583772,-0.0163622289970517
1776553889585324000,23.79332397460937,0.0421029655836522,0.0124906482607126,-0.0208754686377942
1776553889595303200,23.80330322265625,0.034895956814289,0.0180891989201307,-0.0115896077677607
1776553889605283300,23.813283447265626,0.0430829165317118,0.0264525381177663,-0.0205836460843682
1776553889615262000,23.823261962890623,0.0488389958404004,0.019977789145708,-0.0071093936137855
1776553889625242000,23.8332421875,0.0462777670502662,0.0310065481603145,-0.0008333820842206
1776553889635221200,23.84322119140625,0.0593393470667302,0.0304302095770835,-0.0050789106994867
1776553889645200100,23.8532001953125,0.0615149375401437,0.0379810633480548,-0.0158593940414488
1776553889655180300,23.86318017578125,0.0137399176694452,0.0391354940801858,-0.0450000021994113
1776553889665159200,23.8731591796875,-0.0051261108420789,0.0133422966539859,-0.0441438237614929
1776553889675138300,23.88313818359375,-0.0004011281467974,-0.0042979894548654,-0.0635001200079917
1776553889685118200,23.8931181640625,0.0088413319729268,-0.0030243162572383,-0.070883215996623
1776553889695097000,23.90309716796875,0.0267510826729238,-0.0241968681454658,-0.0488626689769327
1776553889705076200,23.913076171875,0.0497533342063426,-0.0217342774242162,0.0094733462661504
1776553889715056000,23.92305615234375,0.061973202701658,0.0073357497155666,0.058779228965938
1776553889725035300,23.93303515625,0.0507692332506179,-0.0036234511941671,0.085132836753875
1776553889735014100,23.94301416015625,0.0386835125289857,0.0041810850769281,0.1090801140524447
1776553889744994000,23.952994140625,0.0495651181578636,0.0059539399683475,0.0858947610370814
1776553889754973200,23.96297314453125,0.0181155024051666,0.0118038350403308,0.0291344706781208
1776553889764953000,23.972953125,-0.0179693719327449,0.0007528641939163,-0.0076667352356016
1776553889774932200,23.98293212890625,-0.0456676723279058,-0.0129682026445865,-0.0655168666578829
1776553889784911000,23.9929111328125,-0.0851790139831602,0.0102589436858892,-0.0916807970926165
1776553889794891000,24.00289111328125,-0.0815701758362352,0.001555412748456,-0.0614008096411824
1776553889804870100,24.0128701171875,-0.0623370675779879,0.0213514155864715,-0.0377507617235183
1776553889814849000,24.02284912109375,-0.0472179705098271,0.0214542914390563,-0.0135591542750597
1776553889824829200,24.0328291015625,-0.015613748717308,0.0142734400242567,0.037558307891339
1776553889834808000,24.04280810546875,0.025060937628895,0.0134580319881439,0.0383892057575285
1776553889844787200,24.052787109375,0.0037068916939198,0.021307576444745,0.0274663913354277
1776553889854767000,24.06276708984375,-0.008147212228924,0.0252519301563501,-0.0082565178222954
1776553889864746000,24.07274609375,0.0129084352813661,0.009030278673768,-0.0274725288152694
1776553889874725000,24.08272509765625,0.0377636212050914,0.0021656536012887,-0.0260648539744317
1776553889884705000,24.092705078125,0.0674551412440836,0.0030067806005477,-0.0261471254304051
1776553889894684200,24.10268408203125,0.0542844017647206,-0.0092348613351583,-0.0350949865177273
1776553889904663000,24.1126630859375,0.0458462437652051,0.009255904123187,-0.0416179585456848
1776553889914643000,24.122642822265625,0.0409280765853822,0.0203162273198366,-0.0352386327721178
1776553889924622000,24.1326220703125,0.0150808108843863,0.0192553200900554,-0.0336145387016236
1776553889934601000,24.14260107421875,0.0033202304638922,0.0289817643344402,-0.0630744419418275
1776553889944581000,24.1525810546875,-0.0044480654500424,0.0435153165996074,-0.0858678730301558
1776553889954560000,24.16256005859375,-0.0015839081905782,0.0236485866129398,-0.0597166559465229
1776553889964540200,24.1725400390625,0.0284125861443579,-0.0023462708652019,-0.0262288123644888
1776553889974519300,24.18251928710937,0.0398152930378913,-0.008688917890191,-0.0197214762970805
1776553889984498200,24.192498291015625,0.0561652470752596,-0.0115671036750078,0.0181289464086294
1776553889994478300,24.20247827148437,0.0367709569059312,-0.0081903207182884,0.0269156255848705
1776553890004457200,24.212457275390623,0.0361291518710553,0.0030810148805379,0.017591624661535
1776553890014436400,24.222436279296875,0.0103214875280857,0.03211538618505,0.0273911341421306
1776553890024416300,24.232416259765625,-0.0280465293109416,0.0200958625674247,0.0155738550983369
1776553890034395100,24.24239501953125,-0.0191653037190437,0.0331920755058526,0.0025151976913213
1776553890044374300,24.252374267578126,0.0060671910844743,0.0355792629033327,0.0177978147581219
1776553890054354200,24.26235424804688,0.0142293086215853,0.0280891994088888,0.0061598378039896
1776553890064333300,24.272333251953125,0.0138331489108502,0.0110673374593257,0.0055718087829649
1776553890074312200,24.28231225585937,0.0192062202513217,0.0213145907074213,0.0136447867318987
1776553890084292000,24.2922919921875,-0.0089699267886579,0.0303460384249687,0.002808627679944
1776553890094271200,24.302271240234376,-0.0258757611431181,0.024690789142251,-0.018322569284588
1776553890104250400,24.31225048828125,-0.0452959164060652,0.0116302320390939,-0.0064766486681997
1776553890114230500,24.32223046875,-0.0188555071175098,0.0059667994499206,-0.0122689683340489
1776553890124209400,24.33220947265625,-0.0163503924287855,-0.0120429044932127,-0.0320997502245008
1776553890134189600,24.342189453125,-0.0031928046919405,-0.0273877731412649,-0.0259926655210554
1776553890144168700,24.35216870117188,-0.002326543251425,-0.021807342660427,-0.0222974642649292
1776553890154147600,24.36214770507813,0.0164319332323968,-0.0105418522804975,-0.0198659993343055
1776553890164127500,24.37212744140625,0.0348325361892581,0.0020715455770492,-0.0068448974587023
1776553890174106600,24.382106689453124,0.028579321013391,-0.0072907415300607,-0.0201095988318324
1776553890184085500,24.39208544921875,0.0263211668230593,0.0037432781815528,-0.0141119658522307
1776553890194065700,24.40206567382813,0.0287209214411675,0.0065185881137847,-0.0256926596611738
1776553890204044500,24.41204443359375,0.0466037841342389,0.0015337854385375,-0.0367510831616818
1776553890214023700,24.422023681640624,0.0512802515126764,0.0139788409918546,-0.0455146737232804
1776553890224003600,24.432003662109373,0.0375683908939361,0.0041845922082662,-0.0517849861644208
1776553890233982500,24.441982421875,0.0383247622191905,0.003248772662878,-0.0481340624414384
1776553890243961600,24.451961669921875,0.0458403985463082,0.0074257660865783,-0.0486808826692402
1776553890253941500,24.46194140625,0.0613794745922088,-0.0023281506866216,-0.0099584994345903
1776553890263920600,24.47192065429688,0.0433795613907277,0.0174140761375427,-0.0322729148343205
1776553890273899500,24.4818994140625,0.0334662162721157,0.0031868133425712,-0.0527767736807465
1776553890283879400,24.49187939453125,0.0113536070547997,-0.0020534253984689,-0.0634026509828865
1776553890293858600,24.501858642578124,0.0039269641853868,0.0075339026361703,-0.0513737750150263
1776553890303837400,24.51183740234375,-0.0175510003902018,0.006456628793478,-0.0555345479562878
1776553890313817600,24.521817626953126,-0.0041362230218946,-0.0069108023017644,-0.0222818283043801
1776553890323796500,24.53179638671875,0.0114928693950176,-0.0087760116517543,-0.01510638371706
1776553890333776400,24.5417763671875,0.0168599493861198,-0.0072241060346364,0.0045700843945145
1776553890343755500,24.551755615234377,0.0263816648386418,-0.0058732759475708,0.0060196986809372
1776553890353734400,24.561734375,0.0169451434515416,-0.0126198275983333,-0.0028336159907281
1776553890363714600,24.571714599609376,0.0197718913100659,0.0028062895923852,-0.0162045542173087
1776553890373693400,24.581693359375,0.0035151685141026,0.0146820208251476,-0.037577012591809
1776553890383672600,24.59167260742188,-0.0033097090698778,0.0031336218506097,-0.0416175201542675
1776553890393652500,24.601652587890623,0.0024222587108612,-0.0059708911031484,-0.0425948407538235
1776553890403631400,24.61163134765625,0.0194224933505058,0.003023147213459,-0.040361382613331
1776553890413610500,24.621610595703125,0.0098585461914539,0.0052601124852895,-0.0244661866061389
1776553890423590400,24.63159033203125,-0.0051158817090094,0.0089355861276388,-0.0078999594695866
1776553890433569500,24.641569580078126,0.0207221777722239,0.0102945995211601,-0.0230618727661669
1776553890443548400,24.65154833984375,0.0044552258431911,0.0066588733673095,-0.0258059107773005
1776553890453528300,24.6615283203125,-0.0012450316250324,0.0027279636591672,-0.0385140011809766
1776553890463507500,24.67150756835937,0.0442519603110849,-0.0068032502740621,-0.0454898315429687
1776553890473486300,24.681486328125,0.0526654222607612,-0.0205938752174377,-0.031732085955888
1776553890483466800,24.691466796875,0.0854256822206079,-0.0199018013000488,-0.0220899589940905
1776553890493445600,24.701445556640625,0.1093535241663455,7.36497581005e-05,0.0185972945727407
1776553890503424500,24.71142456054688,0.1124888995826244,0.0086018241286277,0.0474449111334979
1776553890513404700,24.72140478515625,0.0829426332332193,0.0130763391941785,0.0521238627299666
1776553890523383600,24.73138354492188,0.0738239456236362,0.0166594583779573,0.0435572560451924
1776553890533362700,24.74136279296875,0.0604629442691802,0.0164285722315311,0.0103350776620209
1776553890543342600,24.75134252929688,0.0384511650778353,0.0289443549335002,0.0044863516338169
1776553890553321500,24.761321533203127,0.0005504734896123,0.0227536835998296,-0.0148458330847322
1776553890563301600,24.77130151367188,-0.0190085057221353,0.0101028763413429,-0.0212184368565678
1776553890573280500,24.781280517578125,-0.0333002120554447,0.0159656308948993,-0.0019897125124931
1776553890583259600,24.791259765625,-0.0184521870136261,0.0206885677635669,-0.0088302260570228
1776553890593239600,24.801239501953123,-0.0396327760778367,0.012885200536251,-0.0137524848900735
1776553890603218400,24.811218505859376,-0.0692179131329059,0.0164466924101114,-0.0167496208794415
1776553890613197600,24.821197509765625,-0.0685479049168527,-0.0086018241286277,-0.0287188756145536
1776553890623177500,24.83117749023437,-0.0458300232827663,-0.0132756611585617,-0.0661490270815789
1776553890633156600,24.841156494140623,-0.0256640180885791,-0.0479401473045349,-0.0831602215066552
1776553890643135500,24.85113549804688,-0.0179541743636131,-0.0408832145303487,-0.0714658381901681
1776553890653115400,24.861115478515625,-0.0019032032728195,-0.0435603247851133,-0.0563346122927963
1776553890663094500,24.87109448242187,0.0548877744853496,-0.0343728097230196,-0.0525545092321932
1776553890673073400,24.881073486328123,0.075103756301105,-0.005693827727437,-0.0371257616929709
1776553890683053600,24.89105346679688,0.0780161366164684,-0.0054015667825937,-0.0386954952277243
1776553890693032400,24.901032470703125,0.0915713453687727,0.0138023153811693,-0.0324048706509172
1776553890703011600,24.91101147460937,0.1157156065441668,-0.0017079729616641,-0.0316829861171543
1776553890712991500,24.920991455078124,0.0949134954035282,-0.0019113865792751,-0.0385069869183003
1776553890722970400,24.930970458984376,0.0750597710289061,-0.0059504328370094,-0.0729075614310801
1776553890732949500,24.940949462890625,0.0750315678477287,-0.010645312654972,-0.0792908327274024
1776553890742929400,24.95092944335937,0.0767408559836447,-0.0095931732535362,-0.0598259615398943
1776553890752908500,24.960908447265624,0.0785198483549058,-0.0103799397170543,-0.0604623597472906
1776553890762887400,24.97088745117188,0.0811395293340086,-0.0020990181058645,-0.0506882769688963
1776553890772867300,24.980867431640625,0.0773160255230963,-0.0006295300751924,-0.011607727946341
1776553890782846500,24.99084643554687,0.0741651602767407,-0.0155617262691259,0.0036884792543947
1776553890792825300,25.000825439453124,0.0702009328208863,0.0110088852703571,-0.0045966801404953
1776553890802805500,25.01080541992188,0.0463245288014411,0.0020119243443012,0.0205168644584715
1776553890812784400,25.020784423828125,0.0370049117922782,0.0145925889760255,0.0230487210236489
1776553890822764500,25.0307646484375,0.0249522165574133,0.0291390007227659,-0.0003143266461789
1776553890832743400,25.040743408203124,-0.0014111819721758,0.0272656080663204,0.0052829088389873
1776553890842722300,25.050722412109376,-0.0051087213158607,0.0396118794202804,-0.007030921550095
1776553890852702700,25.06070263671875,-0.0175837336160242,0.0171212306708097,-0.0164864398986101
1776553890862681600,25.070681640625,-0.0062368485629558,0.0133563251793384,-0.0111092769049108
1776553890872660700,25.08066064453125,0.001216828443855,0.0287339270532131,-0.0182439510904252
1776553890882640600,25.090640625,0.0127240186251699,0.024761516290903,0.0027592355802655
1776553890892619500,25.10061962890625,-0.0379587053857743,0.0292132350027561,-0.0126015612892806
1776553890902598700,25.1105986328125,-0.0909494140781462,0.0111292967796325,-0.0499165619440376
1776553890912578600,25.12057861328125,-0.1362717800997197,-0.0065063131541013,-0.0771134886883199
1776553890922557700,25.1305576171875,-0.1439231716357171,-0.0160293437808752,-0.0792357415392994
1776553890932536600,25.14053662109375,-0.1203283610366284,-0.023019641059637,-0.061047173897922
1776553890942516500,25.1505166015625,-0.0718096831917762,-0.0009106851041316,-0.0295626329623162
1776553890952495600,25.16049560546875,-0.0555985531032085,0.0048351650714874,-0.0237735281668603
1776553890962474500,25.170474609375,-0.0229191032946109,0.0018529343903064,0.0064487377479672
1776553890972454700,25.18045458984375,0.0076372168801724,0.0076472998827695,0.0200900173485279
1776553890982433500,25.19043359375,0.033487112929672,0.0011637830823659,0.0401835418283939
1776553890992412700,25.20041259765625,0.0425683911383152,0.0073994626015424,0.0282759541526436
1776553891002392600,25.210392578125,0.0631739567935466,0.0114899467855691,0.0129062433242797
1776553891012371500,25.220371337890622,0.0860254016794264,0.0215279411971569,0.0056689855471253
1776553891022350600,25.2303505859375,0.0638229222215712,0.0346165553510189,-0.0032734687127172
1776553891032330500,25.24033056640625,0.0345228857181966,0.0309562792778015,0.0089174659490585
1776553891042309600,25.2503095703125,0.0461912578105926,0.0271352596849203,-0.0054800388462841
1776553891052288500,25.26028857421875,0.0495790005527436,0.0041857612520456,-0.0230965056881308
1776553891062268400,25.270268310546875,0.0318937062583863,-0.0048509471625089,-0.0141685183450579
1776553891072247600,25.28024755859375,0.0407937826812267,-0.016201193216443,-0.0265003227822482
1776553891082226400,25.290226318359377,0.0319486513160169,-0.0327156901657581,-0.0542689119346439
1776553891092206600,25.30020654296875,-0.0077228493370115,-0.0198889418184757,-0.0513362194836139
1776553891102185200,25.31018530273437,-0.0171101247549057,-0.0076250880509614,-0.0416008612804114
1776553891112165000,25.3201650390625,-0.0045908349215984,0.012601707419753,-0.041158816601336
1776553891122144300,25.330144287109373,-0.0268342309117317,0.0034486791491508,-0.0218748549386858
1776553891132123100,25.340123046875,-0.0299894800722599,0.0210480487257242,-0.0048211365461349
1776553891142103300,25.35010327148437,-0.0147743752837181,0.0207867674410343,0.015704203479737
1776553891152082200,25.360082275390624,-0.0137818571150302,0.0138514152199029,0.0292132350027561
1776553891162061300,25.37006127929688,0.0053483752906322,0.0149275200188159,0.0423481725163757
1776553891172041200,25.380041259765623,0.0167301855266094,0.0260462954044342,0.0344680867910385
1776553891182020000,25.39002001953125,0.0212462016463279,0.0070920040875673,0.0039607203245162
1776553891191999200,25.399999267578124,-0.0166154731057584,0.0031979192584753,-0.007257569912821
1776553891201979100,25.40997924804688,-0.0235198456667363,0.011260814204812,-0.0243988204583525
1776553891211958300,25.41995825195313,-0.0375448638878762,0.0227811561286449,-0.0285715760983526
1776553891221937200,25.42993725585937,-0.0223065243542194,0.028163433688879,-0.0498367747060954
1776553891231917300,25.439917236328125,-0.0491780185364186,0.0316226342320442,-0.0553382947318255
1776553891241896400,25.449896484375,-0.0386604239143431,0.0180132110744714,-0.0658247635632753
1776553891251875000,25.459875,-0.0074351184368133,-0.0008083937734365,-0.0542149897903203
1776553891261855500,25.46985546875,0.0467186426855623,-0.0244043734163045,-0.0375993705540895
1776553891271834400,25.47983447265625,0.0928618235707283,-0.0262491245001554,0.0053963060855865
1776553891281813500,25.4898134765625,0.112583738259226,-0.0005032733470201,0.0348367739729583
1776553891291793400,25.49979345703125,0.1140378825902938,0.0111006552070379,0.044599604704976
1776553891301772300,25.509772216796875,0.0841688140273094,0.0191822548538446,0.0468114355355501
1776553891311751400,25.51975146484375,0.0631273411728441,0.0228384392738342,0.0049640521481633
1776553891321731300,25.5297314453125,0.0338977395571768,6.72200173139e-05,-0.0240291103631258
1776553891331710500,25.53971044921875,0.0060895490467548,0.0053285015463829,-0.0421035501055419
1776553891341689300,25.549689453125,-0.0111840957067906,0.0032803368449211,-0.0590009088926017
1776553891351669200,25.559669189453125,-0.0459901822805404,0.0057201312124729,-0.0631301176518201
1776553891361648400,25.5696484375,-0.0459644633173942,0.003024900779128,-0.0550767211861908
1776553891371627300,25.579627197265623,-0.0349089624263346,0.0292658419728279,-0.0239081143319606
1776553891381607200,25.589607177734376,-0.0586848286807537,0.0570218639045953,-0.0114670043013989
1776553891391586300,25.59958642578125,-0.0543709110043942,0.0416501072496175,0.0255139420934021
1776553891401565400,25.6095654296875,-0.0104312315128743,0.0483276853173971,0.046866526723653
1776553891411545300,25.61954541015625,0.0042963820196688,0.0396902053534984,0.0237204828053712
1776553891421524200,25.62952416992188,-0.006262567526102,0.0223626384556293,0.0204559280514717
1776553891431503400,25.63950341796875,-0.0005529577076435,0.0044511341899633,0.0039333939261734
1776553891441483300,25.64948315429688,0.0311047478377819,-0.006622633010149,-0.0148103233799338
1776553891451462100,25.659462158203127,0.0469805084921419,-0.0036754736423492,-0.035808103223145
1776553891461441300,25.669441162109376,0.0527856876395642,0.0084855042725801,-0.033467385315895
1776553891471421200,25.679421142578125,0.0301521232880651,0.0110042090952396,-0.0477216822482645
1776553891481400300,25.689400390625,0.0483164332710206,-0.0093500121474266,-0.0228653272807598
1776553891491379200,25.699379150390627,0.0399732600785791,6.95581048727e-05,-0.0080270929805934
1776553891501359000,25.709359130859376,0.0307094649098813,0.018814006063342,-0.0357489203818142
1776553891511338200,25.719338134765625,0.0299951791606843,0.0232604640781879,-0.0574552868857979
1776553891521317000,25.72931713867188,0.0158535488225519,0.0262269126683473,-0.0290782104462385
1776553891531297300,25.73929736328125,0.0332826763987541,0.0384802450418472,-0.0144618752684444
1776553891541276200,25.74927612304688,0.0577856878839433,0.0221890354543924,0.0223368464272469
1776553891551255300,25.75925537109375,0.0673811992250382,0.023420623075962,0.0561721152074635
1776553891561235200,25.76923510742188,0.0515770425021648,0.0352408247292041,0.0686747461669147
1776553891571214000,25.779214111328123,0.0627213907204568,0.0177139358669519,0.0758336780108511
1776553891581194200,25.7891943359375,0.0344223479531705,0.0166541976809501,0.037858094555512
1776553891591173000,25.799173095703125,0.006627163054794,0.0042459670066833,0.0051427697159349
1776553891601152300,25.80915234375,-0.0568459228157997,0.0016845920860767,-0.0436990026034414
1776553891611132400,25.81913232421875,-0.1061139577232301,-0.0013420622587203,-0.065501669088751
1776553891621111000,25.829111083984376,-0.1228759996928274,-0.0073942019045352,-0.0859927415188401
1776553891631090200,25.839090087890625,-0.1449908008672296,0.0018979425758123,-0.0775559717588126
1776553891641070300,25.8490703125,-0.1531328985296189,0.0321691621989011,-0.0754004742253571
1776553891651049500,25.859049560546875,-0.1578055665157735,0.0265343711823225,-0.0443848659757524
1776553891661028400,25.8690283203125,-0.1388800629019737,0.0240507376730442,0.0110133422497659
1776553891671008300,25.87900830078125,-0.0789852739095687,0.0373310750067234,0.0185696759134531
1776553891680987400,25.8889873046875,-0.071540656992048,0.0241986217111349,0.0566973811905831
1776553891690966300,25.89896630859375,-0.0346748614095151,0.038376200145483,0.0472117599647492
1776553891700946400,25.908946533203125,-0.0390216584421694,0.0350789121657609,-0.0230743669215589
1776553891710925300,25.91892529296875,-0.0314439166642725,0.0300379953891038,-0.0295638750713318
1776553891720904400,25.928904541015623,0.0245395441032946,0.0311614464610815,0.033950492657721
1776553891730884400,25.93888427734375,0.0730346949420869,0.0448217230230569,0.0405268753733485
1776553891740863200,25.94886328125,0.0690576080046594,0.0401297658145427,0.0505034949865192
1776553891750842400,25.95884228515625,0.063655456700176,0.0443166961103677,0.0389536347072571
1776553891760822300,25.968822265625,0.05981061784029,0.0214332486510276,0.0389742391038686
1776553891770801400,25.97880151367188,0.0480241723261773,0.0069698390126228,0.0378493997924029
1776553891780780300,25.9887802734375,0.0280712253607809,0.0255751707613468,0.0269360107857733
1776553891790760200,25.99876025390625,0.0267629192411899,0.0287853649795055,0.0124191904596984
1776553891800739300,26.0087392578125,0.0171639007687568,0.0283528187811374,0.0199163412820547
1776553891810718200,26.01871826171875,0.0358954892456531,0.0120633627593517,0.0247883312325924
1776553891820698400,26.028698486328125,0.0586262303613126,0.0033119010269641,0.0099873602028936
1776553891830677200,26.03867724609375,0.043874213039875,0.0030050270348787,-0.0070849167596548
1776553891840656400,26.048656494140623,0.0349438876092433,0.0079722940534353,-0.0316091902285814
1776553891850636300,26.05863623046875,0.0361855582334101,-0.0054348845303058,-0.0417315749879926
1776553891860615200,26.068615234375,0.0205566119469702,-0.0036959319084882,-0.0517944846451282
1776553891870594300,26.07859423828125,-0.007526157721132,0.0133171622127294,-0.0581372778005898
1776553891880574200,26.08857421875,-0.0438717288218438,0.0234282218605279,-0.0572812454931437
1776553891890553300,26.09855322265625,-0.0124479781627655,0.047738487252593,-0.0629746348291635
1776553891900532200,26.1085322265625,-0.0091255557417869,0.0120282914459705,-0.0249007786311209
1776553891910512000,26.11851220703125,-0.0132464350640773,0.01355856975317,0.0081425360538065
1776553891920491300,26.1284912109375,-0.003700023561716,0.0156833068221807,0.0211168761782348
1776553891930470100,26.13847021484375,-0.001829553514719,0.0147860657215118,0.0487149310693144
1776553891940450300,26.1484501953125,0.0062672437012195,0.000294599032402,0.0576604540690779
1776553891950429200,26.15842919921875,0.0055574879966676,0.0025584523111581,0.0540238511323928
1776553891960408300,26.168408203125,-0.0206932439386844,-0.0005506196200847,9.42541547119e-05
1776553891970388200,26.17838818359375,-0.0397486575424671,0.0056219315350055,-0.0184290983989834
1776553891980367000,26.1883671875,-0.077632690256834,-0.0002121814459562,-0.0665429948352277
1776553891990346200,26.19834619140625,-0.0945486076138913,0.011221651238203,-0.0823984433539211
1776553892000326100,26.208326171875,-0.0781494076073169,0.0237193137615919,-0.077310034173727
1776553892010305300,26.21830517578125,-0.0507994822584092,0.0242763631224632,-0.0681610975563526
1776553892020284200,26.2282841796875,-0.0262168296657502,0.0223842657655477,-0.059058192037791
1776553892030264300,26.23826440429687,0.0039104514420032,-0.002534486913681,-0.0908634893603622
1776553892040243500,26.248243408203123,3.85784447193e-05,-0.020337854629755,-0.142536831843853
1776553892050222000,26.25822216796875,-0.013581804498285,-0.0336661227583885,-0.1713619443118572
1776553892060202200,26.2682021484375,-0.00877937265262,-0.0362479559451341,-0.171533793747425
1776553892070181400,26.27818139648437,-0.0108403968356549,-0.0309457578837871,-0.1237052901238203
1776553892080160300,26.28816015625,0.0048259588517248,-0.0036322190225124,-0.0664263827182352
1776553892090140400,26.298140380859376,0.0191582894563674,0.0004179331511259,-0.0151641783189028
1776553892100119300,26.308119384765625,0.0101648356616497,0.0098497783631086,0.0125232353560626
1776553892110098400,26.31809838867187,0.009801409176737,-0.0192342773020267,0.0175236739918589
1776553892120078300,26.328078369140623,0.0349649303972721,-0.0950344914346933,-0.0456069551166146
1776553892130057200,26.33805712890625,0.1050163717448711,-0.1495312207758426,-0.1325420189868658
1776553892140036400,26.348036376953125,0.0396960505723953,-0.1529740547060966,-0.2400331833474338
1776553892150016300,26.35801635742187,0.1517360373437404,-0.056406946876645,-0.2083284968551248
1776553892159995400,26.367995361328123,0.3335620925247669,-0.0622498276859521,-0.2146022433623671
1776553892169974300,26.377974365234376,0.2775952906310558,-0.0195522572100162,-0.2566130006179213
1776553892179954200,26.3879541015625,0.2325811137758195,0.0197702838748693,-0.2502748105723411
1776553892189933300,26.39793334960937,0.2976442453168332,0.071304656279087,-0.1153740996301174
1776553892199912200,26.407912109375,0.3218082341060042,0.1351034669727087,0.0192453832179307
1776553892209892600,26.417892578125,0.3179495128512382,0.1798924567699432,0.1300382194723933
1776553892219871200,26.427871337890625,0.2982863426126539,0.2393564531296491,0.1784769639488309
1776553892229850400,26.43785034179687,0.2456022156514227,0.2661883459538221,0.2015831873133778
1776553892239830500,26.44783056640625,0.1573639602281153,0.2238227839112281,0.1983663441587239
1776553892249809400,26.45780932617188,0.0912615487672388,0.1820569413274526,0.1639584631223231
1776553892259788500,26.46778857421875,0.0194854755841195,0.1424468154728412,0.0866325737923383
1776553892269768400,26.4777685546875,-0.0748421827554702,0.0791588769108057,0.0467891506385058
1776553892279747600,26.48774755859375,-0.1213058277666568,0.0361070861697196,0.0169328684918582
1776553892289726500,26.4977265625,-0.1591151878096163,-0.0138707044422626,-0.0592266074072569
1776553892299706400,26.50770629882813,-0.156510266008228,-0.0859416689187288,-0.0720248603124171
1776553892309685500,26.517685546875,-0.0929427798524498,-0.1516980434209108,-0.1421823923829943
1776553892319664400,26.527664306640624,-0.0356065893016755,-0.1554682096093892,-0.1983732853561639
1776553892329644500,26.53764453125,0.0223065243542194,-0.209537068927288,-0.2536242671307176
1776553892339623400,26.54762353515625,0.1097837322771549,-0.1495405731260776,-0.2196530970111489
1776553892349602600,26.5576025390625,0.1621907958626747,-0.0976467197597026,-0.1367437815256416
1776553892359582500,26.56758251953125,0.2691863587260246,-0.1427197871953248,-0.0283626095227897
1776553892369561300,26.57756127929688,0.4678501514613628,-0.1457674843281507,0.0725066524799913
1776553892379540500,26.58754052734375,0.6352724182367324,-0.1701847172260284,0.2358072362154722
1776553892389520400,26.597520263671875,0.7497521993756294,-0.3098994773864746,0.3462804120615124
1776553892399499500,26.60749951171875,0.8602361888766288,-0.2804056718766689,0.2851082966096699
1776553892409478400,26.617478515625,0.9136087364934384,-0.1133136599689722,0.2671316912185401
1776553892419458300,26.62745825195313,1.006673096898943,-0.007445055308938,0.1906801735702901
1776553892429437400,26.6374375,1.1905962704896926,0.2014648216307163,0.1017507210124284
1776553892439416300,26.647416259765624,1.3010825980782508,0.345126858112216,0.0590092383295297
1776553892449396500,26.657396484375,1.242393239352852,0.3567097438782453,0.0831483118731528
1776553892459375400,26.667375244140626,1.0785938392497598,0.3961526964724063,0.1016148927383124
1776553892469354500,26.6773544921875,0.9173743726372718,0.4473223272174596,0.0439382181867957
1776553892479334400,26.68733447265625,0.8239725239057093,0.4501940832614898,-0.0113570411209017
1776553892489313300,26.69731323242188,0.7469394069772213,0.3569610882908106,-0.0871494372732937
1776553892499292400,26.70729248046875,0.7505132468760013,0.3201011379271745,-0.1297409170262515
1776553892509272300,26.717272216796875,0.8010790665090084,0.3347287982165813,-0.1234305648356676
1776553892519251500,26.72725146484375,0.7597825950026512,0.2902706478089094,0.015614114043489
1776553892529230300,26.737230224609377,0.6588648907482624,0.2356681200057268,0.0560259116698056
1776553892539210200,26.74721020507813,0.6243932968258857,0.219680861800909,-0.0105640641123056
1776553892549189400,26.757189453125,0.6168401049673556,0.2297147645592689,-0.1133452972162514
1776553892559168300,26.767168212890624,0.5518313339620828,0.2405710896164178,-0.1016901499316096
1776553892569148400,26.7771484375,0.5652040257543325,0.2884042694151401,-0.001760945257917
1776553892579127300,26.787127197265622,0.6357400357484817,0.2982645691722631,0.0846880886610597
1776553892589106400,26.7971064453125,0.6311947935342789,0.2947036618202924,0.1213624533247202
1776553892599085300,26.807085205078124,0.5060539907146245,0.2240565926671028,0.164366678597033
1776553892609065200,26.81706518554688,0.4820921003688126,0.2865256160616874,0.018667729460448
1776553892619044400,26.82704443359375,0.5120816535063087,0.2940326306909323,-0.0818284614462405
1776553892629023200,26.83702319335937,0.5502963794797658,0.1690811398983001,-0.1177883211649954
1776553892639003400,26.84700341796875,0.6144811207510531,0.112202483856678,-0.2039074655424803
1776553892648982300,26.856982177734373,0.6415928534299135,0.188760822880268,-0.2163334510691464
1776553892658962400,26.86696240234375,0.6391210564889014,0.2791916199117898,-0.2001251705247908
1776553892668941600,26.876941650390624,0.6230811913140117,0.3297586085885763,-0.1900827921990305
1776553892678920400,26.88692041015625,0.5994228139594197,0.3688274671733379,-0.191540297530964
1776553892688899300,26.8968994140625,0.6133592771142721,0.4109001837491989,-0.2337701774299144
1776553892698879500,26.90687939453125,0.6994675347715615,0.3899129253000021,-0.2543557962756604
1776553892708858400,26.9168583984375,0.7654068646252155,0.3630991526544094,-0.2509667383592576
1776553892718837500,26.92683740234375,0.8322901973307132,0.3678232585668564,-0.2561344233207404
1776553892728817400,26.9368173828125,0.9084937315672637,0.4083095827341079,-0.2869634229570627
1776553892738796500,26.94679663085937,0.8262433183819055,0.3558955048859119,-0.2194139544930309
1776553892748775400,26.956775390625,0.7351838680580258,0.2457441083401441,-0.1683526794932782
1776553892758755300,26.96675537109375,0.6702376408949494,0.1732020192205906,-0.2228153604343533
1776553892768734500,26.976734375,0.5472966131418943,0.1649310344815254,-0.2689534998182207
1776553892778713300,26.98671337890625,0.5126198520362377,0.2057639801293611,-0.2910067069984972
1776553892788693500,26.996693603515624,0.6336807651311159,0.2791232308506965,-0.252129644658789
1776553892798672400,27.00667236328125,0.7076265835687517,0.3772352300345897,-0.1967727913569658
1776553892808651500,27.016651611328125,0.7089607547819614,0.4967196875929832,-0.1430124865315854
1776553892818631400,27.02663134765625,0.5882797809153795,0.5262514870256185,-0.1564387351419776
1776553892828610300,27.0366103515625,0.5029612123310566,0.5215548536419868,-0.114386257636547
1776553892838589400,27.04658935546875,0.3968909476190805,0.5629623843073844,0.0075293360589072
1776553892848569300,27.0565693359375,0.5140215355277061,0.5856681371122598,0.1987146461397409
1776553892858548500,27.06654858398437,0.2954477581858635,0.6143079561412335,0.3407663978803902
1776553892868527400,27.07652734375,0.082075056618452,0.6682254242897033,0.4159364974159747
1776553892878507300,27.08650732421875,-0.0344657487034797,0.7556213836699723,0.3630241877220571
1776553892888486400,27.096486328125,-0.1726969923079013,0.8077963920652866,0.1542292789315804
1776553892898465300,27.10646533203125,-0.2643260592132807,0.7470452785044908,0.0194026196062564
1776553892908445400,27.116445556640624,-0.2283504904687404,0.599116232228279,-0.040308008458279
1776553892918424300,27.12642431640625,-0.1781535041481256,0.4082230734944343,-0.2138852359331212
1776553892928403500,27.13640356445313,-0.1011129345655441,0.2100081935703754,-0.359323470040597
1776553892938383400,27.14638330078125,-0.0377273808479309,0.0496224013030529,-0.3580159676386043
1776553892948362200,27.1563623046875,0.0600876812160015,-0.1194230827599763,-0.1488630026580766
1776553892958341400,27.16634130859375,0.1621656614214181,-0.2725233941942453,-0.0303908616640954
1776553892968321300,27.1763212890625,0.2414665771514177,-0.3440887472361326,-0.0709296215547714
1776553892978300400,27.18630053710937,0.3787561559915542,-0.3074000617861747,-0.0984148180553689
1776553892988279300,27.196279296875,0.6127110423386096,-0.1472363878369331,-0.3455591120496392
1776553892998259200,27.20625927734375,2.558661569994688,0.2739554728239775,-0.6564649899996817
1776553893008238300,27.21623828125,4.364753545105457,0.5178530765146017,-0.929395942081511
1776553893018217200,27.22621728515625,1.7808219247758388,0.2543336575090885,-0.9594244389899076
1776553893028197400,27.236197265625,-0.8206377534598112,-0.1400695649474859,-0.5158867083450779
1776553893038176300,27.24617626953125,-1.750612079951167,-0.0626975714534521,0.0678700056552887
1776553893048155400,27.2561552734375,-1.467056419610977,0.5451712915509939,0.0608136391366831
1776553893058135600,27.266135498046875,-1.0687298862308263,0.9217664701163768,-0.146020253512822
1776553893068114200,27.2761142578125,-1.2855495133817194,0.9047948770493268,-0.0670854128825478
1776553893078093300,27.28609326171875,-1.7639982157468794,0.6158773974150419,0.1340440210476517
1776553893088073500,27.29607348632813,-1.7797616020679472,0.4586640977039933,0.1990597880492918
1776553893098052600,27.30605249023437,-1.4020084856390953,0.3721308926329016,0.1342697926275432
1776553893108031200,27.31603125,-1.2348381477981805,0.319430691319704,-0.09919583976469
1776553893118011100,27.32601123046875,-1.261338616710901,0.3363806570768356,-0.2420529622046277
1776553893127990300,27.335990234375,-1.4062170432448386,0.3678060151711106,-0.2891284189712256
1776553893137969200,27.34596923828125,-1.55694419580698,0.421297366861999,-0.2698701945380307
1776553893147948300,27.3559482421875,-1.6518196972876786,0.4508659911736846,-0.2683851253457367
1776553893157928200,27.36592822265625,-1.644107515475154,0.4258513769045471,-0.2488131770545616
1776553893167907300,27.3759072265625,-1.5340578257381916,0.3470014198124408,-0.2489823596090078
1776553893177886200,27.38588623046875,-1.3060773376256227,0.2638525964826345,-0.3068560180373489
1776553893187866000,27.3958662109375,-0.974351812878251,0.2313438270658254,-0.3872830151878297
1776553893197845200,27.40584521484375,-0.6602274112731218,0.2298515426814556,-0.4593501437393948
1776553893207824100,27.41582421875,-0.5009504570305348,0.1993815856158733,-0.3888184080615639
1776553893217804500,27.42580444335937,-0.4801952537715435,0.2048103326663374,-0.2971586537569761
1776553893227783200,27.435783203125,-0.5293301638185978,0.247555249415338,-0.2250023308183066
1776553893237762300,27.44576220703125,-0.6123164900630712,0.2258858539208769,0.0049181397803593
1776553893247742500,27.455742431640623,-0.623012656122446,0.2804556484982371,0.2013640646699815
1776553893257721300,27.465721435546875,-0.5619762958794832,0.3812193312346935,0.3272743174921721
1776553893267700200,27.4757001953125,-0.5084750073164701,0.4414622030124068,0.3461190109547227
1776553893277680400,27.48568041992188,-0.485209282541275,0.4886664372578263,0.2667988790675997
1776553893287659500,27.49565942382813,-0.4265589406520128,0.50384062551409,0.1866753401094116
1776553893297638400,27.50563842773437,-0.3553969077140093,0.5409314620241522,0.1194747216156683
1776553893307618300,27.515618408203125,-0.2387047112226486,0.5687105725705623,0.1182184288111049
1776553893317597400,27.525597412109377,-0.0993733974218368,0.5648422067046165,0.1644571150931529
1776553893327576300,27.535576416015623,-0.0184200383096933,0.4957891287446022,0.2313359908192418
1776553893337556500,27.54555639648437,-0.0154945062518119,0.396826650211215,0.2759845857650972
1776553893347535400,27.555535400390625,-0.0375847575068473,0.3142544577255844,0.2923027746910229
1776553893357514500,27.56551440429688,-0.0298924494385719,0.2552151165187358,0.2553463782155886
1776553893367494400,27.575494384765623,-0.0111906715780496,0.2316790503695607,0.1865928494577296
1776553893377473300,27.585473388671875,0.0189145438283681,0.219926945516467,0.125334425695613
1776553893387452400,27.595452392578125,0.0816851805180311,0.2423658640787005,0.0940619657412637
1776553893397432300,27.60543237304688,0.1869862144231796,0.287680923576653,0.1213702530386857
1776553893407411500,27.615411376953126,0.2383779634863138,0.3143769150614738,0.1573082297191955
1776553893417390300,27.62539038085937,0.2855366050243377,0.3233011030122638,0.1494963686581701
1776553893427370200,27.635370361328125,0.360526087296009,0.3505401153326034,0.1568413245934992
1776553893437349400,27.64534936523437,0.3875076177239417,0.3794704417407512,0.1793559204741381
1776553893447328300,27.655328369140623,0.3268938668072223,0.3419321537241339,0.1935935585326515
1776553893457307400,27.665307373046875,0.2251268522471189,0.2887675497695803,0.1623245783101767
1776553893467287300,27.675287353515625,0.1457996330320835,0.2853229622736573,0.0836234185716137
1776553893477266400,27.68526635742188,0.1372287885636091,0.2723322555363178,0.0223974905733019
1776553893487245300,27.695245361328126,0.2193815865933895,0.2135959889292716,0.0175640790674835
1776553893497225200,27.70522509765625,0.294624166843295,0.1203416589096188,0.0340284167321398
1776553893507204400,27.715204345703125,0.3008721213221549,0.0369201561182737,0.0364209013592451
1776553893517183200,27.72518334960937,0.2271364385038614,0.0189139593064785,0.0364204629678279
1776553893527163400,27.735163330078127,0.1528665026783943,0.0848714093387126,0.052544389696978
1776553893537142300,27.745142333984376,0.0644482145130634,0.1202183247908949,0.0264322259820997
1776553893547121400,27.755121337890625,0.0380021061360836,0.1271104223921895,0.0281606937425211
1776553893557101300,27.76510131835937,0.0365571680247783,0.1471478327706456,0.0511878239888697
1776553893567080200,27.775080078125,0.0244721779555082,0.1396022396966814,0.0789482298348099
1776553893577059300,27.78505932617188,-0.0119394441187381,0.1051239237725734,0.068595141592063
1776553893587039200,27.795039306640625,-0.011249708288908,0.0924903599098324,0.0317127602009102
1776553893597018400,27.80501831054688,0.0060831193059682,0.0720940530911087,-0.0003025996757671
1776553893606997200,27.814997314453127,-0.024683190357685,0.0805798496246337,-0.0403779684219509
1776553893616977200,27.82497705078125,-0.0497521651625633,0.078669632089138,-0.0679656845821067
1776553893626956300,27.834956298828125,-0.0014426000237464,0.1214861527696251,-0.0542307353487238
1776553893636935200,27.84493505859375,0.0702180300861597,0.0977995722338557,-0.0010668620465323
1776553893646915000,27.8549150390625,0.1479641175895929,0.0500870962053537,0.0282929783526808
1776553893656894200,27.864894287109376,0.2128396176040172,0.0509852140888571,0.0536591825384646
1776553893666873300,27.874873291015625,0.22441607362926,0.0413499552592635,0.0377816683184355
1776553893676853500,27.884853515625,0.1553197410494089,0.0290033916443586,-0.011599763835594
1776553893686832400,27.894832275390623,0.0967588310092687,0.0552516393616795,-0.0736034347407519
1776553893696811300,27.90481127929688,0.0510305145353078,0.1092030097797513,-0.1257634647626429
1776553893706790100,27.9147900390625,0.0288444016903638,0.1625049763783812,-0.1003193730350583
1776553893716770300,27.92477026367188,0.0190793790012598,0.17275544449687,-0.0569290710546076
1776553893726749400,27.93474951171875,0.0345090033233165,0.1808046031787991,-0.0104787969816476
1776553893736728300,27.944728271484376,0.1093792431294918,0.1411085526064038,0.0394110230859369
1776553893746708500,27.95470849609375,0.1640788015663623,0.1324164198458194,0.0568522064261138
1776553893756687400,27.96468725585937,0.1717003824859857,0.147266490714252,0.0484284422781318
1776553893766666500,27.97466650390625,0.1267173314213752,0.1507593012660741,0.0271885242421179
1776553893776646400,27.984646484375,0.0792044696182012,0.1481912043437361,0.0097538437079638
1776553893786625300,27.994625244140625,0.04405132317245,0.1716875230044126,0.0101579675294458
1776553893796604400,28.0046044921875,-0.0069072951704263,0.1771925501614809,0.0055352030996233
1776553893806584300,28.014584228515623,-0.0403261651694774,0.1720388206601142,-0.0271806331966072
1776553893816563500,28.0245634765625,-0.0395253701806068,0.1862383186653256,-0.0377824720360338
1776553893826542300,28.034542236328125,-0.0394026205837726,0.2087535173341631,-0.0083969492062926
1776553893836522200,28.04452221679687,-0.0731722037166357,0.1917819242671131,0.0352093336123973
1776553893846501400,28.05450146484375,-0.1253080491453409,0.2032160492122173,0.0649045069132
1776553893856480300,28.064480224609376,-0.160274733108282,0.2249973806485533,0.0727758248101919
1776553893866460400,28.07446044921875,-0.1874561700224876,0.2340150921016931,0.0818869867004454
1776553893876439300,28.08443920898437,-0.1757628096193075,0.2416267361491918,0.1004207145176827
1776553893886418400,28.09441845703125,-0.1298386783123016,0.2403352350339293,0.1051901208765804
1776553893896398300,28.1043984375,-0.1065145013481378,0.2029787333250045,0.0907004077531397
1776553893906377200,28.114377197265625,-0.0939092867970466,0.183686296094954,0.0896188961267471
1776553893916356400,28.1243564453125,-0.0449263524413108,0.1753060057625174,0.0379470149479806
1776553893926336300,28.134336181640624,-0.0271259073346853,0.1571539707392454,0.0219200092546641
1776553893936315400,28.1443154296875,0.0011216975063085,0.1405801448181271,0.000949628875032
1776553893946294300,28.154294189453125,0.044333062723279,0.1159653435215353,-0.0061323652751743
1776553893956273400,28.1642734375,0.1223515374273061,0.1105392268195748,0.0108375472914427
1776553893966253300,28.17425341796875,0.1702759026408195,0.0906269041255116,0.0302042188014835
1776553893976232200,28.184232177734376,0.1794020429044961,0.0674947426021099,0.0458192826930433
1776553893986211300,28.19421142578125,0.1833130788683891,0.0930827728450298,0.039689036309719
1776553893996191200,28.20419116210937,0.1675298188030719,0.0861605723664164,0.038284722469747
1776553894006170400,28.21417041015625,0.1423988846778869,0.084044603125751,0.0149631027888506
1776553894016149200,28.22414916992188,0.121723176395893,0.0887926744356751,0.0179883688941597
1776553894026129200,28.234129150390626,0.1145762272506952,0.0869306799560785,0.0141586545381695
1776553894036108300,28.2441083984375,0.0907259805858135,0.1088438210785388,0.022079729861021
1776553894046087200,28.254087158203124,0.0842044698625802,0.1433344119623303,0.0546066925216466
1776553894056067300,28.2640673828125,0.0635942280322313,0.152134096750617,0.0455105090048164
1776553894066046200,28.27404614257813,0.0159878427267074,0.1351414608955383,0.0005645020149648
1776553894076025300,28.284025390625,-0.0405091205209493,0.148562668004632,-0.0770456841491162
1776553894086005200,28.294005126953124,-0.0880032776236534,0.1422515851616859,-0.1035209455553442
1776553894095984000,28.303984130859376,-0.1087725094079971,0.1320084235668182,-0.1076674707755446
1776553894105963300,28.31396337890625,-0.0831055687099695,0.1339016899675131,-0.1180848929587751
1776553894115943200,28.32394311523437,-0.0728325964987278,0.1199231412366032,-0.1426729889115318
1776553894125922300,28.33392236328125,-0.045802550753951,0.1036024132937192,-0.1340200191175565
1776553894135901200,28.34390112304688,-0.035235564032197,0.0754261201232671,-0.1497283873157575
1776553894145881000,28.353881103515626,-0.0697673637092113,0.0308273922011256,-0.201999476496689
1776553894155860200,28.363860107421875,-0.0961485901564359,0.0419303854957222,-0.2281497802648693
1776553894165839000,28.373839111328124,-0.0596954670280218,0.0599921118870377,-0.2265688677489757
1776553894175818200,28.383818359375,0.006339139893651,0.0666650137796998,-0.190896373604238
1776553894185798100,28.39379809570313,0.1049105732828378,0.048795887351036,-0.1256216086065396
1776553894195777300,28.40377734375,0.1900713209569454,0.048726913768053,-0.0968827861825004
1776553894205756200,28.413756103515624,0.2210901440769433,0.0453080452352762,-0.0905784984065219
1776553894215736000,28.423736083984377,0.222409409981966,0.0517354479342699,-0.0738122186532244
1776553894225715200,28.433715087890626,0.205642984098196,0.0627998627841472,-0.0754801883980631
1776553894235694000,28.443694091796875,0.2009545340210199,0.0956917862996458,-0.0657558265129104
1776553894245674200,28.45367431640625,0.2180938848704099,0.1565364233627915,-0.0335888928037136
1776553894255653000,28.46365307617188,0.2199544180452823,0.2029109287858009,0.0146598455259576
1776553894265632300,28.47363232421875,0.1997708771944046,0.2383168809488415,0.0667049804639071
1776553894275612200,28.483612060546875,0.1915910778701305,0.2848489150211215,0.1118753707941621
1776553894285591000,28.493591064453124,0.1566851841837167,0.2814671636283397,0.1058495346333831
1776553894295570200,28.503570068359377,0.1105810201346874,0.2938420765548944,0.1210707769017666
1776553894305550000,28.51355004882813,0.0550111086040735,0.2866156324326991,0.1181646801967173
1776553894315529200,28.523529296875,-0.0232189630240201,0.2432575522214174,0.1077664011053741
1776553894325508000,28.533508056640624,-0.0698059421539306,0.2024006411761045,0.0778112251615151
1776553894335488000,28.543488037109373,-0.0846335089296102,0.1353530578196048,0.0391814155811443
1776553894345467100,28.553467041015622,-0.1089735849380493,0.0533572039172053,-0.0308897168476134
1776553894355446000,28.563446044921875,-0.1106172604918479,-0.0394397377237677,-0.0981703052423894
1776553894365425200,28.573425048828124,-0.0865355431586503,-0.092312080733478,-0.1591610727779567
1776553894375405000,28.58340502929688,-0.0412707525432109,-0.1243748599484562,-0.186406880165264
1776553894385384200,28.59338427734375,0.0160047938615083,-0.1591746629118919,-0.1904826417041942
1776553894395363000,28.60336303710937,0.082975804850459,-0.1507666077896952,-0.1477878477072343
1776553894405343000,28.613343017578124,0.1712158138394355,-0.1593818759217858,-0.1224899960499256
1776553894415322000,28.623322021484373,0.214742236354947,-0.1457154618799686,-0.0821747906658798
1776553894425301000,28.633301025390622,0.2276590010732412,-0.1260541913375258,-0.0642147345507517
1776553894435281200,28.64328125,0.2170738941729068,-0.0962722165361046,-0.0640150472601875
1776553894445260000,28.653260009765624,0.1888841569989919,-0.0354576823502779,-0.046558081828989
1776553894455239200,28.6632392578125,0.1432218914985656,0.0331637261942029,-0.0269711186317726
1776553894465219300,28.67321923828125,0.0876876358032226,0.1072343400552868,0.0139093924848362
1776553894475198000,28.683197998046875,0.0549088172733783,0.1526198344409465,0.037978359934315
1776553894485177000,28.693177001953124,0.0445382299065589,0.2014388104066252,0.0790583391457796
1776553894495157200,28.7031572265625,0.0602583616077899,0.2480617376327514,0.1003873602373525
1776553894505136000,28.71313623046875,0.0627028321504592,0.2916819759115576,0.1457990485101938
1776553894515115300,28.723115234375,0.0675111092150211,0.295963306492567,0.1166215424079448
1776553894525095200,28.73309521484375,0.097961192536354,0.3060357876956462,0.081432520931214
1776553894535074300,28.74307421875,0.146774031022191,0.3045671764478087,0.0605067103456705
1776553894545053200,28.75305322265625,0.1614899541169404,0.2819029246971011,0.0710643081845715
1776553894555032300,28.7630322265625,0.1882575495332479,0.2622477916345,0.0559700167641043
1776553894565012200,28.77301220703125,0.2267290267467498,0.2518561614796519,0.0231322345886379
1776553894574991000,28.7829912109375,0.2745353185385465,0.1940831869468093,-0.0057797159126028
1776553894584970200,28.79297021484375,0.2773614818751811,0.1260536068156361,-0.077241754710488
1776553894594950100,28.8029501953125,0.2646452081650495,0.0538438183903694,-0.1613606286488473
1776553894604929300,28.81292919921875,0.2018225490272045,0.0101370708718895,-0.2469959715647622
1776553894614908200,28.822908203125,0.1407815126091241,-0.0107291915461421,-0.2985965776056051
1776553894624888000,28.83288818359375,0.1042974098205566,0.0052615737900137,-0.3217654909428208
1776553894634867200,28.8428671875,0.027872341787815,-0.0255368845775723,-0.2833879756230861
1776553894644846000,28.85284619140625,-0.0589385111808776,0.0061585226297378,-0.2398948343226686
1776553894654826200,28.862826171875,-0.0604319646090269,0.0985685107797384,-0.2586532012086361
1776553894664805000,28.87280517578125,-0.0399456414192914,0.1413596047580242,-0.2400063684057444
1776553894674784300,28.8827841796875,-0.0302747267544269,0.1751297724127769,-0.1727044084293767
1776553894684764200,28.89276416015625,-0.0241875157952308,0.1899117464810609,-0.0961301411842927
1776553894694743000,28.90274291992188,-0.0133241764754056,0.2254144370168447,-0.0772749263277277
1776553894704722200,28.91272216796875,-0.0565332036048173,0.2586395380094647,-0.0963028674026951
1776553894714701000,28.922701171875,-0.0847223562568426,0.2807885337144136,-0.1226900121340528
1776553894724681200,28.93268115234375,-0.099341248717904,0.29857816516608,-0.1377133937427774
1776553894734660000,28.94266015625,-0.1293207919180393,0.3065346771284937,-0.1571206164589151
1776553894744639200,28.95263916015625,-0.1535281814575195,0.3083963793471455,-0.1607173257766291
1776553894754619100,28.962619140625,-0.1691618039190769,0.3213827021703124,-0.1390777774311602
1776553894764598000,28.972597900390625,-0.1237432840466499,0.2999108750745654,-0.1243573608243837
1776553894774577200,28.9825771484375,-0.0302367328315973,0.255738848131895,-0.0932529417801648
1776553894784557000,28.99255712890625,0.0657300710171461,0.186000710517168,-0.0530572711225599
1776553894794536200,29.0025361328125,0.1480775148361921,0.1003603626325726,-0.014963577712886
1776553894804515000,29.01251513671875,0.2236006655931472,0.0377341028496623,0.0099136373795568
1776553894814495000,29.02249487304688,0.2721586525350808,-0.0100435473695397,0.0648592429993674
1776553894824474000,29.03247412109375,0.2990641951173544,-0.0606198883965611,0.1367555815612897
1776553894834453000,29.042452880859376,0.2939706713706255,-0.0985389924243092,0.1648868665462359
1776553894844433200,29.05243310546875,0.2635036369144916,-0.1206184300243854,0.1786130844838917
1776553894854412000,29.062412109375,0.2056423995763063,-0.1191121171146631,0.2037047460446134
1776553894864391200,29.07239111328125,0.1302729780763387,-0.1276890990629792,0.2361375276157632
1776553894874370000,29.0823701171875,0.0598211392343044,-0.1522358035594224,0.2839831650372594
1776553894884350000,29.092349853515625,-0.0053887073010206,-0.17693302244246,0.3084577176129445
1776553894894329000,29.1023291015625,-0.0531114124625921,-0.1800643062055111,0.3217567596470937
1776553894904308000,29.112307861328127,-0.1063800613135099,-0.1598413101270794,0.2985003141568974
1776553894914288000,29.1222880859375,-0.2250280680477619,-0.1191992108762264,0.2706891645044088
1776553894924267000,29.13226708984375,-0.3262298499405384,-0.0449964950680732,0.217549110469222
1776553894934246100,29.14224609375,-0.3679179511129856,0.0193976511701941,0.1518012845996767
1776553894944226300,29.15222631835937,-0.4049824841380119,0.0749038498148322,0.1004520595040172
1776553894954205000,29.162204833984376,-0.4309288262993097,0.1612517614468932,0.0807523201147094
1776553894964184000,29.17218408203125,-0.4214981501311063,0.2524234399735927,0.0938677857428789
1776553894974164200,29.182164306640622,-0.4000818526148796,0.3118675625890493,0.0978766560580581
1776553894984143400,29.192143310546875,-0.3392617654711007,0.3378618355453014,0.0987921634677797
1776553894994122000,29.2021220703125,-0.2741191389530897,0.388782752226293,0.1038551094131544
1776553895004101000,29.21210107421875,-0.1820832448124885,0.4351224785968661,0.0856576278129592
1776553895014081300,29.22208129882813,-0.1633113243252039,0.4177189238533377,0.0771647439515218
1776553895024060200,29.23206005859375,-0.0618137743562459,0.4108455309525132,0.0254475623263046
1776553895034039300,29.242039306640624,0.0580880318313837,0.4092266975790262,-0.0263525118093937
1776553895044019200,29.252019287109373,0.1261561904072761,0.3748740538612007,-0.0291755698734894
1776553895053998300,29.261998291015622,0.1931879916727542,0.3344716085851192,-0.0540681469318456
1776553895063977200,29.271977294921875,0.22781039224267,0.321456059667468,-0.0986474212348461
1776553895073957000,29.28195703125,0.2273363449901342,0.3015405221030116,-0.1437303890099749
1776553895083936300,29.29193627929688,0.2536211253255606,0.2829293451353907,-0.1776758036337792
1776553895093915100,29.3019150390625,0.2870879261195659,0.2538721774771809,-0.2171046911699697
1776553895103895600,29.3118955078125,0.3158428959608078,0.1948223148763179,-0.2730256080953404
1776553895113874400,29.32187451171875,0.3508639404594898,0.1418558638423681,-0.3463372202826664
1776553895113874400,29.32187451171875,0.3508639404594898,0.1418558638423681,-0.3463372202826664
1776553895113874400,29.32187451171875,0.3508639404594898,0.1418558638423681,-0.3463372202826664
1776553895113874400,29.32187451171875,0.3508639404594898,0.1418558638423681,-0.3463372202826664
1776553895113874400,29.32187451171875,0.3508639404594898,0.1418558638423681,-0.3463372202826664
1776553895113874400,29.32187451171875,0.3508639404594898,0.1418558638423681,-0.3463372202826664
1776553895113874400,29.32187451171875,0.3508639404594898,0.1418558638423681,-0.3463372202826664
1776553895113874400,29.32187451171875,0.3508639404594898,0.1418558638423681,-0.3463372202826664
1776553895113874400,29.32187451171875,0.3508639404594898,0.1418558638423681,-0.3463372202826664
1776553895113874400,29.32187451171875,0.3508639404594898,0.1418558638423681,-0.3463372202826664
1776553895113874400,29.32187451171875,0.3508639404594898,0.1418558638423681,-0.3463372202826664
1776553895113874400,29.32187451171875,0.3508639404594898,0.1418558638423681,-0.3463372202826664
1776553895113874400,29.32187451171875,0.3508639404594898,0.1418558638423681,-0.3463372202826664
1776553895113874400,29.32187451171875,0.3508639404594898,0.1418558638423681,-0.3463372202826664
1776553895113874400,29.32187451171875,0.3508639404594898,0.1418558638423681,-0.3463372202826664
1776553895113874400,29.32187451171875,0.3508639404594898,0.1418558638423681,-0.3463372202826664
1776553895113874400,29.32187451171875,0.3508639404594898,0.1418558638423681,-0.3463372202826664
1776553895113874400,29.32187451171875,0.3508639404594898,0.1418558638423681,-0.3463372202826664
1776553895113874400,29.32187451171875,0.3508639404594898,0.1418558638423681,-0.3463372202826664
1776553895113874400,29.32187451171875,0.3508639404594898,0.1418558638423681,-0.3463372202826664
1776553895113874400,29.32187451171875,0.3508639404594898,0.1418558638423681,-0.3463372202826664
1776553895113874400,29.32187451171875,0.3508639404594898,0.1418558638423681,-0.3463372202826664
1776553895113874400,29.32187451171875,0.3508639404594898,0.1418558638423681,-0.3463372202826664
1776553895113874400,29.32187451171875,0.3508639404594898,0.1418558638423681,-0.3463372202826664
1776553895113874400,29.32187451171875,0.3508639404594898,0.1418558638423681,-0.3463372202826664
1776553895113874400,29.32187451171875,0.3508639404594898,0.1418558638423681,-0.3463372202826664
1776553895113874400,29.32187451171875,0.3508639404594898,0.1418558638423681,-0.3463372202826664
1776553895113874400,29.32187451171875,0.3508639404594898,0.1418558638423681,-0.3463372202826664
1776553895113874400,29.32187451171875,0.3508639404594898,0.1418558638423681,-0.3463372202826664
1776553895113874400,29.32187451171875,0.3508639404594898,0.1418558638423681,-0.3463372202826664
1776553895113874400,29.32187451171875,0.3508639404594898,0.1418558638423681,-0.3463372202826664
1776553895113874400,29.32187451171875,0.3508639404594898,0.1418558638423681,-0.3463372202826664
1776553895113874400,29.32187451171875,0.3508639404594898,0.1418558638423681,-0.3463372202826664
1776553895113874400,29.32187451171875,0.3508639404594898,0.1418558638423681,-0.3463372202826664
1776553895113874400,29.32187451171875,0.3508639404594898,0.1418558638423681,-0.3463372202826664
1776553895113874400,29.32187451171875,0.3508639404594898,0.1418558638423681,-0.3463372202826664
1776553895113874400,29.32187451171875,0.3508639404594898,0.1418558638423681,-0.3463372202826664
1776553895113874400,29.32187451171875,0.3508639404594898,0.1418558638423681,-0.3463372202826664
1776553895113874400,29.32187451171875,0.3508639404594898,0.1418558638423681,-0.3463372202826664
1776553895113874400,29.32187451171875,0.3508639404594898,0.1418558638423681,-0.3463372202826664
1776553895113874400,29.32187451171875,0.3508639404594898,0.1418558638423681,-0.3463372202826664
1776553895113874400,29.32187451171875,0.3508639404594898,0.1418558638423681,-0.3463372202826664
1776553895113874400,29.32187451171875,0.3508639404594898,0.1418558638423681,-0.3463372202826664
1776553895113874400,29.32187451171875,0.3508639404594898,0.1418558638423681,-0.3463372202826664
1776553895113874400,29.32187451171875,0.3508639404594898,0.1418558638423681,-0.3463372202826664
1776553895113874400,29.32187451171875,0.3508639404594898,0.1418558638423681,-0.3463372202826664
1776553895113874400,29.32187451171875,0.3508639404594898,0.1418558638423681,-0.3463372202826664
1776553895113874400,29.32187451171875,0.3508639404594898,0.1418558638423681,-0.3463372202826664
1776553895113874400,29.32187451171875,0.3508639404594898,0.1418558638423681,-0.3463372202826664
1776553895113874400,29.32187451171875,0.3508639404594898,0.1418558638423681,-0.3463372202826664
1776553895113874400,29.32187451171875,0.3508639404594898,0.1418558638423681,-0.3463372202826664
1776553895113874400,29.32187451171875,0.3508639404594898,0.1418558638423681,-0.3463372202826664
1776553895113874400,29.32187451171875,0.3508639404594898,0.1418558638423681,-0.3463372202826664
1776553895113874400,29.32187451171875,0.3508639404594898,0.1418558638423681,-0.3463372202826664
1776553895113874400,29.32187451171875,0.3508639404594898,0.1418558638423681,-0.3463372202826664
1776553895113874400,29.32187451171875,0.3508639404594898,0.1418558638423681,-0.3463372202826664
1776553895113874400,29.32187451171875,0.3508639404594898,0.1418558638423681,-0.3463372202826664
1776553895113874400,29.32187451171875,0.3508639404594898,0.1418558638423681,-0.3463372202826664
1776553895113874400,29.32187451171875,0.3508639404594898,0.1418558638423681,-0.3463372202826664
1776553895113874400,29.32187451171875,0.3508639404594898,0.1418558638423681,-0.3463372202826664
1776553895113874400,29.32187451171875,0.3508639404594898,0.1418558638423681,-0.3463372202826664
1776553895113874400,29.32187451171875,0.3508639404594898,0.1418558638423681,-0.3463372202826664
1776553895113874400,29.32187451171875,0.3508639404594898,0.1418558638423681,-0.3463372202826664
1776553895113874400,29.32187451171875,0.3508639404594898,0.1418558638423681,-0.3463372202826664
1776553895113874400,29.32187451171875,0.3508639404594898,0.1418558638423681,-0.3463372202826664
1776553895113874400,29.32187451171875,0.3508639404594898,0.1418558638423681,-0.3463372202826664
1776553895113874400,29.32187451171875,0.3508639404594898,0.1418558638423681,-0.3463372202826664
1776553895113874400,29.32187451171875,0.3508639404594898,0.1418558638423681,-0.3463372202826664
1776553895113874400,29.32187451171875,0.3508639404594898,0.1418558638423681,-0.3463372202826664
1776553895113874400,29.32187451171875,0.3508639404594898,0.1418558638423681,-0.3463372202826664
1776553895113874400,29.32187451171875,0.3508639404594898,0.1418558638423681,-0.3463372202826664
1776553895113874400,29.32187451171875,0.3508639404594898,0.1418558638423681,-0.3463372202826664
1776553895113874400,29.32187451171875,0.3508639404594898,0.1418558638423681,-0.3463372202826664
1776553895113874400,29.32187451171875,0.3508639404594898,0.1418558638423681,-0.3463372202826664
1776553895113874400,29.32187451171875,0.3508639404594898,0.1418558638423681,-0.3463372202826664
1776553895113874400,29.32187451171875,0.3508639404594898,0.1418558638423681,-0.3463372202826664
1776553895113874400,29.32187451171875,0.3508639404594898,0.1418558638423681,-0.3463372202826664
1776553895113874400,29.32187451171875,0.3508639404594898,0.1418558638423681,-0.3463372202826664
1776553895113874400,29.32187451171875,0.3508639404594898,0.1418558638423681,-0.3463372202826664
1776553895113874400,29.32187451171875,0.3508639404594898,0.1418558638423681,-0.3463372202826664
1776553895113874400,29.32187451171875,0.3508639404594898,0.1418558638423681,-0.3463372202826664
1776553895113874400,29.32187451171875,0.3508639404594898,0.1418558638423681,-0.3463372202826664
1776553895113874400,29.32187451171875,0.3508639404594898,0.1418558638423681,-0.3463372202826664
1776553895113874400,29.32187451171875,0.3508639404594898,0.1418558638423681,-0.3463372202826664
1776553895113874400,29.32187451171875,0.3508639404594898,0.1418558638423681,-0.3463372202826664
1776553895113874400,29.32187451171875,0.3508639404594898,0.1418558638423681,-0.3463372202826664
1776553895113874400,29.32187451171875,0.3508639404594898,0.1418558638423681,-0.3463372202826664
1776553895113874400,29.32187451171875,0.3508639404594898,0.1418558638423681,-0.3463372202826664
1776553895113874400,29.32187451171875,0.3508639404594898,0.1418558638423681,-0.3463372202826664
1776553895113874400,29.32187451171875,0.3508639404594898,0.1418558638423681,-0.3463372202826664
1776553895113874400,29.32187451171875,0.3508639404594898,0.1418558638423681,-0.3463372202826664
1776553895113874400,29.32187451171875,0.3508639404594898,0.1418558638423681,-0.3463372202826664
1776553895113874400,29.32187451171875,0.3508639404594898,0.1418558638423681,-0.3463372202826664
1776553895113874400,29.32187451171875,0.3508639404594898,0.1418558638423681,-0.3463372202826664
1776553895113874400,29.32187451171875,0.3508639404594898,0.1418558638423681,-0.3463372202826664
1776553895113874400,29.32187451171875,0.3508639404594898,0.1418558638423681,-0.3463372202826664
1776553895113874400,29.32187451171875,0.3508639404594898,0.1418558638423681,-0.3463372202826664
1776553895113874400,29.32187451171875,0.3508639404594898,0.1418558638423681,-0.3463372202826664
1776553895113874400,29.32187451171875,0.3508639404594898,0.1418558638423681,-0.3463372202826664
1776553895113874400,29.32187451171875,0.3508639404594898,0.1418558638423681,-0.3463372202826664
1776553895113874400,29.32187451171875,0.3508639404594898,0.1418558638423681,-0.3463372202826664
1776553895113874400,29.32187451171875,0.3508639404594898,0.1418558638423681,-0.3463372202826664
1776553895113874400,29.32187451171875,0.3508639404594898,0.1418558638423681,-0.3463372202826664
1776553895113874400,29.32187451171875,0.3508639404594898,0.1418558638423681,-0.3463372202826664
1776553895113874400,29.32187451171875,0.3508639404594898,0.1418558638423681,-0.3463372202826664
1776553895113874400,29.32187451171875,0.3508639404594898,0.1418558638423681,-0.3463372202826664
1776553895113874400,29.32187451171875,0.3508639404594898,0.1418558638423681,-0.3463372202826664
1776553895113874400,29.32187451171875,0.3508639404594898,0.1418558638423681,-0.3463372202826664
1776553895113874400,29.32187451171875,0.3508639404594898,0.1418558638423681,-0.3463372202826664
1776553895113874400,29.32187451171875,0.3508639404594898,0.1418558638423681,-0.3463372202826664
1776553895113874400,29.32187451171875,0.3508639404594898,0.1418558638423681,-0.3463372202826664
1776553895113874400,29.32187451171875,0.3508639404594898,0.1418558638423681,-0.3463372202826664
1776553895113874400,29.32187451171875,0.3508639404594898,0.1418558638423681,-0.3463372202826664
1776553895113874400,29.32187451171875,0.3508639404594898,0.1418558638423681,-0.3463372202826664
1776553895113874400,29.32187451171875,0.3508639404594898,0.1418558638423681,-0.3463372202826664
1776553895113874400,29.32187451171875,0.3508639404594898,0.1418558638423681,-0.3463372202826664
1776553895113874400,29.32187451171875,0.3508639404594898,0.1418558638423681,-0.3463372202826664
1776553895113874400,29.32187451171875,0.3508639404594898,0.1418558638423681,-0.3463372202826664
1776553895113874400,29.32187451171875,0.3508639404594898,0.1418558638423681,-0.3463372202826664
1776553895113874400,29.32187451171875,0.3508639404594898,0.1418558638423681,-0.3463372202826664
1776553895113874400,29.32187451171875,0.3508639404594898,0.1418558638423681,-0.3463372202826664
1776553895113874400,29.32187451171875,0.3508639404594898,0.1418558638423681,-0.3463372202826664
1776553895113874400,29.32187451171875,0.3508639404594898,0.1418558638423681,-0.3463372202826664
1776553895113874400,29.32187451171875,0.3508639404594898,0.1418558638423681,-0.3463372202826664
1776553895113874400,29.32187451171875,0.3508639404594898,0.1418558638423681,-0.3463372202826664
1776553895113874400,29.32187451171875,0.3508639404594898,0.1418558638423681,-0.3463372202826664
1776553895113874400,29.32187451171875,0.3508639404594898,0.1418558638423681,-0.3463372202826664
1776553895113874400,29.32187451171875,0.3508639404594898,0.1418558638423681,-0.3463372202826664
1776553895113874400,29.32187451171875,0.3508639404594898,0.1418558638423681,-0.3463372202826664
1776553895113874400,29.32187451171875,0.3508639404594898,0.1418558638423681,-0.3463372202826664
1776553895113874400,29.32187451171875,0.3508639404594898,0.1418558638423681,-0.3463372202826664
1776553895113874400,29.32187451171875,0.3508639404594898,0.1418558638423681,-0.3463372202826664
1776553895113874400,29.32187451171875,0.3508639404594898,0.1418558638423681,-0.3463372202826664
1776553895113874400,29.32187451171875,0.3508639404594898,0.1418558638423681,-0.3463372202826664
1776553895113874400,29.32187451171875,0.3508639404594898,0.1418558638423681,-0.3463372202826664
1776553895113874400,29.32187451171875,0.3508639404594898,0.1418558638423681,-0.3463372202826664
1776553895113874400,29.32187451171875,0.3508639404594898,0.1418558638423681,-0.3463372202826664
1776553895113874400,29.32187451171875,0.3508639404594898,0.1418558638423681,-0.3463372202826664
1776553895113874400,29.32187451171875,0.3508639404594898,0.1418558638423681,-0.3463372202826664
1776553895113874400,29.32187451171875,0.3508639404594898,0.1418558638423681,-0.3463372202826664
1776553895113874400,29.32187451171875,0.3508639404594898,0.1418558638423681,-0.3463372202826664
1776553895113874400,29.32187451171875,0.3508639404594898,0.1418558638423681,-0.3463372202826664
1776553895113874400,29.32187451171875,0.3508639404594898,0.1418558638423681,-0.3463372202826664
1776553895113874400,29.32187451171875,0.3508639404594898,0.1418558638423681,-0.3463372202826664
1776553895113874400,29.32187451171875,0.3508639404594898,0.1418558638423681,-0.3463372202826664
1776553895113874400,29.32187451171875,0.3508639404594898,0.1418558638423681,-0.3463372202826664
1776553895113874400,29.32187451171875,0.3508639404594898,0.1418558638423681,-0.3463372202826664
1776553895113874400,29.32187451171875,0.3508639404594898,0.1418558638423681,-0.3463372202826664
1776553895113874400,29.32187451171875,0.3508639404594898,0.1418558638423681,-0.3463372202826664
1776553895113874400,29.32187451171875,0.3508639404594898,0.1418558638423681,-0.3463372202826664
1776553895113874400,29.32187451171875,0.3508639404594898,0.1418558638423681,-0.3463372202826664
1776553895113874400,29.32187451171875,0.3508639404594898,0.1418558638423681,-0.3463372202826664
1776553895113874400,29.32187451171875,0.3508639404594898,0.1418558638423681,-0.3463372202826664
1776553895113874400,29.32187451171875,0.3508639404594898,0.1418558638423681,-0.3463372202826664
1776553895113874400,29.32187451171875,0.3508639404594898,0.1418558638423681,-0.3463372202826664
1776553895113874400,29.32187451171875,0.3508639404594898,0.1418558638423681,-0.3463372202826664
1776553895113874400,29.32187451171875,0.3508639404594898,0.1418558638423681,-0.3463372202826664
1776553895113874400,29.32187451171875,0.3508639404594898,0.1418558638423681,-0.3463372202826664
1776553895113874400,29.32187451171875,0.3508639404594898,0.1418558638423681,-0.3463372202826664
1776553895113874400,29.32187451171875,0.3508639404594898,0.1418558638423681,-0.3463372202826664
1776553895113874400,29.32187451171875,0.3508639404594898,0.1418558638423681,-0.3463372202826664
1776553895113874400,29.32187451171875,0.3508639404594898,0.1418558638423681,-0.3463372202826664
1776553895113874400,29.32187451171875,0.3508639404594898,0.1418558638423681,-0.3463372202826664
1776553895113874400,29.32187451171875,0.3508639404594898,0.1418558638423681,-0.3463372202826664
1776553895113874400,29.32187451171875,0.3508639404594898,0.1418558638423681,-0.3463372202826664
1776553895113874400,29.32187451171875,0.3508639404594898,0.1418558638423681,-0.3463372202826664
1776553895113874400,29.32187451171875,0.3508639404594898,0.1418558638423681,-0.3463372202826664
1776553895113874400,29.32187451171875,0.3508639404594898,0.1418558638423681,-0.3463372202826664
1776553895113874400,29.32187451171875,0.3508639404594898,0.1418558638423681,-0.3463372202826664
1776553895113874400,29.32187451171875,0.3508639404594898,0.1418558638423681,-0.3463372202826664
1776553895113874400,29.32187451171875,0.3508639404594898,0.1418558638423681,-0.3463372202826664
1776553895113874400,29.32187451171875,0.3508639404594898,0.1418558638423681,-0.3463372202826664
1776553895113874400,29.32187451171875,0.3508639404594898,0.1418558638423681,-0.3463372202826664
1776553895113874400,29.32187451171875,0.3508639404594898,0.1418558638423681,-0.3463372202826664
1776553895113874400,29.32187451171875,0.3508639404594898,0.1418558638423681,-0.3463372202826664
1776553895113874400,29.32187451171875,0.3508639404594898,0.1418558638423681,-0.3463372202826664
1776553895113874400,29.32187451171875,0.3508639404594898,0.1418558638423681,-0.3463372202826664
1776553895113874400,29.32187451171875,0.3508639404594898,0.1418558638423681,-0.3463372202826664
1776553895113874400,29.32187451171875,0.3508639404594898,0.1418558638423681,-0.3463372202826664
1776553895113874400,29.32187451171875,0.3508639404594898,0.1418558638423681,-0.3463372202826664
1776553895113874400,29.32187451171875,0.3508639404594898,0.1418558638423681,-0.3463372202826664
1776553895113874400,29.32187451171875,0.3508639404594898,0.1418558638423681,-0.3463372202826664
1776553895113874400,29.32187451171875,0.3508639404594898,0.1418558638423681,-0.3463372202826664
1776553895113874400,29.32187451171875,0.3508639404594898,0.1418558638423681,-0.3463372202826664
1776553895113874400,29.32187451171875,0.3508639404594898,0.1418558638423681,-0.3463372202826664
1776553895113874400,29.32187451171875,0.3508639404594898,0.1418558638423681,-0.3463372202826664
1776553895113874400,29.32187451171875,0.3508639404594898,0.1418558638423681,-0.3463372202826664
1776553895113874400,29.32187451171875,0.3508639404594898,0.1418558638423681,-0.3463372202826664
1776553895113874400,29.32187451171875,0.3508639404594898,0.1418558638423681,-0.3463372202826664
1776553895113874400,29.32187451171875,0.3508639404594898,0.1418558638423681,-0.3463372202826664
1776553895113874400,29.32187451171875,0.3508639404594898,0.1418558638423681,-0.3463372202826664
1776553895113874400,29.32187451171875,0.3508639404594898,0.1418558638423681,-0.3463372202826664
1776553895113874400,29.32187451171875,0.3508639404594898,0.1418558638423681,-0.3463372202826664
1776553895113874400,29.32187451171875,0.3508639404594898,0.1418558638423681,-0.3463372202826664
1776553895113874400,29.32187451171875,0.3508639404594898,0.1418558638423681,-0.3463372202826664
1776553895113874400,29.32187451171875,0.3508639404594898,0.1418558638423681,-0.3463372202826664
1776553895113874400,29.32187451171875,0.3508639404594898,0.1418558638423681,-0.3463372202826664
1776553895113874400,29.32187451171875,0.3508639404594898,0.1418558638423681,-0.3463372202826664
1776553895113874400,29.32187451171875,0.3508639404594898,0.1418558638423681,-0.3463372202826664
1776553895113874400,29.32187451171875,0.3508639404594898,0.1418558638423681,-0.3463372202826664
1776553895113874400,29.32187451171875,0.3508639404594898,0.1418558638423681,-0.3463372202826664
1776553895113874400,29.32187451171875,0.3508639404594898,0.1418558638423681,-0.3463372202826664
1776553895113874400,29.32187451171875,0.3508639404594898,0.1418558638423681,-0.3463372202826664
1776553895113874400,29.32187451171875,0.3508639404594898,0.1418558638423681,-0.3463372202826664
1776553895113874400,29.32187451171875,0.3508639404594898,0.1418558638423681,-0.3463372202826664
1776553895113874400,29.32187451171875,0.3508639404594898,0.1418558638423681,-0.3463372202826664
1776553895113874400,29.32187451171875,0.3508639404594898,0.1418558638423681,-0.3463372202826664
1776553895113874400,29.32187451171875,0.3508639404594898,0.1418558638423681,-0.3463372202826664
1776553895113874400,29.32187451171875,0.3508639404594898,0.1418558638423681,-0.3463372202826664
1776553895113874400,29.32187451171875,0.3508639404594898,0.1418558638423681,-0.3463372202826664
1776553895113874400,29.32187451171875,0.3508639404594898,0.1418558638423681,-0.3463372202826664
1776553895113874400,29.32187451171875,0.3508639404594898,0.1418558638423681,-0.3463372202826664
1776553895113874400,29.32187451171875,0.3508639404594898,0.1418558638423681,-0.3463372202826664
1776553895113874400,29.32187451171875,0.3508639404594898,0.1418558638423681,-0.3463372202826664
1776553895113874400,29.32187451171875,0.3508639404594898,0.1418558638423681,-0.3463372202826664
1776553895113874400,29.32187451171875,0.3508639404594898,0.1418558638423681,-0.3463372202826664
1776553895113874400,29.32187451171875,0.3508639404594898,0.1418558638423681,-0.3463372202826664
1776553895113874400,29.32187451171875,0.3508639404594898,0.1418558638423681,-0.3463372202826664
1776553895113874400,29.32187451171875,0.3508639404594898,0.1418558638423681,-0.3463372202826664
1776553895113874400,29.32187451171875,0.3508639404594898,0.1418558638423681,-0.3463372202826664
1776553895113874400,29.32187451171875,0.3508639404594898,0.1418558638423681,-0.3463372202826664
1776553895113874400,29.32187451171875,0.3508639404594898,0.1418558638423681,-0.3463372202826664
1776553895113874400,29.32187451171875,0.3508639404594898,0.1418558638423681,-0.3463372202826664
1776553895113874400,29.32187451171875,0.3508639404594898,0.1418558638423681,-0.3463372202826664
1776553895113874400,29.32187451171875,0.3508639404594898,0.1418558638423681,-0.3463372202826664
1776553895113874400,29.32187451171875,0.3508639404594898,0.1418558638423681,-0.3463372202826664
1776553895113874400,29.32187451171875,0.3508639404594898,0.1418558638423681,-0.3463372202826664
1776553895113874400,29.32187451171875,0.3508639404594898,0.1418558638423681,-0.3463372202826664
1776553895113874400,29.32187451171875,0.3508639404594898,0.1418558638423681,-0.3463372202826664
1776553895113874400,29.32187451171875,0.3508639404594898,0.1418558638423681,-0.3463372202826664
1776553895113874400,29.32187451171875,0.3508639404594898,0.1418558638423681,-0.3463372202826664
1776553895113874400,29.32187451171875,0.3508639404594898,0.1418558638423681,-0.3463372202826664
1776553895113874400,29.32187451171875,0.3508639404594898,0.1418558638423681,-0.3463372202826664
1776553895113874400,29.32187451171875,0.3508639404594898,0.1418558638423681,-0.3463372202826664
1776553895113874400,29.32187451171875,0.3508639404594898,0.1418558638423681,-0.3463372202826664
1776553895113874400,29.32187451171875,0.3508639404594898,0.1418558638423681,-0.3463372202826664
1776553895113874400,29.32187451171875,0.3508639404594898,0.1418558638423681,-0.3463372202826664
1776553895113874400,29.32187451171875,0.3508639404594898,0.1418558638423681,-0.3463372202826664
1776553895113874400,29.32187451171875,0.3508639404594898,0.1418558638423681,-0.3463372202826664
1776553895113874400,29.32187451171875,0.3508639404594898,0.1418558638423681,-0.3463372202826664
1776553895113874400,29.32187451171875,0.3508639404594898,0.1418558638423681,-0.3463372202826664
1776553895113874400,29.32187451171875,0.3508639404594898,0.1418558638423681,-0.3463372202826664
1776553895113874400,29.32187451171875,0.3508639404594898,0.1418558638423681,-0.3463372202826664
1776553895113874400,29.32187451171875,0.3508639404594898,0.1418558638423681,-0.3463372202826664
1776553895113874400,29.32187451171875,0.3508639404594898,0.1418558638423681,-0.3463372202826664
1776553895113874400,29.32187451171875,0.3508639404594898,0.1418558638423681,-0.3463372202826664
1776553895113874400,29.32187451171875,0.3508639404594898,0.1418558638423681,-0.3463372202826664
1776553895113874400,29.32187451171875,0.3508639404594898,0.1418558638423681,-0.3463372202826664
1776553895113874400,29.32187451171875,0.3508639404594898,0.1418558638423681,-0.3463372202826664
1776553895113874400,29.32187451171875,0.3508639404594898,0.1418558638423681,-0.3463372202826664
1776553895113874400,29.32187451171875,0.3508639404594898,0.1418558638423681,-0.3463372202826664
1776553895113874400,29.32187451171875,0.3508639404594898,0.1418558638423681,-0.3463372202826664
1776553895113874400,29.32187451171875,0.3508639404594898,0.1418558638423681,-0.3463372202826664
1776553895113874400,29.32187451171875,0.3508639404594898,0.1418558638423681,-0.3463372202826664
1776553895113874400,29.32187451171875,0.3508639404594898,0.1418558638423681,-0.3463372202826664
1776553895113874400,29.32187451171875,0.3508639404594898,0.1418558638423681,-0.3463372202826664
1776553895113874400,29.32187451171875,0.3508639404594898,0.1418558638423681,-0.3463372202826664
1776553895113874400,29.32187451171875,0.3508639404594898,0.1418558638423681,-0.3463372202826664
1776553895113874400,29.32187451171875,0.3508639404594898,0.1418558638423681,-0.3463372202826664
1776553895113874400,29.32187451171875,0.3508639404594898,0.1418558638423681,-0.3463372202826664
1776553895113874400,29.32187451171875,0.3508639404594898,0.1418558638423681,-0.3463372202826664
1776553895113874400,29.32187451171875,0.3508639404594898,0.1418558638423681,-0.3463372202826664
1776553895113874400,29.32187451171875,0.3508639404594898,0.1418558638423681,-0.3463372202826664
1776553895113874400,29.32187451171875,0.3508639404594898,0.1418558638423681,-0.3463372202826664
1776553895113874400,29.32187451171875,0.3508639404594898,0.1418558638423681,-0.3463372202826664
1776553895113874400,29.32187451171875,0.3508639404594898,0.1418558638423681,-0.3463372202826664
1776553895113874400,29.32187451171875,0.3508639404594898,0.1418558638423681,-0.3463372202826664
1776553895113874400,29.32187451171875,0.3508639404594898,0.1418558638423681,-0.3463372202826664
1776553895113874400,29.32187451171875,0.3508639404594898,0.1418558638423681,-0.3463372202826664
1776553895113874400,29.32187451171875,0.3508639404594898,0.1418558638423681,-0.3463372202826664
1776553895113874400,29.32187451171875,0.3508639404594898,0.1418558638423681,-0.3463372202826664
1776553895113874400,29.32187451171875,0.3508639404594898,0.1418558638423681,-0.3463372202826664
1776553895113874400,29.32187451171875,0.3508639404594898,0.1418558638423681,-0.3463372202826664
1776553895113874400,29.32187451171875,0.3508639404594898,0.1418558638423681,-0.3463372202826664
1776553895113874400,29.32187451171875,0.3508639404594898,0.1418558638423681,-0.3463372202826664
1776553895113874400,29.32187451171875,0.3508639404594898,0.1418558638423681,-0.3463372202826664
1776553895113874400,29.32187451171875,0.3508639404594898,0.1418558638423681,-0.3463372202826664
1776553895113874400,29.32187451171875,0.3508639404594898,0.1418558638423681,-0.3463372202826664
1776553895113874400,29.32187451171875,0.3508639404594898,0.1418558638423681,-0.3463372202826664
1776553895113874400,29.32187451171875,0.3508639404594898,0.1418558638423681,-0.3463372202826664
1776553895113874400,29.32187451171875,0.3508639404594898,0.1418558638423681,-0.3463372202826664
1776553895113874400,29.32187451171875,0.3508639404594898,0.1418558638423681,-0.3463372202826664
1776553895113874400,29.32187451171875,0.3508639404594898,0.1418558638423681,-0.3463372202826664
1776553895113874400,29.32187451171875,0.3508639404594898,0.1418558638423681,-0.3463372202826664
1776553895113874400,29.32187451171875,0.3508639404594898,0.1418558638423681,-0.3463372202826664
1776553895113874400,29.32187451171875,0.3508639404594898,0.1418558638423681,-0.3463372202826664
1776553895113874400,29.32187451171875,0.3508639404594898,0.1418558638423681,-0.3463372202826664
1776553895113874400,29.32187451171875,0.3508639404594898,0.1418558638423681,-0.3463372202826664
1776553895113874400,29.32187451171875,0.3508639404594898,0.1418558638423681,-0.3463372202826664
1776553895113874400,29.32187451171875,0.3508639404594898,0.1418558638423681,-0.3463372202826664
1776553895113874400,29.32187451171875,0.3508639404594898,0.1418558638423681,-0.3463372202826664
1776553895113874400,29.32187451171875,0.3508639404594898,0.1418558638423681,-0.3463372202826664
1776553895113874400,29.32187451171875,0.3508639404594898,0.1418558638423681,-0.3463372202826664
1776553895113874400,29.32187451171875,0.3508639404594898,0.1418558638423681,-0.3463372202826664
1776553895113874400,29.32187451171875,0.3508639404594898,0.1418558638423681,-0.3463372202826664
1776553895113874400,29.32187451171875,0.3508639404594898,0.1418558638423681,-0.3463372202826664
1776553895113874400,29.32187451171875,0.3508639404594898,0.1418558638423681,-0.3463372202826664
1776553895113874400,29.32187451171875,0.3508639404594898,0.1418558638423681,-0.3463372202826664
1776553895113874400,29.32187451171875,0.3508639404594898,0.1418558638423681,-0.3463372202826664
1776553895113874400,29.32187451171875,0.3508639404594898,0.1418558638423681,-0.3463372202826664
1776553895113874400,29.32187451171875,0.3508639404594898,0.1418558638423681,-0.3463372202826664
1776553895113874400,29.32187451171875,0.3508639404594898,0.1418558638423681,-0.3463372202826664
1776553895113874400,29.32187451171875,0.3508639404594898,0.1418558638423681,-0.3463372202826664
1776553895113874400,29.32187451171875,0.3508639404594898,0.1418558638423681,-0.3463372202826664
1776553895113874400,29.32187451171875,0.3508639404594898,0.1418558638423681,-0.3463372202826664
1776553895113874400,29.32187451171875,0.3508639404594898,0.1418558638423681,-0.3463372202826664
1776553895113874400,29.32187451171875,0.3508639404594898,0.1418558638423681,-0.3463372202826664
1776553895113874400,29.32187451171875,0.3508639404594898,0.1418558638423681,-0.3463372202826664
1776553895113874400,29.32187451171875,0.3508639404594898,0.1418558638423681,-0.3463372202826664
1776553895113874400,29.32187451171875,0.3508639404594898,0.1418558638423681,-0.3463372202826664
1776553895113874400,29.32187451171875,0.3508639404594898,0.1418558638423681,-0.3463372202826664
1776553895113874400,29.32187451171875,0.3508639404594898,0.1418558638423681,-0.3463372202826664
1776553895113874400,29.32187451171875,0.3508639404594898,0.1418558638423681,-0.3463372202826664
1776553895113874400,29.32187451171875,0.3508639404594898,0.1418558638423681,-0.3463372202826664
1776553895113874400,29.32187451171875,0.3508639404594898,0.1418558638423681,-0.3463372202826664
1776553895113874400,29.32187451171875,0.3508639404594898,0.1418558638423681,-0.3463372202826664
