time,seconds_elapsed,z,y,x
1776553927957617400,2.573617431640625,-0.0048567923814058,0.0144774381637573,0.0054451456294162
1776553927967608300,2.5836083984375,0.0043687166035175,0.0139665660321712,-0.0017238235513446
1776553927977599200,2.59359912109375,0.0184860892832279,0.0149655139416456,-0.0096389075248269
1776553927987589000,2.603589111328125,0.0238017313480377,0.0236637841820716,0.0034737450917484
1776553927997580000,2.613580078125,-0.0054033203482627,0.0165647658318281,0.0048986176625592
1776553928007571200,2.6235712890625,0.0016578502096235,0.001743628796935,-0.0090756841514958
1776553928017562000,2.63356201171875,0.0084574472218751,0.0236520937442779,0.0176964915418066
1776553928027552000,2.643552001953125,0.0144115333206951,0.0233282686173915,0.0120225284254644
1776553928037543200,2.653543212890625,-0.0005167173504829,0.0190197577685117,-0.0005205898080021
1776553928047534300,2.663534423828125,-0.0072743749171495,0.0174573307573795,-0.00598575531214
1776553928057525200,2.673525146484375,0.012101941204071,0.0112684129893779,0.003404817174538
1776553928067515100,2.68351513671875,0.0151825176931917,0.0212362647742033,-0.0057107149301562
1776553928077506000,2.693506103515625,0.0056195934474468,0.0062736734420061,0.0047877776992274
1776553928087497200,2.703497314453125,0.0006923661783337,0.0120335521429777,-0.0047654425698332
1776553928097488100,2.713488037109375,-0.0109580318659543,0.0200339032471179,-0.0041868754968978
1776553928107478000,2.72347802734375,0.0160252521276474,0.0183387897670269,0.001790582344355
1776553928117469200,2.73346923828125,0.0033535482116043,0.0170563487410545,-0.0063299519401974
1776553928127460400,2.74346044921875,0.0048535775110125,0.0187064540356397,0.0057567414623918
1776553928137451300,2.753451171875,0.0074884560592472,0.0211912565886974,0.0058853591110091
1776553928147441200,2.763441162109375,0.0081401979662477,0.007788169658184,0.0115071810481604
1776553928157432000,2.77343212890625,0.0032201310902833,0.0017237550526857,0.017021775184595
1776553928167423200,2.78342333984375,-0.0031955811709165,0.0309393281430006,0.0052023270166013
1776553928177414100,2.7934140625,0.0148971248805522,0.0189759186267852,0.0026899925692239
1776553928187404000,2.803404052734375,0.006497545325756,0.0217506440371274,-0.0086035000624833
1776553928197395200,2.813395263671875,0.0095325291074812,0.0236135152995586,-0.0123538655719486
1776553928207386400,2.823386474609375,-0.0155691789232194,0.0022819734573364,-0.0130463824473321
1776553928217377300,2.833377197265625,0.0076971303738653,0.0188385559827089,0.0126506063290871
1776553928227367200,2.8433671875,0.0117662795089185,0.0078717562884092,-0.0075419261124217
1776553928237358000,2.853358154296875,-0.0012768880680203,0.0119932201325893,-0.001406674760417
1776553928247349200,2.863349365234375,0.0122581546790897,0.0186006555736064,-0.0081331517375307
1776553928257340200,2.873340087890625,-0.0188693895123898,0.0190139125496149,0.0010446182486834
1776553928267330000,2.883330078125,0.0063965691693127,0.0201075530052185,-0.002493173089181
1776553928277321200,2.8933212890625,0.0139566291600465,0.0145931734979152,0.0060794523444259
1776553928287312400,2.9033125,-0.0011781038686633,0.0180447752565145,0.0092323360179318
1776553928297303300,2.91330322265625,0.0099947397917509,0.0166360775023698,-0.0050024890289874
1776553928307293200,2.923293212890625,0.0004886602997779,0.0128781862735748,-0.0352753754527773
1776553928317284000,2.9332841796875,0.0004585574224591,0.0220902512550354,-0.0155956194055732
1776553928327275300,2.943275146484375,0.0210398654192686,0.0145522569656372,0.0128904521001037
1776553928337266200,2.95326611328125,0.0048639527745544,0.0275397488325834,0.0118497200086712
1776553928347256000,2.963256103515625,0.0020958032354712,-0.0070826517373323,-0.0188611468404298
1776553928357247200,2.973247314453125,-0.0112985158666968,0.0216296480059623,-0.0019043905829079
1776553928367238400,2.98323828125,0.0070174775466322,0.0177636202275753,-0.0055275084169348
1776553928377229300,2.993229248046875,0.0102585052944719,0.0121679921776056,0.0110836949390824
1776553928387219200,3.00321923828125,-0.0165545366987586,0.0147609312802553,-0.0155165491202613
1776553928397210000,3.013210205078125,-0.0115979372046887,0.0107937812149524,-0.0074066686604637
1776553928407201000,3.023200927734375,-0.0119207394182682,0.0218348151892423,-0.0032528643161058
1776553928417192200,3.033192138671875,0.0110682142421603,0.0150029233425855,-0.0079010965473251
1776553928427183000,3.04318310546875,0.0030041502520442,0.0084936875790357,-0.0046021828660974
1776553928437173200,3.05317333984375,0.0032072716087102,0.0218032510071992,-0.0012110060578444
1776553928447164200,3.0631640625,0.001234510231018,0.0085690909028053,0.0152885170846246
1776553928457155300,3.0731552734375,-0.0008487257838249,0.009127309307456,-0.0132092128928052
1776553928467146200,3.083146240234375,-0.0029307927548885,0.0135819506287574,0.0029413324152119
1776553928477136100,3.09313623046875,0.0099158293366432,0.0150876790165901,-0.0002741498994175
1776553928487127000,3.103126953125,-0.0027969372421503,0.0176332718461751,-0.0002351787290535
1776553928497118200,3.1131181640625,-0.0083725454173982,0.0280447757452726,0.0010622817695373
1776553928507109000,3.123109130859375,-0.0097395959869027,0.0119283382028341,0.0127268270701868
1776553928517099300,3.133099365234375,-0.0162248663529753,0.0119803606510162,0.0070885700214654
1776553928527090200,3.143090087890625,0.0012574527151882,-0.0039864392876625,-0.0076571225904626
1776553928537080600,3.15308056640625,-0.0089168814271688,0.0012917933762073,0.0038054384312592
1776553928547071700,3.16307177734375,-0.009880758023262,0.0133189157783985,-0.0008417389206122
1776553928557061600,3.1730615234375,-0.0124029699772596,0.0174286891847848,-0.0045868482996476
1776553928567052500,3.183052490234375,0.0149970781236886,0.024946225208044,-0.001133903967333
1776553928577043500,3.19304345703125,0.0042588264882564,0.0042898061484098,0.0071232212097384
1776553928587034600,3.20303466796875,-0.0061659752838313,0.0071212301820516,0.0130974002485163
1776553928597024800,3.213024658203125,0.0038204350709915,0.0067968205332756,0.0021241479805437
1776553928607015700,3.223015625,0.0040443069547414,0.0203226570606231,-0.0103869128805352
1776553928617006600,3.233006591796875,-0.0102659579485654,0.0113332949191331,0.0015405668057734
1776553928626997800,3.242997802734375,-0.0045844051808118,0.0184831666737794,-0.0087347800256451
1776553928636987600,3.252987548828125,0.0114776718258857,0.0242716869473457,0.0071546712273498
1776553928646978600,3.262978515625,0.0132438047155737,0.0085316815018653,-0.0020395338704343
1776553928656969500,3.272969482421875,-0.0181394678026437,0.0238975929379463,0.0007587779114721
1776553928666960600,3.282960693359375,-0.0266372470349073,0.0167097272604703,0.0056365765482885
1776553928676950800,3.29295068359375,0.0152818864144384,0.0107575408577919,-0.0005069859743351
1776553928686941700,3.302941650390625,0.0128431149601936,0.0135392805308103,0.0046068407749058
1776553928696932600,3.3129326171875,-0.0012307108387351,-0.0004869067341089,0.0019768164983019
1776553928706923800,3.322923828125,-0.0088949618563056,0.0082774144798517,0.0154414837232092
1776553928716913700,3.33291357421875,0.0075876786500215,0.0109650461286306,0.0070906843467382
1776553928726904600,3.342904541015625,0.0066479135818779,0.0112006084501743,-0.0093982763025211
1776553928736895500,3.3528955078125,-0.0047024786025285,0.0150151983022689,-0.0024134817493613
1776553928746886700,3.36288671875,-0.0122170920163393,0.020936405044794,0.0096767324842978
1776553928756877600,3.372877685546875,-0.0017447978407144,0.0296177241504192,0.0004112339822808
1776553928766867700,3.38286767578125,0.0026356092005968,0.0102308866351842,0.0188822946597356
1776553928776858600,3.392858642578125,-0.0037602293163537,0.0131032272011041,0.0032780946554848
1776553928786849800,3.402849853515625,0.0082043492436408,0.0105611415028572,0.0093966597341699
1776553928796840700,3.4128408203125,0.021924831560254,0.0104974286168813,-0.0089313803099794
1776553928806830600,3.42283056640625,0.0101813484050333,0.0214782568365335,-0.0066073030102765
1776553928816821500,3.432821533203125,-0.0050179742924869,0.0159644618511199,-0.0034726947789778
1776553928826812400,3.4428125,0.0062925242729485,0.0150450089186429,-0.0077385811956832
1776553928836803600,3.452803466796875,-0.0050170975096523,0.0225140296250581,0.0036715098532848
1776553928846793700,3.462793701171875,-0.0007090250521898,0.0242050514519214,0.0054860667282715
1776553928856784600,3.47278466796875,-0.0074343877844512,0.0240922387272119,0.0129612249145284
1776553928866775600,3.482775634765625,-0.0083180387511849,0.0146229841142892,-0.0035525870481971
1776553928876766700,3.4927666015625,0.0150835873633623,0.0216419229656457,-0.0127539023067802
1776553928886756600,3.502756591796875,-0.0076214347891509,0.025336101308465,-0.0124538416479714
1776553928896747500,3.51274755859375,-0.0009618307694792,0.0090454762428998,0.0099389133847085
1776553928906738400,3.522738525390625,0.001535685134679,0.0275379952669143,0.0141265423668548
1776553928916729600,3.5327294921875,-0.0086658292755484,0.0109364045560359,-0.0102691636858042
1776553928926719700,3.5427197265625,-0.0072743749171495,0.0164987148582935,-0.005644097701041
1776553928936710700,3.552710693359375,-0.005894172605127,0.0175771577447652,0.0031926585614681
1776553928946701600,3.56270166015625,-0.0008154080361127,0.0044505496680736,-0.0143031958417035
1776553928956692700,3.572692626953125,-0.0071953183315694,0.0253875392347574,-0.0086369548075133
1776553928966683600,3.58268359375,0.015915946534276,0.0123912795394659,-0.0108460045925341
1776553928976673500,3.592673583984375,-0.006911679084599,0.0322018954247236,0.0151198916526045
1776553928986664400,3.60266455078125,-0.0024964929908514,0.028028993654251,-0.0056290964947314
1776553928996655600,3.612655517578125,0.010095277556777,0.0144078800588846,-0.019969980298588
1776553929006646500,3.622646484375,-0.0127133511006832,0.0249006325006484,-0.0009670823333319
1776553929016636700,3.63263671875,-0.0034356735371053,0.0061211132287979,-0.0019409277675906
1776553929026627600,3.642627685546875,-0.0017849837206304,0.028642741638422,-0.002334507362172
1776553929036618800,3.65261865234375,-0.0023328268617391,0.0108259299188852,-0.00035985998807
1776553929046609700,3.662609619140625,-0.0070047641955316,0.0170820677042007,0.0038200012461515
1776553929056599600,3.672599609375,-0.0081703008435666,0.0170364749968051,0.0106242790000978
1776553929066590500,3.682590576171875,-0.0003873918823897,0.0254185188949108,-0.0084496064087143
1776553929076581600,3.69258154296875,0.0132832599431276,0.0289618905901908,0.0010874299105256
1776553929086572500,3.702572509765625,0.0021015023238956,0.0128285019129514,0.0084023377674631
1776553929096562700,3.712562744140625,0.0067407064318656,0.0272702842414379,0.0011618011878337
1776553929106553600,3.7225537109375,0.0053005906261503,0.0189139593064785,0.0066619740732712
1776553929116544800,3.732544677734375,0.004925473703444,0.0115273561865091,-0.0113541002451442
1776553929126535700,3.74253564453125,-0.0027932839803397,0.0249053086757659,-0.0032427813135087
1776553929136525600,3.752525634765625,0.0025075989067554,0.0171820209473371,0.0127505550056463
1776553929146516500,3.7625166015625,0.007513005978614,0.0216933608919382,-0.0091870081720175
1776553929156507600,3.772507568359375,0.0238046539574861,0.012982231169939,0.0160171327532734
1776553929166498600,3.78249853515625,0.0028185645520687,0.0069312605679035,-0.0086811821083072
1776553929176488700,3.79248876953125,-0.0001467149943113,0.0128355161756277,0.0091263685925398
1776553929186479600,3.802479736328125,0.0133525257870554,0.0200835876077413,0.0107173230118351
1776553929196470800,3.812470703125,-0.0003983516678214,0.0127110130131244,-0.0035361976023996
1776553929206461700,3.822461669921875,0.0019961422532796,0.0198947870373725,0.018154464442376
1776553929216452600,3.83245263671875,-0.0134421037666499,0.0109971948325634,0.001377106172638
1776553929226442500,3.8424423828125,0.0003562660917639,0.023821605092287,-0.0105169324683723
1776553929236433400,3.852433349609375,0.0007278758831322,0.0178904614776372,-0.0004564613634953
1776553929246424600,3.862424560546875,-0.0033434652090072,0.0070130936324596,0.0100981818999163
1776553929256415500,3.87241552734375,0.0055409752532839,0.0139560446381568,0.0054236872828565
1776553929266405600,3.882405517578125,-0.0062488312616944,0.0157417590111494,6.61514382343e-05
1776553929276396500,3.892396484375,-0.0145735920146107,0.0316653043299913,0.0032358538158005
1776553929286387700,3.9023876953125,-0.005428016398102,0.0070446578145027,0.001691556116403
1776553929296378600,3.912378662109375,0.0053343467652797,0.0358159942686557,-0.007281325247744
1776553929306368500,3.922368408203125,-0.001942220108956,0.0118231242626905,-0.004239108007634
1776553929316359400,3.932359375,-0.0058119011491537,0.0140261872649192,-0.017055143164657
1776553929326350600,3.9423505859375,-0.0138021692506968,0.0061848261147737,-0.0064620995530392
1776553929336341500,3.952341552734375,1.92892223596e-05,0.0173567929923534,-0.0038104525330942
1776553929346331600,3.96233154296875,0.0040934067934751,0.0193681328147649,-0.0017010226310696
1776553929356322600,3.972322509765625,-0.0112613987267017,0.0066734864145517,-0.0137733541481662
1776553929366313700,3.982313720703125,0.0093541038006544,0.0280430221796035,-0.0031643960147863
1776553929376304600,3.9923046875,-1.95814833045e-05,0.027879940572381,-0.0031939463362563
1776553929386295600,4.002295654296875,0.0137538000643253,0.0149357033252716,-0.001635907805874
1776553929396285400,4.012285400390625,-0.0061690440237522,0.0257540344595909,0.0094978824857855
1776553929406276600,4.022276611328125,0.0071086629614233,0.0075093527168035,0.0097744024388026
1776553929416267500,4.032267578125,-0.0093288232289254,0.023292028260231,-0.0080813941508298
1776553929426258700,4.0422587890625,0.0035480478703975,0.019213234513998,-0.002400097111403
1776553929436248600,4.05224853515625,-0.0035158991664648,0.0216541979253292,-0.0055136899541364
1776553929446239700,4.06223974609375,-0.0006853519156575,0.0135018711298704,0.0073762598224682
1776553929456230700,4.072230712890625,0.014606617501378,0.0215010531902313,0.0134165857329033
1776553929466221600,4.0822216796875,-0.0111776659660041,0.0225233819752931,-0.009715187631431
1776553929476211500,4.09221142578125,-0.0046836277715861,0.023743279159069,-0.0041647458634804
1776553929486202600,4.10220263671875,-0.0056686932861804,0.0238771346718072,0.0185985047157155
1776553929496193500,4.112193603515625,0.0121640466548502,-0.0018657938718795,0.015364057405712
1776553929506184700,4.122184814453125,0.0038023148924112,0.0196025260925292,0.0120818208646494
1776553929516175600,4.132175537109375,-0.0175945472709834,0.0099520696938037,0.0044658385687507
1776553929526165800,4.142165771484375,-0.0033795594356954,0.020613748961687,-0.0047179273334098
1776553929536156700,4.15215673828125,-0.0040057285100221,0.0157937814593315,0.0029027494039153
1776553929546147800,4.16214794921875,0.0060632455617189,0.016270166799426,0.0095371185176307
1776553929556138800,4.172138671875,-0.013181845395267,0.0304711261093616,0.0109506979428697
1776553929566128600,4.182128662109375,0.0265875626742839,0.0207516961276531,0.007996373615344
1776553929576119600,4.19211962890625,0.0001414542973041,0.0269505507677793,-0.0021838514116825
1776553929586110700,4.20211083984375,-3.78477923572e-05,0.0235538940668106,-0.0082012485376792
1776553929596102000,4.212101806640625,0.0026882161706686,0.030354806253314,0.0033699376574018
1776553929606091800,4.222091796875,0.0257464356750249,0.0109001641988754,-0.0033316240741638
1776553929616082700,4.232082763671875,0.0058855509072542,0.0224497322171926,-0.002830040360731
1776553929626073900,4.242073974609375,-0.0056190089255571,0.0087912092208862,0.0091988675731699
1776553929636064800,4.252064697265625,0.0063008537098765,0.0168085114598274,-0.0194064783640438
1776553929646054700,4.2620546875,0.0064614510990679,0.0127273796260356,-0.0080120552416658
1776553929656045600,4.272045654296875,0.0058703533381223,0.0094710081785917,0.001470963035128
1776553929666036700,4.28203662109375,0.0092728552579879,0.0140074825644493,0.0157129256423097
1776553929676027600,4.292027587890625,-0.0030406828701496,0.0114747492164373,0.0157117976977257
1776553929686018800,4.302018798828125,0.0132592945456504,0.0161164375424385,-0.0101730098349507
1776553929696008700,4.3120087890625,0.0008268062129616,0.022441548910737,0.0014312886118656
1776553929706000000,4.321999755859375,0.0076046297848224,0.0164437698006629,-0.0046524106494151
1776553929715990800,4.33199072265625,0.0250632757164537,0.017393033349514,-0.026858771697944
1776553929725981700,4.341981689453125,-0.0004091653227806,0.0157926124155521,-0.0071352952400222
1776553929735971600,4.3519716796875,0.0081640172332525,0.0170534261316061,0.0034934453060617
1776553929745962800,4.361962646484375,0.0003216331698,0.0226788647979497,-0.0042889202324207
1776553929755953700,4.37195361328125,0.0053115504115819,0.0180249015122652,-0.0021255818858044
1776553929765944800,4.38194482421875,0.0135819506287574,0.014498480951786,0.0045121756282402
1776553929775935700,4.391935791015625,0.0233726922810077,0.0258913971036672,0.0107598835119279
1776553929785926000,4.40192578125,0.0009027940586209,0.0189022688686847,-0.0033815824294229
1776553929795916800,4.411916748046875,0.0046792438574135,0.0167249248296022,-0.0015588331148261
1776553929805907700,4.42190771484375,0.0119143096774816,0.0087812723487615,-0.0341962749791797
1776553929815898600,4.431898681640625,0.000344867914915,0.0251776958763599,-0.0114424132828367
1776553929825888500,4.441888427734375,-0.0010772738426923,0.0089227266460657,-0.0109964230810059
1776553929835879700,4.451879638671875,-0.0028382921658456,0.0209960262775421,-0.0054692891234066
1776553929845870800,4.461870849609375,0.0065364160314202,0.0176017076641321,-0.0008204541039885
1776553929855861800,4.47186181640625,-0.0026005378872156,0.0278144741207361,-0.0226488349858671
1776553929865851600,4.4818515625,0.01690159657076,0.0069996496289968,-0.0076820880683604
1776553929875842800,4.4918427734375,-0.0015634499244391,0.0223877728968858,0.0065660576844355
1776553929885833700,4.501833740234375,0.0003116962976753,0.0099853874415159,-0.0205431131445802
1776553929895824600,4.51182470703125,-0.0042582419663667,0.0172235220015049,-0.0005387328194687
1776553929905815800,4.52181591796875,0.0140840549319982,0.0095312139332294,0.0141892780052963
1776553929915805700,4.5318056640625,-0.0029255320578813,0.0214116213411092,0.0366231870322721
1776553929925796900,4.541796875,-0.0012108370944857,0.0198187991917133,-0.0386197996430099
1776553929935787800,4.551787841796875,0.0122638537675142,0.0257978736013174,0.0011075000175973
1776553929945779000,4.561779052734375,0.0035866263151168,0.0198825120776891,-0.0182076239682966
1776553929955768800,4.571768798828125,0.006661795976758,-0.0040098201632499,0.014483160085068
1776553929965759700,4.581759765625,-0.0026274258941411,0.0223614694118499,0.0416044871427584
1776553929975750700,4.591750732421875,0.0191600430220365,0.0043774844318628,0.021286337293894
1776553929985741800,4.601741943359375,-0.0169727621108293,0.0155757547944784,0.0135106846239883
1776553929995731700,4.611731689453125,-0.0027301556162536,0.0149269354969263,-0.0005613739095395
1776553930005723000,4.621722900390625,0.0120621937155723,0.013355156135559,0.0038588810849701
1776553930015713800,4.6317138671875,-0.0103090664379298,0.0139291566312313,0.0102329735609935
1776553930025705000,4.641705078125,0.0008893500551581,0.0085053780168294,0.0104935241933213
1776553930035695900,4.65169580078125,0.0175656134374439,0.0197813897907733,-0.0094887310649501
1776553930045685800,4.661685791015625,0.0205330849409103,0.0062017772495746,0.0008040966242318
1776553930055676700,4.6716767578125,0.0106722006618976,0.0212315885990858,0.0059327145172283
1776553930065667600,4.68166748046875,-0.0027395079664885,0.0124199211120605,0.0137502883664099
1776553930075658800,4.69165869140625,-0.0003460369586944,0.017277298015356,0.0121952272444032
1776553930085649000,4.70164892578125,-0.0024146599262952,0.0110199911862611,-0.0087524161470355
1776553930095639800,4.711639892578125,0.0040191725134849,-0.0090010525792837,-0.0145946530689485
1776553930105630700,4.721630615234375,-0.0018818682238459,0.0174193368345499,0.0114072689042193
1776553930115622000,4.731621826171875,-0.0006515957765281,0.0093663787603378,0.003581580247241
1776553930125612800,4.74161279296875,-0.0179207104854285,0.0232931973040103,0.0078633537862449
1776553930135602700,4.751602783203125,-0.006139525668323,0.0102419925510883,0.0117637450585374
1776553930145593600,4.761593505859375,0.0152516374066472,0.0103097970902919,0.0137069926473777
1776553930155584800,4.771584716796875,0.0119448509462177,0.0268418296962976,-0.0040174509138567
1776553930165575700,4.78157568359375,-0.0087307112053036,0.0167430450081825,-0.0056262286842102
1776553930175565800,4.79156591796875,0.0072938102699816,0.0251554840445518,0.0035965768869733
1776553930185556700,4.801556640625,-0.0110655838936567,0.0052373161315917,-0.0063980076411506
1776553930195548000,4.8115478515625,0.0009440028518438,0.015399229183793,0.001073520116182
1776553930205538800,4.821538818359375,0.0013525836527347,0.0128968909740447,0.0027157115323701
1776553930215529700,4.83152978515625,-0.0060233519427478,0.0028407763838768,0.0083617043629754
1776553930225519600,4.84151953125,0.0006717617817223,0.0215875624299049,0.0122611731866607
1776553930235510800,4.8515107421875,-0.0095148473203182,0.0174736973702907,-0.007357984380261
1776553930245501700,4.861501708984375,-0.0101446696564555,0.0286246214598417,-0.0025975422125309
1776553930255492600,4.87149267578125,-0.0065638885602355,0.0104062432020902,-0.0110028756546787
1776553930265482800,4.881482666015625,0.012979454690963,0.0264648130774497,-0.0089366684064501
1776553930275474000,4.891473876953125,-0.0018491349980235,0.0221264916121959,-0.0066450960037065
1776553930285464800,4.90146484375,-0.0119124099813401,0.0092629183858633,0.0025404873962048
1776553930295455700,4.911455810546875,0.0048252281993627,0.0145744687974452,0.0041106319229118
1776553930305447000,4.921447021484375,0.0148491940855979,0.0205178873717784,-0.009588104352774
1776553930315436800,4.931436767578125,-0.0069391516134142,0.0210211607187986,0.0019195470528444
1776553930325427700,4.941427734375,-0.0105815997689962,0.0149298581063747,-0.0104169335594633
1776553930335418600,4.951418701171875,-0.0015511749647557,0.0178688341677188,-0.0193329062377568
1776553930345409500,4.961409423828125,-0.0008614391349256,0.0356873994529247,0.010968991651386
1776553930355400000,4.97139990234375,-0.0019914660781621,0.0098515319287776,-0.0105415326200891
1776553930365390800,4.981390869140625,0.0062386021286249,0.0174012166559696,-0.0054120425108354
1776553930375381800,4.9913818359375,0.0025303952604532,0.0222153389394283,-0.0067326509895734
1776553930385372700,5.00137255859375,-0.0127868547283112,0.0184118550032377,0.0024455756543669
1776553930395363800,5.01136376953125,-0.0097414956830441,0.0145037416487932,-0.008569520161068
1776553930405353700,5.021353759765625,0.0073100307524204,0.0178273331135511,-0.0049231219161534
1776553930415344600,5.0313447265625,0.0113660281449556,0.0278080443799495,-0.0094757528523681
1776553930425335600,5.04133544921875,-0.0012312953606247,0.0152004917412996,0.0171878478999249
1776553930435326700,5.05132666015625,-0.0219318458229303,0.0033896424382925,0.010975238729082
1776553930445316900,5.06131689453125,-0.0072799278751015,0.0127045832723379,0.0022305720636621
1776553930455307800,5.071307861328125,-0.0058010874941945,0.0097504096418619,-0.0005622369926422
1776553930465298700,5.081298583984375,-0.008491349491477,0.0107172088474035,0.0178628702178131
1776553930475289900,5.091289794921875,-0.0024088147073984,0.0283475580841302,0.0009920249783433
1776553930485280800,5.10128076171875,-0.002521335171163,0.0190939920485019,0.0086378589898115
1776553930495270700,5.111270751953125,0.0082483345158398,0.0321481194108724,0.0112594807642512
1776553930505261600,5.121261474609375,-0.0057744917482137,0.0173158764600753,0.0195433249848894
1776553930515252700,5.131252685546875,0.0030105799928307,0.0099842183977365,-0.0049763042749604
1776553930525243600,5.14124365234375,0.0097433953791856,0.0241565361350774,-0.0123730771624948
1776553930535233800,5.15123388671875,-0.0050809565261006,0.0090408000677824,0.0044476270586252
1776553930545224400,5.161224365234375,-0.0003831540986895,0.0258878899723291,-0.0006338180912425
1776553930555215400,5.17121533203125,-0.0021609774261713,0.0042909751921892,0.0093391802261583
1776553930565206500,5.18120654296875,0.0042930210188031,0.0148649761766195,-0.0048843699414981
1776553930575196400,5.191196533203125,0.005126841494441,0.0055973816156387,-0.0058237103179562
1776553930585187300,5.201187255859375,-0.0097755440831184,0.0117091424942016,-0.0129808155309874
1776553930595178200,5.21117822265625,0.0037289573952555,0.0187660752683877,-0.000359599693166
1776553930605169400,5.22116943359375,0.0128007371231913,0.0139887778639793,0.0004327608274994
1776553930615160600,5.23116064453125,0.0149991239503026,0.024769115075469,-0.0014998512028949
1776553930625150500,5.241150390625,0.0047393034815788,-0.0002022445738315,-0.0084589130931766
1776553930635141400,5.251141357421875,0.013496902693808,0.0185135618120431,-0.0024438631878932
1776553930645132300,5.26113232421875,-0.0027121815681457,0.013959551769495,-0.0103429595743771
1776553930655123500,5.27112353515625,-0.0018579028263688,0.0065612582117319,-0.013602765087923
1776553930665114400,5.2811142578125,-0.0006736614778637,0.0155389299154281,0.0121511232411954
1776553930675104300,5.291104248046875,-0.0053603579893708,0.0065671034306287,0.0016738332300446
1776553930685095400,5.301095458984375,-0.0065855158701539,0.0246042799025773,-0.0118177905004471
1776553930695086600,5.311086669921875,0.0028270401194691,0.0101636666178703,-0.0022177262818207
1776553930705077500,5.321077392578125,-0.00693769030869,0.0057177931249141,0.0128911781858885
1776553930715067400,5.3310673828125,-0.0043278000712394,0.0334556948781013,0.0040791864718776
1776553930725058300,5.341058349609375,0.0027206571355462,0.0032195465683937,0.0034009812496369
1776553930735049500,5.351049560546875,-0.0187158063858747,-0.001225157880783,-0.0029845459358533
1776553930745040400,5.361040283203125,-0.0136298814237117,0.0092044661968946,0.0055603375408798
1776553930755031300,5.37103125,0.0099786654397845,0.003220715612173,-0.0006825754366815
1776553930765021400,5.381021484375,-0.0123541623994708,-0.0013023147702217,-0.006212298643589
1776553930775012600,5.3910126953125,0.0117310620650649,0.0216273099184036,-0.0075793263802072
1776553930785003500,5.40100341796875,-0.0045849897027015,0.0184796595424413,-0.0026041957156034
1776553930794994400,5.410994384765625,-0.0032993338063359,0.0287760126292705,-0.0067226593185216
1776553930804984300,5.420984375,-0.0012479542344808,0.0177460845708847,0.0084444370432524
1776553930814975500,5.4309755859375,-0.0029305004939436,0.0238777191936969,-0.0003929083077237
1776553930824966400,5.44096630859375,-0.015833821208775,0.0199491475731134,0.0063039452826837
1776553930834957300,5.450957275390625,-0.009166472274065,0.0102729722112417,-0.0044338177289813
1776553930844948500,5.460948486328125,-5.87444499135e-05,0.0133750298798084,-0.0029930443361401
1776553930854938600,5.470938720703125,-0.0023716975674033,0.0108054716527462,-0.0006139260806841
1776553930864929500,5.480929443359375,0.0125341951414942,0.0127209498852491,0.0069896351250587
1776553930874920400,5.49092041015625,-0.0140507371842861,0.0193973589092493,0.0124569560536649
1776553930884911400,5.500911376953125,-0.0067629182636737,0.0186152686208486,-0.0110715706764487
1776553930894901500,5.510901611328125,0.0030628947019577,0.0136450789928436,-0.0042271481417817
1776553930904892400,5.520892333984375,-0.0024599603727459,0.0149018010556697,-0.0039701274736784
1776553930914883300,5.53088330078125,0.0125982002884149,0.0296837751239538,-0.0038084660719847
1776553930924874200,5.540874267578125,0.0001104746371507,0.0135731828004121,-0.0041125772848259
1776553930934865400,5.550865478515625,-0.0065808396950364,0.0152402392297983,0.001689473757171
1776553930944855600,5.56085546875,-0.0019318448454141,0.0196457807123661,0.0030533094562822
1776553930954846500,5.570846435546875,-0.0096451957017183,0.0083206690996885,0.006355173146422
1776553930964837400,5.58083740234375,0.0006511573851108,0.0227981072634458,-0.0098700083003845
1776553930974828500,5.59082861328125,0.0113993458926677,0.0190577516913414,-0.0016980908884666
1776553930984819500,5.6008193359375,-0.0069108023017644,0.0247118319302797,0.0047801058494253
1776553930994809300,5.610809326171875,-0.0069584408357739,0.0121866968780755,0.0130611416250467
1776553931004800300,5.62080029296875,0.0052463762208819,0.0235690916359424,-0.0008800205378094
1776553931014791400,5.63079150390625,-4.90998387336e-05,0.0093242931842803,-0.0215877998919226
1776553931024782300,5.6407822265625,-0.0058645081192255,0.0141010060667991,0.0036527686201967
1776553931034772500,5.6507724609375,-0.0063210197150707,0.0338099151432514,0.0036923745448002
1776553931044763400,5.660763427734375,0.0021861118674278,0.0066851768523454,0.0104942183130653
1776553931054754600,5.670754638671875,-0.0043041269347071,0.0303355170309543,-0.0066040698735741
1776553931064745500,5.680745361328125,-0.0027998598515987,0.013189151918888,0.0111118387547554
1776553931074736400,5.690736328125,0.0008688917890191,0.0255406839698553,0.0152270600878167
1776553931084726300,5.700726318359375,-0.00901712693125,0.0148012632906436,-0.0058578911487711
1776553931094717400,5.710717529296875,-0.0072530398681759,0.0080710782527923,0.0025129144026897
1776553931104708400,5.720708251953125,-0.0074503160059452,0.0156289462864398,-0.0041012156405951
1776553931114699300,5.73069921875,0.0043064650222659,0.0016045125871896,-0.0099277709361864
1776553931124690400,5.7406904296875,-0.0119756844758987,0.0176005386203527,-0.0045008550832048
1776553931134680600,5.7506806640625,0.0021498715102672,-0.0013157587736845,-0.0091961367599666
1776553931144671500,5.76067138671875,0.0085708444684743,0.0191401692777872,-0.0066511193191166
1776553931154662400,5.770662353515625,-0.0122159229725599,0.011456629037857,0.0043816308840177
1776553931164653300,5.7806533203125,0.0032739071041345,0.0132581255018711,0.0174846297562588
1776553931174643500,5.7906435546875,-0.0155561733111739,0.0182131175607442,-0.0105534468201687
1776553931184634400,5.80063427734375,0.0066445525810122,0.0113403091818094,-0.0035623275574995
1776553931194625300,5.810625244140625,-0.0006865209594368,0.0288718742191791,-0.0075262307863682
1776553931204616200,5.8206162109375,-0.0158791216552257,0.0144330145001411,-0.011991219971748
1776553931214607400,5.830607421875,0.0107540337264537,0.0216805014103651,0.0180511045326013
1776553931224597500,5.840597412109375,-0.0115875619411468,0.0095960958629846,0.0079915193437132
1776553931234588400,5.85058837890625,-0.0040144963383674,0.0207762460470199,0.0069293152059894
1776553931244579300,5.860579345703125,-0.004481529328227,0.0248030173450708,0.0056212785144569
1776553931254570500,5.870570556640625,-0.0237681213393807,0.0263104992985725,-0.0020189340404001
1776553931264560400,5.880560302734375,0.008258125257492,0.0261041630715131,-0.0021729327254462
1776553931274551300,5.89055126953125,-0.0067094345107674,0.0159434190630912,0.0014284071016125
1776553931284542200,5.900542236328125,0.0047954175829887,0.0214203891694545,0.0004407888703281
1776553931294533400,5.910533447265625,0.0195534262537956,0.0142640876740217,-0.0056608661727514
1776553931304524500,5.920524658203125,-0.0054833998471498,0.0163438165575265,-0.0043058394011808
1776553931314514400,5.930514404296875,0.0023152912050485,0.020201661029458,0.0096274865150917
1776553931324505300,5.94050537109375,0.0134016256257891,0.0249585001677274,0.0072740461235865
1776553931334496500,5.95049658203125,0.0023564999982714,0.039511926177144,-0.0050758465261431
1776553931344487400,5.9604873046875,-0.0007312368839979,0.0177022454291582,0.0032467588023049
1776553931354478300,5.970478271484375,-0.0116857616186141,0.0290150820821523,-0.0048380237488541
1776553931364468200,5.98046826171875,-0.0083481416285038,0.0016302315503358,-0.0064234252101974
1776553931374459400,5.99045947265625,0.0145507956609129,0.0137315882325172,0.0067432180493604
1776553931384450600,6.000450439453125,0.0017968202888965,0.0085948098659515,-0.0123078938386403
1776553931394441500,6.01044140625,-0.0127741413772106,0.0067541504353284,-0.0087680977733572
1776553931404432400,6.020432373046875,-0.002456160980463,0.0171416889369487,0.0092873221747577
1776553931414422500,6.030422607421875,0.0157613404944539,0.0040443069547414,0.0058649876098381
1776553931424413400,6.040413330078125,-0.0033089784175157,0.0136982704848051,0.009301921522268
1776553931434404400,6.050404296875,0.0075815411701798,0.0022065701335668,0.0097816358971875
1776553931444395300,6.060395263671875,0.0004062427133321,0.009597264906764,0.0065014223498525
1776553931454386400,6.070386474609375,-0.0166080204516649,0.017286650365591,-0.0097942670498974
1776553931464376600,6.08037646484375,-0.0065709028229117,0.0008154080361127,0.0040599566150223
1776553931474367500,6.090367431640625,-0.0033630466923117,0.0190045601993799,0.0013418247967027
1776553931484358400,6.1003583984375,-0.0076399933591485,0.0193166948884725,0.0058822447053156
1776553931494349600,6.110349609375,-0.005126841494441,0.0168903445243835,-0.0111985169577877
1776553931504339500,6.12033935546875,-0.0034077626168727,0.0091191260010004,-0.0036266477982513
1776553931514330400,6.130330322265625,0.0054945057630538,0.0151543145120143,-0.0022958467190619
1776553931524321300,6.1403212890625,0.0096595164880156,0.0202782333970069,0.0141716190510196
1776553931534312400,6.1503125,-0.0074251815646886,0.0052723874449729,-0.0133212447328027
1776553931544303900,6.160303955078125,0.0067354457348585,0.0094651629596948,-0.0013458890504669
1776553931554293800,6.170293701171875,-0.0061921326383948,0.0203939687311649,0.0051392534514423
1776553931564285000,6.180284912109375,-0.0093038349181413,0.0194774384081363,0.0094833379372023
1776553931574275800,6.19027587890625,-0.0053325931996107,0.0167927293688058,0.011584945292375
1776553931584267000,6.20026708984375,-0.0073906947731971,0.0192471367835998,0.0042843490885803
1776553931594257000,6.2102568359375,-0.021038988636434,0.0007294833183288,-0.0126647535854484
1776553931604247800,6.220247802734375,0.0077174425095319,0.014147767817974,-0.0050860893589444
1776553931614238700,6.23023876953125,0.0026633739903569,-0.0001554828226566,0.0047637986020185
1776553931624230000,6.24022998046875,-0.0081917820230126,0.012355623704195,0.0044510793910361
1776553931634220800,6.250220703125,0.000104337157309,0.0218336461454629,0.0203794333157362
1776553931644210700,6.260210693359375,-0.0095940500363707,-0.0088216043591499,-0.0002514266109559
1776553931654201900,6.270201904296875,0.0006406359910964,0.0383271003067493,0.0008568816908169
1776553931664192800,6.28019287109375,-0.0107540337264537,0.0187602300494909,0.0097822067193454
1776553931674184000,6.290183837890625,-0.0209060099065303,0.0165004684239625,-0.0039302521210163
1776553931684174800,6.3001748046875,-0.0155173026055097,0.0209498490482568,-0.0090788487895391
1776553931694164700,6.310164794921875,-0.0095657007247209,0.0123491939634084,0.0088466611685929
1776553931704155600,6.32015576171875,-0.004673544768989,0.0350946942567825,-0.0144234794868156
1776553931714146800,6.330146728515625,-0.0121931266188621,0.0061024085283279,0.0095067142462125
1776553931724137700,6.3401376953125,0.0141442606866359,0.0251367793440818,0.0197478939465479
1776553931734128600,6.350128662109375,0.005449497577548,0.0140957453697919,-0.0141745827596634
1776553931744118800,6.360118896484375,0.0072597618699073,0.007426350608468,-0.0070039833108196
1776553931754110000,6.37010986328125,-0.0147860657215118,0.0339145445615053,0.0051276726115029
1776553931764100900,6.380100830078125,-0.0142670102834701,0.0041489363729953,0.0298858461678493
1776553931774091800,6.390091796875,-0.0070499185115098,0.011838906353712,0.0032418131991289
1776553931784083000,6.4000830078125,-0.0035860417932271,0.0185959793984889,0.0143809829188045
1776553931794072800,6.41007275390625,-0.0040688568741083,0.0118996966302394,-0.0036549742770148
1776553931804063700,6.420063720703125,-0.0089709497019648,0.0155190561711788,0.0079807148219086
1776553931814054700,6.4300546875,8.21253255009e-05,0.0044675008028745,-0.0008260983934858
1776553931824045800,6.4400458984375,-0.020102876830101,0.0231686941415071,-0.0077401201322209
1776553931834036000,6.450035888671875,0.0049105683952569,0.0206079037427902,0.0063340892591979
1776553931844027000,6.46002685546875,0.0114978378310799,0.019136662146449,0.0108339122959412
1776553931854017800,6.470017822265625,0.000861585265398,0.0148690678298473,-0.0066908165752654
1776553931864009000,6.480009033203125,-0.0047246904343366,0.0176432087182998,-0.0154703992904396
1776553931874000000,6.489999755859375,0.0082438044711947,0.0246510416537523,0.0161033862646203
1776553931883989800,6.49998974609375,0.0019210311904549,0.0137666595458984,0.0162714637073688
1776553931893980700,6.509980712890625,0.0040437224328517,0.0236357271313667,0.0211394213701831
1776553931903971600,6.5199716796875,0.0148059394657611,0.0221317523092031,-0.0039190411738352
1776553931913962800,6.529962646484375,-0.019595511829853,0.0300584536552429,0.0081401796999387
1776553931923953700,6.53995361328125,-0.0105319154083728,0.0187023623824119,0.0083475890726549
1776553931933943800,6.54994384765625,0.0014338321954011,0.0231137490838766,0.0020818980077048
1776553931943934700,6.559934814453125,0.0012310030996799,0.0209136086910963,0.0091466761616291
1776553931953926000,6.56992578125,0.0134510177254676,0.022980478093028,-0.003902743059583
1776553931963916800,6.579916748046875,-0.0013216039925813,0.0181792152911424,0.0055424730906262
1776553931973907700,6.58990771484375,-3.27332258224e-05,0.0042360301345586,0.0039449336669174
1776553931983897600,6.599897705078125,0.0129775549948215,0.0088788875043392,-0.007997396528651
1776553931993888800,6.609888671875,0.0081152096554636,0.014832242950797,-0.0018850739610847
1776553932003879700,6.619879638671875,0.0188522922471165,0.0122568395048379,-0.0152827905967365
1776553932013870600,6.62987060546875,-0.0044321372285485,0.0068137716680765,0.0021375508848112
1776553932023861800,6.63986181640625,0.0091194182619452,0.0129255325466394,-0.0017983546588569
1776553932033852000,6.649851806640625,0.0001245031625032,0.0192155726015567,0.009936232803855
1776553932043842800,6.6598427734375,-0.0029132570981979,0.0145481653124094,0.0136188622727757
1776553932053833700,6.669833740234375,0.004436813403666,0.0224736976146698,0.004812583346921
1776553932063825000,6.679824951171875,-0.0031599253356456,0.0172691147089004,0.0065992475679842
1776553932073814800,6.689814697265625,0.0071679919332265,0.0226964004546403,0.0014884849920868
1776553932083805700,6.6998056640625,-0.0003422375664114,0.0122708680301904,-0.0023946354849962
1776553932093796600,6.709796630859375,-0.0064393853977322,0.0200011700212955,-0.0014845212030224
1776553932103787800,6.719787841796875,-0.0014215572357177,0.0310538944333791,0.0090387999069411
1776553932113779000,6.729779052734375,-0.0166857618629932,0.007182020458579,0.0044713184614665
1776553932123768800,6.739768798828125,0.0088034841805696,0.0122147539287805,0.0172647855936549
1776553932133759700,6.749759765625,-0.002937222495675,0.0088993457704782,-0.002086533083627
1776553932143751000,6.7597509765625,0.0053881227791309,0.0065881462186574,-0.0127659398044459
1776553932153741800,6.769741943359375,-0.0037552608802914,0.006741875475645,0.0129589690253604
1776553932163732700,6.779732666015625,0.0012488310173153,0.0194838681489229,0.0057422973785083
1776553932173722600,6.78972265625,-0.019390344646573,0.0234404968202114,-0.001281290248502
1776553932183713800,6.7997138671875,0.0021028174981474,0.0111029932945966,-0.005455831420212
1776553932193705000,6.809705078125,0.000524023874104,0.030198154386878,-0.0078744916681898
1776553932203695900,6.81969580078125,-0.0003831540986895,0.0150847564071416,0.0114375453114742
1776553932213686800,6.829686767578125,-0.0069578563138842,0.0248094470858573,-0.0001349560578586
1776553932223676700,6.8396767578125,-0.0091270170465111,0.0011883330017328,0.0069360326411435
1776553932233667800,6.849667724609375,-0.0082072718530893,0.0179009828716516,-0.005431920821662
1776553932243658800,6.85965869140625,0.0109147772461175,0.0100870942503213,0.0008119283042382
1776553932253649700,6.869649658203125,0.0014274024546146,0.0235597392857074,0.0100659281647065
1776553932263640800,6.879640869140625,-0.0137979314669966,0.0174158297032117,-0.0061167201814707
1776553932273631000,6.889630859375,-0.0001972761377692,0.0243733937561511,0.0064382163539528
1776553932283622000,6.899621826171875,-0.0002495908468961,0.0097901571303606,0.004373844869784
1776553932293612800,6.90961279296875,0.0083966569453477,0.0066834232866764,0.0123696248300839
1776553932303604000,6.91960400390625,0.0002063362270593,0.0341238033980131,0.0067267190057085
1776553932313595000,6.929594970703125,-0.0147989252030849,0.0125485159277915,-0.0016849848117213
1776553932323584800,6.939584716796875,-0.0037052842587232,0.0220084181904792,0.0060623368128435
1776553932333575700,6.94957568359375,0.0009521861582994,0.018480244064331,-0.0003083124639233
1776553932343566800,6.95956689453125,0.0004153028026223,0.0125081839174032,-0.0003366161098005
1776553932353557800,6.969557861328125,-0.0091693948835134,0.0294873757690191,-0.0086190172920236
1776553932363548700,6.979548583984375,-0.0056242696225643,0.0019669161587953,-0.00183512473898
1776553932373538800,6.989538818359375,0.0017296002715826,0.0172241065233945,0.0021487252993742
1776553932383530000,6.999530029296875,-0.0044765608921647,0.012482464954257,0.0004426429006969
1776553932393521000,7.00952099609375,0.0199900641053915,0.0285018718630075,0.0077455589257413
1776553932403511800,7.01951171875,-0.0060395724251866,0.0058627545535564,0.0040010340685956
1776553932413502700,7.029502685546875,-0.0081532035782933,0.0117027127534151,0.0096808561035664
1776553932423492900,7.039492919921875,0.010274141255021,0.0218722245901823,0.0069736612377921
1776553932433483800,7.04948388671875,-0.0148012632906436,0.0023211364239454,-0.0004012514443835
1776553932443474700,7.059474609375,0.0210971485644578,0.0233843827188014,-0.0120642943411134
1776553932453465600,7.069465576171875,-0.0026353169396519,0.0143897598803043,-0.0020424884459236
1776553932463456800,7.079456787109375,-0.0174389183178544,0.0132569564580917,-0.0134416699418099
1776553932473447000,7.089447021484375,0.0107373748525977,0.0205079504996538,0.0032830174257745
1776553932483437800,7.099437744140625,-0.0077720953062176,0.0188087453663349,-0.001629263435956
1776553932493428700,7.1094287109375,0.0171039872750639,0.0115343704491853,0.0098379372282652
1776553932503420000,7.119419921875,0.0002951835542917,0.0151391169428825,0.0008072795285843
1776553932513410800,7.129410888671875,-0.0021668226450681,0.0192681795716285,0.0111508053585421
1776553932523400700,7.139400634765625,-0.0130409756198525,0.0097597619920969,0.0105469942464958
1776553932533391600,7.1493916015625,-0.0126551911726593,-0.0010363573104143,0.0123013499334221
1776553932543382800,7.1593828125,0.0054845688909292,0.0311561857640743,0.0193732610810315
1776553932553373700,7.169373779296875,-0.0071755907177925,0.0124362877249717,0.0044940874157007
1776553932563364900,7.17936474609375,-0.0124877256512641,0.024006314009428,-0.0089961937410756
1776553932573355000,7.18935498046875,0.0029682021558284,0.0071662383675575,-0.0060806122550508
1776553932583346000,7.199345947265625,0.0042731472745537,0.0108773678451776,-0.0001383764242287
1776553932593336800,7.2093369140625,0.0269794846013188,0.0154448218911886,0.0004706131864339
1776553932603328000,7.219327880859375,-0.0029433599755167,0.0144639941602945,-0.0069898040884174
1776553932613319000,7.22931884765625,0.0089086981207132,0.0242909761697053,-0.0040558238625992
1776553932623308800,7.239308837890625,0.0186783969849348,0.0218435830175876,-0.0041807517167879
1776553932633299700,7.2492998046875,-0.0039338323175907,0.0216565360128879,-0.0025574293978512
1776553932643291000,7.259290771484375,0.0025321488261222,0.000619008681178,0.0012118052088655
1776553932653282000,7.269281982421875,0.0008431728258728,0.0193365686327219,-0.0007268849358661
1776553932663273000,7.27927294921875,0.0048357495933771,0.0082750763922929,-0.0146265643108636
1776553932673262800,7.289262939453125,0.0106315763905644,0.0282289001405239,0.0089804299163632
1776553932683253800,7.299253662109375,-0.0067488897383213,0.0181710319846868,-0.0163916514543583
1776553932693245000,7.309244873046875,0.0106409287407994,0.0106803839683532,0.0008589640500489
1776553932703235800,7.31923583984375,0.0174932788535952,0.0075859250843524,-0.0203339730390813
1776553932713226800,7.329226806640625,0.0023185060754418,0.0060258361607789,0.0008037267314735
1776553932723217000,7.339216796875,0.0039879005923867,0.0289139597952365,-0.0022050905625335
1776553932733208000,7.3492080078125,-0.0050610827818512,0.0187181444734334,0.0026627255363855
1776553932743199000,7.359198974609375,0.0055219782918691,0.0119967272639274,-0.0043953808481572
1776553932753190000,7.36918994140625,0.0032847207590937,0.0174900639832019,-0.0075863132434198
1776553932763181000,7.37918115234375,0.0038420623809099,0.0130827689349651,-0.0070331363400677
1776553932773171000,7.3891708984375,-0.0005567570999264,0.0152338094890117,-0.0074287937273038
1776553932783161900,7.399161865234375,-0.0018605331748723,0.0001513911694288,0.0006502349365036
1776553932793152800,7.40915283203125,0.0226668820992112,0.0209545252233743,0.0144043500946601
1776553932803144000,7.41914404296875,-0.0084741060957312,0.012836685219407,-0.0122455554924206
1776553932813134800,7.429134765625,-0.0015101123020052,0.0024473931521177,0.000515625938517
1776553932823125000,7.439125,0.0050362406015396,0.0072469023883342,-0.0197206634463276
1776553932833116000,7.449115966796875,0.0091255557417869,0.0051397009760141,-0.0091196009250357
1776553932843107000,7.459107177734375,0.0086427406609058,0.0095984339505434,0.0031442437093239
1776553932853098000,7.469097900390625,0.0010915946289896,0.0092787004768848,0.0043106297407299
1776553932863089000,7.4790888671875,0.0167535664021968,0.0318868381261825,0.0027503490209113
1776553932873078800,7.489078857421875,-0.0041276013240218,0.0145902508884668,-0.0041791716810548
1776553932883070000,7.499070068359375,-0.0014712415963411,0.0073795888572931,0.011387066366407
1776553932893060900,7.509060791015625,-0.0029936288580298,0.0127741413772106,0.0098111359863076
1776553932903051800,7.5190517578125,0.0131181325092911,0.0138759651392698,-8.27189805451e-05
1776553932913042700,7.529042724609375,0.0048269817650318,0.0260550632327795,-0.0068150320434011
1776553932923032800,7.53903271484375,0.0014279869765043,0.0107809217333793,0.0050740975270513
1776553932933024000,7.54902392578125,-0.0051946460336446,0.0299047243982553,-0.0007567777506308
1776553932943015000,7.559014892578125,-0.0067889294877648,0.0236871650576591,0.0001220646102447
1776553932953005800,7.569005859375,-0.0050394554719328,0.0142342770576477,-0.001904513880494
1776553932962997000,7.5789970703125,0.0165828860104084,0.0161176065862178,-0.001793167027086
1776553932972987000,7.58898681640625,0.0006640168666839,0.0075607906430959,0.0032684683106141
1776553932982977800,7.598977783203125,-0.0023196751192212,0.0168769005209207,0.0108474613306811
1776553932992968700,7.60896875,0.0061231590554118,0.0173094467192888,0.0122519213011255
1776553933002960000,7.6189599609375,0.0058469724625349,0.0186895029008388,0.0197897283608559
1776553933012950800,7.62895068359375,0.0151966923490166,0.0021685762107372,-0.0091493567424826
1776553933022941000,7.63894091796875,-0.0010968553259968,0.0115519061058759,-0.0192199656488839
1776553933032931800,7.648931884765625,-0.0155693250536918,0.0109422497749328,-0.0044410009550163
1776553933042923000,7.658923095703125,0.0013932079240679,0.0263806419253349,-0.0032889265767531
1776553933052914000,7.668913818359375,0.0216486449673771,0.0194815300613641,-0.0019045458465348
1776553933062904800,7.67890478515625,-0.0122255675837397,0.0258890590161085,0.0039916451857425
1776553933072894700,7.688894775390625,-0.0037409400939941,0.0110860421597957,0.0115132454627659
1776553933082886000,7.698885986328125,0.0101718499243259,0.0163239428132772,-0.0047923077438725
1776553933092876800,7.708876708984375,0.0045551790863275,0.0086041622161865,-0.0063014930306933
1776553933102868000,7.718867919921875,-0.0010229133069515,0.0168470899045467,0.0157277304857969
1776553933112859000,7.72885888671875,0.0047860652327537,0.0210737676888704,0.0074307116897543
1776553933122849000,7.73884912109375,0.0075447162911295,0.0219125566005706,0.0010079988656099
1776553933132840000,7.74883984375,0.0113566757947206,-0.0016688099950551,0.0204176647005835
1776553933142830800,7.758830810546875,0.0180903679639101,0.0202080907702446,0.001326439997903
1776553933152821800,7.76882177734375,-0.0090323245003819,0.0122451490670442,-0.0028326204768847
1776553933162813000,7.77881298828125,0.0007677695021033,0.0166050978422164,-0.0076523322509136
1776553933172803800,7.788803955078125,-0.0017351532295346,-0.0049526539713144,-0.0060678395384456
1776553933182793700,7.798793701171875,0.0003618190497159,0.0122118313193321,-0.005034824962588
1776553933192785000,7.808784912109375,0.0191734870254993,0.0140180039584636,0.0048654688782058
1776553933202776000,7.818776123046875,0.0068432900235056,0.0211778125852346,0.0050244085998507
1776553933212767000,7.82876708984375,0.0141398767724633,0.0143844991832971,0.0115464353463146
1776553933222758000,7.8387578125,-0.0020566402688622,0.0050075990289449,0.0226265729217091
1776553933232747800,7.848747802734375,0.0048252281993627,0.0117687637269496,0.0072217314144596
1776553933242739000,7.858739013671875,-0.0052092590808868,0.0214577985703945,-0.0125818062760401
1776553933252729900,7.868729736328125,-0.0099628833487629,0.0096685765773057,-0.0030521860782755
1776553933262720800,7.878720703125,0.0062295420393347,0.0217804546535015,0.0183388628322631
1776553933272712000,7.8887119140625,0.0164694887638092,0.0088239424467086,0.0042287510104011
1776553933282702000,7.8987021484375,0.0040349546045064,0.0291384162008762,-0.0174833465480478
1776553933292693000,7.90869287109375,-0.0011518003836274,0.015546528699994,0.0067434600779553
1776553933302684000,7.918683837890625,0.0110042090952396,0.0184860892832279,0.0117442549067782
1776553933312674800,7.9286748046875,0.0013432313024997,0.0262491245001554,0.0237531064333394
1776553933322666000,7.938666015625,-0.0082975804850459,0.0094675010472536,0.0032704730380326
1776553933332655900,7.94865576171875,0.0141468910351395,0.0321720848083496,-0.0015219534368487
1776553933342646800,7.958646728515625,-0.0019353519767522,0.013784195202589,0.0096941585431341
1776553933352637700,7.9686376953125,-0.0005734159737825,0.0044335985332727,0.0050115628180094
1776553933362628900,7.97862890625,0.0186702136784791,0.0090495678961277,0.0007682398595614
1776553933372619800,7.988619873046875,-0.004201835604012,0.0169727621108293,0.0013374865483026
1776553933382610000,7.99860986328125,-0.0091726097539067,0.0075537763804197,-0.0102578066081507
1776553933392600800,8.008600830078125,-0.0045370589077472,0.0006686930418014,-0.0008445930314017
1776553933402592000,8.018592041015625,0.0059533554464578,0.0166366620242595,-0.0107773689362686
1776553933412583000,8.0285830078125,-0.0021501637712121,0.0154056589245796,-0.0113613885024562
1776553933422573800,8.03857373046875,-0.0031441432446241,0.0237298351556062,-0.0194876766743604
1776553933432565000,8.04856494140625,-0.0060641223445534,0.0091956983685493,-0.0088068999803625
1776553933442555000,8.058554931640625,0.0006020575463771,0.0129962596952915,-0.012178636869206
1776553933452545800,8.0685458984375,0.0117865916445851,0.0086672905802726,-0.0123340009608538
1776553933462536700,8.07853662109375,0.0039858547657728,0.0273369197368621,0.0082504808071535
1776553933472528000,8.08852783203125,-0.0057099020794034,0.0090741178154945,0.0089340243582148
1776553933482518800,8.098518798828126,0.0065434302940964,0.0126712655246257,0.0038808097889879
1776553933492509000,8.108509033203125,-0.0046989714711904,0.0256552502602338,-0.0091961367599666
1776553933502499800,8.118499755859375,-0.0001522679522633,0.023097966992855,0.019063263550098
1776553933512491000,8.128490966796875,-6.19593203067e-05,0.0182855982750654,-0.0115929550688946
1776553933522482000,8.13848193359375,-0.0120931733757257,0.0129144266307353,0.0029095581706147
1776553933532472800,8.148472900390624,0.0074187518239021,0.028243513187766,0.0067871256897458
1776553933542462700,8.158462646484375,-0.0034279286220669,0.0082119480282068,0.0109752615619683
1776553933552453600,8.16845361328125,-0.0055807227417826,0.0103220720499753,0.0227556974604027
1776553933562444800,8.17844482421875,0.0068213704526424,0.0268272166490554,-0.006332408758765
1776553933572436000,8.18843603515625,-0.0100005850106477,0.0110533089339733,-0.0071841804496245
1776553933582427000,8.198427001953124,-0.0055205169871449,0.0144938047766685,0.0120915157081792
1776553933592416800,8.208416748046876,0.0059004562154412,0.0086474168360233,0.0061176426300778
1776553933602407700,8.21840771484375,0.0151078450217843,0.0180137955963611,-0.0053747518409043
1776553933612398800,8.22839892578125,-0.0027039982616901,0.0205582193821668,0.0004482780570397
1776553933622389800,8.2383896484375,-0.0131622639119625,0.013629296901822,0.0082527001637034
1776553933632380700,8.248380615234375,0.0064466919213533,0.0194610717952251,-0.0220223279848229
1776553933642370800,8.258370849609374,-0.001074058972299,0.0138964234054088,0.0045051933316048
1776553933652361700,8.26836181640625,0.0259232535466551,0.0287637376695871,0.0068438060467364
1776553933662353000,8.278352783203125,-0.0012500000610947,0.011797989821434,-0.0113314819879597
1776553933672343800,8.28834375,-0.0133352823913097,0.0070382280737161,-0.0155765539454994
1776553933682334700,8.298334716796875,0.0136553081259131,0.0112532154202461,0.0109794080141233
1776553933692326000,8.308325927734375,-0.0129997668266296,0.0178016141504049,0.0026603326498996
1776553933702315800,8.318315673828126,0.0086401103124022,0.0177343941330909,0.0161872925552539
1776553933712306700,8.328306640625,-0.0008534019589424,0.012325813087821,0.0009711922528687
1776553933722297600,8.338297607421875,0.0014589666366577,0.0175450090408325,0.000112579829269
1776553933732288800,8.348288818359375,-0.0014697802916169,0.013228314885497,-0.0031537513231858
1776553933742279700,8.35827978515625,0.0087625676482915,0.0284755683779716,-0.0080800287442281
1776553933752269800,8.368269775390624,0.0036477088525891,0.0175900172263383,-0.0215797992485575
1776553933762260700,8.3782607421875,-0.0053998132169246,0.0122217681914567,-0.013778555479669
1776553933772252000,8.388251953125,0.0082464348196983,0.0173702369958162,-0.0081913070989772
1776553933782242800,8.398242919921875,0.0112839028194546,0.0033721067816019,0.0064569804199272
1776553933792233700,8.408233642578125,-0.0037649054914712,0.0207540342152118,0.0083444061683025
1776553933802223600,8.4182236328125,0.0011401099458336,0.0071451955795288,-0.0115354435948422
1776553933812214800,8.42821484375,0.0103083357855677,0.0089303254306316,-0.003268102984433
1776553933822205700,8.438205810546876,-0.0096101243883371,0.0228530523210763,-0.0043621407322585
1776553933832196600,8.448196533203125,0.0070437810316681,0.0102735567331314,-0.0014935401931172
1776553933842187500,8.4581875,0.001161737255752,0.0102858316928148,0.0002905667446786
1776553933852178700,8.4681787109375,0.0182332835659384,0.0085281743705272,0.0022895083098206
1776553933862168800,8.4781689453125,0.0095268300190567,0.0293342310339212,-0.0010488651655381
1776553933872159700,8.48815966796875,0.0060728901728987,0.0035597383081912,-0.0136508694128133
1776553933882150700,8.498150634765626,0.0145844056695699,0.0158352825134992,0.0009589583923807
1776553933892141800,8.508141845703125,-0.0088625208914279,0.0038917467415332,0.0099131624555215
1776553933902132700,8.5181328125,0.0111971013188362,0.0222147544175386,0.0197284996929112
1776553933912122600,8.52812255859375,0.0067629182636737,0.017413491615653,0.0115622813694179
1776553933922113500,8.538113525390624,0.0119517190784215,0.0139852707326412,0.0014956864844309
1776553933932104700,8.548104736328124,-0.0010910101071,0.0339344183057546,0.0142024617138551
1776553933942096000,8.558095947265626,0.0163417707309126,0.0182429281771183,-0.0032719800085294
1776553933952086800,8.568086669921875,-0.0003442833930253,0.0245078337907791,0.012566795936576
1776553933962076700,8.57807666015625,-0.0149666829854249,0.0119675011694431,0.0065929822239791
1776553933972067800,8.58806787109375,0.0038125440254807,0.0159042560964822,-0.0035132322853431
1776553933982058800,8.598058837890624,0.0041968671679496,0.011132219389081,0.0045256059319712
1776553933992049700,8.608049560546876,-0.0030173019945621,0.0185813663512468,0.0092709327289601
1776553934002040800,8.618040771484376,0.0129667413398623,0.024015666359663,-0.0052011351399356
1776553934012031700,8.62803173828125,0.0019514263287186,0.0019610709398984,-0.0130722977733006
1776553934022022000,8.63802197265625,-0.0127440384998917,0.0270002351284027,-0.0014782695587491
1776553934032012800,8.6480126953125,-0.0095969726458191,0.0103074590027332,0.0071068271973636
1776553934042003700,8.658003662109374,0.0018882979646325,0.0302864171922206,0.008782756486372
1776553934051995000,8.667994873046876,0.0133951958850026,0.0253530524432659,0.0031550893303239
1776553934061985800,8.67798583984375,-0.0050216275542974,0.0196709151536226,-0.020114243040909
1776553934071975700,8.6879755859375,0.0052747255325317,0.0263701205313205,0.0080953267780598
1776553934081966600,8.697966552734375,-0.0122971715152263,0.0035334348231554,-0.0035854390050284
1776553934091957800,8.707957763671875,-0.0084387425214052,0.0220569335073232,0.0014536831067642
1776553934101948700,8.71794873046875,-0.0022916180685162,0.0073076926648616,-0.0081342842486919
1776553934111939600,8.727939697265626,-0.0077963529646396,0.0147422265797853,-0.0018893026116304
1776553934121930800,8.7379306640625,0.0108829208031296,0.0120545949310064,-0.0025405147956684
1776553934131921000,8.7479208984375,-0.0031090719312429,0.0159650463730096,-0.0035466002654051
1776553934141911800,8.757911865234375,0.0095557638525962,0.0335983182191848,-0.0026315723462961
1776553934151902700,8.76790283203125,-0.0095648239418864,0.0109931031793355,0.0001594557448755
1776553934161894000,8.777893798828124,0.0030339608684182,0.0097884035646915,-0.0208563118461752
1776553934171884800,8.787884765625,0.0035445407390594,0.0056914896398782,-0.0087111388551536
1776553934181874700,8.797874755859375,0.005585691177845,0.0272135856181383,-0.0080902350444113
1776553934191865600,8.807865478515625,0.0005737082347273,0.0280903684526681,0.0097995779792545
1776553934201856800,8.817856689453125,-0.0015942834541201,-0.0001724339574575,0.0118150368543574
1776553934211847700,8.82784765625,-0.0073579615473747,0.0219546421766281,-0.0019475995369721
1776553934221838600,8.837838623046874,-0.0036135143220424,0.0185544783443212,0.0048852786903735
1776553934231829800,8.847829833984376,-0.0066018824830651,0.0178746793866157,-0.0083338025758974
1776553934241820000,8.85781982421875,0.0009796586871147,0.0157949505031108,-0.0088010821609292
1776553934251810800,8.867810791015625,0.0196221075758337,0.0139770874261856,-0.0159987385800573
1776553934261801700,8.8778017578125,-0.0134703069478273,0.0025707272708415,-0.0008663071062881
1776553934271792600,8.887792724609374,0.0065238488107919,0.0122702835083007,0.0044855661825276
1776553934281783800,8.89778369140625,-0.0034057167902588,0.0138204355597496,-0.0058999721582513
1776553934291773700,8.907773681640625,0.007084989824891,0.0235007025748491,-0.0148904074453981
1776553934301764600,8.9177646484375,-0.0130719552800059,0.0231879833638668,-0.0117080328159267
1776553934311755800,8.927755859375,1.89969614148e-05,0.019429507613182,0.0010561397231183
1776553934321747000,8.937746826171875,0.0114624742567539,0.0209071789503097,-0.011136384107545
1776553934331737900,8.94773779296875,-0.0004424830704927,0.0200730662137269,-0.0021965601962059
1776553934341727700,8.957727783203126,0.0146896196097135,0.0255628958016633,-0.0087887432691641
1776553934351718700,8.96771875,-0.0115039753109216,0.0200701436042785,0.0089566700148629
1776553934361709800,8.977709716796875,0.0037692894056439,0.0288952550947666,-0.0085305581238586
1776553934371700700,8.98770068359375,0.0154094583168625,0.0169330146223306,-0.0079306651351042
1776553934381691600,8.997691650390625,-0.0002338087558746,0.0024690204620361,-0.0018488016378832
1776553934391682800,9.007682861328124,-0.0094447046935558,0.0244867910027503,0.001087210714817
1776553934401673000,9.0176728515625,0.0014160042777657,0.0185591545194387,-0.0157422202354529
1776553934411664000,9.027663818359375,0.0084396193042397,0.0119780225634574,0.0066027683990541
1776553934421654800,9.03765478515625,0.0168400756418704,0.0191956988573074,-0.0001045517864404
1776553934431645700,9.047645751953125,-0.0061865796804428,0.0094224928617477,-0.0161493899639695
1776553934441636900,9.057636962890625,-0.0055918286576867,0.0222924958288669,-0.0126438843273557
1776553934451626800,9.067626708984376,0.0087064535468816,0.0150204589992761,0.0037631062600295
1776553934461617700,9.07761767578125,-0.0252367325872182,0.0245890823334455,-0.0045989725622814
1776553934471608600,9.087608642578124,0.005332008677721,0.0049357028365135,0.0072283392517594
1776553934481599700,9.097599853515623,0.0136509242117404,0.0153472067356109,-0.0032234144593356
1776553934491590700,9.107590576171877,-0.009606617256999,0.0336205300509929,-0.0207634961633011
1776553934501581600,9.11758154296875,-0.0004003974944353,0.0203220725387334,-0.0010073549782158
1776553934511571700,9.12757177734375,0.0054939212411642,0.0247550865501165,-0.011992416414991
1776553934521563000,9.13756298828125,0.0142789929822087,0.0031382980257272,0.0012182121167657
1776553934531553800,9.1475537109375,-0.010824468614161,0.011807342171669,-0.0140933250838425
1776553934541546000,9.1575458984375,-0.0008668459624052,0.0198240598887205,0.0064889236278831
1776553934551537000,9.167536865234377,-0.0035413258686661,0.0124853875637054,0.012922262877319
1776553934561526800,9.17752685546875,-0.0047159226059913,0.0189139593064785,0.0084219055510358
1776553934571518000,9.18751806640625,0.0124617144271731,0.0084779054880142,0.0069114781551994
1776553934581508900,9.1975087890625,0.000557633882761,0.0271241537690162,-0.0098047199452528
1776553934591499800,9.207499755859375,-0.0077989833131432,0.0090121584951877,0.0037160248484462
1776553934601491000,9.217490966796875,0.0032753684088587,0.0155278239995241,0.0020878254249924
1776553934611481900,9.22748193359375,-0.0106783381417393,0.0148579619139432,0.0134321303619071
1776553934621472000,9.237471923828124,0.0034945641174912,-0.0002864157259464,-0.0009664293127832
1776553934631463000,9.247462890625,0.0096466570064425,0.0245487503230571,-0.0161834611969301
1776553934641454000,9.2574541015625,0.0136228671610355,0.032156302717328,-0.0063601324493298
1776553934651445000,9.267445068359375,-0.0140209265679121,0.0151689275592565,-0.0031857949958415
1776553934661436000,9.277435791015623,-0.0036956396475434,0.0214127903848886,0.0010278771764365
1776553934671425800,9.28742578125,0.0184583244934678,0.0195738845199346,-0.0158080611464334
1776553934681417000,9.2974169921875,0.0108522334039211,0.0158259301632642,-0.0038662606738274
1776553934691408000,9.307407958984374,0.0180897834420204,0.0099339495152235,0.0102598981005372
1776553934701398800,9.317398681640626,-0.0106710316181182,0.0204167650848627,0.0092329022735124
1776553934711389700,9.3273896484375,-0.0007668927192687,0.0115817167222499,-0.0199489283774048
1776553934721380900,9.337380859375,0.0194616563171148,0.0334621246188879,-0.0016421366172609
1776553934731371000,9.34737109375,-0.0060337272062897,0.0056055649220943,-0.0166150895132683
1776553934741362000,9.35736181640625,0.004931026661396,0.0029021511822938,-0.0177192604960408
1776553934751352800,9.367352783203126,-0.0064841013222932,0.0155646488785743,-0.0098163966833148
1776553934761344000,9.377343994140626,-0.0073313658013939,0.0033230069428682,-0.0009500535667175
1776553934771335000,9.3873349609375,0.0099774963960051,0.0239864402651786,0.0066967120265122
1776553934781324800,9.39732470703125,0.0115048520937561,0.0072866498768329,-0.0217834000958362
1776553934791315700,9.407315673828125,0.0050730654805898,0.0149193367123603,-0.0029882905292091
1776553934801307000,9.417306884765624,-0.0099529464766383,0.0106365448266267,-0.0027487415857147
1776553934811297800,9.4272978515625,-0.0049935705035924,0.020807810229063,0.0065608289534691
1776553934821288700,9.437288818359375,0.0191343240588903,-0.0001508066475391,-0.0159816367482068
1776553934831279900,9.44727978515625,0.0103010292619466,0.0102846626490354,-0.0253589433279354
1776553934841270000,9.45727001953125,-0.0118435825288295,0.0260369430541992,-0.0039819320759037
1776553934851261000,9.467260986328125,0.0048462709873914,0.0143833301395177,-0.0092487802626565
1776553934861251800,9.477251953125,0.0188733350351452,0.0244219090729951,-0.0269495780868222
1776553934871242800,9.48724267578125,-0.0131558341711759,0.0143991122305393,-0.0294746532847639
1776553934881234000,9.49723388671875,0.0135047937393188,0.0267716870695352,-0.0004483602554304
1776553934891224800,9.507224853515623,-0.0005339607462286,0.0135550626218318,-0.0203920736016007
1776553934901214700,9.517214599609376,0.0159349434956908,0.0149415485441684,-0.0004963275830028
1776553934911206000,9.527205810546874,0.0094990652292966,0.0266150352030992,0.0073025095996679
1776553934921197000,9.537197021484374,-0.0024736966371536,0.0147135850071907,-0.0115750906186411
1776553934931188000,9.54718798828125,-0.0049091070905327,0.0256488205194473,0.0065770905351033
1776553934941179000,9.557178955078124,-0.0017173253118991,-0.0009989479094743,0.0023715651366626
1776553934951168800,9.567168701171877,-0.0060427872955799,0.0218131878793239,0.0007383835774147
1776553934961160000,9.577159912109376,-0.0073801733791828,0.0245446586698293,-0.0082835199936525
1776553934971150800,9.58715087890625,0.0150537767469882,0.0031096564531326,-0.0054676360224373
1776553934981141800,9.597141845703124,0.0129886609107255,0.0156704473406076,-0.0116646183658856
1776553934991133000,9.6071328125,-0.0021563012510538,0.01133914013803,0.0009879196253838
1776553935001123800,9.617123779296875,-0.0204021520376205,0.0140706109285354,-0.0049959542569238
1776553935011114000,9.627114013671877,-0.0049503158837556,0.0155552965283393,-0.0048323246604297
1776553935021105000,9.63710498046875,0.0114347094669938,0.0210708450794219,-0.0102985907096881
1776553935031096000,9.647095947265624,0.0103203184843063,0.013715221619606,-0.0133923098081722
1776553935041087000,9.6570869140625,-0.0013119593814015,0.0096241529136896,-0.0003939494873397
1776553935051078000,9.667077880859376,-0.0028454525589942,0.0197007257699966,-0.009435251878621
1776553935061068800,9.67706884765625,0.0066696870222687,0.0050543607801198,-0.0128802138338796
1776553935071059000,9.687058837890625,0.0172790515810251,0.0238724584966897,0.0096162070692516
1776553935081049900,9.6970498046875,0.0238034849137067,0.0245563491076231,9.44276846479e-05
1776553935091040800,9.707040771484374,0.018459785798192,0.0086830726712942,-0.017090680268919
1776553935101031700,9.71703173828125,-0.0138061147734522,0.0069131403893232,-0.0186809451350476
1776553935111022800,9.72702294921875,0.0004749240353703,0.0280348388731479,-0.005178932441282
1776553935121013000,9.737012939453123,-0.0039279870986938,0.0052665422260761,-0.0061577006458304
1776553935131004000,9.74700390625,-0.0001692190870642,0.022129998743534,-0.0047525785216828
1776553935140994800,9.756994873046876,0.008737433207035,0.0080839377343654,-0.0069313244999852
1776553935150986000,9.766986083984374,-0.0017751929789781,0.0117260936290025,-0.0193555747272912
1776553935160977000,9.776976806640626,0.0123959557145833,0.0103220720499753,0.0049932645429158
1776553935170967800,9.7869677734375,0.0164043145731091,0.0027402386188507,0.001631674588751
1776553935180957700,9.796957763671877,-0.0019447043269872,0.0178676651239395,-0.0118217679892433
1776553935190948900,9.806948974609377,-0.0093295538812875,0.0228887081563472,-0.0238494749133242
1776553935200939800,9.816939697265624,0.0014279869765043,0.0170166012525558,-0.0103750397796509
1776553935210931000,9.826930908203124,0.0068628715068101,0.015358312651515,-0.0133477308809291
1776553935220921900,9.836921875,0.0206581726253032,0.0247357973277568,0.0019673819496762
1776553935230913000,9.8469130859375,0.0156464819431304,0.0215735339045524,0.0063767502239905
1776553935240903000,9.85690283203125,0.0146507489040493,0.0025555297017097,-0.0040902741214726
1776553935250893800,9.866893798828125,0.0001037526354193,0.0268470903933048,-0.0068205895679304
1776553935260884700,9.876884765625,-0.0031494039416313,0.0274357039362192,-0.007500356559595
1776553935270876000,9.8868759765625,0.0062771805733442,0.0280360079169273,-0.0084697176149813
1776553935280866800,9.89686669921875,0.0256739549607038,-0.0006774608701467,-0.0121512511053588
1776553935290857700,9.906857666015624,0.0125301034882664,0.0129331313312053,-0.0183476626266492
1776553935300847900,9.916847900390623,-0.010746142680943,0.0378366864413022,-0.0194423442618688
1776553935310839000,9.926839111328125,-0.0092120649814605,0.0082809216111898,-0.0168085890916408
1776553935320830000,9.936829833984374,0.013832710519433,0.0186871648132801,-0.0267230164890643
1776553935330820900,9.94682080078125,0.0017111878320574,0.0168120185911655,0.0051673881339607
1776553935340812000,9.95681201171875,-0.0111140992105007,0.0222977565258741,0.0004327288614585
1776553935350802000,9.966802001953123,-0.0130190560489892,0.034258243432641,-0.0111333610333967
1776553935360792800,9.976792724609377,0.0130646487563848,0.0135275900930166,-0.0165043591477908
1776553935370783700,9.98678369140625,-0.0011290040299296,0.0090747023373842,0.0023734785325359
1776553935380775000,9.99677490234375,-0.0018207856863737,0.0044902971565723,0.0143800239375792
1776553935390765800,10.006765869140626,-0.0032180852636694,0.0239168821603059,0.0178001619788352
1776553935400756700,10.0167568359375,0.0085275898486375,0.0204968445837497,-0.0006039161433232
1776553935410747000,10.026746826171877,0.0069780223190784,0.0159814129859209,-0.0067792711768532
1776553935420738000,10.036738037109377,0.0019923428609967,0.0184562786668539,-0.0011107605537632
1776553935430729000,10.04672900390625,0.0081248542666435,0.0251110603809356,-0.0074445392857072
1776553935440720000,10.056719970703124,0.0149649294197559,0.0106079032540321,-0.0187403928378596
1776553935450710800,10.066710693359376,0.003024900779128,0.0143003280311822,-0.0147276865977793
1776553935460702000,10.076701904296876,0.0021375965505838,0.0157534494489431,-0.0065934571480145
1776553935470691800,10.08669189453125,-0.0126364864721894,0.0145452427029609,-0.0097816952626919
1776553935480682800,10.096682861328125,-8.03717598319e-05,0.0175005853772163,0.0036386624630307
1776553935490673700,10.106673583984374,6.28361031413e-05,0.0192985747098922,-0.0117304866763297
1776553935500664800,10.116664794921874,-0.0078042440101504,0.0212269124239683,-0.0047454409614205
1776553935510656000,10.126656005859376,0.0159922266408801,0.0055149640291929,-0.0237786153339315
1776553935520647000,10.13664697265625,0.0045429041266441,0.0164595518916845,-0.0142796368696028
1776553935530636800,10.14663671875,0.0139478613317012,0.0189694888859987,-0.0011136511971708
1776553935540626400,10.15662646484375,0.0166857618629932,0.0093412443190813,0.0076539899184601
1776553935550617300,10.166617431640624,0.0028998130947351,0.0163403094261884,-0.0013017074154457
1776553935560608500,10.1766083984375,0.0100707276374101,0.0164922851175069,-0.0144056378694484
1776553935570599700,10.186599609375,0.0024696049839258,0.0259527719020843,0.0087952369420323
1776553935580589600,10.196589599609377,-0.0118459206163883,0.0294908829003572,-0.0176418022125028
1776553935590580500,10.20658056640625,0.0030672786161303,0.0219131411224603,0.0013871161099988
1776553935600571600,10.216571533203124,-0.0095320907160639,0.0101005382537841,0.0069878724262351
1776553935610562600,10.2265625,-0.0145069565191864,0.01534896030128,-0.0083157919951714
1776553935620553500,10.236553466796876,-0.0108054716527462,0.0185422033846378,-0.0109023515893844
1776553935630544400,10.24654443359375,0.0103033673495054,0.0088818101137876,-0.0037077730433316
1776553935640534500,10.256534423828125,0.010669570313394,0.0164963767707347,0.0032079109295271
1776553935650525700,10.266525634765625,-0.0115787941128015,0.0242640881627798,-0.0040436356678837
1776553935660516600,10.2765166015625,0.0112014852330088,0.001469488030672,0.0013335181926609
1776553935670507500,10.286507568359376,0.0163379713386297,0.0251397019535303,0.0011555404104059
1776553935680498700,10.296498779296876,0.0008402502164244,0.0106073187321424,0.0029644940950907
1776553935690489600,10.306489501953124,-0.0013622282639145,0.0315045608103275,0.0109639547166647
1776553935700479500,10.3164794921875,0.0035877953588962,0.0241284790843725,-0.0005907278681872
1776553935710470400,10.326470458984376,0.0112006084501743,0.0136585229963064,-0.0159213624949101
1776553935720461600,10.336461669921874,0.0032958266749978,0.0266688112169504,-0.0266904156939825
1776553935730452500,10.346452392578126,-0.003537818737328,0.0092155721127986,0.0022823433500947
1776553935740443400,10.356443359375,0.0048255204603075,0.0252314718902111,-0.0004146315157646
1776553935750434600,10.3664345703125,-0.0083332363203167,0.0091501056611537,-0.0065915072195231
1776553935760424700,10.3764248046875,-0.003351356254518,0.0165115743398666,-0.0031141727980459
1776553935770415600,10.38641552734375,-0.0065866849139332,0.0099111531615257,-0.0102513083687052
1776553935780406500,10.396406494140624,0.0026186580657958,0.0080927055627107,-0.0128274789996445
1776553935790397700,10.406397705078126,-0.0007537409767508,0.0244260007262229,-0.0181455093843629
1776553935800388600,10.416388671875,-0.0061439095824956,0.0082680621296167,0.001504554777476
1776553935810379500,10.426379638671875,-0.0087117142438888,0.0239858557432889,-0.001039631546312
1776553935820369400,10.436369384765625,-0.0081371292263269,0.0131786305248737,-0.0140678024835186
1776553935830360600,10.446360595703124,0.0224365804746747,0.0032493571847677,0.0057135279417503
1776553935840351500,10.4563515625,-0.0027177345260977,0.012081482937932,0.0042928566220216
1776553935850342400,10.46634228515625,0.001029343047738,0.0117395376324653,-0.0026160642499104
1776553935860333600,10.47633349609375,-0.008864274457097,0.0132417588889598,-0.0058481186734279
1776553935870324700,10.48632470703125,0.0123135381281375,0.0362654916018247,-0.0002731772184604
1776553935880314600,10.496314697265625,0.0027113047853112,0.0351847106277942,0.0093208636847557
1776553935890305500,10.506305419921874,0.0079220251709222,0.0167056356072425,-0.0013217409898992
1776553935900296400,10.51629638671875,0.0153282097741961,0.0320984350502491,-0.0071458440335001
1776553935910287600,10.52628759765625,-0.00165039755553,0.021874562677741,0.0077412617765367
1776553935920278500,10.536278564453124,0.0159656308948993,0.022743746727705,0.0063600959167117
1776553935930269400,10.54626953125,-0.0088899934202432,0.0193067580163478,0.0100231028031324
1776553935940259600,10.556259521484376,0.0092573654279112,0.024192776492238,0.0064423262734897
1776553935950250800,10.566250732421874,0.0075888476938009,0.0184714762359857,-0.004894206348923
1776553935960241700,10.57624169921875,0.0083072250962257,0.0009299743264913,0.0078063172362279
1776553935970232600,10.586232666015626,0.0125870943725109,0.0154617730259895,-0.0238670425360556
1776553935980223700,10.5962236328125,-0.0023994623571634,0.016963994282484,-0.0123193650807254
1776553935990214700,10.606214599609377,0.0002501753687858,0.0204857386678457,-0.0100455931961536
1776553936000204500,10.61620458984375,-0.005977320843935,0.0279933378189802,-0.0123184928644681
1776553936010195500,10.626195556640624,-0.0105874449878931,0.0086409870952367,-0.0010121361846104
1776553936020186400,10.636186279296876,0.0175511465206742,0.0210591546416282,-0.0122499896389432
1776553936030177500,10.646177490234376,0.0014008067086338,0.00175298114717,-0.0104188149892957
1776553936040168400,10.65616845703125,0.0097933720007538,0.0164133746623992,0.0028943058025557
1776553936050159400,10.666159423828123,-0.0047565468773245,0.0221107095211744,0.0003736693177139
1776553936060149500,10.6761494140625,0.0082996263116598,0.0165232647776603,0.0031516872302629
1776553936070140700,10.686140625,0.0072571315214037,0.0235550631105899,0.0059132745978189
1776553936080131600,10.696131591796876,0.0002001987472176,0.014243044885993,0.0008008817538386
1776553936090122500,10.70612255859375,0.019448212313652,0.0218494282364845,-0.0003535855109104
1776553936100113700,10.71611376953125,0.0262485399782657,0.0015220950007438,-0.0052079576063668
1776553936110104600,10.7261044921875,0.003368015128374,0.0172311207860708,0.00110966457522
1776553936120094500,10.736094482421874,-0.0040630116552114,0.0160609079629182,0.0052987046297406
1776553936130085400,10.74608544921875,0.0072428107351064,0.0078501289784908,2.45453527895e-05
1776553936140076500,10.75607666015625,0.0131789227858185,0.0156441438555717,0.0034419799803057
1776553936150067500,10.7660673828125,0.0192290166050195,0.0201145672678947,-0.0095367668911814
1776553936160058600,10.77605859375,0.004084346704185,0.0301075534939765,-0.0020512014753418
1776553936170049500,10.786049560546877,0.0053615270331501,0.0078700027227401,-0.0005245079312939
1776553936180039700,10.796039794921874,0.0150379946559667,0.0256225170344114,0.0090712728378595
1776553936190030600,10.806030517578124,0.0011091302856802,0.0139537065505981,-0.0090907766893506
1776553936200021500,10.816021484375,-0.0168473821654915,0.0077776482641696,-0.0112478633916936
1776553936210012400,10.826012451171875,0.0162681209728121,0.0248234756112098,-0.0098559204095276
1776553936220003600,10.836003662109375,0.0108224227875471,0.0254787246495485,-0.0193985553524922
1776553936229994500,10.845994384765625,0.0007549100205302,0.0158037183314561,0.0038320159109309
1776553936239984600,10.855984619140624,0.0001458382114768,0.0163642748236656,0.0005692649550503
1776553936249975600,10.8659755859375,0.0042214170873165,0.0234697229146957,-0.0060612134348368
1776553936259966700,10.875966796875,0.0088610595867037,0.0223123695731163,-0.0037502376453019
1776553936269957600,10.88595751953125,-0.0051508068919181,0.004041384345293,-0.0045263228846015
1776553936279948500,10.895948486328123,-0.0004988894328474,0.0333282691061496,-0.0123349051431519
1776553936289939700,10.905939697265625,0.0205772163435816,0.0056108256191015,0.0027888498338172
1776553936299929600,10.9159296875,0.0276791573032736,0.0126262573391199,0.0009755989999277
1776553936309920500,10.92592041015625,0.0025850480571389,0.025483400824666,-0.0003028645372483
1776553936319911400,10.935911376953126,0.0028092122018337,0.0043646249502897,-0.0105413179909577
1776553936329902600,10.945902587890624,-0.0174567462354898,0.0048322424620389,-0.0064979974169051
1776553936339893500,10.9558935546875,-0.0023436405166983,0.0121644850462675,0.0015548464928753
1776553936349884400,10.965884521484377,0.0080792615592479,0.0120288759678602,-0.0012858248597243
1776553936359874600,10.97587451171875,0.0001867547437548,0.0130669868439435,-0.005360189026012
1776553936369865700,10.98586572265625,0.0085708444684743,0.0212280814677476,-0.0003085636256728
1776553936379856600,10.995856689453126,-0.0090472298085689,0.0102665424704551,0.0161988825283478
1776553936389847600,11.00584765625,-0.0031099487140774,0.0117354459792375,0.0133787425071233
1776553936399838500,11.01583837890625,0.0109241295963525,0.0132411743670701,0.0015385803446639
1776553936409829600,11.02582958984375,-0.019300912797451,0.0016781623452901,-0.0099968678167555
1776553936419820500,11.035820556640624,-0.0007321136668324,0.0195896666109561,0.0007986578307114
1776553936429810400,11.045810546875,-0.015486907467246,0.0121311672985553,0.0017521180640673
1776553936439801300,11.05580126953125,-0.0068494275033473,0.0225759889453649,0.0007867207977455
1776553936449792500,11.06579248046875,0.0017430442750453,0.0264899475187063,-0.0025779287631856
1776553936459783700,11.07578369140625,-0.0067740241795778,0.0146247376799583,0.0082064635689137
1776553936469774600,11.085774658203125,0.0113590138822793,0.0112853641241788,-0.0046883085132809
1776553936479765800,11.095765869140624,-0.0032683541461825,0.0308779533445835,-0.0028424431845778
1776553936489755600,11.105755615234376,-0.0002639116331934,0.0192722712248563,-0.0081342614158056
1776553936499746600,11.11574658203125,0.0116726098760962,-6.25438421964e-05,-0.0073012218248797
1776553936509737500,11.125737548828123,0.0106377138704061,0.0127209498852491,0.002519581605494
1776553936519728400,11.135728271484377,0.0167769472777843,0.0173182145476341,-0.0170641438884427
1776553936529719600,11.145719482421876,0.0064648120999336,0.0207569568246603,-0.0112112759746611
1776553936539710500,11.15571044921875,-0.0113937929347157,0.00456920761168,0.0003688744115876
1776553936549700900,11.165700927734376,0.008806406790018,0.020582184779644,0.0007120755258016
1776553936559692000,11.175692138671875,0.0100771573781967,0.0217184953331947,-0.0148147438267245
1776553936569683200,11.18568310546875,-0.0013005612045526,0.0113549222290515,-0.0169957319944631
1776553936579674000,11.195674072265623,-0.0075350716799497,0.0297884045422077,-0.0053676919124554
1776553936589665000,11.2056650390625,-0.0119070031538605,0.0123304892629384,0.0010846762644359
1776553936599656200,11.21565625,0.0174830497205257,0.0172942491501569,-0.0127283249075291
1776553936609646000,11.22564599609375,0.009490881922841,0.0051911389023065,0.0034643059765454
1776553936619637000,11.235636962890624,0.010443944863975,0.0168079269379377,-0.0118875130021013
1776553936629628000,11.2456279296875,0.0019274609312415,0.0220417359381914,0.0110961251623928
1776553936639619000,11.255619140625,0.000294599032402,0.0032248072654008,0.00690423556366
1776553936649610000,11.26560986328125,-0.0028352234259247,0.027312954339385,-0.0002999510609544
1776553936659601000,11.275600830078124,0.0016512743383646,0.0083785367667675,-0.000589024534868
1776553936669591000,11.285591064453126,0.0232762461692094,0.0110106388360261,-0.0234534613330615
1776553936679582000,11.29558203125,-0.0145747610583901,0.0219721778333187,-0.0055726170671405
1776553936689573000,11.305572998046877,0.0011982698738574,0.0191518597155809,0.0034093061199877
1776553936699564000,11.31556396484375,-0.0086544310986995,0.0123041857779026,0.0018864667671499
1776553936709555000,11.325554931640625,0.001068506014347,0.0187380182176828,-0.0162981964506674
1776553936719546000,11.335546142578124,0.001844458822906,0.0228781867623329,0.0014639031066792
1776553936729537000,11.345537109375,-0.0021747136905789,0.0210363582879304,-0.0124028877788688
1776553936739527000,11.35552685546875,-0.0100707276374101,0.0180757549166679,-0.0007279809144092
1776553936749517800,11.365517822265623,0.0083908117264509,0.0166460143744945,-0.0066811582643538
1776553936759509000,11.375509033203125,0.0065893152624368,0.0120762222409248,0.0114280376976123
1776553936769500000,11.3855,0.0064773793205618,0.0103109661340713,0.0074399316092487
1776553936779491000,11.395490966796874,0.0135126847848296,0.0145008190393447,-0.0003582936520688
1776553936789482200,11.405482177734376,0.0047319969579577,0.0171826054692268,-0.0012551465936703
1776553936799472000,11.41547216796875,-0.0044222003564238,0.0105646486341953,-0.0053410824667429
1776553936809463000,11.425463134765623,0.0082554949089884,0.0192138190358877,-0.0073207850418752
1776553936819454000,11.435453857421876,0.0071878656774759,0.0130833534568548,-0.0115027103690197
1776553936829444900,11.44544482421875,-0.0133966571897268,0.0087666593015193,0.0019494627004954
1776553936839436000,11.45543603515625,0.0282300691843032,0.0203214880168437,0.0031513538701226
1776553936849427000,11.465427001953126,0.022794015610218,0.020035656812787,0.0139207632622215
1776553936859417900,11.47541796875,0.0131599258244037,0.0185544783443212,-0.0174523166555445
1776553936869408000,11.485407958984377,0.0188733350351452,0.0041822541207075,-0.0086209946199785
1776553936879399200,11.495399169921876,-0.0259802444308996,0.0144961428642272,-0.0125370583854382
1776553936889390000,11.50539013671875,-0.0136035779386758,0.0166430917650461,0.0085417279718443
1776553936899381000,11.515381103515624,0.0049824645876884,0.021014730978012,0.0016736368672223
1776553936909372200,11.5253720703125,-0.0114788408696651,0.0151385324209928,0.0081346039091004
1776553936919363000,11.535363037109375,0.0102241646334528,0.0235994867742061,0.0126882531920447
1776553936929353000,11.54535302734375,-0.0096761753618717,0.0054249476581811,0.0025442091566743
1776553936939344000,11.55534375,-0.005494213502109,0.0174397951006889,0.0003276108194375
1776553936949335000,11.5653349609375,0.00446662402004,0.0275239667415618,-0.0059719322827644
1776553936959326000,11.575325927734376,0.0053583121627569,0.0168611184298992,-0.0074111028069863
1776553936969316900,11.58531689453125,-0.0075675126448273,0.0258142402142286,0.0234118735139258
1776553936979307800,11.595307861328124,0.0007730301991105,0.0125058458298444,0.0197093611676013
1776553936989298200,11.605298095703125,0.0032809213668107,0.0133726917922496,-0.0009050362480571
1776553936999289000,11.6152890625,-0.0084457567840814,0.0211678757131099,-0.0020001243086531
1776553937009280000,11.625280029296874,0.0148667297422885,0.0200894328266382,0.0069476865463191
1776553937019271000,11.63527099609375,0.0114572135597467,0.0223246445327997,-0.0042129141204524
1776553937029262000,11.645261962890626,-0.0080497432038187,0.0305681567430496,0.0039225711380597
1776553937039253000,11.6552529296875,0.0017807459369301,0.0154670337229967,-0.001218824038119
1776553937049244000,11.665243896484377,0.0056301148414611,0.0042138183027505,0.0077640992294298
1776553937059233800,11.67523388671875,0.0128057055592536,0.0232604640781879,0.0040979094386566
1776553937069225000,11.685224853515624,0.0107189624130725,0.0212035315483808,0.0009287870164029
1776553937079216000,11.695216064453126,0.0049134910047054,0.0276291806817054,-0.0029246689747786
1776553937089207000,11.70520703125,-0.0215025144949555,0.0246983879268169,0.0028785419778432
1776553937099198200,11.7151982421875,0.0101651279225945,0.0251630828291177,0.0063515701169613
1776553937109189000,11.725189208984377,0.0085261285439133,0.0355938759505748,0.0038029039808781
1776553937119179000,11.735178955078124,-0.0105941669896244,0.0183779527336359,-0.0097923810534877
1776553937129170000,11.745169921875,-0.0018660861328244,0.0246890355765819,-0.0127801190268481
1776553937139161000,11.7551611328125,-0.0117050508409738,0.0119990653514862,-0.0138892995448783
1776553937149152000,11.765152099609375,-0.0012353870138525,0.0214683199644088,0.0007606136755319
1776553937159143000,11.775142822265623,0.0011658289089798,0.0121890349656343,-0.000821139090578
1776553937169133800,11.7851337890625,0.0098722824558615,0.016180734950304,0.0008338889742968
1776553937179125000,11.795125,0.0094575641751289,0.0205517896413803,-0.0064609990079188
1776553937189115100,11.805115234375,-0.0040893151402473,0.0220686239451169,-0.0110042821604758
1776553937199106000,11.81510595703125,0.0009916413858532,0.0218394913643598,0.0057793003540718
1776553937209097000,11.825096923828124,0.0077177347704768,0.004783727145195,0.0064418056836817
1776553937219088100,11.835088134765623,0.0032850130200386,0.0261257903814315,0.011362963971612
1776553937229079000,11.8450791015625,-0.0243406605303287,0.0068073419272899,0.0112434840440982
1776553937239070000,11.855070068359376,0.0008729834422469,0.0186497554123401,-0.0021438390617026
1776553937249059800,11.865059814453126,0.0106792149245738,0.0146294138550758,-0.0032360501786228
1776553937259051000,11.875051025390626,0.0095414430662989,0.0188023156255483,-0.0056362751541892
1776553937269042000,11.8850419921875,0.0074640522703528,0.0055891983091831,-0.0020163128250511
1776553937279032800,11.89503271484375,-0.0066731941536068,0.0102466687262058,-0.0124488686453318
1776553937289024000,11.90502392578125,-0.0083279756233096,0.0277969384640455,-0.005782113365666
1776553937299015200,11.91501513671875,0.0029050737917423,0.0069546414434909,0.0167559592886827
1776553937309006000,11.925006103515624,-0.000234977799654,0.0311146847099065,0.0087670794266276
1776553937318996000,11.934995849609376,-0.0013695347875356,0.023017887493968,-0.0015191723912954
1776553937328987000,11.94498681640625,-0.0060813657402992,0.0248328279614448,0.0088110007667448
1776553937338978000,11.95497802734375,0.0043573184266686,0.0222989255696535,0.0050577857130672
1776553937348969000,11.964968994140625,0.0096045714303851,0.0190039756774902,0.000106679811445
1776553937358959900,11.9749599609375,0.0188677820771932,0.0173211371570825,0.0064231557821389
1776553937368951000,11.984950927734374,0.012590601503849,0.0244622410833835,0.005640558603662
1776553937378941200,11.994941162109376,0.0068134794071316,0.0138216046035289,0.0039745022546965
1776553937388932000,12.00493212890625,-0.0007373743638396,0.0123024322122335,-0.001992452458851
1776553937398923000,12.014923095703123,0.0031447277665138,0.0317167422562837,0.0074652167475549
1776553937408914200,12.0249140625,-0.0019049568384885,-0.0051028760969638,0.0030416829505702
1776553937418905000,12.034905029296874,0.0185632461726665,0.0038823943912982,0.0037344327213941
1776553937428896000,12.04489599609375,-0.0059223757863044,0.0134843354731798,0.0018855580182746
1776553937438887000,12.054886962890626,-0.0037418168768286,0.0147393039703369,0.0129750844765221
1776553937448877000,12.064876953125,-0.0061474167138338,0.0080091189324855,-0.0017793165982468
1776553937458868000,12.074867919921877,-0.0033446342527866,0.0156523271620273,-0.0016872544006211
1776553937468859000,12.08485888671875,-0.0082101944625377,-0.0017249240964651,0.006263763969345
1776553937478849800,12.094849853515624,-0.0103720486715435,0.0160579853534698,-0.0102461161703569
1776553937488841000,12.104841064453124,0.0070946344360709,0.0231686941415071,0.0112540511038852
1776553937498832000,12.114831787109376,-0.0085670450761914,0.011523849055171,0.0018447647835826
1776553937508823000,12.124822998046875,0.0050528994753956,0.0076332713574171,-0.0027108983599347
1776553937518813000,12.13481298828125,0.0140609663173556,0.0263297885209321,-0.009496695175697
1776553937528804000,12.14480419921875,0.0168327691182494,0.00954874958992,-0.0212163544973358
1776553937538795000,12.154794921875,0.0002118891850113,0.0297936652392148,-0.0220640482346992
1776553937548786000,12.164785888671876,-0.0110676297202706,0.0036222821503877,0.0060446230596397
1776553937558777000,12.174777099609376,0.0224587923064827,0.024379238975048,0.0158064491446595
1776553937568768000,12.18476806640625,-0.0117766547724604,0.0192418760865926,0.0072247133894124
1776553937578758000,12.1947578125,0.0044482115805149,0.0189250652223825,0.0088812575579388
1776553937588749000,12.2047490234375,0.0051949382945895,0.0193739780336618,-0.014431694759312
1776553937598740200,12.214740234375,-0.0053629883378744,0.0056301148414611,-0.0021783121534623
1776553937608731100,12.224731201171876,0.0114338326841592,0.0251139829903841,-0.0103650435420218
1776553937618722000,12.23472216796875,-0.0001519756913185,0.0158539872139692,-0.014205270158872
1776553937628713000,12.244712890625,0.0020464111357927,0.0189683198422193,-0.01265922802696
1776553937638704000,12.2547041015625,0.0030509120032191,0.0097428108572959,0.0006038111120462
1776553937648694000,12.264694091796876,0.0027416999235749,0.0040174189478158,-0.0031602358628995
1776553937658685000,12.274684814453124,0.0140977911964058,0.0140068980425596,-0.0090439738389803
1776553937668675800,12.28467578125,0.0116705640494823,0.0132686468958854,0.0115027880008332
1776553937678667000,12.2946669921875,-0.0043313072025775,0.0207072724640369,-0.0019445627630921
1776553937688658000,12.304657958984375,-0.0062263271689414,0.0105190559267997,0.0031406315467087
1776553937698648800,12.31464892578125,-0.0063543374627828,0.0130582190155982,-0.0043683284444501
1776553937708640000,12.324639892578125,-0.0038256957679986,0.0338625221133232,0.0076602369961561
1776553937718630100,12.334630126953124,-0.0004424830704927,0.0217167417675256,0.0091315699240425
1776553937728621000,12.34462109375,0.0083688921555876,0.0177636202275753,-0.00769486991812
1776553937738612000,12.354612060546875,-0.0080555884227156,0.0197387196928262,-0.0114213476619217
1776553937748603100,12.36460302734375,0.005561433519423,0.0161883337348699,-0.0074918627258855
1776553937758594000,12.374593994140625,0.0111573538303375,0.0167284319609403,0.01851289965834
1776553937768585000,12.3845849609375,-0.0013847323566675,0.0156745389938354,0.0085860694370698
1776553937778576000,12.394575927734374,-0.010160451747477,0.0192518129587173,0.012206520389975
1776553937788566000,12.40456591796875,0.0098737437605857,0.0152168583542108,0.0052057336832396
1776553937798557000,12.414556884765624,0.0095563483744859,0.0130856915444135,0.0077123096766881
1776553937808548000,12.424548095703123,0.0118093879982829,0.0192173261672258,0.0086242049237946
1776553937818539000,12.4345390625,0.0065109893292188,0.0259270529389381,-0.0008145495195873
1776553937828530200,12.4445302734375,-0.0043234161570668,0.0137818571150302,-0.0163296145022381
1776553937838521000,12.45452099609375,0.0088584292382001,0.0118733931452035,-0.0149246293754084
1776553937848511000,12.464510986328126,-0.0061915481165051,0.0132405898451805,-0.0100430541791953
1776553937858502000,12.474501953125,-0.0082993340507149,0.0077075056374073,0.0122075296035502
1776553937868493000,12.4844931640625,-0.0070873279124498,0.0001122282028198,0.0102608616483397
1776553937878484000,12.49448388671875,2.48421803116e-05,0.0288619373470544,-0.0144409877440426
1776553937888475000,12.504474853515624,0.0039618893682956,0.0197626850903034,0.0074573987672803
1776553937898466000,12.514466064453124,0.0090405078068375,0.0169219087064266,-0.0106745570157654
1776553937908457000,12.52445703125,-0.0035796120524406,0.0254652806460857,-0.0041400315473321
1776553937918447000,12.534447021484375,-0.0058016720160841,0.027596447455883,-0.0024712443851632
1776553937928438000,12.54443798828125,0.0040033904224634,0.0208013804882764,0.0040697610564064
1776553937938429200,12.55442919921875,-0.0062976388394832,0.0167547354459762,-0.0004131610778858
1776553937948420000,12.564420166015625,0.0101274262607097,0.0198661454647779,-0.0142160153151722
1776553937958411000,12.574410888671874,-0.0071896192431449,0.01053717610538,-0.0052861785083077
1776553937968402000,12.58440185546875,0.0083326517984271,0.0139490303754806,0.0036761175297433
1776553937978393000,12.59439306640625,0.0104310853824019,0.0093517657130956,-0.0041584348537027
1776553937988383000,12.604383056640623,-0.0075584525555372,0.0087204820722341,-0.0094902654349105
1776553937998374000,12.614373779296876,-0.0152484225362539,0.008247019341588,-0.0007842411462916
1776553938008364800,12.62436474609375,0.0171525025919079,0.0182908589720726,-0.0007682307264069
1776553938018356000,12.63435595703125,0.0137877023339271,0.0119862058699131,0.0011350684445351
1776553938028347100,12.64434716796875,0.0011409867286682,0.0122661918550729,-0.0087697097751311
1776553938038338000,12.654338134765624,-0.0090326167613267,0.021883915027976,-0.0117262443260522
1776553938048329200,12.6643291015625,0.0172343356564641,0.0200648829072713,-0.0149045775346457
1776553938058319000,12.674319091796876,0.0029451135411858,0.0167523973584175,0.0112849211661843
1776553938068310000,12.68431005859375,0.0049827568486332,0.0143330612570047,-0.0008067863382399
1776553938078301000,12.694301025390626,0.0374283979013562,0.0157546184927225,0.0066011244312394
1776553938088291800,12.704291748046876,-0.0039233109235763,0.0115787941128015,-0.0014986638928065
1776553938098283000,12.714282958984375,0.0014595511585474,0.0197007257699966,0.0050531278042588
1776553938108274000,12.72427392578125,-0.0141588737338781,0.0124929863482713,0.0061742407886777
1776553938118264800,12.734264892578125,0.0022398878812789,0.0054360535740852,-0.0085874028776306
1776553938128255000,12.7442548828125,0.017786416581273,0.0160644150942564,-0.0088320846539689
1776553938138246100,12.75424609375,0.0003220715612173,0.0166103585392236,0.00017730192882
1776553938148237000,12.764237060546876,-0.0093362758830189,0.0221294142216444,-0.0010866809918545
1776553938158228000,12.77422802734375,0.0056865212038159,0.0382066887974739,0.0081570258034626
1776553938168219100,12.78421923828125,8.62169787287e-05,0.0142412913203239,-0.0111370234283618
1776553938178210000,12.7942099609375,-0.0016118191108107,0.0191524442374706,-0.0070408903882605
1776553938188201000,12.804200927734374,-0.0069473349198698,0.0149064772307872,0.0064095610816264
1776553938198190800,12.81419091796875,2.9810616374e-05,0.0026513912916183,-0.0051033510209992
1776553938208182000,12.82418212890625,0.0034139000967144,0.0254126736760139,0.0012434059235267
1776553938218173000,12.8341728515625,-0.0022974632874131,-0.000617255115509,0.0039947869908995
1776553938228163800,12.844163818359377,-0.0011354337707161,0.0105745855063199,-0.0003596362257841
1776553938238155000,12.854155029296876,-0.0062850716188549,0.0165355397373437,-0.0030304446039255
1776553938248146200,12.864146240234374,0.0041050972312688,0.0180552966505289,-0.0004397157246712
1776553938258137000,12.87413720703125,-0.019576807129383,-0.0033306057274341,0.0044067242260789
1776553938268127000,12.884126953125,0.0034378654941916,0.0219254160821437,0.0094039890906773
1776553938278118000,12.894117919921875,0.0050885553106665,0.0182920280158519,0.0122945183338364
1776553938288109000,12.904109130859377,-0.0116848848357796,0.0042307694375514,0.0026603006838588
1776553938298100000,12.914099853515625,-0.0025295184776186,0.0380827701568603,-0.008246777312993
1776553938308091000,12.9240908203125,0.0075932316079735,0.0108627547979354,-0.0141218113928101
1776553938318082000,12.93408203125,0.0009244213685393,0.0180272395998239,-0.0013966602564789
1776553938328073000,12.944072998046876,-0.0044455812320113,0.0322375512599945,-0.0003938672889489
1776553938338063000,12.95406298828125,0.0012856558963656,0.0242956523448228,0.007620083082281
1776553938348054000,12.964053955078125,0.0063376785889267,0.0210135619342327,0.0112036132580135
1776553938358045200,12.974045166015625,0.0095075407966971,0.021454875960946,0.0033176640474703
1776553938368036000,12.9840361328125,0.0144651632040739,0.0205523741632699,0.0153292920530075
1776553938378027000,12.994027099609376,-0.018155834415555,0.0235053787499666,0.0033092204461107
1776553938388018000,13.004017822265626,-0.0002408230185508,0.0036152678877115,-0.0154617090939078
1776553938398009000,13.014009033203124,4.96843606233e-05,0.0001759410887956,-0.0041417166143422
1776553938407999000,13.0239990234375,-0.0100330259755253,0.0157131174385547,-0.0034334496139781
1776553938417990000,13.033989990234376,0.0141749480858445,0.0247679460316896,-0.0056290508289588
1776553938427980800,13.043980712890624,0.0070043258041143,0.021579963645339,0.00011820128588
1776553938437972000,13.053971923828126,0.0112193131506443,0.0085556468993425,-0.004355382197909
1776553938447963000,13.063962890625,0.0087017773717641,0.0060042088508605,-0.0037842495127581
1776553938457954000,13.0739541015625,-0.0084659227892756,0.0073392568469047,-0.0022549073538975
1776553938467945200,13.0839453125,0.0112473702013492,0.0236620306164026,0.0077852927145082
1776553938477935000,13.09393505859375,0.0121077864229679,0.0192237559080123,-0.0024755461009452
1776553938487926000,13.103926025390624,-0.0009258826732635,0.0162345109641551,-0.0027111586548388
1776553938497917000,13.1139169921875,0.0118877139315009,0.0250374106228351,0.0007314058473566
1776553938507908000,13.123908203125,0.0095417353272438,0.0099111531615257,0.0129856606694636
1776553938517899000,13.13389892578125,-0.0144344758048653,0.0256324539065361,0.0020928121273638
1776553938527890000,13.143889892578123,-0.0029360534518957,0.0163204356819391,0.0062579096172936
1776553938537880800,13.153880859375,0.014860300001502,0.0171808519035577,-0.0034422265754779
1776553938547871700,13.163871826171874,0.0056283612757921,0.0291805017769336,-0.0073145333976019
1776553938557862000,13.17386181640625,-0.0065501522958278,0.0204079972565174,0.0235298510375199
1776553938567852800,13.183852783203124,0.0006640168666839,0.0220855750799179,0.0050790979291545
1776553938577843700,13.19384375,0.0018365677773952,0.0104208562493324,0.00626742636431
1776553938587835000,13.2038349609375,0.0028635727375745,0.0077326400786638,0.0099491470843553
1776553938597825800,13.21382568359375,1.19826987385e-05,0.0225081844061613,-0.0047186214531539
1776553938607816700,13.223816650390624,-0.0201461314499378,0.0244406137734651,-0.0174764281834941
1776553938617808000,13.233807861328126,0.0123404261350631,0.018450433447957,-0.0104655904402025
1776553938627797800,13.2437978515625,0.0090738255545496,0.0144441204160451,0.0082624315398512
1776553938637788700,13.25378857421875,-0.0003261632144451,0.0310451266050338,0.0066664356192573
1776553938647779600,13.263779541015625,0.0100958620786666,0.0135515554904937,-0.0195972105965949
1776553938657770800,13.273770751953125,-0.0028714637830853,0.0250993699431419,-0.0079322680037235
1776553938667762000,13.283761962890624,-0.0051744800284504,0.0251157365560531,0.0045135410348419
1776553938677752800,13.2937529296875,0.000402735581994,0.0138818103581666,-0.004213722404628
1776553938687743700,13.30374365234375,0.0145905431494116,0.0265273569196462,-0.0106559801794588
1776553938697733600,13.313733642578123,0.0209907655805349,0.010634206739068,-0.00858076307429
1776553938707724800,13.323724853515625,0.0075040920197963,0.0290852247089147,0.0060181186452042
1776553938717715700,13.3337158203125,-0.004168225595355,0.0204062436908483,0.0034817092024954
1776553938727706600,13.34370654296875,0.0144096336245536,0.0161702135562896,0.0012298477556323
1776553938737697800,13.35369775390625,0.0064776715815067,0.0218576115429401,-0.000168798961956
1776553938747688700,13.363688720703124,-0.0003241173878312,0.00518470916152,0.0142671153147472
1776553938757679600,13.3736796875,-0.0002530979782342,0.0244686708241701,0.0030828323782887
1776553938767669800,13.383669677734376,0.0033788287833333,-0.0022866496324539,-0.009922870998783
1776553938777661000,13.393660888671874,-8.15408036112e-05,0.0209118551254272,-0.0085953441554913
1776553938787651800,13.40365185546875,-0.0072775897875428,0.0040063130319118,-0.0110106753686442
1776553938797642800,13.413642822265626,0.006652443626523,0.0032125323057174,-0.0100696270922897
1776553938807633700,13.423633544921875,-0.000182663090527,0.0129676181226968,0.007264492843952
1776553938817624800,13.433624755859377,0.0117915600806474,0.0114712420850992,0.0253088982077082
1776553938827615700,13.44361572265625,0.0041150341033935,0.0213590143710374,-0.0093726486709201
1776553938837606700,13.453606689453125,-0.0024748656809329,0.0066547817140817,0.0043531537082046
1776553938847596500,13.463596435546876,-0.0012608137160539,0.0145814830601215,-0.0016918803433887
1776553938857587700,13.473587646484376,-0.0093035426571965,0.0275894331932067,-0.0109528214012971
1776553938867578600,13.48357861328125,0.0014659808993339,0.0116886842280626,-0.0033341813574312
1776553938877569800,13.49356982421875,-0.0051224575802683,0.0232119487613439,0.016919365122891
1776553938887561000,13.50356103515625,-0.0064750412330031,0.0116495212614536,0.0030523230755934
1776553938897552000,13.5135517578125,-0.0092643796905875,0.0237543850749731,-0.0174571206948254
1776553938907542800,13.523542724609374,-0.0062988078832626,0.0105927056849002,-0.010683260912029
1776553938917532700,13.53353271484375,0.0057610477447509,0.0101186584323644,-0.0064104835302336
1776553938927523800,13.54352392578125,0.0195306299000978,0.0157628017991781,-0.0091451235253596
1776553938937514800,13.5535146484375,0.0129851537793874,0.012609306204319,-0.0144601902014343
1776553938947505700,13.563505615234376,-0.0076823711961507,0.014517185652256,-0.0168686532823834
1776553938957496600,13.57349658203125,-0.0181587570250034,0.0113747959733009,-0.0095959679988212
1776553938967487700,13.58348779296875,0.0060994859188795,0.0251782803982496,-0.0091361913002328
1776553938977478700,13.593478759765626,0.0074780807957053,0.011592822638154,-0.0028201263214927
1776553938987469600,13.603469482421875,0.0123465636149048,0.0039811785906553,-0.0009173249074723
1776553938997459700,13.613459716796877,0.0208233000591397,-0.0054313773989677,-0.0098541531441267
1776553939007451000,13.623450927734376,0.0126709732636809,0.0246644856572151,-0.0135894763480871
1776553939017441800,13.63344189453125,-0.0039934535503387,0.0287596460163593,-0.0024424292826326
1776553939027432700,13.6434326171875,-0.0079445292636752,0.0247357973277568,-0.0017055024433648
1776553939037423900,13.653423828125,0.0070522565990686,0.0149584996789693,-0.0193624702589586
1776553939047414800,13.663414794921875,0.0066126961380243,0.0034340661019086,0.0008881810113787
1776553939057405700,13.67340576171875,0.0079869071006774,0.0105412677586078,-0.0012126865582773
1776553939067395600,13.6833955078125,-0.0008443418696522,0.001264320847392,0.0086465354866115
1776553939077386800,13.69338671875,-0.0020192308679223,0.0147667764991521,0.0088903633130015
1776553939087377700,13.703377685546876,-0.0033002105891704,0.0151987381756305,-0.0095452926909318
1776553939097368800,13.713368896484376,-0.0093596567586064,0.0101993224531412,0.0076289924745215
1776553939107359700,13.72335986328125,-0.0015527823999524,0.0139326637625694,-0.0003745369673939
1776553939117351000,13.733350830078123,0.0105380528882145,0.0146890350878238,-0.0137588506987784
1776553939127341800,13.743341796875,-0.0036091304078698,0.0202080907702446,2.29424841701e-05
1776553939137332700,13.753332763671876,0.0004462824627757,0.0163134214192628,0.0051790557388681
1776553939147322600,13.763322509765626,0.0124792500838637,0.0212333421647548,-0.0130540040647843
1776553939157313800,13.773313720703126,0.006810849058628,0.0083592475444078,-0.0091560513447504
1776553939167304700,13.7833046875,-0.0032703999727964,0.0192968211442232,-0.0176708273775875
1776553939177295600,13.793295654296877,0.0029117957934737,0.0271042800247669,0.0012941360303433
1776553939187286800,13.803286865234377,0.0126841250061988,0.0086456632703542,0.0062033755516167
1776553939197277700,13.813277587890624,0.0164183430984616,0.0249169991135597,-0.0182557054603006
1776553939207268600,13.8232685546875,-0.0101540220066905,0.0138274498224258,-0.0013191471740137
1776553939217258800,13.8332587890625,-0.0188698279038071,0.0157838445872068,0.0023502848866162
1776553939227250000,13.84325,0.0056350832775235,0.0205412682473659,0.0082339817635016
1776553939237240800,13.85324072265625,0.0101043376460671,0.0051344402790069,0.0020006266321521
1776553939247231700,13.863231689453125,-0.0146019413262605,-0.0008452186524868,-0.0082955574913183
1776553939257222700,13.87322265625,0.0050046764194965,0.0243336462676525,0.009594940518937
1776553939267213800,13.8832138671875,-0.0092243399411439,0.0347018955469131,-0.0088303265217225
1776553939277204700,13.893204833984376,-0.0047834348842501,0.0242816238194704,-0.0249342744753463
1776553939287195600,13.903195556640624,0.0118880061924457,0.0204822315365076,0.0077589207308134
1776553939297185500,13.913185546875,-0.0165770407915115,-0.0019938041657209,0.0026100911668501
1776553939307176700,13.9231767578125,0.0184618316248059,0.0133019646435976,0.0003534348138608
1776553939317167900,13.93316796875,-0.0066553662359714,0.0172276136547327,-0.0019443755334243
1776553939327158800,13.94315869140625,-0.0193590727254748,0.0262421102374792,0.0122513596121221
1776553939337150000,13.95314990234375,0.0051516836747527,0.0298012640237808,0.0013875590679934
1776553939347140900,13.963140869140624,0.0070560559913516,0.0074754504472017,-0.0149173548178281
1776553939357131800,13.9731318359375,-0.0025911855369806,0.0227186122864484,-0.0162223136362852
1776553939367121700,13.98312158203125,-0.0184618316248059,0.0121375970393419,-0.0062409858819562
1776553939377112800,13.99311279296875,-0.0068012044474482,0.0098959555923938,-0.0054044117602286
1776553939387103700,14.003103759765626,-0.0015536591827869,0.0162193133950233,-0.0044817713568219
1776553939397094700,14.0130947265625,0.0124400871172547,0.0147007255256176,-0.0028575402890099
1776553939407085600,14.02308544921875,0.0029231939703226,0.0207785841345787,-0.0003764914624625
1776553939417076700,14.03307666015625,-0.0021364275068044,0.0143365683883428,-0.0110679082814836
1776553939427067600,14.043067626953125,-0.0059060091733932,0.0129974287390708,-0.018437889060215
1776553939437058600,14.05305859375,-0.0221592248380184,0.0149263509750366,-0.0128301139147253
1776553939447048700,14.063048583984376,0.0012818565040826,0.0180430216908454,0.0115159534430829
1776553939457040000,14.073039794921876,-0.0015551204875111,0.0060714288681745,-0.0017352902268525
1776553939467030800,14.08303076171875,-0.0022281974434852,0.0168657946050167,-0.0039653782333247
1776553939477021700,14.093021728515623,-0.0122132926240563,0.0297644391447305,-0.0122089361093472
1776553939487012900,14.103012939453125,0.0021682839497923,0.002974631896615,0.0162876704900758
1776553939497003800,14.113003662109374,0.0068970660373568,0.016417466315627,-0.0098619437249377
1776553939506994700,14.12299462890625,0.0070914195656776,0.0113180973500013,-0.0080485056613804
1776553939516985600,14.132985595703126,0.0002200724914669,0.0223871883749961,-0.007216256088321
1776553939526975700,14.142975830078123,-0.0174085231795907,0.0092108959376811,0.0056310875224182
1776553939536967000,14.152966796875,0.0113701197981834,0.0155915368854999,-0.0004893955187173
1776553939546958300,14.162958251953125,0.0159434190630912,0.0164665661543607,-0.0004746180746937
1776553939556949200,14.17294921875,0.0150432553529739,0.0215144971936941,-0.003747652962571
1776553939566940200,14.182940185546874,0.0012637363255023,0.0330400998145341,-0.005430687845801
1776553939576931300,14.192931396484376,-0.0066293550118803,0.0200116914153099,-0.019711612490192
1776553939586922200,14.202922119140624,0.0037169746965169,0.0326163214445114,-0.0094523993762442
1776553939596913200,14.2129130859375,-0.0130666945829987,0.0285410348296165,0.0040863742644898
1776553939606903000,14.222903076171876,0.0055862756997346,0.0176321028023958,-0.0071547534257406
1776553939616894000,14.23289404296875,-0.0111368955641984,0.0135819506287574,-0.0075616171935806
1776553939626885000,14.242885009765626,-0.0004366378515958,0.0002829085946083,-0.0066129427331965
1776553939636876000,14.2528759765625,-0.0016875146955251,0.0204991826713085,-0.0103530517101287
1776553939646867000,14.262866943359375,0.0052270869985222,0.0145049106925725,0.0158540648457827
1776553939656858000,14.272858154296877,0.0187725050091743,0.012648469170928,0.0010620032083243
1776553939666849000,14.28284912109375,-0.0140492758795619,0.0174514855384826,0.0035423259490868
1776553939676840200,14.292840087890625,-0.0017144027024507,0.0046732525080442,-0.0182641992940101
1776553939686830000,14.302830078125,0.0078267481029033,0.0203951377749443,-0.0087841492924373
1776553939696821200,14.3128212890625,-0.0074091072127223,0.0155599727034568,-0.0056412070576334
1776553939706812200,14.322812255859375,0.0135392805308103,0.016417466315627,-0.008559473691089
1776553939716803000,14.332802978515623,-0.0198170456260442,0.0035445407390594,-0.007848640274303
1776553939726794000,14.3427939453125,0.0115957452476024,0.0213555072396993,0.0004270115067251
1776553939736785200,14.35278515625,0.0084545246124267,0.0092751933455467,-0.0038891666253795
1776553939746776000,14.362776123046874,0.0107011344954371,0.0086333883106708,-0.010387986026192
1776553939756767000,14.37276708984375,-0.0121884504437446,0.0209019182533025,-0.0012286467458121
1776553939766757000,14.382757080078123,-0.0024392098456621,0.0140542443156242,-0.00069282283606
1776553939776748300,14.392748291015623,0.0202086752921342,0.0197258602112531,-0.0089218407300766
1776553939786739200,14.4027392578125,-0.0042193712607026,0.0006914893954992,-0.0040824424414662
1776553939796730000,14.412730224609374,0.0036541385933756,0.0157803374558687,-0.0087661067456705
1776553939806721300,14.42272119140625,0.00248977098912,0.0063438160687685,-0.00400890228122
1776553939816712200,14.432712158203126,-0.0064507835745811,0.0138157593846321,0.0014073643135838
1776553939826703000,14.442703125,-0.0057817982718348,0.0144359371095895,0.002493780443957
1776553939836694300,14.4526943359375,-0.0039893618971109,0.0136485861241817,0.0130053015182726
1776553939846684200,14.46268408203125,0.0197556708276271,0.0184083478718996,0.0053089383293874
1776553939856675000,14.472675048828124,-0.0152931384608149,0.0069365212649106,-0.0191955024944851
1776553939866666000,14.482666015625,-0.0243508896633982,0.0190787944793701,0.0026230739460093
1776553939876657000,14.492656982421876,0.0097951255664229,0.0154781396389007,-0.0170080617530737
1776553939886648000,14.50264794921875,0.0208846748575568,-0.0097077395439147,0.003024535452947
1776553939896639200,14.51263916015625,0.0053428223326802,0.0220101717561483,0.0144970516131026
1776553939906630100,14.522630126953125,-0.0051671735048294,0.0166740714251995,0.0149995166759472
1776553939916621300,14.532621337890625,-0.0209843358397483,0.0117231710195541,-0.0009104248092276
1776553939926611200,14.542611083984376,0.0047954175829887,0.0168394911199808,-0.0149121489197481
1776553939936602000,14.55260205078125,-0.0021992636099457,0.0197813897907733,-0.0113805498606525
1776553939946593000,14.562593017578124,0.0016600421667098,0.0099818803101778,-0.0006892061068676
1776553939956584200,14.572584228515623,0.0048328269839286,0.0194014505624771,0.0052739218149334
1776553939966575000,14.5825751953125,-0.0018377368211746,0.0143383219540119,-0.0153229810432298
1776553939976566000,14.59256591796875,0.0065010524570941,0.0213823952466249,-0.0031541212159441
1776553939986557000,14.602556884765624,-0.0126572369992733,0.0189490306198596,0.0021737684090854
1776553939996548000,14.612548095703126,0.0109080552443861,0.0045236149042844,-0.0109906098281499
1776553940006538200,14.622538330078124,0.0159156542733311,0.0206663559317588,0.0128789488919777
1776553940016529200,14.632529052734377,-0.0103188571795821,0.0148451024323701,0.0075331811169628
1776553940026520000,14.64252001953125,-0.0141682260841131,0.0091880995839834,0.0006346537748817
1776553940036511200,14.65251123046875,0.0021598083823919,0.0130728320628404,-0.0032278303395491
1776553940046502100,14.662502197265624,0.0022884031981229,0.0104950905293226,0.0121795227851951
1776553940056493000,14.6724931640625,0.0089443539559841,0.0023953707039356,-0.004186322941049
1776553940066484200,14.682484130859375,-0.0168313078135252,0.0023638065218925,-0.0118272889811545
1776553940076475100,14.69247509765625,0.0036631986826658,0.013138883036375,-0.007242577839666
1776553940086465000,14.702465087890625,0.0081549571439623,0.0164712423294782,0.0123726661705411
1776553940096456000,14.7124560546875,-0.0049584991902112,0.0183610015988349,0.005909667001781
1776553940106447000,14.722447021484374,-0.0183218386322259,0.0072182608157396,0.0084785174093674
1776553940116438300,14.732438232421876,-0.0028752631753683,0.0099035543769598,-0.0071497164910193
1776553940126429200,14.74242919921875,-0.0005123334363102,0.0395814842820167,-0.0080558395844651
1776553940136420000,14.752420166015623,-0.0205395146816968,0.0132803373336791,-0.002370825351146
1776553940146411300,14.762411376953125,0.0086526775330305,0.0180249015122652,-0.0173664010709151
1776553940156402200,14.772402099609376,0.008207856374979,0.0044482115805149,0.0060952755346428
1776553940166392000,14.78239208984375,7.18961924314e-05,0.0234258837729692,-0.0016205504065379
1776553940176383000,14.792383056640626,-0.0239057762444019,0.029720600003004,0.0006661311919568
1776553940186374100,14.8023740234375,-0.0162511698380112,0.0075695584714412,0.0098485271209385
1776553940196365000,14.812364990234377,0.0129497902050614,0.013550970968604,0.002140341063519
1776553940206356000,14.82235595703125,0.0037441549643874,0.0096416885703802,-0.0031083412788808
1776553940216347100,14.83234716796875,0.0103273327469825,0.0200350722908973,-0.0027842330242041
1776553940226338000,14.842338134765624,-0.0026443770289421,0.0164718268513679,-0.0011332920459797
1776553940236329000,14.852328857421876,-0.0009083470165729,0.0007353285372257,-0.0029777006365358
1776553940246319000,14.862319091796875,-0.0176376557603478,0.0210784438639879,0.008332720297086
1776553940256310300,14.872310302734377,-0.0027618659287691,0.0012678279787302,0.0097215854061767
1776553940266301200,14.88230126953125,0.0074584993124008,0.0208569100677967,-0.0058257652777247
1776553940276292000,14.8922919921875,-9.20621976256e-05,0.0196779294162988,0.0018987417268333
1776553940286283000,14.902282958984374,-0.0035068390771746,0.0163794723927974,-0.0059226360812084
1776553940296274200,14.912274169921876,0.0067559040009975,0.0119072954148054,0.0089444178880658
1776553940306265000,14.92226513671875,-0.0150771576225757,0.0071148004412651,-0.0027635555623564
1776553940316256000,14.932256103515623,0.0095221538439393,0.0147305361419916,-0.0083657914496259
1776553940326247200,14.9422470703125,-0.0104351770356297,0.0157113638728857,-0.001554303070181
1776553940336237300,14.9522373046875,-0.0090650577262043,0.014058335968852,0.0142423918654443
1776553940346228200,14.962228271484374,0.0117319388478994,0.0209428347855806,-0.0023514813298592
1776553940356219100,14.97221923828125,-0.0078293784514069,0.0073135378837585,-0.0097091460497118
1776553940366210300,14.982210205078124,0.0016296470284461,0.0176303492367267,-0.0101637396831065
1776553940376201200,14.992201171875,-0.0130161334395408,0.0210661689043045,-0.0149095596704399
1776553940386192100,15.002192138671877,-0.0081210548743605,8.59247177839e-05,0.0018320331661729
1776553940396183000,15.01218310546875,0.0148871880084276,0.0124754506915807,-0.0035568339650519
1776553940406174200,15.02217431640625,-0.0002580664142966,0.0084440032184124,-0.0090047743397532
1776553940416164000,15.0321640625,0.0001730184793472,0.003211363261938,-0.0169471162129193
1776553940426155000,15.042155029296875,-0.0051142742738127,0.0258189163893461,-0.0221662208343856
1776553940436146000,15.05214599609375,-0.0149842186421155,0.0114519528627395,-0.0197878514976007
1776553940446137000,15.06213720703125,-0.0093897596359252,0.0249029705882072,-0.0032215010634623
1776553940456128000,15.0721279296875,0.0058268064573407,-0.009500234273076,-0.0007501242475584
1776553940466119200,15.082119140625,0.0084898881867527,0.0171837745130062,-0.0039721093682106
1776553940476110300,15.0921103515625,0.0007642623707652,0.0292220028311014,-0.0077752005787566
1776553940486101200,15.102101318359376,-0.0002393617138266,0.003513561078906,-0.0057461972354911
1776553940496092200,15.112092041015623,-0.0035702597022056,0.0226367792218923,0.0006773147396743
1776553940506082000,15.12208203125,-0.0074433017432689,-0.0034048400074243,-0.0074921321539441
1776553940516073200,15.1320732421875,0.0150566993564367,0.0133399585664272,0.0008085810031043
1776553940526064000,15.142064208984374,0.0049415480554103,-0.0055307461202144,-0.0058080469579435
1776553940536055000,15.152054931640626,0.0039712417185306,0.0113975923269987,-0.0049337803074857
1776553940546045400,15.16204541015625,0.0053343467652797,0.0247106628865003,0.0014857861449243
1776553940556036400,15.172036376953123,-0.0011944704815745,0.0181108262300491,0.007731256405753
1776553940566027500,15.182027587890625,0.008767243823409,0.0224684369176626,0.0080841249640332
1776553940576018700,15.192018798828125,0.00288140065521,0.0014916998624801,-0.0040264836036833
1776553940586008600,15.202008544921876,0.0067170332953333,0.0171779292941093,0.0068641866810619
1776553940595999500,15.21199951171875,0.0071425652310252,0.0126946464002132,-0.0039859734967816
1776553940605990700,15.22199072265625,-0.0129217331543564,0.0140045599550008,-0.0238305373174138
1776553940615981600,15.231981689453123,-0.0001245031625032,0.0139829326450824,0.0012997300874907
1776553940625972500,15.241972412109376,0.005585691177845,-0.0011368950754404,-2.46321177575e-05
1776553940635963400,15.25196337890625,0.0159390351489186,0.0206628488004207,-0.0004938205320853
1776553940645954600,15.26195458984375,-0.0050996612265706,0.0154103350996971,0.01232192693057
1776553940655945500,15.271945556640626,0.0106914898842573,0.0288555076062679,0.0088403364590834
1776553940665936400,15.281936279296875,0.0105839378565549,0.0188192667603492,-0.0006167299591237
1776553940675926500,15.291926513671877,-0.0087546766027808,0.0180798465698957,0.0154494661002652
1776553940685917700,15.301917724609376,0.0093257544890046,0.0171481186777353,0.0007263049805536
1776553940695908600,15.31190869140625,0.0111243283435702,0.0097737905174493,-0.0126318970620399
1776553940705899500,15.3218994140625,0.0016328618988394,0.0172322898298501,0.0092141519072698
1776553940715890700,15.331890625,-0.0002910919010639,0.0030506197422742,-0.0100650924810674
1776553940725881600,15.341881591796875,0.0120598556280136,0.0129033207148313,0.0059420303348451
1776553940735872500,15.35187255859375,0.0046133390143513,0.0212736741751432,-0.0072892939250683
1776553940745863400,15.361863525390625,0.0122308282807469,0.0119587333410978,0.0023979097208939
1776553940755853600,15.371853515625,0.0092427523806691,0.0318178645431995,0.0181166075168643
1776553940765844500,15.381844482421876,0.0180544198676943,0.0151730192124843,-0.0137864145591389
1776553940775835400,15.39183544921875,-0.0052609892681241,-0.0076876318931579,-0.0218287873072549
1776553940785826600,15.40182666015625,-0.0115627197608351,0.0098240593999624,0.0056719035899965
1776553940795817700,15.411817626953123,-0.0076435004904866,0.0041302316725254,-0.004155941502517
1776553940805808600,15.42180859375,-0.0041752398580312,0.008013795107603,0.0114632825409295
1776553940815799600,15.431799560546876,0.0136409873396158,0.0042313539594411,-0.0134791387082543
1776553940825790700,15.441790771484374,0.0013850246176123,0.0129477443784475,-0.0153178436438087
1776553940835781600,15.45178173828125,-0.0146907886534929,0.0219429517388343,0.0003425389605108
1776553940845771500,15.461771484375,0.0038540450796484,0.0186538470655679,-0.0116621021818136
1776553940855762400,15.471762451171877,0.0177668350979685,0.0210492177695035,0.0044810452710371
1776553940865753600,15.481753662109377,0.0163218969866633,0.0241372469127178,-0.0003543298630043
1776553940875744500,15.49174462890625,-0.0193333537623286,0.0110901338130235,0.0162041660582413
1776553940885735400,15.5017353515625,0.013892331752181,0.0216717335820198,-0.012523121191631
1776553940895726300,15.511726318359376,-0.010360065972805,0.0192407070428133,-0.0173147165494505
1776553940905717500,15.521717529296875,-0.0015063129097223,0.0174380415350198,-0.0026312663856195
1776553940915708400,15.53170849609375,0.0079787237942218,0.0230687408983707,0.0028365522999083
1776553940925699600,15.541699462890625,-0.0172252755671739,-0.0070306292891502,-0.010585275863693
1776553940935689500,15.551689453125,0.0402919706389307,0.0104606037378311,0.0090708435795968
1776553940945680600,15.5616806640625,0.0134989485204219,0.027331659039855,0.0126056529425084
1776553940955671600,15.571671630859376,0.0080494509428739,0.0020189386069774,0.0083357753372751
1776553940965662500,15.581662353515624,0.0289656899824738,0.037301848912239,-0.0067986517307581
1776553940975653600,15.591653564453123,0.0030842297509312,0.0031418051570653,-0.0218242161634145
1776553940985644500,15.60164453125,0.0082020111560821,0.0107651396423578,-0.0046268241170095
1776553940995635500,15.611635498046876,-0.0114013917192816,0.0152536832332611,0.0097995231803273
1776553941005626400,15.62162646484375,0.0035649990051984,-0.007681786674261,-0.0040759579017525
1776553941015617500,15.631617431640626,0.0140174194365739,0.0225923555582761,0.0075274180964566
1776553941025607700,15.641607666015624,-0.012152210086584,0.0118126028686761,0.0081697665540268
1776553941035598600,15.6515986328125,0.0052829088389873,0.0095873280346393,-0.0077781962534412
1776553941045589500,15.661589599609377,-0.0005681552767753,0.0276969852209091,0.0013306138495216
1776553941055580700,15.67158056640625,0.0071989715933799,0.0140840549319982,-0.0086777480422053
1776553941065571600,15.681571533203124,0.0076163202226161,0.0233294376611709,-0.002773524400522
1776553941075562500,15.6915625,0.0020987258449196,0.0204389769166708,0.0013356599173974
1776553941085553700,15.7015537109375,0.0226712660133838,0.0162304193109273,0.0002487231972161
1776553941095544600,15.711544677734375,0.0070803136497735,0.0141027596324682,-0.0003310540186939
1776553941105534500,15.721534423828125,0.0036918402552604,0.0112456166356801,-0.0025556986650684
1776553941115525400,15.731525390625,0.0175140293806791,0.0223041862666606,-0.0127061587414937
1776553941125516500,15.7415166015625,0.0087745503470301,0.0256108265966176,-0.0064008526187855
1776553941135507500,15.751507568359376,0.003396072179079,0.028193244305253,0.0024831768515519
1776553941145498600,15.76149853515625,0.0092407065540552,0.0310334361672401,-0.006813346976391
1776553941155489500,15.771489501953123,0.0106999654516577,0.0033200843334197,0.0069931696558604
1776553941165480700,15.781480712890623,0.0090182959750294,0.0196381819278001,-0.0187947990393731
1776553941175471600,15.7914716796875,0.0020490414842963,0.0151315181583166,-0.0036268258947646
1776553941185462500,15.801462646484374,0.0074988313227891,-0.0061333881884813,-0.0063852166582364
1776553941195452400,15.811452392578126,0.0122691144645214,0.0177735570996999,0.0018994952120818
1776553941205443600,15.821443603515624,0.0168771927818655,0.0208843825966119,-0.0039451071968534
1776553941215434500,15.8314345703125,0.0105517891526222,0.0210445415943861,-0.0025735905147856
1776553941225425400,15.84142529296875,-0.0080821841686964,0.0297457344442605,0.0100231028031324
1776553941235416600,15.85141650390625,0.0171419811978936,0.0028700024783611,0.0038232709154719
1776553941245407500,15.861407470703124,0.0002463759765028,0.0070563482522964,-0.0112346111844759
1776553941255398400,15.8713984375,0.0063788873821496,0.0262105460554361,0.0002430378085235
1776553941265389600,15.8813896484375,-0.002808627679944,0.0211813197165727,0.0078167975310469
1776553941275380700,15.891380615234375,0.0039215573579072,0.0250736509799957,-0.0079349622843088
1776553941285370600,15.90137060546875,0.0098351653158664,0.0210118083685636,-0.0002323702840367
1776553941295361500,15.911361572265625,-0.0143000357702374,0.00635959815979,-0.0045653808199334
1776553941305352400,15.9213525390625,0.0009647533789277,0.0244657482147216,-0.0006304479572223
1776553941315343600,15.931343505859376,0.0083770754620432,0.0216419229656457,0.0024012341891415
1776553941325334500,15.94133447265625,-0.004002221378684,0.0244739315211772,-0.0126379523434909
1776553941335325400,15.951325439453123,0.0055950435280799,0.0075602061212062,-0.0035616014717146
1776553941345316600,15.961316650390623,0.0141898533940315,0.0079904142320156,-0.0059284036682918
1776553941355307500,15.9713076171875,-0.0071396426215767,0.0029237784922122,-0.0068920839015627
1776553941365298400,15.98129833984375,-0.0060971478313207,-0.0060936406999826,0.0089758679056772
1776553941375288600,15.99128857421875,0.0040261867761611,0.0306909063398838,0.0029634072497021
1776553941385279700,16.00127978515625,0.0105307463645935,0.0188502464205026,-0.0185475919458083
1776553941395270700,16.011270751953123,0.0084212068647146,0.0209083479940891,-0.008269126142119
1776553941405261600,16.021261474609375,0.0146487030774354,0.0307604644447565,0.0129361498387763
1776553941415252500,16.03125244140625,-0.0111889180123805,0.0097293668538331,0.0065461930733406
1776553941425243600,16.04124365234375,0.0110123924016952,0.0302548530101776,-0.0038176357591291
1776553941435234600,16.051234619140626,0.0044616555839776,0.0122895727306604,-0.0220262232752284
1776553941445225500,16.0612255859375,-0.0070560559913516,0.015731237617135,-0.0071075030507985
1776553941455216600,16.071216552734374,-0.0087991002663969,0.0092827921301126,-0.002399594787904
1776553941465206500,16.08120654296875,0.0207119486391544,-0.0016495207726955,-0.0039388783854665
1776553941475197400,16.091197509765625,0.0069517188340425,0.0173112002849578,0.0034664294349728
1776553941485188600,16.101188720703124,-0.0017085574835538,0.0056324529290199,-0.0015707427483284
1776553941495179800,16.1111796875,-0.0017933131575584,0.0222235222458839,-0.0125311309681506
1776553941505170700,16.121170654296876,0.0032093174353241,0.0079494976997375,-0.012925299651199
1776553941515161600,16.13116162109375,0.0198567931145429,0.0200602067321538,-0.0175656591032166
1776553941525152500,16.141152587890623,0.0171121705815196,0.0251209972530603,-0.0032623536636587
1776553941535143700,16.151143798828127,-0.0041153263643383,0.0038689503878355,-0.0047550673062913
1776553941545135000,16.161135009765626,-0.0016845920860767,0.0324812968879938,0.0013468023659195
1776553941555126000,16.1711259765625,0.0150166596069931,0.0145411510497331,-0.0145236427925061
1776553941565116000,16.181115966796874,-0.0001648351728916,0.0012415244936943,-0.0162355247443076
1776553941575106800,16.19110693359375,0.0088224811419844,0.0137678285896778,-0.0058409126145066
1776553941585098000,16.201097900390625,0.0047574236601591,0.0034089316606521,-0.0002931285945232
1776553941595089000,16.2110888671875,-0.0008703530937433,0.0297708688855171,-0.0023775336531456
1776553941605079800,16.221079833984376,0.0049772038906812,0.0057183776468038,0.0038139185652369
1776553941615070700,16.23107080078125,-0.0081117025241255,0.0088403090596199,-0.008367197955423
1776553941625062000,16.241061767578124,0.0227685889080166,0.0213537536740303,0.0065885069782612
1776553941635052800,16.251052734375,0.0074634677484631,0.0216653038412332,-0.0074088697507046
1776553941645044000,16.2610439453125,-0.0018906360521912,0.0143535195231437,0.0078772909800522
1776553941655033900,16.271033935546875,0.0045198155120015,0.0158569098234176,0.0075719330916181
1776553941665025000,16.28102490234375,-0.0042877603217959,0.004246551528573,-0.0017486657316563
1776553941675016000,16.291015869140626,0.0064361705273389,0.0182446817427873,0.0282911014894256
1776553941685006800,16.3010068359375,-0.0118023737356066,0.0197369661271572,0.0099472884874092
1776553941694998000,16.310998046875,0.005783259576559,0.0200140295028686,-0.0009830607871757
1776553941704989000,16.320989013671873,-0.0046399347603321,0.0201502231031656,0.0039343848734395
1776553941714979800,16.330979736328125,-0.0081184245258569,0.0104331312090158,0.0082694138364866
1776553941724970800,16.340970703125,0.0160974405810236,0.0144394442409276,0.0010386177661595
1776553941734962000,16.3509619140625,-0.0046790977269411,0.0148825118333101,-0.0021140147455967
1776553941744952000,16.3609521484375,-0.0042068040400743,0.0268880069255828,-0.0094196570172673
1776553941754943000,16.37094287109375,-0.0105070732280611,0.0162660751461982,-0.0034545974332839
1776553941764934000,16.380933837890623,-0.0111222825169563,0.0158224230319261,-0.0030110640500206
1776553941774925000,16.390925048828127,0.013730126927793,0.0250555308014154,-0.0011731856649508
1776553941784916000,16.400916015625,0.0260515561014413,0.0006096563309431,0.0007585176165681
1776553941794907000,16.410906982421874,0.0086763506695628,0.0136328040331602,0.0061444164725719
1776553941804898000,16.42089794921875,0.0006833060890436,0.0090109894514083,-0.0021233396963682
1776553941814889000,16.430888916015626,-0.0133873048394918,0.014399696752429,0.0018499980811262
1776553941824879900,16.4408798828125,0.0072942486613988,0.0114396779030561,-0.0040597830850863
1776553941834870800,16.450870849609377,0.0004638181194663,0.0235451262384653,0.0147073653289582
1776553941844861000,16.46086083984375,-0.0158101480722427,0.0112649058580398,-0.0095577959794783
1776553941854851800,16.470851806640624,-0.0038122517645359,0.0115565822809934,0.0031099715469637
1776553941864843000,16.480843017578124,0.0038607670813798,0.0181289464086294,-0.000985755067761
1776553941874834000,16.490833984375,0.0010404489636421,-0.0001338555127382,-0.0131140545557951
1776553941884825000,16.5008251953125,0.0177574827477335,0.0194406135290861,0.0236845164428465
1776553941894816000,16.51081591796875,0.0034250060126185,0.0034217911422252,0.0043385726270033
1776553941904807000,16.520806884765626,-0.0079787237942218,0.0072796356141567,-0.0043491625196766
1776553941914798000,16.530798095703126,0.0005845218896865,0.0135147306114435,0.0036454849294619
1776553941924789000,16.5407890625,0.0180257782950997,-0.0112391868948936,-0.0096510683200787
1776553941934779000,16.55077880859375,0.0082850132644176,0.0078781860291957,-0.0053627874084748
1776553941944769800,16.560769775390625,-0.0209369895666837,0.0135761054098606,0.0089869053229223
1776553941954761000,16.570760986328125,0.0004328384593129,0.0156792151689529,0.00219199818552
1776553941964752000,16.580751953125,-0.0008496025666594,0.0071732526302337,-0.0018818499575369
1776553941974742800,16.59074267578125,0.0044335985332727,0.0055137949854135,0.0008047953105531
1776553941984733700,16.600733642578124,0.0154722944200038,0.0201455469280481,0.0196297565927496
1776553941994724900,16.610724853515624,-0.0037675358399748,0.0095031568825244,0.0027186341418186
1776553942004716000,16.620716064453124,-0.0020408581778407,0.0152086750477552,-0.0120401554137002
1776553942014707000,16.63070703125,-0.0088350483626127,0.0117839612960815,-0.0022979975769529
1776553942024698000,16.640697998046875,0.0268584885701537,0.0123614689230918,0.0057001387372147
1776553942034688000,16.65068798828125,0.0025210429102182,0.0175847565293312,0.0006863885286962
1776553942044679000,16.660678955078126,0.016954641932249,0.0204494983106851,-0.0004368479141499
1776553942054669800,16.670669921875,-0.0027454993158578,0.0174012166559696,-0.0090673821140313
1776553942064661000,16.680660888671873,-0.0120879126787185,0.0183154088914394,-0.0118595655492506
1776553942074652000,16.69065185546875,-0.0027864158481359,0.0153156425535678,-0.0095497222708771
1776553942084642800,16.700642822265625,0.0046279520615935,0.0055664019554853,-0.0059014973950572
1776553942094633700,16.7106337890625,0.0031608021184802,0.0188753808617591,-0.0031331286602653
1776553942104625000,16.720625,-0.0072729136124253,0.0037900399327278,-0.001870885605528
1776553942114615800,16.73061572265625,0.0134881348654627,0.0254565128177404,-0.0126842026380123
1776553942124606700,16.740606689453124,0.0139420161128044,0.0066010057002305,0.011797208936722
1776553942134596900,16.750596923828127,0.0139493226364254,0.0120937578976154,-0.0118390753170708
1776553942144588000,16.760588134765626,-0.0036550153762102,0.0159288060158491,-0.0152531946094939
1776553942154579000,16.770578857421874,-0.0054673254951834,0.0084516020029783,-0.0058265096298186
1776553942164569900,16.78056982421875,-0.0056017655298113,0.026852351090312,-0.0170094271596753
1776553942174561000,16.79056103515625,-0.0049035541325807,0.0120528413653373,0.0057119387728627
1776553942184552000,16.800552001953125,0.0090752868592739,0.0193687173366546,0.0007229439796879
1776553942194542800,16.81054296875,0.0015343699604272,0.0184463417947292,-0.0104933826294261
1776553942204533800,16.82053369140625,0.0076934771120548,0.0231178407371044,-0.0209975012819981
1776553942214525000,16.83052490234375,0.00189297413975,0.0259516028583049,0.0013376281121978
1776553942224515800,16.840515869140624,0.0063341714575886,0.0123474403977394,0.002820756509155
1776553942234506000,16.850506103515624,0.0048725744724273,0.0084475103497505,-0.0017492319872369
1776553942244497000,16.860496826171875,0.0167106040433049,-0.0068605334192514,-0.0021152888206532
1776553942254488000,16.870488037109375,-0.0044020343512296,0.0108007954776287,-0.003337665655883
1776553942264479000,16.88047900390625,0.0025394553497433,0.006486439409852,0.0073808629323495
1776553942274470000,16.890469970703126,0.0144119717121124,0.0036713819891214,-0.0003111757078673
1776553942284461000,16.9004609375,-0.0081359601825475,0.0313414792031049,0.0003500327137997
1776553942294452000,16.910451904296874,-0.0061287120133638,0.0175578685224056,0.0091979131585219
1776553942304443000,16.92044287109375,-0.003871580736339,0.0271715000420808,-0.0123632818542653
1776553942314433800,16.930433837890625,-0.0255330851852893,0.0192722712248563,0.0050961312623461
1776553942324424000,16.940423828125,0.0155731244459748,0.02029109287858,-0.0127258406894979
1776553942334414800,16.950414794921876,0.0066284782290458,0.0208802909433841,-0.0059975918804062
1776553942344406000,16.960406005859376,-0.000510872131586,0.0176169052332639,0.0071226458210032
1776553942354397000,16.97039697265625,-0.0161494630292057,0.0173380882918834,-0.004459596057632
1776553942364388000,16.98038818359375,0.008879179765284,0.0102548520326614,0.0041097231740364
1776553942374379000,16.99037890625,0.012542086187005,0.006046294426918,0.0107755149058997
1776553942384370000,17.000369873046875,0.0193336460232734,0.0136620301276445,0.0029245502437697
1776553942394361000,17.010361083984375,0.0078723408102989,0.0115507370620965,0.0091561563760275
1776553942404352000,17.02035205078125,-0.0154980133831501,0.0136515087336301,-0.0038741151867201
1776553942414343000,17.030343017578126,-0.0103144732654094,0.0186707982003688,-0.0014627842952497
1776553942424332800,17.040332763671874,-0.0046434418916702,0.0215863933861255,-0.0185169136797543
1776553942434324000,17.050323974609373,0.0141685183450579,0.0160217449963092,0.0072582685991423
1776553942444315000,17.06031494140625,0.005298398669064,0.0062666591793298,-0.0020504662564024
1776553942454305800,17.070305908203125,-0.0063537529408931,0.0141921914815902,-0.0095592755505116
1776553942464296700,17.080296630859376,-0.0001546060398221,0.0267845465511083,-0.0019840956224594
1776553942474287900,17.090287841796876,0.0119040805444121,0.0046148003190755,-0.0053798664074391
1776553942484279000,17.100279052734376,-0.0018815759629011,0.0151630823403596,-0.0023099574428051
1776553942494270000,17.11027001953125,-0.0139060680165886,0.0081043960005044,0.0103933334881672
1776553942504261000,17.12026123046875,0.00508212556988,0.0209369895666837,-0.000314016118925
1776553942514252000,17.130251953125,-0.0054582654058933,0.0242465525060892,0.0067061191756743
1776553942524242000,17.140241943359374,0.0032052257820963,0.0193137722790241,0.0009557663548737
1776553942534232800,17.15023291015625,0.0047431028738617,0.0109247141182422,-0.0115124052125494
1776553942544224000,17.16022412109375,0.0083592475444078,0.0242354465901851,-0.017307437425293
1776553942554214700,17.170214599609373,-0.0066480597123503,0.0218517663240432,0.0010140404473291
1776553942564205600,17.18020556640625,-0.0150762808397412,0.0028618191719055,-0.0096652201430173
1776553942574196700,17.19019677734375,0.0013122516423463,0.0140630121439695,-0.0041094811454415
1776553942584187600,17.200187744140624,0.0107712771221995,0.0066138651818037,0.0153783507925458
1776553942594178600,17.210178466796876,0.0125967389836907,0.0079530048310756,-0.0186962157694157
1776553942604169700,17.220169677734376,-0.004807984803617,0.0253249953925609,0.0021322490886086
1776553942614161000,17.230160888671875,0.0070043258041143,0.0130155489176511,-0.0100289114894112
1776553942624150800,17.24015087890625,-0.0108665541902184,0.0119862058699131,-0.0047297365022124
1776553942634141700,17.2501416015625,-0.0095312139332294,0.0063034840583801,0.01237538785059
1776553942644132900,17.2601328125,0.0018242928177118,0.0314472776651382,-0.005328277784097
1776553942654123800,17.270123779296874,-0.0073825114667415,0.0217407071650028,0.0085750594192883
1776553942664114700,17.28011474609375,-0.0064423080071806,0.0121925420969724,-0.0011012209738604
1776553942674105600,17.290105712890625,0.0100873865112662,0.0195464119911193,0.0068969290400389
1776553942684096800,17.3000966796875,0.0056380058869719,0.0255208102256059,0.0053650706971064
1776553942694087700,17.310087646484376,0.0098547467991709,0.026561259189248,0.0054157871041912
1776553942704078600,17.32007861328125,0.0014683189868927,0.00676993252635,-0.0145703954105265
1776553942714069800,17.33006982421875,-0.0126537298679351,0.0113823947578668,0.001277751151123
1776553942724060000,17.340059814453124,0.0022243980512022,0.0160030402958393,-0.0128738845577929
1776553942734050800,17.35005078125,0.0081675243645906,0.0277946003764867,0.0052914483384694
1776553942744041700,17.360041748046875,0.0143365683883428,0.0106862291872501,-0.009468081002566
1776553942754033000,17.370032958984375,-0.000516425089538,0.0224766202241182,-0.0060198904771823
1776553942764023800,17.38002392578125,-0.0031043957561254,0.0167629187524318,0.0055710826971801
1776553942774014700,17.3900146484375,0.0113537531852722,0.0155406834810972,0.0129543065499747
1776553942784005600,17.400005615234374,0.0076043375238776,0.020289339312911,-0.0151778826172696
1776553942793996800,17.409996826171874,0.0211430335327982,0.0280102889537811,-0.0068793751170393
1776553942803987700,17.41998779296875,0.0007318214058876,0.0167629187524318,0.0028211127021815
1776553942813978600,17.429978515625,-0.0065823009997606,0.0185533093005418,-0.0059302896647015
1776553942823969800,17.4399697265625,-0.0074386255681514,0.0295072495132684,0.0161654962819768
1776553942833960000,17.4499599609375,-0.0007592939347028,0.0070358899861574,0.0215958507676376
1776553942843950800,17.459950927734376,0.006130173318088,0.020759294912219,0.008838194734347
1776553942853941800,17.469941650390624,-0.0065562897756695,0.0106160865604877,0.0088766087822848
1776553942863933000,17.479932861328123,-0.0046504561543464,0.0029962592065334,-0.0083184680094476
1776553942873923800,17.489923828125,-0.0001598667368292,0.0298895268291234,-0.0031882929136045
1776553942883914800,17.499914794921875,-0.0066319853603839,0.0036304654568433,0.0078268896667985
1776553942893905700,17.50990576171875,-0.0005681552767753,0.023469138392806,-0.0004951905052643
1776553942903896800,17.519896728515626,0.0252858324259519,0.0280751708835363,0.0106460798399522
1776553942913887700,17.5298876953125,0.0044455812320113,0.0160328509122133,-0.0061304838453419
1776553942923878700,17.539878662109373,-0.0027390695750713,0.0141968676567077,-0.003567524322425
1776553942933868500,17.54986865234375,-0.0011661211699247,0.0168704707801342,-0.0086958819205174
1776553942943859700,17.559859619140624,0.0086380644857883,0.0320031579822301,-0.013155523643922
1776553942953850600,17.5698505859375,-0.0010801964521408,0.0191337395370006,0.0014975542145315
1776553942963841800,17.579841796875,-0.0070329673767089,0.0289601370245218,0.0080078676903154
1776553942973833000,17.5898330078125,-0.0104056586802005,0.0148749130487442,0.0026149408719036
1776553942983824000,17.599823974609375,0.0007940729871392,0.0193722244679927,-0.007635595745244
1776553942993814800,17.609814697265627,-0.0015565817922353,0.0269523043334484,0.0012947433851193
1776553943003805700,17.6198056640625,1.81201785802e-05,0.0102799864739179,-0.0128965347810182
1776553943013796900,17.629796875,0.015486907467246,0.0109703068256378,-0.0059814079305855
1776553943023787800,17.639787841796874,0.0045122167274355,0.002564297530055,0.0057739802915602
1776553943033778700,17.64977880859375,-0.0036874563410878,0.0132885206401348,0.0059862119698664
1776553943043768600,17.6597685546875,0.025806056907773,0.014440613284707,0.0096880484627559
1776553943053759700,17.669759765625,0.0026920155629515,0.0134796592980623,-0.0075290620642714
1776553943063750700,17.679750732421876,-0.0046790977269411,0.0135574007093906,-0.0086064318050863
1776553943073741600,17.689741455078124,-0.0196016493096947,0.0259235458076,0.0070268938289489
1776553943083732700,17.699732666015624,-0.0029752164185047,-0.0014648118555545,0.0171901722877519
1776553943093723600,17.7097236328125,-0.0058846741244196,0.0149719436824321,-0.0011250174079788
1776553943103714800,17.71971484375,0.0063099137991666,0.0170049108147621,0.0031299777219537
1776553943113705700,17.729705810546875,0.0074941551476716,0.0012128829210996,-0.0125779109856346
1776553943123697000,17.73969677734375,-0.012489771477878,0.017463760498166,-0.0135153836319921
1776553943133687800,17.749687744140626,0.0027492987081408,0.0168307232916355,-0.0052831097683869
1776553943143677700,17.759677734375,0.0033282676398754,0.0278682501345872,-0.006013812362845
1776553943153668600,17.769668701171874,-0.0081228084400296,0.0122457335889339,0.0090710308092646
1776553943163659800,17.77965966796875,0.0001110591590404,0.0123106155186891,-0.014787874086108
1776553943173650700,17.789650634765625,0.0036921325162053,0.0387163918852806,-0.0155736404692055
1776553943183641600,17.7996416015625,0.0020446575701236,0.009755670338869,-0.0053631344683468
1776553943193632800,17.8096328125,0.0018541034340858,0.0352729734331369,-0.0008700836656847
1776553943203623700,17.819623779296876,-0.0101303488701581,0.0114010994583368,0.0097933902670629
1776553943213614600,17.829614501953124,-0.0095350133255124,0.0229500829547643,0.0184776365487137
1776553943223605800,17.839605712890624,-0.0157762458026409,0.0060971478313207,-0.0001375042079715
1776553943233597000,17.849596923828123,-0.0069587330967187,0.0171335056304931,-0.0005499072340317
1776553943243587800,17.859587890625,-0.0032844284981489,0.0200619602978229,0.003178168811812
1776553943253577700,17.86957763671875,0.0191448454529047,0.0087619831264019,0.0141602893728297
1776553943263568600,17.879568603515626,-0.014880758267641,0.0278080443799495,0.0076120367731433
1776553943273559800,17.889559814453126,-0.0062763037905097,0.0188753808617591,-0.0036440692905103
1776553943283550700,17.89955078125,0.0044078795701265,0.0180967977046966,-0.0026163062785053
1776553943293541600,17.909541748046873,0.001087210714817,0.0170417356938123,-0.0098814886756241
1776553943303532800,17.91953271484375,0.0018783610925078,-0.0026969839990139,-0.0148629257834283
1776553943313523700,17.929523681640624,-0.0140022218674421,0.0190320327281951,-0.0079593386737396
1776553943323514600,17.9395146484375,-0.0131178402483463,0.0156207629799842,0.0010695243610767
1776553943333505500,17.949505615234376,0.0105959205552935,0.0223603003680706,-0.004492895539035
1776553943343496700,17.95949658203125,-0.0143038351625204,0.0050035073757171,0.0053040429585613
1776553943353487600,17.969487548828123,-0.0058919806480407,0.0209913501024246,0.0002073408740572
1776553943363477800,17.979477783203127,0.0037169746965169,0.0112818569928407,0.0182115466581657
1776553943373468700,17.98946875,0.0091457217469811,0.0175391638219356,-0.0015807892183074
1776553943383459800,17.9994599609375,-0.0042255087405443,0.0285702609241008,0.0108983558342792
1776553943393450800,18.00945068359375,0.0056029345735907,0.0167044665634632,0.0005938011746853
1776553943403441700,18.019441650390625,-8.68015006184e-05,0.03030629093647,-0.0065635369337862
1776553943413432800,18.029432861328125,-0.0075543609023094,0.0232557879030704,0.0011408360316185
1776553943423423700,18.039423828125,-0.0049736967593431,0.0206435595780611,0.0038800791366258
1776553943433414700,18.04941455078125,-0.0030038579910993,0.0294084653139114,-0.0054867380151292
1776553943443405800,18.05940576171875,0.0042161563903093,0.0097796357363462,-0.0040227070442866
1776553943453396700,18.069396728515624,0.007083236259222,0.012816226953268,-0.0141860129025531
1776553943463387000,18.079386962890624,0.0038180969834327,0.0167500592708587,-0.004608457343257
1776553943473377800,18.089377685546875,-0.0036807343393564,0.0168055888503789,-0.0178887170451227
1776553943483368700,18.09936865234375,0.0123301970019936,0.0240396317571401,0.0102451023902045
1776553943493359900,18.10935986328125,0.0084720602691173,0.0171983875602483,0.006587219203473
1776553943503350800,18.11935083007813,0.0056888592913746,0.013000935870409,0.0061656556234229
1776553943513341700,18.129341796875,0.0038096214160323,0.0192775319218635,0.0029232944350223
1776553943523332900,18.13933276367188,-0.0190162506371736,0.0165080672085285,-0.0044901555926771
1776553943533323800,18.14932373046875,-0.0049678515404462,0.0241951145797967,0.0072674885186366
1776553943543314700,18.159314697265625,-0.0041027591437101,0.0206225167900323,0.0006516414423007
1776553943553305600,18.1693056640625,-0.0009311433702707,0.0316547829359769,0.0013410530451452
1776553943563296500,18.179296630859376,-0.0019070026651024,0.0118915133237838,-0.0081782877871999
1776553943573286700,18.18928662109375,0.0051446694120764,0.0067658408731222,-0.0047568208719603
1776553943583277800,18.19927783203125,-0.0080798460811376,0.0183551563799381,0.0088152065844042
1776553943593268700,18.209268798828123,-0.0071957567229866,0.0164624745011329,-0.0129284734223969
1776553943603259600,18.219259765625,0.0105509123697876,0.0173433489888906,0.00633004783832
1776553943613250800,18.229250732421875,-0.0034606618478894,0.0197714529186487,0.0088318563251057
1776553943623241700,18.23924169921875,-0.0027516367956995,0.0089490301311016,0.0067572237418266
1776553943633232600,18.249232666015622,-0.0064244800895452,0.0188970081716775,-0.0086376489272573
1776553943643223600,18.2592236328125,0.0166232180207967,-0.0103828623265028,-0.0059698042577598
1776553943653214700,18.269214599609377,0.0110930564224719,0.02872106757164,-0.0051551999392453
1776553943663205600,18.27920556640625,-0.0208750302463769,0.0166343239367008,0.0054204587127314
1776553943673196500,18.289196533203125,0.0011526771664619,0.0130845225006341,0.0045891863872064
1776553943683186400,18.2991865234375,-0.001900280663371,0.0164841018110513,0.0184954462000401
1776553943693177600,18.309177490234376,-0.002016015997529,0.0150689743161201,0.006989224133105
1776553943703168500,18.31916845703125,0.0058493105500936,0.0286450797259807,0.0061701034696772
1776553943713159700,18.32915966796875,0.0039455227553844,0.0207931971818208,0.0018892934784758
1776553943723150800,18.33915087890625,-0.0005342530071735,0.0207324069052934,-0.0171446800450561
1776553943733141800,18.349141845703127,-0.0063560910284519,0.0259486802488565,-0.0009575701528927
1776553943743132700,18.35913256835937,0.0026230419799685,0.0023550386935472,0.0177475595753407
1776553943753123600,18.36912353515625,0.0042266777843236,0.0267658418506383,0.0166004855991806
1776553943763114800,18.37911474609375,9.06008929014e-05,0.0141220488548278,0.0050887882061069
1776553943773105700,18.389105712890625,-0.0083154084026813,0.0059890112817287,-0.0101363128200639
1776553943783096600,18.3990966796875,0.0008002104669809,0.0220534263759851,-0.0039103920764988
1776553943793087700,18.409087646484377,0.0013362170398235,0.0286614463388919,-0.0052988416270585
1776553943803077600,18.41907763671875,0.025666063915193,0.024603110858798,-0.0006186159555334
1776553943813068500,18.429068603515624,-0.0183723997756838,0.0175467626065015,0.0009667170071508
1776553943823059500,18.4390595703125,-0.0104188104227185,0.0025841712743043,-0.0020373738793889
1776553943833050600,18.44905053710937,-0.0145791449725627,0.0344125572115182,-0.0074475988924736
1776553943843041500,18.45904150390625,-2.71802678704e-05,0.0035001170754432,-0.0086955394272226
1776553943853032700,18.46903271484375,0.0157139942213892,0.0222691149532794,0.0105097903415327
1776553943863023600,18.479023681640623,-0.0203179808855056,0.0188490773767232,0.0082389912987593
1776553943873014800,18.48901489257813,0.0083829206809401,0.00197685303092,0.0025048178612021
1776553943883005700,18.49900561523437,-0.003899637787044,0.0171662388563156,0.0217788654846139
1776553943892996600,18.50899658203125,-0.0104760935679078,0.0171101247549057,0.0013704298366792
1776553943902987800,18.51898779296875,-0.0150178286507725,0.0256640180885791,0.0192970814391272
1776553943912977700,18.528977783203125,-0.0041740708142519,0.0066501055389642,0.0163074574693571
1776553943922968600,18.538968505859376,-0.011758826854825,0.0145779759287834,-0.0092071422111708
1776553943932959500,18.54895947265625,-0.0140025141283869,0.026432664373517,0.0276787143452791
1776553943942950700,18.55895068359375,-0.0112111298441886,0.0135264210492372,0.0362803010118892
1776553943952941600,18.568941650390624,-0.0094911741837859,0.0434890131145715,0.0532619862146908
1776553943962932500,18.578932373046875,-0.0212269124239683,0.0470680406451225,0.0617849227210972
1776553943972923400,18.58892333984375,-0.0096820205807685,0.0359995341420173,-0.0064657802143134
1776553943982914600,18.59891455078125,-0.002814180637896,0.0140823013663291,0.0055323946546064
1776553943992905700,18.60890576171875,-0.0135550626218318,0.0080973817378282,0.0191653767842799
1776553944002896600,18.618896728515622,0.0047194297373294,0.0213531691521406,-0.0105744393758475
1776553944012887800,18.6288876953125,0.0216112355664372,-0.0184843357175588,-0.0690123440908268
1776553944022877700,18.63887768554688,0.0467614589139819,-0.030434885752201,-0.1365511632966808
1776553944032868600,18.64886865234375,0.0192494748711586,-0.0188099144101142,-0.1002007972898427
1776553944042859500,18.658859619140625,-0.003101473146677,0.0107493575513362,-0.0095001246752217
1776553944052850700,18.6688505859375,0.0041655952468514,0.0070493339896202,0.003480973983556
1776553944062841600,18.678841552734376,-0.0015936989322304,0.0093365681439638,0.0080828326226677
1776553944072832500,18.68883251953125,0.0111205289512872,0.0164355864942073,-0.0024848071196349
1776553944082823400,18.698823486328124,0.0095890816003084,0.0162964702844619,-0.0052659531376091
1776553944092814600,18.708814697265623,-0.0154714176371693,0.010438391906023,-0.0082752407890744
1776553944102805500,18.718805419921875,0.0021533786416053,0.0249625918209552,-0.0004692523464094
1776553944112796700,18.72879663085937,0.0152297178357839,0.0273398423463106,-0.0039661454183049
1776553944122787800,18.73878784179687,-0.0053489598125219,0.0113081604778766,0.0051674383663106
1776553944132778800,18.74877880859375,0.0001420388191938,0.0247451496779918,0.0028544624159345
1776553944142768600,18.7587685546875,0.0052756023153662,0.0096598087489604,-9.98208123957e-05
1776553944152759600,18.768759521484377,-0.007014262676239,0.0085737670779228,-0.0042995512242894
1776553944162750700,18.77875073242188,-0.0061480012357234,0.0124281044185161,-0.0061384890552842
1776553944172741600,18.78874169921875,0.0144645786821842,0.0357376683354377,0.0048021487178746
1776553944182732500,18.798732666015624,-0.0159665076777338,0.0179033209592103,0.0023167159771546
1776553944192723500,18.80872338867188,-0.0005833528459072,0.0168202018976211,0.0074500511444639
1776553944202714600,18.81871459960937,0.0018657938718795,0.020308044013381,0.0182474308222997
1776553944212705500,18.82870556640625,0.0029123803153634,0.0273170459926128,-0.0057810858857817
1776553944222696400,18.838696533203127,0.0137383102342486,0.0228735105872154,-0.0246282453000545
1776553944232687600,18.8486875,-0.0024120295777916,0.0185918877452611,-0.0161026053799083
1776553944242678500,18.85867846679687,0.007107493917644,0.0205710788637399,0.0025473326955223
1776553944252668700,18.86866870117188,0.0154229023203253,0.017316460981965,-0.0039845258917892
1776553944262659600,18.87865966796875,-0.0074210899114608,0.0045575171738862,-0.0030687764534726
1776553944272650800,18.888650634765625,-0.0287745513245463,0.0262158067524433,-0.002704395553912
1776553944282641700,18.8986416015625,-0.0232698164284229,0.014781974068284,-0.0157125511829741
1776553944292632600,18.908632568359376,-0.0050955695733428,0.0246130477309226,0.0099348628306761
1776553944302623500,18.91862353515625,0.0077127663344144,0.0317430457413196,0.013400200853683
1776553944312614700,18.92861474609375,0.0089139588177204,0.0189531222730875,0.0202850695631699
1776553944322605600,18.93860546875,0.0048202597633004,0.0229383925169706,0.0214573556123999
1776553944332596500,18.948596435546875,-0.0030915362745523,-0.003942600145936,0.0008396793942665
1776553944342587600,18.95858764648437,0.0040951603591442,0.0041097734063863,-0.0043542816527886
1776553944352578600,18.96857861328125,-0.0058697688162326,0.0030599720925092,-0.0103949226570548
1776553944362569500,18.97856958007813,0.0124292734622955,0.0016530279040336,-0.0186926355728413
1776553944372559600,18.9885595703125,0.019537644162774,0.0079115037769079,-0.0138398891788907
1776553944382550800,18.99855078125,-0.0074640522703528,0.0189548758387565,-0.0026828047766117
1776553944392541700,19.00854174804688,-0.0014841010779142,0.0077718030452728,-0.0032554855314549
1776553944402532600,19.01853271484375,-0.0060351885110139,0.0164648125886917,0.002833337429515
1776553944412523500,19.0285234375,-0.0131555419102311,0.0024199206233024,-0.0012231166207464
1776553944422514700,19.0385146484375,0.0069347676992416,0.0246983879268169,0.0098733601680956
1776553944432505600,19.048505615234376,-0.0045551790863275,0.0151934774786233,0.0116024855156429
1776553944442496500,19.05849658203125,-0.0081605101019144,0.0182727387934923,-0.0048403207372175
1776553944452487700,19.06848779296875,-0.0068058806225657,0.0120680389344692,0.0166178979582851
1776553944462478600,19.078478515625,0.0058633390754461,0.0062853638797998,0.0049727149452315
1776553944472469500,19.088469482421875,-0.002293956156075,0.0050415012985467,0.0017966010931879
1776553944482460700,19.09846069335937,-0.0024944471642374,0.004089899662137,-0.0099300039924681
1776553944492450800,19.10845092773437,0.0059776131048798,0.031871056035161,-0.001240583778778
1776553944502441700,19.118441650390626,-0.0067611646980047,0.0250122761815786,-0.0167656723985215
1776553944512432600,19.1284326171875,0.001169336040318,0.0203933842092752,0.0084755811001872
1776553944522423600,19.138423583984373,0.0043675475597381,0.0171042795360088,-0.0098423394087469
1776553944532414700,19.14841479492188,-0.0120756377190351,0.0064934536725282,-0.0112110019800253
1776553944542405600,19.158405517578124,-0.0144385674580931,0.0047089083433151,-0.0074680617251899
1776553944552397300,19.16839721679688,-0.0131274848595261,0.0026443770289421,-0.0023722501232521
1776553944562388200,19.17838818359375,0.0009203297153115,0.0184866738051176,0.0086511157636065
1776553944572379100,19.188379150390624,-6.7220017313e-06,-0.0032277298748493,-0.0041420043087098
1776553944582370300,19.198370361328124,-0.0194987734571099,0.0226899707138538,0.0018094012092566
1776553944592361200,19.208361328125,0.000137947165966,0.0170130941212177,-0.0003367942063137
1776553944602352000,19.21835205078125,-0.0021630232527852,0.007622165441513,-0.009674636425334
1776553944612342000,19.228342041015622,0.0067085577279329,0.0206476512312889,0.0160558984276605
1776553944622333000,19.2383330078125,-0.0039133740514516,0.0108954880237579,-0.0101735989234177
1776553944632324000,19.248323974609377,-0.0112476624622941,0.0125175362676382,0.0054763673181645
1776553944642315300,19.25831518554688,-0.0126341483846306,0.0105599724590778,0.001703406384401
1776553944652306200,19.26830615234375,-0.0021481179445981,0.0070902505218982,0.0150081657732836
1776553944662297300,19.27829736328125,0.0021884499549865,0.0070668696463108,0.0100070558506296
1776553944672288300,19.288288330078124,-0.0004290390670299,0.0182423436552286,0.0095161853274563
1776553944682279200,19.298279052734376,-0.0031119945406913,0.0218067581385374,0.000561885366193
1776553944692270300,19.30827026367188,-0.016740122398734,0.0058171618461608,-0.0045110202841926
1776553944702261200,19.31826123046875,-0.0138636901795864,0.0091185414791107,-0.0012433602577541
1776553944712252200,19.328252197265623,0.0115308633178472,0.0165875621855258,0.0025858883073553
1776553944722243000,19.3382431640625,0.009919920989871,0.0225818341642618,-0.0003968081647064
1776553944732234200,19.34823413085937,-0.0215925308659672,0.0027238720059394,-0.015370199452131
1776553944742224100,19.35822412109375,-0.00666734893471,0.0287906256765127,-0.0109982497119111
1776553944752215000,19.368215087890626,0.0146750065624713,0.0190109899401664,-0.0035615695056738
1776553944762206000,19.3782060546875,0.0167436295300722,0.0246779296606779,0.0156505279305856
1776553944772197000,19.388197021484373,-0.0041372459352016,0.0177928463220596,0.0033776643061311
1776553944782188300,19.39818823242188,-0.0173363347262144,0.0161743052095174,-0.0049482335245236
1776553944792179200,19.40817919921875,0.0061161447927355,0.0222948339164257,0.0180704348541563
1776553944802170400,19.41817041015625,-0.0039440614506602,0.019780220746994,-0.0181318690180778
1776553944812161300,19.428161376953124,-0.0093517657130956,0.0068926821231842,-0.0046232621867442
1776553944822152200,19.438152099609376,0.0045133857712149,0.0216951144576072,0.0124346346240025
1776553944832143000,19.44814306640625,-0.0023658523485064,0.0187187289953231,-0.0126977562393294
1776553944842134300,19.45813427734375,-0.0123868956252932,0.0332931977927684,0.0042918245755601
1776553944852125200,19.468125244140627,-0.003981763112545,0.0110527244120836,-0.0111927859033225
1776553944862116000,19.4781162109375,0.0125549456685781,0.0175263043403625,0.0009444184103747
1776553944872106000,19.48810595703125,0.0078819854214787,0.0114811789572238,-0.0184901672367239
1776553944882097200,19.49809716796875,0.0151560680776834,0.0140162503927946,-0.0089693103007273
1776553944892088000,19.508088134765625,-0.0034472178444266,0.0010743512332439,0.0230044480570824
1776553944902079200,19.518079345703125,-0.0214618902236223,0.0108358667910099,0.0025148232319857
1776553944912070400,19.5280703125,-0.0003834463596343,0.0183417123764753,0.0095565675701946
1776553944922061300,19.53806127929688,0.0101356095671653,0.0125099374830722,-0.004713383589033
1776553944932052200,19.54805224609375,-0.0051721419408917,0.0240185889691114,0.0085189635841874
1776553944942043100,19.558043212890624,0.0153001527234911,0.0160094700366258,-0.0019111171512166
1776553944952034300,19.568034423828124,-0.0139864397764205,0.0142640876740217,0.0033540277022169
1776553944962025200,19.57802514648437,0.0007540332376956,0.010263035339117,-0.0090719669576035
1776553944972016000,19.58801611328125,0.0051207040145993,0.0032820904105901,0.0148498379729921
1776553944982007300,19.59800732421875,-0.0046031098812818,-0.0004401449829339,-0.0092400352671975
1776553944991997200,19.6079970703125,-0.0041968671679496,0.0101093060821294,-0.0179905791175551
1776553945001988000,19.61798803710937,-0.0027519290566444,0.0076432082295417,0.0003648877896368
1776553945011979000,19.62797900390625,0.0137651982411742,0.0096329207420349,0.0082752910214243
1776553945021970200,19.63797021484375,0.0015019289955496,0.0171305830210447,0.0080837094055023
1776553945031961000,19.647961181640625,-0.0029755086794495,0.022381927677989,0.0070294237127527
1776553945041952300,19.6579521484375,-0.028487843337655,0.0168400756418704,0.0092387611921411
1776553945051943200,19.667943115234376,-0.0094955580979585,0.0313765505164861,0.0143281339201377
1776553945061934300,19.67793432617188,0.0008881810113787,0.0187017778605222,-0.0077308271474903
1776553945071925200,19.68792529296875,-0.0059618310138583,0.0206552500158548,0.0103091623360523
1776553945081916200,19.697916259765623,-0.0004734627306461,0.0146580554276704,0.0149131398670142
1776553945091907300,19.7079072265625,0.001577624580264,0.0179360541850328,-0.0063405007336754
1776553945101898200,19.71789819335937,-0.0027095512196421,0.0094084643363952,-0.0053169252730207
1776553945111889200,19.72788916015625,0.0066939446806907,0.0272404736250638,0.018947057858482
1776553945121879000,19.737879150390626,-0.012952420553565,0.0082218849003314,-0.0120556269774679
1776553945131870200,19.7478701171875,0.0065194648966193,0.0195014038056135,-0.0202030081697506
1776553945141861000,19.757861083984373,-0.0016375380739569,0.0107575408577919,-0.0027535273586865
1776553945151852000,19.76785205078125,-0.0033586627781391,0.0137894558995962,-0.016530964026926
1776553945161843000,19.777843017578125,-0.0077273793816566,0.0272837282449007,0.0191482795190066
1776553945171834000,19.787834228515624,-0.005246083959937,-0.0022036475241184,-0.0202629490629071
1776553945181825300,19.7978251953125,-0.0077735566109418,0.045588031220436,-0.0070346022113692
1776553945191816200,19.807816162109376,-0.0176864633381366,0.0106008889913558,0.0002682042158208
1776553945201807400,19.817807373046875,-0.001066752448678,0.0233791220217943,0.0128326620648382
1776553945211798300,19.82779833984375,0.0083130703151226,0.0139841016888618,0.0063761794018326
1776553945221789200,19.8377890625,-0.0058230070650577,0.0110299280583858,-0.0191316708775004
1776553945231780000,19.84778002929687,-0.0100537765026092,0.0284171161890029,0.0089701231514802
1776553945241771300,19.85777124023437,-0.0074026774719357,0.0190624278664588,-0.0021597809829283
1776553945251762200,19.86776220703125,0.0185816586121916,0.0230927062958478,-0.0077816348861204
1776553945261752000,19.877751953125,0.0146557173401117,0.0245282920569181,0.0016666637037415
1776553945271743000,19.88774291992188,-0.0263671979218721,0.016426818665862,-0.0075670240210602
1776553945281734100,19.897734130859376,-0.0137947165966033,0.0101133977353572,0.0023741361196618
1776553945291725000,19.90772509765625,-0.0099520696938037,0.0032166239589452,-0.0047882845893036
1776553945301716000,19.917716064453124,-0.0013467384338378,0.0078951371639966,-0.0139581498302752
1776553945311707100,19.92770703125,-0.0032142858713865,0.0118225397408008,-0.0184529678983381
1776553945321698300,19.9376982421875,-0.0145844056695699,0.0140828858882188,0.0076585108299506
1776553945331689200,19.94768920898437,-0.0126969844877719,0.0257440975874662,-0.0077164013299159
1776553945341680000,19.95768017578125,-0.0095113401889801,0.0194634098827838,-0.0178878219959791
1776553945351671300,19.96767138671875,0.0133566174402832,0.0027729718446731,-0.0113298973856493
1776553945361662200,19.977662109375,-0.0107099023237824,0.0229839852243661,0.0105713021372677
1776553945371653000,19.98765307617188,0.0100648824185132,0.0017594108879566,7.56910181371e-05
1776553945381644300,19.99764428710937,0.0019771452918648,0.0212304195553064,-0.0018233201367547
1776553945391634200,20.00763427734375,-0.018767536573112,0.0054144262641668,-0.0028737653380259
1776553945401625000,20.017625,0.0063397244155406,0.0109784901320934,-0.0165264842146309
1776553945411616000,20.02761596679688,-0.0042848377123475,0.0271107097655534,-0.0006592356602894
1776553945421607200,20.037607177734376,-0.0233650934964418,0.0010258359163999,-0.0112079104072181
1776553945431598000,20.04759814453125,0.0087941318303346,0.0151122289359569,-0.0062587087683146
1776553945441589000,20.057589111328124,-0.00456920761168,0.017491817548871,-0.0206213751457165
1776553945451580200,20.067580078125,-0.0034676761105656,0.0065694415181875,-0.0064792698835488
1776553945461571300,20.0775712890625,-0.0116243868201971,0.0179372232288122,0.0004850435705855
1776553945471562200,20.08756225585937,-0.0246902046203613,-0.0029214404046535,0.0055278920094249
1776553945481553200,20.09755322265625,-0.0085258362829685,0.0259305600702762,-0.014827210582653
1776553945491544300,20.10754443359375,-0.0108574941009283,0.0024964929908514,-0.0111534996391274
1776553945501535200,20.11753515625,-0.0104851536571979,0.021257307562232,-0.0047951892541255
1776553945511526100,20.12752612304688,-0.0159516023695468,0.0082516955167055,-0.004198643566505
1776553945521517300,20.137517333984373,0.007760112607479,0.0195925892204046,-0.0151638358256081
1776553945531508200,20.14750830078125,0.0017933131575584,0.0312473711788654,-0.0084153388129314
1776553945541498000,20.157498046875,-0.0085761051654815,0.0194867907583713,0.0015407312025548
1776553945551488800,20.16748876953125,0.0164683197200298,0.025953356423974,-0.0042873584629967
1776553945561479700,20.177479736328124,-0.0093830376341938,0.0250485165387392,-0.0031482622973155
1776553945571470800,20.187470947265624,0.001590776322782,0.0072299512535333,-0.0001507655483437
1776553945581462000,20.1974619140625,-0.0059255906566977,0.0248562088370323,-0.0050251072861719
1776553945591453000,20.20745288085937,-0.012137304778397,0.0016886837393045,-0.0001761328850407
1776553945601443800,20.21744384765625,0.0274912335157394,0.00753448715806,0.0141227521077264
1776553945611434800,20.22743481445313,0.004710954169929,0.003015548428893,0.0050929437914164
1776553945621426000,20.237426025390626,0.0024503157615661,0.0244821148276329,0.000383683821652
1776553945631416800,20.24741674804688,0.0047422260910272,0.0175426709532737,0.0041046816727379
1776553945641407700,20.25740771484375,0.0126104752480983,0.0036018238842487,-0.0064693238782696
1776553945651399000,20.26739892578125,0.0015457681372761,0.0107376671135425,-0.0158309077324811
1776553945661389800,20.277389892578125,-0.0104614805206656,0.0120510877996683,-0.0002403252616291
1776553945671379700,20.28737963867188,-0.0087035309374332,0.015458850416541,0.0089269644297659
1776553945681370600,20.29737060546875,0.012747253370285,0.0142453829735517,-0.0138716679900651
1776553945691361800,20.30736181640625,-0.0102373163759708,0.0152758950650691,-0.0078404889338882
1776553945701353000,20.31735302734375,0.0092021281093358,0.0207698163062334,0.0014024963422212
1776553945711343900,20.32734375,-0.0166311090663075,0.0083323595374822,0.0115031533270142
1776553945721334800,20.337334716796875,0.006434124700725,0.0154617730259895,-0.0290023184987017
1776553945731326000,20.34732592773437,0.0063654433786869,0.016827800682187,-0.0086419506430393
1776553945741316900,20.35731689453125,-0.024998539917171,0.0093254622280597,0.0050458715129876
1776553945751307800,20.36730786132813,-0.0024029694885015,0.0283855520069599,-0.0178774101998191
1776553945761299000,20.377298828125,0.002066284880042,0.0114350017279386,-0.0265082001280272
1776553945771289900,20.38728979492188,0.0036371874585747,0.0216886847168207,-0.0328306583149358
1776553945781280800,20.39728076171875,-0.0124918173044919,0.0043184477210044,0.0044110487747471
1776553945791271700,20.407271728515624,-0.0087879943504929,0.0028302549898624,0.0279571933599421
1776553945801262800,20.417262939453124,0.0020297522619366,0.0154752170294523,0.0435192210231674
1776553945811253800,20.427253662109376,0.002428103929758,0.0098462712317705,0.024016360479407
1776553945821243600,20.43724365234375,0.0027659575819969,0.0223404266238212,0.0115311647119466
1776553945831234800,20.44723486328125,0.0162289580062031,0.0010299275696277,0.017943415507581
1776553945841226000,20.45722607421875,0.0047495326146483,0.0259428350299596,-0.020354253208707
1776553945851217000,20.467216796875,-0.0021112930655479,0.0217734403908252,-0.012171330345585
1776553945861207800,20.47720776367188,0.0068178633213043,0.0169809454172849,0.0147187909052707
1776553945871199000,20.48719897460937,-0.0080859835609793,0.0246206465154886,-0.0025900210597785
1776553945881190000,20.49718994140625,0.0005380523994565,0.0050157823354005,0.0112569782799109
1776553945891180800,20.507180908203125,-0.0044254152268171,0.019623568880558,0.003048377552838
1776553945901171700,20.517171630859377,0.0052650809213519,-0.008815759140253,-0.0111879909971961
1776553945911163000,20.52716284179688,-0.0019610709398984,0.0166179573237895,-0.0110990386386867
1776553945921153800,20.53715380859375,0.0001221650749444,0.0297702843636274,-0.0048653912463923
1776553945931144700,20.547144775390624,-0.0082142861157655,0.0077419924288988,-0.0006795112633379
1776553945941136000,20.557135986328124,0.008845569756627,0.0219376910418272,0.0101010086112422
1776553945951126800,20.56712670898437,0.004888064302504,0.0120183545738458,-0.0050925236663082
1776553945961116700,20.57711669921875,-0.0164820559844374,0.0200251354187726,-0.009905207477929
1776553945971107800,20.58710791015625,0.0140080670863389,0.0162298347890377,0.0164696896932087
1776553945981099000,20.59709912109375,0.0152554367989301,0.0144563953757286,-0.0026239050630712
1776553945991090000,20.60708984375,0.0063604749426245,0.0132733230710029,-0.0053170942363794
1776553946001080800,20.61708081054688,0.0104015670269727,0.0190554136037826,2.37188023049e-05
1776553946011071700,20.62707177734375,-0.0103793551951646,0.0167985745877027,0.0055375731532229
1776553946021063000,20.63706298828125,0.0152057524383068,0.0356008902132511,-0.0058198104609735
1776553946031053800,20.6470537109375,0.0032037644773721,0.0272802211135625,-0.0022177034489344
1776553946041044700,20.657044677734376,-0.002631517547369,0.0192044666856527,-0.0199920596996555
1776553946051036000,20.66703588867188,0.0144242466717958,0.0193126032352447,-0.0085216030658455
1776553946061026800,20.67702685546875,-0.0070803136497735,0.0098871877640485,-0.0092559771884232
1776553946071017700,20.687017822265624,0.0076215809196233,0.0131827221781015,-0.0128818623682716
1776553946081008600,20.697008544921875,-0.0106251466497778,0.0264665666431188,-0.0114643922192044
1776553946090999800,20.70699975585937,0.0093219550967216,0.0253846166253089,-0.0095049424142343
1776553946100990700,20.71699072265625,0.0009726444244384,0.032145196801424,-0.0256329379637259
1776553946110980900,20.72698095703125,-0.0175438399970531,0.0191027598768472,-0.0121447619990678
1776553946120971800,20.7369716796875,0.0075371175065636,0.0277402398407459,-0.0300097100095357
1776553946130963000,20.746962890625,-0.0095519644603133,0.0206564190596342,-0.0234240388757549
1776553946140953900,20.75695385742188,0.0117237555414438,0.0273187995582818,-0.0253042950978269
1776553946150944800,20.76694482421875,0.0141164958968758,0.0047521629631519,0.0110609716506209
1776553946160936000,20.77693603515625,-0.0147702836304903,-0.0113888244986534,0.0063616942187538
1776553946170926800,20.7869267578125,-0.0023714053064584,-0.0004985971719026,0.0565432637745281
1776553946180917800,20.796917724609376,0.0219201553851366,0.0089180504709482,-0.0004350715155946
1776553946190909000,20.806908935546875,0.0024006314009428,0.0219154792100191,-0.0248099813753971
1776553946200899800,20.81689990234375,0.0023763737425208,0.0062146367311477,0.0086715466302819
1776553946210890800,20.826890869140627,0.0010097615644335,0.0133493109166622,0.0016922685024561
1776553946220881700,20.836881591796875,0.0019639935493469,0.0061409869730472,0.0106612180435797
1776553946230872800,20.84687280273437,-0.0032797523230314,0.0010474632263183,0.0091815648119198
1776553946240863700,20.85686376953125,0.0224631762206554,0.0073240592777729,0.0227833389525767
1776553946250854700,20.86685473632813,0.0019128478839993,0.0103705873668193,-0.0039227218351094
1776553946260844800,20.8768447265625,0.0087596450388431,0.0203998139500617,-0.0046244768962962
1776553946270836000,20.8868359375,-0.0013712883532047,0.0108937344580888,-0.0083095860166708
1776553946280827000,20.89682690429688,0.0008124854266643,0.0200315651595592,9.8090079613e-06
1776553946290817800,20.90681787109375,0.0156499890744686,0.0083902272045612,0.0023652084611123
1776553946300809000,20.91680908203125,0.0092497666433453,0.0103612350165843,0.0020637869622791
1776553946310800000,20.9267998046875,0.001096563065052,0.0155079502552747,0.0018302111018449
1776553946320790800,20.93679077148437,-0.0006274842485785,0.0124263508528471,0.0055038946459069
1776553946330781700,20.94678173828125,-0.0156269004598259,0.0128197340846061,-0.0034418749490287
1776553946340772900,20.95677294921875,-0.0038514147311449,0.0049859717190265,0.0086348404822405
1776553946350763800,20.966763671875,-0.0057376668691635,0.0011123451560735,0.0090890185571042
1776553946360754700,20.97675463867188,0.0017769465446472,0.0229383925169706,-0.002321250588377
1776553946370745900,20.98674584960937,0.0047764206215739,0.022570143726468,-0.0090285022752126
1776553946380736800,20.99673681640625,0.0022355039671063,0.0102864162147045,-0.0135122052942169
1776553946390727700,21.006727783203125,-0.0051300563648343,0.0151204122424125,0.0042811981502687
1776553946400718600,21.016718505859377,0.0095101711452007,0.0091764091461896,0.0122326640448067
1776553946410709000,21.026708984375,0.0147059862226247,0.0002437456279993,0.0024249986572191
1776553946420700000,21.03669995117188,-0.0141737790420651,-0.0125461778402328,0.0116209436209406
1776553946430690800,21.04669091796875,-0.0169599026292562,0.0174906485050916,0.0022258821888128
1776553946440681700,21.056681640625,0.0184732298016548,0.0194786074519157,-0.0009975048710592
1776553946450673000,21.0666728515625,0.0063508303314447,0.0195113406777381,0.0082164050076156
1776553946460663800,21.07666381835937,0.0156406367242336,0.0137029466599226,0.0002500109720043
1776553946470654700,21.08665478515625,0.0131795073077082,0.0195908356547355,-0.0109844084162265
1776553946480646000,21.09664599609375,-0.0111661216586828,0.0029980127722024,-0.0082218894669087
1776553946490636800,21.10663671875,0.0189443544447422,0.0195803142607212,-0.0023145057537592
1776553946500627700,21.11662768554688,0.0107119481503963,-0.0037321722656488,-0.0009313077670522
1776553946510618600,21.12661865234375,-0.0112763040348887,0.0250239666193723,-0.0094902289022924
1776553946520609800,21.13660986328125,0.0005728314518928,-0.0111211134731769,-0.0068448837589705
1776553946530600700,21.1466005859375,-0.0038277415946125,-0.0049924014598131,-0.0177324807372177
1776553946540591600,21.156591552734376,-0.0072580083042383,0.0272989258140325,0.0127113098406465
1776553946550583000,21.1665830078125,0.0111316348671913,0.0088718732416629,0.0063649958541151
1776553946560573200,21.1765732421875,0.0270978502839803,0.0054641106247901,-0.0068967966092983
1776553946570564000,21.18656420898437,-0.0005699088424444,-0.0034521862804889,-0.0078618650820571
1776553946580555000,21.196554931640627,-0.0064388008758425,0.0106932434499263,0.009125574008096
1776553946590546200,21.206546142578127,-0.0034951486393809,0.019409049347043,0.0051353901270776
1776553946600537000,21.216537109375,-0.0066480597123503,0.0021761749953031,-0.0007538916738005
1776553946610528000,21.22652807617188,0.0079947981461882,0.0168190328538417,0.0048465906477998
1776553946620519000,21.23651879882813,0.0117062198847532,0.0010866261929273,0.0080530813717981
1776553946630510000,21.246510009765625,-0.0008098550781607,0.0215413852006196,-0.0091380590303335
1776553946640501000,21.2565009765625,0.024808278042078,0.0206043966114521,0.0070295561434933
1776553946650492000,21.266491943359377,0.008892331507802,0.0117149877130985,-0.0117264909212244
1776553946660483000,21.27648315429688,0.0035667525708675,0.0120189390957355,0.0015487592453835
1776553946670474000,21.286473876953124,-0.0007987491622567,0.0035761049211025,-0.0014939146524528
1776553946680465000,21.29646484375,0.0020227379992604,0.0251584066540002,-0.0203224743975326
1776553946690456000,21.3064560546875,0.0084051325127482,0.0071972180277109,-0.022687787889922
1776553946700447000,21.31644702148437,0.0094788992241024,0.0198375038921833,-0.0067360439564799
1776553946710438000,21.32643798828125,-0.0184311442255973,0.0174514855384826,0.0126131284294882
1776553946720428000,21.336427978515623,-0.0010229133069515,0.0197574243932962,0.0204288665146101
1776553946730419200,21.34641918945313,0.0154638188526034,0.0381844769656658,0.0060887224962702
1776553946740410000,21.35641015625,0.00344078810364,-0.0014244798451662,-0.008421960349963
1776553946750401000,21.36640112304688,0.0053182724133133,0.001068506014347,0.0084718456399859
1776553946760392000,21.376391845703125,0.0099991237059235,0.0082616323888301,-0.0050274453737307
1776553946770383000,21.386383056640625,-0.002291910329461,0.0110813659846782,-0.0263415109247667
1776553946780374000,21.3963740234375,-0.0099970778793096,-0.0036900866895914,-0.0020201670162612
1776553946790365000,21.406364990234376,-0.0018149404674768,0.0008797054439783,0.0071817510305205
1776553946800356000,21.41635620117188,-0.0066179568350315,0.003093874362111,-0.0075640009469119
1776553946810347000,21.426346923828124,0.0174216749221086,0.0199842188864946,0.0050035210754489
1776553946820338000,21.436337890625,-0.0153518829107284,0.0087754271298646,-0.019178756855661
1776553946830328800,21.446328857421875,-0.0049862639799714,0.0218412449300289,-0.0085830965952714
1776553946840320000,21.45632006835937,-0.0089367551714181,0.0170317988216876,0.0119135972914285
1776553946850311200,21.466311279296875,-0.0026192425876855,0.0160825352728366,0.0268758095977129
1776553946860302000,21.47630200195313,-0.0012418167546391,0.0147328742295503,0.0068236994070466
1776553946870292000,21.4862919921875,0.0090811320781707,-0.0019166472762823,-0.0057914063503965
1776553946880283100,21.496283203125,0.0066115270942449,0.0157721541494131,0.0036202545900829
1776553946890274000,21.50627416992188,-0.0011491700351238,0.008638649007678,0.0009957787048537
1776553946900265000,21.516264892578125,0.0177788177967071,0.0034340661019086,-0.0026817361975321
1776553946910256000,21.526256103515625,0.0148638071328401,0.0169318455785512,-0.0126932170615298
1776553946920247000,21.5362470703125,0.0003814005330204,-0.0024754502028226,0.0011164185429923
1776553946930238000,21.546238037109376,0.0063660279005765,0.0341419235765933,0.002794329726533
1776553946940228900,21.556228759765624,-0.0198743287712335,0.0040881460964679,0.0102105653663631
1776553946950220000,21.566219970703123,-0.0075309800267219,0.0044686698466539,-0.0057579379056347
1776553946960211000,21.5762109375,-0.0031976269975304,0.0111094230353832,-0.0067739876469597
1776553946970201900,21.586201904296875,-0.0158902275711298,-0.0016641338199377,0.0057218847781419
1776553946980193000,21.59619311523437,0.0228010298728942,0.0287877030670642,-0.0002046146274311
1776553946990184200,21.60618408203125,0.0149006320118904,0.0086339728325605,-0.0155143023642478
1776553947000175000,21.61617504882813,0.0118155254781246,0.0057259764313697,0.0104013797973049
1776553947010166000,21.626166015625,0.0272045255288481,0.0072854808330535,0.0082823052841005
1776553947020157200,21.6361572265625,-0.0081689856693148,0.0113999304145574,0.0005683836056385
1776553947030148000,21.646148193359377,0.0035065468162298,0.0141956986129283,0.0023425445381551
1776553947040138000,21.656137939453124,0.0121124625980854,0.0118804074078798,-0.0128837803307222
1776553947050129000,21.66612890625,0.0004521276816725,0.0164221424907445,-0.0010412252817768
1776553947060120000,21.6761201171875,0.0017807459369301,0.0160340199559926,0.0062164176962804
1776553947070111000,21.68611108398437,0.0129778472557663,0.0116080202072858,-0.0035973669048398
1776553947080102000,21.696101806640623,-0.0062070379465818,0.0067360302567481,-0.0040905983484582
1776553947090093000,21.706093017578127,-0.0050885553106665,0.0186871648132801,0.001627441371628
1776553947100084000,21.716083984375,0.0002834931164979,0.0070762219965457,-0.0150688555851113
1776553947110075000,21.72607495117187,-0.0001207037702202,0.0083615856319665,-0.0023838537960778
1776553947120066000,21.73606616210937,-0.0168023739799857,0.0244523042112588,0.0031891422969754
1776553947130057200,21.74605712890625,0.0004044891476631,0.0226110602587461,-0.0148445864091394
1776553947140048100,21.756048095703125,-0.0027823241949081,-0.0029079964011907,-0.0123691727389348
1776553947150039000,21.7660390625,-0.0014411387190222,0.0207394211679697,-0.0048161955095361
1776553947160030200,21.7760302734375,0.0078416534110903,0.0261281284689903,0.0087853594354121
1776553947170021000,21.786021240234376,0.0070680386900901,0.0031967502146959,0.0094732823340687
1776553947180012000,21.796011962890624,0.012805121037364,0.0006388824254274,0.000606966616935
1776553947190003200,21.806003173828124,0.0069575640529394,0.0206967510700225,-0.005664711230807
1776553947199994000,21.815994140625,-0.0105438981071114,0.0011947627425193,0.0060951842030975
1776553947209984000,21.82598388671875,0.0091153266087174,0.0149456401973962,-0.0025788603449473
1776553947219975000,21.835974853515623,-0.0107569563359022,-0.0011731354326009,-0.0020721848978661
1776553947229965800,21.8459658203125,-0.0049549920588731,0.0156482355087995,0.0045638555831275
1776553947239957000,21.85595703125,0.0122407651528716,0.0229880768775939,0.0040609384291339
1776553947249948000,21.86594799804688,0.0028159342035651,0.0065296940296888,-0.0045120477640768
1776553947259939000,21.87593896484375,0.0090823011219501,0.025591537374258,0.002721036161459
1776553947269930200,21.88593017578125,-0.0190761641308665,0.0021580548167228,0.0046479947692016
1776553947279921200,21.895921142578125,0.0078495444566011,0.0143342303007841,0.0035549023028695
1776553947289912000,21.905912109375,0.0107253921538591,0.0082388360351324,-0.0001262612947495
1776553947299903200,21.9159033203125,0.0192699331372976,0.0084358199119567,-0.0009542182851815
1776553947309894100,21.92589404296875,-0.0007546177595853,0.001096563065052,-0.0069065142857143
1776553947319885000,21.935885009765624,-0.0066343234479427,0.0105891985535621,-0.0093483818793436
1776553947329876000,21.9458759765625,0.0078998133391141,0.0083884736388921,-0.0006652041767723
1776553947339867100,21.9558671875,8.73860225081e-05,0.0138379712164402,-0.001987767150579
1776553947349858000,21.965858154296875,-0.000607902765274,0.0085346041113138,-0.0037385517740854
1776553947359849000,21.97584887695313,0.0129261170685291,0.0062695817887783,0.0014015693270368
1776553947369838800,21.9858388671875,-0.0008712298765778,0.0132142863601446,0.0178051304148975
1776553947379830000,21.995830078125,-0.0045835283979773,0.0085176529765129,0.0037018501926213
1776553947389821000,22.00582104492188,-0.0011383563801646,-0.0008586626559495,-0.0101525059030391
1776553947399812000,22.01581201171875,0.0066419222325086,0.0196931269854307,-0.0041443743623094
1776553947409803300,22.02580322265625,-0.0064320788741111,0.0027542671442031,-0.012424875848391
1776553947419794200,22.035794189453124,0.0053904608666896,0.0052490065693855,-0.0123502853753743
1776553947429785000,22.04578515625,0.0102022450625896,0.0059393269211053,-0.0058959490036824
1776553947439776000,22.05577587890625,0.0033154081583023,0.0158680157393217,0.0049535535870352
1776553947449767200,22.06576708984375,0.0037651977524161,0.0060913026124238,0.0159296416994882
1776553947459758000,22.075758056640623,0.0066238020539283,0.0085316815018653,0.0015150898712221
1776553947469749000,22.0857490234375,-0.0156637253388762,0.0089279873430728,0.0030145163824316
1776553947479740200,22.095740234375,-0.0065022215008735,0.020240823996067,0.0083605901181232
1776553947489731000,22.10573095703125,-0.005753448960185,0.0264759189933538,0.0025834177890559
1776553947499722000,22.11572192382813,0.0131856447875499,0.0096890348434448,-0.0009554055952699
1776553947509713000,22.125712890625,-0.0123065238654613,0.0041220483660697,-0.0016335514520062
1776553947519704000,22.1357041015625,-0.0035804888352751,0.0229109199881553,0.0075917977027129
1776553947529695000,22.145695068359377,0.0121302905157208,0.0075502692490816,-0.001710781406681
1776553947539685000,22.15568505859375,-0.0117032972753047,0.0197352125614881,-0.0020764911802252
1776553947549676000,22.165676025390624,-0.0064592591419816,0.0071136313974857,0.0021709690972231
1776553947559667000,22.1756669921875,-0.0004264087185263,0.003757891228795,-0.0071601191540248
1776553947569657900,22.18565795898437,-0.0096305826544761,0.0240852244645357,-0.0081242788779083
1776553947579649000,22.19564892578125,0.0071831895023584,0.0157879362404346,0.0026881979043595
1776553947589640000,22.205639892578127,0.0156289462864398,0.0133715227484703,0.0047220646524103
1776553947599630800,22.215630859375,0.0009726444244384,0.0096796824932098,0.0166886251069372
1776553947609622000,22.2256220703125,0.007840484367311,0.004248305094242,0.0068433585221646
1776553947619613000,22.23561303710937,-0.0020741759255528,0.0076525605797767,0.0053633262645918
1776553947629603800,22.245603759765626,0.0094490886077284,0.0146352590739727,-0.0031258678024169
1776553947639595000,22.255594970703125,-0.0132592945456504,0.0171679924219846,-0.0058927615327527
1776553947649586000,22.2655859375,0.0093950203329324,0.01415536660254,0.0001466967280022
1776553947659576800,22.27557690429688,0.0113613519698381,-0.0028097967237234,-0.0048991473855217
1776553947669567700,22.285567626953124,-0.0010702595800161,0.0061216977506875,-0.0221486669113859
1776553947679559000,22.295558837890624,-0.0012558452799916,0.0060346039891242,-0.011761274540238
1776553947689549800,22.3055498046875,-0.0108481417506933,-0.0031371289819478,-0.0173268773447023
1776553947699540700,22.31554077148437,0.0120011111781001,0.0284030876636505,0.0058295966360485
1776553947709532000,22.325531982421875,0.0224304429948329,0.0186421566277742,0.0123404261350631
1776553947719522000,22.33552197265625,0.0053925066933035,0.0214297415196895,0.0048301144370343
1776553947729513000,22.34551293945313,-0.0049053076982498,0.0040635961771011,0.0158488680808572
1776553947739503900,22.35550390625,-0.011594576203823,0.0229033212035894,-0.0091221673414576
1776553947749495000,22.3654951171875,-0.0049880175456404,0.0255891992866992,-0.011532785846875
1776553947759486000,22.37548583984375,-0.004878711952269,-0.0015320318728685,-0.0204812040566233
1776553947769476900,22.385476806640625,-0.006150631584227,0.0165501527845859,-0.0123553679758682
1776553947779467800,22.3954677734375,-0.0135424954012036,0.0114823480010032,-0.0174551022676751
1776553947789459000,22.405458984375,-0.003998421986401,0.0162315883547067,0.0029422731301281
1776553947799449900,22.41544995117188,-0.0217167417675256,0.0087204820722341,-0.0114943900652462
1776553947809440800,22.425440673828124,-5.9621232748e-05,0.0090840546876192,0.00280706591052
1776553947819432000,22.435431884765624,0.0205985513925552,0.0174123225718736,-0.0020260213683126
1776553947829422800,22.4454228515625,0.018681611855328,0.0101718499243259,-0.0239375824550399
1776553947839413800,22.45541381835937,-0.0008285597786307,0.0197182614266872,-0.0167507488240255
1776553947849405000,22.465405029296875,0.0015071896925568,0.0081663553208112,-0.0047233980929711
1776553947859396000,22.47539599609375,0.0141062667638063,0.0168874219149351,0.0089442945904796
1776553947869387000,22.485386962890622,0.0083759064182639,0.0152063369601964,-0.0020634262026753
1776553947879378000,22.4953779296875,0.0071150927022099,0.0007125321835279,-0.0028981782600749
1776553947889367800,22.50536791992188,-0.0191895613774657,0.0092319387257099,0.024509706087457
1776553947899359000,22.51535888671875,0.0061126376613974,0.0013964227944612,-0.0012887018034001
1776553947909350000,22.525349853515625,0.0015071896925568,0.0119090489804744,0.0059840428456664
1776553947919340800,22.5353408203125,-0.0086585227519273,0.0154974288612604,0.0117189286692766
1776553947929332000,22.54533203125,-0.0003165186032652,0.0184048407405614,-0.0059938244541641
1776553947939323000,22.55532299804688,-0.0008548632636666,0.0261164380311965,-0.0136743872857186
1776553947949313800,22.565313720703124,-0.0067982818379998,0.0109895960479974,0.0022596976934466
1776553947959304700,22.5753046875,-0.0072425184741616,-0.0053220718055963,-0.0026501994149526
1776553947969296000,22.5852958984375,0.0002206570133566,0.0270563492298126,0.0135596565985586
1776553947979286800,22.59528686523437,0.0015203414350748,-0.0021574702948331,0.0037671979132574
1776553947989278000,22.60527783203125,0.0028121348112821,0.016367197433114,0.0011251955044921
1776553947999269000,22.61526904296875,-0.0179758016735315,0.0102279640257358,0.0029035987872863
1776553948009260000,22.625260009765626,0.0065501522958278,0.0035989012748003,-0.0098560071744956
1776553948019251000,22.6352509765625,0.0151300568535923,0.0202928464442491,-0.0172792159778065
1776553948029241900,22.645241943359373,0.0171384740665554,0.0080015201479196,0.01150386114649
1776553948039233000,22.65523291015625,0.0148220138177275,0.022040566894412,0.0065297305623069
1776553948049224000,22.665223876953124,0.0008276829957962,-0.0006797989577054,-0.0139297274533892
1776553948059214800,22.67521484375,-0.0101855861887335,0.0082791680455207,-0.0197479259125888
1776553948069204700,22.68520483398437,0.0078670801132917,0.0296463657230138,-0.0045332914815051
1776553948079196000,22.69519580078125,-0.0100116909265518,0.0119143096774816,0.0124106372604845
1776553948089186800,22.705186767578127,0.0001347322955727,0.0066875149399042,0.0103536590649047
1776553948099177700,22.715177734375,0.0061962242916226,0.0095054949700832,0.0131640905428677
1776553948109169000,22.7251689453125,0.0057601709619164,0.0105494510650634,0.0014629669583402
1776553948119160000,22.73516015625,-0.0007154547929763,0.0172480719208717,-0.0030821976240491
1776553948129151000,22.74515087890625,0.0100084760561585,0.0124257663309574,0.0001139772019116
1776553948139142000,22.755141845703125,-0.0011716741278767,0.0232855985194444,-0.004771443052357
1776553948149133000,22.765133056640625,-0.0065244333326816,0.0041214638441801,0.0074217611983185
1776553948159124000,22.7751240234375,0.0048795887351036,0.0170803141385316,0.0178687291364418
1776553948169115000,22.785114990234376,0.0082502342119812,0.0178027831941843,-0.0012573705167975
1776553948179106000,22.79510595703125,-0.0062348027363419,0.015798457634449,-0.0132956353675108
1776553948189097000,22.805096923828124,-0.0047889878422021,0.0147194302260875,-0.0055867962895426
1776553948199087900,22.815087890625,0.0102101361081004,0.0016395839005708,-0.0039934672500705
1776553948209079000,22.8250791015625,-0.0063268649339675,0.0176268421053886,0.0025714259571628
1776553948219070000,22.83507006835937,-0.0062894555330276,0.0163683664768934,0.001361438246048
1776553948229060900,22.845060791015623,-0.0061471244528889,0.0174175832688808,-0.0026084837316535
1776553948239051800,22.8550517578125,-0.0161798581674695,0.0187649062246084,0.0032538232973311
1776553948249042000,22.8650419921875,0.0154261171907186,0.0089279873430728,-0.0094114874105434
1776553948259033000,22.875033203125,-0.0099415482997894,0.0223228909671306,-0.002696865268005
1776553948269024000,22.88502392578125,-0.0020864508852362,0.0127712187677621,0.0008314001896884
1776553948279015000,22.895014892578125,0.0212692902609705,0.0159095167934894,-0.0053196834856877
1776553948289006000,22.905006103515625,0.002702244696021,0.0138186819940805,0.0199796842752723
1776553948298997000,22.9149970703125,0.0090279405862092,0.0204892457991838,-0.0017394229792756
1776553948308988000,22.92498779296875,-0.0091755323633551,0.0106967505812644,-0.0098634506954345
1776553948318979000,22.93497900390625,0.0145493343561887,0.0084738138347864,-0.0004464377264026
1776553948328970000,22.944969970703124,-0.0001633738681674,0.0136766431748867,-0.016935676936875
1776553948338961000,22.9549609375,0.0008370353460311,0.0055623103022575,-0.0244222561328671
1776553948348951800,22.964951904296875,-0.0067348612129688,0.0124257663309574,-0.0059224305852316
1776553948358943000,22.97494287109375,-0.0056619712844491,-0.0061871642023324,0.0085881015639519
1776553948368934000,22.984933837890622,0.0087850717410445,0.0117424602419137,-9.038626377e-05
1776553948378924800,22.9949248046875,-0.0167076814338564,0.0093166943997144,-0.0052198581067146
1776553948388916000,23.004916015625,0.0056090720534324,0.0208317756265401,0.0028006224700016
1776553948398907000,23.01490698242188,0.0049807110220193,0.0045312136888504,-0.0119172414200846
1776553948408897800,23.024897705078125,0.0003612345278263,0.0139513684630393,-0.0106035421727458
1776553948418888700,23.034888671875,0.0040445992156863,0.017961773148179,-0.0148528199479449
1776553948428880000,23.0448798828125,-0.0038610593423247,0.0080775079935789,-0.0086500106519088
1776553948438870000,23.0548701171875,0.0043365678995847,0.0098830961108207,0.0018488747031195
1776553948448861000,23.06486083984375,-0.0185962716594338,-0.0054676177561283,-0.0016514752677641
1776553948458851800,23.074851806640623,-0.0186176067084074,0.0161871646910905,-0.0038804353296523
1776553948468843000,23.084843017578127,0.0149082307964563,0.0041647184640169,0.0065283560225507
1776553948478834000,23.094833984375,0.0130105804815888,-0.0031827216893434,-0.0019230541841825
1776553948488824800,23.10482495117187,0.0127419926732778,0.0223942026376724,5.50866215256e-05
1776553948498816000,23.11481591796875,0.0011760580420494,-0.0050239656418561,0.0105991993577685
1776553948508807000,23.124806884765626,-0.0022469021439552,0.0211573543190956,0.0022694427693262
1776553948518797800,23.1347978515625,-0.0113654436230659,0.0095312139332294,-0.0098019662991631
1776553948528788700,23.144788818359373,-0.0070098787620663,-0.00154781396389,-0.0058051563145359
1776553948538780000,23.15477978515625,0.0018774843096733,0.0102554365545511,-0.0004618681909749
1776553948548770800,23.164770751953125,-0.0133393740445375,0.0024596681118011,-0.0132180674861185
1776553948558761700,23.17476171875,-0.0035004093363881,0.0394324312001466,-0.0098280825545312
1776553948568752600,23.18475268554688,0.0144587334632873,0.0002262099713087,0.0011623948428779
1776553948578743800,23.194743896484376,0.0109901805698871,0.0082160396814346,0.0057377490675542
1776553948588735000,23.20473486328125,0.0080845222562551,0.0105319154083728,-0.0014849276283988
1776553948598726000,23.214725830078127,0.0089864395320415,0.0094347678214311,-0.0154609099428867
1776553948608716800,23.224716796875,-0.0091162033915519,0.0136234516829252,-0.0023343566651223
1776553948618707700,23.23470776367187,-0.0125368254899978,0.0136164374202489,0.0007518412806093
1776553948628697600,23.244697509765626,0.0015256021320819,0.0152139357447624,0.0043106936728116
1776553948638688800,23.254688720703125,-0.0170066643804311,0.0304705415874719,0.0060664969647303
1776553948648679700,23.2646796875,-0.0094955580979585,0.0136006553292274,0.0082007325144484
1776553948658670600,23.27467065429688,0.0036778117299079,0.0159936879456043,-0.0117147639508126
1776553948668661800,23.284661865234376,0.0039808863297104,0.002075637230277,0.0024403514899779
1776553948678652700,23.294652587890624,0.006771686092019,0.0152121821790933,0.0100681520878337
1776553948688643600,23.3046435546875,0.0018657938718795,0.0090659345090389,0.0033011284712003
1776553948698634800,23.314634765625,-0.004843348377943,0.0200818340420722,-0.0136309819688322
1776553948708626000,23.3246259765625,-0.0189952078491449,0.0012058686584234,-0.0077329597390722
1776553948718616800,23.33461694335937,0.0119549339488148,-0.0006318681627511,-0.0148388507880968
1776553948728607700,23.344607666015627,0.0147097856149077,0.012915011152625,-0.0119121040206635
1776553948738599000,23.354598876953126,0.0210924723893403,0.0100409170210361,-0.0030626298404764
1776553948748589800,23.36458984375,-0.0068599488973617,0.0041956981241703,-0.0032561020193854
1776553948758580700,23.37458081054688,-0.0019604864180088,0.0214168820381164,-0.0005833528459072
1776553948768572000,23.384572021484377,-0.0053378538966178,0.0155102883428335,-0.0066202766562812
1776553948778562800,23.394562744140625,-0.000667523998022,0.0170966807514429,0.0012976157622179
1776553948788553700,23.4045537109375,0.0103001524791121,0.0109469259500503,-0.0073216755244415
1776553948798544600,23.414544677734376,-0.000925005890429,0.0176823716849088,0.0106507651482243
1776553948808535800,23.42453588867188,-0.0013797639206051,0.0203781866401433,-0.0029306420578388
1776553948818525700,23.434525634765624,-0.00605184738487,0.0215367090255022,-0.0039251010218635
1776553948828516600,23.4445166015625,-0.004805938977003,0.0092512279480695,0.0140809222599957
1776553948838507800,23.4545078125,-0.0015039748221635,0.0288005625486373,0.0039652458025841
1776553948848499000,23.4644990234375,-0.0173316585510969,0.0058937342137098,-0.0043040767023572
1776553948858489900,23.47448974609375,0.013646248036623,0.0010562310546636,0.0011024082839488
1776553948868480800,23.484480712890623,-0.008687164324522,0.0070043258041143,-0.0027197712195571
1776553948878472000,23.49447192382813,0.020714578987658,0.0127671271145343,-0.0125917842473601
1776553948888462800,23.504462890625,-0.0078287939295172,0.0234293909043073,-0.0099018190775997
1776553948898453800,23.51445385742188,-0.016973346632719,0.0128606506168842,-0.0183700068891979
1776553948908444700,23.524444580078125,-0.0072474869102239,0.023185645276308,-0.0097930295074591
1776553948918435800,23.534435791015625,-0.0052808630123734,0.0207341604709625,0.0054823632341111
1776553948928426800,23.5444267578125,0.0006198854640126,0.021561258944869,-0.0069891693341778
1776553948938417700,23.554417724609376,0.0077609893903136,0.0073597151130437,0.0031277355325175
1776553948948408800,23.56440893554688,-0.0156859371706843,0.0098877722859382,-0.0170016046128235
1776553948958399700,23.574399658203124,-0.0004088730618357,0.015917700099945,-0.0113542783416574
1776553948968390700,23.584390625,-0.0011012392401695,3.85784447193e-05,-0.0156117668227758
1776553948978381600,23.594381591796875,0.0115232645332813,0.0076028762191534,-0.003852058618539
1776553948988372700,23.60437280273437,0.0054857379347085,0.0128080436468124,-0.0010765660232165
1776553948998363600,23.61436376953125,0.0017614567145705,0.0059200376987457,-0.0041688009840901
1776553949008354600,23.6243544921875,-0.005654664760828,0.000510872131586,0.0055305406242376
1776553949018344700,23.6343447265625,-0.000426993240416,0.0094926354885101,0.0170114501534029
1776553949028335900,23.6443359375,-0.0019441198050975,0.0168307232916355,0.0042154896700289
1776553949038326800,23.65432690429688,0.001105915415287,0.0067868836611509,-0.009786764163454
1776553949048317700,23.664317626953125,0.0098980014190077,0.0157288995295763,-0.0029272947567049
1776553949058308900,23.674308837890624,-0.0016004209339618,0.001057400098443,0.002358783286903
1776553949068299800,23.6842998046875,-0.0070651160806417,0.0076174892663955,0.0017314725682605
1776553949078290700,23.694290771484376,0.0056344987556338,0.0177495917022228,-0.0089770597823429
1776553949088281600,23.704281494140623,0.0008881810113787,0.0007265607088804,-0.0112221444285474
1776553949098272800,23.714272705078123,-0.0061959320306777,0.0309691387593746,-0.0117900896427687
1776553949108263700,23.724263671875,-0.0072916183128952,0.0100356563240289,0.0064998149146558
1776553949118254600,23.73425463867187,0.004393851044774,0.0221036952584981,0.0194673782384255
1776553949128245800,23.74424584960937,-0.0054410220101475,0.0048322424620389,0.0085893756390083
1776553949138236700,23.754236572265626,0.0060027475461363,0.0097474870324134,0.0048420195039594
1776553949148227600,23.7642275390625,-0.0227335175946354,0.0194762693643569,-0.0096366470690816
1776553949158218800,23.77421875,-0.0090475220695137,0.0223971252471208,-0.0048087291557108
1776553949168209700,23.78420971679688,-0.0052884617969393,0.0157575411021709,-0.0144250321230851
1776553949178200800,23.794200927734376,-0.0137032389208674,0.0104828155696392,-0.0034111601503565
1776553949188191700,23.804191650390624,0.0003054126873612,0.0197299518644809,0.0160784755856497
1776553949198183000,23.814182861328124,0.0086047467380762,0.0143202017754316,0.0012374693730846
1776553949208172800,23.8241728515625,-0.0050295185998082,-0.0079699559658765,0.0129034668453037
1776553949218163700,23.83416381835937,-0.0097185531988739,0.0245177706629037,-0.0122177404703106
1776553949228154600,23.844154541015627,0.015233224967122,0.0072726213514804,-0.0126619725398952
1776553949238145800,23.854145751953126,-0.0059486792713403,0.0036100071907043,0.0025931993975536
1776553949248136700,23.86413671875,-0.0040977907076478,0.0160614924848079,0.0052614093932323
1776553949258127600,23.87412768554688,-0.0181228089287877,0.0110614922404289,-0.0089396138487849
1776553949268118800,23.88411889648437,-0.0171063253626227,0.014761515802145,0.0079470865469425
1776553949278109700,23.894109619140625,0.0001560673445463,0.0103553897976875,-0.0026786035255296
1776553949288100600,23.9041005859375,0.0004471592456102,0.0123030167341232,-0.0037425931949634
1776553949298091800,23.914091796875,-0.0149079385355114,0.0197656076997518,0.0107174326096894
1776553949308083000,23.9240830078125,-0.0136447867318987,0.0222872351318597,-0.0015027692457661
1776553949318073900,23.934073974609376,-0.0127624509394168,0.0065308630734682,-0.0005417969928123
1776553949328064800,23.944064697265624,-0.0034276363611221,-0.0027653730601072,0.0072254942741245
1776553949338056000,23.954055908203124,-0.0135199913084506,0.0139659815102815,0.0029795501003274
1776553949348046800,23.964046875,0.0049199207454919,0.0155512048751115,0.0033367340741213
1776553949358037800,23.974037841796875,-0.0042053427353501,0.0095639471590518,-0.0006383572690421
1776553949368028700,23.984028564453126,-0.0066585811063647,0.0198591312021017,-0.0046999395855702
1776553949378019800,23.994019775390623,0.0065063131541013,0.0195107561558485,-0.0026298187806271
1776553949388010800,24.0040107421875,0.0175400406047701,0.0078027827054262,0.0128434574534883
1776553949398001700,24.01400170898437,0.0105944592505693,0.0133113169938325,0.0204553115635411
1776553949407991600,24.023991455078125,-0.0067141106858849,0.0165863931417465,-0.0058486255635041
1776553949417982700,24.033982666015625,-0.0007563713252544,0.0063712885975837,-0.0060896312451455
1776553949427973600,24.0439736328125,-0.0008563245683908,0.0009182838886976,-0.0058511371809989
1776553949437964800,24.05396484375,-0.0161105923235416,0.0136351421207189,-0.0070289624884491
1776553949447956000,24.0639560546875,-0.0148114924237132,0.0248234756112098,0.0003070657883305
1776553949457947000,24.07394677734375,-0.0104836923524737,0.0095154318422079,0.007660616022069
1776553949467937800,24.083937744140623,-0.0035571079596877,0.0204237793475389,0.0076336092841345
1776553949477928700,24.0939287109375,-0.0052665422260761,0.0199456404417753,0.0174870135095901
1776553949487919900,24.103919921875,0.0045659927412867,-0.001038695397973,0.000217853134917
1776553949497910800,24.11391088867187,-0.021971593311429,0.0233200853109359,-0.0101158728202339
1776553949507901700,24.12390161132813,0.0119283382028341,0.0108732761919498,-0.0077466412045527
1776553949517892900,24.133892822265626,0.018217209213972,0.0268318928241729,-0.00073500431024
1776553949527883800,24.1438837890625,0.0065063131541013,0.0056967503368854,-0.0010698714209487
1776553949537874700,24.153874755859373,0.0068622869849205,0.007622165441513,-0.0114030630865599
1776553949547865900,24.16386596679688,0.002696691738069,0.0107049338877201,-0.0145811223005177
1776553949557857300,24.173857177734376,0.0071449033185839,0.0073766662478446,-0.0083835508686024
1776553949567848200,24.18384814453125,-0.0084387425214052,0.0266384160786867,-0.0037275463228812
1776553949577839000,24.193839111328124,-0.0080932900846004,0.0105132107079029,-0.002931062182947
1776553949587830000,24.203830078125,0.0085331428065896,0.0229272866010665,-0.0112181532400194
1776553949597821200,24.2138212890625,0.0089312022134661,0.0190045601993799,0.0017974322102498
1776553949607811300,24.223811279296875,-0.023700316800177,-0.0030383447825908,-0.0006136612192029
1776553949617802200,24.23380224609375,-0.0213093300104141,0.0289846869438886,-0.0079737051258096
1776553949627793200,24.243793212890623,0.0056672319814562,0.0117138186693191,-0.0070063807638827
1776553949637784300,24.25378442382813,0.0025599136158823,0.0129997668266296,-0.006505596201471
1776553949647775200,24.26377514648437,-0.003353109820187,0.013424129718542,-0.0014196210069581
1776553949657766100,24.27376611328125,0.0033969489619135,0.007681786674261,0.0191086781609803
1776553949667757300,24.28375732421875,-0.0076338558793067,0.0253255799144506,-0.0099040201678406
1776553949677748200,24.293748291015625,-0.0200920631751418,0.0151630823403596,0.0036631895495112
1776553949687739100,24.3037392578125,-0.0085568159431219,0.0183007958441972,0.0009842298309551
1776553949697730000,24.31372998046875,-0.0074465166136622,0.0127449152827262,-0.0060835257313447
1776553949707721200,24.32372119140625,0.0030202246040105,0.0094558106094598,-0.0122023191388929
1776553949717712100,24.333712158203124,-0.009393851289153,0.0200292270720005,0.0065648292751517
1776553949727703000,24.343703125,-0.000242284323275,0.0230143803626298,0.0116126415834762
1776553949737694200,24.353694091796875,-0.0006096563309431,0.0048316579401493,-0.001657078458066
1776553949747685000,24.36368505859375,0.0036170214533805,-0.0004676175117492,0.0027728576802415
1776553949757676000,24.373676025390623,-0.0104608959987759,0.0117570732891559,-0.0041020056584617
1776553949767667000,24.3836669921875,-0.0150394559606909,0.018470891714096,0.0116539051756262
1776553949777658000,24.393658203125,0.0095227383658289,0.0095855744689702,0.0142524063693825
1776553949787649300,24.40364916992188,0.0031634324669837,0.0114069446772336,-0.0008117730406112
1776553949797640200,24.41364013671875,0.0044163551375269,0.0094914664447307,-0.0082651075541274
1776553949807631400,24.42363134765625,-0.0089732877895236,0.021885668593645,-0.0001375544403214
1776553949817621200,24.433621337890624,-0.017012509599328,0.0093032503962516,0.0040109755072975
1776553949827612200,24.44361206054688,-0.0051870472490787,0.0145884973227977,0.0013221474152756
1776553949837603000,24.45360302734375,0.0069070029094815,0.0172410576581954,-0.0030296819855226
1776553949847594200,24.46359423828125,-0.0024500235006213,0.0205588039040565,-0.022899809505674
1776553949857585200,24.473585205078123,0.0042865912780165,0.0145715461879968,-0.010543838741607
1776553949867576000,24.483576171875,-0.0106146252557635,0.0155985511481761,-0.0036663130883593
1776553949877567000,24.49356689453125,-0.007685586066544,0.0207072724640369,-0.0007770579202566
1776553949887558100,24.50355810546875,-0.0053577276408672,0.013746785801649,-0.0244754110922105
1776553949897549000,24.513549072265626,-0.0075832947358489,0.0041635494202375,-0.0002600939746014
1776553949907540000,24.5235400390625,-0.0122422264575958,0.0056663551986217,0.0077088253782363
1776553949917531100,24.53353125,0.0041483518511056,0.0132698159396648,-0.0032205329490825
1776553949927522300,24.54352221679688,0.0065974985688924,0.0223304897516965,0.0118122558088041
1776553949937513200,24.55351318359375,-0.0063452773734927,0.0131786305248737,0.0083907158283283
1776553949947504400,24.56350439453125,0.0203258719310164,0.0225941091239452,0.006007825580053
1776553949957495300,24.573495361328124,0.0037777649730443,0.0076607438862323,-0.0098146294179139
1776553949967486200,24.583486328125,0.0037602293163537,0.0018307225584983,-0.0170120803410653
1776553949977477000,24.59347705078125,0.000598550415039,0.0283224236428737,-0.0019152910028351
1776553949987468300,24.60346826171875,-0.0110404494524002,-0.0003185644298791,0.0082270862318342
1776553949997459200,24.613459228515627,0.0101812022745609,0.0087193130284547,-0.0013005383716663
1776553950007450000,24.6234501953125,-0.0008531096979975,0.0034691374152898,-0.0042665714032948
1776553950017441300,24.63344116210937,-0.026374796706438,0.0063899932980537,-0.0122637030704645
1776553950027431200,24.64343115234375,0.0055023968085646,0.0117757779896259,-0.0078046687018359
1776553950037422000,24.653422119140625,-0.0013271569505333,0.0210346047222614,-0.0099226015707245
1776553950047413000,24.6634130859375,0.005419686961174,0.0072632690012454,-0.0014598297197604
1776553950057404200,24.673404052734377,-0.0091910221934318,0.0148275667756795,-0.0047169546524528
1776553950067395300,24.68339526367188,-0.012922609937191,0.0236029939055442,0.0015756792183499
1776553950077386200,24.69338623046875,-0.008077215732634,0.0059270519614219,0.0009417469626758
1776553950087377200,24.703377197265624,-0.0101677582710981,0.0215881469517946,-0.0053015724402619
1776553950097368300,24.713368408203124,0.0009016250148415,0.0108154085248708,-0.0040730444254586
1776553950107359200,24.72335913085937,-0.0076905545026063,0.0278454537808895,0.0028525901192566
1776553950117350100,24.73335009765625,-0.0110030400514602,0.0114928693950176,0.0075481549238087
1776553950127341300,24.74334130859375,0.0015258943930268,0.0121042792916297,-0.0285132198075065
1776553950137332200,24.753332275390623,-0.0064493222698569,0.0032417584002017,-0.0114767539438558
1776553950147323100,24.7633232421875,-0.0018009119421243,0.0101227500855922,-0.0093778591355774
1776553950157314000,24.77331396484375,-0.0086465400531888,0.0153968910962343,0.0006125835069688
1776553950167305200,24.78330517578125,0.0021110008046031,-0.0034521862804889,-0.0010537651029415
1776553950177296100,24.793296142578125,-0.0117535661578178,0.0197246911674737,-0.0081994127736194
1776553950187287000,24.803287109375,-0.0205944597393274,0.0097030633687973,0.0009074063016567
1776553950197278200,24.8132783203125,0.0025210429102182,0.0098784199357032,0.0015021344915265
1776553950207269000,24.82326904296875,-0.0024751579418778,0.0161830730378627,-0.0072498021648963
1776553950217260000,24.833260009765624,-0.0030652327895164,0.0039098669201135,-0.0034338423396227
1776553950227251000,24.8432509765625,0.0034840427234768,0.0407324078828096,-0.000665788698662
1776553950237242000,24.8532421875,-0.0189765031486749,0.0070703767776489,-0.0038798690740717
1776553950247232300,24.86323217773437,0.0068643328115344,0.03067921590209,-0.0104586812088033
1776553950257223200,24.87322314453125,0.0004261164575815,0.0155675714880228,0.0098826394530944
1776553950267214000,24.88321411132813,-0.0016109423279762,0.0162958857625722,-0.0090261367881903
1776553950277205200,24.893205322265626,0.0015752864927053,0.0264075299322605,-0.0082876390463439
1776553950287196200,24.90319604492188,-0.0155006437316536,0.0024707740277051,0.0023852237692568
1776553950297187000,24.91318701171875,0.0035755203992128,0.0216010064333677,0.0015737521227449
1776553950307178200,24.92317822265625,-0.0082826751768589,0.0244552268207073,-0.0028659290914423
1776553950317169200,24.933169189453125,0.0158382051229476,0.0177121823012828,-0.0121480910338927
1776553950327160000,24.94316015625,-0.0050751113072037,0.0099181674242019,-0.0126619953727815
1776553950337151000,24.95315087890625,-0.0098424718394875,0.0155476977437734,0.0022303528679534
1776553950347142100,24.96314208984375,-0.0076858783274888,0.0190694421291351,0.0019212275532772
1776553950357133000,24.973133056640624,-0.0101338560014963,0.0198363348484039,-0.0166817935073515
1776553950367124000,24.9831240234375,-0.0095110479280352,0.0148889415740966,-0.0038904133009724
1776553950377115100,24.993115234375,-0.0063119596257805,0.0132230541884899,0.0058419583606999
1776553950387106300,25.003106201171875,0.002612812846899,0.0136409873396158,0.0046795726509764
1776553950397097200,25.01309716796875,0.0098211367905139,0.0249047241538763,-0.0044258947174297
1776553950407088400,25.02308837890625,-0.0185804895684123,0.0155173026055097,-0.0101886960278498
1776553950417079300,25.03307934570313,0.002269698497653,0.0100140290141105,0.0048427501563215
1776553950427070200,25.0430703125,0.0007324059277772,0.0229962601840496,0.0062031928885262
1776553950437061000,25.05306103515625,-0.0056856444209814,0.0074795421004295,-0.002789991478133
1776553950447052300,25.06305224609375,0.0007873509854078,0.0113584293603897,-0.0104876698412699
1776553950457042200,25.073042236328124,-0.0029793080717325,0.0099696053504943,-0.0008555573834106
1776553950467033000,25.083033203125,0.0129895376935601,0.0082867668300867,0.0007713588318321
1776553950477024000,25.09302392578125,-0.004222293870151,0.019810031363368,-0.0050816506458446
1776553950487015200,25.10301513671875,-0.0135667530596256,0.0243219558298587,0.0214635935569414
1776553950497006000,25.113006103515627,-0.0053965983465313,0.0166612119436264,-0.0129886654773028
1776553950506997000,25.1229970703125,0.0083764909401535,0.0100251349300146,-0.0132076008910313
1776553950516988200,25.13298828125,0.0011798574343323,0.0037450317472219,-0.0140011532883625
1776553950526979300,25.14297924804688,-0.009123509915173,0.0126157359451055,0.0059856228813994
1776553950536970200,25.15297021484375,0.0012768880680203,0.021121113961935,0.0126289379199733
1776553950546961200,25.162961181640625,0.007275251699984,-0.0043213703304529,-0.0049778797441162
1776553950556952000,25.1729521484375,0.0054524201869964,0.0236199450403451,0.0092499949722085
1776553950566943000,25.18294287109375,-0.0071826049804687,0.022844284492731,0.0256933263814542
1776553950576934100,25.19293408203125,-0.0028939678758382,0.0109913496136665,-0.0015174096924718
1776553950586925000,25.202925048828124,-0.0071972180277109,0.0194084648251533,-0.0054105172740295
1776553950596916000,25.212916015625,-0.0117246323242783,0.0027612814068794,0.0092871988771716
1776553950606907100,25.2229072265625,0.0111631990492343,0.0187251587361097,0.0088822074060095
1776553950616898000,25.23289794921875,0.0143590724810957,0.0213490774989128,0.0027112180203432
1776553950626889000,25.242888916015627,0.0078480831518769,0.015389876833558,-0.0024413287375122
1776553950636880000,25.2528798828125,-0.000274140766263,0.0214385093480348,-0.0078774736431427
1776553950646871000,25.26287109375,-0.0164224347516894,0.040686815175414,-0.009251999699627
1776553950656862000,25.27286206054688,0.0079202716052532,0.0258387901335954,0.0007670251500094
1776553950666852900,25.28285278320313,0.0007464344531297,-0.0025946926683187,-0.001927314800769
1776553950676843000,25.292843017578125,-0.0021001871496438,0.0204494983106851,-0.0092335461609065
1776553950686834200,25.302834228515625,0.0020090017348527,0.0249158300697803,-0.0116104815924307
1776553950696825000,25.3128251953125,-0.0030807226195931,-0.0008206687331199,-0.0030193204217124
1776553950706816000,25.32281591796875,0.0099301501229405,0.0074117375612258,-0.0016648188065271
1776553950716807200,25.33280712890625,0.0082642627373337,0.0117576578110456,0.0053350774176418
1776553950726798000,25.342798095703124,0.004169979161024,0.0092313542038202,-0.0045563344303751
1776553950736789000,25.3527890625,-0.0116007136836647,0.0011696283012628,-0.0124996763839619
1776553950746780200,25.3627802734375,-0.011398761370778,0.0227490074247121,-0.0086975167551776
1776553950756771000,25.37277099609375,0.0036102994516491,0.0169476276695728,-0.0038022966261021
1776553950766762000,25.382761962890623,-0.004673544768989,-0.0014385083705186,-0.0160492631908971
1776553950776753000,25.3927529296875,-0.0114250648558139,0.020113982746005,-0.0071925646854797
1776553950786744000,25.402744140625,-0.011523849055171,0.0158066409409046,-0.0067055848861346
1776553950796735000,25.41273486328125,0.0073059390991926,0.0037432781815528,0.0137527680178638
1776553950806726000,25.422725830078125,0.0007134089663624,0.0200549460351467,0.0042134529765695
1776553950816717000,25.432717041015625,0.0235612005904316,0.0110416184961795,-0.0033032382298959
1776553950826708000,25.4427080078125,-0.0047960021048784,0.0088227734029293,-0.0056041584162972
1776553950836699100,25.45269921875,-0.0115659346312284,0.015867431217432,0.016389459497272
1776553950846690000,25.46268994140625,-0.0078436992377042,0.0146761756062507,-0.0062698329505277
1776553950856681200,25.47268115234375,-0.0021896189987659,0.0092500589042901,0.000418229978648
1776553950866672000,25.482672119140624,-0.005630407102406,0.0085012863636016,-0.0011684775237925
1776553950876663000,25.4926630859375,-0.0033016718938946,0.0113666126668453,0.0075847286411095
1776553950886654200,25.502654296875,0.0122290747150778,0.0072375500380992,-0.0033345147175714
1776553950896644000,25.51264404296875,0.0068251698449254,0.0105360070616006,-0.0146050465987995
1776553950906635000,25.522635009765622,-0.0093012045696377,0.0022942484170198,0.0021399529044516
1776553950916626000,25.5326259765625,-0.0094113869458436,0.0016816694766283,0.0167209245079196
1776553950926617000,25.5426171875,-0.0152297178357839,0.0123006786465644,-0.0024202539834426
1776553950936608000,25.55260791015625,-0.0026321020692586,0.0112432785481214,-0.0212260310745565
1776553950946599000,25.562598876953125,-0.0092103114157915,0.0158797061771154,0.00208507634548
1776553950956589800,25.57258984375,-0.0155827690571546,0.0085264208048582,0.0047524963232921
1776553950966581000,25.5825810546875,0.0064221420019865,0.0098708211511373,-0.012149607137544
1776553950976572200,25.592572265625,-0.0168196173757314,0.0174690211951732,-0.0211082636135164
1776553950986563000,25.60256298828125,0.0100718966811895,0.0197281982988119,-0.0171769931457703
1776553950996554200,25.61255419921875,-0.0133572019621729,0.0130219786584377,0.0030908695542719
1776553951006545200,25.622545166015627,0.0074541153982281,0.0033417116433382,0.0166206059386022
1776553951016536000,25.6325361328125,0.0041375381961464,0.0101835403621196,0.007876281766477
1776553951026527000,25.64252685546875,-0.0205272397220134,0.0263362182617187,-0.0004003152960445
1776553951036518100,25.65251806640625,-0.0173696524739265,0.0150081840395927,-0.010625895568449
1776553951046509000,25.66250903320313,0.0129652800351381,0.0062941317081451,-0.0035273338759317
1776553951056500000,25.6725,-1.6658873856e-05,0.0177554369211196,0.0026506560726789
1776553951066491100,25.6824912109375,-0.0093447514504194,0.012385434320569,-0.0106956089369487
1776553951076482000,25.69248193359375,-0.0091191260010004,0.0120592711061239,0.0026612779313931
1776553951086473000,25.702472900390624,-0.0018871289208531,0.0039613048464059,0.0017310615763068
1776553951096464100,25.712464111328124,-0.0050102293774485,0.0118844990611076,0.003845501013589
1776553951106455000,25.722455078125,-0.0067570730447769,-0.0017483049720525,0.0118306865146383
1776553951116445200,25.73244506835937,-0.0118646253168582,0.0177110132575035,0.0186155928478343
1776553951126436000,25.74243603515625,-0.0056765843316912,0.0095119247108697,-0.0057948084504576
1776553951136427000,25.752427001953127,-0.0019847440764307,0.0119715928226709,-0.0014107298810267
1776553951146418200,25.762418212890623,-0.0001288870766758,0.009606617256999,0.0103008922646287
1776553951156409000,25.7724091796875,-0.0055181788995862,0.0189841019332408,-8.33811342483e-05
1776553951166400000,25.78239990234375,-0.0111684597462415,0.0195692083448171,0.0001520761560183
1776553951176391200,25.79239111328125,0.0039516602352261,0.014030278918147,0.0016606540880631
1776553951186382000,25.802382080078125,-0.0085734748169779,0.0204494983106851,0.0039843614950077
1776553951196373000,25.812373046875,-0.0177992760628461,0.0201321029245853,-0.007454599455418
1776553951206364200,25.8223642578125,0.0047007250368595,-0.0003361000865697,0.0072542408779961
1776553951216355000,25.83235498046875,-0.0135109312191605,0.0153618197828531,0.0033339895611861
1776553951226346000,25.842345947265624,-0.02034720697999,0.0127028297066688,-0.0094284750779625
1776553951236337000,25.8523369140625,0.0013663199171423,0.0070113400667905,0.0104049234612612
1776553951246328000,25.862328125,-0.0116848848357796,0.0079185180395841,-0.0026450483157997
1776553951256319000,25.872319091796875,-0.0079825231865048,0.0170592713505029,-0.0031381107960594
1776553951266310000,25.882309814453127,0.0142068045288324,0.0202864167034626,0.0028459137832978
1776553951276301000,25.892301025390623,0.0006558335602283,0.0139811790794134,-0.0041724314130144
1776553951286292000,25.9022919921875,-0.0162923786312341,0.0105529581964015,0.0102631814695894
1776553951296283000,25.91228295898437,-0.0115299865350127,0.0088654435008764,0.002311204118398
1776553951306274000,25.92227416992188,0.0040247254714369,0.0079699559658765,0.0012573842165293
1776553951316265200,25.93226513671875,0.0100008772715926,-0.000156651866436,-0.0187875518812565
1776553951326256000,25.942256103515625,-0.0285579859644174,0.0144926357328891,-0.0199665370993316
1776553951336246000,25.95224609375,-0.01393149471879,0.0387462025016546,-0.0078143178795929
1776553951346237000,25.96223681640625,-0.0103667879745364,0.01331599316895,0.0038967791096772
1776553951356228000,25.97222802734375,-0.0037999768048524,0.0077349781662225,0.0057169985404703
1776553951366219000,25.982218994140624,-0.0006970423534512,0.0202665429592132,-0.0004998895132681
1776553951376210000,25.9922099609375,-0.0163750884786248,0.013920388802886,-0.0040139392159413
1776553951386201000,26.002201171875,0.0055921209186315,0.0061491702795028,-0.0023268766115652
1776553951396192000,26.01219189453125,0.0023328268617391,0.0154658646792173,-0.0033083710627397
1776553951406183000,26.02218286132813,0.0119216162011027,0.0003483750462532,-0.0013166812222916
1776553951416173800,26.032173828125,-0.0021253215909004,0.0232376677244901,0.0048900964293861
1776553951426165000,26.0421650390625,-0.0031008886247873,0.0027624504506587,0.0009490352199878
1776553951436156200,26.05215625,0.0070025722384452,0.0122135848850011,-0.0120263826166745
1776553951446147000,26.06214697265625,-0.0170735921368002,0.0155991356700658,-0.0126533599751768
1776553951456138200,26.07213818359375,-0.0074862641021609,0.016592822882533,-0.0230756227303063
1776553951466129200,26.082129150390625,0.0218731013730168,0.0119435357719659,0.0051470531654078
1776553951476120000,26.0921201171875,-0.0099967856183648,0.0116933604031801,0.0084960484994808
1776553951486111000,26.102111083984376,-0.0029562194570899,0.019770868396759,0.010192778547923
1776553951496102100,26.11210205078125,-0.0083642159804701,0.0152881700247526,-0.0039459702799562
1776553951506093000,26.122093017578123,-0.0085033321902155,0.023215455892682,-0.0064600491598481
1776553951516084000,26.132083984375,-0.0041109424501657,0.0110778588533401,-0.0087745640467619
1776553951526075100,26.1420751953125,-0.0053007367566227,0.0137198977947235,-0.0020111936919391
1776553951536066000,26.15206616210937,-0.0055681555211544,0.0085240827172994,-0.0037340399957494
1776553951546057000,26.162056884765622,-0.0085717212513089,0.0104231943368911,-0.009012943946477
1776553951556046800,26.172046875,-0.0076578212767839,0.0259305600702762,-0.0121061241888441
1776553951566038000,26.1820380859375,-0.014694295784831,0.0076262570947408,-0.0060065149723784
1776553951576029000,26.19202880859375,0.0051733109846711,0.0166156192362308,0.0030566978566115
1776553951586019800,26.202019775390625,-0.0121574707835912,0.0106207627356052,0.0084910983297275
1776553951596011000,26.212010986328124,-0.0018473814323544,0.0041425066322088,-0.0079046219449723
1776553951606002000,26.222001953125,-0.0035980244919657,0.0204378078728914,0.0031011854523094
1776553951615992800,26.23199291992188,-0.0074009239062666,0.0151718501687049,0.0166456262154271
1776553951625984000,26.24198388671875,-0.0147960025936365,0.0133978262335062,-0.0033056996150407
1776553951635975000,26.251974853515627,-0.0094590254798531,0.0265828864991664,-0.0178399825325701
1776553951645965800,26.2619658203125,0.0032134090885519,0.018567922347784,0.0012513426348101
1776553951655957000,26.27195703125,-0.0119026192396879,0.0164747494608163,0.0097091551828663
1776553951665948000,26.28194799804688,-0.0162479549676179,0.0205178873717784,0.0075350808131042
1776553951675938800,26.29193872070313,-0.0039127895295619,0.0044850364595651,-7.65495346626e-05
1776553951685929700,26.3019296875,-0.0166273096740245,0.0165039755553007,0.0082376487250439
1776553951695921000,26.3119208984375,-0.0051113516643643,0.0199456404417753,-0.0068663877713028
1776553951705911800,26.321911865234377,-0.0029345921471714,0.0086450787484645,0.0116612025660928
1776553951715902700,26.33190283203125,0.0083387892782688,0.0057364978253841,0.0172803941547404
1776553951725894000,26.341893798828124,-9.6446111798e-06,0.0201408707529306,0.0033959123488748
1776553951735884800,26.351884765625,-0.0101151513010263,0.0071492872327566,-0.0194979971389751
1776553951745875700,26.36187573242188,-0.0244838683933019,0.0097439799010753,-0.0149035454881843
1776553951755867000,26.37186694335937,0.0057891047954559,0.0229968447059392,-0.0165284387096995
1776553951765858000,26.381858154296875,-0.0146352590739727,0.0068102645367383,0.005204751869128
1776553951775849000,26.391848876953127,-0.0004988894328474,0.0287841959357261,-0.0101745807375293
1776553951785839900,26.40183984375,-0.0201560683220624,0.0030652327895164,-0.0125420587875414
1776553951795829800,26.41182983398437,-0.0069388593524694,0.0123263976097106,-0.008637018739595
1776553951805821000,26.42182104492188,-0.0234027951583266,0.0285877965807914,0.0113275181988952
1776553951815811800,26.431811767578125,-0.0068006199255585,0.0193628721177577,0.0159563516099005
1776553951825802800,26.441802734375,0.0026563597276806,0.0145154320865869,-0.013932604397065
1776553951835794000,26.4517939453125,0.0021802666485309,-0.0038812253475189,-0.0206829006411833
1776553951845784800,26.461784912109376,-0.010447744256258,0.0190320327281951,-0.0115406449263449
1776553951855775700,26.471775634765624,-0.022628011393547,0.0181540808498859,0.0053813322787405
1776553951865766700,26.4817666015625,0.0100417938038706,0.0202332252115011,0.0143252341435756
1776553951875757800,26.4917578125,-0.0003159340813755,0.0172013101696968,-0.004154813557933
1776553951885748700,26.501748779296875,0.0069610711842775,0.0072433952569961,-0.0091939356697257
1776553951895740000,26.51173999023437,-0.0041106501892209,0.0216577050566673,-0.0116271130668232
1776553951905731000,26.52173095703125,-0.0110319738849997,0.0128419459164142,0.0024483932325383
1776553951915722000,26.53172192382813,-0.0084545246124267,0.0169704240232706,0.0066962508022086
1776553951925713000,26.541712890625,0.0118894674971699,0.0107879359960556,0.0025407431245315
1776553951935703800,26.55170385742188,-0.0113809334531426,0.0037310032218694,-0.0114788819688605
1776553951945695000,26.561695068359377,-0.0084945643618702,0.0293535202562808,-0.0137430275085614
1776553951955686000,26.571685791015625,-0.0126841250061988,0.0066582888454198,0.0056116065038135
1776553951965676800,26.5816767578125,0.0034472178444266,0.0232277308523654,-0.0120139889259822
1776553951975668000,26.59166796875,0.0079810618817806,0.0173772512584924,-0.0291498326440341
1776553951985659000,26.60165893554688,-0.0140317402228713,0.013940847069025,-0.0137145868653664
1776553951995649800,26.61164990234375,-0.007103694525361,0.0323322438061237,0.0123609437667066
1776553952005641000,26.621640869140624,0.0047173839107155,0.004649287110567,0.019250246622716
1776553952015630800,26.631630859375,0.0198030171006917,0.0141354928582906,-0.0108200710002565
1776553952025622000,26.6416220703125,-0.0002756020709872,0.0166390001118183,-0.0243253761962288
1776553952035613000,26.65161303710937,-0.0224392108231782,0.014399696752429,-0.0052383116454351
1776553952045604000,26.66160400390625,-0.0177609898790717,0.0374310282498598,-0.0092209287079283
1776553952055595000,26.67159497070313,0.0004775543838739,0.0068617024630308,0.0034693885770393
1776553952065586000,26.6815859375,-0.0047065702557563,0.0206108263522386,-0.0059263350087916
1776553952075576800,26.69157690429688,0.011700959187746,0.0237695826441049,0.013128142446652
1776553952085568000,26.701568115234377,-0.0226528535738587,0.0126747726559638,-0.024642620885279
1776553952095559000,26.711558837890625,-0.0070028644993901,0.0250648831516504,-0.0175568045099033
1776553952105549800,26.7215498046875,0.0087447397306561,0.0076952306777238,-0.0018648394572315
1776553952115541000,26.731541015625,-0.0110834118112921,0.0200911863923072,0.0095305883121443
1776553952125532000,26.74153198242188,0.0138993460148572,0.008023147457838,0.0018843478752998
1776553952135522800,26.751522705078123,-0.0199918176710605,0.0268511820465326,-0.0071825958473142
1776553952145513700,26.761513671875,-0.0149193367123603,0.0159323131471872,0.0020042296616127
1776553952155505000,26.7715048828125,0.0036024084061384,0.0107061029314994,-0.0177395817648619
1776553952165495800,26.78149584960937,0.0001104746371507,0.0111211134731769,-0.0240091407207539
1776553952175486700,26.79148681640625,0.0114934539169073,0.0059802434533834,0.0003467995770974
1776553952185478000,26.80147778320313,-0.0105348380178213,0.0100303956270217,-0.0055409889530157
1776553952195468800,26.81146875,-0.0066287704899907,0.0091267247855663,-0.0116201216370332
1776553952205459700,26.82145971679688,0.00535246694386,0.0177016609072685,0.0046050963423913
1776553952215451000,26.831450927734377,-0.010589490814507,0.0063560910284519,-0.00219026288616
1776553952225442000,26.84144213867188,-0.0042716859698295,0.0145756378412246,0.0051749184198677
1776553952235433000,26.851432861328124,-0.0078121350556612,0.0080243165016174,-0.0140607334219152
1776553952245423900,26.861423828125,-0.0096492873549461,0.013275076636672,-0.0070128516038646
1776553952255413800,26.87141381835937,-0.0031122868016362,0.0187771811842918,-0.0057170396396657
1776553952265405000,26.881405029296875,-0.0175455935627222,0.0202460846930742,0.0030032323700143
1776553952275395800,26.891395751953127,0.0119637017771601,0.0127536831110715,-0.0205928614372853
1776553952285386800,26.90138671875,-0.0259998259142041,0.0115425537556409,-0.0222168185104615
1776553952295378000,26.9113779296875,-0.0174549926698207,0.012883446970582,0.0033424925280502
1776553952305368800,26.92136889648437,-0.0014887772530317,0.0291588744670152,-0.0009217590539949
1776553952315359700,26.93135986328125,-0.0088838559404015,0.0065858081310987,-0.014409432695154
1776553952325350700,26.9413505859375,0.0022331658795475,0.0196896198540925,-0.00596406407014
1776553952335341800,26.951341796875,-0.0185676300868391,0.0214858556210994,-0.0037893092803657
1776553952345332700,26.96133276367188,0.0071919573307037,0.0111538466989994,-0.0079914782445179
1776553952355324000,26.971323974609376,0.0106657709211111,0.0120405664056539,-0.0053513207329669
1776553952365315000,26.98131518554688,-0.0208230077981948,-0.0093874215483665,-0.0168086484571453
1776553952375306000,26.991305908203124,-0.0114917003512382,0.0161830730378627,0.0096046992945484
1776553952385297000,27.001296875,-0.0179626499310135,0.0056213470131158,0.0021040778734721
1776553952395288000,27.0112880859375,0.0015717793613672,0.0094856212258338,0.0086785882924217
1776553952405279000,27.02127905273437,-0.0058364510685205,0.0063180971056222,0.0083758516193367
1776553952415270000,27.031269775390623,-0.004017126686871,0.0066594578891992,-0.0009245446661254
1776553952425260800,27.0412607421875,-0.0100891400769352,0.0204033210813999,-0.0043100132527993
1776553952435252000,27.051251953125,-0.0146697458654642,0.0086117610007524,-0.0038189554999582
1776553952445243000,27.06124291992188,0.0122191378429532,0.0056342064946889,-0.0069807713985908
1776553952455233800,27.07123388671875,-0.0043935587838292,0.0108721071481704,-0.0077678392562083
1776553952465225000,27.081224853515625,-0.0207043498545885,0.0291775791674852,0.0060588707807008
1776553952475214800,27.09121484375,0.0108794136717915,0.0216927763700485,-0.0166558416487649
1776553952485206000,27.1012060546875,-0.0091305241778492,0.0193342305451631,-0.0048550159828504
1776553952495197000,27.111197021484376,-0.0071136313974857,0.0185614926069974,-0.0115033040240639
1776553952505188000,27.12118798828125,-0.0041752398580312,0.0209749834895133,0.0140794381223851
1776553952515179000,27.131178955078123,-0.0085889646470546,0.0203518831551074,0.0033199473361019
1776553952525170000,27.141169921875,-0.010880290454626,0.0187719204872846,-7.51064962474e-05
1776553952535160800,27.151160888671875,-0.0001692190870642,0.0088660280227661,-0.0115593998591648
1776553952545152000,27.16115209960937,-0.0093429978847503,0.0147165076166391,-0.0076694295161869
1776553952555143000,27.171142822265622,-0.0218114343136548,0.0084469258278608,-0.0052035234598442
1776553952565133300,27.18113330078125,-0.0140530752718448,0.0201262577056884,0.0013508209539111
1776553952575124200,27.191124267578125,-0.0235983177304267,0.0147287825763225,-0.0001864442165009
1776553952585115100,27.201115234375,0.0022191373541951,0.0111100075572729,-0.017693879459612
1776553952595106300,27.21110620117188,0.0106306996077299,0.0176835407286882,-0.0050269978491589
1776553952605097200,27.22109716796875,-0.0203162273198366,0.0030593875706195,-0.0239253029287792
1776553952615088000,27.231088134765624,-0.0016834230422973,0.0048790042132139,-0.0137799391525797
1776553952625079300,27.241079345703124,0.0106876904919743,0.0116278939515352,-0.0175414379774127
1776553952635070200,27.2510703125,-0.0122626847237348,0.0222229377239942,-0.0030197085807798
1776553952645061400,27.261061279296875,-0.0088671970665454,0.0203922151654958,-0.0076917509458493
1776553952655052300,27.27105224609375,-0.0124757429525256,0.016357845082879,0.0114329102355521
1776553952665043500,27.28104345703125,-0.0034571547165513,0.0199357035696506,0.0094958594920579
1776553952675034400,27.29103442382813,-0.0101017072975635,0.0092822076082229,-0.0118582092758035
1776553952685025300,27.301025390625,-0.0158083945065736,0.0109358200341463,-0.0191140849884599
1776553952695016400,27.31101635742188,-0.0060217445075511,0.0186976862072944,-0.0068507792102172
1776553952705007400,27.32100732421875,-0.0023947861820459,0.0127010761409997,-0.0094673823162447
1776553952714998300,27.330998291015625,-0.0181102417081594,0.0301110606253147,-0.0027531163667328
1776553952724988200,27.34098828125,-0.0241501063942909,0.0067354457348585,0.0119423073626821
1776553952734979300,27.35097924804688,-0.0181914902508258,0.0179173494845628,-0.0194222102227155
1776553952744970200,27.36097021484375,-0.019619769488275,0.0119072954148054,-0.016721572961891
1776553952754961200,27.370961181640624,-0.0054036126092076,0.012805121037364,-0.0136516913967207
1776553952764952000,27.3809521484375,-0.0155588036596775,0.0044189854860305,-0.0113478486008709
1776553952774943200,27.39094311523437,0.0008411269992589,0.0070826517373323,-0.0203846483469707
1776553952784934400,27.400934326171875,0.0088519994974136,0.0277560219317674,-0.0132127793896477
1776553952794925300,27.41092529296875,-0.0137698744162917,-0.0039589667588472,-0.0124165509780403
1776553952804916500,27.42091650390625,-0.0025011691659688,0.0261035785496234,-0.00822388962775
1776553952814907400,27.43090747070313,0.003220715612173,0.0138216046035289,-0.0112193907824577
1776553952824898300,27.440898193359377,-0.004627075278759,0.0059124389141798,-0.0092743576619075
1776553952834889200,27.45088916015625,-0.0146934190019965,0.0212882872223854,0.0048565046870382
1776553952844880400,27.46088037109375,-0.00376724357903,0.0211374805748462,-0.015541651595477
1776553952854871300,27.470871337890625,0.0061529696717858,0.0244657482147216,-0.0196367343228077
1776553952864862200,27.4808623046875,-0.0040422611281275,0.0138490771323442,0.0100240252517396
1776553952874853400,27.490853271484376,-0.0056251464053988,0.0073930328607559,-0.0112651204871712
1776553952884844300,27.50084423828125,-0.0032516952723264,0.0207177938580513,-0.0120299536800943
1776553952894835200,27.510835205078124,-0.0102247491553425,0.01531155090034,-0.0056837447248399
1776553952904826400,27.520826416015623,-0.0082119480282068,0.0039162966609001,0.0012106361650861
1776553952914817300,27.5308173828125,0.0128305477395653,0.0136614456057548,-0.0023845068166265
1776553952924808200,27.54080810546875,-0.0024704817667603,0.0133761989235877,-0.001042079231725
1776553952934799000,27.550799072265622,0.009403203639388,0.0031827216893434,0.0002422888898523
1776553952944790300,27.56079028320313,-0.0167722711026668,0.0218827459841966,-0.0047388879230478
1776553952954781200,27.57078125,-0.0122463181108236,0.0089010993361473,-0.0039477740779751
1776553952964771300,27.580771240234377,-0.0096785134494304,0.0231587572693824,-0.0027166750801727
1776553952974762200,27.59076220703125,-0.0203624045491218,0.0198854346871376,-0.0106418374896747
1776553952984753400,27.60075341796875,0.006159983934462,0.0188251119792461,-0.0049587594851152
1776553952994744300,27.610744384765624,-0.0213242353186011,-4.44236636161e-05,-0.010838264244073
1776553953004735200,27.6207353515625,-0.0065320321172475,0.0144277538031339,-0.0210839922553626
1776553953014726400,27.63072631835937,0.0001592822149395,0.0168359839886426,-0.0122902074849
1776553953024717300,27.64071728515625,-0.0203343474984169,-0.0066594578891992,-0.0001290377737255
1776553953034708200,27.650708251953127,-0.0085395725473761,0.0334030879080295,-0.0021591918944614
1776553953044699100,27.66069921875,-0.0026499299868941,0.0023608839124441,0.0035461984066059
1776553953054690300,27.67069018554687,-0.0046180151894688,0.0047124154746532,-0.0235653607423184
1776553953064681200,27.68068115234375,-0.0101651279225945,0.0135439567059278,-0.0085474361934233
1776553953074672000,27.690672119140626,-0.0186769356802105,0.0111444943487644,0.0082526864639716
1776553953084663300,27.700663330078125,0.0029492051944136,0.0265320330947637,-0.0031693644508486
1776553953094654200,27.710654296875,0.0016080197185277,0.0063303720653057,-0.0038865956423804
1776553953104645400,27.72064526367188,0.0106269002154469,0.0082628014326095,-0.0188668276625452
1776553953114636300,27.73063623046875,-0.0071989715933799,0.020690321329236,-0.0116786377580836
1776553953124627500,27.74062744140625,-0.0119160632431507,0.0016617957323789,-0.0118019353441894
1776553953134618400,27.750618408203124,-0.000481061515212,0.0074772040128707,-0.0111653590402798
1776553953144609300,27.760609375,-0.0068570262879133,0.0260123931348323,0.0035250368875684
1776553953154600400,27.770600341796875,-0.0061558922812342,0.0186468328028917,-0.000468480594852
1776553953164591400,27.78059130859375,-0.0115478144526481,-0.0006546645164489,-0.0178455035244813
1776553953174582300,27.790582275390623,-0.0177343941330909,0.0128302554786205,-0.0045176463878015
1776553953184573200,27.8005732421875,-0.0130099959596991,0.0164420162349939,-0.0037365242137806
1776553953194564400,27.810564453125,-0.0093619948461651,-0.0030295769542455,0.001071195728355
1776553953204555300,27.82055517578125,-0.0021422727257013,0.0170090024679899,-0.0033638184438692
1776553953214546200,27.830546142578125,0.0037511692270636,0.0107557872921228,-0.0069378958046669
1776553953224536000,27.8405361328125,0.009280161781609,0.0108586631447076,-0.0049571383501868
1776553953234527200,27.85052734375,0.0064139586955308,0.0111158527761697,-0.0129389765501022
1776553953244518400,27.86051831054688,-0.0141290631175041,0.012726795104146,0.002207319052238
1776553953254509300,27.87050927734375,-0.0006093640699982,0.0255780933707952,-0.0076484734931262
1776553953264500500,27.88050048828125,-0.0048924482166767,0.0159814129859209,-0.0015439278066391
1776553953274491400,27.890491455078124,0.0020417349606752,0.0197556708276271,-0.0225095041469903
1776553953284482300,27.900482421875,0.0145160166084766,0.031011224335432,0.0023176384257618
1776553953294473200,27.91047314453125,-0.0248290285691618,0.0095610245496034,0.0019992292595095
1776553953304464400,27.92046435546875,-0.008051204508543,0.0194815300613641,0.0089415500775445
1776553953314455300,27.930455322265622,0.0083893504217267,0.0149491473287343,-0.013518799431785
1776553953324446200,27.9404462890625,-0.0457791698783636,0.0095616090714931,-0.0014225253500975
1776553953334437400,27.950437255859377,0.0107528646826744,0.015408581534028,-0.0120160575854824
1776553953344428300,27.96042822265625,-0.0042120647370815,0.0174544081479311,-0.0023309910976793
1776553953354419200,27.970419189453125,-0.0138929162740707,-0.0014162965387105,-0.0034649315976304
1776553953364410400,27.980410400390625,0.0296671162500977,0.0437707526654005,-0.0011026229130802
1776553953374401300,27.9904013671875,-0.0296726692080497,0.0101303488701581,0.0118931253255577
1776553953384392200,28.00039208984375,0.0049120296999812,9.8784199357e-05,-0.003118721109
1776553953394383000,28.010383056640624,-0.0175718970477581,0.0190150815933942,-0.0074177197774406
1776553953404374300,28.020374267578124,-0.0226961081936955,-0.0061111763566732,-0.0101406693347729
1776553953414365200,28.030365234375,0.00644347705096,0.0331073198318481,0.001976524237357
1776553953424356000,28.040356201171875,-0.025147592999041,0.0141091893732547,0.0080723842938896
1776553953434347300,28.05034716796875,-0.02319119823426,0.0130599725812673,0.0082863330052467
1776553953444338400,28.06033837890625,0.0110825350284576,0.0164992993801832,-0.0023260728939669
1776553953454329300,28.07032934570313,0.0011284195080399,0.0097416418135166,-0.0228694600331829
1776553953464320300,28.0803203125,-0.0238230663970112,0.0155646488785743,-0.0185843528927769
1776553953474310400,28.090310302734373,-0.0191053902253508,0.0239683200865983,-0.0199311963578918
1776553953484301300,28.10030126953125,-0.0124158294588327,0.0099175829023122,-0.0055614791851956
1776553953494292200,28.110292236328124,-0.0028203181177377,0.0182908589720726,0.007500511823222
1776553953504283100,28.120283203125,0.0090343703269958,2.39653974771e-05,-0.0062363462394569
1776553953514274300,28.1302744140625,-0.0230260708004236,0.0079676178783178,-0.0078572163064032
1776553953524265200,28.14026513671875,-0.0291863469958305,0.025483400824666,0.006665371606755
1776553953534256000,28.150256103515623,-0.0002615735456347,0.0097562548607587,-0.0119727846993366
1776553953544247300,28.160247314453127,-0.0081418054014444,0.0220095872342586,-0.014013811840536
1776553953554238200,28.17023828125,-0.0128247025206685,0.0201782801538705,0.0066868253867374
1776553953564229400,28.1802294921875,-0.0101528529629111,0.025522563791275,0.0029653115124208
1776553953574220500,28.19022045898437,-0.01436053378582,0.0237333422869443,0.0006249863308155
1776553953584211700,28.20021166992188,-0.0079699559658765,0.0208557410240173,-0.0056837173253763
1776553953594202600,28.21020263671875,-0.0183022571489214,-0.0012888707667589,-0.0045540922409389
1776553953604193500,28.220193603515625,-0.0080856913000345,0.0156061499327421,-0.0003288118292577
1776553953614184400,28.23018432617188,-0.0176338563680648,0.0066179568350315,-0.014461834169249
1776553953624175600,28.240175537109376,-0.0018698855251073,0.0124859720855951,0.0054384784266119
1776553953634166500,28.25016650390625,-0.008159341058135,0.0141349083364009,0.0077704513384029
1776553953644157400,28.260157470703124,0.003944353711605,0.01952653824687,0.0137264964988688
1776553953654148600,28.270148681640624,-0.000607902765274,-0.0030973814934492,-0.0027796025148592
1776553953664139500,28.280139404296875,-0.0296498728543519,0.0112713355988264,-0.0093033417277969
1776553953674130400,28.29013037109375,-0.0182081491246819,0.0144411978065967,-0.0117669599289307
1776553953684121600,28.30012158203125,-0.0052525137007236,0.0141623808652162,0.0156182833285303
1776553953694112500,28.31011254882813,-0.0027203648746013,0.026686346873641,-0.0056657158778049
1776553953704103400,28.320103515625,-0.0013569675669074,0.0228898772001266,-0.003386719828844
1776553953714094300,28.33009423828125,-0.0202902160957455,0.0149357033252716,-0.0206009671119274
1776553953724085500,28.34008544921875,-0.0168365685105323,0.0080979662597179,-0.0022311109197791
1776553953734075600,28.35007568359375,-0.0171148009300231,0.0019552257210016,-0.0045287112045101
1776553953744066600,28.360066650390625,-0.0127384855419397,0.0088262805342674,-0.0048499379489338
1776553953754057500,28.37005737304688,0.003573182311654,0.0158089790284633,-0.0078322462619282
1776553953764048600,28.380048583984376,-0.0226385327875614,0.0077367317318916,-0.0048013587000081
1776553953774039600,28.39003955078125,0.0008896423161029,0.0139098674088716,-0.004735645653191
1776553953784030500,28.400030517578124,-0.0083548636302351,0.0075151979357004,-0.0099089109720895
1776553953794021600,28.410021728515623,-0.0045955110967159,0.0085562314212322,0.0229257293982198
1776553953804012500,28.420012451171875,0.0072860653549432,0.0290863937526941,0.018868818690232
1776553953814003500,28.43000341796875,-0.0335989027410745,0.0087462010353803,-0.0100910854388494
1776553953823994400,28.439994384765622,0.003028700171411,0.0195312144219875,0.0050951266153482
1776553953833985500,28.44998559570313,-0.0053276247635483,0.0136865800470113,0.0025683709169737
1776553953843976400,28.4599765625,-0.0171419811978936,0.0212158065080642,-0.0089423492285655
1776553953853967400,28.46996728515625,-0.0024722353324294,-0.0006318681627511,-0.0059425052588805
1776553953863958500,28.47995849609375,-0.0102674192532896,0.0142874685496091,0.0066582157801836
1776553953873949400,28.489949462890625,-0.0352598216906189,0.0214694890081882,0.0083274230674607
1776553953883940400,28.4999404296875,-0.0271308757707476,0.0069371057868003,-0.0121910396930528
1776553953893931300,28.50993115234375,-0.007709843724966,0.0275491011828184,-0.016244068810367
1776553953903922400,28.51992236328125,0.0109469259500503,0.0139472768098115,0.0038830063126515
1776553953913913600,28.52991357421875,-0.0151630823403596,0.0292348623126745,-0.0142536667447071
1776553953923904500,28.539904541015623,-0.0159361125394701,0.0068979428201913,-0.0008535709223011
1776553953933895700,28.549895751953127,0.0021469489008188,-0.001723170530796,-0.0132503257879056
1776553953943886600,28.55988647460937,-0.019966683229804,0.0039513679742813,0.0055231975679984
1776553953953877500,28.56987744140625,-0.0014703648135066,0.0176882169038057,-0.0118043510635616
1776553953963868400,28.57986840820313,-0.0081996730685234,0.0114016839802265,-0.0021729966575279
1776553953973859600,28.589859619140626,-0.0005056114345788,0.0225040927529335,-0.0221578183322213
1776553953983850500,28.5998505859375,-0.0216214646995067,0.0139794255137443,-0.0170097605198156
1776553953993841400,28.60984130859375,0.007359130591154,0.0238227741360664,-0.0126751516818767
1776553954003831300,28.619831298828124,-0.0067611646980047,0.016906126615405,0.003034339894331
1776553954013822500,28.629822509765624,-0.0239189279869198,0.0270651170581579,0.0098337679432239
1776553954023813400,28.6398134765625,-0.0060904258295893,0.0068570262879133,0.0008101062399102
1776553954033804500,28.64980444335937,0.0003226560831069,0.0048678982973098,-0.0178907400388503
1776553954043795700,28.659795654296875,0.0047112464308738,0.0144277538031339,0.0019682861319743
1776553954053786600,28.66978662109375,-0.0032668928414583,0.0133972417116165,0.0169566603593993
1776553954063777500,28.679777587890623,-0.0081079031318426,0.0128168114751577,0.0011592302048346
1776553954073768700,28.689768798828126,-0.0124953244358301,0.018069909697771,-0.0138257282227976
1776553954083759600,28.69975952148437,0.0015390461355447,0.0159358202785253,-0.006825475805602
1776553954093750500,28.70975048828125,-0.0152203654855489,0.0142898066371679,0.0061004038009094
1776553954103741400,28.719741455078125,-0.0011918401330709,0.0210369428098201,-0.0109268421432469
1776553954113732600,28.729732666015625,-0.0210626617729663,0.0136947633534669,-0.0094343750957865
1776553954123723500,28.7397236328125,-0.0037853637576103,0.0110281744927167,-0.0077915215258952
1776553954133714400,28.74971435546875,-0.01063975969702,0.0156564188152551,-0.012891621143883
1776553954143705600,28.75970556640625,-0.018014087857306,0.0139747493386268,0.0018984631656203
1776553954153696500,28.769696533203124,-0.0109051326349377,0.0154465754568576,-0.0024802085763309
1776553954163687400,28.7796875,-0.0078641575038433,-0.0026753566890954,-0.0019039978572633
1776553954173678300,28.78967822265625,0.0033469723403453,0.028154081338644,-0.0160516606439603
1776553954183669500,28.79966943359375,-0.0181666480705142,0.0039028526574373,0.0048200862333644
1776553954193660400,28.809660400390623,-0.0012865326792001,0.0128419459164142,0.0091505120865302
1776553954203651300,28.8196513671875,-0.0132791682898998,0.0206295310527086,0.0125697139794472
1776553954213642500,28.829642578125,-0.0082478961244225,0.012717442753911,0.0016201394145842
1776553954223633400,28.83963330078125,0.0042684710994362,0.0133329443037509,0.0014249182365834
1776553954233624600,28.84962451171875,-0.0139414315909147,-0.0026934768676757,-0.0020346978651126
1776553954243615500,28.859615478515625,-0.0268324773460626,0.0270920050650835,-0.0028870997436344
1776553954253606700,28.869606689453125,-0.0159317286252975,0.0054021513044834,-0.0076358423404162
1776553954263597600,28.87959765625,-0.0021437340304255,0.0175157829463481,-0.0147915684471139
1776553954273587500,28.88958740234375,-0.0028688334345817,0.0031418051570653,-0.0054474974167067
1776553954283578400,28.899578369140624,-0.0087745503470301,0.0218693019807338,0.0131714883980341
1776553954293569500,28.909569580078124,-0.0045759296134114,0.0119902975231409,-0.00018646248281
1776553954303560400,28.919560546875,-0.007206278117001,0.0079290394335985,-0.0001929926882963
1776553954313551400,28.92955126953125,-0.0176642515063285,0.0232359141588211,-0.0018532540507148
1776553954323542500,28.93954248046875,-0.003895838394761,0.027126491856575,-0.0105107447561807
1776553954333533400,28.949533447265622,-0.0127367319762706,0.010919453421235,-0.0079175407920498
1776553954343524400,28.9595244140625,0.0078033672273159,0.0070154317200183,-0.0079616721947211
1776553954353515300,28.969515380859377,-0.0189686121031641,0.0146434423804283,0.0024546220439253
1776553954363506400,28.97950634765625,-0.0129532973363995,0.0157809219777584,-0.0124183639092138
1776553954373497600,28.98949755859375,-0.0056999652072787,0.0132137018382549,-0.001994534818083
1776553954383488500,28.999488525390625,-0.0082604633450508,0.0154635265916585,-0.00758968337744
1776553954393479700,29.009479736328124,2.2211831808e-05,0.0142477210611104,-0.0018341018256731
1776553954403470600,29.019470703125,-0.0276607448637485,0.0087613986045122,0.011094965251768
1776553954413461500,29.02946142578125,-0.0116851770967245,0.0271294144660234,0.0009365958635229
1776553954423452700,29.03945263671875,0.0008332359537482,0.0121820207029581,-0.0114650041405577
1776553954433443600,29.049443603515623,-0.0170636552646756,0.0103676647573709,0.0014972802198957
1776553954443434500,29.0594345703125,-0.0208984111219644,0.0171826054692268,-0.0018489066691603
1776553954453425400,29.06942529296875,-0.0113259883955121,0.0132440969765186,-0.0071710652397247
1776553954463416600,29.07941650390625,-0.0057996261894702,0.0019745149433612,-0.0121856374321505
1776553954473407500,29.08940747070313,-0.0009337737187743,0.0103793551951646,-0.0093467424781061
1776553954483398400,29.0993984375,-0.0069572717919945,0.0172749599277973,-0.0011697059330763
1776553954493389600,29.1093896484375,-0.020087971521914,0.0160661686599254,0.0110876221955288
1776553954503380500,29.11938037109375,-0.0142301854044198,0.0181546653717756,0.0071659369734581
1776553954513371400,29.129371337890625,-0.0104813542649149,-0.0033966567009687,-0.0018627388316905
1776553954523362300,29.1393623046875,-0.0115662268921732,0.0173655608206987,-0.0129829481225693
1776553954533353500,29.149353515625,-0.0274611306384205,0.0149824650764465,-0.0044030983637319
1776553954543343600,29.159343505859376,-0.0115545364543795,0.0059895958036184,0.0037929260095581
1776553954553334500,29.16933447265625,-0.0195353060752153,0.0208206697106361,-0.0039744839883875
1776553954563325700,29.17932568359375,-0.0142079735726118,0.0110638303279876,0.0165241369939176
1776553954573316600,29.189316650390627,-0.0031362521991133,0.0137082073569297,-0.0129799433147301
1776553954583307500,29.1993076171875,-0.0059361120507121,0.0108498953163623,-0.013624680092209
1776553954593298400,29.20929833984375,-0.0041273090630769,0.0257096107959747,-0.0069915348212001
1776553954603289600,29.21928955078125,-0.00376724357903,0.0066857613742351,-0.0104413693143986
1776553954613280500,29.229280517578125,-0.016469781024754,0.0118675479263067,0.0016668372336775
1776553954623271400,29.239271484375,-0.0090887308627367,0.0162415252268314,0.0035254250466357
1776553954633262600,29.2492626953125,-0.0174959092020988,0.0199918176710605,-0.0009169139155186
1776553954643253500,29.25925341796875,-0.0067886372268199,0.0026069676280021,-0.0051804622446652
1776553954653244400,29.269244384765624,-0.0066144497036933,-0.006928337958455,-0.0069242189057637
1776553954663235300,29.2792353515625,0.0019236615389585,0.0179097506999969,-0.0041045264091109
1776553954673226500,29.2892265625,-0.0062777650952339,0.0118652098387479,-0.0076734115715604
1776553954683217400,29.299217529296875,-0.0099327804714441,0.0181213476240634,0.0014474542953772
1776553954693208600,29.30920849609375,0.0028165187254548,0.0106780458807945,-0.0076119500081753
1776553954703199700,29.31919970703125,-0.0119689624741673,0.0183002113223075,-0.0041395474901422
1776553954713190700,29.329190673828126,-0.0115399234071373,0.0140671037971973,-0.0051437652297783
1776553954723181600,29.339181640625,-0.0122787590757012,0.028429975670576,-0.0031047610823065
1776553954733172700,29.3491728515625,0.0052966451033949,0.0174830497205257,-0.0275106825683033
1776553954743163600,29.35916357421875,-0.0289589679807424,0.0149842186421155,-0.0126785948811331
1776553954753154600,29.369154541015625,-0.0354822322696447,0.0064858548879623,-0.0040693637641845
1776553954763145500,29.3791455078125,-0.0034200375765562,0.016298223850131,0.0134204079580726
1776553954773136600,29.38913671875,0.0047205987811088,0.0139846862107515,-0.0044918041270691
1776553954783127600,29.39912744140625,0.005410334610939,0.0262754279851913,-0.0052975629854248
1776553954793118500,29.409118408203124,-0.0151794489532709,0.0186246209710836,0.0123511210590135
1776553954803109600,29.419109619140624,-0.0211965172857046,0.003571428745985,-0.0013904177453601
1776553954813100500,29.4291005859375,-0.0006374211207032,0.0134767366886138,-0.0069120581105118
1776553954823090400,29.43909033203125,0.0099488548234105,0.0033136545926332,-0.0199254927028901
1776553954833082400,29.449082275390627,-0.0258317758709192,0.0277110137462615,-0.0198206988878548
1776553954843072800,29.45907275390625,-0.020848726761341,0.0184182847440242,0.0240417186829494
1776553954853063700,29.46906372070313,-0.0013423545196652,0.0167553199678659,0.0132091032949509
1776553954863054600,29.4790546875,0.005831774893403,0.0134176999777555,0.0109750743323005
1776553954873045500,29.48904541015625,-0.0211170223087072,0.0223491944521665,-0.0191795057743322
1776553954883036700,29.49903662109375,-0.0037175592184066,0.0150526077032089,-0.0209203946249093
1776553954893027600,29.509027587890625,-0.0062435705646872,0.0088122520089149,-0.0161895027786493
1776553954903018500,29.5190185546875,-0.0229237794697284,0.0186608613282442,-0.0019389687059447
1776553954913009700,29.529009765625,0.0092281393334269,0.0200146140247583,0.0138891168817877
1776553954923000600,29.53900048828125,-0.0083297291889786,-0.0050081835508346,0.0138791343438904
1776553954932991500,29.548991455078124,-0.0281947056099772,0.0193710554242134,0.0178108980019809
1776553954942982400,29.558982421875,-0.0069061261266469,0.0003530512213706,-0.0022198771397117
1776553954952973600,29.5689736328125,0.0018187398597598,0.0117097270160913,-0.0329623812360921
1776553954962964500,29.57896459960937,-0.0055865679606795,0.0017079729616641,-0.0026165254742139
1776553954972955400,29.588955322265623,-0.0168079269379377,0.0094879593133926,-0.0060920149984769
1776553954982946600,29.59894653320313,-0.0021060323685407,0.0297772986263036,0.0136282694219378
1776553954992937500,29.6089375,0.0085074238434433,0.0143178636878728,0.0022300469072768
1776553955002928400,29.61892846679688,-0.0185763979151844,0.0156149177610874,-0.0089037296846508
1776553955012919600,29.62891943359375,-0.0109071784615516,0.006624386575818,-0.0109390531708486
1776553955022910700,29.63891064453125,-0.0112172673240304,0.0061801499396562,-0.0048992752496851
1776553955032901600,29.648901611328125,-0.0141375386849045,0.0214180510818958,-0.0121688050283584
1776553955042892500,29.658892578125,-0.0167728556245565,0.0167599961429834,0.0001750734391156
1776553955052883700,29.6688837890625,-0.0211275437027215,0.0269914673000574,0.0075351401786087
1776553955062874600,29.67887451171875,-0.0174444712758064,0.0101022918194532,0.0028177836673567
1776553955072865500,29.688865478515623,-0.0169222009673714,0.0138198510378599,-0.0105109182861167
1776553955082856700,29.698856689453127,0.0017301847934722,0.0143862527489662,-0.0049702352937776
1776553955092847600,29.70884765625,-0.0105932902067899,0.0206879832416772,-0.0147539992159698
1776553955102838500,29.71883862304687,-0.0230044434905052,0.0431307011961936,0.0095988769085379
1776553955112828400,29.728828369140626,0.0081213471353054,0.029015666604042,0.0112453152415808
1776553955122819300,29.7388193359375,0.0067030047699809,0.0207604639559984,-0.012758359286189
1776553955132810500,29.748810546875,-0.0057741994872689,-0.0011176058530807,0.0006960377064533
1776553955142801400,29.75880151367188,-0.0231269008263945,0.0136935943096876,-0.004446599578741
1776553955152792600,29.76879248046875,-0.0348746217653155,0.0210018714964389,-0.0098929325182456
1776553955162783700,29.77878369140625,-0.0270271231353282,0.0068131871461868,-0.0111823695405852
1776553955172774700,29.788774658203124,0.0100388711944222,0.0188981772154569,-0.0018230004763463
1776553955182765600,29.798765625,-0.0162035313040018,0.0247036486238241,-0.0071994784834561
1776553955192756700,29.8087568359375,-0.0130038584798574,0.0207440973430871,-0.0040158663115464
1776553955202747600,29.81874755859375,-0.0230228559300303,0.0134095166712999,0.0169866719051729
1776553955212738600,29.828738525390627,0.0274538241147994,0.0060620765179395,-0.0113484513890696
1776553955222729500,29.8387294921875,-0.0237912099540233,0.040901334708929,-0.0069887400759151
1776553955232720600,29.848720703125,-0.0188490773767232,-0.0255891992866992,0.0034787865930469
1776553955242711600,29.85871166992188,-0.0101794487088918,0.029181670820713,-0.0140268037528498
1776553955252702500,29.868702392578125,-0.0078878306403756,-0.0034060090512037,-0.006280144281988
1776553955262693600,29.878693603515625,-0.0023477321699261,0.0308095642834901,-0.013581092112232
1776553955272684500,29.8886845703125,-0.0299237213596701,0.0104237788587808,-0.0037733490928309
1776553955282675500,29.898675537109376,0.0010454173997044,0.0208498958051204,0.0090641398441744
1776553955292666400,29.908666259765624,-0.0118795306250453,0.0165285254746675,0.005657633036049
1776553955302657500,29.918657470703124,0.0076826634570956,0.0259703075587749,-0.0008255412710597
1776553955312648400,29.9286484375,-0.025059914715588,0.0015694412738084,-0.0064066521719098
1776553955322639400,29.938639404296875,0.009153320531547,0.0097673607766628,0.0063148639689199
1776553955332630500,29.94863061523437,-0.0257926129043102,0.0199199214786291,0.0136323839080519
1776553955342621400,29.958621337890627,-0.0313213131979107,0.0033078093737363,0.0028740895650116
1776553955352612600,29.968612548828126,-0.0083744451135396,0.0187029469043016,-0.0273496787537354
1776553955362603500,29.978603515625,-0.0142506436705589,-0.0039285716205835,0.0062161437016446
1776553955372594700,29.9885947265625,-0.0120271224021911,0.0292974061548709,0.0012479131352854
1776553955382585600,29.998585693359377,0.0006716156512498,0.0093523502349853,-0.0151862851194338
1776553955392576500,30.008576416015625,-0.0082329908162355,0.0214484462201595,-0.0129907752359984
1776553955402567700,30.018567626953125,-0.0050765726119279,0.016954641932249,0.0072101688408292
1776553955412557600,30.0285576171875,-0.0167854228451848,0.0187619836151599,0.0087402005528565
1776553955422548500,30.038548583984376,-0.0283329450368881,0.0200181211560964,0.0001635199986398
1776553955432539400,30.048539306640624,0.0014504910692572,0.022460253611207,-0.0168714891268638
1776553955442530600,30.058530517578124,-0.0250584534108638,0.0054097500890493,-0.0144791962960036
1776553955452521500,30.068521484375,-0.0163940854400396,0.0266629659980535,0.0161613406966673
1776553955462512400,30.078512451171875,-0.0136102999404072,0.0014922843843698,-0.0190811051674652
1776553955472503300,30.08850341796875,0.0032464345753192,0.0199649296641349,-0.0236249591421801
1776553955482494700,30.09849462890625,-0.0064741644501686,0.0150245506525039,-0.0196145133578451
1776553955492485600,30.10848559570313,-0.0015454758763313,0.0017097265273332,0.0051054699128493
1776553955502476500,30.1184765625,-0.0131853525266051,0.0226496387034654,-0.0171866834227228
1776553955512467700,30.1284677734375,-0.0121197691217064,0.0172077399104833,-0.0145455943294102
1776553955522458600,30.138458740234373,0.0004489128112792,0.0180061968117952,0.0063914454696234
1776553955532449500,30.148449462890625,-0.0069908818006515,0.0055213937699794,-0.0219465821677586
1776553955542440700,30.158440673828125,-0.0064624740123748,0.0304839855909347,-0.0160064469624776
1776553955552431600,30.168431640625,-0.006859364375472,0.0168494279921054,-0.0117180107872467
1776553955562423300,30.17842333984375,-0.019410802912712,-0.0174240130096673,-0.0183248297403333
1776553955572414200,30.188414306640624,-0.0117547352015972,0.0442681807935237,-0.0167826874654041
1776553955582405000,30.198405029296875,-0.0156885675191879,-0.0018546879559755,0.0028603989663766
1776553955592396000,30.20839599609375,-0.0214040225565433,0.0267348621904849,-0.0024733769767452
1776553955602387200,30.21838720703125,-0.0151636668622493,0.0191179574459791,-0.0188873498607659
1776553955612378000,30.228378173828126,0.0006722001731395,-0.0018722236126661,-0.0095671985620632
1776553955622369000,30.238369140625,-0.0222854815661907,0.0358574953228235,0.0045568687199149
1776553955632360200,30.24836010742188,-0.0071551324516534,0.0055266544669866,0.0065543170142918
1776553955642351000,30.25835107421875,-0.0182666013136506,0.0198544550269842,-0.0159603656313149
1776553955652342000,30.268342041015625,-0.0162803959324955,-0.0013578443497419,0.005227516256785
1776553955662333000,30.2783330078125,-0.0009065934509038,1.1690437793e-06,-0.0050610371160786
1776553955672324000,30.288323974609376,-0.0027495909690856,0.0250064309626817,-0.0061615685367723
1776553955682315000,30.29831494140625,-0.0209460496559739,-0.0023977087914943,-0.0064145751834614
1776553955692306000,30.308305908203124,-0.0039075288325548,0.0389086995869874,-0.0095301270878408
1776553955702297000,30.318297119140624,-0.0265375860527157,-0.0103109661340713,-0.0159511137457797
1776553955712287200,30.328287353515623,0.0020621932268142,0.0230512052416801,0.0020564302063081
1776553955722278100,30.338278076171875,-0.0202671274811029,0.0176759419441223,0.0052013543356442
1776553955732269000,30.34826904296875,-0.0107066874533891,0.0185784437417984,-0.0108381409464869
1776553955742260200,30.35826025390625,-0.0069677931860089,0.0208721076369285,-0.0115283014680026
1776553955752251100,30.36825122070313,-0.0155500358313322,-0.0014051906228065,-0.0014750546883558
1776553955762242000,30.37824194335937,-0.0153372698634862,0.016630232283473,0.0013844263959908
1776553955772233000,30.38823291015625,-0.0101107673868536,0.0137900404214859,0.0047649904786841
1776553955782224100,30.39822412109375,0.0108875969782471,-0.0034346506237983,-0.0113265683508245
1776553955792215000,30.408215087890625,-0.0478197357952594,0.0674602558106184,0.0090069388973759
1776553955802206000,30.4182060546875,-0.0060436640784144,-0.0394400299847126,-0.0066239664507098
1776553955812197000,30.428197021484376,0.0637339287638664,0.0100227968424558,-0.0022016245303908
1776553955822188000,30.43818798828125,-0.143879478624463,-0.0014794249027967,-0.0190201824601972
1776553955832179000,30.448178955078124,0.0190115744620561,0.0428852020025253,-0.0452797872551716
1776553955842170000,30.458170166015623,-0.043180385556817,0.1161404078274965,0.0680625964847859
1776553955852161300,30.468161376953127,0.0994879637122154,-0.0858399621099233,0.0392307072161231
1776553955862152200,30.47815209960937,-0.0429819403752684,0.1354804835915565,0.0281170966293895
1776553955872143000,30.48814306640625,-0.0478249964922666,-0.1906125882267952,-0.014461400344409
1776553955882134300,30.49813427734375,0.1729229100182652,0.0993254666268825,-0.0466620673598488
1776553955892125200,30.508125244140626,-0.0933116131648421,0.1500128668129444,0.0024828069587936
1776553955902116000,30.5181162109375,-0.0682324092268943,-0.1183674362272024,0.0268793715279782
1776553955912107300,30.528107177734373,-0.1821589403972029,0.0726361971437931,0.0131333346450002
1776553955922098200,30.53809814453125,0.1335612059667706,-0.1192944879442453,-0.0222009176884312
1776553955932089000,30.548089111328125,0.0463218984529376,0.1185790331512689,-0.0366637382383691
1776553955942080000,30.558080078125,0.0208434660643339,0.0260644155830144,-0.0192924052640097
1776553955952071200,30.5680712890625,-0.2412897592797875,-0.0225298117160797,0.0077794566287659
1776553955962062000,30.57806201171875,0.0525374119669199,0.0260743524551391,0.0441948141632135
1776553955972053000,30.588052978515623,0.1444701379939913,0.0485053799718618,0.0618727471350226
1776553955982044200,30.598044189453127,0.0649418432489037,0.0261848270922899,0.0034687127236044
1776553955992035000,30.60803515625,-0.1022378469422459,-0.085333181631565,-0.0381408113538753
1776553956002026000,30.61802587890625,-0.0072501172587275,0.0698503658175468,-0.0564309990390902
1776553956012017000,30.62801684570313,0.0217065126344561,0.0418435839951038,-0.0106969104114687
1776553956022007300,30.63800732421875,-0.0659174102827906,0.0100005850106477,0.0136993025312665
1776553956031998200,30.647998291015625,-0.0971896236419677,0.0018190321207046,0.00362903611816
1776553956041989000,30.65798901367188,-0.0111421562612056,-0.0155418525248765,-0.0579427233428694
1776553956051980000,30.66797998046875,0.1241352059736847,0.043014381340146,-0.0323440849409671
1776553956061971200,30.67797119140625,-0.0601493482753634,0.0468313092797994,0.0019726974456105
1776553956071962000,30.687962158203124,-0.0542635051071643,-0.0039116204857826,0.0076319470500107
1776553956081953000,30.697953125,-0.0464212671741843,-0.0013391396492719,0.0067723025799496
1776553956091944200,30.707944091796875,0.0899427212536334,0.0134101011931896,0.0035931154214078
1776553956101935000,30.71793505859375,0.053225394231081,0.0092395375102758,-0.0019558559086639
1776553956111926000,30.727926025390627,-0.0091243866980075,0.048678398451209,0.0159914640224771
1776553956121917000,30.7379169921875,-0.1657987572267651,0.0312736746639013,0.0209092430432327
1776553956131908000,30.747908203125,-0.0277604058459401,-0.0113958387613296,0.0129167555851396
1776553956141899000,30.75789892578125,0.1165679855898022,-0.0001496376037597,-0.035864340622141
1776553956151890000,30.767889892578125,0.0212859491348266,0.0321083719223737,-0.0295828081006649
1776553956161881000,30.777881103515625,-0.1193643383100628,0.0137491238892078,0.0096311032442841
1776553956171872300,30.787872314453125,-0.0929489173322916,0.0086830726712942,-0.0054802078096428
1776553956181863200,30.79786328125,0.0433005048051476,-0.006605681875348,-0.021249083156581
1776553956191854300,30.80785424804688,0.064324003611505,0.0522790532916784,0.0185478020083624
1776553956201845200,30.81784521484375,-0.0096034023866057,0.0267447990626096,0.030033972234535
1776553956211836200,30.827836181640624,-0.0999488592222332,0.0077297174692153,0.0304994845541659
1776553956221827000,30.8378271484375,0.015113982501626,0.0045908349215984,-0.0051745256942231
1776553956231818200,30.847818359375,0.0680190587371587,0.0179313780099153,-0.0286498517992207
1776553956241809200,30.85780908203125,0.0235591547638177,0.0344973128855228,-0.0107846160943852
1776553956251800000,30.867800048828126,-0.1318365741312503,0.005341361027956,0.0062449177049798
1776553956261791200,30.877791259765623,-0.0435752300933003,0.0039519524961709,-0.0174708660923875
1776553956271782100,30.8877822265625,0.0327343948662281,0.0089899466633796,-0.0281142836177954
1776553956281773000,30.89777294921875,0.0105269469723105,0.0090606738120317,-0.0194316082387231
1776553956291764000,30.907763916015625,-0.0788636933565139,0.0271346751630306,0.0055492635910166
1776553956301755100,30.917755126953125,-0.0250499778434634,0.0244593184739351,0.0044093500080052
1776553956311746000,30.92774609375,0.0269093419745564,-0.0031856442987918,-0.011032846101257
1776553956321737000,30.93773706054688,0.0392523984581232,0.0311573548078536,0.0156785712815588
1776553956331728100,30.94772802734375,-0.0218716400682926,0.0130254857897758,-0.0005346731322817
1776553956341718300,30.95771826171875,-0.0217661338672041,0.0217202488988637,0.0109378247615648
1776553956351709200,30.967709228515623,-0.0055196402043104,0.0115174193143844,-0.0046927061271853
1776553956361700000,30.9777001953125,0.0100894323378801,0.0162415252268314,-0.0012893913565669
1776553956371691300,30.98769116210937,-0.001840659430623,0.0144335990220308,-0.0155741975916316
1776553956381682200,30.99768212890625,-0.0358782458499074,0.0109644616067409,-0.0130434050389565
1776553956391673000,31.00767309570313,-0.0134039637133479,-0.0024637597650289,-0.0367126143148168
1776553956401664000,31.0176640625,-0.0017713935866951,0.0096188922166824,-0.031278702465468
1776553956411655200,31.0276552734375,0.0061012394845485,0.013677812218666,-0.0086777206427417
1776553956421646000,31.03764599609375,-0.0477002010688185,0.0342050519406795,0.0177839277966646
1776553956431637000,31.047636962890625,-0.0146586399495601,0.0041372459352016,0.016410940676718
1776553956441628200,31.057628173828125,0.0450955715283751,0.0085597385525703,-0.0074751490531023
1776553956451619000,31.067619140625,-0.0026057985842227,0.0221662391006946,-0.0217707735097035
1776553956461610000,31.07760986328125,-0.0583271012842655,0.0080190558046102,-0.0205489994626725
1776553956471601000,31.087600830078124,-0.0092053429797291,0.0167342771798372,0.0011929087121505
1776553956481592000,31.097592041015623,-0.0137958856403827,0.0040998365342617,0.0141962466021999
1776553956491583200,31.107583251953123,0.011719663888216,0.0223304897516965,-0.0041237471328116
1776553956501574100,31.11757421875,-0.0122281979322433,0.0133545716136693,-0.0118655386323109
1776553956511565300,31.1275654296875,-0.039638767427206,0.0056312838852405,-0.0210970526663353
1776553956521556200,31.13755615234375,-0.0358177478343248,0.0177741416215896,-0.0296970821300987
1776553956531547100,31.147547119140626,-0.0048921559557318,0.00138005618155,-0.0387610073451418
1776553956541538300,31.157538330078125,-0.0092953593507409,0.0226993230640888,-0.0115799905560445
1776553956551529200,31.167529296875,-0.0157324066609144,0.0187099611669778,0.0076579765404108
1776553956561519900,31.177519775390625,0.0098132457450032,0.0135375269651412,-0.0061824514945968
1776553956571510800,31.1875107421875,-0.0076411624029278,0.025543022057414,-0.0073902472486253
1776553956581501700,31.197501708984376,-0.0048380876809358,0.0134358201563358,0.0037257516580168
1776553956591492900,31.20749291992188,-0.0044438276663422,0.0097124157190322,0.0024788157702656
1776553956601483800,31.21748388671875,-0.014977788901329,0.0195598559945821,0.004241172100557
1776553956611474700,31.227474609375,0.0009665069445967,0.008659107273817,0.0062734131471021
1776553956621465600,31.237465576171875,-0.0260723066285252,0.0192184952110052,-0.0049809758835006
1776553956631456800,31.24745678710937,-0.0364124988570809,0.0121902040094137,-0.0162780761112459
1776553956641447700,31.25744775390625,-0.0182823834046721,0.007691139024496,-0.0322941494185943
1776553956651438600,31.2674384765625,-0.0164013919636607,0.0148936177492141,-0.0175218838935717
1776553956661429800,31.2774296875,0.0066232175320386,0.0115080669641494,-0.0008163441844517
1776553956671421000,31.2874208984375,0.0081833064556121,0.0371241542577743,0.0100191801132634
1776553956681410800,31.29741088867188,-0.014022972394526,0.0247246914118528,0.0058730978510575
1776553956691401700,31.307401611328125,-0.0192921449691057,0.0197983409255743,0.0199739303879207
1776553956701393000,31.317392822265624,0.0089811788350343,0.0134667998164892,0.0098557057803962
1776553956711383800,31.3273837890625,-0.0250555308014154,0.0153869542241096,0.0002965626606252
1776553956721374700,31.337374755859376,-0.0228512987554073,0.0202899238348007,0.0046779926152434
1776553956731365600,31.34736572265625,-0.0269262931093573,0.0236935947984457,-0.0009935776146128
1776553956741356800,31.357356689453123,-0.0199742820143699,0.0134954413890838,-0.0085147303670644
1776553956751347700,31.36734765625,-0.0388023166030645,0.0238116682201623,-0.0027040758935036
1776553956761338600,31.37733862304687,-0.0266390006005764,0.0057405894786119,-0.0226909342616563
1776553956771329800,31.38732983398437,-0.0145882050618529,0.0194803610175848,-0.0074127833074191
1776553956781320700,31.39732080078125,-0.0113207276985049,0.0172439802676439,0.0243429986178874
1776553956791311600,31.4073115234375,0.0045727147430181,0.0221714997977018,-0.0109499627239303
1776553956801302800,31.417302734375,-0.0295145560368895,0.0286456642478704,-0.0071224677244899
1776553956811294000,31.4272939453125,-0.0151335639849305,0.0219569802641868,-0.0126388702255208
1776553956821284900,31.437284912109376,-0.0045320904716849,0.0245586871951818,0.0058328982714097
1776553956831275800,31.44727587890625,-0.0080804306030273,0.0237964706510305,0.0195092309190426
1776553956841267000,31.457266845703124,-0.0125549456685781,0.015212766700983,-0.0022253296329639
1776553956851257900,31.4672578125,-0.0268351076945662,0.0073041855335235,6.25438421964e-05
1776553956861248800,31.477248779296875,-0.0263107915595173,0.0131143331170082,-0.0130415144759695
1776553956871240000,31.48723999023437,-0.0212467861682176,0.0084831661850214,-0.0229373604705091
1776553956881230800,31.49723095703125,-0.0270922973260283,0.0267418764531612,-0.0020692485886858
1776553956891221800,31.5072216796875,-0.0022802198916673,0.0181722010284662,-0.0179111617723712
1776553956901212700,31.51721264648437,-0.0124362877249717,0.0226046305179595,-0.0011544398652855
1776553956911203800,31.52720385742188,-0.0199476862683892,0.0211187758743762,-0.0069028701570583
1776553956921194800,31.53719482421875,-0.0178369777247309,0.0189186354815959,-0.0029967797963414
1776553956931185700,31.547185546875,-0.0036912557333707,0.024778467425704,0.0123991020863177
1776553956941176800,31.5571767578125,0.0031987960413098,0.0160977328419685,0.0071761798062594
1776553956951167700,31.567167724609376,-0.020304244621098,0.0171492877215147,0.01058326200312
1776553956961158700,31.57715869140625,-0.0159518946304917,0.015798457634449,-0.0058876789322588
1776553956971149600,31.587149658203124,-0.0088368019282817,0.010732990938425,-0.0140154877743916
1776553956981140700,31.597140625,-0.0177788177967071,0.0259819979965686,-0.0022431895166402
1776553956991132000,31.6071318359375,-0.0273351661711931,0.0150502696156501,-0.0208408631152939
1776553957001122800,31.61712280273437,-0.0197682380482554,0.0258960732787847,0.0143713246078928
1776553957011112700,31.62711279296875,-0.0007660159364342,0.0058452188968658,-0.0037915332034928
1776553957021103900,31.637103759765623,-0.0130108727425336,0.0174076463967561,-0.0221800255974521
1776553957031094800,31.6470947265625,-0.0197436881288886,0.0079787237942218,-0.0121630100418115
1776553957041085700,31.65708569335937,-0.0007341594934463,0.014910568884015,-0.0068399381557945
1776553957041085700,31.65708569335937,-0.0007341594934463,0.014910568884015,-0.0068399381557945
1776553957041085700,31.65708569335937,-0.0007341594934463,0.014910568884015,-0.0068399381557945
1776553957041085700,31.65708569335937,-0.0007341594934463,0.014910568884015,-0.0068399381557945
1776553957041085700,31.65708569335937,-0.0007341594934463,0.014910568884015,-0.0068399381557945
1776553957041085700,31.65708569335937,-0.0007341594934463,0.014910568884015,-0.0068399381557945
1776553957041085700,31.65708569335937,-0.0007341594934463,0.014910568884015,-0.0068399381557945
1776553957041085700,31.65708569335937,-0.0007341594934463,0.014910568884015,-0.0068399381557945
1776553957041085700,31.65708569335937,-0.0007341594934463,0.014910568884015,-0.0068399381557945
1776553957041085700,31.65708569335937,-0.0007341594934463,0.014910568884015,-0.0068399381557945
1776553957041085700,31.65708569335937,-0.0007341594934463,0.014910568884015,-0.0068399381557945
1776553957041085700,31.65708569335937,-0.0007341594934463,0.014910568884015,-0.0068399381557945
1776553957041085700,31.65708569335937,-0.0007341594934463,0.014910568884015,-0.0068399381557945
1776553957041085700,31.65708569335937,-0.0007341594934463,0.014910568884015,-0.0068399381557945
1776553957041085700,31.65708569335937,-0.0007341594934463,0.014910568884015,-0.0068399381557945
1776553957041085700,31.65708569335937,-0.0007341594934463,0.014910568884015,-0.0068399381557945
1776553957041085700,31.65708569335937,-0.0007341594934463,0.014910568884015,-0.0068399381557945
1776553957041085700,31.65708569335937,-0.0007341594934463,0.014910568884015,-0.0068399381557945
1776553957041085700,31.65708569335937,-0.0007341594934463,0.014910568884015,-0.0068399381557945
1776553957041085700,31.65708569335937,-0.0007341594934463,0.014910568884015,-0.0068399381557945
1776553957041085700,31.65708569335937,-0.0007341594934463,0.014910568884015,-0.0068399381557945
1776553957041085700,31.65708569335937,-0.0007341594934463,0.014910568884015,-0.0068399381557945
1776553957041085700,31.65708569335937,-0.0007341594934463,0.014910568884015,-0.0068399381557945
1776553957041085700,31.65708569335937,-0.0007341594934463,0.014910568884015,-0.0068399381557945
1776553957041085700,31.65708569335937,-0.0007341594934463,0.014910568884015,-0.0068399381557945
1776553957041085700,31.65708569335937,-0.0007341594934463,0.014910568884015,-0.0068399381557945
1776553957041085700,31.65708569335937,-0.0007341594934463,0.014910568884015,-0.0068399381557945
1776553957041085700,31.65708569335937,-0.0007341594934463,0.014910568884015,-0.0068399381557945
1776553957041085700,31.65708569335937,-0.0007341594934463,0.014910568884015,-0.0068399381557945
1776553957041085700,31.65708569335937,-0.0007341594934463,0.014910568884015,-0.0068399381557945
1776553957041085700,31.65708569335937,-0.0007341594934463,0.014910568884015,-0.0068399381557945
1776553957041085700,31.65708569335937,-0.0007341594934463,0.014910568884015,-0.0068399381557945
1776553957041085700,31.65708569335937,-0.0007341594934463,0.014910568884015,-0.0068399381557945
1776553957041085700,31.65708569335937,-0.0007341594934463,0.014910568884015,-0.0068399381557945
1776553957041085700,31.65708569335937,-0.0007341594934463,0.014910568884015,-0.0068399381557945
1776553957041085700,31.65708569335937,-0.0007341594934463,0.014910568884015,-0.0068399381557945
1776553957041085700,31.65708569335937,-0.0007341594934463,0.014910568884015,-0.0068399381557945
1776553957041085700,31.65708569335937,-0.0007341594934463,0.014910568884015,-0.0068399381557945
1776553957041085700,31.65708569335937,-0.0007341594934463,0.014910568884015,-0.0068399381557945
1776553957041085700,31.65708569335937,-0.0007341594934463,0.014910568884015,-0.0068399381557945
1776553957041085700,31.65708569335937,-0.0007341594934463,0.014910568884015,-0.0068399381557945
1776553957041085700,31.65708569335937,-0.0007341594934463,0.014910568884015,-0.0068399381557945
1776553957041085700,31.65708569335937,-0.0007341594934463,0.014910568884015,-0.0068399381557945
1776553957041085700,31.65708569335937,-0.0007341594934463,0.014910568884015,-0.0068399381557945
1776553957041085700,31.65708569335937,-0.0007341594934463,0.014910568884015,-0.0068399381557945
1776553957041085700,31.65708569335937,-0.0007341594934463,0.014910568884015,-0.0068399381557945
1776553957041085700,31.65708569335937,-0.0007341594934463,0.014910568884015,-0.0068399381557945
1776553957041085700,31.65708569335937,-0.0007341594934463,0.014910568884015,-0.0068399381557945
1776553957041085700,31.65708569335937,-0.0007341594934463,0.014910568884015,-0.0068399381557945
1776553957041085700,31.65708569335937,-0.0007341594934463,0.014910568884015,-0.0068399381557945
1776553957041085700,31.65708569335937,-0.0007341594934463,0.014910568884015,-0.0068399381557945
1776553957041085700,31.65708569335937,-0.0007341594934463,0.014910568884015,-0.0068399381557945
1776553957041085700,31.65708569335937,-0.0007341594934463,0.014910568884015,-0.0068399381557945
1776553957041085700,31.65708569335937,-0.0007341594934463,0.014910568884015,-0.0068399381557945
1776553957041085700,31.65708569335937,-0.0007341594934463,0.014910568884015,-0.0068399381557945
1776553957041085700,31.65708569335937,-0.0007341594934463,0.014910568884015,-0.0068399381557945
1776553957041085700,31.65708569335937,-0.0007341594934463,0.014910568884015,-0.0068399381557945
1776553957041085700,31.65708569335937,-0.0007341594934463,0.014910568884015,-0.0068399381557945
1776553957041085700,31.65708569335937,-0.0007341594934463,0.014910568884015,-0.0068399381557945
1776553957041085700,31.65708569335937,-0.0007341594934463,0.014910568884015,-0.0068399381557945
1776553957041085700,31.65708569335937,-0.0007341594934463,0.014910568884015,-0.0068399381557945
1776553957041085700,31.65708569335937,-0.0007341594934463,0.014910568884015,-0.0068399381557945
1776553957041085700,31.65708569335937,-0.0007341594934463,0.014910568884015,-0.0068399381557945
1776553957041085700,31.65708569335937,-0.0007341594934463,0.014910568884015,-0.0068399381557945
1776553957041085700,31.65708569335937,-0.0007341594934463,0.014910568884015,-0.0068399381557945
1776553957041085700,31.65708569335937,-0.0007341594934463,0.014910568884015,-0.0068399381557945
1776553957041085700,31.65708569335937,-0.0007341594934463,0.014910568884015,-0.0068399381557945
1776553957041085700,31.65708569335937,-0.0007341594934463,0.014910568884015,-0.0068399381557945
1776553957041085700,31.65708569335937,-0.0007341594934463,0.014910568884015,-0.0068399381557945
1776553957041085700,31.65708569335937,-0.0007341594934463,0.014910568884015,-0.0068399381557945
1776553957041085700,31.65708569335937,-0.0007341594934463,0.014910568884015,-0.0068399381557945
1776553957041085700,31.65708569335937,-0.0007341594934463,0.014910568884015,-0.0068399381557945
1776553957041085700,31.65708569335937,-0.0007341594934463,0.014910568884015,-0.0068399381557945
1776553957041085700,31.65708569335937,-0.0007341594934463,0.014910568884015,-0.0068399381557945
1776553957041085700,31.65708569335937,-0.0007341594934463,0.014910568884015,-0.0068399381557945
1776553957041085700,31.65708569335937,-0.0007341594934463,0.014910568884015,-0.0068399381557945
1776553957041085700,31.65708569335937,-0.0007341594934463,0.014910568884015,-0.0068399381557945
1776553957041085700,31.65708569335937,-0.0007341594934463,0.014910568884015,-0.0068399381557945
1776553957041085700,31.65708569335937,-0.0007341594934463,0.014910568884015,-0.0068399381557945
1776553957041085700,31.65708569335937,-0.0007341594934463,0.014910568884015,-0.0068399381557945
1776553957041085700,31.65708569335937,-0.0007341594934463,0.014910568884015,-0.0068399381557945
1776553957041085700,31.65708569335937,-0.0007341594934463,0.014910568884015,-0.0068399381557945
1776553957041085700,31.65708569335937,-0.0007341594934463,0.014910568884015,-0.0068399381557945
1776553957041085700,31.65708569335937,-0.0007341594934463,0.014910568884015,-0.0068399381557945
1776553957041085700,31.65708569335937,-0.0007341594934463,0.014910568884015,-0.0068399381557945
1776553957041085700,31.65708569335937,-0.0007341594934463,0.014910568884015,-0.0068399381557945
1776553957041085700,31.65708569335937,-0.0007341594934463,0.014910568884015,-0.0068399381557945
1776553957041085700,31.65708569335937,-0.0007341594934463,0.014910568884015,-0.0068399381557945
1776553957041085700,31.65708569335937,-0.0007341594934463,0.014910568884015,-0.0068399381557945
