time,seconds_elapsed,z,y,x
1775066260405623300,251.5366232910156,0.0366378320455551,-0.0395002357393503,0.0356581094263587
1775066260415662000,251.546662109375,0.026462474989891,-0.0029588498055934,-0.0501643626926466
1775066260425701000,251.556701171875,-0.0424725295484066,0.0279769712060689,-0.0662659405926708
1775066260435740200,251.566740234375,-0.0522552340246737,0.0546072039783,-0.0799541828738059
1775066260445779200,251.576779296875,0.0251902630969882,0.0500847581177949,-0.0691703841967508
1775066260455818200,251.586818359375,0.0659293929815292,0.0731897393733263,-0.0183563802226446
1775066260465857000,251.59685693359376,0.0307433671794831,0.018745032480359,0.0261216895950492
1775066260475897000,251.60689697265624,-0.0465735351264476,-0.0317483064383268,0.0651424803875386
1775066260485936000,251.61693603515624,-0.0818130446814,-0.0124053080648183,0.0534240220757201
1775066260495975000,251.62697485351563,-0.0612789368271827,-0.0433493123829364,0.0594130790232215
1775066260506014200,251.63701416015624,-0.0265573136664927,-0.0483645101964473,0.0999121165415737
1775066260516053200,251.64705322265624,0.0117431908942759,-0.0045224458605051,0.0494456108308862
1775066260526092000,251.65709204101563,0.0042471360504627,0.0083703534603118,0.0153095598726533
1775066260536131000,251.66713110351563,0.0341138665258884,0.0170657010912895,0.0435591100755613
1775066260546171100,251.6771711425781,0.1345719904445111,0.0214630592674016,0.0629389972602017
1775066260556210000,251.6872099609375,-0.0427297191798686,0.0288490778654813,0.0492962015559896
1775066260566249200,251.6972492675781,-0.1256406421005725,0.0100181206673383,0.0276000002529937
1775066260576288300,251.7072883300781,-0.0972001450359821,0.0012894552886486,-0.0039022864018566
1775066260586327000,251.7173271484375,-0.0191559513688087,-0.0051326867133378,-0.025347727814177
1775066260596366000,251.72736596679687,0.0700303985595703,0.0082832596987485,-0.0146770341227762
1775066260606405000,251.73740502929687,0.0426185138903558,0.0035591537863016,-0.0070672532388009
1775066260616444200,251.7474440917969,-0.0117747550763189,0.0240881470739841,0.0265510117898695
1775066260626484200,251.75748413085935,-0.042478228636831,0.0541997922211885,0.0469915413428097
1775066260636523000,251.76752294921877,0.0147730601094663,0.0414092842310667,0.0313652984701097
1775066260646562000,251.77756201171877,0.0451608918495476,0.0116214642107486,-0.0082511657937429
1775066260656601000,251.78760107421877,0.0618295564472675,0.0025415011763572,-0.0520080360642634
1775066260666640100,251.79764013671877,0.0490564379833638,-0.0041395840227603,-0.0652510644617024
1775066260676679200,251.80767919921877,-0.0067652563512325,-0.0092161566346883,-0.0555167839707341
1775066260686718200,251.81771826171877,-0.0695243487335741,-0.003550970479846,-0.0574386006124783
1775066260696758000,251.82775805664065,-0.0716204442299902,0.0296861132115125,-0.0494945919386111
1775066260706797000,251.83779711914065,-0.071714990645647,0.0393126042127609,-0.0234132526202592
1775066260716836000,251.84783618164064,-0.0491688123166561,0.0480973836928606,-0.0059863352674525
1775066260726875100,251.85787524414064,-0.0381492595218121,0.0557552049696445,0.0113816093065775
1775066260736914200,251.8679140625,-0.0561024109721183,0.0536941807866096,0.011003122249851
1775066260746953000,251.87795288085937,-0.0346866979777812,0.0495908371210098,0.0103936120493803
1775066260756992000,251.88799194335937,0.0043092415012419,0.0241483528286218,0.0038528851690236
1775066260767032000,251.89803198242188,0.0224092540763318,0.0017313538372516,-0.0043143834672402
1775066260777071000,251.90807104492188,-0.0002490063250064,-0.0018652093499898,-0.011652599134529
1775066260787110100,251.91811010742188,-0.0226841254949569,-0.0015057283878326,-0.0159802987410686
1775066260797149200,251.92814916992188,-0.0499039947234094,-0.0157587101459503,-0.0187935203977394
1775066260807188000,251.93818798828124,-0.0422363827049732,-0.0088069913119077,-0.0207516504618804
1775066260817227000,251.94822705078124,-0.0251307879947125,0.0004898293435573,-0.007792142580403
1775066260827266300,251.95826635742188,-0.0053285015463829,0.0031757074266672,-0.0133724360639229
1775066260837305000,251.96830517578124,0.0010332885704934,0.0265910698056221,-0.0191686555867549
1775066260847345200,251.97834521484376,-0.0085654376409947,0.0253010299950838,-0.0215620991950854
1775066260857384200,251.98838427734376,0.0139316408492624,0.0197281982988119,-0.0099682901762425
1775066260867423000,251.99842309570312,-0.0072710139162838,0.0273714065283536,-0.0082884838631376
1775066260877462300,252.00846215820312,-0.0515969162464141,0.0269470436364412,0.0185203751453198
1775066260887501000,252.0185009765625,-0.0761221395634114,-0.0049666824966669,0.0027954394048079
1775066260897540000,252.0285400390625,-0.0545733017086982,0.007885200291872,0.0272883678874
1775066260907580200,252.038580078125,-0.0295581029176712,0.0171539638966321,0.0237203640743624
1775066260917619200,252.048619140625,-0.0194585875771939,0.0259808289527893,0.0116001200286205
1775066260927658000,252.0586579589844,-0.0038648587346076,0.0261509248226881,-0.0046673068244475
1775066260937697300,252.068697265625,0.0187980778418481,0.0243868377596139,-0.0078318900689017
1775066260947736000,252.0787360839844,0.0034955870307981,0.0074924015820026,-0.006826448486559
1775066260957775000,252.0887751464844,0.0002608428932726,0.0061789808958768,-0.0191784645947162
1775066260967814100,252.0988142089844,-0.0049156829617917,-0.0043126025021076,0.0017551548379473
1775066260977854000,252.10885400390623,-0.028503771559149,-0.0289414323240518,0.0362609067582525
1775066260987893000,252.11889306640623,-0.0514272587679326,-0.0300385799109935,0.0239005703463219
1775066260997932300,252.1289323730469,-0.0332381066046655,-0.0168026662409305,-0.0012128281221725
1775066261007971000,252.13897119140623,-0.004102028491348,0.0161626147717237,-0.0198949423009995
1775066261018010000,252.1490100097656,0.0111688981376588,0.0140992525011301,-0.0088906966731417
1775066261028049200,252.1590490722656,0.0538680760487914,0.0003203179955482,0.0134789651783183
1775066261038088200,252.1690881347656,0.0549824670314788,-0.0002419920623302,0.0400013993276748
1775066261048127200,252.1791271972656,0.0237820037342607,0.0161357267647981,0.0368798241078853
1775066261058167300,252.18916723632813,0.0430104358173906,0.0158265146851539,0.0337539106396958
1775066261068206000,252.1992060546875,0.0852327899970114,-0.0028518822997808,0.030070966076944
1775066261078245000,252.2092451171875,-0.0750910429500043,-0.0175771577447652,-0.0343176272033713
1775066261088284000,252.21928393554688,-0.2378979248844087,0.0037070378243923,-0.0641518984476104
1775066261098323200,252.2293232421875,-0.0517792870759964,0.0116723176151514,-0.0169760135138407
1775066261108362200,252.2393623046875,0.0128793553173542,-0.0184101014375686,0.0017104389133863
1775066261118401000,252.24940112304688,-0.0418704720020294,0.0138093296438455,0.0287384479647036
1775066261128441000,252.25944116210937,0.1457495102800428,0.0275391643106937,0.0638336171455215
1775066261138480000,252.26948022460937,0.2288460189007222,0.0252466694593429,0.0908903317015152
1775066261148519000,252.2795187988281,0.0199449097894132,0.0609749854445457,0.1295339597446844
1775066261158558200,252.2895581054688,-0.2188297979295253,0.1020446624577045,0.1122853124350775
1775066261168597200,252.2995971679688,-0.1639759257137775,0.0586211157947778,0.0208267889241687
1775066261178636000,252.3096359863281,0.0262986627303063,0.0109030868083238,0.037234957688488
1775066261188675000,252.3196750488281,0.0881318724393844,-0.0232557879030704,0.0885440243036951
1775066261198715100,252.32971508789063,-0.0309923735044896,0.018871873730421,0.0396237525211647
1775066261208754200,252.33975415039063,-0.0933725495718419,0.0655681584537029,0.0080252024176064
1775066261218793200,252.34979321289063,-0.0893266351819038,0.035198154631257,0.0661649644362274
1775066261228832000,252.35983203125,0.0090519059836864,-0.014000468301773,0.1065549246900714
1775066261238871000,252.36987109375,0.0510289071001112,0.0002653729379177,0.0740273866407107
1775066261248910000,252.37991015625,0.0190614049531519,0.0110591541528701,-0.0067357105963397
1775066261258950100,252.3899501953125,-0.084782123620063,0.0250906021147966,-0.0022274759242776
1775066261268989200,252.3999892578125,-0.1126632332362234,0.0200672209948301,-0.0307539981713518
1775066261279028200,252.4100283203125,-0.074904142075777,0.0007464344531297,-0.0224341601887252
1775066261289067000,252.4200668945313,-0.0235118084907531,0.0109819972634315,-0.0045891361548565
1775066261299106000,252.4301059570313,0.0242835235156118,0.0141612118214368,0.0190906675802543
1775066261309145000,252.4401450195313,0.0191067053996026,0.0102566055983304,0.0609245886978693
1775066261319184100,252.45018408203129,0.0287793736301362,-0.0037432781815528,0.0364511138344183
1775066261329224200,252.46022412109372,0.0571216710172593,-0.0127414081513881,0.0217578318297397
1775066261339263200,252.47026318359372,0.0300325885616242,-0.0087590605169534,0.0135198086453601
1775066261349302000,252.48030200195316,-0.0233342599667608,-0.0180880298763513,-0.0014647661897819
1775066261359341000,252.49034106445316,-0.0967889338865876,-0.0210100548028945,0.0072163519864436
1775066261369380000,252.50038012695316,-0.0072751055695116,-0.0018102642923593,0.0101083471009042
1775066261379419100,252.51041918945316,0.0693139208532869,0.0104693715661764,0.0060054692261852
1775066261389458200,252.52045825195316,-0.110703915861994,0.0438332965075969,0.0246590788297355
1775066261399498200,252.5304982910156,-0.1175590424537658,0.0588239448904991,0.0069549611038994
1775066261409537000,252.540537109375,-0.0340787952125072,0.0482213023334741,-0.0235066665247548
1775066261419576000,252.550576171875,0.0543618509151041,0.0442763640999794,-0.0167031513892114
1775066261429615000,252.5606149902344,0.0554033227920532,0.0381575889587402,-0.0173507377109024
1775066261439654100,252.5706540527344,-0.017102964361757,0.0254395616829395,-0.0019062994122039
1775066261449693200,252.5806931152344,-0.0556359625041484,-0.005410334610939,0.0196724038578104
1775066261459732000,252.59073193359376,-0.0556187191084027,-0.0254763865619897,0.0530993840980809
1775066261469772000,252.60077197265625,-0.0120621937155723,-0.0191343240588903,0.0083561422718688
1775066261479811000,252.61081103515625,0.0442167428672313,-0.000598550415039,-0.0462735110002569
1775066261489850000,252.62085009765624,0.0252886089049279,0.0116664723962545,-0.065982365277782
1775066261499889200,252.63088916015624,-0.0499719453930854,0.0457201331675052,-0.0712718317217193
1775066261509928200,252.64092822265624,-0.066208648314327,0.0593885930359363,-0.0819221310790628
1775066261519967000,252.65096704101563,-0.0456498444102704,0.0398620547890663,-0.0760636508418247
1775066261530007000,252.6610070800781,-0.0248236217416822,0.0184340668350458,-0.0779086211213842
1775066261540046300,252.6710463867188,-0.0313899945199489,-0.0027250410497188,-0.0269270602943375
1775066261550085000,252.6810852050781,-0.0626570933125913,-0.0178004451066255,-0.0106729861131869
1775066261560124200,252.6911242675781,-0.036997897529602,-0.0145049106925725,-0.0455028554213233
1775066261570163000,252.70116284179687,-0.0173158764600753,0.0037315877437591,-0.0664729070073924
1775066261580202000,252.71120190429687,-0.018420622831583,0.01376373693645,-0.0462074417604133
1775066261590241300,252.7212412109375,0.0075308338962495,0.0303723419100046,-0.0093841884116642
1775066261600281000,252.7312810058594,0.0136322195112705,0.039082887110114,-0.008729122036416
1775066261610320100,252.74132006835936,-0.0071628773666918,0.0337362653851509,-0.0183654768445529
1775066261620359200,252.75135913085936,-0.0116973059259355,-0.0176847097724676,0.0030648309307172
1775066261630398000,252.76139794921875,-0.0358906669400632,0.0045312136888504,-0.0009177906983532
1775066261640437200,252.77143725585935,-0.0233409819684922,0.0060609074741601,-0.038488830207102
1775066261650476300,252.78147631835935,-0.0039605741940438,-0.0135433721840381,-0.0522667600656859
1775066261660515000,252.79151513671877,-0.0117278471946716,0.0042284313499927,-0.051323780127149
1775066261670555100,252.8015551757813,-0.0406827235221862,0.0123632224887609,-0.0224331098759546
1775066261680594200,252.8115942382813,-0.0315277955554425,0.0183919812589883,0.0144671359654515
1775066261690633000,252.82163305664065,-0.0180780930042266,0.0207213009893894,0.0097318328055553
1775066261700672300,252.83167236328129,0.0005022504337131,0.0193429983735084,-0.032253333351016
1775066261710711000,252.8417109375,-0.0112765962958335,0.0117553197234868,-0.0423935460280627
1775066261720750000,252.85175,-0.0418400768637657,0.0074497314840555,-0.0276430996092036
1775066261730790100,252.8617900390625,-0.0400046781301498,0.0070218614608049,-0.021324564112164
1775066261740829200,252.8718291015625,-0.0185854580044746,-0.002262099713087,-0.0239110917403362
1775066261750868000,252.8818679199219,-0.0177145203888416,0.0050906011372804,-0.0229719477267004
1775066261760907300,252.8919072265625,-0.0356267553068697,0.0069254153490066,-0.0074810216714628
1775066261770946000,252.90194604492189,-0.0085914488650858,-0.0056692778080701,-0.0119164468356408
1775066261780985000,252.91198510742188,-0.0141850310884416,-0.0093470895379781,0.0149941737805493
1775066261791024000,252.92202416992188,-0.0111900870561599,0.0013239420801401,0.0254102442569099
1775066261801064000,252.93206396484376,-0.0143748545721173,0.0085258362829685,0.0391000939732417
1775066261811103200,252.9421032714844,-0.015526070433855,-0.0173719905614852,0.0141555675319395
1775066261821142300,252.9521423339844,-0.0024397943675518,-0.0197007257699966,0.0026171054295264
1775066261831181000,252.96218115234376,-0.0197322899520397,-0.0151993226975202,-0.0024972419095225
1775066261841220000,252.97222021484376,-0.0209609549641609,-0.0067453826069831,-0.0099111348952166
1775066261851259100,252.98225903320312,0.0046291211053729,0.0006137479841709,0.0359199295671656
1775066261861298200,252.99229809570312,0.0161105923235416,0.0170966807514429,0.0234613934777677
1775066261871338200,253.00233813476564,0.0191173729240894,0.0174286891847848,-0.0011847893377766
1775066261881377300,253.01237719726564,0.0162519004903733,0.0182306532174348,-0.0132617239647544
1775066261891416000,253.022416015625,-0.0054839843690395,0.003317746245861,0.0138520180081017
1775066261901455000,253.032455078125,-0.0150736504912376,0.0049660979747772,0.0732213035553693
1775066261911494100,253.042494140625,0.0535385518334805,-0.010732990938425,0.0638296807559207
1775066261921533200,253.052533203125,0.0533070811651647,-0.0271107097655534,0.0096156590799801
1775066261931573200,253.0625732421875,-0.1269666300073266,0.0062619830042123,-0.0104122528177686
1775066261941612000,253.07261206054687,-0.1376096045747399,0.0141144500702619,-0.0098988964681513
1775066261951651000,253.08265112304687,0.0073218673206865,-0.0180658180445432,0.0466379603984765
1775066261961690000,253.09269018554687,-0.0030862755775451,0.0075350716799497,0.1110950706040486
1775066261971729200,253.10272924804687,0.0212799577854573,0.0544242486268281,0.0991159885946661
1775066261981768200,253.11276831054687,0.1822410657227039,0.0590507393836975,0.0569487256031483
1775066261991807200,253.12280712890623,0.1172679505527019,0.1111152731418609,0.0843398414789698
1775066262001847000,253.1328469238281,-0.1281586162708699,0.1358808810859918,0.0469499306907877
1775066262011886000,253.1428859863281,-0.2068951761163771,0.1061930143088102,-0.026582722102385
1775066262021925000,253.1529250488281,-0.0780522308431565,0.029524785169959,-0.0124755054905079
1775066262031964200,253.1629641113281,0.1168776360608637,-0.0647282004982233,0.027850824075751
1775066262042003200,253.1730031738281,0.0971091057516634,-0.0565484011739492,0.0591519530021585
1775066262052042000,253.1830419921875,-0.0549134934484958,-0.0119581488192081,0.0352973041567951
1775066262062082000,253.19308203125,-0.1026655708350241,-0.0199766201019287,-0.007067116241483
1775066262072121000,253.20312109375,0.0362448872052133,-0.0266898540049791,0.0418246235663071
1775066262082159900,253.21315991210935,0.1527073665939271,0.0032610476225614,0.064189527044259
1775066262092199200,253.22319921875,0.1042959485158324,0.0104740477412939,0.0023155651996843
1775066262102238200,253.23323828125,-0.0259165315449237,0.0344675022691488,-0.0381208280117716
1775066262112277000,253.24327709960937,-0.0974082348287105,0.0318505977690219,-0.0790515349456574
1775066262122317000,253.2533171386719,-0.0793185975171625,0.0116828390091657,-0.0925010548337828
1775066262132356000,253.2633562011719,-0.0121453419543802,0.0018079262048006,-0.0402936511393636
1775066262142395100,253.27339501953125,0.0415733887515962,-0.0093617025852203,0.0096951540569774
1775066262152434200,253.28343408203125,0.0401858799159526,-0.0001619125634431,0.0263775457859504
1775066262162473200,253.29347314453125,0.0170611710466444,0.0341436771422624,0.0424167625068686
1775066262172512000,253.30351196289064,0.023563392547518,0.0145370593965053,0.0445224660818465
1775066262182551000,253.31355102539064,0.0693057375468313,0.0079565119624137,0.0704248503704089
1775066262192591000,253.32359106445315,0.0338217517115175,0.0070651160806417,0.0452446520097088
1775066262202630100,253.33363012695312,-0.0588053863205015,0.0191670572847127,1.61656835116e-05
1775066262212669200,253.34366918945312,0.0161025551475584,0.0284328982800245,0.0179405111644417
1775066262222708200,253.35370825195312,0.0934184345401823,0.0016670564293861,0.0608498338280711
1775066262232747000,253.3637470703125,-0.1040669620655477,0.0058726914256811,0.0925200974609702
1775066262242786000,253.3737861328125,-0.1232439562223851,0.0440776266574859,0.035466760705877
1775066262252826400,253.38382641601564,-0.0387958868622779,0.048422962385416,0.0091052436061203
1775066262262865700,253.39386572265624,0.0517662814639508,0.0582289016067981,0.0332934078553225
1775066262272904400,253.40390454101563,0.0763851744137704,0.0768950236320495,0.0377998432959429
1775066262282943500,253.41394360351563,0.0007025953114032,0.0759714790463447,0.0637228411142714
1775066262292982500,253.423982421875,0.0155554426588118,0.0829980166822671,0.093591617416311
1775066262303021300,253.4340212402344,0.0737527800835669,0.0337386034727096,0.0999160894637927
1775066262313061400,253.44406127929688,0.073590282998234,-0.0200777423888444,0.0429416722969617
1775066262323100700,253.4541005859375,0.0006895896993577,-0.0150327339589595,-0.0085034509212244
1775066262333139500,253.46413940429687,-0.0275615222729742,-0.0029974282503128,-0.0310630001884419
1775066262343178500,253.47417846679687,-0.032343788113445,0.0094552260875701,-0.037046951702563
1775066262353217500,253.48421752929687,-0.0214412858270108,0.0281850609987974,-0.0105500264537986
1775066262363256600,253.49425659179687,-0.0398049177743494,0.0295966813623905,0.0087638097573071
1775066262373296400,253.50429638671875,-0.0338008550539612,0.0559942744225263,0.0243089776172768
1775066262383335700,253.51433569335936,-0.014203881919384,0.0512871196448802,0.0549902941449079
1775066262393374500,253.52437451171875,0.0025603520072996,0.0344587344408035,0.0323395137971267
1775066262403413500,253.53441357421875,0.0130301619648933,0.0320259543359279,0.0088411310435272
1775066262413452300,253.5444523925781,0.0126233347296714,0.0046142157971858,0.0289369205457158
1775066262423491600,253.55449169921877,-0.0246259072124958,0.0018324761241674,0.0511084203434176
1775066262433531600,253.5645317382813,-0.0339199513889849,-0.0019359364986419,0.0316938545710407
1775066262443570400,253.5745703125,0.0100303956270217,0.0187350956082344,0.0289518258539028
1775066262453609500,253.584609375,0.0507283167183399,0.0150222125649452,0.0012130655841901
1775066262463648500,253.5946484375,0.0661870210044086,0.0205032743245363,0.0076805810978636
1775066262473687300,253.60468725585935,0.0494997978366911,0.0134457570284605,0.0280455429302528
1775066262483726600,253.6147265625,0.0064344169616699,-0.0017021277427673,0.0417445806000381
1775066262493765600,253.624765625,-0.0449253295280039,0.0146563018620014,0.0218158547604456
1775066262503805400,253.63480541992183,-0.0377742887295782,-0.0064180503487586,-0.0278534178916364
1775066262513844500,253.6448444824219,-0.0209726454019546,0.0083984105110168,-0.0103202454190701
1775066262523883500,253.6548835449219,0.0065406538151204,0.0305342544734478,0.0279249852905049
1775066262533922600,253.6649226074219,0.0202441849969327,0.0341062677413225,0.0251116997017525
1775066262543961600,253.67496166992188,0.0424631771981716,0.0496422750473022,0.0267637229587882
1775066262554000400,253.68500048828125,0.0489325193427503,0.0480821861237287,0.0147150097792968
1775066262564040400,253.69504052734376,0.0610894056044518,0.0347603477358818,-0.0003995207116007
1775066262574079500,253.70507958984376,0.0593720802925527,0.0265676889300346,-0.0203511890353634
1775066262584118500,253.71511840820312,0.0414518081985414,0.0209381586104631,-0.022899010354653
1775066262594157600,253.72515747070312,0.0482720096074044,0.0238455704897642,0.0112747879312373
1775066262604196600,253.73519653320312,0.0323848507761955,0.0303197349399328,0.0236348868811503
1775066262614235400,253.7452353515625,0.016719664132595,0.0239350023388862,0.0175174086478538
1775066262624275500,253.755275390625,0.0252234347142279,0.0213321263641119,0.0107467637354508
1775066262634314500,253.765314453125,0.0122561088524758,0.0031827216893434,0.0068390705061145
1775066262644353300,253.7753532714844,-0.0163664667807519,-0.00214461081326,-0.0138013837994076
1775066262654392600,253.785392578125,-0.0414706590294837,0.0012865326792001,0.0143239463687874
1775066262664431600,253.795431640625,-0.0679343030631542,0.0242629191190004,0.0101885453308001
1775066262674470400,253.8054704589844,-0.0117012514486908,0.0488759668499231,-0.0204128012957982
1775066262684510500,253.81551049804688,0.0305848156169056,0.0680079528212547,-0.0270240361290983
1775066262694549500,253.82554956054688,0.0444783164128661,0.0555073676884174,-0.0097065887664444
1775066262704588300,253.83558837890624,0.0394981899127364,0.0510129788786172,0.0128164278826676
1775066262714627600,253.84562768554687,0.0304626505419611,0.0505237340569496,0.0012306743061169
1775066262724666600,253.85566650390624,0.030009646077454,0.0399836353421211,-0.0265278501099906
1775066262734705400,253.86570532226563,0.0355140887126326,0.0224912332713603,-0.0071944415487349
1775066262744745500,253.8757453613281,0.0159442958459258,0.0277513457566499,0.0282399512575007
1775066262754784500,253.8857844238281,0.0522350680194795,0.0227238729834556,0.0006842376708053
1775066262764823600,253.8958234863281,0.040960955941677,-0.0090256024986505,-0.0421859676919877
1775066262774862600,253.9058625488281,-0.1518579101577401,0.0264537071615457,-0.0512562313162721
1775066262784901400,253.9159013671875,-0.2404432254530489,0.0838964268267154,-0.0142572012755088
1775066262794940400,253.9259404296875,0.0012155132696032,0.0308382058560848,0.013332615510188
1775066262804980500,253.93598046875,0.1697040941022336,0.0028173955082893,0.0539540190328843
1775066262815019500,253.94601953125,0.0983577906385064,0.0156429748117923,0.0400156744481995
1775066262825058600,253.95605859375,0.0661082566797733,0.0754062463790178,-0.0215741914916783
1775066262835097600,253.96609765625,-0.0077989833131432,0.1420464179784059,-0.0301955605709925
1775066262845136400,253.97613647460935,-0.174524353865534,0.1604945133388042,-0.0251783899961039
1775066262855175400,253.98617553710935,-0.0957303647443652,0.1043149454772472,-0.0810083955013193
1775066262865215500,253.99621557617183,0.0846210878394544,0.0316162044912576,-0.0216055182117037
1775066262875254300,254.00625415039065,0.1959199008546769,-0.0327595293074846,0.0281519624467939
1775066262885293600,254.01629345703125,0.1245931788742542,0.003112579062581,-0.0214394043971784
1775066262895332600,254.02633251953125,-0.0304594356715679,0.0575911882251501,-0.1056721139735542
1775066262905371400,254.0363713378906,-0.0604901245370507,0.0669552288979291,-0.0877622536757029
1775066262915410400,254.0464104003906,-0.0239841021776199,0.0296089563220739,-0.0133046497910283
1775066262925450500,254.05645043945316,0.045100393833965,-0.0055751697838306,0.0179881496984511
1775066262935489500,254.06648950195316,0.0585844370462,0.0256932441830635,-0.0619040099229663
1775066262945528600,254.07652856445316,-0.0189629130147397,0.0690577541351318,-0.1606084037757478
1775066262955567600,254.08656762695315,-0.0679248045824468,0.0799310303270816,-0.1233033217268064
1775066262965606400,254.0966064453125,-0.0410112248241901,0.0666904404819011,-0.1072125848812051
1775066262975645400,254.1066455078125,0.0570845538772642,0.0511561867415905,-0.0975362633888609
1775066262985685500,254.116685546875,0.0793767574451863,0.0082072718530893,-0.0489185090837068
1775066262995724500,254.126724609375,0.0399976638674736,0.011447276687622,-0.0308886574016883
1775066263005763600,254.136763671875,0.0105529581964015,0.0213093300104141,-0.0443177372899837
1775066263015802400,254.14680224609376,-0.0133750298798084,0.0530699114084243,-0.0127471985713578
1775066263025841400,254.15684130859376,-0.0230040050990879,0.052639703297615,-0.0321824235392734
1775066263035880400,254.16688037109373,-0.0351718511462211,0.0377922627776861,-0.0414383276624605
1775066263045920300,254.17692016601563,-0.0927601167619228,0.0098608842790126,-0.0571833015440031
1775066263055959600,254.18695947265624,0.0304524214088916,-0.0197141697734594,-0.0274497872604988
1775066263065998600,254.19699853515624,0.0679655749842524,-0.0351490547925233,-0.0115896625666879
1775066263076037400,254.20703735351563,-0.1515489903390407,0.0092336922913789,-0.0380683945716358
1775066263086076400,254.21707641601563,-0.1318330669999122,0.0803173992961645,-0.0902903839138336
1775066263096115700,254.22711572265624,-0.0029085809230804,0.0671586425155401,-0.0888106119511649
1775066263106155500,254.2371555175781,0.0562311519183218,0.0303612359941005,-0.0347732072174549
1775066263116194600,254.2471945800781,0.056953474843502,0.0338327114969491,-0.0022574966032058
1775066263126233600,254.2572336425781,0.054879591178894,0.0301654211610555,-0.0213129102069884
1775066263136272400,254.2672724609375,0.0437102546498179,-0.0069511343121528,-0.0099174550381489
1775066263146311400,254.2773115234375,0.0498069640897214,-0.049517771884799,0.0321101437543518
1775066263156350500,254.2873505859375,0.012839461698383,-0.0371726695746183,0.0859911523499526
1775066263166390500,254.297390625,-0.0194049576938152,-0.0300648833960294,0.0431321259682998
1775066263176429600,254.3074296875,-0.0343897608578205,0.0046054479688405,-0.0349389374394901
1775066263186468600,254.31746850585935,0.0146015029348433,0.0049742812812328,-0.0520596931862644
1775066263196507400,254.32750732421877,0.0705471159100532,0.0101221655637025,-0.0900820201264694
1775066263206546400,254.33754638671877,0.0527308887124061,0.0296440276354551,-0.0550923023478127
1775066263216586500,254.3475864257813,0.049667847879976,0.0489490320861339,0.0146403736405074
1775066263226625500,254.3576254882813,0.0298192380718886,0.0804950939506292,0.0462278452276252
1775066263236664600,254.36766455078129,0.0605260726332664,0.0649327831596136,0.0212541292244568
1775066263246703400,254.37770336914065,0.0508567654035985,0.0430634811788797,0.0427828376065939
1775066263256742000,254.38774194335937,0.0196549869321286,0.025483400824666,0.0378711184338666
1775066263266781000,254.39778100585937,0.0080067808449268,-0.0024544074147939,-0.0325516769767738
1775066263276821000,254.4078210449219,0.0453169591940939,-0.0336246217042207,-0.0302848828222602
1775066263286860000,254.4178601074219,0.073973583227396,-0.0432148723483085,-0.0138147547376342
1775066263296898800,254.42789892578125,0.065124944730848,-0.06700958943367,0.0160765987223945
1775066263306937900,254.4379377441406,0.0131795073077082,-0.0571364301949739,-0.0125156000388786
1775066263316977200,254.44797705078125,0.0239640823028981,-0.0147878192871809,-0.0189045338910073
1775066263327016000,254.45801586914064,0.0388321272194385,-0.0108604167103767,-0.0389170472902245
1775066263337056000,254.46805590820316,0.0358240314446389,-0.004226093262434,-0.0421781497117131
1775066263347095000,254.47809497070315,0.0248247907854616,0.0211363115310668,-0.0385340575883164
1775066263357133800,254.4881337890625,0.0034219372726976,0.0418418304294347,0.0085154610194265
1775066263367172900,254.4981728515625,0.0261995862700045,0.0710837070047855,0.0236640399103984
1775066263377212000,254.5082119140625,0.0341642815388739,0.0699754535019397,0.0219721778333187
1775066263387251000,254.5182509765625,0.0319637027546763,0.0445031585931777,0.039175058905594
1775066263397291000,254.528291015625,-0.02025850578323,0.0148316584289073,0.0054462279082275
1775066263407329800,254.5383298339844,-0.0317863003611564,0.0324140768706798,0.0300643536730669
1775066263417368800,254.5483688964844,-0.0097870883904397,0.0164338329285383,-4.34372829273e-05
1775066263427408000,254.5584079589844,0.0113305184401571,0.0028846155256032,0.0164593144296668
1775066263437447000,254.5684470214844,0.0509350913368165,0.0082347443819046,0.0406387199836783
1775066263447486000,254.57848583984372,0.0464715360566973,0.0176397015869617,0.0484152722693048
1775066263457526000,254.58852612304688,0.0224840728782117,0.0250561153233051,0.0441971065849997
1775066263467564800,254.59856469726563,-0.0232031809329986,0.0053577276408672,0.0586933225144632
1775066263477603800,254.60860375976563,-0.0135422031402587,0.0171031104922294,0.0309777787235565
1775066263487643000,254.61864282226563,0.0050666357398033,0.0121387660831212,0.0177786351336166
1775066263497682000,254.62868188476563,0.0166353468500077,0.0239262345105409,0.0072247088228352
1775066263507722000,254.6387219238281,0.0075075991511344,0.0208873052060604,0.0228518650109879
1775066263517761000,254.6487609863281,-0.0139760645128786,0.0317506445258855,0.0272307011497206
1775066263527799800,254.6587998046875,-0.0214786952279508,0.0156868139535188,0.0031661724133417
1775066263537838800,254.6688388671875,-0.0020282909572124,0.0164437698006629,-0.0192693668817169
1775066263547878000,254.6788779296875,0.0121498719990253,0.0136900871783494,-0.0268054066760465
1775066263557917000,254.6889169921875,0.0053485214211046,-0.0298743292599916,0.0478916319876909
1775066263567957000,254.69895703125,0.0485503881573677,-0.02989595656991,0.0455185644471086
1775066263577996000,254.70899609375,-0.0718074912346899,-0.0236971019297838,-0.0084608264890499
1775066263588034800,254.71903491210935,-0.2393406710386276,0.0440612600445747,-0.0916310396667569
1775066263598073900,254.72907397460935,-0.0474314671300351,0.042348610907793,-0.0580639751023612
1775066263608113000,254.73911279296877,0.0761865831017494,-0.0200783269107341,0.0215805299009196
1775066263618152000,254.74915185546877,-0.0215102594099938,0.0373287369191646,0.0561009679337032
1775066263628192000,254.75919189453128,0.0880126299738884,0.0887736774742603,0.0287746426560915
1775066263638230800,254.76923071289065,0.2497694183334708,0.0464379260480403,0.0356939935904927
1775066263648269800,254.77926977539065,0.0171124628424644,0.0689390961915254,0.097530399903655
1775066263658308900,254.78930883789064,-0.1482253988742828,0.1017488943815231,0.0067456566016189
1775066263668348000,254.7993479003906,-0.1820576719798147,0.0592307721257209,-0.0788992213276214
1775066263678388000,254.80938793945316,-0.0281669408202171,-0.0114496147751808,-0.0854620321756228
1775066263688427000,254.81942700195316,0.1328279232561588,-0.042807460591197,-0.0230637907286174
1775066263698465800,254.8294658203125,0.0591067073546349,-0.016671148815751,0.0201043564011342
1775066263708504800,254.8395048828125,-0.0588451338090002,0.0413964247494935,-0.0235978062737733
1775066263718544100,254.84954418945316,-0.1148131047464907,0.053001522347331,0.0267048323784023
1775066263728583000,254.8595830078125,-0.0040802550509572,-0.0198410110235214,0.0500599342037923
1775066263738623000,254.869623046875,0.1038401675723493,-0.05760989292562,0.0001676299181766
1775066263748662000,254.879662109375,0.0802210993148386,-0.0499152467697858,-0.0575660537838935
1775066263758700800,254.88970068359376,-0.0459340681791305,-0.0488712906748056,-0.054249860174302
1775066263768739800,254.89973974609376,-0.0988109412334859,-0.0191805012881755,-0.0984178685289807
1775066263778779000,254.90977880859376,-0.0523312218703329,0.0677367346644401,-0.138350613934081
1775066263788818000,254.91981787109376,-0.0423285910330712,0.0451233363181352,-0.0106582086691632
1775066263798858000,254.92985791015624,0.0300808116175234,-0.0306844765990972,-0.0064769957280717
1775066263808897000,254.93989697265624,0.0275086230419576,0.0233855517625808,0.0085384035035967
1775066263818935800,254.94993579101563,-0.0822960058927536,0.019379238730669,-0.0593107054941356
1775066263828974800,254.95997485351563,-0.0796213798560202,-0.0051075522720813,-0.0434393104876391
1775066263839014000,254.97001391601563,0.0184954416334629,-0.0424187535345554,-0.010593655532971
1775066263849054000,254.9800539550781,0.0114506376884877,-0.0403729269206523,-0.0288856470162048
1775066263859093000,254.9900930175781,-0.050575171983242,-0.0282785845011472,-0.0321709340308792
1775066263869131800,255.0001318359375,0.0328336174570024,0.0072545011729001,-0.0724957840261049
1775066263879170800,255.0101708984375,0.1783142476677894,0.0168161102443933,-0.0935471206874586
1775066263889210000,255.0202102050781,0.0321555720649659,-0.016260814449191,-0.0305128280929289
1775066263899249000,255.03024877929687,-0.2536686177290976,0.0620066665798425,0.2124084961777552
1775066263909289000,255.0402890625,-0.3041337534666061,0.0881815568000078,0.1291847992471419
1775066263919328000,255.05032788085936,-0.1286918463647365,0.0226730195790529,0.0245682404748164
1775066263929366800,255.06036669921875,-0.0377133523225784,-0.0450958637893199,0.0442241955213248
1775066263939405800,255.07040576171875,-0.0597767155706882,-0.0336965178966522,0.0665221347102895
1775066263949445000,255.08044506835935,-0.0293884454391896,0.0205044433683156,0.0808408751809969
1775066263959485000,255.0904848632813,-0.0623614713668823,0.039198622444272,0.1524790011981502
1775066263969524000,255.1005239257813,-0.0505937305532395,0.0396598102152347,0.1627656548748724
1775066263979563000,255.1105629882813,-0.0078010291397571,0.0433230088979005,0.0839242464154027
1775066263989601800,255.12060180664065,0.0278663504384458,0.0304167655736207,0.0112401915418915
1775066263999640800,255.13064086914065,-0.0296270765006542,0.0127373164981603,-0.0003478818559087
1775066264009680000,255.14067993164065,-0.0961294470645487,-0.0232014273673295,0.0108892409460619
1775066264019720000,255.15071997070316,-0.0720588356472551,-0.0391577059119939,0.0400785470839589
1775066264029759000,255.16075903320316,-0.0444635572351515,-0.0352963543087244,0.0158121390999294
1775066264039798000,255.17079809570316,-0.0558253475964069,-0.0279834009468555,0.0090687292543239
1775066264049836800,255.1808369140625,-0.0821358468949794,-0.0327975232303142,0.0527968483543954
1775066264059875800,255.1908757324219,-0.0585633942581713,-0.0185837044388055,0.0576422608252614
1775066264069916000,255.200916015625,0.0006488192975521,0.0080775079935789,-0.0188730062415823
1775066264079955000,255.2109548339844,0.0457598806560039,-0.0135725982785224,-0.0866603203157894
1775066264089994000,255.2209938964844,0.0402675668500363,0.0173708215177059,-0.0618036182884126
1775066264100032800,255.23103271484376,-0.0263594530068337,0.0051046296626329,-0.0126609085273928
1775066264110071800,255.24107177734376,-0.0625660540282726,-0.005988426759839,0.0117040279276669
1775066264120111000,255.2511110839844,-0.0795629276670515,-0.0067518123477697,0.0451580423053354
1775066264130151000,255.26115087890625,-0.0357924672625958,0.0247340437620878,0.0278506414126604
1775066264140190000,255.27118994140625,0.019691519550234,0.0159001644432544,0.0085078074359335
1775066264150229000,255.28122900390625,0.0188705585561692,0.0384106869369745,0.005532335289102
1775066264160267800,255.29126782226564,-0.0393849387966096,0.0315659356087446,0.0389654164765961
1775066264170306800,255.30130688476564,-0.069268182015419,0.0273503637403249,0.0577746367669664
1775066264180347000,255.31134692382813,-0.0562859508454799,0.0055143795073032,0.0759070355080068
1775066264190386000,255.32138598632807,-0.0441653049409389,-0.0062298343002796,0.0331351394205354
1775066264200425000,255.33142504882807,-0.0036392332851886,-0.0080184712827205,0.0030285175083205
1775066264210464000,255.3414641113281,0.0237187292397022,0.0229185187727212,0.0316308540711179
1775066264220502800,255.35150268554688,0.019752163696289,0.033446927049756,0.0603030409997329
1775066264230542800,255.36154296875,-0.0452735584437847,0.0393055899500846,0.0612954861031845
1775066264240582000,255.37158178710936,-0.1076958200871944,0.0444008672624826,0.0975882493044249
1775066264250621000,255.38162084960936,-0.058714054775238,0.0233551566243171,0.0358387175571173
1775066264260660700,255.39166064453124,-0.0323098858438432,0.0097995094805955,0.0147257321027107
1775066264270699500,255.40169946289063,-0.0586368978857994,-0.0001513911694288,0.0559162772828713
1775066264280738600,255.41173852539063,-0.0438286203324794,0.0003366846084594,0.047801579084061
1775066264290778600,255.42177856445312,0.0079832538388669,0.0001835398733615,0.0167977160711772
1775066264300817700,255.43181762695312,-0.0125413555346429,0.0314151289612054,0.0017597762141376
1775066264310856700,255.44185668945312,-0.0173005327604711,0.0162923786312341,-0.011233798333723
1775066264320895700,255.45189575195312,-0.0093288232289254,0.0234995335310697,-0.0420282198470085
1775066264330934500,255.4619345703125,-0.0394153339348733,0.0136193600296974,-0.0708902119929902
1775066264340974600,255.471974609375,-0.0150971774972975,-0.0222767137378454,-0.0687792111883871
1775066264351013600,255.482013671875,0.0459492657482624,-0.0270534266203641,-0.0414102523454464
1775066264361052400,255.4920524902344,0.1034381626427173,-0.0510498037576675,-0.049247814103309
1775066264371091700,255.502091796875,-0.0246023802064359,-0.0334276378273963,-0.0576073356423526
1775066264381130800,255.512130859375,-0.1909305681347846,0.0474842202305793,-0.059510137056373
1775066264391169500,255.52216943359372,-0.0682137045264244,0.0598790069013834,-0.0360044660454615
1775066264401209600,255.53220971679687,0.0341536140143871,0.0082300682067871,-0.0048057015149854
1775066264411248600,255.54224853515623,0.0040201954267919,0.0390729502379894,-0.0074892415105365
1775066264421287400,255.5522873535156,0.0710017278097569,0.0349187531679868,0.0043800234488211
1775066264431326700,255.56232666015623,0.1354125329218804,0.0105588034152984,0.0592830868348479
1775066264441365800,255.57236572265623,0.0012178513571619,0.0528922167539596,0.1095022849872708
1775066264451405600,255.5824055175781,-0.1386602826714515,0.0519178187638521,0.0194089397491887
1775066264461444600,255.5924445800781,-0.1507014335989952,0.0149520699381828,-0.0236739402499049
1775066264471483600,255.6024836425781,-0.003910743702948,-0.04526362157166,-0.0060969469019211
1775066264481522700,255.6125227050781,0.1181106849871575,-0.0868330648005008,0.0319540216108784
1775066264491561700,255.62256176757813,0.0570879148781299,-0.0584083498269319,0.0730455177302006
1775066264501601800,255.63260180664065,-0.0530208115696907,-0.0080693246871232,0.0291269175593275
1775066264511640600,255.642640625,-0.0471861140668392,0.0078740943759679,0.0294524962518829
1775066264521679600,255.6526796875,0.0309762991525232,-0.023752631509304,0.0867572870173957
1775066264531718700,255.66271875,0.0775379977107048,-0.0249754513025283,0.1000611513571348
1775066264541757700,255.6727578125,0.0175146139025688,0.038014381095767,0.0493991048080381
1775066264551796700,255.68279663085937,-0.0590752893030643,0.0700602091759443,-0.0131216853064019
1775066264561836800,255.6928369140625,-0.0883374780140817,0.073975336793065,-0.0560944285950623
1775066264571875600,255.70287548828125,-0.0449579166233539,0.0443365698546171,-0.0674788052474614
1775066264581914600,255.71291455078125,0.0370085650540888,0.0131032272011041,-0.0684887677412945
1775066264591953400,255.7229533691406,0.0471335070967674,-0.0197533327400684,-0.0193906186412088
1775066264601992700,255.73299267578125,0.0071767597615718,-0.0429559291511774,0.0281476241983938
1775066264612032800,255.74303271484376,-0.0428640130840241,-0.0388695366203784,0.0790061066350434
1775066264622071600,255.75307153320315,-0.0616435323558747,-0.0219745159208774,0.0894412836706731
1775066264632110600,255.76311059570315,0.0154630882002413,0.0133668465733528,0.0857377347113099
1775066264642149600,255.77314965820312,0.023691987363249,0.0323357509374618,0.089724932050798
1775066264652188400,255.7831884765625,-0.0553752657413482,0.0262549697190523,0.0567782826733775
1775066264662228500,255.793228515625,0.0937654944121837,0.0296487038105726,0.0396468776684254
1775066264672267800,255.80326782226564,0.1513667656399309,-0.0049573301464319,0.0327859241240657
1775066264682306600,255.813306640625,-0.1339760703779756,-0.0065571665585041,0.1102170821931213
1775066264692345600,255.823345703125,-0.1688229273535311,0.0162999774158,0.0909441807806026
1775066264702384600,255.8333845214844,-0.095504008642584,0.0128419459164142,0.0649920664656441
1775066264712423700,255.8434235839844,0.0018061726391315,0.0348544557601213,0.0399426274782978
1775066264722463500,255.85346337890624,0.0278185657739639,0.0652870034247636,0.0247062059070914
1775066264732502800,255.86350268554688,0.0353453080169856,0.0647124184072017,0.0159272899121977
1775066264742541600,255.87354150390624,0.0513806431472301,0.045233810955286,0.0770818057752679
1775066264752580600,255.88358056640624,0.0512403578937053,0.0366021762102842,0.1182036148344632
1775066264762619400,255.89361938476563,0.0599355593942105,0.0222737911283969,0.0659300049028824
1775066264772659500,255.9036594238281,0.0345068113662302,-0.0083919807702302,-0.0355293684801552
1775066264782698800,255.91369873046875,-0.0186287126243114,-0.0163654438674449,-0.0858666583206038
1775066264792737800,255.92373779296875,-0.0313477628134191,-0.0327951851427555,-0.0928540786556899
1775066264802776600,255.9337766113281,0.0268410990439355,-0.0363315425753593,-0.0646273704722523
1775066264812815600,255.9438156738281,0.0295801686190068,-0.0101993224531412,-0.0273043509078212
1775066264822855700,255.95385571289063,0.0122327279768884,0.0305552972614765,0.0300051708317361
1775066264832894500,255.96389453125,-0.0298901113510131,0.0564770895034074,0.0415896548998076
1775066264842933800,255.97393383789063,-0.052552025014162,0.0726192460089922,0.048576508979313
1775066264852972500,255.98397265625,-0.04388356539011,0.0645002369612455,0.0432073283626697
1775066264863011600,255.99401147460935,-0.0134685533821582,0.0618038374841213,0.0336881884597241
1775066264873050600,256.0040505371094,-0.0290402165234088,0.0508925673693418,0.0181100407787598
1775066264883090400,256.01409033203123,-0.0325298122048378,0.0096253219574689,0.0081573682967573
1775066264893129500,256.02412939453126,-0.0030592414401471,-0.0096761753618717,-0.0309325422091875
1775066264903168800,256.0341687011719,0.0407622184991836,-0.0008896423161029,-0.0314481453148182
1775066264913207600,256.04420751953126,0.0184824360214173,-0.0044616555839776,-0.0199054180292412
1775066264923246600,256.0542465820312,-0.0517373476304113,0.0266144506812095,-0.0143979249204508
1775066264933286700,256.06428662109374,-0.0434429820157587,0.033984102666378,-0.0179947803686372
1775066264943325400,256.0743254394531,-0.0139816174708306,0.0091378307014703,0.0186915761269163
1775066264953364700,256.08436474609374,-0.0142658412396907,-0.0389572149038314,0.0180017215660773
1775066264963403800,256.09440380859377,-0.0260183844842016,-0.0079471596121788,0.0206672053151298
1775066264973442600,256.1044426269532,-0.0047021863415837,0.0228781867623329,0.0116256654618307
1775066264983482600,256.11448266601565,0.0592472848691046,0.0591430938422679,-0.0329459187250584
1775066264993521700,256.1245217285156,0.0457552044808864,0.0538210220366716,0.0111788898087106
1775066265003560400,256.134560546875,0.0216940915443003,0.015966215416789,0.0287286846225149
1775066265013599700,256.1445998535156,0.0191911688126623,0.017197218516469,0.0247100600983016
1775066265023638800,256.154638671875,-0.0294248319268226,0.0239110369414091,0.0051742060338146
1775066265033678600,256.1646787109375,-0.0673791533984243,-0.0038028994143009,-0.0271694542154669
1775066265043717600,256.17471752929686,-0.0385188234865665,-0.0026765257328748,-0.0158723265882581
1775066265053756700,256.1847565917969,-0.029983634853363,0.0128144733875989,0.0211149216831661
1775066265063795500,256.19479541015625,-0.0219768540084362,0.005460603493452,0.0443836421330459
1775066265073834800,256.2048347167969,0.0223544551491737,-0.0081862290650606,0.0322480909203179
1775066265083874800,256.2148747558594,0.0711794224642217,0.0080313307642936,0.0364714259700849
1775066265093913600,256.2249135742188,0.0729648445762693,0.0095090021014213,0.0234164766238071
1775066265103952600,256.2349526367188,0.0844096370458602,0.0154243636250495,0.0478650910406373
1775066265113991400,256.2449914550781,0.0793630211807787,0.0084270520836114,0.0721310788995586
1775066265124030500,256.2550305175781,0.0709421065770089,-0.0035252515166997,0.0598215593594126
1775066265134070500,256.26507055664064,-0.0101766722299158,-0.0002513444125652,-0.0019718115296214
1775066265144109800,256.2751098632813,-0.2126946561753749,0.0025368250012397,-0.0325132081299088
1775066265154148600,256.28514868164064,-0.2139278512321412,0.0433037196755409,-0.0129432508664205
1775066265164187600,256.2951877441406,0.0251401403449475,0.0182493579179048,0.0690039598549716
1775066265174226400,256.30522631835936,0.1381036717019975,-0.0029582652837038,0.1692453357503749
1775066265184265700,256.315265625,0.0389490315973758,0.0273825124442577,0.1207150770655833
1775066265194305500,256.32530541992185,0.0180139417268335,0.0829179371833801,0.047789431988541
1775066265204344600,256.3353444824219,0.0176034612298011,0.1340051503419876,0.050228258241713
1775066265214383600,256.3453835449219,-0.1335188281297683,0.1638999378681182,0.0376969674433581
1775066265224422700,256.3554226074219,-0.0975228011190891,0.1244552317082881,0.0071692705748602
1775066265234461400,256.36546142578123,0.0094343294300138,0.0369353536874055,0.0181413492324762
1775066265244501500,256.3755014648437,0.1444737912558019,-0.0226513922691345,0.0447407850076444
1775066265254540800,256.3855407714844,0.1346247435450553,-0.0408896442711353,0.0056069531615823
1775066265264579800,256.3955798339844,0.0229155961632728,-0.0168593648642301,0.0121229474594816
1775066265274618600,256.4056186523438,-0.0797476365841925,0.0154237791031599,0.0077283292297273
1775066265284657700,256.41565771484375,-0.0727228525139391,-0.0439893638521432,0.043364071560651
1775066265294697700,256.42569775390626,-0.0144601947680115,-0.0763414814025163,0.0462552081585861
1775066265304736800,256.43573681640623,0.0224922561846673,-0.0664151306718587,-0.0064538157818838
1775066265314775800,256.44577587890626,-0.056073184877634,-0.031246202135086,-0.0565570594044402
1775066265324814800,256.45581494140623,-0.1076829606056213,0.024026772275567,-0.1020564990259706
1775066265334853600,256.465853515625,-0.0889949190095066,0.0827747293204069,-0.1074132037535309
1775066265344893700,256.4758937988281,0.0167674487970769,0.0905535466283559,-0.0773985527073964
1775066265354932700,256.4859326171875,0.0933374782584607,0.0568716417789459,-0.0274296212553046
1775066265364971500,256.4959714355469,0.088130703395605,0.0192787009656429,0.0028059242662042
1775066265375010800,256.5060107421875,0.041380642658472,0.0022854805886745,0.0013361074419692
1775066265385049900,256.5160498046875,0.0356779009722173,-0.0051665889829397,0.0196852907388471
1775066265395089700,256.5260895996093,0.0318223945878446,0.0013607669591903,-0.0082330638814717
1775066265405128700,256.5361286621094,-0.0239293032504618,0.0057107788622379,-0.0487929464752785
1775066265415167700,256.54616772460935,-0.0816543469883501,0.0086824881494045,-0.0408066969617269
1775066265425206800,256.5562067871094,0.1591021821975708,0.0111930096656084,-0.0554163284040987
1775066265435245800,256.5662458496094,0.1922059948980808,-0.0038233576804399,-0.0504120903760194
1775066265445286000,256.57628588867186,-0.1003296752333641,0.0398164620816707,-0.0086210768183693
1775066265455324700,256.5863247070312,-0.0743267805792391,0.0821007755815982,-0.0315231741792522
1775066265465363700,256.59636376953125,0.017383680999279,0.055612581628561,-0.0559359135651029
1775066265475402800,256.6064028320312,0.0327696123100817,0.0280149651288986,-0.0398604473538696
1775066265485441800,256.61644189453125,-0.048238253468275,0.0601578238427639,-0.023346096535027
1775066265495481900,256.62648193359377,-0.0303727803014218,0.0648468584418296,-0.0324066972818225
1775066265505521000,256.63652099609374,0.0430874465763568,0.030121582019329,-0.0017876140691339
1775066265515559700,256.6465595703125,0.0744376936078071,0.0100333182364702,0.009059723963961
1775066265525598700,256.6565986328125,0.045560997083038,0.0002203647524118,-0.0319779322094284
1775066265535637800,256.6666376953125,-0.0234219382502138,0.0040279403418302,-0.0542719624082557
1775066265545677600,256.6766774902344,-0.0420610261380672,0.0087181439846754,-0.0586396012995392
1775066265555716900,256.686716796875,-0.0514344191610813,0.0046370121508836,-0.0610702259799465
1775066265565756000,256.696755859375,-0.040937721196562,0.0145241999149322,-0.0677663808840327
1775066265575794700,256.7067946777344,-0.0158041567228734,0.0560381135642528,-0.0354767706432379
1775066265585833700,256.7168337402344,0.0162779117144644,0.0930371801376342,0.0012072934305295
1775066265595873800,256.72687377929685,0.0241197112560272,0.1225473522603511,0.0199542986722663
1775066265605912600,256.73691259765627,0.0164694887638092,0.1308463940501213,0.0146558634705841
1775066265615952000,256.74695190429685,-0.0294141644023358,0.1041699840486049,-0.0184054252624511
1775066265625990700,256.75699072265627,-0.0760521430671215,0.0588788899481296,-0.0397526213315315
1775066265636029700,256.76702978515624,-0.0822093505226075,0.0041208793222904,-0.041318263213057
1775066265646069800,256.7770698242188,-0.0756172587811946,-0.0247469032436609,-0.0181099129145964
1775066265656108800,256.7871088867187,-0.0446177248835563,-0.0231131645619869,-0.0062935471862554
1775066265666147600,256.79714770507815,0.0135632459282875,-0.0054231940925121,0.0230155311401002
1775066265676187000,256.8071867675781,0.0061281274914741,0.0037812721043825,0.0086363474527373
1775066265686225700,256.8172255859375,0.0052137891255319,0.0317366160005331,-0.0090565273598767
1775066265696265700,256.827265625,-0.0348690688073635,0.0242389537215232,-0.0058424424178898
1775066265706304800,256.8373046875,-0.0146282448112964,0.0121031102478504,-0.0191909130843356
1775066265716343600,256.8473435058594,-0.0026386779405176,0.0364993003576993,-0.0284162942050956
1775066265726382800,256.8573828125,0.0156347915053367,0.0415659360975027,-0.0390814440716989
1775066265736422000,256.867421875,0.0111586690045893,0.0217325238585472,-0.0346548232684843
1775066265746461700,256.8774616699219,0.0107400052011013,0.0240232651442289,-0.0300697970331646
1775066265756500700,256.88750073242187,-0.0076036068715155,0.013217208969593,-0.0276861715659499
1775066265766539800,256.8975397949219,-0.0574725302815437,-0.0117570732891559,-0.0294881064213812
1775066265776578600,256.90757861328126,-0.0347919119179248,0.0001963993549346,-0.0249868677456863
1775066265786617900,256.9176179199219,-0.0266892694830894,0.0126554834336042,-0.00527379395077
1775066265796658000,256.92765795898435,-0.0162425481401383,0.0015840543210506,-0.0195704869864508
1775066265806696700,256.9376967773438,0.0268668180070817,0.0355570510715246,-0.0150791851828806
1775066265816735700,256.94773583984374,-0.0304475991033017,0.0083802903324365,-0.0445818315862677
1775066265826774800,256.9577749023438,-0.0173481712944805,0.0008504793494939,-0.0409320586407557
1775066265836813600,256.9678134765625,-0.0153648885227739,-0.0021399346381425,0.0019339089383371
1775066265846853600,256.977853515625,0.0113362175285816,-0.0015495675295591,0.0077701042785309
1775066265856893000,256.9878928222656,0.0471487046658992,-0.0018634557843208,0.0050749651767313
1775066265866931700,256.997931640625,-0.0571979511238634,0.0060410337299108,-0.0600363528875634
1775066265876970800,257.007970703125,-0.1974377580717206,0.020798457878828,-0.1187878535963594
1775066265887009500,257.0180095214844,-0.0992025708995759,0.0321639015018939,-0.0608048713083378
1775066265897049600,257.0280495605469,-0.0035993396662175,-0.0408709395706653,0.0047219687542878
1775066265907088600,257.03808862304686,0.0112030926682055,-0.0379828169137239,0.0305138692725449
1775066265917128000,257.0481279296875,-0.0008567629598081,0.0019148937106132,0.0201314270711503
1775066265927166700,257.05816674804686,0.0868682822443544,0.0289455239772796,-0.0150842632167972
1775066265937205800,257.0682058105469,-0.0476747743666172,0.0885252556711435,-0.0053020336645655
1775066265947245800,257.0782458496094,-0.1316717389583587,0.0960381155192851,-0.0289335778111591
1775066265957284600,257.0882846679688,-0.0817734433233737,0.0611491729676723,-0.058825643657241
1775066265967324000,257.0983239746094,0.05426686610803,-0.014636428117752,-0.0101671737492084
1775066265977362700,257.1083627929688,0.1451135504640638,-0.0457651413530111,0.0002079071296378
1775066265987401700,257.1184016113281,0.0390916549384594,-0.0095727149873971,-0.030993195488397
1775066265997441800,257.12844189453125,-0.088817955007404,0.026835399955511,-0.0661853953029029
1775066266007480600,257.13848046875,-0.1497732128381729,0.0436427423715591,-0.0843245343119837
1775066266017519600,257.14851953125,-0.098892774298042,0.0368137731343507,-0.0189474414509721
1775066266027559000,257.1585588378906,-0.0021099778912961,-0.0023947861820459,0.0018421572679653
1775066266037597700,257.16859765625,0.0322680925287306,0.0115115740954875,-0.0382679722643457
1775066266047637800,257.1786376953125,-0.0270059342168271,-0.0092757778674364,-0.0808868514808826
1775066266057676800,257.1886767578125,-0.0698784228682518,-0.0161328041553497,-0.1215000534308142
1775066266067715600,257.1987155761719,-0.0499940110944211,-0.0120084177017211,-0.1393857291354797
1775066266077754600,257.20875463867185,-0.0088600366733968,-0.0327788185298442,-0.0911580883927643
1775066266087794000,257.2187939453125,-0.0058697688162326,-0.0161895027786493,-0.0363955294559709
1775066266097833700,257.2288337402344,-0.0102843703880906,-0.0034983635097742,-0.0154171849655918
1775066266107872800,257.2388728027344,0.0104499362133443,0.0181470665872097,0.0279263369973748
1775066266117911800,257.2489118652344,0.0089957918822765,0.0262198984056711,0.0016582703347317
1775066266127950600,257.2589506835937,0.0230136497102677,0.0017056348741054,-0.0006972067502327
1775066266137989600,257.2689897460937,-0.052892362884432,-0.0402425785392522,-0.0294894946608692
1775066266148029700,257.27902978515624,-0.1458789818786084,-0.0285924727559089,-0.0341710583395324
1775066266158068700,257.28906884765627,0.0761317841745913,-0.0080734163403511,0.0151180010896176
1775066266168107800,257.29910766601563,0.105971480512619,0.0077718030452728,0.0176755218190141
1775066266178146800,257.3091467285156,-0.1598550463914871,0.0354950917512178,0.0517652037517167
1775066266188185600,257.319185546875,-0.1037538044631481,0.0545002364724874,0.0494159372118301
1775066266198225700,257.3292255859375,0.044938189009577,0.0297404737472534,-0.0141288987207226
1775066266208264700,257.3392646484375,0.0481238333083689,0.0251724351793527,-0.0411601500418968
1775066266218303700,257.3493037109375,-0.0219568341337144,0.0115390466243028,-0.0186212599702179
1775066266228342800,257.3593427734375,-0.053187984830141,-0.0215589208573102,0.0319435732821002
1775066266238382800,257.3693828125,-0.0366154740832746,-0.0344435368716716,0.0641444457935169
1775066266248421600,257.3794216308594,0.0090998367786407,-0.0247860662102699,0.0938514191299676
1775066266258460000,257.3894599609375,0.0123662912286818,-0.0180061968117952,0.0401936613636091
1775066266268498700,257.3994987792969,-0.0117642336823046,0.0192471367835998,0.0190284707979299
1775066266278537700,257.40953784179686,-0.0041921909928321,0.0310591551303863,0.0238302267901599
1775066266288577800,257.4195778808594,0.0073873337723314,0.0165600896567106,-0.0099004308381117
1775066266298616600,257.42961645507813,0.0111010935984551,0.0242243406742811,-0.0418035990445874
1775066266308655600,257.4396555175781,-0.0080311846338212,0.0148673142641782,-0.0229562387009151
1775066266318695000,257.44969482421874,-0.0336300285317003,0.0027829087167978,0.03217014857959
1775066266328733700,257.4597336425781,-0.0372597633361816,0.0003366846084594,0.081013163007982
1775066266338773800,257.4697736816406,-0.0540717819273471,0.0186035781830549,0.0992250384597107
1775066266348812800,257.47981274414065,-0.0232090261518955,0.0139700731635093,0.0512009939976967
1775066266358851600,257.4898515625,0.062949500387907,0.0266185423344373,0.006257708687894
1775066266368891000,257.49989086914064,0.0311098624043166,-0.0181838914662599,0.037819607442338
1775066266378930000,257.5099299316406,-0.0320505042552948,-0.0347457346886396,0.1139067122249864
1775066266388969700,257.5199697265625,-0.0667674512408673,-0.0137707511991262,0.0668221405701711
1775066266399008800,257.5300087890625,-0.0473952267728745,0.0056949967712163,0.0192148236828856
1775066266409047800,257.5400478515625,-0.0095826518595218,0.0034960254222154,0.0507604288896545
1775066266419086600,257.5500866699219,-0.0001845627866685,-0.0235462952822446,0.0536231248443946
1775066266429126000,257.5601259765625,-0.0457129727743566,0.005764554876089,0.0654431803671643
1775066266439166000,257.570166015625,-0.0433621718645095,0.0662000266164541,-0.012514357929863
1775066266449204700,257.5802048339844,-0.0177456461794674,0.0868669670701026,-0.01773961829748
1775066266459243800,257.5902438964844,-0.0016389993786811,0.0827624543607234,0.0128338356751948
1775066266469282600,257.6002824707031,0.0257562264166772,0.0395142642647027,0.029542448690813
1775066266479321600,257.61032153320315,-0.0006875438727438,-0.0024807108998298,0.0520901613897644
1775066266489361700,257.6203615722656,-0.0195545952975749,-0.0158761990457773,0.0352697220301255
1775066266499401000,257.63040087890624,-0.014544219789654,-0.0148725749611854,0.0147650229334831
1775066266509439700,257.6404396972656,-0.0140950147174298,0.0222030639797449,0.0064683009649626
1775066266519478800,257.65047875976563,-0.0085198449335992,0.0717296036928892,-0.0427297557124868
1775066266529518800,257.6605187988281,-0.000948240635544,0.0629781419605016,-0.034824188486021
1775066266539557600,257.6705576171875,-0.0080126260638237,0.0308364522904157,-0.0123759723724797
1775066266549596700,257.6805966796875,0.0048493397273123,0.0105506201088428,0.0375455397413112
1775066266559635700,257.6906357421875,0.0369501128651201,-0.0088525840193033,0.0837596121719107
1775066266569674800,257.7006748046875,0.068577131011337,-0.0731008920460939,0.1096308432703837
1775066266579714800,257.71071484375,0.071669251807779,-0.0561713845551013,0.0456387384943664
1775066266589753600,257.72075366210936,-0.1568191858269274,-0.0002905073791742,-0.0083061291176825
1775066266599792600,257.7307927246094,-0.1412277950718999,0.0343500133693218,-0.020675416021049
1775066266609832000,257.74083203125,0.0677228522695601,0.0140349550932645,0.0589547864622436
1775066266619870700,257.7508706054688,0.0139537065505981,-0.0018067571610212,0.1188914601013064
1775066266629910800,257.7609108886719,0.00272752526775,0.0474094014286994,0.0885538972437381
1775066266639949800,257.77094970703126,0.1547416489005088,0.0339922859728336,0.0694787377598695
1775066266649988600,257.7809885253906,0.0757271488964557,0.0528232431709766,0.0701103136616759
1775066266660027600,257.79102758789065,-0.1079798977255821,0.0754343034297227,0.0642885304393246
1775066266670067000,257.80106689453123,-0.1785198532424867,0.0647235243231058,0.0297749422724358
1775066266680106800,257.81110668945314,-0.0541631134726107,0.0091810853213071,0.006545366522856
1775066266690145800,257.8211457519531,0.0960872153580188,-0.0479337175637483,0.0265419699668884
1775066266700184800,257.83118481445314,0.0788974494956433,-0.0248147077828645,0.02216497872537
1775066266710223600,257.8412236328125,0.0042569267921149,0.0110953945100307,-0.0059555656698532
1775066266720263700,257.851263671875,-0.0260508254490792,0.0373556249260902,-0.0161815752005204
1775066266730302700,257.861302734375,0.0490410942837595,0.0365168360143899,0.0164601912125013
1775066266740341800,257.871341796875,0.0484007505536079,0.00632218875885,0.0449576426287181
1775066266750380800,257.881380859375,0.0717687666594982,0.0008370353460311,0.026815617542807
1775066266760419800,257.891419921875,0.0503412170968949,0.0098836806327104,-0.006807031400036
1775066266770459600,257.90145971679686,-0.0659001668870449,0.0381114117294549,-0.0155896371893584
1775066266780498700,257.9114987792969,-0.0943454862572252,0.0731172586590051,-0.0442237753962166
1775066266790537700,257.92153784179686,-0.0129775549948215,0.0790951640248298,-0.0601573854513466
1775066266800576800,257.9315766601562,0.0310509718239307,0.0188935010403394,-0.0203243010284379
1775066266810615800,257.94161572265625,-0.0036694822929799,0.0097340430289506,0.0264622192615643
1775066266820655900,257.9516557617188,-0.0297661927103996,0.0143798230081796,0.0470480207704007
1775066266830694700,257.96169458007813,-0.0321462197147309,-0.0075549454241991,0.06550998025937
1775066266840733700,257.9717336425781,-0.0348187999248504,-0.0312877031892538,0.0827594952186569
1775066266850772700,257.98177270507813,0.0004627952061593,-0.040910687059164,0.0332752420109696
1775066266860811800,257.9918117675781,0.0100078915342688,-0.0373924498051404,0.000131371294707
1775066266870851800,258.0018518066406,-0.0009143383659422,-0.0345674555122852,0.0443449358241632
1775066266880891000,258.01189086914064,0.1414203950345516,0.0055015200257301,0.0155560637133195
1775066266890929700,258.0219296875,0.0420130953431129,0.0376958166658878,-0.0161261369525454
1775066266900968700,258.03196875,-0.1028466264903545,0.0600420885086059,-0.0465890797554515
1775066266911007700,258.0420078125,-0.0528644519641995,0.0737847826570272,-0.053972961195372
1775066266921047800,258.0520478515625,0.0218294083617627,0.0388011475592851,-0.0475833149571903
1775066266931086800,258.0620869140625,0.0773334150493145,0.0378822791486978,-0.0250314010071568
1775066266941125600,258.07212573242185,0.0045674540460109,0.060994859188795,-0.0569884365590289
1775066266951164700,258.0821645507813,-0.0017452362321317,0.0416401703774929,-0.0586477298070676
1775066266961204700,258.0922048339844,0.0430415616080164,0.0225251355409622,0.0267360129679553
1775066266971243800,258.1022438964844,0.0706077600561082,0.0145826521039009,0.0598331767319701
1775066266981282800,258.11228271484373,0.0175062844656407,0.0042693478822708,0.0279100617160089
1775066266991321900,258.12232177734376,-0.014377192659676,-0.0096072017788887,-0.0449883665605448
1775066267001360600,258.1323605957031,-0.0114810328267514,-0.0234925192683935,-0.0701778442062437
1775066267011400700,258.14240063476564,-0.0117534200273454,-0.0321709157645702,-0.041060763054341
1775066267021439700,258.1524396972656,0.0099031159855425,0.0121703302651643,-0.0843028704694472
1775066267031478500,258.162478515625,0.0182324067831039,0.0411310518115758,-0.0762772022609599
1775066267041517800,258.1725178222656,0.019499504109472,0.033124270966649,0.0312837941991165
1775066267051556900,258.18255688476563,0.0025939620159566,0.0147796359807252,0.0783470308049582
1775066267061596700,258.1925966796875,0.0262916484676301,0.031011224335432,0.0280892542078159
1775066267071635700,258.2026357421875,0.0088625208914279,0.0586906738996505,0.0232481343195773
1775066267081674800,258.2126748046875,-0.017304332152754,0.0389963778704404,-0.0136825614590197
1775066267091713800,258.2227138671875,0.0034752748951315,0.0238818108469247,0.0089084789250046
1775066267101753600,258.23275366210936,0.0153929455734789,0.0003787701845169,0.0075026307150721
1775066267111793000,258.24279296875,0.0388344653069972,-0.0002022445738315,-0.0166232545534148
1775066267121831700,258.25283178710936,0.0330360081613063,-0.0028366847306489,-0.0111248032676056
1775066267131870700,258.2628706054688,0.0293922448314726,-0.0154594349384307,0.0285148957413621
1775066267141909800,258.27290966796875,0.0062904784463346,0.013090367719531,0.0241369363854639
1775066267151949600,258.2829494628906,-0.0089946228384971,0.0302940159767866,0.042545813980326
1775066267161988600,258.2929885253906,-0.0067209788180887,0.043316579157114,0.0188401086189784
1775066267172028000,258.30302783203126,0.0160055245138704,0.0384802450418472,-0.0289871711619198
1775066267182066700,258.3130666503906,0.0139418699823319,0.0435819520950317,-0.015912841261737
1775066267192105700,258.32310571289065,-0.0039174657046794,0.0406873996973037,0.0157218122016638
1775066267202145800,258.3331457519531,-0.0343885918140411,0.0430278253436088,-0.013506583837606
1775066267212184600,258.3431845703125,0.0079890990577638,0.0226017079085111,-0.0139387099108658
1775066267222224000,258.3532238769531,0.0241080208182334,-0.0151677585154771,-0.0184461956642568
1775066267232263000,258.36326293945314,-0.0419277551472187,-0.0135094699144363,0.0015251820069737
1775066267242302700,258.373302734375,-0.0434416668415069,-0.0084890114039182,-0.0008138919324614
1775066267252341800,258.383341796875,-0.0341489378392696,-0.0033452187746763,0.010029792838823
1775066267262381300,258.39338134765626,0.0088099139213562,0.0114005149364471,0.0464689239745028
1775066267272420400,258.40342041015623,0.0575485181272029,0.0021545476853847,0.0264357331134378
1775066267282459100,258.41345922851565,0.0667253656648099,0.0200631293416023,0.0331610410467721
1775066267292499200,258.4234992675781,0.0736100106120109,0.0204378078728914,0.0695210790642537
1775066267302538500,258.43353857421874,0.1006651907980442,0.0037444472253322,0.0554124011476524
1775066267312577300,258.4435773925781,-0.1279344521261751,-0.0224532393485307,-0.0249333291938528
1775066267322616300,258.4536162109375,-0.2237564406767487,0.0131809686124324,-0.0754894311504438
1775066267332655400,258.4636552734375,-0.0373334130942821,0.0217623344749212,-0.0158916706095449
1775066267342695400,258.4736953125,-0.0031866672120988,-0.0758884769380092,0.0509123497820459
1775066267352734200,258.4837341308594,-0.0439164447464048,-0.0058574938565492,0.0792540443809702
1775066267362773500,258.4937734375,0.0218387607119977,0.043346389773488,0.0122575336245819
1775066267372812300,258.5038122558594,0.1563796253658831,0.0365326181054115,0.0557780926548875
1775066267382852400,258.5138522949219,0.0653472091794014,0.0706534988939762,0.0773017960683442
1775066267392891400,258.52389135742186,-0.0766306736074388,0.1206634382098913,0.0022224800887517
1775066267402930200,258.5339301757812,-0.1050080423079431,0.0876245074391365,-0.0722186841177754
1775066267412969500,258.54396948242186,0.0334662162721157,0.004013327294588,-0.0705189127288758
1775066267423008500,258.5540085449219,0.0494448527790606,-0.0663432344794273,-0.0101035704610869
1775066267433048300,258.56404833984374,-0.0430196420371532,-0.0557645573198795,0.0205045164335519
1775066267443087400,258.57408740234376,-0.1011466907046735,-0.0050023383319377,-0.0231755074747838
1775066267453126400,258.58412646484373,-0.0570399840831756,-0.0169873751580715,-0.0204913646910339
1775066267463165200,258.5941652832031,0.0151275726355612,-0.025973814690113,0.0775250286312773
1775066267473204500,258.60420458984373,0.0531762943923473,0.0041389995008707,0.0939309689058922
1775066267483244500,258.61424462890625,-0.003690671211481,0.0199245976537466,0.0240204338663257
1775066267493283300,258.6242834472656,-0.1176329844728112,0.0404325481534004,0.0009080547556281
1775066267503322400,258.634322265625,-0.1443640472710132,0.0304313786208629,-0.0458614230680279
1775066267513361400,258.644361328125,-0.0701999099075794,0.0135562316656112,-0.044142800848186
1775066267523401200,258.65440112304685,-0.0030032734692096,0.0118330611348152,-0.0126717952475883
1775066267533440300,258.6644401855469,0.0213175133168697,0.0082815061330795,0.0100107045458629
1775066267543479600,258.6744794921875,0.0089722648762166,0.001616787546873,0.0265319052306003
1775066267553518300,258.6845183105469,-0.0170714001797139,0.0016465981632471,0.0396291045497171
1775066267563557400,258.69455737304685,-0.0351133989572525,-0.0002303016245365,0.0285648540966212
1775066267573597400,258.70459741210936,-0.0211539933182299,0.0029687866777181,0.0521249039095826
1775066267583636200,258.7146362304687,-0.0320927359618246,0.0056529111951589,0.036650636728201
1775066267593675300,258.72467529296875,-0.0655060530029237,-0.0064823477566242,0.0185831929821521
1775066267603714600,258.7347145996094,0.1110873622216284,0.0247808055132627,-0.0126483961056917
1775066267613754400,258.74475439453124,0.0437900418877601,0.0191577049344778,0.0036185010244138
1775066267623793400,258.75479345703127,-0.1176594340883195,0.0334416663527488,0.0488611528732813
1775066267633832400,258.76483251953124,-0.0558697712600231,0.025876784056425,0.0237146010538563
1775066267643871200,258.7748713378906,0.0202139359891414,0.0069803604066371,-0.001396367995534
1775066267653910300,258.78491015625,-0.0020331132628023,0.0096311671763658,-0.0405691436124965
1775066267663950300,258.79495043945315,-0.039684506265074,0.0156979198694229,-0.0233289627371355
1775066267673989400,258.8049892578125,-0.0545208408690989,0.0060638300836086,0.0248036566658876
1775066267684028400,258.8150283203125,0.0095509415470063,-0.0105710783749818,0.0623246647541411
1775066267694067500,258.8250673828125,0.0300865107059478,5.55295795202e-05,0.0334743995785713
1775066267704106200,258.83510620117187,0.0292610196672379,-0.0196305831432342,-0.0355210847089998
1775066267714146300,258.8451462402344,0.0416822559535503,-0.0135381114870309,-0.0455313325971364
1775066267724185300,258.8551853027344,0.0288638370431959,-0.0010316811352968,-0.0406037948007695
1775066267734224400,258.8652243652344,-0.0241324246071279,-0.0061678749799728,-0.0246787333782762
1775066267744263400,258.87526342773435,-0.0196796829819679,0.0199970783680677,-0.0224854611176997
1775066267754303500,258.88530346679687,0.0004312310241162,0.0334615400969982,-0.0049662623715586
1775066267764342300,258.89534228515623,-0.0080102879762649,0.0541162055909633,0.0163227555031888
1775066267774381300,258.90538134765626,0.0041068507969379,0.0876508109241724,0.0059620502095669
1775066267784420400,258.91542041015623,-0.018586627048254,0.094712419873476,-0.0101786449912935
1775066267794459400,258.92545947265626,-0.043228900873661,0.0423614703893661,0.0132920095051638
1775066267804499500,258.9354995117188,-0.033467385315895,0.0242722714692354,0.0378747899619862
1775066267814538500,258.94553857421874,-0.0194131410002708,0.0093722239792346,-0.0099144593634642
1775066267824577300,258.9555773925781,-0.0296644859015941,0.0053875382572412,-0.0240262060199864
1775066267834616300,258.9656162109375,0.0077354165576398,-0.0041506899386644,-0.0059518941417336
1775066267844656400,258.97565649414065,0.0204018597766757,-0.0050415012985467,0.0061403659185394
1775066267854695400,258.9856953125,-0.029554595786333,-0.0007592939347028,0.0123697070284746
1775066267864734500,258.995734375,-0.0075787646912038,0.0074281041741371,0.0153298172093927
1775066267874773200,259.0057731933594,0.0183585173808038,-0.0007815057665109,0.038503059661854
1775066267884812300,259.0158122558594,0.0307775617100298,-0.0328320100218057,0.0153352240368723
1775066267894852400,259.0258522949219,0.0037212124802172,-0.0256739549607038,0.0012619462272152
1775066267904891100,259.03589111328125,-0.0675866586692631,-0.0184188692659139,-0.0035764702472835
1775066267914930400,259.0459304199219,-0.0519512826420366,0.0176560681998729,0.0126292712801136
1775066267924969500,259.05596948242186,-0.0380079513549804,0.0419657490700483,0.0146365011829882
1775066267935009500,259.0660095214844,0.0002818856813013,0.0393330624788999,-0.0441852700167335
1775066267945048300,259.07604833984374,0.0221169931314885,0.0646580578714609,-0.0532915548024699
1775066267955087400,259.08608740234376,-0.0022914719380438,0.0773854374974966,-0.0289150740400888
1775066267965126400,259.09612646484373,-0.018097966748476,0.0293184489428997,-0.0349125243565998
1775066267975165400,259.10616552734376,-0.0211972479380667,0.0071907882869243,-0.032511545895785
1775066267985205500,259.1162055664062,0.0168846454359591,0.0035030396848917,-0.0325873510783538
1775066267995244300,259.12624438476564,0.0107775607325136,0.0210807819515466,-0.0607162249105051
1775066268005283300,259.1362834472656,0.0093722239792346,0.0109825817853212,-0.0224889499827288
1775066268015322400,259.146322265625,0.0139316408492624,0.0115273561865091,-0.0208033897822722
1775066268025362200,259.1563620605469,0.042113633108139,0.0234960263997316,0.0103849629520438
1775066268035401500,259.1664013671875,0.0975847604393959,0.0520738861083984,0.0353355538079515
1775066268045440500,259.1764404296875,0.1042366195440292,0.0473071100980043,-0.0108333460403606
1775066268055479300,259.18647924804685,-0.0754606069147586,0.0150520231813192,-0.0569241391511633
1775066268065518300,259.1965183105469,-0.2469932316184043,0.0481131657838821,-0.0292954333934932
1775066268075558400,259.2065583496094,-0.0816401723325252,0.0360550637215375,0.0285077536145225
1775066268085597200,259.2165971679688,0.0564589693248271,-0.019987141495943,0.0709822559243068
1775066268095636500,259.2266364746094,-0.0142870301581919,-0.0137187287509441,0.0609547646404243
1775066268105675500,259.23667553710936,-0.0200727739527821,0.0146633161246776,-0.0002287855208851
1775066268115714300,259.2467143554687,0.0431121426261961,0.0580365939050912,-0.0034810470487922
1775066268125754400,259.25675439453124,-0.0790988172866404,0.1171861174881458,0.0319251973751932
1775066268135793400,259.26679345703127,-0.0893196209192276,0.1501695186793804,0.0222056395293213
1775066268145832200,259.27683227539063,0.0727120388589799,0.1099433067530393,0.0159071421733126
1775066268155871500,259.28687158203127,0.1798445259749889,0.0403916316211223,0.0498862398710101
1775066268165911600,259.2969116210937,0.1138427984096109,-0.0059743982344865,0.0526810399550013
1775066268175950300,259.30695043945315,0.0068562956355512,0.0153963065743446,0.0347246188353747
1775066268185989400,259.3169892578125,-0.1390166948936879,0.03685235157907,-0.0185714294791221
1775066268196028400,259.3270283203125,-0.0787676856361329,-0.004970189628005,0.0071065806021913
1775066268206067200,259.3370671386719,-0.0296237154997885,-0.0194756848424673,0.0871341301063075
1775066268216107300,259.3471071777344,-0.0260192612670361,-0.0424877271175384,0.081358341450151
1775066268226146600,259.357146484375,-0.0882196968533098,-0.0233095639169216,0.0136073225320316
1775066268236185300,259.3671853027344,-0.1119173833049833,0.0161339731991291,-0.0609727021559141
1775066268246224400,259.3772243652344,-0.0818308725990355,0.0601490560144186,-0.070873863646388
1775066268256264000,259.3872639160156,-0.0312394801333546,0.061170215755701,-0.0446424574660137
1775066268266303000,259.3973029785156,0.0462134696424007,0.0509679706931114,-0.0338041977885179
1775066268276342000,259.4073420410156,0.0595733019530773,0.0381949983596801,0.037100481121242
1775066268286381000,259.41738110351565,0.0110170685768127,0.0159019180089235,0.08992003449779
1775066268296420000,259.4274201660156,-0.0184546712316572,0.0289870250314474,0.0408710674348287
1775066268306460200,259.43746020507814,-0.0244854758284986,0.0358311918377876,0.0223337411547079
1775066268316499000,259.4474990234375,-0.0290577521800994,0.0266226339876651,0.0109961901855655
1775066268326538000,259.4575380859375,-0.0872587428666651,0.0117354459792375,-0.0231337141596712
1775066268336577000,259.4675769042969,-0.0465254582010209,0.0298842661321163,-0.0298041683669202
1775066268346617000,259.4776171875,0.1696739912249147,-0.0068126026242971,-0.0158969313065521
1775066268356656000,259.48765625,-0.0311690452456474,0.0324339506149291,0.0158277933267876
1775066268366695000,259.49769482421874,-0.1883164401136338,0.0788286220431327,0.001445577432122
1775066268376734000,259.5077338867188,-0.08339826804623,0.0640782121568918,-0.0640165450975298
1775066268386773000,259.51777294921874,0.0074456398308277,0.0313724588632583,0.0022518888463266
1775066268396812800,259.52781274414065,-0.0127821785531938,0.0325122765481472,0.0129147554242983
1775066268406852000,259.5378520507812,-0.0267465526282787,0.0269984815627336,0.0362912653638981
1775066268416891100,259.54789111328125,-0.0100282036699354,4.20855760574e-05,0.1022226676394231
1775066268426930000,259.5579299316406,0.0335690921247005,0.0081885671526193,0.0777024127584882
1775066268436970000,259.56796997070313,0.0283913972258567,-0.0188742118179798,0.0431176225189119
1775066268447009000,259.5780090332031,0.0195662857353687,-0.0366138666480779,-0.0070966071974486
1775066268457048000,259.5880480957032,-0.008442834174633,-0.0229354699075222,-0.0771070954801514
1775066268467087000,259.5980871582031,-0.0093267774023115,0.0242465525060892,-0.1033430134388618
1775066268477126100,259.6081262207031,0.0273357506930828,0.0407867684185504,-0.0861275286133401
1775066268487166000,259.618166015625,0.0139724112510681,0.0235036251842975,-0.0802708202080801
1775066268497205000,259.628205078125,-0.0117348614573478,0.0177308870017528,-0.0570410800617188
1775066268507244000,259.638244140625,-0.02863236637488,0.0347036491125822,-0.0197310661093331
1775066268517283000,259.6482829589844,-0.0434137559212744,0.0431628499001264,0.0095032482140697
1775066268527323000,259.65832299804686,-0.090641955564171,0.0322083251655101,0.0274007239543832
1775066268537362200,259.6683620605469,-0.0425847577512264,0.0230395148038864,-0.0100535938395187
1775066268547401000,259.67840087890625,-0.043343613294512,0.0157855981528759,-0.0366928867010399
1775066268557440000,259.6884399414063,-0.053667292779684,-0.001840659430623,-0.0748696187516674
1775066268567479000,259.69847900390624,-0.0066669105432927,-0.0029483284115791,-0.0778672661976888
1775066268577518800,259.7085187988281,0.0334064489088952,0.0354056599020957,-0.0575247171265073
1775066268587558100,259.7185581054688,0.0531762943923473,0.0322562559604644,-0.064746485073585
1775066268597597200,259.7285971679688,0.0133485802643001,0.0043137715458869,-0.0365786492042243
1775066268607636000,259.7386359863281,-0.0197205995142459,-0.0363204366594553,0.0044538924026302
1775066268617676000,259.74867602539064,-0.0332791692674159,-0.012357377269864,0.0514181073470972
1775066268627715000,259.7587150878906,-0.0379085826337337,0.0073538698941469,-0.0017271343198604
1775066268637753900,259.76875390625,-0.0723639560736715,-0.0129793085604906,-0.0253991566073149
1775066268647793200,259.7787932128906,-0.0885864843390882,0.0001227495968341,0.0113744123808108
1775066268657833200,259.7888332519531,-0.0571732550740241,0.0116927758812904,-0.0341406814675778
1775066268667872000,259.7988720703125,0.0147882576785981,0.0504331331640481,-0.0548036398658528
1775066268677911000,259.8089111328125,0.0807281720541417,0.0447018960356712,-0.0193386692582629
1775066268687950000,259.8189501953125,0.0871909383274614,0.0341781639337539,-0.0223333027632907
1775066268697988900,259.82898876953124,0.0518063212133944,0.0136222826391458,-0.0630393706284463
1775066268708029000,259.8390288085937,0.0205845228672027,0.0204740482300519,-0.0517810954405926
1775066268718068200,259.8490681152344,-0.0600900193035602,0.0199567463576793,-0.0133041748669929
1775066268728107000,259.8591069335937,-0.1036228715598583,0.0120171855300664,0.0213535710109397
1775066268738146000,259.8691459960938,-0.090259678248316,-0.0037748423635959,0.0194299460045993
1775066268748186000,259.87918603515624,-0.0552922636330127,-0.0041056817531585,0.0207848494785837
1775066268758225000,259.8892248535156,-0.0063666124224662,0.0250274737507104,-0.0070836929169483
1775066268768264000,259.8992639160156,0.0321229849696159,0.0282265620529651,-0.0159382496976293
1775066268778303200,259.90930322265626,0.0058148237586021,0.0286105929344892,-0.0142437207394279
1775066268788342000,259.9193420410156,0.0220760765992105,0.0260147312223911,-0.0058706455990672
1775066268798382000,259.92938208007814,0.0519290708102285,0.016044541350007,-0.0138054389200173
1775066268808421000,259.9394211425781,0.089808427349478,0.0154658646792173,0.0453133241985924
1775066268818460000,259.9494599609375,0.0844645821034908,-0.0164946232050657,0.0437916127903386
1775066268828499200,259.9594992675781,-0.0980756126962602,-0.0264765035152435,-0.0154947802464477
1775066268838539000,259.9695390625,-0.2371851004399359,0.0326817878961563,-0.0234463420391082
1775066268848578000,259.979578125,-0.0559120029665529,0.0054062429577112,0.0287926532368175
1775066268858617000,259.9896171875,-0.0367430459856987,-0.0243266320049762,0.11091533012297
1775066268868655900,259.9996557617188,-0.0555110209502279,0.0272100784868001,0.0978257843873463
1775066268878695000,260.00969482421874,0.0853762901209294,0.052844870480895,0.0163328202394768
1775066268888735000,260.01973486328126,0.1478967514418065,0.0827086783468723,0.0378233520356938
1775066268898774300,260.0297741699219,-0.0152454999268054,0.1071527992516756,0.0632508214220404
1775066268908813000,260.03981298828126,-0.1760579931735992,0.1061380692511796,0.0072932988133281
1775066268918852000,260.0498520507812,-0.149978087760508,0.0483364531457424,-0.0348646300942637
1775066268928892200,260.05989208984374,0.0367499141179025,-0.0362386035948991,-0.0255403369099833
1775066268938931000,260.0699309082031,0.1388600430272519,-0.0710866296142339,0.0012269114464521
1775066268948970000,260.07996997070313,0.0190275026835501,-0.0438432333797216,0.0266127701807767
1775066268959009000,260.0900090332031,-0.0776817900955677,-0.0054430678367614,-0.0085131046655587
1775066268969049000,260.1000490722656,-0.0333329452812671,-0.001273673197627,0.0357351841174066
1775066268979088100,260.11008813476565,0.0151088679350912,-0.006525602376461,0.103920484533254
1775066268989127000,260.120126953125,0.0713397275924682,-0.0086140990883111,0.0551713041344657
1775066268999166000,260.130166015625,0.005828998414427,-0.0190986682236194,0.0049357211028225
1775066269009205000,260.140205078125,-0.1158757655419409,-0.0098965401142835,-0.0097785032251849
1775066269019245000,260.1502451171875,-0.1397336109913885,0.000900748232007,-0.0715319256963208
1775066269029284000,260.1602841796875,-0.0455178885936737,0.0188069918006658,-0.0782254685182124
1775066269039323100,260.1703232421875,0.0058292906753718,0.0330997210472822,-0.0700430753780528
1775066269049362000,260.1803618164063,0.0307271466970443,0.0362777665615081,-0.0263090927927754
1775066269059402000,260.1904020996094,0.0351367798328399,0.025964462339878,-0.0129286378191784
1775066269069441000,260.2004409179688,-0.004948708448559,0.0081353756606578,0.0286990018703043
1775066269079479800,260.2104797363281,-0.0245898129858076,-0.0331681101083755,0.0328162096644751
1775066269089519000,260.2205190429688,-0.0438401646398007,-0.0590203442454338,0.0694798154721036
1775066269099558100,260.2305581054688,-0.0483013818323612,-0.0808382082998752,0.0856716928709298
1775066269109598000,260.24059790039064,-0.099887776684761,-0.0991401731878519,0.0885357587988488
1775066269119637000,260.2506369628906,-0.0376969857096672,-0.0422615171462297,0.0756509783877059
1775066269129676000,260.26067602539064,0.0438578464269638,0.0203717568993568,0.0127041814135387
1775066269139715000,260.2707150878906,-0.1108580835103988,0.0713110860198736,0.0337214514085091
1775066269149755000,260.2807548828125,-0.1005167222380638,0.0453407784610986,0.0208153176820836
1775066269159794200,260.29079418945315,-0.0412331970117986,0.0096200612604618,0.0048954804239794
1775066269169833000,260.3008330078125,0.0123579617917537,0.0086614453613758,-0.0125319666517898
1775066269179872000,260.3108720703125,-0.0095746146835386,-0.0036637832045555,-0.0159856507696211
1775066269189912000,260.320912109375,-0.0756326024807989,-0.0058949032574892,0.0288175502160564
1775066269199950800,260.3309509277344,-0.0717884942732751,-0.007288403442502,0.0951218226582743
1775066269209990100,260.340990234375,-0.0338204365372657,0.0067547349572181,0.0629148857322521
1775066269220029200,260.351029296875,0.0354231955587863,0.002661328163743,0.0169454722451046
1775066269230068000,260.3610678710937,0.0476245054841041,0.0288636909127235,-8.94866480492e-05
1775066269240108000,260.37110791015624,0.0355200800620019,0.0121703302651643,-0.0350995530949905
1775066269250147000,260.38114697265627,0.0117407066762447,0.0221416891813278,-0.0746466784496791
1775066269260185900,260.39118579101563,0.006386632297188,0.0469821159273386,-0.0633710685345344
1775066269270225000,260.4012248535156,-0.0074864102326333,0.0404261184126138,-0.0478847638554871
1775066269280265000,260.4112648925781,-0.033034839117527,0.0308767843008041,-0.0252676574484445
1775066269290304000,260.42130395507814,-0.0778456023551523,0.0189133747845888,-0.0051173795463517
1775066269300342800,260.4313427734375,-0.0646891836620867,0.0296487038105726,0.0163318703914061
1775066269310381800,260.4413818359375,-0.0638427959658205,0.0560609099179506,0.0115522166331298
1775066269320422000,260.451421875,-0.0356757090151309,0.0493956068098545,-0.023570352011267
1775066269330460700,260.46146069335936,-0.0063970075607299,0.0285322670012712,-0.0582394230008125
1775066269340500000,260.4715,0.0083327979288995,0.0090437226772308,-0.0384781626826152
1775066269350539000,260.4815390625,0.0053470601163804,-0.0157177936136722,-0.0582362994619645
1775066269360577800,260.4915778808594,0.0034124387919902,-0.0215992528676986,-0.0506112662099301
1775066269370617900,260.5016179199219,-0.0014203881919384,-0.0200789114326238,-0.0468116181986406
1775066269380657000,260.51165698242187,-0.0680484309621155,0.0049286885738372,-0.0398643563440069
1775066269390696000,260.5216960449219,-0.0967968249320983,0.0009843348622322,-0.0272300618289038
1775066269400735000,260.53173486328126,-0.0149846570335328,-0.024036124625802,-0.0613342472109943
1775066269410775000,260.5417751464844,0.0051169046223163,0.0187701669216156,-0.0373945869632996
1775066269420813800,260.55181372070314,-0.0062755731381475,0.0547001429587602,-0.0347506483257748
1775066269430852900,260.5618527832031,-0.0050385786890983,0.0730044459342956,-0.0480818025312386
1775066269440892000,260.57189184570314,0.0216354932248592,0.0550227990418672,-0.0521436816752888
1775066269450931000,260.5819309082031,0.0105671328522264,0.04127250610888,-0.0502612654621712
1775066269460970800,260.591970703125,-0.0337291049920022,0.0444599039733409,-0.0886371916130185
1775066269471010000,260.60201000976565,-0.0344694019652903,0.0165811324447393,-0.0831215334640815
1775066269481048800,260.612048828125,-0.0275404794849455,-0.0071545479297637,-0.0516319692934863
1775066269491088000,260.622087890625,-0.0136975398324429,-0.0235749368548393,-0.0226835592393763
1775066269501128000,260.6321279296875,-0.0198420339368283,-0.0010977321088314,-0.013712810466811
1775066269511166700,260.64216674804686,-0.0039104514420032,0.0039157121390104,-0.0084180285269394
1775066269521206000,260.6522060546875,0.0017196633994579,-0.0231178407371044,-0.0010488879984244
1775066269531244800,260.66224487304686,-0.0258674317061901,0.0076040452629327,-0.0015587372167035
1775066269541284900,260.6722849121094,-0.0025249884329736,0.0572919130176305,0.0008582242645323
1775066269551324000,260.6823239746094,0.0213632521547377,0.059870239073038,-0.0216592576929368
1775066269561363000,260.6923630371094,0.000355243178457,0.0326046310067176,-0.0372486574202775
1775066269571401700,260.7024016113281,-0.0023636603914201,-0.0049058922201395,-0.0346751171378418
1775066269581441000,260.7124409179688,0.006727993080765,-0.0072772975265979,-0.0246670246741734
1775066269591481000,260.7224812011719,-0.0274454946778714,0.028202596655488,-0.0276572925313375
1775066269601519900,260.73251977539064,-0.0500046786189079,0.0533189177334308,-0.0436697765089571
1775066269611559000,260.7425588378906,-0.0264332488954067,0.0172656075775623,-0.036565369597543
1775066269621597700,260.75259765625,0.011276742426306,-0.0080243165016174,-0.0680587148941122
1775066269631637800,260.7626376953125,0.0449427190542221,-0.0220206931501626,-0.0480659108423627
1775066269641676800,260.7726767578125,0.0004841302551329,-0.0164992993801832,0.0255771983216516
1775066269651715800,260.7827158203125,0.029905308920145,-0.0308177475899457,0.0657215589171275
1775066269661755000,260.7927548828125,0.0284065947949886,-0.0433943205684423,-0.0236117069349624
1775066269671795000,260.802794921875,-0.147135850071907,-0.0032031799554824,-0.0446329955179244
1775066269681834000,260.812833984375,-0.0503355180084705,0.0395300463557243,-0.0290441255135461
1775066269691872800,260.8228728027344,0.0404268490649759,0.0285147313445806,0.0167878522642888
1775066269701911800,260.8329118652344,-0.0649064796745777,0.0465220972001552,0.0702266883166506
1775066269711950800,260.8429509277344,0.0473415968894958,0.0742097300708293,0.0858814631640911
1775066269721991000,260.8529909667969,0.2428431262016296,0.0583195024996995,0.1028860999842174
1775066269732030000,260.86303002929685,0.1474666894614696,0.0912462050676345,0.0933814269980415
1775066269742068700,260.87306884765627,-0.0942494785368442,0.1215267770409583,0.0782976935042068
1775066269752107800,260.88310766601563,-0.1993967831850051,0.0874777924448251,0.0287583308421075
1775066269762147800,260.8931479492188,-0.0496492893099784,-0.0147480717986822,0.0424215300135314
1775066269772187000,260.9031867675781,0.0976196856223046,-0.1041430960416793,0.0852771771280094
1775066269782226000,260.91322583007815,0.070834700679779,-0.0892500628143549,0.1045494118202477
1775066269792265000,260.9232648925781,-0.0349016559027135,-0.0437695836216211,0.0582264539213851
1775066269802305000,260.93330493164063,-0.0526361961662769,-0.0136655372589826,0.095593056899216
1775066269812343800,260.94334375,0.0004361994601786,0.0032546178817749,0.1461662926536984
1775066269822382800,260.9533828125,0.0723743313372135,0.0175672208726406,0.146017824093718
1775066269832422000,260.963421875,0.0811048964120447,0.039970775860548,0.0731235422693192
1775066269842462000,260.9734619140625,-0.0299580620206892,0.0505973838150501,0.0059532458486035
1775066269852501000,260.9835009765625,-0.1511048998333513,0.0662923810750246,0.0159078728256747
1775066269862539800,260.9935397949219,-0.1353111183740198,0.0603103840559721,0.0255236232372
1775066269872578800,261.00357885742187,-0.0135189683951437,0.0334124402582645,0.0318605894400738
1775066269882617900,261.0136179199219,0.0347533334732055,0.0205319158971309,0.1540455381288193
1775066269892657700,261.0236577148437,0.0582018674694001,0.0405073669552803,0.0801625009953975
1775066269902697000,261.0336970214844,0.1162694410346448,0.0692424630522727,-0.0846155896804295
1775066269912736000,261.0437360839844,0.0613606237612664,0.0301373641103506,0.0473341259690932
1775066269922774800,261.0537749023438,-0.001409866797924,-0.0399555782914161,0.0393197828722186
1775066269932814800,261.06381494140624,0.0386228683829307,-0.0715431412100792,-0.0160717033515684
1775066269942854000,261.07385400390626,-0.014301643205434,-0.113808165487647,-0.0049094906830228
1775066269952892700,261.083892578125,-0.0344542043961584,-0.0898053586095571,0.0222558353465981
1775066269962932000,261.09393188476565,0.1216096330188214,-0.033709961900115,0.0194578203922137
1775066269972972000,261.1039719238281,0.0028125732026994,0.0063648588567972,0.0493880628242157
1775066269983010800,261.1140107421875,-0.0792566381968557,0.0268371535211801,0.0420605329477228
1775066269993049900,261.1240498046875,-0.0498749147593975,0.0421440282464027,0.0069132865197956
1775066270003089000,261.1340888671875,0.0147777362845838,0.0447457351773977,-0.0049214185828343
1775066270013127700,261.1441276855469,0.0324601079694926,0.0424579165011644,-0.026781313414406
1775066270023167700,261.1541677246093,-0.0028266017280519,0.0264502000302076,0.0081033365545794
1775066270033207000,261.16420703125,-0.0060964171789586,0.0166483524620532,0.0563910186551511
1775066270043245800,261.1742458496093,0.0411174616776406,0.0222702839970588,0.100018435593415
1775066270053284900,261.1842849121094,0.0472176782488822,0.0170762224853038,0.0939329599335789
1775066270063325000,261.1943249511719,0.0016600421667098,-0.0040332010388374,0.0813268868659622
1775066270073363700,261.20436376953126,-0.0219346223019063,0.0130114572644233,0.0224814973286353
1775066270083402800,261.2144028320312,-0.0278605052195489,0.0096609777927398,-0.0460072430131956
1775066270093442000,261.22444213867186,0.0107869130827486,-0.0120189390957355,-0.0707487028967589
1775066270103481900,261.23448193359377,0.0212216517269611,-0.0037526305317878,-0.0445952573234215
1775066270113521000,261.24452099609374,-0.0007530103243887,0.0217255095958709,-0.0312999598826281
1775066270123560000,261.2545598144531,-0.0160825352728366,0.014116203635931,0.0213095674724318
1775066270133598700,261.2645986328125,-0.0328885625146329,0.0175222126871347,0.0141745644933544
1775066270143638000,261.2746379394531,-0.0747767163038253,0.0323445187658071,0.0219483220336958
1775066270153677800,261.284677734375,-0.1030194988392293,0.0699818832427263,-0.0135236811028793
1775066270163716900,261.294716796875,-0.0703938250444829,0.0660147331774234,-0.0647813371912576
1775066270173756000,261.304755859375,-0.0443162577189505,0.0364373410373926,-0.069877473020181
1775066270183795000,261.314794921875,-0.0603226590156555,0.0074725278377532,-0.0552259203985333
1775066270193834800,261.3248347167969,-0.081503540340811,0.0173982940465211,-0.040757505791448
1775066270203873800,261.33487377929686,-0.0611176087856292,0.0392921459466218,-0.1161034733505919
1775066270213913000,261.3449130859375,-0.0080320614166557,0.0136380647301673,-0.0693795699680224
1775066270223952000,261.35495190429685,-0.0244632639966905,-0.0051776948988437,-0.01365112514114
1775066270233992000,261.36499194335937,-0.033241759866476,-0.0111649526149034,-0.0206981758421286
1775066270244031000,261.3750310058594,0.0072258596003055,-0.0175660518288612,0.041032687737327
1775066270254069800,261.3850698242188,0.0983972458660602,0.0290028071224689,-0.2022392400693148
1775066270264109300,261.395109375,0.1119135839127004,0.05602466956079,-0.0840564396940171
1775066270274149400,261.4051494140625,0.0299637611091136,0.0121457803457975,-0.0164620726423338
1775066270284188200,261.4151882324219,0.0621416911363601,-0.010389876589179,0.0050190154721029
1775066270294227500,261.4252275390625,0.0827813051916658,0.005458849927783,-0.0215755431985482
1775066270304266500,261.4352666015625,0.0101708270110189,0.0287947173297405,-0.0479811917009763
1775066270314305300,261.44530517578124,-0.0315887319624424,0.0280213948696851,-0.0388657920270226
1775066270324345300,261.4553454589844,-0.0330804318249225,0.0360626625061035,-0.0265721093768253
1775066270334384400,261.46538427734373,-0.0323966873444616,0.0220925893425941,-0.0258999274699948
1775066270344423200,261.47542309570315,-0.0066470367990434,0.0083434654533863,-0.0078598466549068
1775066270354462500,261.4854624023437,0.0101169048666954,0.0037754268854856,0.0048262145800516
1775066270364502500,261.49550244140624,-0.0023110534213483,0.0062654901355504,0.0014472396662458
1775066270374541300,261.5055412597656,0.0313761121250689,0.0049468087524175,0.012535163255874
1775066270384580400,261.51558032226563,0.0229917301394045,0.0356722018837928,0.0185871019722893
1775066270394619400,261.5256193847656,-0.0280149651288986,0.0369236632496118,0.0165523082090541
1775066270404659200,261.5356591796875,-0.0083317750155925,0.027889292922616,0.0092860800657421
1775066270414698200,261.5456982421875,-0.0161902334310114,0.0186737208098173,0.010438410172332
1775066270424737500,261.5557375488281,-0.0270398364864289,0.0069593176186084,0.0224428275523707
1775066270434776300,261.5657763671875,-0.0258043033421039,0.0226934778451919,0.0510643802722916
1775066270444816400,261.57581640625,-0.0525438417077064,0.0133610013544559,0.0224756155771203
1775066270454855400,261.58585546875,-0.0513410417892038,0.0093295538812875,0.0146516439531929
1775066270464894200,261.5958942871094,-0.0153939684867858,0.0156301153302192,0.0251148963058367
1775066270474933500,261.60593359375,0.0266438229061663,0.0247229378461837,0.0319963811815716
1775066270484972500,261.61597265625,0.0267360312342643,0.0176923085570335,0.0233023121922276
1775066270495012400,261.6260124511719,0.0268621418319642,0.0062310033440589,-0.0034686807575635
1775066270505051400,261.6360515136719,0.0097730598650872,0.0102063367158174,-0.0225605721805244
1775066270515090400,261.64609033203124,2.92260944843e-05,-0.015859832432866,-0.0359981459025293
1775066270525129200,261.6561291503906,0.0065023676313459,-0.0210877962142229,-0.0094413984916172
1775066270535169300,261.6661691894531,0.051523412618786,-0.0264262346327304,-0.0072686392961069
1775066270545208600,261.6762084960937,0.0829752203285694,-0.034582653081417,-0.0195958223571069
1775066270555247400,261.6862473144531,-0.1515434373810887,-0.036108255213499,-0.036310298857931
1775066270565286400,261.69628637695314,-0.2095617649771273,0.0151473002493381,-0.048209118705336
1775066270575326500,261.7063264160156,-0.0402181747503578,0.0139355863720178,0.009807290928252
1775066270585365200,261.716365234375,-0.0187514622211456,-0.0275420869201421,0.0897027932842262
1775066270595404300,261.726404296875,-0.0566354949355125,0.0110731826782226,0.0725184342493303
1775066270605443600,261.7364436035156,0.0929740517735481,0.0189326640069484,-0.0233477222365327
1775066270615483400,261.7464833984375,0.1479426364101469,0.0735761083424091,0.0182828948613256
1775066270625522400,261.7565224609375,-0.0787760150730609,0.1453968974500894,0.0801850781533867
1775066270635561500,261.7665615234375,-0.1421548467889428,0.1487199043929576,-0.0002777026965282
1775066270645600300,261.7766003417969,0.0046280981920659,0.0827607007950544,-0.04504322028663
1775066270655639300,261.78663940429686,0.119429220239818,-0.0150081840395927,-0.0133123216408304
1775066270665679400,261.7966794433594,0.0506719103559851,-0.0365758727252483,0.0001246675592847
1775066270675718400,261.8067185058593,-0.0492132359802722,-0.0104319621652364,-0.0646609256819821
1775066270685757400,261.8167573242188,-0.0523825136661529,-0.0066565352797508,-0.0800038946338929
1775066270695796200,261.82679614257813,0.003520136950165,-0.0241921919703483,-0.001665978717152
1775066270705836300,261.83683618164065,0.0447496807001531,-0.0396148020297288,0.0601379683648236
1775066270715875300,261.8468752441406,0.014140461294353,-0.0279424844145774,-0.0032560061212629
1775066270725914400,261.85691430664065,-0.1016740755796432,8.59247177839e-05,-0.0453701689523644
1775066270735953400,261.8669533691406,-0.1295968323804438,0.0325187062889337,-0.0685086140860803
1775066270745993500,261.87699340820313,-0.0457445369563996,0.031080197918415,-0.0645833304011263
1775066270756032500,261.8870324707031,0.0285502410493791,0.0145820675820112,-0.0609616327726282
1775066270766071300,261.8970712890625,0.0344658948339521,0.01851940703094,-0.0235563052196055
1775066270776110300,261.9071103515625,0.0136567694306373,0.0394061277151107,0.0073359871775843
1775066270786150400,261.917150390625,-0.0332310923419892,0.0287660757571458,0.0517834517944604
1775066270796189200,261.9271892089844,-0.0181761465512216,0.0457107808172702,0.0489877018623985
1775066270806228500,261.937228515625,-0.0249028244577348,0.0170803141385316,0.037160796473734
1775066270816267300,261.9472673339844,-0.0214694890081882,-0.0292377849221229,0.0103958679385483
1775066270826307300,261.9573073730469,-0.065198740619421,-0.0422995110690593,-0.0121238425086252
1775066270836346400,261.96734643554686,-0.0936687560394406,-0.017775310665369,0.0019295067578554
1775066270846385400,261.9773854980469,0.1193978021882474,0.0029758009403944,0.0041850305996835
1775066270856424400,261.98742456054686,-0.0465920936964452,0.0278366859525442,0.0311684972563758
1775066270866463500,261.9974633789063,-0.1851531537771225,0.0701934801667928,0.052848341079615
1775066270876503600,262.0075036621094,-0.0308288535058498,0.0595236175924539,0.003417900418397
1775066270886542300,262.0175422363281,0.0587666617453098,0.0010398644417524,-0.0412002993891946
1775066270896581400,262.0275812988281,0.0109082013748586,-0.0065010524570941,-0.0323910065223462
1775066270906620200,262.0376201171875,0.0083574939787387,0.0325935250908136,0.0268829288916662
1775066270916660200,262.04766015625,0.016674948208034,0.0631038141667842,0.0901293481332249
1775066270926699500,262.05769946289064,0.0307749313615262,0.0493605354964733,0.1344176401330158
1775066270936738300,262.06773828125,0.05705050547719,0.019576807129383,0.0728110057214275
1775066270946777300,262.07777734375,0.0399378965042531,0.0166080204516649,0.0429951651830226
1775066270956817400,262.0878173828125,0.0014684651173651,0.0094067107707262,-0.011495097884722
1775066270966856400,262.0978564453125,-0.0557271479189395,-0.0271539643853902,-0.0933301534685306
1775066270976895200,262.1078952636719,-0.0643346711359918,-0.0513251135677099,-0.0617124694062396
1775066270986934500,262.1179345703125,-0.0717417325221002,-0.0330804318249225,-0.0147613514053635
1775066270996974600,262.127974609375,-0.0478641594588756,-0.0156353760272264,0.0129313960318453
1775066271007013400,262.1380134277344,-0.0355531055487692,0.0117728553801774,0.0359182855993509
1775066271017052400,262.1480524902344,-0.0210720141232013,0.03569616728127,0.039157030058559
1775066271027091200,262.1580913085937,-8.18330645561e-05,0.0522720390290021,0.0713884986376389
1775066271037131300,262.16813134765624,-0.0068273618020117,0.0512982255607843,0.0662395914418622
1775066271047170300,262.17817041015627,-0.0214577985703945,0.0297071559995412,0.05637503563473
1775066271057209300,262.18820922851563,-0.0395462668381631,0.006133972710371,0.0473573241815902
1775066271067248400,262.1982482910156,-0.0429962611615657,-0.0082592943012714,0.0042522140843793
1775066271077287400,262.20828735351563,-0.0081589026667177,-0.0455751717388629,-0.040721119303815
1775066271087327500,262.21832739257815,-0.0258288532614707,-0.0667570759773254,-0.0240034827315248
1775066271097366300,262.2283662109375,-0.0634672406516969,-0.0142331080138683,-0.0088790153685025
1775066271107405300,262.2384052734375,-0.0705504769109189,0.0193599495083093,-0.0104285828980617
1775066271117444400,262.2484443359375,-0.0313197057627141,0.0142985744655132,-0.0033637773446738
1775066271127484400,262.258484375,-0.0285739141859114,0.0455693265199661,0.0548023794905282
1775066271137523500,262.2685234375,-0.0121405196487903,0.0541039306312799,0.048819797949586
1775066271147562200,262.27856225585936,-0.0168237090289592,0.0228320095330476,0.0041406617349945
1775066271157601300,262.2886013183594,-0.0879801890090107,-0.024397943675518,-0.0358245611676014
1775066271167641300,262.2986413574219,-0.163062902522087,-0.0511556022197008,-0.0352619953813962
1775066271177680100,262.30868017578126,-0.1221722353376448,-0.0417582437992095,-0.0245373521462082
1775066271187719400,262.3187194824219,-0.0642959465608,0.0245762228518724,-0.0229465575571171
1775066271197758500,262.32875854492187,-0.1069134375378489,0.0426186600208282,0.0162197335201315
1775066271207798500,262.3387985839844,-0.0940270679578185,0.0290852247089147,-0.009242368788179
1775066271217837300,262.34883740234375,0.0044879590690135,0.0435036261618137,-0.0461243483205325
1775066271227876400,262.3588764648438,0.0766322810426354,0.0557493597507476,-0.0032076369348913
1775066271237915400,262.36891528320314,0.1073790092229843,0.0688695380866527,-0.0113711609777994
1775066271247955200,262.378955078125,0.0634162411168217,0.0890413884997367,-0.0274144784850999
1775066271257994500,262.3889943847656,-0.0336477103188633,0.0514531238615512,-0.0226945738237351
1775066271268033800,262.39903369140626,-0.1450154969170689,0.0198947870373725,-0.0360658225775696
1775066271278072800,262.40907275390623,-0.1741644345119595,-0.0130535428404808,-0.0318189057228155
1775066271288111600,262.41911157226565,-0.1213821078732609,-0.021326281145215,0.0132279130266979
1775066271298151700,262.4291516113281,-0.0980035703733563,0.025328502523899,0.0343682979446835
1775066271308190700,262.43919067382814,-0.0609247165620326,0.0590109918951988,0.0451440137799829
1775066271318229800,262.4492297363281,-0.0133092711672186,0.1316062725067138,0.0475320414276793
1775066271328268800,262.45926879882813,0.028834757079184,0.1466898598700761,0.0729830195537768
1775066271338308900,262.46930883789065,0.0252899240791797,0.109563367524743,0.0890665960062295
1775066271348347600,262.47934765625,0.0200350722908973,0.0663695379644632,0.0691929613547399
1775066271358386700,262.48938671875,-0.0149637603759765,0.0223994633346796,0.0487684696211479
1775066271368425700,262.49942578125,-0.0303282105073332,-0.0261181915968656,-0.0194123555489815
1775066271378465500,262.50946557617186,-0.0220037420153617,-0.0271598096042871,-0.0387510796061717
1775066271388504800,262.5195048828125,-0.0390597984954714,-0.0542307718813419,-0.0075334094458259
1775066271398544000,262.5295439453125,0.0103168113529682,-0.0154401457160711,-0.0069729990840889
1775066271408582700,262.5395827636719,-0.0570060818135738,-0.0132464350640773,-0.038556415550597
1775066271418622700,262.54962280273435,-0.29320217121616,0.0285655847489833,-0.0599223528527654
1775066271428661800,262.5596618652344,-0.2767209920145571,0.0354150122523307,-0.0230928889589384
1775066271438700800,262.56970068359374,0.0159378661051392,-0.0348415962785482,0.0305470408897846
1775066271448739800,262.57973974609376,0.1195955167174339,-0.1191407586872577,0.0498892355456948
1775066271458780000,262.5897797851562,-0.0353600671947002,-0.0512765982508659,0.0958732255474664
1775066271468818700,262.59981860351564,-0.003230067962408,0.0101110596477985,0.0211606057221069
1775066271478857700,262.6098576660156,-0.1040904890716075,0.0624193390339612,-0.0250299031698144
1775066271488896800,262.61989672851564,-0.2155063525952398,0.0915513254940509,-0.0371873739534057
1775066271498936600,262.6299365234375,-0.1691603426143527,0.0752554397314786,-0.048865902113635
1775066271508975900,262.63997583007813,-0.0405494525313377,0.0475163689345121,-0.0112584395846351
1775066271519015000,262.6500148925781,0.0857457079552114,0.0157493577957153,0.0041149062392301
1775066271529053700,262.6600537109375,0.0824047269642353,0.0540951628029346,0.0085466233426705
1775066271539092700,262.6700927734375,-0.0144051035799086,0.1128676697671413,-0.028515224534925
1775066271549132800,262.6801328125,-0.0143409523025155,0.1155371812373399,-0.0679718951271846
1775066271559171600,262.69017163085937,0.0273017022930085,0.0849514888375997,-0.014996840661671
1775066271569211000,262.7002109375,0.0680251962170004,0.0539110384076833,0.0195577736353501
1775066271579249700,262.71024975585937,0.052805707514286,-0.0031008886247873,0.0060262562858872
1775066271589289700,262.7202897949219,-0.0741840111076831,-0.0367296019822359,0.0051803252473473
1775066271599328800,262.73032885742185,-0.1326569506034255,-0.0454851553678512,-0.0255059962489642
1775066271609367800,262.7403679199219,-0.115926765076816,-0.0551771128207445,-0.0606800028196536
1775066271619406600,262.75040649414063,-0.0477761889144778,-0.0673141253381967,-0.0337670806485228
1775066271629446700,262.76044677734376,0.0147217683136463,-0.0294715936779975,0.0363683491881005
1775066271639486000,262.77048583984373,0.0477452092543244,0.0193558578550815,0.0567267716818489
1775066271649524700,262.78052465820315,0.0035829730533063,0.0318248788058757,0.0990364205524325
1775066271659563800,262.7905637207031,-0.0124874333903193,0.0480552981168031,0.1221289441851899
1775066271669603800,262.80060375976564,0.0247404735028743,0.027803368204832,0.0958612063161097
1775066271679642600,262.810642578125,0.0405760482773184,0.0008750292688608,0.039002825877536
1775066271689681700,262.820681640625,-0.0633973902858793,0.01273790102005,0.0619640330145135
1775066271699720700,262.830720703125,-0.0906678206577897,0.0777379041969776,0.1013906920609995
1775066271709760800,262.8407607421875,0.0870901083014905,0.1299625969529151,0.0909022504681721
1775066271719799800,262.8507998046875,-0.1139902440562844,0.1458393805205821,0.0889401566149666
1775066271729838800,262.8608388671875,-0.1297168054983019,0.1077221235722303,0.0971586622481234
1775066271739877600,262.8708776855469,0.0328933848202228,0.0201268422275781,0.0618264146421104
1775066271749917700,262.8809177246094,0.08822393463701,-0.0290974996685981,0.0436740873578935
1775066271759956700,262.89095678710936,0.0978562708571553,-0.0239566296488046,0.0132245702921412
1775066271769995800,262.9009958496094,0.0732239339038729,-0.0395873295009136,0.0582919569056481
1775066271780034800,262.91103491210936,-0.0201072607442736,-0.0143979431867599,0.1246811128860339
1775066271790073600,262.9210734863281,0.0085097619310021,-0.0267372002780437,0.1534389870704151
1775066271800113700,262.93111376953124,0.0674642013333737,-0.0188747963398694,0.0923952837712131
1775066271810152700,262.9411525878906,0.0439827879808843,-0.0246545487850904,0.0342617688302882
1775066271820191700,262.9511916503906,-0.0170057875975966,-0.0298503638625144,0.0540384824459441
1775066271830230800,262.9612307128906,-0.0502446248546242,-0.0274567467242479,0.0461543781326152
1775066271840270800,262.9712707519531,-0.0337036782898008,-0.0198053551882505,0.0293311257613822
1775066271850310000,262.98130981445314,-0.0164089907482266,0.0193599495083093,0.0282114010164514
1775066271860348700,262.9913486328125,0.0155059044286608,0.0507353309810161,0.0430606499009765
1775066271870387700,263.0013876953125,0.0286167304143309,0.0437789359718561,0.0497688788353465
1775066271880427800,263.011427734375,0.0540470858775079,0.074443538826704,0.0645350890789181
1775066271890466800,263.021466796875,0.0311705065503716,0.0741354957908392,0.0722684415436349
1775066271900505900,263.031505859375,0.0294940977707505,0.0785164873540401,0.0488601847589015
1775066271910544600,263.04154467773435,0.0301413096331059,0.0434971964210271,0.0453925086483359
1775066271920584700,263.05158471679687,-0.0150818337976932,0.019957330879569,0.0501978265708312
1775066271930623700,263.0616237792969,-0.0255576351046562,-0.0102794019520282,0.0247559268003329
1775066271940662500,263.07166259765626,-0.0129585580334067,-0.0431090738862752,-0.0131144609811715
1775066271950701800,263.0817019042969,0.0247882581673562,-0.0424140773594379,-0.0332541261577047
1775066271960741600,263.09174169921874,0.0458648023352026,-0.0609171177774667,-0.0346492703105323
1775066271970781000,263.1017810058594,0.0482180874630808,-0.0400409184873104,-0.0313706504986621
1775066271980819700,263.11181982421874,0.0175415019094943,0.0099357030808925,-0.0174645276831462
1775066271990858800,263.1218586425781,-0.0263932091459631,0.0361316360890865,0.0021203714211471
1775066272000898800,263.13189892578123,0.0054933367192745,0.0156669402092695,-0.0349681452676653
1775066272010937600,263.1419375,0.0139184891067445,0.013286182552576,-0.0662633376436307
1775066272020977000,263.1519768066406,-0.0021615619480609,0.0064233110457658,-0.0565877468036487
1775066272031015700,263.162015625,0.0189575061872601,0.0116962830126285,-0.0523117682511918
1775066272041055700,263.1720556640625,0.0296444660268723,0.0183522337704896,-0.0307529387254267
1775066272051094800,263.1820947265625,0.0477811573505401,0.0094938045322895,-0.0355279345748946
1775066272061133600,263.1921335449219,0.0418982367917895,0.0126174895107746,-0.0402624340171925
1775066272071172600,263.20217260742186,0.0406814083479344,0.0421481198996305,-0.0646839777640067
1775066272081212700,263.2122126464844,0.0414358799770474,0.0240735340267419,-0.0993066157959401
1775066272091252000,263.222251953125,-0.0131739543497562,-0.0036386487632989,-0.0771839053097181
1775066272101290800,263.2322907714844,-0.0361424497440457,-0.0135363579213619,-0.0548393139674328
1775066272111329800,263.2423298339844,0.0082579791270196,0.0022223522245883,-0.0574770420598797
1775066272121368600,263.25236865234376,0.0133574942231178,0.0047919104516506,-0.0383981014500372
1775066272131408600,263.2624086914062,-0.0304408771015703,-0.0098059392213821,-0.0138655533431097
1775066272141447700,263.27244775390625,-0.0216635502755641,0.0293026668518781,-0.0126706079374998
1775066272151486700,263.2824868164063,-0.0027776480197906,0.0465273578971624,-0.0435024205854162
1775066272161525800,263.29252587890625,0.0141622347347438,0.0375642992407083,-0.0224239767214283
1775066272171565800,263.3025659179688,0.0350353652849793,0.0425011711210012,-0.0160399747727438
1775066272181604600,263.3126044921875,0.0576091622732579,0.0433230088979005,-0.0262809261442162
1775066272191643600,263.3226435546875,0.0718751496434211,0.0072387190818786,-0.0408431930472142
1775066272201682700,263.3326826171875,0.0350596229434013,0.0228255797922611,-0.0335111148597672
1775066272211722800,263.34272265625,-0.0017532734081149,0.0164443543225526,-0.0346506220174022
1775066272221761800,263.35276171875,-0.0292050516963005,0.0248328279614448,-0.0340282340690493
1775066272231800800,263.36280078125,-0.0241512754380702,0.0345727162092924,0.003969287223462
1775066272241839600,263.3728395996094,0.0438937945231795,0.0220411514163017,0.0295390876899473
1775066272251879700,263.38287963867185,0.0740890263006091,0.0092991587430238,0.0024959450015798
1775066272261918200,263.3929182128906,-0.0762219466760754,0.0038245267242193,-0.0500376858393661
1775066272271957500,263.40295751953124,-0.1511434782780706,0.0206160870492458,-0.1302525380765087
1775066272281996300,263.4129963378906,0.1057996310770511,-0.0036643677264451,-0.0936138657807372
1775066272292036400,263.4230363769531,0.0970356021240353,-0.0527139375776052,-0.0059114707998
1775066272302075400,263.43307543945315,-0.1253667935952544,0.0303168123304843,0.0172722382477484
1775066272312114400,263.4431145019531,0.0953833048723638,0.0541682280391454,-0.0324750315439887
1775066272322153200,263.4531533203125,0.2323486201941967,0.0539016860574483,0.0085196622705087
1775066272332193300,263.463193359375,-0.008774842607975,0.0930336730062961,0.0617055647414177
1775066272342232600,263.47323266601563,-0.1280433193281293,0.1441454360842704,-0.0034797684071585
1775066272352271400,263.4832712402344,-0.1142740294337272,0.1214852759867906,-0.0089989336874336
1775066272362310400,263.4933103027344,-0.0059115621313452,0.0113455698788166,0.0042111148890107
1775066272372350500,263.5033505859375,0.0512295442387461,-0.0490630138546228,0.0584191817482002
1775066272382389200,263.51338916015624,-0.0093232702709734,-0.019252397480607,0.0378049213298596
1775066272392428300,263.52342822265626,-0.0656745414376258,0.0151163205891847,-0.0373493595820851
1775066272402467300,263.53346728515623,-0.0334969036713242,0.0105664021998643,-0.0048563905226066
1775066272412507400,263.54350732421875,0.0249006325006484,-0.0139215578466653,0.0826946498215198
1775066272422546400,263.5535463867187,0.0606803864121437,-0.012355623704195,0.0335400852259248
1775066272432585500,263.56358544921875,0.0132490654125809,0.0308066416740417,0.0023313655570149
1775066272442624300,263.5736242675781,-0.1018272203147411,0.0603220744937658,0.002170585504733
1775066272452664300,263.5836643066406,-0.1011047512590885,0.0875292303711175,0.0035595373787917
1775066272462703400,263.5937033691406,0.0287735284112393,0.0984820015400648,-0.0011406944677233
1775066272472742400,263.6037424316406,0.0878515941932797,0.0851537334114313,-0.0067383044122252
1775066272482781400,263.61378149414065,0.073858870806545,0.0397328754514455,0.0363578095277771
1775066272492821500,263.6238215332031,0.0253610896192491,0.0110831195503473,0.0539693627324886
1775066272502860300,263.6338603515625,-0.0242737327739596,-0.014947978284955,0.0770326785370707
1775066272512899300,263.6438994140625,-0.0532500902809202,-0.0321142171412706,0.0494658773007802
1775066272522938400,263.6539384765625,-0.0796273712053895,-0.0462456183463335,0.077155291136587
1775066272532978200,263.6639782714844,-0.0548398436903953,-0.0568500144690275,0.0565743667322676
1775066272543017500,263.674017578125,0.0084337740853428,-0.0569692569345235,0.0344851840563118
1775066272553056500,263.6840563964844,-0.046414252911508,-0.0096890348434448,0.025607465595752
1775066272563095300,263.69409521484374,0.0720893769159913,-0.002280804413557,-0.0183441600618883
1775066272573134300,263.70413427734377,-0.0170420279547572,0.0067915598362684,0.0355104811165947
1775066272583174400,263.71417431640623,-0.1320531394913792,0.0334328985244035,0.0565658272327855
1775066272593213400,263.72421337890626,-0.0486848281919956,0.0398959570586681,0.0288594805284868
1775066272603252500,263.7342524414062,-0.0214329563900828,0.0215478149414062,0.0486252434918656
1775066272613291300,263.74429125976565,0.0039317864909768,0.0146411042928695,0.0488670072253327
1775066272623331300,263.7543312988281,0.0217009596765041,0.0131540806055068,0.0212256703149527
1775066272633370400,263.76437036132813,0.0177931385830044,0.0150479315280914,0.0407163335308432
1775066272643409200,263.7744091796875,0.01638867861256,0.0391360786020755,0.1107120169700588
1775066272653448400,263.78444848632813,-0.0052922611892223,0.0188894093871116,0.0766728413818869
1775066272663488500,263.79448852539065,-0.0143900521412491,0.0291436768978834,0.0351002472147345
1775066272673527600,263.8045275878906,0.0163277422055602,-0.0131733698278665,-0.0020710706530138
1775066272683566300,263.81456640625,0.0015365619175136,-0.0323287366747856,-0.0190035007534548
1775066272693605400,263.82460546875,-0.0235503869354724,-0.0329541750967502,0.0257173283115495
1775066272703645400,263.8346455078125,-0.0128407768726348,-0.0065501522958278,0.0437266212627291
1775066272713684200,263.8446843261719,-0.0234311444699764,-0.0091863460183143,0.0305674078243784
1775066272723723500,263.8547236328125,-0.0217360309898853,-0.0147188457041978,0.0450710307421628
1775066272733762300,263.8647622070313,-0.0009539397239685,0.0115150812268257,0.0333673772738315
1775066272743802400,263.87480224609374,0.0087196052893996,0.0102379008978605,0.0514384468822274
1775066272753841400,263.88484130859376,-0.0348527021944522,-0.0140507371842861,0.0578172794654499
1775066272763880200,263.8948801269531,-0.071455755187571,-0.0016612112104892,0.1118505012143868
1775066272773919200,263.90491918945315,-0.0094017423346638,-0.0026069676280021,0.0521743234087247
1775066272783959300,263.9149592285156,0.0346735462352633,0.0037163901746273,-0.0262852826589252
1775066272793998600,263.92499853515625,-0.0180944596171379,0.0208908123373985,-0.0182823012062814
1775066272804037400,263.9350373535156,-0.0115840548098087,0.0143260469943284,0.0129198882571421
1775066272814076400,263.94507641601564,0.0480048831038176,0.0038245267242193,-0.0155884133466519
1775066272824116500,263.9551164550781,0.0818131908118724,0.0162970548063516,-0.0344280561747495
1775066272834155300,263.9651552734375,0.0822583042308688,0.0430471145659685,-0.0139787039945367
1775066272844194300,263.9751943359375,0.0040025136396288,0.0483387912333011,-0.0125644715487491
1775066272854233300,263.9852333984375,-0.0283808758318424,0.0451198291867971,-0.0155481087357271
1775066272864273400,263.9952734375,-0.0222983410477638,0.0271177240282297,-0.0450509286690503
1775066272874312400,264.0053125,-0.0676499331638216,0.0162789346277713,-0.0618136556252371
1775066272884351200,264.01535131835936,-0.0832313870467245,0.0240256032317876,-0.0436322392438538
1775066272894390300,264.0253903808594,-0.0771488522626459,0.0540057309538125,-0.0490446927466429
1775066272904430300,264.03543041992185,-0.0268380303040146,0.0296282455444335,-0.0358406994516495
1775066272914469400,264.0454694824219,0.0127276718869805,0.0067541504353284,-0.0174910868965089
1775066272924508400,264.05550830078124,-0.0078232409715652,-0.0159650463730096,0.0067648818918969
1775066272934547500,264.06554736328127,-0.0049108606562018,0.0216682264506816,0.0303876582101453
1775066272944587500,264.07558740234373,0.0037058687806129,0.0276087224155664,-0.0210121554284356
1775066272954626300,264.08562622070315,0.03419482280761,0.0196072022676467,-0.0369699866093695
1775066272964665300,264.0956652832031,0.0861478590153157,-0.00936228710711,-0.0482761560595594
1775066272974704400,264.10570434570315,0.0911290084287524,-0.0338186829715967,-0.0437645877860952
1775066272984744200,264.115744140625,0.049763855600357,-0.0333171631902456,-0.0520547156170476
1775066272994783500,264.12578344726563,-0.0406596349075436,-0.0149234283655881,-0.0824418989031575
1775066273004822300,264.135822265625,-0.1128966036006808,0.0142675948053598,-0.0555340912985615
1775066273014861300,264.145861328125,-0.1846336599476635,0.0544639961153268,0.0101470534097868
1775066273024901400,264.1559013671875,-0.1779120966076851,0.06460369733572,0.1092136316384654
1775066273034940400,264.1659404296875,-0.1104696687147021,0.0375415028870105,0.1451906068888027
1775066273044979500,264.1759794921875,-0.0462716295704245,0.0121978027939796,0.1502160612348467
1775066273055018500,264.1860185546875,0.0108509182296693,-0.036343233013153,0.0991631065388675
1775066273065057300,264.19605737304687,0.0187663675293326,-0.0703355189859867,0.0903140113845933
1775066273075097300,264.2060974121094,0.0397416432797908,-0.0765536628484725,0.0762441037089563
1775066273085136400,264.21613647460936,0.0980789736971259,-0.0657937839031219,0.0451904741370584
1775066273095175200,264.2261750488281,0.1541464594863355,-0.0482885223507881,0.0035165293541271
1775066273105214500,264.23621435546875,0.1503854995176196,-0.0321615634143352,-0.055358223275002
1775066273115254500,264.24625463867187,-0.0161295892849564,-0.0082779990017414,-0.0875043790576513
1775066273125293300,264.2562932128906,-0.1270060852348804,0.0555792638808488,-0.0861850126879289
1775066273135332400,264.26633227539065,-0.0059103930875658,0.0983721114248037,-0.0459426990101579
1775066273145371400,264.2763713378906,-0.0196209385320544,0.100258948084712,-0.043444306323165
1775066273155411500,264.28641137695314,-0.1932277391612529,0.1565150883138179,-0.0076522774519864
1775066273165450200,264.2964501953125,-0.0362299818970262,0.130037415754795,-0.0357825303904712
1775066273175489500,264.30648950195314,0.0060945174828171,0.0798211402118206,0.0227404222594574
1775066273185528300,264.3165283203125,-0.1892763711869716,0.0771750096172094,0.0908238514697179
1775066273195568400,264.326568359375,-0.290004690349102,0.0393991134524345,0.009915756271407
1775066273205607400,264.336607421875,-0.1297382866777479,-0.0022971710264682,-0.0984410302088595
1775066273215646200,264.34664624023435,0.1057199899695813,-0.0910603271067142,-0.0720846459419466
1775066273225685200,264.3566853027344,0.1415901986435055,-0.140365917545557,-0.0881482938512228
1775066273235725300,264.3667253417969,0.0313829802572727,-0.0741436790972948,-0.0798471879685297
1775066273245764400,264.37676440429686,0.002528933955729,-0.0319826997160911,-0.0480653993857093
1775066273255803400,264.3868034667969,-0.002941021887958,-0.0542120671808719,0.0599474507614038
1775066273265842400,264.39684252929686,0.0362757207348942,-0.0401104765921831,0.0706037414681166
1775066273275882500,264.4068825683594,0.0377963544309139,0.0029927520751953,0.0839702227152884
1775066273285921300,264.41692138671874,-0.0112172673240304,-0.0233779529780149,-0.0332786760770715
1775066273295960300,264.4269602050781,-0.116413671810925,0.0352986923962831,-0.0917520722305402
1775066273305999400,264.43699926757813,-0.092892218708992,0.0460837057828903,-0.0652805919502861
1775066273316039400,264.44703930664065,0.0046495793715119,0.0211252056151628,-0.1723932053220458
1775066273326078500,264.4570783691406,-0.0207855983972549,0.0526437949508428,-0.0770334274557419
1775066273336117200,264.4671171875,-0.0031811142541468,0.0219967277526855,0.0121665126065723
1775066273346156300,264.47715625,-0.044892450171709,-0.0025537761360406,0.0868135563824325
1775066273356196400,264.4871962890625,-0.1144984858393669,0.0002642038941383,0.1291452892206609
1775066273366235100,264.4972351074219,-0.0790399267062544,0.0061421560168266,0.0794715230565518
1775066273376274400,264.5072744140625,-0.0186038704439997,-0.0382417601108551,0.0354973933061584
1775066273386313500,264.5173134765625,0.0127729723334312,-0.0864367589592933,-0.0806570613129995
1775066273396353500,264.527353515625,-0.1014656935259699,-0.0036836569488048,-0.0217779704354703
1775066273406392300,264.5373923339844,0.1275146192789077,-0.0201508076250553,-0.0467899908887222
1775066273416431400,264.5474313964844,0.1691634113542735,0.000667523998022,-0.1211629669635556
1775066273426470400,264.5574704589844,-0.0898024360001087,0.0809253020614385,-0.0708619540128856
1775066273436510200,264.5675102539063,-0.0742471394717693,0.0772545045942068,-0.1268306008038111
1775066273446549500,264.57754956054686,-0.0426817883849144,0.0613467413663864,-0.0837116631106473
1775066273456588300,264.5875883789063,-0.0754268507756292,0.0647773003369569,-0.0590844955228269
1775066273466627300,264.59762744140625,-0.0891466024398803,0.051904959282279,-0.0860712501151487
1775066273476667400,264.6076674804688,0.0071337974026799,0.0360445423275232,-0.1073231508499011
1775066273486706200,264.6177060546875,0.088707041978836,0.0259574480772018,-0.0690170019996352
1775066273496745500,264.6277453613281,0.0813289144262671,0.0346276612669229,-0.0792035015038214
1775066273506784500,264.6377844238281,0.0431821391224861,0.0290706116616725,-0.0858858470782637
1775066273516824300,264.64782421875,0.0117126496255397,-0.0080056118011474,-0.078731317414809
1775066273526863400,264.65786328125,0.0178933840870857,-0.0138245272129774,-0.0908119235699065
1775066273536902400,264.66790234375,-0.0107132633246481,0.0227764799535274,-0.1027254295297898
1775066273546941200,264.6779411621094,0.0061690440237522,0.0320849910467863,-0.1035310650905594
1775066273556981200,264.68798120117185,-0.0207619252607226,0.0285562323987483,-0.0850873536443337
1775066273567020500,264.6980205078125,-0.0612894582211971,0.0159603701978921,-0.0624313125995453
1775066273577059300,264.70805932617185,0.0027016601741313,0.0321972192496061,-0.0675982121097389
1775066273587098400,264.7180983886719,0.0269593185961246,0.0261222832500934,-0.016893477196386
1775066273597138400,264.7281384277344,-0.0124444710314273,0.0296919584304094,0.0099601982013322
1775066273607177200,264.73817724609376,-0.0476385340094566,0.0348480260193347,0.0298744845236185
1775066273617216300,264.7482163085937,0.0007081482693552,0.0500999556869268,0.0084038538711145
1775066273627255600,264.7582556152344,0.0194973121523857,0.035353052932024,-0.0081213654016144
1775066273637294300,264.7682944335937,-0.0097287823319435,-0.0038712884753942,0.0010768628507386
1775066273647334400,264.77833447265624,-0.0488486404515802,0.0155564655721187,-0.0062422279909718
1775066273657373400,264.78837353515627,-0.0018741233088076,0.0284112709701061,-0.0212181263293139
1775066273667412200,264.798412109375,-0.0206023507848382,0.0201361945778131,-0.0223710500909481
1775066273677452300,264.80845239257815,-0.0343584889367222,0.0370960972070694,-0.0314126173437107
1775066273687491300,264.8184912109375,-0.0408818993560969,0.0272825592011213,-0.0205247646371368
1775066273697530400,264.8285302734375,-0.0334780528403818,0.0093564418882131,0.0338505759472027
1775066273707569400,264.8385693359375,-0.0222004336312413,0.0015659341424703,0.0424151276722084
1775066273717609500,264.848609375,-0.0475322971560061,0.0253881237566471,0.0050478579740971
1775066273727648300,264.8586481933594,-0.0225774502500891,0.0442827938407659,0.0027851189401932
1775066273737687300,264.86868725585936,0.0235443955861032,0.0318593655973672,0.0366763922239653
1775066273747726300,264.8787263183594,-0.032615152400732,0.065668696218729,0.055198603133345
1775066273757766100,264.88876611328124,-0.0276174902439117,0.077779989773035,0.0474243067368864
1775066273767805400,264.89880541992187,-0.0039513679742813,0.0740606769889593,0.067704476362653
1775066273777844500,264.9088444824219,-0.0084358199119567,0.0870779794722795,0.0743290547347161
1775066273787883300,264.91888330078126,-0.0205167183279991,0.0965776292234659,0.0450002944603562
1775066273797922300,264.92892236328123,-0.0620490444168448,0.0883908156365156,0.0814267487775534
1775066273807962400,264.93896240234375,-0.0597273234710097,0.0697334614396095,0.080413224353455
1775066273818001200,264.9490012207031,0.00825257229954,0.0677396572738885,0.0821446695222519
1775066273828040400,264.95904052734375,0.0351990314140915,0.0150058459520339,0.0891658733959309
1775066273838079500,264.9690795898438,0.0084391809128224,-0.0039753333717584,0.0618667192530352
1775066273848119300,264.9791193847656,-0.0359621247410774,0.007954173874855,0.0436951849448494
1775066273858158300,264.98915844726565,-0.0527425791501998,0.021482933011651,0.0245940325031988
1775066273868197400,264.999197265625,0.0041994975164532,-0.0063864861667156,0.0088116857533343
1775066273878236400,265.009236328125,0.0098176296591758,0.0023848493099212,0.023642759660352
1775066273888276200,265.0192761230469,-0.0018225392520427,0.0057025955557823,0.0805662777570076
1775066273898315500,265.0293154296875,-0.0024640520259737,0.0022679449319839,0.1075714813214726
1775066273908354300,265.0393542480469,0.0248480255305767,-0.0255330851852893,0.0846076255696825
1775066273918393300,265.04939331054686,-0.0103963063299655,-0.0316483531951904,0.0296361091904807
1775066273928433400,265.0594333496094,-0.1923705378100275,0.0480646504670381,0.0318049959284719
1775066273938472200,265.06947216796874,-0.1671243067421019,0.0607587123453617,0.0416594595998525
1775066273948511500,265.0795114746094,0.0309023571334779,0.0407996279001235,0.0950746407819911
1775066273958550500,265.0895505371094,0.1535828342542052,-0.0201361945778131,0.0520587616045028
1775066273968590300,265.09959033203126,0.0724136404342949,0.028282676154375,0.0208683630435727
1775066273978629400,265.1096293945312,0.1270396952435374,0.0519119735449552,-0.0318933409322053
1775066273988668400,265.11966845703125,-0.1002947500504553,0.0677653762370348,0.0070815648919437
1775066273998707200,265.1297072753906,-0.2621127670779824,0.0728577309399843,0.0424392665996216
1775066274008747300,265.13974731445313,-0.1389106041707098,0.0425450102627277,0.0019763963731937
1775066274018786300,265.1497863769531,0.0436295906290411,-0.0058136547148227,0.0147946782862301
1775066274028825300,265.1598254394532,0.1136471297070384,-0.0106821375340223,0.048367003547633
1775066274038864400,265.1698645019531,-0.0034463410615921,0.0563216066807508,0.0243070048558991
1775066274048904400,265.1799045410156,-0.0950479354381561,0.1306049865096807,-0.0238359806775115
1775066274058943200,265.1899431152344,-0.0331190102696418,0.0703308428108692,-0.014512692140229
1775066274068982300,265.1999821777344,0.0464528313562273,0.0005740004956722,0.0212353697250597
1775066274079021600,265.210021484375,0.0648243543490767,-0.0321031112253665,0.0124952057048212
1775066274089061400,265.2200612792969,0.0259865280412137,-0.0403723423987627,-0.0346353513830341
1775066274099100400,265.23010034179686,-0.0721244482293725,-0.0191109431833028,-0.1052519431995693
1775066274109139500,265.2401394042969,-0.1098155887201428,-0.0270084184348583,-0.1074402287577744
1775066274119178200,265.25017822265625,-0.0692784111484885,-0.0326771117210388,-0.0469385233807843
1775066274129218300,265.2602182617188,-0.0067725628748536,-0.0404758027732372,-0.0439227100904099
1775066274139257300,265.27025732421873,0.0421416901588439,0.0020382278293371,-0.0213482372486963
1775066274149296400,265.2802963867188,0.0259350901149213,0.0051899698585271,0.0005388835165183
1775066274159335400,265.2903354492188,0.017659575331211,0.0113999304145574,0.0576409456510096
1775066274169375500,265.30037548828125,0.0237888718664646,-0.0021270751565694,0.0555063630414195
1775066274179414300,265.3104143066406,0.0187082076013088,-0.0054413142710924,0.0328915855887811
1775066274189453300,265.32045336914064,-0.0234523333884775,-0.0161737206876277,0.0085330788745079
1775066274199492400,265.3304924316406,-0.1593219624280929,-0.0511491724789142,-0.0073327175082638
1775066274209532200,265.3405322265625,0.1137295472934842,0.0021685762107372,-0.0100787191476207
1775066274219571500,265.35057153320315,0.0758265176177024,0.0306786313802003,-0.0286228678941726
1775066274229610500,265.3606105957031,-0.1563059756077826,0.0286497559010982,-0.0261170225530862
1775066274239649300,265.3706491699219,-0.1210500994399189,0.0498684850186109,-0.010796219767211
1775066274249689300,265.380689453125,0.0078707333751022,0.0065589201241731,-0.0062788062748499
1775066274259728400,265.3907282714844,0.0162717742346227,0.0005827683240175,-0.0130782114908564
1775066274269767700,265.400767578125,-0.0103849081531167,-0.0006114098966121,-0.0325433840724639
1775066274279807000,265.41080688476563,0.0183596864245831,0.0044604865401983,-0.0321371048265136
1775066274289846800,265.4208466796875,0.0455164272889494,0.0205582193821668,0.0245212686610873
1775066274299885800,265.4308857421875,0.031039281386137,0.051906712847948,0.0973667977066244
1775066274309924900,265.4409248046875,0.020692074894905,0.0395195249617099,0.0986320136031601
1775066274319963600,265.4509636230469,-0.0117854226008057,0.0320768077403306,0.031593983526295
1775066274330003700,265.46100366210936,-0.0436439114153385,0.0429570981949567,-0.0187947259741369
1775066274340042800,265.4710427246094,-0.0258792682744562,0.0067862991392612,-0.0659609571635723
1775066274350081800,265.48108178710936,-0.0334651933588087,-0.0005786766707897,-0.0484229441191069
1775066274360120800,265.4911208496094,-0.0175872407473623,0.0191980369448661,-0.0493089605728629
1775066274370161000,265.50116088867185,0.0257291922792792,0.0248316589176654,-0.0196049737779423
1775066274380199700,265.51119970703127,0.0123158762156963,0.0181616796344518,0.020792229067441
1775066274390238700,265.52123876953124,0.007760112607479,0.0190320327281951,0.0471367311003152
1775066274400277800,265.53127783203126,-0.0239259422495961,0.0300046776413917,0.0376216280516702
1775066274410317600,265.5413176269531,-0.0220332603707909,0.0036368951976299,0.0181363259974867
1775066274420356900,265.5513569335937,0.0269789000794291,0.0108481417506933,0.0088101970491465
1775066274430396000,265.5613959960937,0.077075056374073,-9.76151555776e-05,0.0144771915685851
1775066274440434700,265.5714345703125,0.0770037447035312,-0.0235632464170455,0.0323320976756513
1775066274450474800,265.5814748535156,0.0459058649979531,-0.0044791912406682,-0.0064685566932894
1775066274460513800,265.591513671875,0.0508171640455722,0.004863806644082,-0.0232514861872885
1775066274470552600,265.6015524902344,0.0131399059496819,-0.0013391396492719,0.0097162242444697
1775066274480592000,265.611591796875,-0.0065440148159861,-0.0183405433326959,-0.0165242237588856
1775066274490632000,265.6216318359375,-0.0144654554650187,-0.0021650690793991,-0.0194133145302068
1775066274500670700,265.6316706542969,-0.0342519598223269,0.0535597407519817,-0.0053733544682618
1775066274510709800,265.64170971679687,-0.0542260957062244,0.0433399600327014,0.0295371423280332
1775066274520748800,265.6517487792969,-0.002618365804851,0.0023369185149669,-0.002393626271421
1775066274530788600,265.66178857421875,0.0215513220727443,0.0148345810383558,-0.0170153317440766
1775066274540827600,265.6718276367188,-0.0109092242881655,0.0163034845471382,-0.0210163566795177
1775066274550867000,265.6818669433593,0.0235620773732662,0.0248795897126197,-0.0326242490226402
1775066274560905700,265.6919057617188,0.0641898558378219,0.0398994641900062,-0.0612082005453761
1775066274570945800,265.70194580078123,0.0456736636772751,0.0432698174059391,-0.0357980019542388
1775066274580984800,265.71198486328126,0.0138604753091931,0.0324824659317731,-0.0048888588869478
1775066274591023600,265.7220236816406,-0.0226595755755901,0.0603787731170654,0.0045109289526473
1775066274601062700,265.73206274414065,0.0223942026376724,0.0441693965941667,-0.0082725282421801
1775066274611102700,265.7421027832031,0.0179381000116467,-0.0124421329438686,-0.0077602770042605
1775066274621141800,265.75214184570314,0.0063292030215263,-0.0193687173366546,-0.0199665827651042
1775066274631180800,265.7621809082031,-0.0056162324465811,-0.0011637830823659,-0.0440651051026303
1775066274641219800,265.7722197265625,-0.0165115743398666,0.0142845459401607,0.0249713870487641
1775066274651259600,265.782259765625,-0.092237554192543,0.0397246921449899,0.0517622080770321
1775066274661298700,265.79229858398435,-0.0668333560839295,0.0309276377052068,-0.0134523694323375
1775066274671337700,265.8023376464844,0.0135164841771125,0.0406382998585701,0.0165359141966793
1775066274681376800,265.8123767089844,0.0982069839909672,0.0154535897195339,0.0498463919178117
1775066274691416800,265.82241674804686,0.0824962046399712,-0.0154845693796873,0.0762012874805368
1775066274701456000,265.8324558105469,-0.1898949414767324,-0.024770868641138,-0.0492342605019919
1775066274711494700,265.84249462890625,-0.1834663697339594,0.0252718039005994,-0.1035278958859387
1775066274721533700,265.8525336914062,0.0882359173357486,-0.009235445857048,0.0050901170800905
1775066274731573800,265.86257373046874,-0.0131225164234638,-0.0042471360504627,0.092709920944646
1775066274741612800,265.8726127929688,-0.1540446065470576,0.0938011502474546,0.0632040596708655
1775066274751651800,265.88265185546874,0.1993357006475329,0.057589434659481,-0.0354970188468229
1775066274761691000,265.8926909179688,0.2195125194966793,0.0470937596082687,0.0467328447408508
1775066274771730700,265.9027307128906,-0.0598421820223331,0.0719178197413683,0.0196458720439113
1775066274781769700,265.91276977539064,-0.1033291493102908,0.0866892724156379,-0.040257739575766
1775066274791808800,265.9228088378906,-0.0572951278880238,0.0330535438179969,-0.0339179877607617
1775066274801847800,265.93284790039064,0.0739233143448829,-0.0480137970626354,-0.0023117292747832
1775066274811887600,265.9428876953125,0.0761155636921525,-0.0723480278521776,0.0439976841559167
1775066274821927000,265.9529270019531,-0.0499370202101767,0.0095610245496034,0.0228068933581002
1775066274831965700,265.9629655761719,-0.0575718990027904,0.0321609788924455,-0.0238041972997598
1775066274842004700,265.97300463867185,0.0248747674070298,0.0017599954098463,0.0235101553897839
1775066274852044800,265.983044921875,0.0512283751949667,-0.0049672670185565,0.0359019189864397
1775066274862083600,265.99308349609373,0.052465369644016,0.0373585475355386,0.0031601171318907
1775066274872123000,266.0031228027344,-0.0132373749747872,0.0764712452620267,-0.0527040372380986
1775066274882162000,266.0131618652344,-0.0980631916061043,0.0416395858556032,-0.0982030567345209
1775066274892201700,266.02320166015625,-0.1009178503848612,0.0528922167539596,-0.0459868669454473
1775066274902240800,266.0332407226563,-0.0399264983274042,0.0572527500510215,-0.0408165790349245
1775066274912279800,266.04327978515624,0.0459165325224399,0.0362666606456041,-0.0137145366330165
1775066274922318600,266.0533186035156,0.0664005176246166,0.0091553663581609,0.0245965989196207
1775066274932358700,266.0633586425781,-0.029208704958111,0.0047013095587491,0.0506894277463667
1775066274942398000,266.0733979492188,-0.06552694966048,-0.0116553664803504,0.0525425904655363
1775066274952436700,266.0834367675781,-0.0218327693626284,-0.0389455244660377,0.0290989153075497
1775066274962475800,266.09347583007815,0.0333016733601689,-0.0576063857942819,0.0298054926743265
1775066274972515800,266.1035158691406,0.0188917474746704,-0.0527361494094133,0.0278674920827616
1775066274982554600,266.1135546875,-0.0725603554286062,-0.0047971711486577,0.0200154725412838
1775066274992593700,266.12359375,0.0402092607915401,0.0251794494420289,0.0269022820461075
1775066275002633000,266.13363305664063,0.0279848622515797,0.0430225646466016,0.0549999387560877
1775066275012672800,266.1436728515625,-0.1916191349208355,0.0909416691631078,0.1007976398049853
1775066275022711800,266.1537119140625,-0.1193139232970774,0.0537695841103792,0.052567606175784
1775066275032750800,266.1637507324219,-3.62403571605e-05,-0.0041121114939451,0.0025009225707966
1775066275042789600,266.17378955078124,0.050869771015644,-0.0232388367682695,-0.0112697829625569
1775066275052829700,266.1838295898437,0.0515586300626397,-0.0005763385832309,-0.012481423774641
1775066275062868700,266.1938686523437,0.0362558469906449,0.005087678527832,0.0238386840912513
1775066275072907800,266.2039077148437,0.023011311622709,0.0272603473693132,0.1039216261775698
1775066275082946800,266.2139467773437,0.0289639364168047,0.0332189635127782,0.1210242160799913
1775066275092987000,266.22398681640624,0.0302463774427771,0.0300140299916267,0.0696333072670735
1775066275103025700,266.2340256347656,-0.0194473355308175,0.0366623819649219,0.0175771303453017
1775066275113064700,266.2440646972656,-0.0135094699144363,0.0159212072312831,-0.0154234777090605
1775066275123103700,266.2541037597656,0.0265174200475215,0.0416208811551332,-0.0399509295157622
1775066275133143600,266.2641435546875,0.0020633622705936,0.0492506453812122,-0.0359714222923852
1775066275143182800,266.27418286132814,-0.0155658179223537,0.0254758020401,-0.0264746494848746
1775066275153222000,266.2842219238281,-0.0432227633938193,0.012355623704195,0.020742133714864
1775066275163260700,266.2942607421875,-0.0430818936184048,-0.0084007485985755,0.0275833870449103
1775066275173300700,266.30430078125,-0.0182666013136506,-0.0297568403601646,0.0496145011243876
1775066275183339800,266.31433984375,-0.0138077222086489,-0.0336655382364988,0.0384255009136162
1775066275193378600,266.3243786621094,-0.0119594639934599,0.0039823476344347,0.0160980159697588
1775066275203417900,266.33441796875,-0.006700958943367,0.0029594343274831,0.0055720736444462
1775066275213458000,266.3444580078125,0.0043523499906063,0.0056371291041374,-0.0070528685204219
1775066275223496700,266.35449658203123,-0.0091942370638251,-0.0014244798451662,0.00369724708274
1775066275233535700,266.36453564453126,-0.0068589259840548,0.0035515550017356,-0.0107426264164503
1775066275243574800,266.37457470703123,0.0163341719463467,0.0349070627301931,0.0139647850670386
1775066275253614600,266.38461450195314,0.0084074706003069,0.0281716169953346,-0.005114557401603
1775066275263654700,266.3946545410156,-0.0096449034407734,0.0438864879995584,0.0460923914128448
1775066275273693400,266.404693359375,0.0033221301600337,0.0566407556325197,0.0622268578023184
1775066275283732700,266.41473266601565,-0.0036990006484091,0.0321726693302392,0.0039974356057122
1775066275293772800,266.4247727050781,-0.0143888830974698,0.0195054954588413,0.0324238219465594
1775066275303811600,266.4348115234375,-0.0225672211170196,0.0324503172278404,-0.0316067151437047
1775066275313850600,266.4448505859375,-0.0398795904457569,0.0096317516982555,-0.0624821020718663
1775066275323889700,266.4548896484375,-0.0258449276134371,-0.016973346632719,-0.0052267582049593
1775066275333929500,266.4649294433594,0.0156023505404591,-0.0055962125718593,0.0245273148093838
1775066275343968500,266.4749685058593,0.0202338097333908,-0.0339005160361528,0.0068782334727235
1775066275354007800,266.4850078125,0.0069920508444309,-0.0196539640188217,-0.0029630693229846
1775066275364046600,266.4950466308593,-0.0138835639238357,-0.0312643223136663,-0.0244045469462405
1775066275374086700,266.50508666992187,-0.0348071094870567,-0.0339618908345699,-0.0101963724442292
1775066275384125700,266.5151257324219,-0.0438486402072012,-0.023538111975789,0.0095838026369921
1775066275394164500,266.52516455078126,-0.0192003750324249,0.0280395150482654,0.0161033131993841
1775066275404203800,266.5352038574219,0.0043032501518726,0.0407844303309917,0.0215275941372849
1775066275414243600,266.54524365234374,0.0024959084689617,0.0514607226461172,0.0343316922613419
1775066275424282600,266.55528271484377,-0.025509412048757,0.0551303510695695,0.0141251541273668
1775066275434321700,266.56532177734374,-0.0516930700972676,0.0651537324339151,-0.0182562534495722
1775066275444360700,266.5753605957031,-0.0411225762441754,0.0334784912317991,-0.0273523639011662
1775066275454400500,266.585400390625,-0.0351344417452812,-0.0149421330660581,-0.0089083601939957
1775066275464439600,266.595439453125,-0.0249260592028498,-0.0199310273945331,0.0500682362412568
1775066275474478800,266.6054787597656,0.081499740948528,-0.0019984803408384,0.0451008413585368
1775066275484517600,266.615517578125,0.0136558926478028,-0.0110457101494073,-0.0346514896670822
1775066275494557700,266.6255576171875,-0.18322744641155,0.0062058689028024,-0.0978531838509254
1775066275504596700,266.6355966796875,-0.0913090411707758,0.0060994859188795,-0.0764071213840972
1775066275514635500,266.6456354980469,0.0189383630953729,-0.0601946487218141,-0.0208965936242137
1775066275524674600,266.65567456054686,-0.1019464627802372,-0.0702396573960781,0.010693983235443
1775066275534714600,266.6657145996094,-0.0590847877837717,0.0099865564852952,-0.0096102339861914
1775066275544753700,266.6757536621094,0.2277083931729197,-0.0014221417576074,-0.0672125372604001
1775066275554792700,266.68579272460937,0.1118563007675111,0.0377560224205255,-0.0073181044610217
1775066275564831500,266.69583154296873,-0.086687226589024,0.1153425354480743,-0.0290583184356801
1775066275574871600,266.70587158203125,-0.1297337566331028,0.1225701486140489,-0.1008234683659859
1775066275584910600,266.7159106445313,-0.0109901805698871,0.0398100323408842,-0.1024075409533455
1775066275594949600,266.72594970703125,0.056106794886291,-0.0702829120159149,-0.0548606855490244
1775066275604988700,266.7359887695313,-0.0670128043040633,-0.0975748235672712,0.0135427602626848
1775066275615028700,266.74602880859373,-0.1511399711467325,-0.0345890828222036,-0.0034566523930523
1775066275625067800,266.75606787109376,-0.0886649564027786,0.0011503390789031,-0.0034389523395802
1775066275635106600,266.7661064453125,0.0338674905493855,0.0003507131338119,0.0426711391267366
1775066275645145600,266.7761455078125,0.1220657062232494,0.0220657013356685,0.0362237348193302
1775066275655185700,266.786185546875,0.1170993159875273,0.0618365707099437,-0.0503927828873507
1775066275665224400,266.7962243652344,-0.0200000009775161,0.0706406394124031,-0.101926296775043
1775066275675263700,266.806263671875,-0.1141597554042935,0.0795440768361091,-0.1278378781502135
1775066275685302500,266.8163024902344,-0.1273448156699538,0.0073269818872213,-0.0591631685159169
1775066275695342600,266.8263425292969,-0.052188452398777,-0.0598258154094219,0.0079407116050831
1775066275705381600,266.83638159179685,-0.0034098084434866,-0.0729126759976148,0.037418625426013
1775066275715420700,266.8464206542969,-0.0094984807074069,-0.0422644397556781,0.0064482628239318
1775066275725459500,266.85645947265624,-0.0791968708336353,-0.0015635960549116,0.0139060680165886
1775066275735499500,266.8664995117188,-0.0537386044502258,0.0315016382008791,0.0279305747810751
1775066275745538800,266.8765388183594,0.0071101242661476,0.0327443317383527,0.0128785333334468
1775066275755577600,266.8865776367188,0.0199811501465737,0.0231114109963178,0.0109377379965968
1775066275765616600,266.8966166992187,-0.0217392458602786,0.0175292269498109,0.0461977606166154
1775066275775656700,266.90665673828124,0.1064706622064113,-0.0250900175929069,0.0967566025195643
1775066275785695500,266.9166955566406,0.1664183504298329,-0.0790302820950746,-0.0066040379075333
1775066275795734500,266.92673461914063,-0.1242982875809073,-0.0118348147004842,0.0043611178189516
1775066275805773600,266.9367736816406,-0.1850363955296576,-0.007691139024496,0.0413270310414023
1775066275815813600,266.9468137207031,-0.087297175180912,-0.0119528881222009,0.051861321069952
1775066275825852700,266.95685278320315,-0.01471475405097,0.0139151281058788,0.0771550993403419
1775066275835891700,266.9668916015625,0.0212051389835774,0.0467529833465814,0.046456192357093
1775066275845930500,266.97693041992187,-0.0191539055421948,0.0828302588999271,0.0483553405093029
1775066275855970600,266.9869704589844,-0.0155029818192124,0.0838005652368068,0.0679160915530286
1775066275866009600,266.9970095214844,0.0224022398136556,0.0635989042073488,0.0965159438977949
1775066275876048600,267.0070485839844,0.0156558342933654,0.0514326655954122,0.0940437816306017
1775066275886087700,267.0170876464844,-0.0013104980766773,0.0203150582760572,0.0245255886431783
1775066275896127700,267.0271276855469,0.0379272873342037,-0.0113794721484184,-0.0269374903568066
1775066275906166500,267.03716650390623,0.0225087689280509,-0.0266156197249889,-0.0479560024607926
1775066275916205600,267.04720556640626,-0.0044961423754692,-0.0297404737472534,-0.0615215499440208
1775066275926244600,267.05724462890623,-0.0334404973089694,-0.0057592941790819,-0.0211067383767105
1775066275936284400,267.06728442382814,-0.0299568929769098,0.0105506201088428,0.0192453466853126
1775066275946323700,267.0773237304688,-0.0142658412396907,0.0237105459332466,0.0230500361979007
1775066275956362800,267.08736279296875,-0.0181797998130321,0.046212885120511,0.0399986867807805
1775066275966401500,267.0974016113281,-0.0166775785565376,0.0196148010522127,0.0535209065789356
1775066275976441600,267.1074416503906,-0.0040516134783625,-0.0099964933574199,0.0256210739959962
1775066275986480600,267.1174807128906,-0.0327495924353599,-0.0189589674919843,7.49831986613e-05
1775066275996519700,267.1275197753906,-0.025600889724493,-0.0314981310695409,-0.0070182629979215
1775066276006558700,267.13755883789065,0.010604396122694,-0.0114086982429027,0.0087782401414588
1775066276016598800,267.1475988769531,-0.0095395433701574,0.004442366361618,0.0253776206289418
1775066276026637600,267.15763745117187,-0.0385574019312858,0.0053179801523685,0.054586727445852
1775066276036676600,267.1676765136719,0.010692074406147,0.0077250412940979,0.0305311309345997
1775066276046715400,267.17771533203126,0.0338499548926949,0.0408586646109819,0.0066951685233972
1775066276056755500,267.1877553710938,-0.0057829673156142,0.0480506219416856,0.0042989393029361
1775066276066794800,267.19779467773435,-0.0349646381363272,0.0705593908697366,-0.0077177530367858
1775066276076833800,267.2078337402344,-0.0394470442473888,0.0490688590735197,0.0226046487842686
1775066276086873600,267.21787353515623,-0.0592262420810759,0.0346913741528987,0.0247442180962301
1775066276096912600,267.22791259765626,-0.0592258036896586,0.0215180043250322,0.0164896365026943
1775066276106951700,267.2379516601562,-0.0456055668771266,0.0040700259178876,0.0406212025932967
1775066276116990500,267.24799047851565,0.020539222420752,0.0130740011066198,-0.0022338782656006
1775066276127030500,267.2580305175781,0.0140355396151542,0.0177238727390766,-0.0225257200628519
1775066276137069800,267.26806982421874,-0.0111418640002608,0.0267518133252859,-0.0429604409295134
1775066276147108600,267.2781086425781,-0.001713818180561,-0.0048807577788829,-0.0241884473769925
1775066276157147600,267.28814770507813,-0.0054525663174688,-0.009246551772952,0.0320113595549948
1775066276167187700,267.29818774414065,-0.0034568624556064,0.0191384157121181,0.0259452096501365
1775066276177226500,267.3082265625,-0.0572448590055108,-0.0075993690878152,-0.0113599819966591
1775066276187265500,267.318265625,-0.0884369928658008,-0.0006418050348758,-0.0343818515460006
1775066276197304800,267.3283049316406,-0.0755544226780533,0.0247626853346824,-0.0517414210173301
1775066276207344600,267.3383447265625,-0.0354018605098128,0.023929741641879,0.0025255546885542
1775066276217383700,267.3483837890625,-0.0065089435026049,0.0064209729582071,-0.0095370591521263
1775066276227422700,267.35842260742186,0.0074389178290963,0.0073521163284778,-0.0166326069036498
1775066276237461500,267.3684614257813,-0.0090858082532882,0.0384668010383844,0.0180679369363933
1775066276247501600,267.37850146484374,0.0643584904029965,0.0252981073856353,0.0396681031195446
1775066276257540600,267.38854052734376,0.117244423546642,-0.0208662624180316,0.023218926491402
1775066276267577900,267.39857788085936,-0.0378758494079113,-0.0054816462814807,-0.0495671822507865
1775066276277617000,267.4086169433594,-0.2431643209800124,0.0821399385482072,-0.0785056554327718
1775066276287657000,267.41865698242185,-0.120949269413948,0.0566921935588121,-0.0271795920169912
1775066276297696000,267.4286960449219,0.0177656660541892,-0.0308183321118354,0.1064817589891608
1775066276307735000,267.43873510742185,-0.0206722011506557,-0.0547270309656858,0.090449090740038
1775066276317774000,267.4487741699219,0.0489855647042393,0.0115583358466625,0.015667469932232
1775066276327814100,267.4588142089844,0.027725042271614,0.0322749606609344,-0.0175445706494152
1775066276337853000,267.46885302734376,-0.2395490530923008,0.1118465100258588,-0.0076298281581606
1775066276347892000,267.4788920898437,-0.1988534700885414,0.1592488971918821,-0.0358923839731141
1775066276357931000,267.48893090820314,-0.0222477799043059,0.0888414820134639,-0.0006381974388379
1775066276367970800,267.498970703125,0.1274615739174187,0.0235936415553092,0.0315935268685687
1775066276378010000,267.50901000976563,0.1380573483422398,0.0465887326955795,0.0832780574663542
1775066276388049000,267.519048828125,-0.0565206363841891,0.0582657264858484,0.0374963668373413
1775066276398088000,267.529087890625,-0.171502229565382,0.0692225893080234,-0.0080817914430517
1775066276408128000,267.5391279296875,-0.1087305699624121,0.0108890582829713,0.0211370695828925
1775066276418166800,267.5491667480469,-0.0434907666802406,-0.0531833086550235,0.0759060125946998
1775066276428206000,267.5592060546875,0.0001543137788772,-0.0480699111640453,0.0623395061302464
1775066276438245000,267.5692451171875,-0.0729895406261086,0.0104798929601907,-0.0471375987499952
1775066276448285200,267.57928515625,-0.1400856392994523,0.0609328998684883,-0.0983853270994033
1775066276458324000,267.5893239746094,-0.0996083752214908,0.1030909566402435,-0.0479920510217081
1775066276468363000,267.59936303710936,-0.0015104045629501,0.089372812411189,0.0133241673422511
1775066276478401800,267.6094018554688,0.0392345705404877,0.0418546899110078,0.02771480400539
1775066276488441900,267.61944189453123,0.0163863405250012,0.0178881233900785,0.0619904826300218
1775066276498481200,267.62948120117187,-0.0306488207638263,0.0030032734692096,0.0830733286744914
1775066276508520000,267.63952001953123,-0.0399357045471668,-0.0214501997858285,0.0542368545622564
1775066276518559000,267.64955908203126,-0.0420528428316116,-0.0261228677719831,0.0432523913471028
1775066276528599000,267.6595991210938,-0.0725999567866325,-0.0251081377714872,0.0176655849468894
1775066276538637800,267.66963793945314,-0.178114487311989,0.005684475377202,0.0358086877450346
1775066276548676900,267.6796767578125,-0.0199392107009887,0.0388221903473138,0.051736872706376
1775066276558716200,267.68971606445314,0.145034932269901,-0.0064075289547443,0.0405161895825527
1775066276568756200,267.6997561035156,-0.1215866905346512,0.0188595987707376,0.0710983200520277
1775066276578795000,267.709794921875,-0.1536076764345169,0.0187982239723205,0.0379882602738216
1775066276588834000,267.719833984375,-0.035897535072267,-0.0219786075741052,-0.0070795647311024
1775066276598872800,267.72987280273435,0.0331789237633347,-0.0380354238837957,0.0157474946321919
1775066276608913000,267.73991284179687,-0.0152066292211413,-0.0147393039703369,0.0144103460106067
1775066276618952000,267.7499519042969,-0.0399225528046488,0.0446820222914218,0.0378689995420165
1775066276628991000,267.75999096679686,-0.0015302783071994,0.0551075547158718,0.0764856391135603
1775066276639030000,267.7700300292969,0.0511409891724586,0.0318447525501251,0.0942526203420013
1775066276649070000,267.7800700683593,0.0757671886458992,0.0309223770081996,0.0488875476898625
1775066276659108900,267.7901088867188,0.0313582842074334,0.0253793559283018,0.0459540332549251
1775066276669148000,267.80014794921874,-0.0262251591026782,-0.0220031574934721,0.0092714670184999
1775066276679187000,267.8101870117188,-0.0480544213339686,-0.0087228201597929,-0.0360484513176605
1775066276689227000,267.8202270507812,-0.0317287249550223,-0.0007072714865207,-0.0764495631531812
1775066276699266000,267.83026611328125,-0.0366433850035071,-0.0069616557061672,-0.0691634247330017
1775066276709305000,267.8403051757812,-0.0470025741934776,0.0196639008909463,-0.0443682071018964
1775066276719343900,267.85034375,-0.0044949733316898,0.0391197119891643,-0.0014946590045467
1775066276729384000,267.8603840332031,0.0086792732790112,0.0512438650250434,-0.0174100575495511
1775066276739423000,267.8704230957032,-0.0048576691642403,0.0379740490853786,-0.0114442810129374
1775066276749462000,267.8804619140625,-0.0039545828446745,0.0286637844264507,0.032832466679532
1775066276759501000,267.8905009765625,-0.0101895317114889,0.0400374113559722,0.0320558562838472
1775066276769541000,267.900541015625,0.0165106975570321,0.0226531458348035,-0.0081185158574022
1775066276779580000,267.9105798339844,0.0343839156389236,0.0133136550813913,-0.0052395628876052
1775066276789619000,267.9206188964844,0.0087431322954595,0.0093014968305826,0.0210084473676979
1775066276799658000,267.9306579589844,-0.023752631509304,0.0194517194449901,-0.0218001822672784
1775066276809698000,267.94069799804686,0.0008018179021775,0.0538560933500528,-0.0844066596374847
1775066276819736800,267.9507368164063,0.0192237559080123,0.0457061046421527,-0.0477574476813897
1775066276829776100,267.96077612304686,-0.0238180979609489,0.0311614464610815,-0.0132351830177009
1775066276839815000,267.9708149414063,-0.0498540181018412,0.0352490080356597,-0.0135953946322202
1775066276849855000,267.98085498046873,-0.0446294153213501,0.0177238727390766,0.0130327375144697
1775066276859894000,267.9908940429688,-0.0385658774986863,0.0049468087524175,-0.0029194128443486
1775066276869932800,268.0009328613281,-0.0381716174840927,-0.012493570870161,-0.0208887299781665
1775066276879972000,268.0109721679688,-0.0511960803605616,-0.0553664979130029,0.0062682483482174
1775066276890012000,268.0210119628906,-0.0364113298133015,-0.0702910953223705,-0.0149315020741894
1775066276900051000,268.03105102539064,-0.0075423782035708,-0.048102059867978,-0.0626536775127984
1775066276910090000,268.0410900878906,0.016904373049736,-0.0108686000168323,-0.0214543827706016
1775066276920129000,268.05112890625,0.024864099882543,0.0194797764956951,-0.0142148965037427
1775066276930169000,268.06116918945315,0.0348081324003636,0.0467284334272146,-0.004244140375778
1775066276940207900,268.07120776367185,0.0427531000554561,0.0246732534855604,-0.0090444715959019
1775066276950247200,268.0812470703125,0.000896948839724,0.0320715470433235,0.0246369583294726
1775066276960286000,268.09128588867185,-0.0428217813774943,0.033594226565957,-0.0083950495101511
1775066276970326000,268.1013259277344,-0.0025879706665873,0.0236240366935729,-0.0491265988764353
1775066276980365000,268.1113649902344,-0.0090285251080989,0.0020686229676008,-0.0392248163314536
1775066276990403800,268.1214038085937,-0.0335553558602929,0.0063759647727012,0.0076022186320275
1775066277000443000,268.1314428710937,0.0728723439872264,0.0247533329844474,-0.0148764291523955
1775066277010483000,268.14148291015624,0.2366311198189854,0.0291477685511112,0.0004147913459688
1775066277020522000,268.15152197265627,0.1083224275529384,-0.0016506898164749,-0.0055024150748737
1775066277030561000,268.16156103515624,-0.2396777940385043,0.0136111767232418,-0.0160417283384129
1775066277040600000,268.17160009765627,-0.1521218217909336,0.0191419228434562,-0.0791678639348596
1775066277050640100,268.1816401367187,0.0679436554133892,-0.0493505986243486,-0.017804080102127
1775066277060679000,268.19167895507815,-0.0569897152006626,-0.0435486343473196,0.0325264512039721
1775066277070718000,268.2017180175781,0.0287596460163593,0.0175280579060316,0.0502547991887666
1775066277080757000,268.21175708007814,0.2147115489557385,0.0623708237171173,0.0366342701152898
1775066277090797000,268.2217971191406,0.0172284904375672,0.1307329968035221,0.0243185400300659
1775066277100836000,268.23183618164063,-0.1571979560114443,0.1702794097721576,0.0013670323031954
1775066277110875000,268.241875,-0.1246191900983452,0.1193576163083314,-0.0561361671112477
1775066277120914000,268.25191381835936,0.0401120840273797,0.0233294376611709,-0.0550479517494328
1775066277130954000,268.2619541015625,0.1391407596647739,-0.0202963535755872,-0.0109736860928125
1775066277140992800,268.27199267578123,-0.0109342125989496,-0.0395838223695755,0.0190195933717302
1775066277151032000,268.28203198242187,-0.1403217861428856,0.0071639002799987,0.0103107104057446
1775066277161071000,268.2920710449219,-0.088486969487369,-0.0037508769661188,0.0027202004778198
1775066277171111200,268.3021110839844,-0.0132943658590316,-0.0649789603888988,0.0146820938903838
1775066277181150000,268.3121499023438,0.034468963573873,-0.0628086306124925,0.0188072475289925
1775066277191189000,268.32218896484375,0.0394315544173121,-0.0369990665733814,-0.0304544307028874
1775066277201227800,268.3322277832031,-0.0213230662748217,0.0238537537962198,-0.0552055899965576
1775066277211267800,268.3422678222656,-0.0454122362621128,0.0662853668123483,-0.0836449910826049
1775066277221307100,268.35230712890626,-0.0284722073771059,0.0633849691957235,-0.0758328560269437
1775066277231346000,268.3623459472656,0.0279904152095317,0.0394458752036094,-0.0438866523963399
1775066277241386000,268.37238598632814,0.0403434085652232,0.0414262353658676,-0.0093820877861231
1775066277251425000,268.3824250488281,0.0066492287561297,0.0222574245154857,0.0273983128015883
1775066277261463800,268.3924638671875,-0.0488099158763885,0.0055897828310728,0.0426619694395922
1775066277271503400,268.4025034179688,-0.0670167498268187,-0.0095838209033012,0.0313599099089391
1775066277281543400,268.41254345703123,-0.0302023921705782,-0.0079763857066631,-0.0105826774812303
1775066277291582500,268.42258251953126,-0.0307553498782217,-0.0207820912659168,-0.0380676091203466
1775066277301621500,268.43262158203123,-0.0729404407873749,-0.0332628026545047,0.0066585993726737
1775066277311660300,268.44266040039065,0.133766519280523,-0.0261047475934028,0.0071659826392307
1775066277321700400,268.4527004394531,0.104833708654344,-0.0321335063636302,0.0054212030648253
1775066277331739400,268.46273950195314,-0.1449170049786567,0.0118897597581148,0.044410018683318
1775066277341778400,268.4727783203125,-0.0862146406412124,0.0417459688395261,-0.0123807216128334
1775066277351817500,268.4828173828125,0.0223052091799676,0.0340758726030588,-0.0403102734806016
1775066277361857500,268.492857421875,0.0845871855698525,-0.0161515088558197,-0.0382899649004451
1775066277371896600,268.502896484375,0.0460864822618663,0.0117693482488393,-0.0082143774473108
1775066277381935400,268.5129353027344,-0.0224792505726218,0.0457376688241958,-0.0034897600782103
1775066277391974400,268.52297436523435,-0.0363560924947261,0.0362011941939592,0.0521468417467549
1775066277402014500,268.53301440429686,0.004091653227806,0.0250122761815786,0.0673188380459323
1775066277412053200,268.5430532226562,0.0679424863696098,0.021337387061119,0.0077758946985006
1775066277422092500,268.55309252929686,0.0498550410151481,0.0059761518001556,-0.0273297593437135
1775066277432131300,268.5631313476562,-0.017887246607244,0.0210626617729663,-0.0552092980572953
1775066277442171400,268.57317138671874,-0.0266889772221446,0.0123006786465644,-0.0621875578383915
1775066277452210400,268.5832104492188,-0.0485892588630318,0.0146288293331861,-0.0382229458125308
1775066277462249500,268.59324951171874,-0.0489995932295918,0.014196283134818,-0.0613177162013016
1775066277472288300,268.6032883300781,-0.0292480140551924,0.0052566053539514,-0.0620221381436102
1775066277482328300,268.6133283691406,-0.0190647659540176,0.0139431851565837,-0.0084998798578046
1775066277492367600,268.62336767578125,-0.0127263567127287,0.0416705655157566,-0.0041617775882594
1775066277502406400,268.6334064941406,-0.002159516121447,0.0530009378254413,0.0061169302440248
1775066277512445400,268.64344555664064,-0.0040123043812811,0.0365548299372196,-0.0145275243831798
1775066277522485500,268.6534855957031,-0.0149134914934635,0.0189548758387565,-0.0399243977018632
1775066277532524300,268.66352416992186,-0.0194612179256975,0.0344417833060026,-0.0597124364291317
1775066277542563300,268.6735632324219,-0.0236357271313667,0.0006850596547126,-0.049221108759474
1775066277552602400,268.68360229492185,-0.0541163517214357,-0.0250444248855113,-0.0311718399909324
1775066277562642400,268.6936423339844,-0.0143862527489662,-0.0047936640173196,-0.0176760880745947
1775066277572681500,268.7036813964844,0.0548421817779541,0.0135720137566328,-0.0308249993146397
1775066277582720500,268.7137204589844,0.0034038170941174,0.0053811085164546,-0.0179518728086724
1775066277592759300,268.72375927734373,-0.0660148793078959,0.005205167427659,-0.0104072478490881
1775066277602799400,268.73379931640625,-0.0493653578020632,0.0289729965060949,-0.0339575434530153
1775066277612838400,268.7438383789063,-0.0380536901928484,0.0220160169750452,-0.0612776947181671
1775066277622877400,268.75387744140625,-0.0696821696437895,0.0037748423635959,-0.0052876763456501
1775066277632916500,268.7639165039063,-0.0724232850454747,0.0393763170987367,0.022251268769335
1775066277642956500,268.77395654296873,0.0106730774447321,0.0446253236681222,-0.0459643537195399
1775066277652995300,268.7839953613281,0.0644224955499172,0.0155687405318021,-0.0711151981215924
1775066277663034400,268.7940344238281,0.0480031295381486,0.0186515089780092,-0.0343890119391493
1775066277673073400,268.8040734863281,-0.020572832429409,0.0172626849681139,-0.0184175540916621
1775066277683113200,268.81411328125,-0.0552804270647466,0.0159796594202518,-0.0377065937882289
1775066277693152500,268.82415258789064,-0.0487209224186837,-0.0007213000118732,-0.0522224094673059
1775066277703191600,268.8341916503906,-0.021720687290281,-0.027010756522417,-0.0527339026533998
1775066277713230300,268.84423022460936,-0.055481940986216,-0.0200198747217655,-0.0365022047008387
1775066277723270400,268.8542705078125,-0.0474865583181381,0.0070855743467807,-0.0094713735047727
1775066277733309400,268.86430932617185,-0.0597791997887194,-0.0079623571813106,-0.0032098654245957
1775066277743348500,268.8743483886719,-0.0194368141368031,0.0002098433583974,-0.0367322323307394
1775066277753387500,268.88438745117185,0.0448668773390352,-0.0224719440490007,-0.0524178772404789
1775066277763427600,268.8944274902344,0.0474890425361692,-0.0164607209354639,0.0106955998037941
1775066277773466400,268.9044663085937,0.1085186807774007,-0.0122737906396389,0.0445787445800378
1775066277783505400,268.9145053710937,0.0654759501256048,0.0087193130284547,0.0072530398681759
1775066277793544200,268.9245441894531,-0.2189737364448606,0.0451607457190752,-0.052919049961958
1775066277803584300,268.93458422851563,-0.1859549716793,0.0591518616706132,-0.0494852395883761
1775066277813623600,268.94462353515627,0.0120211310528218,0.0126332716017961,0.0261887908813543
1775066277823662600,268.95466259765624,-0.0525999558091163,-0.0068330608904361,0.1033203449493274
1775066277833701400,268.9647014160156,-0.0233164320491254,0.0171066176235675,0.1033163811602629
1775066277843741400,268.9747414550781,0.1853881315767765,0.0038134208083152,0.0654867911800276
1775066277853780500,268.98478051757814,-0.0060743514776229,0.0238636906683444,0.0815050564444623
1775066277863819300,268.9948193359375,-0.17514263189435,0.1187935526847839,0.0291205334843136
1775066277873858600,269.00485864257814,-0.1592775387644767,0.1089934586822986,-0.0096091654071118
1775066277883898600,269.0148986816406,0.0097523093380033,0.020543021813035,-0.0126201107261236
1775066277893937400,269.0249375,0.112894265513122,-0.0419166492313146,0.0426677233269438
1775066277903976400,269.0349765625,0.0002875847697257,-0.0210790283858776,0.0598623936932999
1775066277914015200,269.04501513671875,-0.1194463175050914,0.0188730427742004,-0.0149303238972555
1775066277924055300,269.05505517578126,-0.0920775413252413,-0.0059971945881843,-0.0228551346803084
1775066277934094300,269.06509423828123,-0.0228105283536016,-0.0476104769587516,0.0367791767450049
1775066277944133600,269.07513354492187,0.0500840274654328,-0.0370078344017267,0.0348919199599884
1775066277954172400,269.08517236328123,0.0306875453390181,0.035246669948101,-0.0156540441950783
1775066277964212500,269.09521240234375,-0.0419499669790267,0.0716705669820308,-0.0436065202807076
1775066277974251500,269.1052514648438,-0.0878524709761142,0.0747042355895042,-0.0764737842789851
1775066277984290300,269.11529028320314,-0.0297184080459177,0.024867899274826,-0.0422308388801757
1775066277994329300,269.1253293457031,-0.0037960312820971,0.0104570966064929,0.0312666330017615
1775066278004369400,269.1353693847656,0.0180595344342291,-0.0062964697957038,0.0674818831205368
1775066278014408400,269.14540844726565,0.0169242467939853,-0.0082242229878902,0.0744443516774568
1775066278024447500,269.1554475097656,-0.0067336921691894,0.0126455465614795,0.0783957196517381
1775066278034486300,269.165486328125,-0.0402640597186982,-0.0010796119302511,0.0602691478632856
1775066278044526300,269.1755263671875,-0.0021358429849147,-0.0448573788583278,0.0403962986630853
1775066278054565400,269.1855654296875,0.0105975279904901,-0.0452858334034681,0.0083550097607076
1775066278064604400,269.1956044921875,-0.0437222373485565,-0.0232113642394542,0.0180161428170744
1775066278074643500,269.2056435546875,0.0871557208836078,0.0024748656809329,0.0251896420424804
1775066278084683500,269.21568359375,-0.0381060049019753,0.0002010755300521,0.0048417135432828
1775066278094722600,269.22572265625,-0.1477203719615936,0.0263777193158864,-0.0026974315235856
1775066278104761300,269.2357612304688,-0.0302735577106475,0.0171036950141191,-0.043504603409348
1775066278114801400,269.2458015136719,0.0288531695187091,0.0052899231016635,-0.0387425035740714
1775066278124840400,269.25584033203126,0.0482404454253613,0.021648937228322,-0.0142546622585505
1775066278134879200,269.2658791503906,0.031427111659944,0.0269634102493524,-0.0127323937278706
1775066278144918500,269.27591845703125,-0.0310218918599188,0.0279372237175703,0.0028473522551357
1775066278154958600,269.28595849609377,-0.0237270586766302,0.0089162969052791,0.041594468072243
1775066278164997400,269.29599731445313,0.0276280116379261,-0.0293166953772306,0.0311298548795748
1775066278175036400,269.3060363769531,0.0056311377547681,-0.0517833787292242,0.0026674108446575
1775066278185075500,269.3160754394532,-0.0230921217739582,-0.0490425555884838,-0.0300041113858111
1775066278195115300,269.326115234375,-0.0138403093039989,-0.0261935949206352,-0.0500115376179572
1775066278205154300,269.336154296875,-0.0050663434788584,-0.0101087215602397,-0.0810177843841724
1775066278215193600,269.34619360351564,0.0053790626898407,-0.0032318215280771,-0.0587159362050704
1775066278225232400,269.356232421875,-0.0265887317180633,0.0168646255612373,-0.0273374768592882
1775066278235272400,269.3662724609375,-0.0283785377442836,0.0498188006579875,-0.0083549458286259
1775066278245311500,269.3763115234375,-0.0041731940314173,0.0674088178843259,-0.008248407581076
1775066278255350300,269.38635034179686,-0.0045502106502652,0.0460515570789575,-0.0076536382920108
1775066278265388800,269.3963889160156,0.0201008310034871,0.0467804558753967,0.0023383067544549
1775066278275428900,269.4064289550781,0.0216802091494202,0.0589636456221342,-0.0348196127756033
1775066278285468000,269.4164680175781,-0.0102066289767622,0.0323725758165121,-0.0660881363403517
1775066278295506700,269.42650659179685,-0.0772045279726386,0.0120224462270736,-0.0756282550992444
1775066278305545700,269.4365456542969,-0.0720633656919002,0.0105319154083728,-0.036080006366549
1775066278315585800,269.4465856933594,-0.0273775440081954,0.0059621232748031,-0.023880340409046
1775066278325624800,269.45662475585937,-0.0065409460760653,-0.0068237085402011,0.0512147850610315
1775066278335663900,269.4666638183594,-0.0207227622941136,0.0077408233851194,0.0517747387650422
1775066278345703000,269.47670288085936,-0.0597337532117962,0.0185392807751893,0.0101082192367408
1775066278355742700,269.4867426757813,-0.0403485231317579,0.0185702604353427,-0.0161004545220173
1775066278365781800,269.49678173828124,-0.0282543268427252,0.0293792392194271,-0.0075042929491959
1775066278375820800,269.50682080078127,-0.0249050164148211,0.005216273343563,0.0207689577897079
1775066278385859800,269.51685986328124,-0.0128781862735748,0.0119710083007812,-0.0079634348935447
1775066278395899600,269.52689965820315,-0.0143956050992012,0.0330500366866588,-0.0174553945286199
1775066278405939000,269.5369389648437,0.0480967991709709,0.0173456870764493,-0.0072264897879678
1775066278415977700,269.54697778320315,0.0747007284581661,-0.0126905547469854,0.0377155716791283
1775066278426016800,269.5570168457031,0.0282636791929602,-0.0430301634311676,0.0218318195145577
1775066278436056800,269.56705688476563,-0.0167632110133767,-0.0419008671402931,-0.0114347459996119
1775066278446095600,269.577095703125,-0.0287025090016424,-0.0108949035018682,-0.0129037043073214
1775066278456135000,269.58713500976563,-0.03066533350721,-0.0050064299851655,0.0088489672901108
1775066278466174000,269.5971740722656,-0.0346843598902225,0.0145364748746156,0.028332059120899
1775066278476213800,269.6072138671875,0.0006979191362857,0.0258586638778448,-0.0122909244375303
1775066278486252800,269.6172526855469,0.0449497333168983,0.0367962374776601,-0.0256552593933884
1775066278496291800,269.6272917480469,0.0361675841853022,0.0130669868439435,0.0165730404698289
1775066278506330600,269.63733056640626,-0.0136754741311073,0.0139233114123344,-0.0159587170969229
1775066278516370700,269.6473706054687,0.0129693716883659,0.0141536130368709,-0.0067125945822335
1775066278526410000,269.65740991210936,0.0328770182073116,0.046554245904088,0.0529275437956675
1775066278536448800,269.6674487304688,0.0364814724400639,0.0329857392787933,0.0715223084846045
1775066278546487800,269.67748779296875,0.086457801747322,0.0011865794360637,0.0274041945531032
1775066278556527900,269.68752783203126,-0.0711772305071353,-0.014313772034645,-0.0398722747889813
1775066278566566700,269.6975666503906,-0.2947928014084696,0.0330079511106014,-0.0522376983679831
1775066278576605700,269.7076057128906,-0.126020289067924,0.0433802920430898,-0.0075018726632464
1775066278586645000,269.71764501953123,0.0755272424101829,-0.047104281002283,0.0693287074304651
1775066278596684800,269.72768481445314,0.0467328173413872,-0.0162748429745435,0.0654762606528587
1775066278606723800,269.7377238769531,0.0838040723681449,0.0197977564036846,0.0232150449007283
1775066278616763000,269.74776293945314,0.1289852763533592,0.0497726234287023,0.0279238893119618
1775066278626801700,269.7578017578125,-0.0765760208107531,0.0710176560312509,0.0184607173799537
1775066278636841700,269.767841796875,-0.2733366102732718,0.094615389239788,0.0048012902013491
1775066278646880800,269.777880859375,-0.1334184364952147,0.0392576591551303,-0.0409353465763852
1775066278656919800,269.787919921875,0.1296574765264987,-0.0365080681860446,-0.0061937126741278
1775066278666958800,269.7979587402344,0.1418333597496152,-0.0663882426649332,0.0404323289576917
1775066278676999000,269.8079990234375,-0.0330278248548507,0.0124327805936336,0.0031141773646231
1775066278687037700,269.81803759765626,-0.1371476861514151,0.0594914688885211,-0.0620199827191419
1775066278697076700,269.8280766601562,-0.0507834079064428,0.0557008444339036,-0.0018676844348665
1775066278707115800,269.83811572265626,0.0464154219552874,0.0192693486154079,0.0432437696492299
1775066278717155600,269.8481555175781,0.0800312758311629,0.0116612116992473,0.0032824374704621
1775066278727195000,269.85819482421874,-0.0158706460878252,0.0329185192614793,-0.0272744580930564
1775066278737234000,269.8682338867188,-0.1026829603612422,0.0263373873054981,-0.0770147136221174
1775066278747272700,269.87827270507813,-0.0742578069962561,-0.007894552642107,-0.092948716402892
1775066278757312800,269.88831274414065,-0.0005168634809553,-0.0044254152268171,-0.0474618714014533
1775066278767351800,269.8983518066406,0.0134485335074365,0.0154582658946514,0.0346076322590466
1775066278777390600,269.908390625,0.005871960773319,0.0035860417932271,0.0705110216833651
1775066278787430000,269.9184299316406,0.0210612004682421,-0.008101473391056,0.0948857854126952
1775066278797470000,269.92846997070313,0.0479074140787124,-0.0287099616557359,0.1179691576246172
1775066278807508700,269.9385087890625,0.0748483202353119,-0.0227227039396762,0.0763100268183276
1775066278817547800,269.9485478515625,-0.0232537420764565,-0.0343231253623962,0.0473857556916307
1775066278827586800,269.9585869140625,-0.123388771520555,-0.0242734405130147,0.046870344382245
1775066278837626600,269.9686267089844,0.0712520493090152,-0.0255061971783637,0.0695950667490717
1775066278847665700,269.9786657714844,0.018650047673285,-0.0034732290685176,0.0792148631480522
1775066278857705000,269.988705078125,-0.1607490726217627,0.0834229640960693,0.0396941965420264
1775066278867744800,269.99874487304686,0.000344867914915,0.0631020606011152,-0.013598445105832
1775066278877783800,270.0087836914062,0.1390504510328173,-0.0034726445466279,0.0249515909363282
1775066278887822800,270.01882275390625,0.1137716328695416,0.0008832125753164,0.0703547899420373
1775066278897861600,270.0288615722656,-0.017208324432373,0.0403261651694774,0.0909353124875575
1775066278907901700,270.03890161132813,-0.0721885995067656,0.0415752884477376,0.0691893948578974
1775066278917940700,270.0489406738281,0.0082975804850459,0.0173065241098403,0.0886724455894902
1775066278927979800,270.0589797363281,0.0385876509390771,0.0141512749493122,0.099233806288056
1775066278938018800,270.0690187988281,0.0348982949018478,0.0218576115429401,0.0409629058701684
1775066278948059000,270.0790588378906,-0.0126994687058031,0.0161976860851049,0.0129340766126988
1775066278958097700,270.08909765625,-0.0349342429980635,0.0436240376710891,0.0215141820998629
1775066278968136700,270.09913671875,0.0128733639679849,0.0122521633297204,0.0106509569444693
1775066278978176000,270.10917602539064,0.0362336351588368,0.0413923330962657,0.0157712362673832
1775066278988215800,270.1192158203125,0.0280346927426755,0.0849088187396526,0.022882840104564
1775066278998254800,270.1292548828125,-0.0026300562426447,0.0708715255588293,0.0201632880807155
1775066279008294000,270.1392939453125,-0.0406520361229777,0.06221650993824,0.0618653721127426
1775066279018332700,270.14933276367185,-0.018703093034774,0.0571451980233192,0.0409896979789715
1775066279028372700,270.1593728027344,-0.0222723298236727,0.0595072509795427,0.0485490044844569
1775066279038411800,270.1694118652344,-0.0341536140143871,0.0633154110908508,0.0534793233263772
1775066279048450800,270.1794509277344,-0.0639329584673047,0.0740419722884893,0.0493347937004407
1775066279058489900,270.1894897460937,-0.0248410112679004,0.0475800818204879,0.0475863517310703
1775066279068530000,270.19953002929685,0.0450406264707446,0.0218359842330217,0.0572099064231384
1775066279078568700,270.2095686035156,0.0133373282179236,-0.0152373166203498,0.0808441174508538
1775066279088607700,270.21960766601563,0.0176855865553021,0.0361310515671968,0.0691063653500983
1775066279098646800,270.2296467285156,0.0282280233576893,0.0621685791432857,0.069185709630046
1775066279108686600,270.2396865234375,-0.0055197863347828,0.0840787976562976,0.0695456015841569
1775066279118726000,270.24972583007815,-0.0135749363660812,0.0886538504868745,0.0922041085806675
1775066279128765000,270.2597648925781,-0.0118938514113426,0.0648287382632493,0.0987399766228161
1775066279138803700,270.2698037109375,0.0236880418404936,0.0374573317348957,0.105218552386621
1775066279148843800,270.27984375,0.0230126267969608,0.0124701899945735,0.1072245493136346
1775066279158882800,270.2898828125,-0.0017433365359902,-0.005332008677721,0.0639442196468356
1775066279168921600,270.2999216308594,0.0030662557028234,-0.0188712892085313,0.0587008938995655
1775066279178961000,270.3099609375,0.0116786012254655,-0.0210550629884004,0.0586477115407586
1775066279189001000,270.3200009765625,0.0085422028958797,-0.0129611883819103,0.0472825464789057
1775066279199039700,270.3300397949219,0.0097848964333534,0.0175865100950002,0.0437419284297153
1775066279209078800,270.3400788574219,0.0053995209559798,0.0268967747539281,0.0377508347887545
1775066279219117800,270.3501179199219,-0.0176525610685348,0.034416648864746,0.0348124432493001
1775066279229157600,270.3601577148437,-0.0342319399476051,0.037154549396038,0.0708263164439238
1775066279239196700,270.3701967773437,-0.014485329209268,0.0385679233253002,0.061976431271783
1775066279249236000,270.3802360839844,-0.0274921102985739,0.039981881776452,0.0307983396365772
1775066279259274800,270.3902746582031,-0.050741176199913,0.0561672929018735,0.0251265821770532
1775066279269315000,270.4003151855469,-0.0522854830324649,0.0576888033807277,0.0173577793730422
1775066279279354000,270.41035400390626,-0.0383104414328932,0.0257125334054231,0.0431530865579377
1775066279289393200,270.42039306640623,0.0109518943861126,0.0181266083210706,0.0539547451186692
1775066279299432000,270.43043188476565,0.0845861626565456,0.011650690305233,0.0317233683598926
1775066279309472000,270.4404719238281,0.0233119020044803,-0.0245066647469997,0.0156150045260554
1775066279319511300,270.45051123046875,-0.1732454199708998,0.0300000014662742,-0.004272823047568
1775066279329550000,270.4605500488281,-0.1989762196853756,0.0454950922399759,-0.0215842379616573
1775066279339589000,270.47058911132814,-0.0283098564222455,0.0051332712352275,0.0441094374347012
1775066279349629200,270.4806291503906,0.0916213219903409,-0.0488105003982782,0.0235786540487315
1775066279359668000,270.49066796875,0.1003778982892632,-0.0355593891590833,0.0411178726695943
1775066279369707000,270.50070703125,0.1275415072858333,-0.0258984113663434,0.0093425594933331
1775066279379746300,270.5107463378906,-0.0989081179976463,0.0349327816933393,0.0065676148872822
1775066279389786000,270.5207861328125,-0.4086079811587929,0.0865238527208566,-0.0135736120586749
1775066279399825200,270.5308251953125,-0.2746002004683017,0.073652680709958,-0.0038090003615245
1775066279409864200,270.5408642578125,0.024500527267158,0.0252729729443788,0.0233636504580266
1775066279419903000,270.5509030761719,0.2079096138559281,0.0025128596037626,0.0378618117494042
1775066279429943000,270.56094311523435,0.1037982281267642,0.0622182635039091,0.0292236650652252
1775066279439982000,270.5709821777344,-0.0463058241009712,0.102459672999382,0.0065862008567433
1775066279450021000,270.58102124023435,-0.0612882891774177,0.0739233143448829,-0.0236863704732153
1775066279460060200,270.59106005859377,-0.0038271570727229,-0.0019306758016347,0.0413055041961837
1775066279470100200,270.6011003417969,0.0228406312309205,-0.1010024599283933,0.0492022122627589
1775066279480139000,270.61113891601565,-0.0167851305842399,-0.1111035827040672,-0.0573140426510479
1775066279490178000,270.6211779785156,-0.0911833689644932,-0.0765372962355613,-0.1116465396075043
1775066279500217000,270.63121704101565,-0.1269092007316649,-0.0554541761964559,-0.1350315981797408
1775066279510257000,270.6412568359375,-0.0457087349906563,-0.0207125331610441,-0.1171681708395015
1775066279520296200,270.65129614257813,0.0342084129415452,0.0213742119401693,-0.0610045494657475
1775066279530335200,270.6613352050781,0.029956600715965,0.0379179349839687,0.0187203272973652
1775066279540374000,270.6713740234375,-0.0003814005330204,0.032516368201375,0.0693958269830793
1775066279550414000,270.6814140625,-0.0077754563070833,0.0270066648691892,0.0918479794862214
1775066279560453000,270.691453125,-0.0356885684967041,0.0113742114514112,0.0655374527881853
1775066279570492000,270.7014919433594,-0.0259422505080699,0.0001303483814001,0.056144569613412
1775066279580531200,270.71153125,-0.1232885260164737,0.0135877958476543,0.0507866684426087
1775066279590571300,270.7215712890625,-0.0826435041561722,0.0146036948919296,0.0581125269518233
1775066279600610000,270.7316101074219,0.1424152512907981,-0.0200707281261682,0.0237648516700603
1775066279610649000,270.74164916992186,-0.0435844363130629,-0.0037801030606031,0.0254110571076627
1775066279620688100,270.7516882324219,-0.103130996389687,0.0112263274133205,-0.0025530272173695
1775066279630728000,270.76172802734374,0.0125013157851994,-0.0340478155523538,-0.0454856668245047
1775066279640767000,270.77176708984376,0.0792892252922058,-0.0740659376859664,-0.0448821114407852
1775066279650806300,270.78180615234373,0.0234366974279284,-0.0251256734281778,0.0041300855420529
1775066279660845000,270.79184497070315,-0.0486506336614489,0.0113192663937807,0.0162002342352177
1775066279670885000,270.8018850097656,-0.0301166135832667,0.001389408531785,0.0169379099931567
1775066279680924200,270.81192407226564,0.0070391048565506,-0.0062596449166536,0.0771537385003175
1775066279690963000,270.821962890625,0.0132616326332092,0.0179079971343278,0.0558278226812835
1775066279701002200,270.83200219726564,0.0153448686480522,0.0510053800940513,-0.0277468613777775
1775066279711042000,270.8420419921875,-0.0113850251063704,0.0522784687697887,-0.0746702967872843
1775066279721081000,270.8520810546875,-0.0676256755053997,0.0615717822939157,-0.1009625023773405
1775066279731120000,270.8621201171875,-0.0719812403663992,0.049821723267436,-0.1383145653731655
1775066279741160200,270.87216015625,-0.0447355060443282,0.0172784670591354,-0.1001254944307729
1775066279751199000,270.88219897460937,-0.0339469855263829,0.0005342530071735,-0.061172279848624
1775066279761238000,270.8922380371094,-0.0415668128803372,-0.0167243403077125,-0.0653919068376533
1775066279771277300,270.90227734375,-0.058934127266705,-0.0055593876928091,-0.0282805572625249
1775066279781317000,270.9123171386719,-0.0772390147641301,0.0244797767400741,-0.0238419537605717
1775066279791356200,270.92235620117185,-0.0778188604786992,0.0511170237749814,-0.0505851453879848
1775066279801395200,270.9323952636719,-0.0479379553474485,0.0460761069983243,-0.0189029447221197
1775066279811434000,270.94243408203124,-0.0045920039653778,0.0493570283651351,-0.0379003993272781
1775066279821474000,270.95247412109376,0.0386461031280458,0.0254424842923879,-0.0497641113286837
1775066279831513000,270.9625131835937,0.0686065032362937,-0.0177969379752874,-0.0598580189122818
1775066279841552100,270.97255224609376,0.0236871650576591,-0.01271919631958,-0.0657423825094476
1775066279851591200,270.9825910644531,0.002822510074824,0.0022609306693077,-0.0726730768217705
1775066279861631200,270.99263134765624,0.0055158408120274,-0.0044756841093301,-0.0635554486581124
1775066279871670000,271.002669921875,-0.0396212317705154,0.0011889175236225,-0.0796214346549473
1775066279881709000,271.012708984375,-0.0489008090302348,0.0012473697125911,-0.0535878891342319
1775066279891748000,271.022748046875,-0.0439031468734145,-0.0073895257294178,-0.0696197719320654
1775066279901788000,271.0327878417969,-0.0208710847236216,-0.0220528418540954,-0.0683663195385597
1775066279911827200,271.0428271484375,-0.0082262688145041,-0.0124894792169332,-0.0484520058168098
1775066279921866200,271.0528662109375,0.0233750303685665,-0.0007487725406885,-0.0621466047734953
1775066279931905000,271.06290502929687,0.0414241895392537,0.0126233347296714,-0.0615162344480864
1775066279941945000,271.0729450683594,0.0377576298557221,0.0097422263354063,-0.0532222158933058
1775066279951984000,271.08298413085936,0.0416740726470947,0.0181429749339818,-0.0608490940425544
1775066279962023000,271.0930229492188,0.0146750065624713,0.0270136791318655,-0.0451312638962641
1775066279972062200,271.10306225585936,-0.0058390814170241,0.0157826755434274,-0.0028022710043936
1775066279982102300,271.1131022949219,-0.0263733354017138,0.0202004919856786,0.040037338290736
1775066279992141000,271.12314111328124,-0.027794015854597,0.0448977108687162,-0.0114284623892977
1775066280002180000,271.13318017578126,-0.0072328738629817,0.0696563045501709,-0.0270448049224913
1775066280012219100,271.14321923828123,0.007761135520786,0.0620592735499143,-0.0354344658714719
1775066280022259000,271.15325903320314,0.0171548406794667,0.042749592924118,-0.0622835290261544
1775066280032298000,271.1632980957031,0.0154711253762245,-0.0045703766554594,-0.0512009939976967
1775066280042337300,271.17333715820314,0.0501662989214062,-0.0317079744279384,-0.0240994356529787
1775066280052376000,271.1833759765625,0.1096199200175702,-0.0471545498847961,0.0273767585569061
1775066280062416100,271.193416015625,0.1069537695482373,-0.0589835193663835,0.0036338812566362
1775066280072455200,271.203455078125,-0.0835255476877093,-0.0435538950443267,-0.0958263724647462
1775066280082494000,271.21349389648435,-0.2570455468162894,-0.0055745852619409,-0.1054523885419592
1775066280092533000,271.2235329589844,-0.0509960277438163,-0.0124643447756767,-0.0499606202814728
1775066280102573000,271.2335729980469,-0.0012545301057398,-0.0449883117616176,0.008916936226096
1775066280112612000,271.24361206054687,-0.0502513468563556,0.0152396547079086,0.0598141067053191
1775066280122651100,271.2536511230469,0.1717149955332279,0.0421522115528583,0.0427188872586004
1775066280132690200,271.26369018554686,0.1711725592195987,0.0773275698304176,0.0335369251544587
1775066280142730000,271.2737299804688,-0.0857072756409645,0.1219604922831058,0.0181419154880568
1775066280152769000,271.28376904296874,-0.205730662381649,0.1430202314466238,-0.0363999681690707
1775066280162808000,271.2938081054688,-0.0396715006530284,0.0631523294836282,-0.0693270908621139
1775066280172847000,271.30384716796874,0.1307283206284046,-0.0116027595102787,-0.0229741214174777
1775066280182887200,271.31388720703126,0.0818248812496662,-0.0346264922231435,0.0054322541818022
1775066280192926200,271.3239262695312,-0.1041711530923843,0.0060930561780929,-0.0248974724291823
1775066280202965000,271.33396508789065,-0.1133295881904661,0.0032008418679237,-0.0312337627786211
1775066280213004000,271.3440041503906,-0.0339212665632367,-0.0373176310032606,-0.0221529960266314
1775066280223044000,271.35404418945313,0.0496959049306809,-0.0419283396691083,0.0382817815939895
1775066280233083100,271.3640832519531,0.0289664206348359,-0.015966215416789,-0.0167149331585504
1775066280243122200,271.3741220703125,-0.0661246232926845,0.0221212309151887,-0.0826802011710591
1775066280253161200,271.3841611328125,-0.0887505888596177,0.0694984836399555,-0.0843003497187979
1775066280263201000,271.3942009277344,-0.0443465067267417,0.0661211161613464,-0.0653532553276978
1775066280273240000,271.4042399902344,0.0200178288951516,0.0745744717299938,-0.0097876911786384
1775066280283279000,271.4142790527344,0.0269055425822734,0.0578255815029144,0.0180940029594115
1775066280293318100,271.4243181152344,0.007998889799416,0.0323228914558887,0.0532710052047856
1775066280303358000,271.4343579101562,-0.0312298355221748,0.023135376393795,0.0857343828435987
1775066280313397200,271.44439721679686,-0.0360873585559427,0.015643559333682,0.0870603159514255
1775066280323436000,271.4544360351563,-0.0158921272672712,0.0153717566549777,0.061259282278642
1775066280333475000,271.46447509765625,-0.0108326519206166,-0.0193465055048465,-0.0122403084951452
1775066280343515100,271.4745151367188,-0.0714224374398589,-0.0450122771590948,-0.0627925745268352
1775066280353554000,271.4845539550781,-0.0126619131743907,-0.0602735591769218,-0.0515984871489927
1775066280363593200,271.4945932617188,0.077292352386564,-0.0487070400238037,-0.0443339760387316
1775066280373632300,271.50463232421873,-0.1379459969222545,0.0149468092411756,0.0012278612945228
1775066280383672000,271.51467211914064,-0.1153380054034292,0.0435094713807105,0.0173214476843364
1775066280393711000,271.5247111816406,0.0304164733126759,0.0423240609884262,-0.0053940958621911
1775066280403750100,271.53475024414064,0.0569043750047683,0.0436187769740819,-0.017677220585756
1775066280413789000,271.5447888183594,0.0221460730955004,0.0440045614212751,-0.0487156251890584
1775066280423829000,271.5548291015625,-0.0403156437754631,0.0503980618506669,-0.0081346450082957
1775066280433868300,271.5648684082031,-0.0557093200013041,0.0282499429285526,0.0188661381093785
1775066280443907000,271.57490698242185,0.0044625323668122,0.0132248077541589,-0.0042897696157917
1775066280453946000,271.5849460449219,0.0644610739946365,0.0034644612401723,-0.0180495975621044
1775066280463986200,271.5949860839844,0.0366330097399652,-0.0094400285184383,-0.0230983505853451
1775066280474025000,271.60502490234376,-0.0068412441968917,-0.0235889653801918,0.0006524360267445
1775066280484064000,271.6150639648437,0.0022296587482094,-0.0145639474034309,-0.0720365872828289
1775066280494103300,271.6251032714844,0.0017265315316617,-0.0079892451882362,-0.0964992850239388
1775066280504143000,271.6351430664063,-0.0516192742086946,-0.0010614917516708,-0.0584141219805926
1775066280514182100,271.64518212890624,-0.0653355187416076,0.0128372697412967,-0.0163770429736934
1775066280524221200,271.65522119140627,-0.0429819403752684,0.0259866741716861,0.030654264123924
1775066280534260000,271.66526000976563,0.0005633329711854,0.0250900175929069,0.0595799691558815
1775066280544300000,271.6753000488281,0.0207017195060849,0.0098719901949167,0.0679805168250575
1775066280554339000,271.6853391113281,0.0274506092444062,0.0356155032604932,0.0274119029355235
1775066280564378000,271.69537817382815,0.0003179799079895,0.0075081836730241,0.0111309772800654
1775066280574417200,271.7054172363281,-0.0300463248260319,0.0174210904002189,0.053765364592988
1775066280584457200,271.71545727539063,-0.0333092721447348,-0.0016921908706426,0.0515361990351229
1775066280594496000,271.72549609375,-0.0163324183806777,0.0204997671931982,0.0618838439177721
1775066280604535000,271.73553515625,0.0069385670915246,0.0191992059886455,0.0501167972238734
1775066280614574000,271.7455739746094,0.0268003286421298,0.0062082069903612,0.0052350511092692
1775066280624614000,271.75561376953124,0.0200143217638134,0.0152092595696449,0.0381804401113651
1775066280634653200,271.7656530761719,0.0282018660031259,0.0233428816646337,0.0292532382195815
1775066280644692200,271.7756921386719,0.034401743556559,0.0422650242775678,0.0585597227300517
1775066280654731000,271.78573095703126,0.0280325007855892,0.0170727153539657,0.040647999268677
1775066280664771000,271.7957709960937,0.0085366499379277,0.0262765970289707,0.0025556940984912
1775066280674810000,271.8058100585937,-0.0079788699246943,0.0238151753515005,0.0090513762607239
1775066280684849000,271.8158488769531,-0.0121242991663515,-0.0015823007553815,-0.0096619824397377
1775066280694889000,271.82588891601563,-0.0077554364323616,-0.0114244803339242,0.0245911281600594
1775066280704928300,271.83592822265626,-0.0040051439881324,0.0112041155815124,0.0624467567638494
1775066280714967000,271.8459670410156,0.0155146722570061,0.0040121582508087,0.033596655985061
1775066280725006000,271.8560061035156,-0.0207923203989863,0.0118470896601676,0.0461967194369994
1775066280735046100,271.8660461425781,-0.012501900307089,0.01333469786942,0.0521282466441392
1775066280745085000,271.8760849609375,0.0063943772122263,0.0187298349112272,0.037256785927806
1775066280755124000,271.8861240234375,0.0179657186709344,0.0382218863666057,0.0307716799585148
1775066280765163300,271.89616333007814,0.0289934547722339,0.0330330855518579,0.0315514504256658
1775066280775203300,271.9062033691406,0.0171425657197833,0.0169622407168149,0.0433314296663738
1775066280785242000,271.9162421875,-0.015115736067295,0.0119599023848772,0.0437796848905272
1775066280795281200,271.92628125,-0.0040842005737125,0.0239881938308477,0.0274102041687816
1775066280805320000,271.93631982421874,-0.010777706862986,0.0260100550472736,0.0647315432327799
1775066280815360000,271.94636010742187,0.0635457127153873,0.0153846161365509,0.0532277414517942
1775066280825399000,271.95639892578123,0.1606369905494153,0.0290840556651353,0.0763249595259781
1775066280835438000,271.96643798828126,0.0990926807843148,0.0247293675869703,0.0436039447311311
1775066280845477000,271.9764770507812,-0.1566835767485201,0.0147808050245046,-0.039428741405718
1775066280855517200,271.98651708984374,-0.2185796225607395,0.0328425314158201,-0.094619535691943
1775066280865556000,271.9965559082031,0.0122819739460945,-0.0157604637116193,-0.023466014853958
1775066280875595000,272.00659497070313,0.0297144625231623,-0.0552151067435741,0.0723974199518561
1775066280885634300,272.01663427734377,-0.0266027602434158,0.0328904622107744,0.0864692090573255
1775066280895674000,272.0266740722656,0.1971265001654625,0.0477834954380989,0.0332344990086276
1775066280905713200,272.03671313476565,0.0729287503495812,0.0240951613366603,0.044721413586894
1775066280915752200,272.0467521972656,-0.1508709449470043,0.1194353577196598,0.0270022170229349
1775066280925791000,272.056791015625,-0.147283149588108,0.1278489657998085,-0.0458236300745978
1775066280935831000,272.0668310546875,0.0284171161890029,0.0346253231793642,-0.0590637997946701
1775066280945870000,272.0768701171875,0.1472188521802425,-0.0529249499797821,0.0510091703531798
1775066280955909000,272.0869091796875,0.0345674555122852,-0.0170458273470401,0.0761028960068244
1775066280965948200,272.0969482421875,-0.1119908869326114,0.0419306777566671,-0.0302837320447899
1775066280975988200,272.10698828125,-0.0995021383680403,0.0171966339945793,-0.0614779117316938
1775066280986027000,272.1170270996094,0.0346280996583402,-0.0124555769473314,0.0416205888941884
1775066280996066000,272.1270661621094,0.134082599492371,-0.0188823951244354,0.0530992745002266
1775066281006105000,272.13710498046873,0.0491805027544498,0.0159609547197818,0.0078930274053011
1775066281016145200,272.14714526367186,-0.0715416799053549,0.0583347000688314,-0.0131510483982041
1775066281026184200,272.1571840820312,-0.0881119986951351,0.0642968233436346,-0.0411782610873226
1775066281036223200,272.16722314453125,-0.0342391003407537,0.0631622663557529,-0.0551419684421271
1775066281046262000,272.1772619628906,0.0544110968843102,0.0261497557789087,-0.0214407469708938
1775066281056302000,272.1873020019531,0.0444216177895665,0.0238765501499176,0.020412728230562
1775066281066341000,272.1973410644531,-0.0219125566005706,0.0065039750665426,0.038028263490647
1775066281076380000,272.2073798828125,-0.0286988557398319,0.028183891955018,0.0945607547094114
1775066281086419200,272.21741918945315,-0.0207236390769481,0.0192389534771442,0.0704935408256016
1775066281096459300,272.2274592285156,0.005898994910717,0.0136930097877979,0.0253213238644413
1775066281106498000,272.237498046875,0.0086449326179921,-0.0026741876453161,0.009667626729235
1775066281116537000,272.247537109375,-0.0395664328433573,-0.0028039515048265,0.0040016003241762
1775066281126576000,272.257576171875,0.173093005888164,-0.0049573301464319,0.013892313485872
1775066281136616200,272.2676162109375,0.0467991605758666,-0.0083440499752759,0.0343791115996427
1775066281146655000,272.27765502929685,-0.1742591270580887,0.0240244341880083,0.0591468384356237
1775066281156694300,272.2876943359375,-0.0726119394853711,0.0256774620920419,-0.0098799725719727
1775066281166733000,272.29773315429685,-0.02298603105098,0.0213274501889944,-0.0007358765264973
1775066281176773000,272.30777319335937,-0.0125242582693696,0.0199152453035116,0.0269873025815933
1775066281186812200,272.3178122558594,-0.0057847208812832,0.0318546894222497,0.0016311631320975
1775066281196851000,272.32785083007815,0.0063417702421545,0.0187128837764263,-0.0043729909198358
1775066281206890000,272.3378898925781,0.0080696169480681,0.0065390463799238,0.0603084478272125
1775066281216930000,272.34792993164064,0.0537619853258132,-0.002025368347764,0.0888733201901428
1775066281226969000,272.3579689941406,0.0313524389885365,0.0157119483947753,0.0460985562921501
1775066281237008100,272.36800805664063,-0.0190321788586676,0.0324947408914566,0.020665387817379
1775066281247047200,272.3780471191406,-0.0287830268919467,0.0248743290156126,-0.0232750040601938
1775066281257087200,272.3880871582031,0.0147267367497086,0.0174614224106073,-0.0349626105760224
1775066281267126000,272.3981259765625,0.0069182549558579,0.0281564194262027,-0.0491512035947293
1775066281277165300,272.4081652832031,-0.0481917839780449,0.0288245279461145,-0.0364948251119814
1775066281287204600,272.4182045898437,-0.0330548589922487,0.0224456405639648,0.0056146980766206
1775066281297244700,272.42824462890627,-0.0280443373538553,0.0133475573509931,0.0468827654724009
1775066281307283700,272.43828369140624,-0.0397055490531027,0.0274333658486604,0.0510142027213238
1775066281317322500,272.4483225097656,-0.065448623727262,0.0210860426485538,0.0056066061017103
1775066281327361500,272.45836157226563,-0.0888987651586532,0.0038841479569673,-0.0307358779927715
1775066281337401600,272.46840161132815,-0.0584895983695983,-0.0181534963279962,0.0316089710328727
1775066281347440400,272.4784404296875,-0.0514437715113162,-0.0130798463255167,-0.0318010047399438
1775066281357479700,272.48847973632815,-0.0073389645859599,0.0079068276017904,-0.0676138024045154
1775066281367518500,272.4985185546875,-0.0231529120504856,0.0157411744892597,-0.051146322934702
1775066281377558500,272.50855859375,-0.0175154906854033,0.0231634334444999,-0.0460601605105213
1775066281387597600,272.51859765625,-0.0046329204976558,0.0292529824912548,-0.0660438679403625
1775066281397636400,272.52863623046875,0.0020563480079174,0.0307750774919986,-0.0488205286019481
1775066281407675400,272.5386752929688,-0.014729659359157,0.0162584763616323,-0.0289048266407102
1775066281417715500,272.5487155761719,-0.038366847795248,-0.0039911154627799,-0.0695434918254613
1775066281427754800,272.55875463867187,-0.0432338693097233,0.0003168108642101,-0.0846987744518555
1775066281437793500,272.56879345703123,-0.0371425666972994,0.0012228197932243,-0.0696493633527308
1775066281447832600,272.57883251953126,-0.0189864400207996,0.0051712651580572,-0.0746442672968842
1775066281457872600,272.5888725585938,-0.0091349080920219,0.010721885022521,-0.0658712878524325
1775066281467911400,272.59891137695314,0.0420887909278273,-0.0121148006856441,-0.0508624279594048
1775066281477950500,272.6089504394531,0.01512508841753,0.0063356327623128,-0.0485298020270653
1775066281487989500,272.61898950195314,-0.0100663437232375,0.0155032740801572,-0.03410438631149
1775066281498029600,272.6290295410156,-0.0585267155095934,0.008041852158308,-0.0572279078707098
1775066281508068600,272.6390686035156,-0.0582921761013567,0.0161573540747165,-0.0288337524321861
1775066281518107400,272.649107421875,-0.0161558927699923,0.0153524674326181,-0.0386242566224187
1775066281528146400,272.659146484375,0.0092564886450767,0.0129372229844331,-0.0537309691330417
1775066281538186500,272.6691865234375,-0.0044844519376754,0.0377969389528036,-0.0526586271937936
1775066281548225500,272.6792255859375,0.010751695638895,0.0273357506930828,-0.0604962802832014
1775066281558264600,272.6892646484375,0.0313337342880666,0.0293465059936046,-0.0538976309368386
1775066281568303600,272.6993037109375,0.030776246535778,0.0151969846099615,-0.0523949347563087
1775066281578343700,272.70934375,0.0523401358291506,0.0101712654024362,-0.0498838104519061
1775066281588382500,272.7193825683594,0.0464101612582802,-0.0050841713964939,0.0009794942903332
1775066281598421500,272.72942138671874,0.0625882658600807,-0.0389034388899803,0.0234098459536209
1775066281608460500,272.7394604492188,0.0109504330813884,-0.0485159013658762,-0.0498928888075053
1775066281618500400,272.7495002441406,-0.2076338656544685,-0.0193728089898824,-0.0788084560379386
1775066281628539600,272.75953955078126,-0.2832245286896824,0.0213566762834787,-0.0726896808966994
1775066281638578400,272.7695783691406,-0.0108946112409234,0.0270382290512323,-0.0030065979374572
1775066281648617500,272.77961743164065,0.1846970805726945,-0.0083130703151226,0.0769663535689003
1775066281658657500,272.7896574707031,0.125996031409502,0.0239501999080181,0.0327526429089717
1775066281668696600,272.79969653320313,0.1128909045122563,0.0667436319738626,-0.0303317541712895
1775066281678735600,272.8097355957031,-0.0402373178422451,0.1198439385205507,-0.0421276251008734
1775066281688774700,272.8197746582032,-0.3016258622989058,0.1598825189203024,-0.0645351986767724
1775066281698814700,272.82981469726565,-0.1936836662352085,0.1111784015059471,-0.0942069728356786
1775066281708853500,272.839853515625,0.0238777191936969,0.0299111541390419,-0.0572085273168049
1775066281718892500,272.849892578125,0.1770727231740951,0.0021697452545166,-0.0022542817328125
1775066281728931300,272.8599313964844,0.0754793116152286,0.038424715462327,-0.0315726393441669
1775066281738971400,272.86997143554686,-0.0812649092793464,0.0852010796844959,-0.0850803576479665
1775066281749010700,272.8800107421875,-0.0967357423946261,0.0634159488558769,-0.0413864330784417
1775066281759049500,272.89004956054686,-0.0411851200863718,0.0061783963739871,0.0512365219688042
1775066281769088500,272.9000886230469,0.016572364616394,-0.0204296245664358,0.0417395938976667
1775066281779128600,272.9101286621094,-0.0152069214820861,-0.01376373693645,-0.0461787453888915
1775066281789167600,272.92016772460937,-0.1142877656981349,0.0138999305367469,-0.1599872031374834
1775066281799206400,272.9302062988281,-0.1275800857305526,0.0373614701449871,-0.1708200925201177
1775066281809245700,272.9402456054688,-0.03436258058995,0.0597393061697483,-0.1218657266717404
1775066281819285500,272.9502854003906,0.056483519244194,0.0330266558110713,-0.0724774811844341
1775066281829324500,272.96032446289064,0.0475987865209579,0.0282294846624135,-0.0025122385492548
1775066281839363600,272.9703635253906,-0.0220551799416542,-0.0133498954385519,0.0038495698339305
1775066281849402400,272.98040234375,-0.0286661225140094,-0.011643091520667,0.0069708253933116
1775066281859442400,272.9904423828125,-0.0136322195112705,-0.0232382522463798,0.0176640871095471
1775066281869481500,273.0004814453125,-0.0215935537792742,-0.0432616340994834,-0.025608872101549
1775066281879520500,273.0105205078125,-0.077028294622898,-0.0376063848167657,-0.0308235928088426
1775066281889559600,273.0205595703125,-0.0655023997411131,0.0038590135157108,-0.0204215873904526
1775066281899599600,273.030599609375,0.1663084603145718,-0.0038397242933511,-0.0504874023682437
1775066281909638700,273.040638671875,-0.0267485984548926,0.016984452548623,-0.0124608559106476
1775066281919677400,273.0506774902344,-0.1403483818888664,0.0440063149869442,-0.008740191419702
1775066281929716500,273.0607165527344,-0.0188411863312125,0.050713119149208,-0.0349969877696596
1775066281939756500,273.07075659179685,0.0505135049238801,0.0447428125679492,-0.025614406793192
1775066281949795600,273.0807956542969,-0.0042450902238488,0.0378618208825588,-0.0104114491001702
1775066281959834600,273.09083471679685,-0.0539794274687767,0.0579641131907701,-0.0315810418463312
1775066281969873400,273.1008732910156,-0.0363163450062274,0.0342898076146841,-0.0083881448453292
1775066281979913500,273.1109135742187,-0.0260498025357723,-0.0164320793628692,0.0531056037763133
1775066281989952500,273.12095239257815,-0.0072435413874685,-0.0418739791333675,0.0366784015179611
1775066281999991300,273.1309912109375,-0.0010195523060858,-0.0013023147702217,-0.0174572028932161
1775066282010030600,273.14103051757814,-0.0292040287829935,0.0021270751565694,-0.0134491728282533
1775066282020070700,273.1510705566406,-0.035117052219063,-0.0011140987217426,-0.0216068881848827
1775066282030109700,273.16110961914063,-0.0382674790740013,-0.0029512510210275,-0.0960364715514704
1775066282040148500,273.1711484375,-0.0486183388270437,-0.0115776250690221,-0.0848695461751893
1775066282050187500,273.1811875,-0.016623656412214,-0.0209784906208515,-0.0575080947852693
1775066282060227600,273.1912275390625,6.19593203067e-05,-0.0495072504907846,-0.0407497060774825
1775066282070266400,273.2012663574219,-0.0178654731668531,-0.0288455707341432,0.0277128403771668
1775066282080305700,273.2113056640625,-0.0692250735260546,-0.0059486792713403,0.0510464062241837
1775066282090344400,273.2213444824219,-0.0630384938456118,-0.0077554364323616,0.0451036269706673
1775066282100384500,273.2313845214844,-0.0880463861130178,-0.0157680624961853,0.0579001080438494
1775066282110423600,273.2414235839844,-0.0925121333502232,0.0128910457551479,0.0180257234961725
1775066282120462300,273.25146240234375,-0.0450175378561019,0.0449959105461835,0.0122857550720684
1775066282130501600,273.2615017089844,-0.0480102899312973,0.0599058949083089,0.0589493431021459
1775066282140541400,273.27154150390623,-0.0505856933772563,0.0416191275894641,0.0333083770955912
1775066282150580700,273.28158081054687,-0.0552745818458497,0.0202770643532276,-0.0301902633413672
1775066282160619500,273.29161962890623,-0.0569371082305908,0.0081008888691663,-0.0005752791373059
1775066282170658600,273.30165844726565,-0.0787735308550298,0.0082253920316696,0.0303276259854435
1775066282180698600,273.3116987304688,-0.0497509961187839,0.0201969848543405,-0.018908954337798
1775066282190737400,273.3217373046875,-0.0498199697017669,0.0375403338432312,-0.016271536772605
1775066282200776700,273.3317766113281,-0.0701413115881383,0.0091740710586309,-0.0083239205026999
1775066282210815500,273.3418154296875,-0.032343788113445,-0.0125701432377099,0.0010316811352968
1775066282220855600,273.35185546875,0.0175217742957174,0.007866495591402,-0.0208752129094675
1775066282230894600,273.36189453125,-0.0163100604183971,-0.0251332722127437,-0.0200570283943787
1775066282240933400,273.3719333496094,-0.0842903945803642,-0.0288636909127235,0.0043060814297758
1775066282250972400,273.3819724121093,-0.0762369981147348,-0.0005640636235475,0.0321124818419106
1775066282261012500,273.39201245117187,-0.0594913227580487,0.013069909453392,0.0218408613375388
1775066282271051500,273.4020515136719,-0.0578806726910173,0.0442050524294376,0.0347242352428846
1775066282281090800,273.4120908203125,-0.0222749601721763,0.0683183339446783,0.0656889535554684
1775066282291129900,273.4221298828125,-0.0098908410258591,0.0281178409814834,0.0390634882899001
1775066282301169700,273.43216967773435,-0.0263433786548674,0.0144978964298963,0.0463343560757115
1775066282311208700,273.4422087402344,-0.0574624472789466,0.0272398891031742,0.0811158196648582
1775066282321247700,273.45224780273435,-0.0724304454386234,0.0238239431798458,0.0587620038365013
1775066282331286800,273.4622868652344,-0.0661211161613464,-0.0025087679505348,0.0384211352657526
1775066282341326600,273.4723266601562,-0.0435715768314898,-0.0205015207588672,0.0741280796693637
1775066282351366000,273.48236596679686,-0.0334990956284105,-0.0217167417675256,0.0616188180397264
1775066282361404700,273.4924047851562,-0.0115011988319456,-0.0310164850324392,0.0494300022698007
1775066282371444700,273.50244482421874,0.0307388371348381,-0.0310386968642473,0.0999386666217818
1775066282381483800,273.5124838867188,0.1222993688486516,0.0046183074504137,0.0997425960604101
1775066282391522600,273.5225224609375,0.0161889182567596,-0.0092775314331054,0.0207908956268802
1775066282401561900,273.5325617675781,-0.2226876424014568,0.0448258146762847,-0.0032400048345327
1775066282411601700,273.5426015625,-0.1048084280826151,0.0443716411679983,0.0680660214177332
1775066282421640700,273.552640625,0.003690671211481,-0.0074871408849954,0.1395816718326881
1775066282431679700,273.5626796875,-0.0858580822885036,0.0211748899757862,0.1352424918509088
1775066282441718800,273.57271875,0.1321101303756237,0.0308557415127754,0.0532523005043156
1775066282451757600,273.5827575683594,0.2442332653857767,0.02627776607275,0.0517742821073159
1775066282461797600,273.59279760742186,-0.006967500925064,0.0684036741405725,0.0550229634386487
1775066282471837000,273.6028369140625,-0.1772350741289556,0.1205026946902275,-0.0044542577288113
1775066282481875700,273.61287573242186,-0.1268788055934011,0.0161374803304672,-0.003982475498598
1775066282491915800,273.6229157714844,0.0207670398272573,-0.072106620311737,0.058706419458054
1775066282501954800,273.6329548339844,0.0807924694620072,-0.0970125135093927,0.047033919179812
1775066282511993600,273.64299365234376,-0.0455544212117791,-0.0222071556329727,0.0349446182616055
1775066282522032600,273.65303271484373,-0.1201718553006648,0.0307815072327852,-0.0189649223087355
1775066282532072700,273.66307275390625,-0.02383928687945,-0.007416998258233,0.0055020680150017
1775066282542111700,273.6731118164063,0.058548050558567,-0.0403723423987627,0.1037348440343514
1775066282552150800,273.68315087890625,0.1097394547440111,-0.0029705402433872,0.069873655361589
1775066282562189800,273.6931899414063,0.033730420166254,0.0511322213441133,0.0013155578442849
1775066282572229600,273.7032297363281,-0.103363197710365,0.0569172344863414,-0.0350948038546368
1775066282582268700,273.7132685546875,-0.098822777801752,0.0586339752763509,-0.0383707019864581
1775066282592307700,273.7233076171875,-0.0122037941433489,0.0378945541083812,-0.0467772958039306
1775066282602346800,273.7333466796875,0.0354242184720933,0.0321259075790643,-0.0374135291257873
1775066282612386800,273.74338671875,0.0059423956610262,0.0426058005392551,-0.0103965437919832
1775066282622425900,273.75342578125,-0.0125461778402328,0.0244604875177145,-0.0200084034796804
1775066282632464600,273.7634645996094,0.0048022857151925,0.0464601378798484,-0.0037608138382434
1775066282642503700,273.77350366210936,0.0072948331832885,0.0474082323849201,0.0121335967176593
1775066282652543700,273.7835437011719,0.0022973171569406,0.0054909986317157,0.0158360314321704
1775066282662582500,273.79358251953124,-0.0055832069598138,-0.0394599037289619,0.0166970687082968
1775066282672621800,273.8036218261719,-0.01466346225515,-0.0317424612194299,-0.0083525620752945
1775066282682660900,273.81366088867185,0.1652583667397499,-0.0405558822721242,-0.0338628691731952
1775066282692700700,273.82370068359376,0.0102289869390428,-0.0136696289122104,0.0075842263176105
1775066282702739700,273.8337397460937,-0.1512486922182142,0.0469838694930076,0.0124941736583597
1775066282712778800,273.8437788085937,-0.0390672511495649,0.064182257053256,-0.0133735685750842
1775066282722817500,273.8538176269531,0.0323813436448574,0.053363341397047,-0.0207701998987235
1775066282732857600,273.86385766601563,0.0574795445442199,0.0510831215053796,-0.0245931922529824
1775066282742897000,273.87389697265627,0.0090485449828207,0.0132025959223508,-0.0273676619349978
1775066282752935700,273.88393579101563,-0.0184159466564655,-0.0059738137125968,0.0176950302370823
1775066282762974700,273.893974609375,-0.0147813895463943,-0.0164572138041257,0.0328053412105888
1775066282773014800,273.9040148925781,0.0354493529133498,0.00772094964087,-0.0025200747958384
1775066282783053600,273.9140534667969,0.0630066374026238,0.02210018812716,-0.0668477864680811
1775066282793092600,273.9240925292969,0.0719265875697135,0.0152379011422395,-0.0691404639825224
1775066282803132000,273.9341318359375,0.0412064551353454,0.008834463840723,-0.0506820481575094
1775066282813171700,273.9441716308594,0.0672455901466309,0.0092383684664964,-0.0630308950610458
1775066282823210800,273.95421069335936,0.0639712446510791,0.0144920512109994,-0.0679503956814296
1775066282833249800,273.9642497558594,0.0345616102933883,0.0137719202429056,-0.039601010966394
1775066282843288600,273.97428857421875,-0.0308054726302623,0.0305862769216299,-0.0059986010939814
1775066282853328600,273.98432861328126,-0.0574763296738266,0.0221346749186515,-0.0024187150469049
1775066282863367700,273.99436767578123,-0.0211466867946088,0.0350502705931663,-0.0121727048853412
1775066282873406700,274.00440673828126,0.0166308168053627,0.0451443791061639,-0.0189947877240367
1775066282883445800,274.01444580078123,0.0424830509424209,0.0418383232980966,0.005163227982074
1775066282893485800,274.0244858398437,0.0120772451542317,0.0078898764669895,-0.004189377981238
1775066282903524600,274.0345246582031,0.0306930982969701,0.0146019413262605,-0.0098325532336719
1775066282913563600,274.04456372070314,0.0520421757958829,-0.0057569560915231,-0.0139084061041474
1775066282923603000,274.0546030273438,0.0123119306929409,0.0009592004209756,0.0092909571702592
1775066282933642800,274.0646428222656,-0.0260812205873429,-0.0065671034306287,-0.0497308666462078
1775066282943681800,274.07468188476565,-0.0241711491823196,0.0079804773598909,-0.0711262127059511
1775066282953720800,274.0847209472656,-0.0082838442206382,-0.0121171387732028,-0.0479079072690568
1775066282963759600,274.0947595214844,0.0176046302735805,0.0044429508835077,-0.0678419303382746
1775066282973799700,274.1047995605469,0.0405529596626758,0.0116407534331083,-0.0514414151574484
1775066282983838700,274.11483862304686,0.038026509924978,0.0269347686767578,-0.0187628603979945
1775066282993877800,274.1248776855469,0.0446080802723765,0.0289998845130205,-0.0368249886481091
1775066283003916800,274.13491674804686,0.0169977504216134,0.0513391420930623,-0.0395711272847838
1775066283013956900,274.1449567871094,-0.0070341364204883,0.0453501308113336,0.0079672160195186
1775066283023995600,274.15499560546874,-0.0140741180598735,0.0436871660351753,-0.0135787357583642
1775066283034034700,274.1650346679688,-0.0199568924881517,0.0734773241430521,-0.0544230430504307
1775066283044073700,274.17507373046874,0.0048139761529862,0.0634890140920877,-0.0209364415774121
1775066283054113500,274.18511352539065,0.0304243643581867,0.0608586655884981,-0.0130978751725517
1775066283064152800,274.1951528320312,0.0672492434084415,0.0631365473926067,-0.0095476353450678
1775066283074192000,274.20519189453125,0.0731115595705807,0.0422509957522153,0.0054165634223259
1775066283084230700,274.2152307128906,0.0355646498560905,0.0505722493737936,0.0441721182742156
1775066283094270700,274.22527075195313,0.0097264442443847,0.0310141469448804,0.0210095616125501
1775066283104309800,274.2353098144531,-0.0337548239551484,-5.55295795202e-05,0.0007582710213959
1775066283114348500,274.2453486328125,-0.0321323373198509,0.0112713355988264,0.0243524788322858
1775066283124387800,274.2553879394531,-0.0008170154713094,0.0001057984620332,0.0234362773028202
1775066283134428000,274.2654279785156,0.0446469509780406,0.0050853404402732,0.0451735686680302
1775066283144466700,274.275466796875,0.100026746764034,0.0227320562899112,0.0410067313121631
1775066283154505700,274.2855056152344,0.1064437741994857,0.0380710797190666,0.0297939392338506
1775066283164544800,274.2955446777344,0.1232592999219894,0.0257376678466796,0.0682813812014646
1775066283174584600,274.3055844726563,0.0744260031700134,-0.019869652596116,0.0427012054714374
1775066283184623600,274.31562353515625,-0.1520773981273174,-0.0126192430764436,-0.0559903288997709
1775066283194663000,274.3256628417969,-0.1840954614177346,0.0152244571387767,-0.0865406942578032
1775066283204701700,274.33570166015625,0.0258637784443795,-0.0010462941825389,-0.0160394267834723
1775066283214741800,274.3457416992188,-0.0270456817053258,-0.0063531684190034,0.0533741915846243
1775066283224780800,274.35578076171873,-0.0308674319505691,0.0521440287351608,0.0713925902908668
1775066283234819600,274.3658195800781,0.1854546209417283,0.0646118806421756,0.0288237790274433
1775066283244858600,274.3758586425781,0.1592763697206974,0.0623643939763307,0.0372827240866608
1775066283254898700,274.38589868164064,-0.0336193610072135,0.1127589486956596,0.032436672294978
1775066283264937700,274.3959377441406,-0.1208814648747444,0.1145125143647193,-0.0545190507708117
1775066283274975700,274.40597583007815,-0.0286824891269206,0.0016395839005708,-0.0518421779780648
1775066283285014800,274.4160148925781,0.048953562130779,-0.0478600678056478,0.036463845451828
1775066283295054800,274.42605493164064,0.0253121359109878,-0.0521872833549976,0.0137735094117932
1775066283305094000,274.4360939941406,-0.0507562276385724,-0.0021387655943632,-0.0012969444753602
1775066283315133000,274.4461328125,-0.0676747753441333,0.019576807129383,0.0305123349025845
1775066283325172000,274.456171875,0.0446551342844963,-0.0038005613267421,0.0684478420758619
1775066283335211800,274.46621166992185,0.1141607783176004,-0.0134007488429546,0.075806607340835
1775066283345250800,274.4762507324219,0.119465606727451,0.017296002715826,0.0130976925094611
1775066283355289900,274.4862897949219,-0.0056698623299598,0.0607049363315105,-0.0435423142043873
1775066283365329000,274.4963288574219,-0.0856489695824682,0.0636918431878089,-0.0747078340523876
1775066283375369000,274.5063688964844,-0.0610138561502099,0.041125206592679,-0.0408453119390644
1775066283385408000,274.5164079589844,-0.0144176708005368,0.0306119958847761,0.0020422098847106
1775066283395446800,274.5264467773437,0.000607902765274,0.008580781340599,0.0149902465241029
1775066283405485800,274.5364858398437,0.0116799163997173,-0.0099929862260818,0.0350807387966662
1775066283415526000,274.54652587890627,0.0195709619104862,0.0109533556908369,0.0662728178580291
1775066283425564700,274.5565646972656,0.0174621530629694,0.0464718283176422,0.0617762005585245
1775066283435604000,274.56660400390626,0.0724560182712972,0.0505745874613523,0.009617704906594
1775066283445643000,274.57664306640623,0.0790003253482282,0.0207990424007177,-0.0029653708779253
1775066283455682800,274.58668286132814,-0.0353146206177771,0.0058458034187555,-0.0215465728323906
1775066283465721900,274.5967219238281,0.0588989098228514,0.004226093262434,-0.0310014153274707
1775066283475761000,274.60676098632814,0.0234640238262712,-0.0289361716270446,-0.034495303591527
1775066283485799700,274.6167995605469,-0.2035351981639862,-0.0227303027242422,0.0112621659116819
1775066283495839700,274.62683984375,-0.1315736854113638,-0.0057177931249141,0.0414122799057513
1775066283505879000,274.6368791503906,-0.0070003802813589,-0.0027864158481359,0.0332756986686959
1775066283515917800,274.6469177246093,0.0633551585793495,0.021531448328495,0.0197605296658352
1775066283525956900,274.6569567871094,0.0638251141786575,0.0399181688904762,0.0025763350277207
1775066283535997000,274.6669968261719,0.0196457807123661,0.0260240835726261,0.0086967358704656
1775066283546035700,274.67703564453126,0.0128032213412225,0.0331739553272724,0.0765541195061989
1775066283556074800,274.68707470703123,0.0301530000708997,0.0346165553510189,0.0874534434548579
1775066283566114000,274.69711401367186,0.0302114522598683,-0.0055640638679265,0.0449352116012014
1775066283576153900,274.7071538085938,0.0195826523482799,0.0148100311189889,0.0294887640085071
1775066283586193000,274.71719287109374,-0.0077577745199203,0.0126665893495082,-0.0129675998563878
1775066283596232000,274.72723193359377,-0.0280547126173973,-0.0005471124887466,-0.0387371606786735
1775066283606270700,274.73727075195313,-0.0081669398427009,0.0233048877418041,-0.052205440066196
1775066283616310800,274.74731079101565,-0.025826515173912,0.0149579151570796,-0.0129854825729504
1775066283626349800,274.7573498535156,0.0066834232866764,0.0194604872733354,0.0013365458333864
1775066283636388900,274.76738891601565,0.0028640111289918,0.006232756909728,-0.0247293493206612
1775066283646428000,274.7774279785156,-0.0110030400514602,0.006467734709382,0.011342592470441
1775066283656468000,274.78746801757814,-0.0361795668840408,0.0013023147702217,0.0126303124597296
1775066283666506800,274.7975068359375,-0.022384704156965,0.0043523499906063,0.0173571400522254
1775066283676545800,274.8075458984375,-0.0075813950397074,-0.0075151979357004,0.0219240461089648
1775066283686584800,274.8175847167969,0.0149462247192859,0.0027852468043565,-0.0075559135385788
1775066283696624600,274.82762475585935,0.0002338087558746,0.002497077512741,-0.0275121119069866
1775066283706664000,274.8376638183594,-0.0084461951754987,0.0002764788538217,0.0056885487641207
1775066283716703000,274.8477028808594,-0.0218903447687625,0.0006739537388086,-0.012777758106403
1775066283726741800,274.8577416992188,-0.0547065726995468,0.0048012628018856,0.0036705965378321
1775066283736781800,274.8677817382812,-0.0277206583574414,0.00777706374228,-0.0081748491545207
1775066283746820900,274.87782080078125,-0.0205365920722484,0.0094353523433208,-0.0003175597828812
1775066283756860000,274.8878598632813,-0.0103472064912319,0.0213677821993827,-0.0011452062460593
1775066283766899000,274.89789892578125,-0.0142578040637075,0.0297509951412677,-0.0237285382476635
1775066283776939000,274.90793896484377,0.0078325933218002,-0.008814005574584,-0.0060817128001712
1775066283786977800,274.9179777832031,-0.0177205117382109,-0.0157481887519359,0.0020650975699536
1775066283797016800,274.9280168457031,-0.0285188229978084,0.0122568395048379,-0.0282676977809518
1775066283807056000,274.9380559082031,-0.0026961072161793,0.0127197808414697,0.0097676165049895
1775066283817095700,274.948095703125,0.0242015443205833,0.0042424598753452,0.0422135498186573
1775066283827134700,274.958134765625,0.0072748133085668,0.0341390009671449,0.0109206955302506
1775066283837174000,274.96817407226564,0.0036098610602319,0.0098281510531902,-0.026636114523746
1775066283847212800,274.978212890625,-0.0004267009794712,0.0109095165491104,-0.0210224393604323
1775066283857252900,274.9882529296875,-0.0101988840617239,-0.0072235215127468,-0.0191185602341778
1775066283867292000,274.9982919921875,-0.0210404499411582,0.030462942802906,0.0082241133900359
1775066283877330700,275.00833056640624,-0.0002010755300521,0.0018161095112562,0.0118493364161811
1775066283887370000,275.0183698730469,-0.0211469790555536,0.0150520231813192,0.0020964973552152
1775066283897409800,275.0284099121094,-0.0359505804337561,0.0291138662815093,-0.0092284863932989
1775066283907448800,275.0384487304688,0.0153539287373423,0.001077858364582,-0.012774999893736
1775066283917487900,275.0484877929688,0.0199696058392524,0.0005225625693798,-0.0134714029263705
1775066283927527000,275.0585268554688,-0.0003238251268863,0.0058756140351295,0.0137046454266645
1775066283937565700,275.0685656738281,-0.0111924251437187,0.0182008426010608,0.0015983020421117
1775066283947605800,275.07860571289064,-0.0076677581489086,0.0103010292619466,0.0432510031076148
1775066283957645000,275.08864501953127,0.08374342822209,0.0082318217724561,0.0932744046933017
1775066283967683800,275.09868383789063,0.0396422745585441,0.0160158997774124,0.0157260682516731
1775066283977724000,275.10872387695315,-0.1835949645496905,0.031988544934988,-0.0764466953426599
1775066283987763000,275.1187629394531,-0.3034618455544114,0.0360328518897294,-0.0670680964215658
1775066283997801700,275.1288017578125,-0.0789841048657894,0.0099164138585329,0.0026508250360377
1775066284007840800,275.1388408203125,0.0231190097808837,-0.0138905781865119,0.0370055876457132
1775066284017880800,275.148880859375,0.0243944365441799,0.0157511113613843,0.037290761262644
1775066284027920000,275.158919921875,0.1260967153050005,0.0256681097418069,-0.0159629640137776
1775066284037959000,275.168958984375,0.0760042122721672,0.034776714348793,-0.0102331699238158
1775066284047998000,275.178998046875,-0.1677158428944647,0.0667880556374788,-0.0077240366471
1775066284058037800,275.1890378417969,-0.2297358073472976,0.0918587840080261,-0.055415396822337
1775066284068076800,275.1990769042969,-0.0225800805985927,0.0187175599515438,-0.0542478143476881
1775066284078115800,275.20911572265624,0.1597287896633148,-0.0520744706302881,0.0235376735843718
1775066284088155000,275.21915478515626,0.1479401521921158,-0.0511088404685258,0.0329303740960545
1775066284098195000,275.2291948242187,-0.015001023646444,-0.0032119477838277,-0.0317593575553037
1775066284108234000,275.23923388671875,-0.0407132647909224,0.0245540110200643,-0.0438724046752788
1775066284118272800,275.2492727050781,0.0229331318199634,-0.02351765370965,0.0234388528523966
1775066284128311800,275.25931176757814,0.0656114130735397,-0.0157540339708328,0.0463123999722301
1775066284138351900,275.2693518066406,0.020439415308088,0.0096060327351093,-0.0269489798652008
1775066284148390700,275.279390625,-0.1238017362356185,0.0359071796834468,-0.0587848549891263
1775066284158430000,275.2894299316406,-0.1987374424934387,0.0449514868825674,-0.0619293452936224
1775066284168469000,275.2994689941406,-0.0968424176394939,0.0356985053688287,-0.0181125341299455
1775066284178507800,275.3095078125,0.0075146134138107,0.0124023854553699,-0.0110756303636357
1775066284188547800,275.3195478515625,0.0278572903491556,0.0114332481622695,-0.0145915112637914
1775066284198587000,275.3295869140625,-0.0061047466158866,0.0154658646792173,0.0455059058949351
1775066284208626000,275.3396259765625,-0.0477649368681013,0.0187672443121671,0.0371227294856682
1775066284218665000,275.3496650390625,-0.0378140362180769,0.0014069441884756,0.0569902814562432
1775066284228705000,275.359705078125,-0.0147850428082048,0.004080547311902,0.0306520721668377
1775066284238743800,275.36974389648435,-0.0795768100619316,-0.0191506906718015,0.0126955049167387
1775066284248782800,275.3797829589844,-0.1720470039665698,-0.0180143801182508,-0.0085276629138737
1775066284258822000,275.38982177734374,0.044717093604803,-0.0229383925169706,-0.0091395477345213
1775066284268861700,275.39986181640626,0.0720318015098571,-0.0251630828291177,-0.0303868270930834
1775066284278901500,275.4099016113281,-0.1426642576158046,0.0058656771630048,-0.0267772400274872
1775066284288940500,275.4199404296875,-0.1095206974267959,0.0170393976062536,-0.0416156569907441
1775066284298979600,275.4299794921875,0.0036781039908528,-0.0022176760494709,-0.0107958453078754
1775066284309019600,275.44001953125,0.0154594349384307,-0.0446212320148944,0.1048037153748795
1775066284319058400,275.4500583496094,-0.0316083134457469,-0.0190413850784301,-0.0262243371187709
1775066284329097500,275.4600974121093,-0.0499009259834885,0.0344388606965541,-0.0139857091240584
1775066284339136500,275.4701364746094,0.0161921331271529,0.0155155490398406,0.050572413770575
1775066284349176300,275.4801762695312,0.0397895740747451,0.0102273795038461,0.1077809228210709
1775066284359215600,275.49021557617186,0.0157297763124108,0.046613867136836,0.0513981788039207
1775066284369254700,275.5002546386719,-0.0283389363862574,0.0483919827252626,-0.0160402852999977
1775066284379293400,275.51029345703125,-0.0490717816829681,0.008640402573347,-0.0332220870516262
1775066284389333500,275.52033349609377,-0.0539244824111461,-0.0161971015632152,-0.0484614860312081
1775066284399372500,275.53037255859374,-0.0288883869625628,0.0017576573222875,-0.0479235249632969
1775066284409411300,275.5404113769531,-0.0244075882866978,-0.0036725510329008,-0.022999548119679
1775066284419450600,275.55045068359374,-0.0642260961949825,-0.0033563246905803,-0.0177904899681918
1775066284429490700,275.56049072265625,-0.0355731254234909,0.0275619606643915,0.0068809003538452
1775066284439529500,275.5705295410156,-0.0035305122137069,0.0377250427603721,0.0083966934779658
1775066284449568500,275.58056860351564,0.004524491687119,0.0281505742073059,-0.0080975644009187
1775066284459607600,275.5906076660156,-0.0432218866109848,0.0455757562607526,-0.0337731998620554
1775066284469647400,275.6006474609375,-0.028745325230062,0.0364478624314069,-0.0233176193592138
1775066284479686400,275.6106862792969,0.0020075404301285,0.0273112007737159,-0.0425409186094999
1775066284489725700,275.6207255859375,0.0019195698857307,0.0371136328637599,-0.0224215473023243
1775066284499765500,275.630765625,-0.0475932335630059,0.0686024115830659,0.0121211025622673
1775066284509804500,275.6408044433594,-0.0690486940458416,0.0853232447594404,0.0057297210247255
1775066284519843600,275.65084350585937,-0.0339070919074118,0.0727279670804739,-0.056829044746235
1775066284529882400,275.66088232421873,-0.0430251949951052,0.0264952082157135,-0.0578001913333311
1775066284539921400,275.6709213867188,-0.0641679362669587,0.0319593188405036,-0.0010953940212726
1775066284549961500,275.6809614257813,-0.0607169190302491,0.0566471853733062,0.0206371846362017
1775066284560000500,275.69100048828125,-0.040403322058916,0.079081720021367,-0.0268213531638495
1775066284570039600,275.7010395507813,-0.0062708969630301,0.0595949292629957,-0.0253083547850139
1775066284580078600,275.71107861328124,0.0286073780640959,0.0446212320148944,-0.0082029792704619
1775066284590118400,275.7211184082031,-0.0199662448383867,0.046710897770524,-0.0196436435542069
1775066284600157400,275.7311574707031,-0.0530631894066929,0.0364542921721935,-0.0164868234911002
1775066284610196500,275.74119653320315,0.0002805705070495,0.0002361468434333,-0.0404596736223436
1775066284620235500,275.7512355957031,0.0378337638318538,-0.0116641343086957,-0.0227316544311121
1775066284630275600,275.76127563476564,-0.0038563831672072,0.016818448331952,-0.0013112287290394
1775066284640314600,275.7713146972656,-0.0790402189671993,0.0441430931091308,-0.0439785867298021
1775066284650353400,275.781353515625,-0.0454451156184077,0.0460001191526651,-0.0219403761892579
1775066284660392400,275.7913923339844,0.0093666710212826,0.0283043034642934,-0.0041754590537399
1775066284670432500,275.8014326171875,-0.0002563128486275,0.0204921684086322,-0.0042895869527012
1775066284680471300,275.81147119140627,-0.0239770879149436,0.0292798704981803,0.0053473706436343
1775066284690510600,275.82151049804685,-0.0355612888552248,0.0485135632783174,-0.0074850037268362
1775066284700549600,275.8315495605469,-0.0246983879268169,0.0136047469824552,-0.012552845043037
1775066284710589400,275.8415893554687,0.0143500123918056,-0.0011807342171669,-0.0102490981453098
1775066284720628500,275.85162841796875,0.0252523685477673,-0.0154050744026899,0.0123186344283632
1775066284730667500,275.8616674804687,0.036476650134474,-0.0141594582557678,0.0446188939273357
1775066284740706600,275.87170654296875,0.1045652669765055,-0.0223784205466508,-0.0087237152089364
1775066284750746400,275.8817463378906,0.0135351888775825,-0.0042155718684196,-0.0701076467805542
1775066284760785700,275.89178564453124,-0.2160065572023391,0.0277151053994894,-0.071284892132692
1775066284770824400,275.9018244628906,-0.2090859641589224,0.0291921922147274,-0.0114463816384784
1775066284780863500,275.91186352539063,-0.0446432977162301,-0.014263503152132,0.0505898032967932
1775066284790903600,275.92190356445315,0.0962919441498816,-0.0288204362928867,0.035217206391599
1775066284800942300,275.9319423828125,0.0956686976850032,-0.0003851999253034,0.0611574293393641
1775066284810981600,275.94198168945314,0.1173696573615074,0.0318587810754776,-0.0104937388224527
1775066284821020700,275.9520207519531,-0.129821142655611,0.1406219381332397,-0.017696637672279
1775066284831060500,275.962060546875,-0.1922479343436658,0.1371872875094413,-0.048397316487506
1775066284841099500,275.972099609375,-0.0623382366217672,0.0583890606045722,-0.057885750724934
1775066284851138600,275.982138671875,0.1145883560799062,-0.0247428115904331,0.0480531061597168
1775066284861177300,275.9921772460938,0.1268320438422262,-0.0669563979417085,0.0768860914069227
1775066284871217400,276.0022175292969,-0.0220985806919634,0.0022796353697776,0.0395111407258547
1775066284881256700,276.01225659179687,-0.0979530092298984,0.0383452204853296,0.0081330741057172
1775066284891295500,276.02229541015623,-0.0617442162513732,0.0164677351981401,0.0040460239877924
1775066284901334500,276.03233447265626,-0.0128043903850018,-0.0087988080054521,0.0813956960521638
1775066284911374600,276.0423745117188,0.0175287885583937,-0.0199596689671277,0.0692772603710182
1775066284921413400,276.05241333007814,-0.0021850889541208,-0.0165559980034828,0.0092251801913604
1775066284931452400,276.0624523925781,-0.0918402254380285,0.0204372233510017,-0.0335465697656385
1775066284941491700,276.07249169921874,-0.1172492458522319,0.0175917707920074,-0.0540119780315086
1775066284951531500,276.08253149414065,-0.0906220818199217,0.0240589209794998,-0.0301775317239575
1775066284961570600,276.0925705566406,-0.0042915597140789,0.017833178332448,0.0074376209211535
1775066284971609600,276.10260961914065,0.0300935249686241,0.0102852471709251,0.0326196093801409
1775066284981648400,276.1126484375,-0.0090963296473026,0.0311754749864339,0.1008323275258764
1775066284991688400,276.1226884765625,-0.0179262634433805,0.0437350968301296,0.0892374042621813
1775066285001727500,276.1327275390625,-0.0035422026515007,0.0530646507114171,0.0798793001398444
1775066285011766500,276.1427666015625,0.0361513637028634,0.0306079042315483,0.0835293105473741
1775066285021805600,276.1528056640625,-0.0243418295741081,0.0003004442512989,0.0584527734905481
1775066285031845600,276.162845703125,-0.0208874513365328,-0.0140483990967273,0.0401924557872116
1775066285041884400,276.1728845214844,0.1370914259195327,-0.0528887096226215,0.0013173662088811
1775066285051923500,276.18292333984374,-0.0605669891655445,-0.032234628650546,0.0229547225972637
1775066285061962500,276.19296240234377,-0.1280572017230093,-0.0152834938496351,0.0248505280149169
1775066285072002300,276.2030021972656,-0.0035842882275581,-0.0351718511462211,0.0295096058671362
1775066285082041600,276.21304150390625,0.0291641351640224,-0.0247083247989416,0.0315131642418913
1775066285092080600,276.2230805664062,0.0480579284653067,0.005647065976262,0.0128317898485809
1775066285102119400,276.23311938476564,0.003987316070497,0.0327490079134702,-0.0030753523247316
1775066285112159500,276.2431594238281,-0.0089842475749552,0.0355143809735774,0.0350988589752465
1775066285122198500,276.25319848632813,0.0102301559828221,0.0040922377496957,0.0941911542120389
1775066285132237300,276.2632373046875,0.0385093250058591,0.0022673604100942,0.0907639745086431
1775066285142276600,276.27327661132813,-0.022839754448086,0.0032832594543695,0.0713124559930525
1775066285152316700,276.28331665039065,-0.0318565891183912,0.0172545016616582,0.0413073399602435
1775066285162355500,276.29335546875,-0.0525952796339988,0.0351788654088974,0.0098667477642185
1775066285172394500,276.30339453125,-0.0124117378056049,0.0134545248568058,-0.0514522836113348
1775066285182433500,276.31343359375,0.0321989728152751,0.0117757779896259,-0.0434061754030175
1775066285192473300,276.32347338867186,0.0261480022132396,-0.0027811551511287,-0.0495870377287268
1775066285202512400,276.3335124511719,0.0327883170105516,0.0049538230150938,-0.0049896432471461
1775066285212551700,276.3435517578125,0.0209071789503097,0.0014443535894155,0.0326330899162218
1775066285222590500,276.3535905761719,-0.0122631231151521,-0.0118289694815874,0.0312015958083793
1775066285232630500,276.3636306152344,-0.0489279892981052,0.0050607905209064,0.0303202098639681
1775066285242669600,276.3736696777344,-0.0598363368034362,0.0263911633193492,0.0164483546442352
1775066285252708400,276.3837082519531,-0.0492586825571954,0.0432177949577569,0.0028824235685169
1775066285262747600,276.39374755859376,-0.0125159288324415,0.0339063612550497,-0.0132871141343377
1775066285272787500,276.4037873535156,0.0268549814388155,0.0297772986263036,0.0124646553029306
1775066285282826200,276.413826171875,0.001243862581253,0.0254909996092319,0.0100878614353016
1775066285292865300,276.423865234375,-0.0154034669674932,0.0453495462894439,-0.0214064519756473
1775066285302904300,276.433904296875,0.0389187825895845,0.0143950205773115,-0.0149849127618595
1775066285312944000,276.4439440917969,0.0151423318132758,0.010527823755145,-0.0132086420706473
1775066285322983200,276.45398315429685,-0.0234464881695806,0.0033411271214485,-0.026831582296919
1775066285333022500,276.4640224609375,-0.0046985330797731,0.0075000003665685,-0.0058287426861003
1775066285343061200,276.47406127929685,0.0162799575410783,-0.0029132570981979,-0.0279051115462556
1775066285353101300,276.48410131835936,0.0015467910505831,0.0286292976349592,-0.0557405188571661
1775066285363140400,276.4941403808594,0.0405237335681915,0.0385275913149118,-0.0769962189842015
1775066285373179100,276.50417919921875,0.0867993086613714,0.0121077864229679,-0.031316216897685
1775066285383218200,276.5142182617187,0.0442108976483345,0.0090144965827465,-0.0546375260513275
1775066285393257500,276.52425756835936,0.0025156360827386,-0.0139776719480752,-0.1028344245959073
1775066285403297300,276.53429736328127,-0.0199390645705163,-0.0197498256087303,-0.0662967649891972
1775066285413336300,276.54433642578124,-0.0314681743226945,0.0091378307014703,-0.0142068958603776
1775066285423375400,276.5543752441406,-0.054084203017503,0.0181932438164949,-0.063523080758471
1775066285433414100,276.5644140625,-0.0487293979860842,0.024407296025753,-0.0562678306668996
1775066285443454200,276.5744541015625,-0.0696050127543509,0.0025976152777671,0.0081376589492894
1775066285453493200,276.5844931640625,-0.0347908890046179,-0.0004991816937923,-0.0068213704526424
1775066285463532300,276.5945322265625,0.0048116380654275,0.0452665441811084,-0.0640866511916741
1775066285473571300,276.6045712890625,0.0267372002780437,0.0569943913757801,-0.0434511835885234
1775066285483611400,276.614611328125,-0.0173813429117202,0.0389893636077642,0.0268546709115616
1775066285493650200,276.6246501464844,0.0170014036834239,0.0143815765738487,0.0422573889603838
