time,seconds_elapsed,z,y,x
1775066059631875000,50.762875,-0.0181236857116222,-0.0253203192174434,-0.0179381000116467
1775066059641912800,50.77291284179688,-0.0940999870635569,0.0024731121152639,-0.0610036270171403
1775066059651951000,50.782951171875,0.2411456746339798,-0.0094049572050571,-0.0631323278752155
1775066059661988900,50.79298876953125,0.1893826080404222,-0.0232160404145717,-0.0077678392562083
1775066059672028200,50.80302807617188,-0.071148004412651,0.0454769720613956,-0.0362727524596732
1775066059682066000,50.81306591796875,-0.0418576125204563,0.0497971733480691,-0.0775875542071647
1775066059692104200,50.82310424804688,-0.0033211072467267,0.0188186822384595,-0.0044482755125965
1775066059702142000,50.833141845703125,0.0785470286227762,-0.0106739542275667,-0.0045949174416717
1775066059712180000,50.84317993164063,0.0031049802780151,0.0309463424056768,0.0235515742455609
1775066059722219000,50.85321899414063,-0.0385994875073432,0.0544260021924972,0.0023175744936801
1775066059732256800,50.8632568359375,0.071682403550297,0.0522334605842828,0.0365195028955116
1775066059742295000,50.873294921875,0.1618963429607451,0.0354623585253953,0.0621294161766767
1775066059752332800,50.88333276367187,0.1421288355648517,0.0393880075365304,0.0220209397453349
1775066059762371000,50.89337109375,0.0909761559545993,0.0286094238907098,-0.0014531579503789
1775066059772409900,50.903409912109375,0.0452827646635472,0.0404956765174865,0.0023658158158883
1775066059782448000,50.9134482421875,0.0064542907059192,0.002310615029931,0.0496580845377873
1775066059792486000,50.92348583984375,-0.0159026486612856,-0.0387672452896833,0.0240784841964952
1775066059802524200,50.933524169921874,0.0403133056879043,-0.0669692574232816,0.0510765821667388
1775066059812562000,50.94356201171875,0.0720727180421352,-0.0402624522835016,0.0403978695656638
1775066059822601000,50.95360107421875,0.0936262320719659,-0.0015887304961681,0.0083261581255588
1775066059832639000,50.963638916015626,0.0693837712191045,0.0580927080065011,0.0401672208812553
1775066059842677000,50.97367700195313,0.0611048954345285,0.0940723684042692,0.0133763541872147
1775066059852715000,50.98371508789062,0.0388568232692778,0.0690904873609542,-0.0063009085088036
1775066059862753000,50.9937529296875,0.0005073650002479,0.0500578701108694,0.0109272074694279
1775066059872792000,51.0037919921875,-0.0096681381858885,0.0165618432223796,0.0294034055463038
1775066059882829800,51.01382983398437,0.0135445412278175,0.0246902046203613,0.0437245480366516
1775066059892868000,51.0238681640625,0.013261924894154,-0.0116600426554679,0.0479475086270831
1775066059902905900,51.03390576171875,0.092486414387077,0.036615620213747,0.039501514380984
1775066059912944000,51.04394409179688,0.0792540078483522,0.0854138456523418,0.0106754885975271
1775066059922983000,51.05398291015625,0.0770385237559676,0.093695936307311,0.0495255715987645
1775066059933021200,51.064021240234375,0.0407819461129605,0.1722533401936292,-0.0582645209094509
1775066059943059000,51.07405883789063,-0.0496516273975372,0.034513679498434,-0.132236752429977
1775066059953097200,51.08409716796875,0.1622210448704659,-0.0974497358828783,0.4003861327910795
1775066059963135000,51.09413500976562,0.1133142444908618,-0.0283288533836603,0.1151766408292576
1775066059973174000,51.10417407226562,0.0038682197354733,0.0107055184096097,0.0349342977969907
1775066059983212000,51.1142119140625,0.0136297352932393,0.0057166240811347,0.0043088944413699
1775066059993249800,51.124249755859374,0.027176760739088,-0.0037222353935241,-0.0746703881188295
1775066060003288000,51.1342880859375,0.1413606276713311,0.0166185418456792,0.1482252527438104
1775066060013325800,51.14432592773438,0.07900164052248,0.086553078815341,0.0081575144272297
1775066060023365000,51.154365234375,0.0033164310716092,0.0631307021737098,0.0366445905799046
1775066060033403000,51.16440283203125,0.1090714923545718,0.0902116013228893,0.104349888926465
1775066060043441200,51.174441162109375,0.1281235449574887,0.1832680706828832,-0.0587676846586167
1775066060053479000,51.18447900390625,0.0444353540539741,0.1585433792710304,-0.015633147537522
1775066060063517000,51.19451684570313,-0.0078000062264502,0.1063987660139799,0.0126310248457826
1775066060073556000,51.204555908203126,0.0028299627289175,0.1009966147094964,-0.0102330968585796
1775066060083593700,51.21459375,-0.0348984410323202,0.0189104521751403,-0.0066968855564482
1775066060093632000,51.22463208007812,-0.0904920256994664,-0.0167640877962112,0.0327476927392184
1775066060103669800,51.23466967773437,0.0336756212390959,-0.066354924917221,0.0487584779500961
1775066060113708000,51.2447080078125,0.0777938721679151,-0.0835568196088075,0.0731562024299055
1775066060123746800,51.25474682617188,0.1503355228960514,-0.0771960524052381,0.0270392702308483
1775066060133785000,51.26478515625,0.1218551322124898,-0.0083218381434679,-0.0571500568615272
1775066060143822800,51.27482275390625,-0.0967408569611608,0.0204699565768241,-0.0299215294025838
1775066060153860900,51.28486083984375,-0.1096093986235559,0.0024427169770002,-0.0442433751458302
1775066060163900000,51.29489990234375,0.1738169362485408,-0.0342360316008329,0.0967347925465554
1775066060173938000,51.30493798828125,-0.0439852721989154,-0.0451116458803415,0.0681665774490684
1775066060183976000,51.314975830078126,-0.1023405766643583,0.0400040936082601,-0.0168358835239429
1775066060194014000,51.32501391601563,0.1863433864749968,0.045323242804408,-0.0388655454318504
1775066060204052000,51.33505200195312,0.0543817246593534,-0.0338555078506469,0.0215502534936647
1775066060214090800,51.3450908203125,-0.1166121169924735,0.0754945091843605,-0.0140867035468108
1775066060224129000,51.35512890625,-0.1337128893971443,0.1037596496820449,-0.0726808491362724
1775066060234166800,51.36516674804688,-0.0396561569534242,0.0666068538516759,0.0152999517940916
1775066060244205000,51.375205078125,0.1226278701506555,0.0290419700890779,0.0272121882454957
1775066060254242800,51.38524291992187,-0.0940998409330844,0.1139116258621215,-0.1730216394186951
1775066060264282000,51.3952822265625,-0.0553285039901733,-0.0185690913915634,0.1922324993125163
1775066060274320000,51.40531982421875,-0.0109492640376091,0.0216916073262691,0.0638496092990972
1775066060284358100,51.41535815429688,-0.0665185910463333,0.0861152719199657,0.0533080492795445
1775066060294396000,51.42539599609375,-0.0116029056407511,0.0412321740984916,0.0854042284406255
1775066060304434000,51.43543383789063,0.0621216712616384,0.025209260058403,0.0093285857669077
1775066060314473000,51.44547290039063,0.0088730422854423,0.007133505141735,0.0523434602973982
1775066060324510700,51.4555107421875,-0.1308545773565769,-0.0023854338318109,0.0205921307849232
1775066060334549000,51.46554907226562,-0.0770589820221066,-0.0250368261009454,-0.0341125422184821
1775066060344586800,51.475586669921874,-0.0492411469005048,0.0052180269092321,-0.0377196541992016
1775066060354625000,51.485625,-0.0188170748032629,0.0269008664071559,0.0065654503296595
1775066060364663800,51.495663818359375,-0.008309417053312,0.0297182619154453,-0.0302685892745852
1775066060374702000,51.5057021484375,-0.0135642688415944,0.0773725780159235,0.0352066119323484
1775066060384739800,51.51573974609375,-0.0126981535315513,0.0275379952669143,0.0384332823612727
1775066060394778000,51.52577807617188,0.0580721036098897,0.0782066907525062,0.0241677425156813
1775066060404816000,51.53581591796875,0.0239573603011667,0.0996364322721958,-0.0041606724765617
1775066060414855000,51.54585498046875,0.0157421974025666,-0.0019604864180088,0.0113562922022305
1775066060424893000,51.555892822265626,-0.013391542623192,-0.0403308413445949,0.0075757598833646
1775066060434930700,51.5659306640625,-0.131171388220787,-0.000117488899827,-0.0359255829898174
1775066060444969000,51.575968994140624,0.1624326417945325,-0.0374058938086032,-0.0974028280012309
1775066060455007700,51.5860078125,0.0601858808934688,-0.0397346290171146,0.127958828515606
1775066060465046000,51.5960458984375,-0.1512123057305812,0.0442833783626556,0.0892897737702354
1775066060475083800,51.606083740234375,0.0068131871461868,0.0472042342454195,0.025734516908368
1775066060485122000,51.6161220703125,0.0230687408983707,0.0064426002681255,0.1330108603413216
1775066060495159800,51.62615991210937,0.0465302805066108,-0.0817518160134553,0.0365244804647285
1775066060505198800,51.63619873046875,0.1034383087731897,-0.0306786313802003,0.0303535276116803
1775066060515236900,51.64623681640625,0.028075755405426,0.0318079276710748,0.0162549418308306
1775066060525275000,51.65627490234375,-0.0360743529438972,0.0382780004680156,0.0713849458405282
1775066060535313000,51.66631298828125,-0.0799719468593597,0.0530605590581893,0.0976642006174661
1775066060545351000,51.67635083007813,-0.005372925209999,0.0340630131214857,0.0551682353945448
1775066060555390000,51.68638989257813,-0.0158919811367988,0.0066185413569211,0.0935833975772373
1775066060565428000,51.69642797851562,-0.0360030412733554,0.0310422039955854,0.1039799596355296
1775066060575466000,51.70646606445312,-0.0594682341434061,0.0236550163537263,0.0341999647736083
1775066060585503700,51.716503662109375,-0.0805566148795187,0.0278694191783666,0.0926254209989681
1775066060595542000,51.7265419921875,-0.0071206456601619,0.0105459439337253,0.0725672783597372
1775066060605580800,51.73658081054688,-0.0730417092047631,-0.0130798463255167,-0.0098949052796233
1775066060615619000,51.746619140625,-0.0337314430795609,0.017267945665121,0.0326035806939471
1775066060625656800,51.75665673828125,-0.0462779131807386,0.0029079964011907,-0.037447221332835
1775066060635695000,51.766695068359375,-0.0061083998776972,0.0629477468222379,-0.007964238611143
1775066060645732900,51.77673291015625,-0.0897790551245212,0.0731459002315998,-0.0199404345436953
1775066060655772000,51.78677197265625,-0.0550935261905193,0.0967401263087987,-0.0110978787280619
1775066060665810000,51.79680981445313,0.0102653734266757,0.0557400074005126,-0.0333177842447534
1775066060675848000,51.80684790039062,-0.0096902038872241,0.0580196427702903,-0.0411604423028416
1775066060685886000,51.81688598632813,-0.0169582951940596,-0.0111065004259347,-0.0583661546530202
1775066060695923700,51.826923828125,-0.083932667183876,-0.0445189406841993,-0.01990206616153
1775066060705963000,51.836962890625,-0.0294691094599664,-0.0282616333663463,-0.0012536441897507
1775066060716000800,51.84700073242188,-0.0459830218873918,-0.0126268418610095,0.06756116803498
1775066060726039000,51.8570390625,-0.0229996211849153,-0.0052431613504886,0.0578589905821718
1775066060736076800,51.86707690429687,-0.078729253321886,0.0266091899842023,0.0327569354915991
1775066060746115000,51.877114990234375,-0.0903321589626371,0.0112748427301645,-0.024825959829241
1775066060756153900,51.88715380859375,-0.0441113827966153,0.0378746803641319,0.0319036248642019
1775066060766191900,51.89719189453125,-0.0332651407420635,0.0705816027015447,0.0282796439470723
1775066060776230000,51.90722998046875,-0.1189325227640569,0.0704302115321159,0.059887190207839
1775066060786268000,51.91726782226562,-0.1604113650999963,0.0733364543676376,0.0657745677459984
1775066060796307000,51.92730688476563,-0.0587210690379142,0.0446557188063859,0.056717455864232
1775066060806345000,51.93734497070312,-0.01998816440925,0.0136813193500041,0.0122538438301533
1775066060816383000,51.94738305664063,-0.0490633061155676,-0.0372194313257932,0.0262390049649402
1775066060826421000,51.9574208984375,-0.0258848212324082,-0.053892918229103,0.0832106365196406
1775066060836459000,51.967458984375,-0.0462637385249137,-0.0438087465882301,0.0531605305676348
1775066060846498000,51.977498046875,-0.0546821689106524,-0.0365951619476079,-0.0071588770450092
1775066060856535800,51.98753588867187,-0.0645278556205332,0.0040296939074993,0.0043801695792935
1775066060866573800,51.99757373046875,-0.0750339059352874,0.0117804541647434,0.0114114199229516
1775066060876611800,52.00761181640625,-0.0382242244541645,0.0148263977319002,0.0185270606144331
1775066060886649900,52.01764990234375,-0.1465500130079686,-0.006663549542427,0.0683799644714221
1775066060896689000,52.02768896484375,-0.1385423553802073,-0.0374719447821378,0.0582366099892184
1775066060906727000,52.03772680664063,-0.0692180592633783,-0.0618856705486774,0.0629044922024011
1775066060916765000,52.04776489257812,0.0009925181686878,-0.0378980612397193,0.0532365366796031
1775066060926803000,52.057802978515625,-0.0028876842655241,-0.0230137958407402,0.0350909496634267
1775066060936841000,52.06784106445313,-0.1194445639394223,0.0180856917887926,-0.0272292581113055
1775066060946879700,52.077879638671874,-0.1004160383425653,0.0725999567866325,-0.0241683179044164
1775066060956918000,52.08791796875,0.0081776073671877,0.0639011020243167,0.0298895268291234
1775066060966955800,52.09795581054688,-0.1467826527200639,0.0137660750240087,0.0276126314057037
1775066060976993800,52.10799389648437,-0.1316660398699343,0.029778467670083,0.0482934359879232
1775066060987032000,52.11803198242188,0.2004325559735298,-0.000872691181302,0.0468023571799509
1775066060997070800,52.12807080078125,0.0830358644746244,0.0284276375830173,0.0072113744172267
1775066061007108900,52.13810888671875,-0.1079484796740114,0.0710766927421093,-0.014998247167468
1775066061017147000,52.14814697265625,-0.0841233674503862,0.0326958164215087,-0.0301616583013907
1775066061027185000,52.15818481445312,-0.0261829273961484,-0.0515676901519298,0.0134785633195191
1775066061037223000,52.168222900390624,0.0796362851642072,-0.0822328775286674,0.0316096834189258
1775066061047262000,52.17826196289062,-0.0397135862290859,-0.0632435148984193,0.0620489713516086
1775066061057300000,52.188300048828125,-0.1243780748188495,-0.0143710551798343,0.0091870949369855
1775066061067338000,52.198337890625,-0.0165372933030128,0.0104185181617736,-0.0069199537225998
1775066061077376000,52.2083759765625,0.0892097308039665,-0.0065144964605569,0.0258678883639164
1775066061087415000,52.2184150390625,0.0454170585677027,-0.0119014501959085,0.0982391144285909
1775066061097452800,52.22845288085937,0.0434229621410369,0.0020265373915433,0.0201706813693046
1775066061107491000,52.23849096679688,0.0065910688281059,0.0378074603468179,-0.0281834170309826
1775066061117528800,52.24852880859375,-0.0711515115439891,0.0201321029245853,-0.0316025595583953
1775066061127566800,52.25856689453125,-0.0985328549444675,0.0559913518130779,-0.0485098917501978
1775066061137606000,52.26860595703125,-0.1072305406630039,0.0391571213901042,-0.0046164260205812
1775066061147644000,52.27864379882813,-0.0858360165871679,0.0392611662864685,-0.0103523575903847
1775066061157682000,52.28868188476562,-0.089996643397957,0.0564285741865634,-0.0086447864875197
1775066061167720000,52.298719970703125,-0.1139654018759727,0.0675222151309251,-0.0193226862378418
1775066061177758000,52.30875805664063,-0.0592366173446178,0.0488368038833141,0.0141615040823817
1775066061187796700,52.318796630859374,-0.0364379255592823,0.0517412931531667,0.0140376950396224
1775066061197835000,52.3288349609375,-0.058618047054857,0.0714238987445831,0.0518354559763334
1775066061207872800,52.33887280273437,-0.059050593253225,0.0576759438991546,0.0535403236654587
1775066061217911000,52.3489111328125,-0.1098106202840804,0.0293576119095087,0.0394880338449031
1775066061227948800,52.35894873046875,-0.1808079641796648,0.0002314706683158,0.0256509028786793
1775066061237988000,52.368988037109375,0.0961583808980882,-0.0230021054029464,-0.0324104236088693
1775066061248025900,52.37902587890625,-0.0372799293413758,-0.0198228908449411,-0.0216447542435489
1775066061258064000,52.38906396484375,-0.1403812612451613,0.0173182145476341,0.0212685778749175
1775066061268102000,52.39910180664062,-0.1168001869104802,0.0515852258086204,0.0724547761622816
1775066061278140000,52.409139892578125,-0.1488742181718349,0.037967619344592,0.0488264103534631
1775066061288179000,52.41917895507813,-0.0370424673236906,0.0601771130651235,0.0488347945893183
1775066061298216700,52.429216796875,0.0067721244834363,0.0605056143671274,0.0244654194211587
1775066061308255000,52.4392548828125,-0.0020750527083873,0.0569984830290079,0.0392295838381163
1775066061318292700,52.44929272460938,-0.0039478608429431,0.0325596228212118,0.0476711028384976
1775066061328332000,52.45933203125,-0.0380734178066253,0.0348205534905195,0.0502128232105635
1775066061338369800,52.46936987304687,-0.0488556547142565,0.0326157369226217,0.0614078787027858
1775066061348408000,52.479407958984375,-0.0893139218308031,0.0215443078100681,0.0301830298829823
1775066061358445800,52.48944580078125,-0.082504095685482,-0.0121270756453275,0.0361736851325258
1775066061368484000,52.49948413085937,-0.0457492131315171,-0.0439531234949827,0.0549497520719654
1775066061378523000,52.50952294921875,-0.0480624585099518,-0.032516368201375,0.0112606132754124
1775066061388561000,52.51956079101563,-0.0396961967028677,-0.0010462941825389,0.0044294520811177
1775066061398599000,52.52959887695312,-0.0160883804917335,0.0113899935424327,0.0130754806776531
1775066061408637000,52.53963696289063,-0.0227085292838513,0.0042196635216474,0.0257479152460582
1775066061418675000,52.54967504882813,-0.0209819977521896,0.0050730654805898,0.0597654087253846
1775066061428713700,52.55971362304688,-0.0610451280713081,-0.0110877957254648,0.0617597608803771
1775066061438752000,52.569751953125,-0.0801776985645294,-0.0027624504506587,-0.0085556651656515
1775066061448789800,52.57978979492187,-0.0239909703098237,-0.0046095396220684,-0.0693175558487884
1775066061458828000,52.589828125,-0.0195243462897837,-0.0242518132030963,-0.0037449221493676
1775066061468865800,52.59986572265625,-0.0797733555473387,-0.0427069228261709,0.0165461341965943
1775066061478905000,52.60990502929688,-0.0620225948013365,0.0055611412584781,0.0183009054420515
1775066061488942800,52.61994287109375,-0.0524995641745626,0.0201882170259952,0.0225045311443507
1775066061498981000,52.62998120117187,-0.074327803492546,-0.0036263738036155,0.0205049365586601
1775066061509019000,52.64001879882812,-0.0521288311660289,0.0320680399119853,0.0053507681771181
1775066061519058000,52.65005786132812,0.0083257836662232,0.0422317065298557,-0.0430187287217006
1775066061529096000,52.66009594726562,0.0078606503725051,0.036352585363388,-0.0597176605935208
1775066061539133700,52.6701337890625,-0.0108392277918756,0.0219207399070262,-0.0407995548348873
1775066061549172000,52.680171875,0.0061316346228122,0.0015437223106622,-0.0314127360747195
1775066061559209700,52.69020971679687,-0.0112953009963035,-0.035451837131381,-0.0089795713998377
1775066061569249000,52.7002490234375,-0.1097979069329798,-0.0449234298318624,0.0369049037502147
1775066061579286800,52.71028686523437,-0.1187175648391246,-0.0371463660895824,-0.0012923048328608
1775066061589325000,52.72032495117188,-0.0667209817506372,-0.0840372966021299,-0.0223059946312569
1775066061599362800,52.73036279296875,-0.049155952835083,-0.0997276176869869,0.0066987304536625
1775066061609401000,52.74040112304687,-0.0506688416160643,-0.0448749145150184,-0.0280538906334899
1775066061619439900,52.75043994140625,-0.05664017111063,0.0148480250418186,-0.0206727126073092
1775066061629478000,52.76047778320312,-0.0631587592244148,0.0242272632837295,-0.0228672269769012
1775066061639516000,52.770515869140624,-0.0799824682533741,0.0358259311407804,-0.0244128855163231
1775066061649554000,52.780553955078126,-0.0518402234829962,0.02870236287117,-0.0458772964905947
1775066061659592000,52.79059204101563,-0.049197892280668,0.0328641587257385,-0.0260807639296166
1775066061669631000,52.800630859375,-0.0984755717992782,0.0166752404689788,0.0177667620327323
1775066061679669000,52.8106689453125,-0.1044599069058895,0.0183481421172618,0.024089845840726
1775066061689706800,52.82070678710937,-0.0910100582242011,0.0004629413366317,0.0122955275474116
1775066061699745000,52.8307451171875,-0.1029319666862487,0.0068038347959518,0.0075482051561586
1775066061709782800,52.84078271484375,-0.0792212746225297,0.0096317516982555,0.0791346740513108
1775066061719821800,52.85082177734375,-0.0063736266851425,0.0706739571601152,0.0514188014668412
1775066061729859800,52.86085986328125,-0.1215666706599295,-0.023047698110342,0.0036347763057798
1775066061739897900,52.87089794921875,-0.2539187930978834,-0.0085743515998125,0.0142805273521691
1775066061749935900,52.88093579101562,-0.0779822343468666,-0.0055447746455669,0.0397251853353343
1775066061759975000,52.89097485351562,-0.0462589162193238,-0.0236105926901102,0.0720952038685791
1775066061770013000,52.901012939453125,-0.073135232707113,-0.0184486798822879,0.0308090162942186
1775066061780051000,52.91105102539063,-0.0476852957606315,0.0130412678807973,0.0350506724519655
1775066061790089000,52.9210888671875,0.0811750390388071,0.0054950902849435,-0.0100635672442615
1775066061800126700,52.93112670898437,-0.0630897856414318,0.0297936652392148,-0.0161265936102718
1775066061810165800,52.94116577148438,-0.2327614387787878,0.0819143130987882,-0.0146454699407331
1775066061820204000,52.9512041015625,-0.1385889710009098,0.0542874705046415,-0.0369785169756971
1775066061830241800,52.96124169921875,0.0267114813148975,-0.0032031799554824,0.0262964342406019
1775066061840279800,52.97127978515625,0.0693264880739152,0.0125339028805494,0.0667800001951865
1775066061850318000,52.98131811523437,-0.0106523269176483,0.0568932690888643,0.0096321170244365
1775066061860356900,52.99135693359375,-0.0690273589968681,0.0527495934128761,-0.0636598771469667
1775066061870395000,53.00139477539062,-0.023812252742052,0.0256166718155145,-0.0559474030734971
1775066061880433000,53.011432861328124,-0.0032138474799692,-0.0289835179001092,-0.0102272699059918
1775066061890471000,53.02147094726563,-0.005051292040199,-0.055644145810604,0.0070051843206398
1775066061900509000,53.03150903320312,-0.0066214639663696,-0.0478664975464344,-0.0444347877983935
1775066061910548000,53.0415478515625,-0.0839301829658448,-0.0299169993579387,-0.0685621891705319
1775066061920586000,53.0515859375,-0.1071251805923879,0.0079027359485626,-0.0833468301199376
1775066061930624000,53.0616240234375,-0.068125880112499,0.0488847346782684,-0.081432173871342
1775066061940662000,53.071662109375,-0.016484686332941,0.0825011730760336,-0.0870925925195217
1775066061950701000,53.081701171875,0.0148550393044948,0.086496964713931,-0.0576825380367226
1775066061960738800,53.09173876953125,0.0294807998977601,0.0590787964344024,-0.0010368870333768
1775066061970776800,53.10177685546875,-0.0090812782086431,0.0158615859985351,0.0241968864117749
1775066061980814800,53.11181494140625,-0.048049014506489,-0.0120382283180952,0.0506544112319126
1775066061990852900,53.12185278320312,-0.0213433784104883,-0.0324316125273704,0.0397467761126346
1775066062000892000,53.13189184570312,-0.0319068580009043,-0.0755161364942789,0.0223101228171028
1775066062010930000,53.14192993164063,-0.0744423697829246,-0.099712420117855,-0.0054246736635454
1775066062020968000,53.15196801757813,-0.1559035322867333,-0.0547352142721414,-0.0565261345432139
1775066062031006000,53.162005859375,0.06299976927042,-0.0219517195671796,-0.0521022719526663
1775066062041044000,53.1720439453125,0.0699868516787886,0.0069645783156156,-0.010906456942344
1775066062051083300,53.18208325195312,-0.1548890945471823,0.0617845482617616,0.0222316872860305
1775066062061121500,53.19212158203125,-0.1319708680354058,0.0541232198536396,0.0157395213882904
1775066062071159300,53.2021591796875,-0.0436287138462066,0.0020195231288671,-0.0099384795598685
1775066062081197300,53.212197265625,0.0028815467856824,-0.0351847106277942,-0.026260084285587
1775066062091235300,53.2222353515625,-0.0305189107738435,-0.0044265842705965,-0.021279848187603
1775066062101274400,53.2322744140625,-0.0979132617413997,0.0339852717101573,0.0246379721096251
1775066062111312400,53.2423125,-0.0692753424085676,0.0757335786372423,0.0925875275408383
1775066062121350400,53.25235034179688,0.0241978910587728,0.0782341632813215,0.0444768094423692
1775066062131388400,53.26238842773437,0.0640482554100453,0.0525660535395145,-0.004497302286094
1775066062141427200,53.27242724609375,0.007300532271713,0.0165852240979671,0.0197819377800449
1775066062151465500,53.28246557617187,-0.055225482007116,0.0163040690690279,0.0245478096081409
1775066062161503200,53.29250317382812,-0.1034194579422473,0.0164139591842889,-0.0215392115098424
1775066062171541500,53.30254150390625,-0.0592212736450135,-0.0235953951209783,-0.0395197532905731
1775066062181579300,53.31257934570313,-0.0300303966045379,-0.0578501314222812,-0.030207853796985
1775066062191618600,53.32261865234375,-0.0351122299134731,-0.0388110844314098,0.0182647929490543
1775066062201656300,53.33265625,-0.0803648916997015,-0.0086392335295677,0.0315278229549061
1775066062211694600,53.34269458007813,-0.1085761100530624,0.0592863017052412,0.0313495437785517
1775066062221732400,53.352732421875,-0.092650665038079,0.0773240626990795,0.029355639148131
1775066062231770400,53.36277026367188,-0.0454828172802925,0.0519867923468351,0.03966510744486
1775066062241809400,53.37280932617188,-0.0089851243577897,0.0524286908954381,0.0262480102553032
1775066062251847200,53.38284716796875,0.022568390160799,0.0382300696730613,-0.0072470850514248
1775066062261885400,53.39288549804687,0.0274161224529147,0.0125724813252687,0.012139040077757
1775066062271923200,53.40292309570312,-0.0205903680860996,-0.011270166555047,-0.0073264886968769
1775066062281962500,53.41296240234375,-0.030904841351509,-0.0126198275983333,-0.0250042938045226
1775066062292000300,53.423000244140624,0.0053415071584284,-0.0581774636805057,0.0166384977883193
1775066062302038500,53.43303857421875,0.0348981487713754,-0.0544435378491878,0.0542246800672728
1775066062312076300,53.443076171875,0.0226116447806358,-0.031842998984456,0.0515192387671675
1775066062322114600,53.45311450195312,0.0353812561132013,0.0301227510631084,0.006355780501198
1775066062332153300,53.4631533203125,0.0572597643136978,0.0486088403463363,-0.0444787274048198
1775066062342191400,53.47319140625,0.0526186605095863,0.0604980155825614,-0.0220116695934906
1775066062352229400,53.4832294921875,0.0734216484330594,0.0550023407757282,-0.0312232048519887
1775066062362267100,53.49326708984375,0.0513477637909352,0.0286661225140094,-0.0236648253616876
1775066062372305400,53.50330541992187,0.0367325245916843,0.0276870483487844,-0.0197823122393805
1775066062382344200,53.51334423828125,-0.0070386664651334,0.0315980843126773,-0.0229615633300039
1775066062392382500,53.523382568359374,-0.0539770893812179,0.0573977114796638,-0.0487029940363485
1775066062402420200,53.53342016601562,-0.085702599465847,0.0505143817067146,-0.0767436689952388
1775066062412458500,53.54345849609375,-0.0415348103068769,0.0664759209483861,-0.0648321814625058
1775066062422496300,53.55349633789063,-0.022079729861021,0.07540215472579,-0.0134288972252048
1775066062432535300,53.56353540039063,0.0013699731789529,0.0462163922518491,-0.0010431980431545
1775066062442573300,53.5735732421875,0.0075660513401031,0.085488079932332,-0.0394393906638957
1775066062452611300,53.583611328125,0.0085736209474503,0.0628951398521661,-0.07518695933884
1775066062462649300,53.5936494140625,0.0125543611466884,0.0210042095839977,-0.0578107857925817
1775066062472687400,53.60368725585938,0.0002267944931983,0.0357797539114952,-0.0310168412254657
1775066062482726400,53.613726318359376,0.022591624905914,0.0295586874395608,-0.0373743661591783
1775066062492764400,53.62376440429688,0.092892218708992,-0.003981763112545,-0.017589021712495
1775066062502802400,53.63380249023437,0.0232021580196917,-0.0208107328385114,-0.0253130309601314
1775066062512840200,53.643840087890624,-0.1992424694061279,0.0143067577719688,-0.0755767623740248
1775066062522879500,53.65387939453125,-0.1900513010822236,0.0281423909008502,-0.0535328436119016
1775066062532917200,53.663917236328125,0.1243032560169696,0.0125415016651153,-0.0052621583119034
1775066062542955500,53.67395556640625,0.1943852386333048,0.003142389678955,0.0076140917329117
1775066062552993300,53.6839931640625,0.0022926409818232,0.0765606771111488,0.0466146708544343
1775066062563031600,53.694031494140624,0.0534356759808957,0.1373895320832729,-0.0544643249088898
1775066062573070300,53.7040703125,-0.0348212841428816,0.1504874985873699,-0.0459123221382033
1775066062583108400,53.7141083984375,-0.0894530380405485,0.1488707110404968,-0.0122710780927445
1775066062593146400,53.724146484375,0.0146526486001908,0.0776192462533712,0.0305416797280777
1775066062603184400,53.73418432617188,0.041372313221544,0.0268090964704751,0.0618669475818984
1775066062613222400,53.74422241210937,0.1120212820708751,0.0086187752634286,0.0225704085879493
1775066062623261400,53.75426147460937,0.0740671067297458,0.0227910930007696,-0.0075183123413939
1775066062633299500,53.76429956054688,-0.0224244516454637,0.059292146924138,-0.0044577648601494
1775066062643337200,53.77433715820312,-0.0317839622735977,0.0484901824027299,0.0053406303755939
1775066062653375500,53.78437548828125,0.0049392099678516,-0.0035287586480379,0.0487815391652751
1775066062663414500,53.79441455078125,0.0300340498663485,-0.0357587111234664,0.0670457110598217
1775066062673452300,53.80445239257813,0.0039892157666385,-0.0056090720534324,0.0074689202417153
1775066062683490300,53.814490234375,-0.0277425779283046,0.0360357744991779,-0.0539481555476784
1775066062693528300,53.8245283203125,-0.0309467807970941,0.0835059662044048,-0.0339912721926812
1775066062703566300,53.83456640625,0.0351603068388998,0.0930009397804737,-0.036799671543762
1775066062713605400,53.84460546875,0.0654126756310462,0.1110644197374582,-0.0433880643575917
1775066062723643400,53.85464331054688,0.0530969455458223,0.1037292545437812,-0.0322095581413712
1775066062733681400,53.86468139648437,0.0422996571995317,0.1140548337250947,-0.0063522277040872
1775066062743719400,53.874719482421874,0.0165349552154541,0.0613274521440267,0.0029623569369316
1775066062753757400,53.88475732421875,-0.0238964238941669,0.0240577519357204,0.0159734032094012
1775066062763796200,53.89479614257812,-0.0409210623227059,0.0108346977472305,0.053912992902752
1775066062773834500,53.90483447265625,0.0374577701263129,0.0245873287677764,0.0133238294155336
1775066062783872300,53.91487231445313,0.042054011875391,0.0251180746436119,-0.0186116975574288
1775066062793910300,53.92491015625,-0.0962684171438217,0.0248410112679004,-0.0536503233785741
1775066062803948300,53.9349482421875,0.1160511221088469,0.0646966363161802,-0.0226495017061475
1775066062813987300,53.9449873046875,0.2436475744523107,0.0388537545293569,-0.0317444796465802
1775066062824025300,53.955025390625,-0.0902817439496517,0.0678133070319891,-0.0171318251300603
1775066062834063400,53.9650634765625,-0.0115817167222499,0.0514063621103763,-0.0385679233253002
1775066062844101400,53.97510131835938,0.1153859361983835,0.0038818098694086,0.0097687581493053
1775066062854140200,53.98514013671875,0.1068482633471488,0.0528577299624681,-0.0522914104497525
1775066062864178400,53.99517846679687,0.0426104767143726,0.1097264491319656,-0.0932610885540023
1775066062874216200,54.00521630859375,0.0314098682641983,0.0787953042954206,-0.0559113088468089
1775066062884254500,54.01525439453125,0.0462356814742088,0.0566658900737762,0.0174779899529181
1775066062894292500,54.02529248046875,0.0282030350469052,0.0719061293035745,0.0612131872477475
1775066062904331500,54.03533154296875,0.0524269373297691,0.0278998143166303,-0.0088003423754125
1775066062914369300,54.04536938476563,0.0742493314288556,0.0157370828360319,-0.0488104364661965
1775066062924407600,54.05540747070312,0.0656033758975565,0.0236100081682205,-0.0501007776708342
1775066062934445300,54.0654453125,0.05662146641016,-0.0029787235498428,-0.016812530047819
1775066062944483300,54.0754833984375,0.0824481277145445,0.0606359627485275,-0.054928627085546
1775066062954522400,54.0855224609375,0.0681352324627339,0.058087447309494,-0.0269873391142114
1775066062964560400,54.09556030273438,0.0365806950308382,0.0611485884457826,-0.007562909534946
1775066062974598400,54.10559838867187,0.0057715691387653,0.0461287139683961,-0.0365180507239419
1775066062984636400,54.115636474609374,0.0180512049973011,0.0579220276147127,-0.0274817624344956
1775066062994675500,54.12567553710937,-0.0009843348622322,0.0439981316804885,0.0100979170384351
1775066063004713200,54.13571313476562,-0.0231108264744281,0.0323527020722627,0.0252878417199477
1775066063014751500,54.14575146484375,-0.0133211077354848,0.0691688132941722,0.0107230266668368
1775066063024789200,54.15578930664063,0.054948564761877,0.0723076958417892,0.0084974321723915
1775066063034827500,54.16582763671875,0.018392565780878,-0.0171703305095434,0.0167678689221851
1775066063044866300,54.1758662109375,0.0542448004066944,0.012357377269864,0.0030492497690953
1775066063054904300,54.185904296875,0.073563248860836,0.0089496146529912,-0.0090316029811743
1775066063064942000,54.195942138671874,0.0173521168172359,-0.0359802449196577,0.0465969434014987
1775066063074980000,54.20597998046875,0.0056346448861062,-0.0284042567074298,0.0128764601073693
1775066063085018000,54.21601806640625,-0.0033930034391582,-0.0087596450388431,-0.0174792320619337
1775066063095057000,54.226056884765626,0.0298059401988983,0.0317874694049358,0.004885981943272
1775066063105095200,54.23609521484375,0.041928924190998,0.0347772988706827,0.0413151579405181
1775066063115133000,54.2461328125,0.0270924434565007,0.0548468579530715,0.0226560227784793
1775066063125171200,54.256171142578125,0.0280849616251885,0.04623334338665,0.0530099979147315
1775066063135210000,54.2662099609375,0.0419676487661898,0.0687473730117082,0.0335123569687828
1775066063145248300,54.27624829101563,0.0263387024797499,0.04147767329216,-0.0214127721185795
1775066063155286000,54.2862861328125,-0.0196202078796923,0.0175075996398925,0.0147931895820423
1775066063165324300,54.29632421875,-0.0337995398797094,0.0122971715152263,0.0353459016720298
1775066063175362000,54.30636206054688,-0.0525708758451044,0.0040460605204105,-0.0167696407541632
1775066063185401000,54.31640112304687,-0.0173427644670009,-0.0159352357566356,-0.012432387867989
1775066063195439000,54.326439208984375,-0.0016039280652999,-0.0553039540708065,0.0577277928174007
1775066063205477000,54.33647705078125,-0.0007237842299044,-0.0363975935488939,0.0652804366866592
1775066063215515100,54.34651513671875,0.0228736567176878,0.0120797293722629,0.0226901168443262
1775066063225553200,54.35655322265625,0.0355704950749874,0.0281663562983274,0.0087421093821525
1775066063235592200,54.36659228515625,0.0285971489310264,-0.0031949966490268,0.0185784346086438
1775066063245630000,54.3766298828125,0.065917556413263,0.0058685997724533,0.0084438205553218
1775066063255668200,54.38666821289063,0.0797379919730126,0.0149824650764465,0.0425533670991193
1775066063265706000,54.3967060546875,0.0709084965683519,0.0197714529186487,0.094049946509907
1775066063275745300,54.40674536132813,0.1494889890693128,0.0110264209270477,0.103516534241708
1775066063285783000,54.41678295898438,0.0367838163875043,-0.0062584758728742,-0.0033003293201792
1775066063295821300,54.4268212890625,-0.1627168655633926,-0.0056932432055473,-0.0688629896148573
1775066063305859000,54.436859130859375,0.0643722266674041,0.0011053308933973,-0.0202428332900628
1775066063315897300,54.4468974609375,0.0259809750832617,-0.0394657489478588,0.0652374560614582
1775066063325936000,54.45693603515625,-0.2013980400048196,0.0496405214816331,0.0424881289763376
1775066063335974100,54.46697412109375,0.0629855946145951,0.072291329228878,0.0214235309746116
1775066063346012200,54.47701220703125,0.1960061178334057,0.0250853414177894,0.0502966473028063
1775066063356050000,54.4870498046875,-0.0043837680421769,0.0746820237576961,0.0370709810321219
1775066063366088200,54.497088134765626,-0.1104863275885581,0.0978670845121145,-0.0048850138288922
1775066063376127000,54.507126953125,-0.0458403985463082,0.0525046787410974,0.0288391044607385
1775066063386165200,54.51716528320313,0.091651863259077,-0.0188350488513708,0.0720661147714126
1775066063396203000,54.527203125,0.1288825466312468,-0.0299701908499002,0.0524923581156413
1775066063406241300,54.5372412109375,-0.0090273560643196,0.0186585232406854,-0.0544816231035627
1775066063416280000,54.54728002929688,-0.06182488027215,0.0404161815404892,-0.0674674892690032
1775066063426318000,54.55731811523437,-0.0315244345545768,0.021385902377963,-0.0035688988621812
1775066063436356000,54.56735620117188,0.046847091370821,0.0154892455548048,0.0387223375688772
1775066063446394000,54.57739404296875,0.0705225659906864,0.0412087932229042,0.0419235812956001
1775066063456432000,54.58743212890625,0.0122599082447588,0.0153869542241096,0.0007910681793
1775066063466471200,54.59747119140625,-0.0557480445764958,0.0045943420529365,-0.0670025295052211
1775066063476509200,54.60750927734375,-0.0715979401372373,0.0553302575558423,-0.0444819879409857
1775066063486547200,54.61754711914063,-0.0032137013494968,0.0579500846654176,-0.0067042377458419
1775066063496585200,54.62758520507813,0.0212368492960929,0.0453881247341632,-0.0131281789792701
1775066063506623000,54.637623046875,0.0272829975925385,0.0594336012214422,0.0044578561916947
1775066063516662000,54.647662109375,0.0168071962855756,0.0282049347430467,0.0398915457450319
1775066063526700000,54.65769995117188,0.0277402398407459,0.0139390935033559,0.0367483523484785
1775066063536738000,54.66773803710937,0.031227497434616,0.0205845228672027,0.0438517911455128
1775066063546776000,54.67777612304688,0.0321193317078053,-0.0077127663344144,0.0357182786483783
1775066063556815000,54.68781518554688,0.0232766845606267,0.0021995558708906,0.0279212132976856
1775066063566853000,54.69785302734375,0.0174875797651708,-0.0279804783374071,-0.0130136492215096
1775066063576891100,54.70789111328125,0.0144585873328149,-0.0414952089488506,-0.0267428263012319
1775066063586929200,54.71792919921875,-0.0594869388438761,0.0027232874840497,0.0354604040303267
1775066063596967200,54.72796728515625,0.1379261231780052,0.0396282460331916,0.0517839541179593
1775066063607006000,54.738005859375,0.0719569827079772,0.0532031823992729,0.0347959761716891
1775066063617044200,54.748044189453125,-0.0944141675792634,0.0752519326001405,0.0300882734047714
1775066063627082000,54.75808203125,-0.0261107389427721,0.0570575197398662,0.0204991278723813
1775066063637120000,54.7681201171875,-0.0144178169310092,0.0447176781266927,0.0337148024720139
1775066063647159000,54.77815893554688,0.0429705421984195,0.0595218640267848,-0.0260025749937165
1775066063657197000,54.78819702148437,0.0153916303992271,0.0614618921786546,-0.0290258409381844
1775066063667235000,54.798235107421874,-0.0012403554499149,0.0543038371175527,0.0403940427739173
1775066063677273000,54.808273193359376,0.0411759138666093,0.0667909782469272,0.0695813578841276
1775066063687311000,54.81831103515625,0.0706897392511367,0.0617003771096467,0.0707510044516995
1775066063697350100,54.82835009765625,0.0721019441366195,0.0263180980831384,0.0481937384731136
1775066063707388200,54.83838818359375,0.0487773287810385,0.0110807814627885,-0.0218149231786839
1775066063717426200,54.84842626953125,0.0110334351897239,-0.0067097267717123,-0.0449334489023778
1775066063727464200,54.858464111328125,-0.0579739039324223,0.0156102415859699,-0.0109394824291113
1775066063737502200,54.86850219726563,-0.0287748435854911,0.0479898316651582,-0.000902310001431
1775066063747541200,54.878541259765626,0.0318901991270482,0.087013682064414,-0.0136841688942164
1775066063757579000,54.8885791015625,0.0518247336529195,0.0624362901687622,-0.008920598621061
1775066063767617300,54.8986171875,0.0283000656805932,0.0670236179590225,-0.0141772861734032
1775066063777655000,54.90865502929688,0.0259269068084657,0.0428361021637916,0.0069781319169327
1775066063787693000,54.918693115234376,0.0017008125685155,0.0082440967321395,-0.0006380330420564
1775066063797732000,54.928732177734375,-0.0283421512566506,-0.0054728784531354,-0.0064071179627906
1775066063807770000,54.93877001953125,0.0007318214058876,-0.0190910694390535,0.0339053383417427
1775066063817808100,54.94880810546875,0.0127438923694193,-0.0095429043710231,0.0130292577825952
1775066063827846100,54.95884619140625,0.0496468050919473,-0.0012333411872386,0.0268262759341392
1775066063837885200,54.96888525390625,0.0663758215747773,-0.018353402814269,0.0119151133950799
1775066063847923000,54.9789228515625,0.0746197721764445,-0.0378337638318538,0.0032641894277185
1775066063857961200,54.98896118164063,0.0703286508537828,-0.0273158769488334,-0.0515898837174288
1775066063867999000,54.9989990234375,0.0238157598733901,-0.0123661450982093,-0.0470957963017281
1775066063878037200,55.00903735351562,0.0233541337110102,0.0147433956235647,-0.0275186238461639
1775066063888076000,55.01907592773438,-0.0072023325942456,0.0323433497220277,-0.0236127207151148
1775066063898114300,55.0291142578125,-0.028274346717447,0.0524719455152749,0.0016164313538465
1775066063908152000,55.039152099609375,-0.0252102829717099,0.0403852018803358,0.0020278616989497
1775066063918190000,55.04919018554688,0.0146143624164164,0.0708937373906374,-0.0489166367870289
1775066063928229000,55.05922900390625,0.0510825369834899,0.047356209936738,-0.0481372499123681
1775066063938267100,55.06926708984375,0.0312158069968223,0.0697299543082714,-0.0760081851943861
1775066063948305200,55.07930517578125,0.0348958106838166,0.0660568187534809,-0.0648486120074987
1775066063958343000,55.08934301757812,0.012388210799545,0.0370242010146379,-0.0523304820848163
1775066063968381200,55.099381103515626,0.0101603056170046,0.0432242246985435,-0.0430640839670784
1775066063978420000,55.109419921875,0.0213537536740303,0.0235544785887002,-0.0264100598160643
1775066063988458200,55.11945825195313,0.0108453652717173,0.0220820679485797,-0.0251136815962847
1775066063998496000,55.12949609375,-0.0055598260842263,0.0114712420850992,-0.0398399525551125
1775066064008534300,55.1395341796875,0.0067126493811607,0.0049865562409162,-0.0481123985989019
1775066064018572000,55.14957202148437,0.0092049045883119,0.0189215580910444,-0.0061026916561182
1775066064028611000,55.15961108398437,-0.0374726754344999,0.0283031344205141,0.021681524323672
1775066064038649000,55.16964916992188,-0.0492975532628595,0.0410959804981946,0.022549511930393
1775066064048687000,55.17968701171875,-0.0175346337772905,0.0614981325358152,0.0181161782586015
1775066064058724900,55.18972485351563,-0.013566899190098,0.0648234775662422,-0.010188006474683
1775066064068764000,55.19976391601563,-0.0048269817650318,0.029769115319848,-0.004159567364864
1775066064078802000,55.20980200195312,0.036510260143131,0.0169610716730356,0.0185422307841014
1775066064088839700,55.21983959960937,0.0452558766566216,0.0124906482607126,0.0032934794542845
1775066064098878000,55.2298779296875,0.0940871275819838,6.95581048727e-05,0.024630318526132
1775066064108915700,55.23991577148438,0.0457366459108889,-0.0108949035018682,-0.0266811501087155
1775066064118955000,55.249955078125,-0.1373589908145368,0.0042336920469999,-0.1085412305359262
1775066064128992800,55.25999267578125,0.0121042792916297,0.0084065938174724,-0.0313767788453493
1775066064139031000,55.27003100585937,0.0037432781815528,-0.0152262107044458,0.0834313026661519
1775066064149068800,55.28006884765625,-0.2266929325200617,0.0501373650878667,0.0658718175753951
1775066064159107800,55.29010791015625,-0.0052725335754454,0.0627273820698261,0.006034357393952
1775066064169145900,55.30014575195312,0.1976419023416936,0.0019037877947092,0.0579042727623134
1775066064179183900,55.31018383789063,0.0169952662035822,0.0665770432353019,0.0449090542466379
1775066064189222000,55.32022192382812,-0.1078350824274122,0.1155862810760736,-0.0124466721216682
1775066064199259600,55.330259765625,-0.0558836536549031,0.0617944851338863,-0.0337533352509606
1775066064209299000,55.340298828125,0.0897216258488595,0.0297901581078767,0.0128347398574929
1775066064219336700,55.35033666992187,0.1138391451478004,0.0193915136903524,0.0435955056963488
1775066064229375000,55.360375,-0.0213267195366323,0.0547106643527746,0.0385112064356915
1775066064239412700,55.37041284179688,-0.0809409380219876,0.0737637398689985,-0.018136782655213
1775066064249451800,55.38045166015625,-0.0158976802252233,0.0310258373826742,0.0083663257391657
1775066064259489800,55.39048974609375,-0.0077213880322873,-0.0231026431679725,0.0946564519025385
1775066064269527800,55.40052783203125,0.0093149408340454,-0.0227034147173166,0.0675584737543947
1775066064279565800,55.41056591796875,-0.0394563965976238,-0.010557634371519,-0.0065150079172104
1775066064289603800,55.420603759765626,-0.0836719704210758,-0.000822422298789,0.0123060946071986
1775066064299643000,55.430642822265625,-0.0740869804739952,0.0311877499461174,-0.0299696337274741
1775066064309681000,55.44068090820313,-0.0247640005089342,0.0404845706015825,-0.0664549512255936
1775066064319719000,55.45071899414062,0.001695113480091,0.0244990659624338,-0.0226866736450698
1775066064329757000,55.4607568359375,0.0015501520514488,0.026473580905795,0.0446723228813149
1775066064339795000,55.470794921875,-0.0136325117722153,0.0260170693099498,0.0847079715384636
1775066064349834000,55.480833984375,-0.0434977809429168,0.010643559089303,0.09785010597785
1775066064359871700,55.49087182617188,-0.0184581783629953,0.020583938345313,0.0879390258815605
1775066064369909800,55.50090966796875,-0.0148084236837923,0.0150379946559667,0.0763743516256567
1775066064379947800,55.51094775390625,-0.0091838618002831,-0.0269897137343883,0.0601037921005859
1775066064389986800,55.52098681640625,-0.0084882807515561,-0.079286887204647,0.0584143320431467
1775066064400024800,55.53102490234375,-0.0228559749305248,-0.0589811812788248,0.0441933528584893
1775066064410062800,55.54106274414063,-0.0822482212282717,0.0238449859678745,0.0428422305104788
1775066064420100900,55.55110083007813,0.1077155477009713,0.0359042570739984,0.0448960486345924
1775066064430139000,55.56113891601562,-0.0221847976706922,0.0528600680500268,0.0796441579434089
1775066064440178000,55.57117797851563,-0.1219733517646789,0.0654763885170221,0.066951182910474
1775066064450216000,55.5812158203125,-0.0536874587848782,0.0060486325144767,0.0770951219145674
1775066064460254000,55.59125390625,0.0138471774362027,-0.0317465528726577,0.1021706086586229
1775066064470292000,55.6012919921875,0.072761284828186,0.0046551323294639,0.1115111588579602
1775066064480331000,55.6113310546875,0.059608227135986,0.0285170694321393,0.0496444030723068
1775066064490368800,55.62136865234375,-0.0018844985723495,-0.0184334823131561,-0.1096314003928098
1775066064500407000,55.63140698242187,0.0081916358925402,0.0575952798783779,0.0360008219168055
1775066064510444800,55.64144482421875,0.033310733449459,0.0044686698466539,0.0250351090678945
1775066064520482800,55.65148291015625,0.0355098509289324,-0.0495639491140842,0.031278076844383
1775066064530521900,55.66152197265625,-0.0156850603878498,-0.0599988338887691,0.0297908156950026
1775066064540560000,55.671559814453126,-0.0167488902270793,-0.0668885934025049,0.0001742423220537
1775066064550598000,55.68159790039063,-0.0283329450368881,-0.0554062454015016,-0.0147324449712876
1775066064560636000,55.69163598632812,-0.0426664446853101,-0.053353989046812,-0.0315923304253257
1775066064570675000,55.70167504882812,-0.0104255324244499,-0.0300982011437416,-0.0213044985716696
1775066064580712700,55.71171264648437,0.0217617499530315,0.0199584999233484,0.0045934013380203
1775066064590751000,55.7217509765625,0.0112296884141862,0.063840896269679,0.0478498660720419
1775066064600788700,55.73178881835938,0.0115419692337512,0.0631464842647314,0.0618321045973803
1775066064610827000,55.74182690429687,0.0229915840089321,0.0575257217735052,0.0163406656192149
1775066064620865800,55.75186572265625,-0.0203390236735343,0.0264618904680013,0.0012327292658854
1775066064630904000,55.76190405273437,-0.02824073670879,-0.0035351883888244,0.0043622137974947
1775066064640941800,55.77194189453125,-0.0490378794133663,-0.0444587349295616,-0.0188707594855688
1775066064650979800,55.781979736328125,-0.0334288068711757,-0.0322054025560617,0.020282224585535
1775066064661019000,55.79201879882813,-0.0137140525758266,-0.0300450096517801,0.0150743720104452
1775066064671056600,55.802056640625,0.0052947454072535,0.0166886844724416,-0.0075700973275583
1775066064681095000,55.81209497070312,0.0182568105719983,0.0264285727202892,-0.0203386309478897
1775066064691132700,55.82213256835937,0.0307609028361737,0.0170417356938123,-0.002922837777296
1775066064701171000,55.8321708984375,0.0297321443103253,-0.000382277315855,0.0038366007545031
1775066064711209700,55.84220971679687,0.0207411747336387,0.0465548304259777,-0.018089829107793
1775066064721248000,55.852248046875,-0.0084195994295179,0.0386345588207244,-0.0265922571157105
1775066064731285800,55.86228564453125,-0.0079017130352556,0.0328191505402326,0.0305144629275891
1775066064741324000,55.87232397460937,-0.0343690103307366,0.0394160645872354,0.0192487350856419
1775066064751362800,55.88236279296875,-0.0661420128189027,0.0343973596423864,0.0223806033705826
1775066064761400800,55.89240087890625,-0.0464554617047309,0.0410457116156816,-0.0129525118851102
1775066064771438800,55.90243896484375,0.0018609715662896,0.0399462259411811,-0.0161910919475369
1775066064781476900,55.91247680664063,0.0284838978148996,0.039170565393567,-0.0185711098187137
1775066064791515000,55.92251489257813,0.0046538171552121,0.0288671980440616,-0.0161630896957591
1775066064801554000,55.93255395507813,0.0351610374912619,0.0263993466258048,-0.0190289274556562
1775066064811592000,55.94259204101562,-0.0027121815681457,0.0004372223734855,-0.0025547807830385
1775066064821629700,55.95262963867187,-0.0464968166284263,-0.0253641583591699,-0.0003234232680872
1775066064831668000,55.96266796875,-0.0114716804765164,-0.023017887493968,0.0181355588125064
1775066064841706800,55.972706787109374,-0.018134353236109,-0.0466010076552629,0.0148757715652696
1775066064851744800,55.98274487304688,-0.0562602318823337,-0.0291208805441856,0.0009321388841141
1775066064861782800,55.99278271484375,-0.034494974797964,0.0177875856250524,-0.0220904430512804
1775066064871820800,56.00282080078125,-0.0002687339387834,0.0539057777106761,0.0239037760835606
1775066064881858800,56.01285888671875,-0.007405892342329,0.0677174454420805,0.0101117903001606
1775066064891897900,56.02289794921875,-0.0145602941416203,0.0646399376928806,0.0100078641348052
1775066064901935900,56.032935791015625,0.0072163611195981,0.0284977802097797,-0.0060533634885214
1775066064911974000,56.04297387695313,-0.0232255388952791,0.0307861834079027,0.0057945572887081
1775066064922012000,56.05301196289062,-0.1042260981500148,0.0188368024170398,0.0234719422712456
1775066064932051000,56.06305102539063,-0.0820597129188478,0.0387947178184986,-0.0532095208085142
1775066064942089000,56.0730888671875,-0.0116096276424825,0.0378226579159498,-0.0111273148851003
1775066064952127000,56.083126953125,-0.0131095108114182,-0.0082844287425279,0.0366403071304317
1775066064962165000,56.0931650390625,0.0708181879363954,0.005693827727437,0.0234337200195528
1775066064972202800,56.10320263671875,0.000151829560846,-0.005537175861001,-0.0369735850722528
1775066064982241800,56.11324169921875,-0.1699381951190531,0.00956745429039,-0.0769120386989321
1775066064992279800,56.12327978515625,0.0108102939583361,0.0016015899777412,-0.035470021242043
1775066065002317800,56.13331787109375,0.0728476479373872,-0.0488707061529159,0.0075881444409023
1775066065012355800,56.14335595703125,-0.1084450310193002,0.0080079498887062,0.0171413601433858
1775066065022395000,56.15339477539062,0.0365795259870588,0.0298971256136894,-0.0371106006564572
1775066065032433000,56.163432861328126,0.1006874026298522,0.0339303266525268,0.0142646995953749
1775066065042471000,56.17347094726563,-0.0687595018409192,0.0865595085561275,0.0183378490521106
1775066065052509200,56.18350927734375,-0.1601369320727884,0.1512783567041158,-0.0235442129230126
1775066065062547000,56.193546875,-0.0678442866921424,0.0926046339392662,-0.0295998231675475
1775066065072586000,56.2035859375,0.1217680384509265,0.0090472298085689,-0.0030987697329372
1775066065082624000,56.2136240234375,0.1160476149775087,-0.0018131869018077,-0.0394075250877533
1775066065092662000,56.223662109375,-0.0413617918275296,0.0091781627118587,-0.0378353073349688
1775066065102700000,56.23369995117187,-0.1136135196983814,-0.0043961891323328,-0.0422485115341842
1775066065112739000,56.24373901367188,-0.0755829181201755,-0.0292868847608566,0.0461079177755396
1775066065122777000,56.25377709960937,-0.024125556474924,-0.0322515797853469,0.1242179249542299
1775066065132814800,56.26381494140625,-0.0193231246292591,0.0055851066559553,0.086304099889798
1775066065142853000,56.27385302734375,-0.1032160443246364,0.0204670339673757,-0.0121281898901797
1775066065152891000,56.28389086914063,-0.1510311039447784,0.0007119476616382,-0.071954288427392
1775066065162930000,56.29392993164063,-0.0933176045142114,0.0009036708414554,-0.0812859612005297
1775066065172968000,56.30396801757813,-0.0438053855873644,0.0383031349092721,-0.0642076198233757
1775066065183006000,56.314005859375,-0.0201836869813501,0.0426332730680704,-0.0289899293745867
1775066065193044000,56.3240439453125,-0.0274082314074039,0.0591629675865173,0.0208252271547447
1775066065203083000,56.3340830078125,-0.0213118142284452,0.0586865822464227,0.0778510548484046
1775066065213121000,56.34412109375,-0.027429420325905,0.0375707289814949,0.0637835126597899
1775066065223159000,56.35415893554688,-0.0164322254933416,-0.0045499183893203,0.0491300603420007
1775066065233197000,56.36419702148437,0.0119767073892056,-0.0267038825303316,0.005061512040114
1775066065243234800,56.37423486328125,0.030503859335184,-0.0594289250463247,-0.0430420182657428
1775066065253273900,56.38427392578125,0.0065291095077991,-0.0757487762063741,-0.0466115747150499
1775066065263312100,56.39431201171875,-0.1241163551427423,-0.0685883830577135,-0.0308973704311065
1775066065273350000,56.404349853515626,0.0239044610701501,-0.0189332485288381,0.0139724203842226
1775066065283388000,56.41438793945313,0.0365805489003658,-0.0080365914613008,0.032107613870548
1775066065293427000,56.42442700195313,-0.1628523285113275,0.04343582162261,0.0070679199590813
1775066065303465000,56.43446484375,-0.0715023708082735,0.0564572157591581,-0.0134283218364696
1775066065313503000,56.4445029296875,-0.0311805895529687,0.0421504579871892,0.0215291467735543
1775066065323541000,56.454541015625,-0.0247134393654763,0.0348000952243804,0.00095535536292
1775066065333579000,56.4645791015625,-0.0632220337189733,0.0448766680806875,-0.0173263430551625
1775066065343617800,56.47461767578125,-0.0761772307515144,0.0375233827084302,0.0214499166580382
1775066065353656000,56.48465600585938,-0.0737865362226963,0.034220834031701,0.086690003068
1775066065363694000,56.49469409179687,-0.0664905339956283,0.0301262581944465,0.0701807485493831
1775066065373732000,56.504732177734375,-0.0675169544339179,0.022059271594882,0.0270802141625899
1775066065383771000,56.51477099609375,-0.0457283164739608,-0.0181119952738285,0.0108199477026704
1775066065393809200,56.52480908203125,-0.0458450747214257,-0.0228600665837526,-0.0218059818204026
1775066065403847000,56.53484692382813,-0.0681983608268201,-0.0183463885515928,-0.0585677051071077
1775066065413885000,56.54488500976562,-0.0348595703266561,-0.0160439568281173,-0.0333346623143181
1775066065423923000,56.5549228515625,-0.0168213709414005,0.0149257664531469,-0.0183973972196225
1775066065433962000,56.5649619140625,-0.0383212550878524,0.0197948337942361,-0.0020877934589516
1775066065444000000,56.575,-0.0395021354354917,0.0418652113050222,-0.0088542645197361
1775066065454038000,56.5850380859375,-0.0366810866653919,0.0473199695795774,-0.0029922680180054
1775066065464076000,56.59507592773438,-0.0441607748962938,0.0611865823686122,-0.0199149073767941
1775066065474114800,56.60511474609375,-0.0764496179521083,0.0563023174583911,0.0319560126385651
1775066065484153000,56.61515307617187,-0.0776245069503784,0.0419891299456357,0.0198314805767731
1775066065494190800,56.62519091796875,-0.0463512706778943,0.0330839389562606,-0.0202202378657646
1775066065504229000,56.63522900390625,-0.0117675946831703,0.0228933843314647,-0.0553901938824215
1775066065514267000,56.64526684570313,0.002548369308561,0.0457230557769536,-0.0420301560757681
1775066065524306200,56.65530615234375,0.0036345571100711,0.0621919600188732,-0.0228746339652221
1775066065534344000,56.66534399414063,-0.0029670331120491,0.0500035095751285,0.0140571943245362
1775066065544382200,56.67538232421875,-0.0219571263946592,0.0381762936592102,-0.0183798158971592
1775066065554420000,56.685419921875,-0.0461680230654776,0.0056073184877634,-0.0075304731366457
1775066065564458000,56.6954580078125,-0.0217665722586214,0.0003267477363348,0.0076160370948258
1775066065574497000,56.7054970703125,-0.006871493204683,0.0276806186079978,-0.027188021918619
1775066065584534800,56.71553466796875,0.0026011224091053,0.0630816023349761,-0.0229440368064679
1775066065594573000,56.72557299804687,-0.0024867022491991,0.069984221330285,0.0004387658766005
1775066065604610800,56.73561083984375,0.0136649527370929,0.0661123483330011,0.0232404898692388
1775066065614650000,56.74565014648437,0.0054581192754209,0.0716699824601411,-0.0036450328383129
1775066065624687900,56.75568798828125,-0.0116167880356311,0.0595627805590629,0.0058357341158902
1775066065634726100,56.76572607421875,-0.0408477048255503,-0.0060661681711673,0.0026953582975082
1775066065644764000,56.77576391601563,-0.0098234748780727,-0.0221475344002246,0.0193942947359057
1775066065654803000,56.785802978515626,0.0080336688518524,-0.004804185411334,0.0092340621841372
1775066065664841000,56.79584106445313,0.0054268473543226,-0.0050830023527145,0.0060192876889836
1775066065674879000,56.80587890625,-0.0002864157259464,0.0143377374321222,0.0191708977761911
1775066065684917000,56.8159169921875,-0.0383725468836724,0.0067851300954818,0.0237889586314326
1775066065694954800,56.825954833984376,-0.0421473892472684,0.0114537064284086,0.0466204338749405
1775066065704994000,56.835994140625,-0.0558637799106538,0.0141091893732547,0.0443994744564173
1775066065715032000,56.84603198242188,-0.0543361319519579,0.0245405670166015,-0.0103286753206979
1775066065725070000,56.85607006835937,-0.0206023507848382,0.0265711960613727,0.0300857937533175
1775066065735107800,56.86610791015625,-0.021802812615782,0.0404097517997026,0.0704925042125629
1775066065745146000,56.87614599609375,-0.0161515088558197,0.0528963084071874,0.0096668184450594
1775066065755185000,56.88618481445312,0.0062182899929583,0.0560007041633129,0.0248605105528142
1775066065765223000,56.89622290039063,0.0028090660713613,0.0468821626842021,-0.0027587789225392
1775066065775261000,56.90626098632813,0.007229512862116,0.0357312385946512,-0.0045550877547822
1775066065785299000,56.916298828125,0.0251334183432161,0.0129658645570278,0.0237525721437996
1775066065795338000,56.926337890625,0.0563151769399642,0.0143944360554218,0.0643240310109686
1775066065805376000,56.9363759765625,0.1055761975847184,-0.0118663788825273,0.0428716118685901
1775066065815414000,56.9464140625,-0.051690439748764,-0.0363110843092203,0.0006672911025816
1775066065825452000,56.9564521484375,-0.2092730111636221,0.024573300242424,-0.0413156693971715
1775066065835490000,56.96648999023437,0.0493745640218257,0.0066565352797508,0.0126399114051368
1775066065845529000,56.97652905273438,0.1076280155479908,-0.0695972678393125,0.0766930895854719
1775066065855567000,56.98656713867187,-0.0673721391357481,0.0015039748221635,0.0833288012729026
1775066065865604900,56.99660498046875,0.0308859905205667,0.0695586893945932,0.0027220316753024
1775066065875643100,57.00664306640625,0.0531248564660549,0.0856722043275833,-0.0061624407530296
1775066065885682200,57.01668212890625,-0.0908124898254871,0.1158767884552478,0.0071632015936775
1775066065895720000,57.02671997070313,-0.0552070695675909,0.0788245303899049,0.0049686735243536
1775066065905758000,57.03675805664062,0.0388613533139228,0.0253074597358703,0.0269040675778174
1775066065915796000,57.0467958984375,0.1636696362435817,-0.0157090257853269,0.0477108731598826
1775066065925834000,57.056833984375,0.1435281809687614,0.0095709614217281,0.038312884551729
1775066065935873000,57.066873046875,-0.0229483293890953,0.0498006804794073,-0.0303097843680763
1775066065945911000,57.0769111328125,-0.0790567317105829,0.0688368048608303,-0.0433995858320267
1775066065955949000,57.08694897460938,-0.0107553489007055,0.025337854874134,-0.0134719052498694
1775066065965987000,57.09698706054687,0.0460274455510079,-0.0339379254370927,0.0779031046960502
1775066065976026000,57.10702612304687,0.0757258337222039,-0.0330588045150041,0.0287740718339337
1775066065986064000,57.11706396484375,0.0353472077131271,-0.0032125323057174,-0.0345743830099934
1775066065996102100,57.12710205078125,-0.0349989787973463,0.0269108032792806,-0.060372242911579
1775066066006140000,57.137139892578126,-0.0433471204258501,0.044010406640172,-0.0761356337992241
1775066066016178000,57.14717797851562,0.019664485412836,0.021971593311429,-0.057287739166012
1775066066026217000,57.15721704101563,0.0680583678342402,0.0198971251249313,-0.0679486512489151
1775066066036255000,57.1672548828125,0.0679718585945665,0.0123152916938066,-0.0241232320870971
1775066066046293000,57.17729296875,0.0232183785021305,-0.0019856208592653,0.0015386077441275
1775066066056330800,57.18733081054688,0.0104163262046873,0.0088958386391401,0.0295793283687904
1775066066066369800,57.19736987304688,-0.0012928162895143,0.018019640815258,0.062663924912177
1775066066076407600,57.20740747070312,0.0305026902914047,0.0314081146985292,0.0250098513290518
1775066066086445800,57.21744580078125,0.0501424796544015,0.0158417122542858,0.0101585063855629
1775066066096483600,57.22748364257812,0.0199286893069744,-0.0176169052332639,0.0026775395130272
1775066066106521900,57.23752197265625,-0.0822549432300031,0.0355102893203496,-0.018826984275924
1775066066116560600,57.247560546875,0.1479727392874658,0.0327227044284343,-0.0061393841044278
1775066066126599000,57.257598876953125,0.1363911686956882,0.0165372933030128,0.0092286051243077
1775066066136636700,57.26763671875,-0.0968868413031101,0.0608323621034622,0.0382769273223588
1775066066146674700,57.2776748046875,-0.0619265870809555,0.0482002595454454,0.0191009058464784
1775066066156713700,57.28771362304688,-0.0152618665397167,0.0242442144185304,0.0474755802663974
1775066066166751700,57.29775170898437,0.0477777963496744,-0.0067635027855634,-0.001298104385985
1775066066176789800,57.307789794921874,0.0922808088123798,-0.0010538929671049,-0.0380007224631728
1775066066186827800,57.317827880859376,0.0772340463280677,-0.0103735099762678,0.0158520875178277
1775066066196865800,57.32786572265625,0.0815466488301754,0.0191565358906984,0.04518668387793
1775066066206904600,57.337904541015625,0.0696866996884345,0.0221311677873134,0.0487231874410063
1775066066216942800,57.34794287109375,0.0267523978471755,0.0169669168919324,0.04078870464731
1775066066226980600,57.35798071289062,0.0159703070700168,-0.0215969147801399,0.0620476105115842
1775066066237019000,57.368018798828125,0.0488297896206378,-0.0214420164793729,-0.0068310926956357
1775066066247056600,57.378056640625,0.0459165325224399,-0.029994740769267,-0.0299032950595719
1775066066257096000,57.388095947265626,0.0581565670229494,-0.0089145433396101,-0.0915982699083164
1775066066267133700,57.3981337890625,0.0407315310999751,0.0486433271378278,-0.0540498577899066
1775066066277172000,57.408171875,0.0527202211879193,0.0500742367237806,0.0036663313546683
1775066066287209700,57.41820971679687,0.0613736293733119,0.0617272651165723,0.0202186212974134
1775066066297248800,57.42824877929687,0.0236450794816017,0.0899912365704774,0.0260134936799528
1775066066307286800,57.438286865234375,0.0079695175744593,0.0947726256281137,0.0292868756277021
1775066066317324500,57.44832446289063,0.0120164548777043,0.0504272879451513,0.0187509644642239
1775066066327362800,57.45836279296875,0.0120082715712487,0.0287274973124265,-0.013241813687887
1775066066337400600,57.46840063476562,-0.0162824417591094,-0.0031745383828878,-0.0136595139435725
1775066066347439900,57.47843994140625,-0.0160239369533956,-0.0201473004937171,-0.0069261734008323
1775066066357477600,57.4884775390625,-0.0191781632006168,-0.0226274268716573,-0.0048845160719705
1775066066367516000,57.49851586914063,0.0138508306980133,-0.0116454296082258,-0.0139904492312576
1775066066377553700,57.5085537109375,0.0300477861307561,0.0095522567212581,-0.0170079612883739
1775066066387592700,57.5185927734375,-0.0029297698415815,0.0034726445466279,0.0063071053541498
1775066066397630700,57.52863061523438,-0.0480665501631796,0.011398761370778,0.0048640852052951
1775066066407668700,57.53866870117187,-0.0412647611938417,0.0155868607103824,0.0190259957130532
1775066066417706800,57.548706787109374,-0.0088648589789867,0.0078320087999105,-0.0061351097881095
1775066066427744500,57.55874462890625,0.0235480488479137,0.0086614453613758,-0.0210455279750749
1775066066437783800,57.56878369140625,0.0264845406912267,0.0252034148395061,-0.0315280923829646
1775066066447821800,57.57882177734375,0.0684687022008001,0.0602016629844903,-0.0652147875719238
1775066066457859800,57.58885986328125,0.0742903940916061,0.0650350744903087,-0.0652344923528144
1775066066467897600,57.59889770507812,0.0394949750423431,0.0437941335409879,-0.0095720391339622
1775066066477936600,57.6089365234375,-0.0324773513652384,0.0394499668568372,0.0028631754453526
1775066066487974700,57.618974609375,-0.0388262820005416,0.0244423673391342,0.0285578261342132
1775066066498012700,57.6290126953125,0.0017592647574841,0.019927520263195,0.0241449918277561
1775066066508050700,57.63905078125,0.021051117465645,-0.0007043488770723,0.0321842410370241
1775066066518088700,57.64908862304687,0.0099836338758468,-0.003651508244872,-0.018094167356193
1775066066528127700,57.65912768554688,0.0250699977181851,-0.0019148937106132,-0.0446733594943536
1775066066538165800,57.66916577148437,0.0265114286981523,0.0225596223324537,-0.0549963722592452
1775066066548203800,57.67920385742188,-0.0093641868032515,0.0181155024051666,-0.0343811391599476
1775066066558241800,57.68924169921875,-0.0179050745248794,-0.0100344872802495,-0.0049478179659927
1775066066568280600,57.69928051757813,-0.0209586168766021,-0.0177197810858488,0.0283305201843613
1775066066578318800,57.70931884765625,-0.0271079332865774,0.0059749827563762,0.0363869031915208
1775066066588356600,57.71935668945312,-0.0118750005804002,0.001234510231018,0.013906004084507
1775066066598394600,57.72939453125,0.023595979642868,0.0177501762241125,0.0113516890923492
1775066066608433000,57.739432861328126,0.0404617742478847,0.0258773685783147,-0.017351979819918
1775066066618471700,57.7494716796875,0.018863544293493,0.0717108989924192,-0.0813445321205072
1775066066628509700,57.759509765625,0.0113454237483441,0.0628828648924827,-0.0805468606704846
1775066066638547700,57.76954760742188,0.0325729206942021,0.0232119487613439,-0.0246119289194932
1775066066648585700,57.77958569335937,0.0296446121573448,0.0512695839881897,0.045693112729839
1775066066658624800,57.78962475585938,0.0617174743749201,0.0493219570517539,0.0290586426626658
1775066066668662800,57.79966284179688,-0.0266157658554613,0.0164256496220827,-0.0417352419495349
1775066066678700800,57.80970068359375,-0.1037549735069274,0.0126326870799064,-0.1169456689289305
1775066066688738800,57.81973876953125,0.1454138485848903,0.0021007716715335,-0.0544017993330024
1775066066698776800,57.82977685546875,0.0036731355547904,-0.046584056520462,-0.0163865049217827
1775066066708816000,57.83981591796875,-0.2523977210104465,0.0412163920074701,-0.0526669200981035
1775066066718853600,57.849853515625,0.1283598379313945,0.0221253225684165,-0.0336859051710926
1775066066728892000,57.859891845703125,0.1820097411848604,-0.0073164604932069,0.055259959665453
1775066066738929700,57.8699296875,-0.0196259069681167,0.0730669897764921,0.0345210773536004
1775066066748969000,57.87996899414063,-0.0617839637398719,0.1227133564770221,-0.0640911538368556
1775066066759006700,57.8900068359375,-0.0056884208999574,0.0466875168949365,-0.0589785783297847
1775066066769044700,57.90004467773438,0.0982185282982885,-0.0085971479535102,0.0046642563508357
1775066066779082800,57.91008276367187,0.0557258327446877,0.027930209454894,-0.0281411396586801
1775066066789120800,57.920120849609376,-0.0678068772912025,0.0282464357972145,-0.055058263080893
1775066066799159800,57.930159912109374,-0.0970505074322223,-0.018196750947833,-0.0238760295601095
1775066066809197600,57.940197509765625,0.0003588964402675,-0.0430757561385631,0.0302431991050019
1775066066819235800,57.95023583984375,0.0352760421730577,-0.033446927049756,0.0381610595574602
1775066066829273600,57.96027368164062,0.0680582217037677,-0.0170353059530258,-0.047541110650124
1775066066839313000,57.97031298828125,0.0549403814554214,-0.0031593408137559,-0.1112799713174346
1775066066849350700,57.9803505859375,0.0081130176983773,0.0131797995686531,-0.1340325132729485
1775066066859389000,57.990388916015625,-0.008258125257492,0.0307020122557878,-0.1126856185979675
1775066066869426700,58.0004267578125,0.0292028597392141,0.0667968234658241,-0.1024662214711774
1775066066879464700,58.01046459960938,0.0599286912620067,0.0179465755790472,-0.0797511437155306
1775066066889503700,58.02050366210938,0.0245360369719564,0.0078057053148746,-0.0509156559839844
1775066066899541800,58.03054174804687,0.0154828158140182,0.0416103597611188,-0.0165908044553827
1775066066909579800,58.04057983398437,-0.0173638072550296,0.0223708217620849,0.0054737643691245
1775066066919617500,58.050617431640624,0.0015244330883026,-0.0014168810606002,0.0021627127255313
1775066066929656800,58.06065673828125,-0.0220879131674766,-0.03330897988379,0.0347570780665613
1775066066939694600,58.070694580078126,-0.0146658003427088,-0.0476852957606315,0.0056647660297341
1775066066949732900,58.08073291015625,0.0084347969986498,-0.0506938299268484,-0.0302055705083534
1775066066959770600,58.0907705078125,-0.0578676670789718,-0.0384252999842166,0.002597213418968
1775066066969809000,58.10080883789063,-0.0886322231769561,0.0359299760371446,0.0297013929790351
1775066066979847700,58.11084765625,0.1388907304264605,0.0184592012763023,-0.0094354528080206
1775066066989885700,58.1208857421875,-0.0373418886616826,0.0204302090883255,-0.0071285915045998
1775066066999923700,58.130923828125,-0.0826350285887718,0.065426119634509,0.0257450474355369
1775066067009961700,58.14096166992187,-0.0003156418204307,0.0177899237126112,0.0261515002114232
1775066067020000800,58.15100073242188,0.0511409891724586,-0.0215191733688116,0.0388257066118065
1775066067030038800,58.16103881835937,0.0512346588052809,0.0098427641004323,0.0228109484787099
1775066067040076800,58.17107690429688,-0.0172913265407085,0.065308630734682,0.0018972119234502
1775066067050114600,58.181114501953125,-0.0483073731817305,0.0516612136542797,0.037833316307282
1775066067060153600,58.19115356445312,-0.0435540411747992,0.0346720849305391,0.0469516111912205
1775066067070192600,58.20119262695312,-0.0141362235106527,-0.0096539635300636,0.0210816861338447
1775066067080230400,58.21123046875,0.0175787651799619,-0.0404535909414291,-0.0180872352919075
1775066067090268400,58.22126831054688,0.0244236626386642,-0.0469920527994632,-0.0374222604215145
1775066067100306400,58.23130639648438,0.016222674395889,-0.031227497434616,-0.0383541435773018
1775066067110345700,58.241345703125,0.0099789577007293,-0.0091997900217771,-0.0266560887326952
1775066067120383500,58.25138354492187,-0.0231517430067062,-0.0161906718224287,-0.0101962354469113
1775066067130421500,58.26142138671875,-0.0562834666274487,-0.0143780694425106,0.0396930274982471
1775066067140459500,58.27145947265625,-0.0616004238665103,0.0095528412431478,0.0575053639720659
1775066067150497500,58.28149755859375,-0.0597381371259689,-0.008942600390315,0.0600879186780191
1775066067160536600,58.29153662109375,-0.0432335770487785,0.0008159925580024,0.0788038163954392
1775066067170574300,58.30157421875,-0.0394739322543144,0.0188952546060085,0.0465108542869333
1775066067180612600,58.31161254882812,-0.0404958226479589,0.0333826296418905,0.0119826074070297
1775066067190650400,58.321650390625,-0.0336637846708297,0.0605482844650745,0.0568870402774773
1775066067200689700,58.33168969726562,-0.0105085345327854,0.0487087935894727,0.0421269401142839
1775066067210727400,58.3417275390625,-0.0156302614606916,0.0054945057630538,0.0267447077310644
1775066067220765700,58.351765625,-0.0388391414821147,-0.0236012403398752,0.063676453822432
1775066067230803500,58.36180346679687,-0.0303271875940263,-0.0181774617254734,0.0648747967615257
1775066067240842500,58.37184252929688,-0.0586988572061061,-0.038728666844964,0.0420188492304645
1775066067250880500,58.38188061523437,-0.0819675045907497,-0.0209422502636909,0.047002893853886
1775066067260918300,58.39191821289062,-0.0599381897427141,0.0298813435226678,0.0170269491166342
1775066067270956500,58.40195654296875,-0.0751277216985821,0.0455219802469015,0.0256444000726565
1775066067280994300,58.41199438476563,-0.0414895098604261,0.0504231962919235,0.024287377706822
1775066067291033600,58.42203369140625,-0.0366470382653176,0.0436439114153385,0.0187134226325433
1775066067301071400,58.4320712890625,-0.0639290129445493,0.0239501999080181,0.0293347698900382
1775066067311109600,58.44210961914062,-0.075498162446171,-0.0033995793104171,0.007699276665179
1775066067321147400,58.4521474609375,-0.0564205370105803,-0.0030944588840007,0.008961131560849
1775066067331186400,58.4621865234375,-0.0676221683740615,0.0131119950294494,-0.0109911304179579
1775066067341224400,58.472224365234375,-0.0569615120194852,0.0022094927430152,-0.0569821712150238
1775066067351262500,58.48226245117188,-0.0626385347425937,-0.0214198046475648,-0.0521675922738388
1775066067361300500,58.49230053710937,-0.06903773426041,-0.0066097735285758,-0.0359729931949637
1775066067371338500,58.50233837890625,-0.0258135095618665,-0.0188385559827089,-0.0147131557489279
1775066067381377500,58.51237744140625,-0.0034521862804889,-0.011896774020791,0.0230281440265011
1775066067391415600,58.52241552734375,-0.0287190217450261,0.0064116206079721,0.0308337488766759
1775066067401453600,58.53245361328125,-0.0162495624028146,-0.0067237552970647,0.0122470304968766
1775066067411491300,58.5424912109375,-0.0304161810517311,-0.0098602997571229,0.0104074853111058
1775066067421530400,58.5525302734375,-0.0670573740981519,-0.0207072724640369,0.0292311999177094
1775066067431568400,58.562568359375,-0.0948679026961326,-0.0196101248770952,0.0160970935211516
1775066067441606400,58.5726064453125,-0.07453019419685,0.0064168813049793,0.0014276033840142
1775066067451644400,58.58264453125,-0.0573616172529757,0.0082949501365423,0.0018331154449842
1775066067461683500,58.59268334960937,-0.0130607032336294,0.0141202952891588,-0.017583678817097
1775066067471721500,58.60272143554688,-0.0043500119030475,0.0197767136156559,-0.0232705196813214
1775066067481759500,58.61275952148438,-0.0426632298149168,0.0029828152030706,-0.0475680443228222
1775066067491797500,58.62279760742187,-0.048813569138199,-0.0253805249720811,-0.0033625900345854
1775066067501835500,58.63283544921875,-0.0128070207335054,-0.0153624043047428,0.0462773103925399
1775066067511874600,58.64287451171875,-0.037661914396286,-0.0252139362335205,0.0630040344535838
1775066067521912600,58.65291259765625,0.0142516665838658,-0.0346411052703857,0.0972991849636659
1775066067531950600,58.66295068359375,-0.045644145321846,-0.033301381099224,-0.0110879875217098
1775066067541988400,58.67298828125,-0.1128770221173763,0.0154676182448863,-0.0980468615258112
1775066067552027400,58.68302734375,0.083163290246576,-0.0011398176848888,-0.0203987088383641
1775066067562065700,58.69306567382812,0.0271463656008243,-0.0398801749676466,0.0376341587396804
1775066067572103400,58.703103515625,-0.2415115853369235,0.0394639953821897,0.0413467860546428
1775066067582141400,58.71314135742188,-0.0225169522345066,0.0398731607049703,0.0075649370952509
1775066067592180500,58.723180419921874,0.1647122771643102,0.0234428349077701,0.0488228575563523
1775066067602218500,58.73321850585938,-0.0631890082322061,0.0557604656666517,0.0288063438354525
1775066067612256500,58.74325659179687,-0.1520750600397586,0.1282318276375532,-0.0408317583377473
1775066067622294500,58.75329443359375,-0.0718681353807449,0.0872621038675308,-0.0277763888663612
1775066067632332500,58.76333251953125,0.0663407502613961,0.0152191964417696,0.0437270048552192
1775066067642371300,58.77337133789062,0.0644119741559028,-0.0026180735439062,0.0963011321033351
1775066067652409600,58.78340966796875,-0.1020411553263664,-0.0073252283215522,0.0489248383597936
1775066067662447400,58.793447265625,-0.1404150173842906,0.0056944122493267,0.0227633921430911
1775066067672485600,58.80348559570312,-0.0209701611839234,-0.0190238494217395,0.0119083457275759
1775066067682524400,58.8135244140625,0.0180910986162722,-0.0152367320984601,0.039003172937408
1775066067692562700,58.823562744140624,-0.0066050973534584,-0.0010994856745004,0.0319377371963579
1775066067702600400,58.83360034179688,-0.0466752419352531,0.0145604402720928,-0.0097369839047081
1775066067712638500,58.843638427734376,-0.0854440946601331,-0.0001963993549346,-0.0719588641378097
1775066067722676500,58.85367651367188,-0.0802396578848362,-0.0004413140267133,-0.0517340231621637
1775066067732715500,58.86371557617188,-0.0923905527971684,-0.0245493348449468,0.0160985365595668
1775066067742753500,58.87375341796875,-0.0584894522391259,-0.0099830493539571,0.0224420055684633
1775066067752791300,58.88379125976562,-0.0209855048835277,0.0245855752021074,0.0047553321677725
1775066067762829600,58.89382958984375,0.008521160107851,0.0286661225140094,0.0145440827923361
1775066067772868400,58.90386840820312,-0.0037852176271378,0.0558019667208194,0.0280088915811385
1775066067782906600,58.91390673828125,-0.0005446282707154,0.0548263996869325,0.0507998201851267
1775066067792944400,58.9239443359375,0.0088099139213562,0.0023228899896144,0.0579378645046614
1775066067802982700,58.93398266601562,-0.0367127969779074,-0.0498193851798772,0.0733006889345124
1775066067813021400,58.944021484375,-0.0580420007325708,-0.0656324558615684,0.0141047232606913
1775066067823059500,58.9540595703125,-0.1152583642959594,-0.0482470212966203,0.0081912888326682
1775066067833097500,58.964097412109375,0.0655028381325304,-0.0157148710042238,-0.0208346251707524
1775066067843135500,58.97413549804688,0.0855200825057923,-0.00354337169528,0.0095841679631732
1775066067853173500,58.98417358398437,-0.1142892270028591,0.0421422746807336,0.0358424347510095
1775066067863212500,58.99421264648438,-0.0679226126253604,0.0575765751779079,0.0170147928879596
1775066067873250600,59.00425048828125,0.0018448972143232,0.0514987165689468,0.0084952128158416
1775066067883288300,59.01428833007813,0.0275998084567487,0.0090834701657295,0.0020084902781993
1775066067893326600,59.02432666015625,-0.0245019885718822,-0.0145844056695699,0.0259341494000051
1775066067903365400,59.034365478515625,-0.0861024124383926,-0.0162415252268314,0.0503132970435079
1775066067913403400,59.0444033203125,-0.0357354763783514,0.0060743514776229,0.0550621172721032
1775066067923441400,59.05444140625,0.0207926126599311,0.0185176534652709,0.0431573334747925
1775066067933479400,59.0644794921875,0.0289947699464857,0.0139759183824062,0.0265333117363974
1775066067943518500,59.0745185546875,0.0720014063715934,0.0237158066302537,0.0298170917805749
1775066067953556500,59.08455639648437,0.0167722711026668,0.0268079274266958,0.02797386593353
1775066067963594500,59.09459448242188,-0.0745943454742431,-0.0030845220118761,0.0002633636439219
1775066067973632500,59.10463256835938,-0.0296036956250667,-0.010076572856307,-0.0302895133316051
1775066067983670500,59.11467041015625,-0.0184651926256716,-0.0225859258174896,-0.0252927644902374
1775066067993709600,59.12470947265625,-0.0193581959426403,-0.0131347913831472,-0.0134857054463587
1775066068003747600,59.13474755859375,-0.0313385565936565,0.0085316815018653,0.0311803886235691
1775066068013785600,59.14478564453125,-0.0594901537142694,0.0067740241795778,0.0313738471027463
1775066068023823600,59.15482373046875,-0.0267732945047318,0.027605799806118,0.0260047304181847
1775066068033862700,59.164862548828125,-0.0191091896176338,0.0336649537146091,0.0314857830446213
1775066068043900400,59.174900390625,-0.0397321447990834,0.0373819284111261,0.0300559603040572
1775066068053938200,59.18493823242188,-0.039150107127428,0.0328361016750335,0.0260668906678911
1775066068063976200,59.19497607421875,-0.0468834778584539,0.0042336920469999,0.0226235544141381
1775066068074015200,59.20501513671875,-0.0403588983952999,-0.0104442371249198,0.0308779898772016
1775066068084053200,59.21505322265625,-0.0099099841177463,0.00113747959733,0.027105357737001
1775066068094091300,59.22509130859375,-0.0103986444175243,0.0039233109235763,0.0261197168336715
1775066068104129300,59.23512939453125,-0.0095208386696875,0.0182318222612142,0.0258821908839046
1775066068114167300,59.24516723632812,0.0126046300292015,0.0196194772273302,0.001764589386573
1775066068124206300,59.25520629882813,-0.0097965868711471,0.0251800339639186,-0.0211277811647392
1775066068134244000,59.265244140625,-0.0471672632358968,0.0159007489651441,-0.0248747400075662
1775066068144282400,59.275282470703125,-0.0472621019124984,0.0135591542750597,-0.0028957214415073
1775066068154320100,59.285320068359376,-0.0173090083278715,0.0394651644259691,-0.0026594284676015
1775066068164359400,59.295359375,-0.0067734396576881,0.0551502248138189,0.0024237291487399
1775066068174397200,59.30539721679688,-0.0169711546756327,0.0183943193465471,0.0152244023398496
1775066068184435200,59.31543530273437,-0.0087071841992437,0.0100800799876451,0.0129753721708897
1775066068194473200,59.32547314453125,0.0278606513500213,0.0017746084570884,0.0019186657034326
1775066068204512300,59.33551220703125,0.0246587865687906,-0.0035568156987428,0.0110708080580458
1775066068214550300,59.34555029296875,-0.0171650698125362,-0.0120697925001382,0.0097746399008203
1775066068224588000,59.355588134765625,0.0664309127628803,-0.0590910713940858,0.1435974468126893
1775066068234626300,59.36562622070313,0.0513676375351846,0.0704120913535356,-0.0359322958583943
1775066068244664300,59.37566430664062,-0.1024726786114275,0.0440466469973325,-0.1744347941522486
1775066068254703400,59.38570336914062,-0.1187548281095921,-0.0079518357872962,0.0193589631276205
1775066068264741000,59.3957412109375,-0.0999897757545113,0.0013812252253293,0.0192877519217785
1775066068274779400,59.405779296875,-0.0614367577373981,0.0536158548533916,0.0052952385975979
1775066068284817200,59.41581713867188,-0.0689547321520745,0.0342500601261854,0.0085481851120945
1775066068294856200,59.42585620117188,-0.0029286007978022,0.0364443553000688,-0.0410805454670451
1775066068304894200,59.43589428710938,0.0151072604998946,0.0435825366169214,-0.0491393396269995
1775066068314932200,59.44593212890625,0.0238167827866971,0.0410673389256,-0.0458353113792371
1775066068324970200,59.45597021484375,0.0350058469295501,0.0486497568786144,-0.0274612128368113
1775066068335009300,59.46600927734375,0.0009773205995559,0.0438847344338893,-0.0097185897314921
1775066068345047300,59.47604736328125,-0.0454375168338418,0.0170323833435773,0.019439362286916
1775066068355085000,59.4860849609375,0.0085353347636759,0.005842880809307,0.0286697483763564
1775066068365123300,59.49612329101563,0.059274465136975,-0.0261614462167024,-0.0023055461291689
1775066068375161000,59.5061611328125,-0.1277320614218711,-0.0362047013252973,-0.101859076757729
1775066068385200400,59.51620043945312,-0.287981075567007,0.0314238967895507,-0.1094341973202768
1775066068395238100,59.52623803710937,-0.0153742408730089,0.0494996517062187,-0.0550929599349386
1775066068405276400,59.5362763671875,0.1701683506131172,0.0019493805021047,0.0211121452041901
1775066068415314200,59.54631420898438,-0.0190400699041783,0.0802887577235698,0.0477611557421274
1775066068425353200,59.556353271484376,-0.0234508720837533,0.131592828503251,-0.0652919261950533
1775066068435391200,59.56639111328125,-0.057659431155771,0.1089472814530134,-0.0786051063524093
1775066068445429200,59.57642919921875,-0.1763501079879701,0.1424795486986637,-0.0277094793763011
1775066068455467300,59.58646728515625,-0.0763842976309359,0.1181950022697448,-0.0083231441845651
1775066068465506300,59.59650634765625,-0.0102208036325871,0.0246703308761119,0.0443565440635662
1775066068475544300,59.60654443359375,0.0977590940929949,-0.009011573973298,0.0290204889096319
1775066068485582300,59.61658227539063,0.0154873458586633,0.0297346285283565,-0.0090100670028012
1775066068495620400,59.62662036132812,-0.1238031975403428,0.0627314737230539,-0.0483908867467194
1775066068505658000,59.636658203125,-0.1055567622318863,0.0492833786070346,-0.047620148969395
1775066068515697200,59.646697265625,0.0282006969593465,0.0084048402518033,0.0276783718519844
1775066068525735200,59.65673510742187,0.0615736819900572,-0.009127309307456,0.0832325195578858
1775066068535773200,59.666773193359376,-0.0336859965026378,-0.0093190324872732,-0.0041972781599033
1775066068545811200,59.67681127929688,-0.0898715557135641,0.0502700515568256,0.0029079416022635
1775066068555850200,59.68685034179688,-0.1112381688691675,0.0126356096893548,-0.0539224091850686
1775066068565888300,59.69688818359375,-0.0940155236504971,0.0254985983937978,-0.063452910732245
1775066068575926300,59.70692626953125,-0.0399019484080374,0.0286737212985754,-0.046515361498692
1775066068585964300,59.71696435546875,0.0087853640019893,0.0418926838338375,-0.0097611091323895
1775066068596003300,59.72700341796875,0.0238180979609489,0.0282546191036701,0.0130871528491377
1775066068606041000,59.737041015625,0.0197007257699966,0.015388123267889,-0.0111365028385538
1775066068616079400,59.74707934570313,-0.0593009147524833,-0.013901684102416,0.0266776795099955
1775066068626117000,59.7571171875,-0.0140682728409767,-0.0462795206159353,0.0192429674985585
1775066068636156400,59.76715649414062,0.017443302232027,-0.0539122074514627,0.0080641598882386
1775066068646194200,59.77719409179687,-0.0106653325296938,-0.035520810714364,-0.0458318955794442
1775066068656232400,59.787232421875,-0.1336987147413194,-0.016992051333189,-0.0774586031984072
1775066068666270200,59.79727026367188,0.1050188559629023,-0.0125461778402328,-0.0495984998376574
1775066068676308200,59.80730810546875,0.1252384910404682,-0.0226174899995326,-0.001333883518842
1775066068686347300,59.81734716796875,-0.1415830382503569,0.0419008671402931,0.0394517889211652
1775066068696385000,59.82738500976563,-0.0942133843101561,0.0390267730087041,0.0001187173091107
1775066068706423300,59.83742333984375,0.0248164613485336,-0.001234510231018,0.0333595501604024
1775066068716461000,59.8474609375,0.0569664804555475,-0.0157505268394947,0.0288722349787829
1775066068726500400,59.857500244140624,0.0248328279614448,0.0381026439011096,-0.0026835399955511
1775066068736538000,59.8675380859375,-0.0282185248769819,0.0388403105258941,-0.0136244152307277
1775066068746576400,59.87757641601563,0.0132860364221036,0.0242629191190004,0.0227973629113519
1775066068756614100,59.8876142578125,0.028476737421751,0.0334065950393676,0.0433189126780955
1775066068766652400,59.89765234375,-0.010290069476515,0.0262257436245679,0.0423749326591379
1775066068776691200,59.90769116210937,-0.0397521646738052,0.0102963530868291,0.010712619437254
1775066068786729200,59.91772924804688,-0.0364881944417953,-0.0034206220984458,-0.0095288621459389
1775066068796767200,59.92776733398438,-0.0376597224391996,-0.0259089327603578,-0.0057993658945662
1775066068806805200,59.93780517578125,-0.0079179335176944,-0.0338935017734766,-0.0409024398206267
1775066068816844300,59.94784423828125,0.008493103057146,-0.0160205759525299,-0.0343015848174458
1775066068826882000,59.95788208007812,0.0128279173910617,-0.0171422734588384,0.0082088244893588
1775066068836920300,59.96792041015625,0.0215242879353463,0.0046346740633249,0.011922159623797
1775066068846958000,59.9779580078125,-0.0566368101097643,0.0384475118160247,0.0243210105483653
1775066068856997400,59.987997314453125,-0.0546831918239593,0.0450590389102697,0.036546578132105
1775066068867035100,59.99803515625,-0.0112752811215817,0.0129395610719919,0.0118129955943208
1775066068877073400,60.00807348632812,-0.0169254158377647,-0.0080552961617708,-0.010225781201804
1775066068887111200,60.01811108398437,-0.0360137087978422,0.0033247605085372,-0.0425643953832099
1775066068897149400,60.0281494140625,-0.0374709218688309,0.0171171390175819,-0.011770540125505
1775066068907188200,60.038188232421874,-0.0876886587165296,0.0271709155201911,0.0091557590838056
1775066068917226200,60.048226318359376,-0.0121650695681571,0.0168044198065996,-0.0081919555529486
1775066068927264300,60.05826416015625,0.0213338799297809,0.0279366391956806,0.0007392968928674
1775066068937302300,60.06830224609375,-0.0197403271280229,0.040381110227108,0.0034135667365742
1775066068947341300,60.07834130859375,-0.0248665841005742,0.0274924025595188,-0.0030260652563301
1775066068957379300,60.08837939453125,-0.0273332664750516,0.0148977094024419,-0.0034111144845839
1775066068967417300,60.098417236328125,-0.029043723654747,0.0077940148770809,0.0252832112106028
1775066068977455000,60.108455078125,-0.0251706816136836,-0.0052887540578842,0.0260947148231556
1775066068987494100,60.118494140625,-0.0249907950021326,-0.0207347449928522,0.0208657600945327
1775066068997532200,60.1285322265625,-0.0114474228180944,-0.0264940391719341,0.0228342699887929
1775066069007570200,60.13857006835938,-0.0008488719142973,-0.0099491470843553,0.0065630894092144
1775066069017608200,60.14860815429687,0.00202814482674,0.0184755678892135,0.0011049107682891
1775066069027646200,60.158646240234376,-0.0213327108860015,0.0365659358531236,-0.0177142007284332
1775066069037685200,60.16868530273437,-0.0392307711482048,0.0372334598511457,-0.0232163555084029
1775066069047723300,60.17872314453125,-0.046122430358082,0.0162941321969032,-0.0085946363360155
1775066069057760800,60.1887607421875,-0.0143139181651175,0.0154202719718217,0.0149387355325743
1775066069067798500,60.19879858398438,-0.0064370473101735,0.0115782095909118,-0.0147807958913501
1775066069077837800,60.208837890625,-0.0247556710720062,0.0348947877705097,-0.0155948567871702
1775066069087875600,60.21887548828125,-0.022079729861021,0.0001601589977741,0.017807185374666
1775066069097913900,60.22891381835937,0.0076724343240261,-0.0137742583304643,0.0240726435441756
1775066069107951600,60.23895166015625,-0.0093887367226183,0.0022498247534036,0.0395798448807792
1775066069117990700,60.24899072265625,-0.0448388202883303,-0.0150695588380098,0.0369681280124234
1775066069128028700,60.259028564453125,-0.0062413786076009,-0.0289069455325603,-0.0005373993789078
1775066069138066700,60.26906665039063,0.05979191313982,-0.0090232644110918,0.0306973908795975
1775066069148104700,60.27910473632812,0.0758924224607646,-0.0108551560133695,0.0445660357955144
1775066069158142500,60.289142578125,-0.0302713657535612,-0.0164198044031858,0.0186049253233475
1775066069168181800,60.299181640625,-0.2066682354927063,0.0393868384927511,-0.0370024001747835
1775066069178219500,60.309219482421874,-0.0094784608326852,0.013774842852354,-0.0101725440440699
1775066069188257800,60.3192578125,0.0822108118273317,-0.050711365583539,0.0540250293093267
1775066069198295600,60.32929565429688,-0.2009820065498352,0.0049111529171466,0.0239944865743163
1775066069208334600,60.33933447265625,-0.0070062255002558,0.0414145449280738,0.0073104554441059
1775066069218372600,60.34937255859375,0.2113933643184602,-0.0079249477803707,0.0180647585986182
1775066069228410600,60.35941064453125,-0.0110955406405031,0.0580786794811487,0.0326904187271837
1775066069238448600,60.36944873046875,-0.1044482164680957,0.1128922196865081,-0.0329105368844233
1775066069248487700,60.37948779296875,-0.0437234063923358,0.0506570050477981,-0.0122189003809355
1775066069258525700,60.389525634765626,0.0593476765036582,-0.0022802198916673,0.0285890478229615
1775066069268563700,60.39956372070313,0.0673497811734676,-0.0362210679382085,0.0465707038485445
1775066069278601700,60.40960180664062,-0.0503203204393386,0.0075572835117578,0.0338048553756438
1775066069288639500,60.41963940429687,-0.1263559507630765,0.0307914441049098,0.0010621767382603
1775066069298678500,60.42967846679687,-0.071898676649481,5.66986232995e-05,0.0123873248835559
1775066069308716800,60.439716796875,0.0110765436790883,0.0109849198728799,0.0599106441486626
1775066069318754600,60.44975463867188,0.0585362139903008,-0.0047346273064613,0.0257440610548481
1775066069328792600,60.45979248046875,0.0328944077335298,-0.0282236394435167,-0.0493991322075016
1775066069338831600,60.46983154296875,-0.040527386830002,-0.0271726690858602,-0.0992395510422531
1775066069348869600,60.47986962890625,-0.1097800790153443,0.0249298585951328,-0.1011934067900758
1775066069358907600,60.48990771484375,-0.0570633649587631,0.0095540102869272,-0.10842642678353
1775066069368945700,60.49994555664063,-0.0521406677342951,-0.0151280110269784,-0.0169243563918396
1775066069378984700,60.509984619140624,0.0117139647997915,0.0519417841613292,0.013190521892067
1775066069389022500,60.5200224609375,-0.0112041155815124,0.038933834028244,0.0097646025639958
1775066069399060700,60.53006079101562,0.0045674540460109,0.033594226565957,0.0008411087329499
1775066069409098800,60.5400986328125,-0.000205897835642,-0.0020581015735864,0.0189675800567027
1775066069419136800,60.55013671875,-0.0228898772001266,-0.0128384387850761,0.0261856399430427
1775066069429175600,60.56017553710937,-0.0117129418864846,-0.0176274266272783,-0.0135530167952179
1775066069439213800,60.5702138671875,-0.035969285134226,-0.0308627557754516,-0.0462776026534847
1775066069449251600,60.58025146484375,-0.0972666344009339,-0.0128314245223999,-0.0282475865746848
1775066069459289600,60.59028955078125,-0.0032522797942161,0.0103320089221,-0.0117630646385252
1775066069469328600,60.60032861328125,0.14198752739802,0.002631517547369,0.0165107432228047
1775066069479366700,60.61036669921875,-0.1018852341122925,0.0120879126787185,0.0673884052839595
1775066069489404700,60.62040478515625,-0.1364553199730813,0.0315139131605625,0.0199974984931759
1775066069499442700,60.630442626953126,-0.0177332250893115,0.0292968216329813,0.0032402148970868
1775066069509481700,60.640481689453125,0.0280080969966948,0.0201262577056884,-0.0042616851656232
1775066069519519500,60.65051953125,0.0412473716676235,0.0309463424056768,-0.012150109461043
1775066069529557800,60.66055786132812,0.0132218851447105,0.0464350034385919,-0.040813985219039
1775066069539595500,60.67059545898437,-0.0085398648083209,0.0304202727049589,0.0181037754347547
1775066069549634800,60.680634765625,-0.0255342542290687,0.023556816676259,0.042534032210987
1775066069559672600,60.690672607421874,0.0189234577871859,-0.0042155718684196,0.0119606878361664
1775066069569710800,60.7007109375,0.0353425315380096,0.0014449381113052,0.0098606194175314
1775066069579748600,60.71074853515625,-0.0224935713589191,-0.0314297420084476,-0.0192299299204722
1775066069589787000,60.72078686523437,-0.0346891821958124,-0.0062473699569702,-0.0248938374336808
1775066069599825700,60.73082568359375,-0.0099986853145062,-0.0039712417185306,-0.0545101459451485
1775066069609863700,60.74086376953125,0.0101494919620454,0.0008662614405155,-0.0470441300465725
1775066069619901700,60.750901611328125,0.000930558848381,0.0051478842824697,-0.0920634671341162
1775066069629939500,60.760939453125,0.0098456867098808,0.0167412914425134,-0.0619186777691356
1775066069639978800,60.770978759765626,-0.0025568448759615,0.0191693953722715,-0.0747047653124667
1775066069650016500,60.7810166015625,-0.0199789581894874,0.0460018727183342,-0.0238236965846735
1775066069660054800,60.7910546875,-0.0103038057409226,0.0676508099466562,-0.0098997275852132
1775066069670092500,60.80109252929688,0.0062346566058695,0.072986910277605,-0.0011915478721261
1775066069680131600,60.81113159179687,-0.0232217395029962,0.0567658433169126,0.0037655813449062
1775066069690169600,60.821169677734375,-0.0081949968934059,0.0247153390616178,0.0102272151070646
1775066069700207600,60.83120751953125,0.0005145253933966,0.0016606266885995,0.0374340056582353
1775066069710245600,60.84124560546875,-0.0082112173758447,-0.0244511351674795,0.0378946454399265
1775066069720283600,60.85128369140625,-0.0038743572153151,-0.0203548057645559,0.0087667414999101
1775066069730322700,60.86132275390625,0.0037220892630517,-0.0397585944145917,-0.0224939549514092
1775066069740360700,60.87136059570312,0.0121241530358791,-0.0259586171209812,0.0221649056601338
1775066069750398700,60.88139868164063,0.0166284787178039,-0.0311129311442375,0.0249068613120354
1775066069760436700,60.89143676757813,-0.0018481120847165,-0.0140618431001901,-0.0174669662354048
1775066069770475500,60.9014755859375,0.0050524610839784,0.0294920519441366,-0.0186832786560291
1775066069780513800,60.911513671875,0.0341008609138429,0.0477332265555858,0.0040277531121624
1775066069790551600,60.92155151367187,0.0453109678447246,0.0873918677270412,0.0125409125766484
1775066069800589600,60.931589599609374,0.0573990266539156,0.1107616373986005,0.0197230152336182
1775066069810628600,60.94162866210937,0.0466144516587257,0.0942044703513383,0.0044054181849816
1775066069820666600,60.95166650390625,0.0448081328891217,0.0514595536023378,0.0061943656946765
1775066069830704600,60.96170458984375,0.0148129537284374,0.027557284489274,0.0179551150785293
1775066069840742700,60.97174267578125,-0.0345673093818128,0.0101999069750308,0.0495496557272505
1775066069850780700,60.98178076171875,-0.0426911407351493,-0.0190098208963871,0.036412293361104
1775066069860819500,60.9918193359375,-0.0132220312751829,-0.0351964010655879,0.0131658486751141
1775066069870857700,61.00185766601562,-0.0015980828464031,-0.0033311902493238,0.0265529114860109
1775066069880895500,61.0118955078125,0.0312203370414674,0.017227029132843,-0.006990457108966
1775066069890933800,61.02193383789062,0.0628616759739816,0.0397843133777379,-0.0212003395108738
1775066069900972500,61.03197265625,0.0596666793249547,0.057608139359951,-0.0078416625442449
1775066069911010800,61.0420107421875,0.0794061296701431,0.0484533575236797,0.0036331003719242
1775066069921048600,61.05204858398437,0.0893652136266231,0.0150239661306142,0.018075010564574
1775066069931086600,61.06208666992188,-0.0935306627430021,0.0209288062602281,-0.0107050617518834
1775066069941125600,61.072125732421874,-0.2160524421706795,0.0124497317284345,-0.1063312080699484
1775066069951163600,61.08216357421875,-0.0280349850036203,0.0170446583032608,0.0155881165191298
1775066069961201700,61.09220166015625,0.0399485640287399,-0.0125333183586597,0.0308519969194196
1775066069971239700,61.10223974609375,-0.090361238926649,0.0485141478002071,0.0451179066577693
1775066069981278700,61.11227880859375,0.1425707341134548,0.0463759667277336,0.0108091705803293
1775066069991316500,61.12231640625,0.2623546130098402,0.0065495677739381,0.0170530060064978
1775066070001354800,61.132354736328125,0.0109295364238321,0.0689034403562545,-0.0331818007070105
1775066070011392500,61.142392578125,-0.0697524584010243,0.0993126071453094,-0.0709545002677012
1775066070021430800,61.1524306640625,-0.0359236924268305,0.0256599264353513,-0.0237973383007105
1775066070031469600,61.16246948242188,0.1055856960654258,-0.0303670812129974,0.0331303901801817
1775066070041507800,61.1725078125,0.1046658047415316,-0.0433200862884521,0.0990441928669344
1775066070051545600,61.18254565429688,-0.0494340391241013,0.0151069682389497,0.0314330025446135
1775066070061584000,61.192583984375,-0.0791957017898559,0.0351741892337799,-0.0137356433531269
1775066070071623000,61.202622802734375,0.0043475276850163,0.0219260006040334,-0.0054373139494098
1775066070081660700,61.21266064453125,0.0653859337545931,-0.0103320089221,0.0396626140936743
1775066070091699000,61.22269897460937,0.0688986180506646,0.0039408465802669,0.0408412202858366
1775066070101736700,61.23273681640625,0.068336600253731,0.0442687653154134,-0.0394239921653643
1775066070111776000,61.24277587890625,0.0047954175829887,0.049980128699541,-0.0733778732234146
1775066070121813800,61.25281372070312,-0.0474282522596418,0.0207394211679697,-0.0530231313909403
1775066070131852000,61.26285205078125,0.0011668518222868,0.0018190321207046,-0.0281075387831777
1775066070141889800,61.27288989257813,0.0436519485913217,-0.0003103811234235,-0.0092981814954895
1775066070151928000,61.28292797851562,0.023733926808834,-0.0220920048207044,0.0269326315185986
1775066070161966800,61.292966796875,0.0122115390583872,-0.0244686708241701,0.0467220858848188
1775066070172004900,61.3030048828125,0.001129150160402,0.0003103811234235,0.0377013056917581
1775066070182043000,61.31304296875,0.0363629606269299,0.0321107100099325,0.043558132828027
1775066070192081000,61.32308081054688,0.0860122499369084,0.0181570034593343,0.0200422692166641
1775066070202120000,61.33311987304688,0.1096257652364671,0.0098883568078279,-0.0074597962203435
1775066070212158000,61.34315795898438,-0.0138917472302913,0.0169201551407575,-0.0348799281280953
1775066070222196000,61.35319604492187,0.0264716812096536,0.0353039530932903,-0.05156845733691
1775066070232233700,61.36323364257812,0.1742132420897483,-0.0039577977150678,0.0057813050814904
1775066070242272800,61.37327270507812,-0.0659725014708936,0.0233574947118759,0.0464986432593315
1775066070252310800,61.38331079101562,-0.0743311644934117,0.0329740488409996,0.0241859174931887
1775066070262348800,61.39334887695313,0.0244014508068561,0.0360007031857967,0.0011208755224011
1775066070272386800,61.40338671875,0.0523322447836399,0.0071750061959028,-0.0004225271278526
1775066070282425900,61.41342578125,0.0530151124812662,0.0232610486000776,-0.0017550269737839
1775066070292463900,61.4234638671875,0.0334172625638544,0.020231471645832,-0.0090548011936713
1775066070302502000,61.433501953125,0.0282816532410681,0.0169458741039037,0.0173751871655695
1775066070312540000,61.44353979492188,0.0369534738659858,-0.0048334115058183,0.0818145425187423
1775066070322578000,61.45357788085938,0.0811725548207759,0.0041536125481128,0.0616599446345586
1775066070332616700,61.46361669921875,0.0681600746430456,-0.0038777182161808,0.0431070645922794
1775066070342655000,61.47365502929687,0.0174384799264371,0.0056704468518495,0.0207893703900743
1775066070352692700,61.48369262695312,0.0052186114311218,0.0325824191749095,-0.0191383243805728
1775066070362731000,61.49373095703125,0.0240087982274591,0.0229886613994836,-0.015933299527876
1775066070372769800,61.50376977539062,0.0037315877437591,0.0150379946559667,0.0030840196883771
1775066070382808000,61.51380810546875,0.0201917241573333,0.0211661221474409,0.0105304815031122
1775066070392845800,61.523845703125,0.0173253749407827,0.0094593177407979,0.0110758312930352
1775066070402883800,61.5338837890625,0.0199286893069744,0.0137269120573997,0.0140234290522523
1775066070412923000,61.5439228515625,0.0081176938734948,0.011201192972064,0.014062482421007
1775066070422960600,61.55396069335937,0.0102009298883378,0.0266278946846723,0.0008818152026738
1775066070432999000,61.5639990234375,0.0062904784463346,0.042602293407917,0.0068607434818055
1775066070443036700,61.57403662109375,0.0205355691589415,0.0409060108840465,0.0431328657538164
1775066070453076000,61.584075927734375,0.0192578043080866,0.0175455935627222,0.0447528590379282
1775066070463113700,61.59411376953125,-0.0150431092225015,0.0060135612010955,0.0140409281763248
1775066070473152000,61.60415209960937,-0.0093419749714434,0.0037917934983968,-0.0205451315717305
1775066070483189800,61.61418969726562,0.0170668701350688,0.0030558804392814,-0.033625425421819
1775066070493228000,61.62422802734375,0.030835867768526,0.007299509358406,-0.0314635986122768
1775066070503266800,61.63426684570312,-0.0135891110219061,0.0368365694880485,-0.000985997096356
1775066070513304800,61.64430493164063,-0.0248773977555334,0.0516933623582124,0.0140178486948367
1775066070523342800,61.6543427734375,-0.0086427406609058,0.0572679476201534,-0.000733374042157
1775066070533380900,61.664380859375,0.0205355691589415,0.0299380421459674,0.0013001958783715
1775066070543420000,61.674419921875,0.0134149234987795,0.0162912095874547,0.029381823902158
1775066070553458000,61.6844580078125,0.0115185883581638,0.0200017545431852,0.02393059102525
1775066070563496000,61.694495849609375,0.0022422259688377,0.039217327144742,0.0243893402439542
1775066070573533700,61.70453369140625,-0.0229763864398002,0.0249959095686674,0.0094275343630462
1775066070583573000,61.71457299804688,-0.0206043966114521,0.0063905778199434,-0.0054980859596282
1775066070593610800,61.72461083984375,-0.028057050704956,-0.0262029472708702,-0.007648487192858
1775066070603649000,61.73464892578125,-0.0425894339263439,-0.0158159932911396,0.0107325434138532
1775066070613686800,61.74468676757812,-0.0234453191258013,-0.0135579852312803,0.0207209265300538
1775066070623725800,61.75472583007812,0.0313898483894765,0.0206371298372745,0.0351959444078616
1775066070633763800,61.764763916015625,0.0425274746060371,0.0300444251298904,-0.0080983544187853
1775066070643801900,61.7748017578125,0.0443688646890223,0.0235410345852375,-0.049435404530703
1775066070653840000,61.78483984375,0.0680602675303816,0.0126794488310813,-0.0203716747009661
1775066070663879000,61.79487890625,0.0975697090007364,-0.0135702601909637,0.0377778963256161
1775066070673917000,61.8049169921875,0.0441255574524402,-0.0192833771407604,0.0016786738019436
1775066070683955000,61.81495483398437,-0.1835176615297794,0.0339192207366228,-0.0599383861055364
1775066070693993000,61.82499291992188,-0.125692080026865,0.0799304458051919,-0.0430133355939527
1775066070704030700,61.83503076171875,0.0636133711241185,0.0179974289834499,0.0564960088330088
1775066070714069800,61.84506982421875,0.0356356692656874,0.0082142861157655,0.0581503199452534
1775066070724108000,61.85510791015625,0.0455846702195704,0.0548380901247262,0.0087036177024012
1775066070734145800,61.86514575195312,0.1461443548165261,0.0571130493193864,-0.0158557910119881
1775066070744183800,61.875183837890624,0.0309900354169309,0.0707610509216785,-0.0228699851895682
1775066070754222800,61.88522290039062,-0.1972306911922991,0.1275502751141786,-0.0649761428107274
1775066070764260900,61.8952607421875,-0.1378232473254203,0.079706573921442,-0.0909390936135314
1775066070774299000,61.905298828125,0.0684613956771791,-0.006311082842946,-0.0093307320582214
1775066070784337000,61.9153369140625,0.1498759425602853,-0.0296083718001842,0.0532432723810663
1775066070794376000,61.9253759765625,0.0300128609478473,0.0067412909537553,0.0249845616241684
1775066070804413700,61.93541357421875,-0.0730360101163387,0.0246399357378482,-0.0193252298213774
1775066070814452000,61.94545190429688,-0.0277566064536571,0.0547182631373405,-0.0546918500544503
1775066070824489700,61.95548974609375,0.047096974478662,0.0223737443715333,-0.0063626897325972
1775066070834529000,61.965529052734375,0.0774045805893838,-0.020464695879817,0.0403573959913803
1775066070844566800,61.97556689453125,0.0300724821805953,-0.0100806645095348,-0.0137052756143268
1775066070854605000,61.98560498046875,-0.0527834956824779,-0.0066273091852664,-0.063137072548992
1775066070864642800,61.99564282226562,-0.1233667058192193,-0.0358843833297491,-0.0786385428311303
1775066070874680800,62.005680908203125,-0.1005658220767974,-0.0286363118976354,-0.0909418609593529
1775066070884719900,62.01571997070312,-0.0080628949463367,-0.0248632230997085,-0.0653317513153655
1775066070894757600,62.025757568359374,0.0325625454306602,-0.004375146344304,-0.0193916552542475
1775066070904796000,62.0357958984375,0.0480874468207359,0.0207850138753652,-0.0144680675472132
1775066070914833700,62.04583374023437,0.0796072052001953,0.035871523848176,-0.0174583171380683
1775066070924873000,62.055873046875,0.0876185160897672,0.0574964956790208,-0.0157821686533512
1775066070934910700,62.06591064453125,0.0611981266759336,0.0557055206090211,0.0058717461441876
1775066070944949000,62.075948974609375,-0.0204829621888697,0.032154549151659,-0.0533856810930185
1775066070954986800,62.08598681640625,-0.1510042159378528,-0.014655132818222,-0.0717132599128643
1775066070965025800,62.09602587890625,0.0155972359739243,-0.0237035316705703,-0.0361781147124711
1775066070975063800,62.106063720703126,0.1313959907568991,-0.0350403337210416,-0.0419266226360574
1775066070985101800,62.11610180664063,-0.1574758961699903,-0.0118821609735488,-0.0051615474816411
1775066070995139800,62.12613989257813,-0.1051518346928059,0.0366875164061784,-0.0400976536432281
1775066071005179000,62.13617895507812,0.024121026430279,0.0175315650373697,-0.0264891940334578
1775066071015217000,62.146216796875,0.0453739500783383,-0.0029413141489028,-0.0043224160766461
1775066071025255000,62.1562548828125,-0.007196925766766,0.049694882017374,-0.0135525875369552
1775066071035293000,62.16629296875,-0.0335479032061994,0.0953027869820594,0.0146487852758262
1775066071045332000,62.17633203125,0.0021137772835791,0.0273754981815814,0.03742789101128
1775066071055370200,62.18637036132812,-0.0089909695766866,0.0108148240029811,0.0608372711740201
1775066071065408500,62.196408447265625,0.0106722006618976,-0.0077425769507884,0.0222286459455732
1775066071075446300,62.2064462890625,0.0154195413194596,-0.0217494749933481,-0.0078431101492373
1775066071085484300,62.216484375,0.0154607501126825,-0.0080319152861833,-0.0254924974465742
1775066071095523300,62.2265234375,0.0079155954301357,-0.0008902268379926,-0.0478164387264754
1775066071105561300,62.23656127929687,-0.0217350080765783,0.0185001178085803,-0.0425700944716343
1775066071115599400,62.24659936523437,-0.0206939745910465,0.0140197575241327,-0.0445787354468833
1775066071125637400,62.25663745117188,-0.0005424363136291,0.0142938982903957,-0.0154344100950285
1775066071135676400,62.26667651367188,-0.0127450614131987,0.0303705883443355,0.0192560598755721
1775066071145714200,62.276714111328126,-0.0166707104243338,0.0445779773950576,0.0151820473357336
1775066071155752400,62.28675244140625,-0.0149696055948734,0.0498930349379777,0.007571047175629
1775066071165790200,62.29679028320312,0.0011969546996057,0.0232300689399242,0.0135151187705108
1775066071175829500,62.30682958984375,0.0320246391616761,-0.0109147772461175,0.0243904636219609
1775066071185867300,62.3168671875,0.033947716178745,-0.0026361937224864,0.0137427261144621
1775066071195905500,62.326905517578126,0.045348523376137,0.0181236857116222,-0.0096582287132274
1775066071205943300,62.336943359375,0.023978256958723,0.0378629899263381,-0.0157869178937049
1775066071215982300,62.346982421875,0.0212986624859273,0.0083656772851943,-0.0216303786583244
1775066071226020400,62.35702026367188,0.0058814592540264,0.0089969609260559,-0.002287485316093
1775066071236058400,62.36705834960937,0.0324726751901209,0.0135638304501771,0.031517479657405
1775066071246096400,62.37709643554688,0.0161876030825078,0.033584874215722,0.058879643433378
1775066071256135400,62.38713549804688,0.0061197980545461,0.0474596703112125,0.0769648739978671
1775066071266173400,62.39717333984375,-0.006409867042303,0.0483615875869989,0.0476860446793027
1775066071276211200,62.40721118164063,-0.0045804596580564,0.029006314253807,0.0291638840022729
1775066071286249500,62.41724951171875,-0.036135289350897,0.0089010993361473,0.0103935344175668
1775066071296288300,62.42728833007813,-0.0299475406266748,0.0281575884699821,0.0188845277160173
1775066071306326300,62.437326171875,-0.0372014572776854,0.0133674310952424,0.0333249720373656
1775066071316364300,62.4473642578125,-0.0281390298999845,0.02072013194561,-0.0415947694663424
1775066071326402300,62.45740234375,-0.0138742115736007,0.0157002579569816,-0.0119264659061562
1775066071336440300,62.4674404296875,-0.0203553902864456,0.0172749599277973,0.0146184632027987
1775066071346479400,62.47747924804688,-0.0128850544057786,0.0249222598105669,0.0309052432103082
1775066071356517400,62.48751733398438,0.0024361411057412,0.0002203647524118,0.0607038494861219
1775066071366555400,62.49755541992187,0.0308756152570247,-0.0016068506747484,0.0772797486333176
1775066071376593400,62.507593505859376,0.0425764283142983,0.0463870726436376,0.0353423580080736
1775066071386632400,62.517632568359375,0.0813023186802864,0.0596796849370002,-0.0096858839051332
1775066071396670500,62.52767041015625,-0.083707041734457,0.0730412708133459,-0.0810178939820267
1775066071406708500,62.53770849609375,-0.2905075253047048,0.1223608897775411,-0.0679532817582599
1775066071416746500,62.54774658203125,-0.1006594917096197,0.1218839199155569,0.0450750127975363
1775066071426785500,62.55778564453125,0.1375121355496346,0.0648679012298583,0.1306784353383816
1775066071436823300,62.5678232421875,0.0450922105275094,0.0630757571160793,0.0988517207684461
1775066071446861300,62.577861328125,0.0170328217349946,0.0960088894248008,0.0318238558925688
1775066071456899300,62.5878994140625,0.0218377377986907,0.0748275697082281,-0.0850271935554686
1775066071466938400,62.5979384765625,-0.1801215893507003,0.1080851116657257,-0.0332161413680296
1775066071476976400,62.60797631835938,-0.136260089661926,0.1007470238626003,-0.0499775896825827
1775066071487014400,62.61801440429687,-0.0046738370299339,0.0148836808770895,0.0164124430806376
1775066071497052400,62.62805249023437,0.1054522789441049,-0.0132914432495832,0.0873151766284834
1775066071507091200,62.63809130859375,0.0775311295785009,0.015496259817481,0.0488566045623272
1775066071517129500,62.64812939453125,-0.0496701859675347,0.0194914669334888,-0.0444979252956341
1775066071527167200,62.658167236328126,-0.094735654618591,0.0313560922503471,-0.0233697788047138
1775066071537205500,62.66820556640625,-0.0207832603096961,0.0001601589977741,-0.006351268722862
1775066071547244300,62.67824438476563,0.0543114359021186,-0.026952888855338,0.0455088741701561
1775066071557282600,62.68828247070312,0.0513749440588057,-0.0362175608068704,0.0243749098598025
1775066071567320300,62.6983203125,-0.0142995973788201,-0.0005833528459072,-0.0639911640611011
1775066071577358300,62.7083583984375,-0.0869137288212776,0.0346346755295991,-0.1213362868370022
1775066071587397400,62.7183974609375,-0.0843209358491003,0.044323710373044,-0.1048966634884942
1775066071597435400,62.728435302734376,-0.0034954409003257,0.0360223304957151,-0.0625255667542573
1775066071607473400,62.73847338867188,0.0538075780332088,0.0265431390106678,-0.0747538012191187
1775066071617511200,62.74851123046875,0.0714367582261562,0.0402788188964128,-0.0389542831612285
1775066071627549400,62.75854956054688,0.0459048420846462,0.0325058468073606,0.0021534060410689
1775066071637588200,62.76858813476562,0.0308605638183653,0.0213648595899343,0.0205359070856589
1775066071647626500,62.77862646484375,0.0122572778962552,0.0109516021251678,0.0057429001667071
1775066071657664300,62.78866430664063,0.0062276423431932,-0.0500619617640972,0.0013186631168238
1775066071667702500,62.79870263671875,-0.0481539361856877,-0.0541664744734764,0.0072928878213744
1775066071677741300,62.8087412109375,-0.1131624149300157,-0.026951135289669,-0.0258848029660992
1775066071687779300,62.818779296875,0.188799255194515,-0.0145668700128793,-0.0508735156089998
1775066071697817300,62.8288173828125,0.0203553902864456,0.0022860651105642,-0.0219402665914036
1775066071707855400,62.83885546875,-0.1509269129179418,0.0521077883780002,-0.0347697457518894
1775066071717894400,62.848894287109374,-0.0246294143438339,0.0642383711546659,-0.0517483622147701
1775066071727932400,62.85893237304688,0.0549649313747882,0.0517249265402555,-0.0236879413757938
1775066071737970400,62.86897045898438,0.0440671052634716,0.0469715945333242,-0.0159803809394594
1775066071748008200,62.87900830078125,-0.0425450102627277,0.0147562551051378,-0.0478380295037757
1775066071758047200,62.88904711914063,-0.0700197310350835,-0.0433171636790037,-0.0125082021837122
1775066071768085500,62.89908544921875,-0.0058697688162326,-0.0680617288351058,0.0600221325659658
1775066071778123300,62.909123291015625,0.0328571444630622,-0.045793198403716,0.0406254312438424
1775066071788161300,62.91916137695313,0.0397581560231745,-0.0287561388850212,-0.0069974165727151
1775066071798200300,62.929200439453126,0.0495218635380268,-0.024036124625802,-0.0325605498363962
1775066071808238300,62.93923828125,0.0424387734092772,0.0134136083245277,-0.04976895646716
1775066071818276400,62.9492763671875,0.030610242319107,0.0290232653886079,-0.0590572284899884
1775066071828314400,62.959314453125,0.0407762470245361,0.0397685312867164,-0.0911080569722689
1775066071838353400,62.969353515625,0.0403273342132568,0.0258732769250869,-0.0405700432282173
1775066071848391200,62.97939111328125,0.0047545010507106,0.0179945063740015,-0.0182964256297564
1775066071858429400,62.98942944335938,-0.0552338114440441,0.0253477917462587,-0.0067501775131095
1775066071868467500,62.99946752929687,-0.0912988120377063,0.0032978725016117,0.0238904964768793
1775066071878506500,63.00950659179688,-0.0710895522236824,0.0076379475325345,0.0219153833118965
1775066071888544300,63.01954418945313,-0.0641267274737358,0.0132388362795114,0.004632299443148
1775066071898582500,63.02958251953125,-0.0271240076385438,0.0072112465530633,-0.0187541519351536
1775066071908620300,63.039620361328126,0.039527854398638,0.0235334358006715,-0.0557198139958549
1775066071918659300,63.049659423828125,0.0119990653514862,0.0302706351011991,-0.02544885466767
1775066071928697300,63.059697265625,0.0012217968799173,0.0273012639015913,-0.0250644401936559
1775066071938735400,63.0697353515625,-0.0148084236837923,0.0048760816037654,-0.0137048646223731
1775066071948773400,63.0797734375,-0.0216144504368305,-0.0212765967845916,-0.007816071445262
1775066071958811400,63.08981127929688,-0.0059938335873186,-0.0358627560198307,0.0015870180296944
1775066071968850400,63.09985034179687,0.0058697688162326,-0.019429507613182,0.0057794921503169
1775066071978888200,63.10988818359375,-0.0240904851615428,-0.0024573300242424,0.0023691722501767
1775066071988926500,63.11992651367188,-0.035725977897644,0.0293938522666692,-0.0149793095715576
1775066071998964200,63.12996411132813,-0.0151871938683092,0.0406979210913181,-0.0509140394156333
1775066072009003500,63.14000341796875,-0.0043197628952562,0.0435585712194442,-0.0492576139781158
1775066072019041300,63.15004125976562,-0.0121687228299677,0.0293096811145544,-0.0331034747737925
1775066072029079600,63.16007958984375,-0.0301930398203432,0.0038116672426462,-0.0213530458545545
1775066072039117300,63.17011743164063,-0.0296399359822273,0.0092173256784677,-0.0231125024082837
1775066072049156400,63.18015625,-0.00033551556468,0.0294628258496522,0.0039028846234781
1775066072059194000,63.19019409179688,0.0494844541370868,0.0124000473678112,0.004213270313479
1775066072069231900,63.20023193359375,0.0386824896156787,0.0290513224393129,0.0135511718980036
1775066072079270000,63.21026977539063,0.0156742467328906,0.042270284974575,-0.0165845528111094
1775066072089309000,63.22030883789063,0.0321932737268507,0.0151145670235157,0.0069422477527987
1775066072099347000,63.23034692382812,0.101707977849245,-0.0157861826747655,0.0175863137321779
1775066072109385000,63.240385009765625,0.1032464394629001,-0.0134767366886138,-0.0303227306146174
1775066072119423000,63.25042309570313,-0.1428125800453126,-0.0295282923012971,-0.11599051449541
1775066072129462000,63.2604619140625,-0.2622491068087518,-0.0225298117160797,-0.0944428456844762
1775066072139499800,63.270499755859376,0.0130580728851258,-0.0371563029617071,0.0259522650120081
1775066072149538000,63.2805380859375,-0.060446577656269,-0.0548965423136949,0.0594447756360052
1775066072159576000,63.290576171875,-0.1103892969548702,0.0621393530488014,-0.0052245571147184
1775066072169615000,63.30061499023437,0.2298432132445275,0.0367950684338808,0.0195633128935704
1775066072179652900,63.31065283203125,0.0917535700678825,0.0370768079847097,0.0735923105585388
1775066072189691100,63.32069116210938,-0.1543301454901695,0.1146142211735248,-0.0054177461658371
1775066072199729000,63.33072900390625,-0.1511937471605837,0.1081698673397302,-0.038637796524004
1775066072209768000,63.340767822265626,0.0027039982616901,0.0154173493623733,-0.0011862917416961
1775066072219806000,63.35080590820313,0.1195240589164197,-0.0280254865229129,0.0674211750424001
1775066072229844000,63.36084399414062,0.0164496150195598,-0.026188334223628,0.0770109050966799
1775066072239882000,63.370882080078125,-0.1278115563988685,0.0038046529799699,0.0223671730668516
1775066072249921000,63.38092114257813,-0.1280840897299349,0.008491349491477,-0.0127416912791784
1775066072259959000,63.390958984375,-0.0579449700988829,-0.0252384861528873,0.0345029937076382
1775066072269996800,63.40099682617188,-0.0063455696344375,-0.0163479082107543,0.0958295142699033
1775066072280035000,63.41103515625,0.0491816717982292,-0.0139402625471353,0.0208708426950266
1775066072290073900,63.42107397460938,0.0040519057393074,-0.0013981763601303,-0.0390471125438343
1775066072300112100,63.43111206054687,-0.0874481279589235,0.0087584759950637,-0.0401110839469591
1775066072310150000,63.44114990234375,-0.105223584754765,0.0019271686702966,-0.0330135817003669
1775066072320188200,63.45118823242188,-0.0436952032111585,0.0069914663225412,-0.04370274263022
1775066072330227000,63.46122705078125,-0.008189151674509,-0.0056219315350055,-0.0081637934709666
1775066072340265000,63.47126489257813,0.0102257720686495,-0.0015296937853097,0.0424227584228152
1775066072350303000,63.48130297851562,0.0132791682898998,0.0116986211001873,0.0482277275076834
1775066072360341000,63.49134106445312,0.0018983809672296,0.0274614228993654,0.0760313879734603
1775066072370380000,63.50138012695312,-0.0252069219708442,0.0203290868014097,0.0646453536535147
1775066072380418000,63.51141796875,-0.0187795192718505,0.0083867200732231,0.0569576075959252
1775066072390456000,63.5214560546875,-0.0394692560791969,-0.0538397267371416,0.020987591809337
1775066072400494000,63.531494140625,-0.0944211818419396,-0.0642377866327762,0.0264937469109892
1775066072410532900,63.54153295898438,-0.0300151990354061,-0.0366699807494878,0.0245901828785659
1775066072420571100,63.55157104492187,0.1125868069991469,-0.0263216052144765,0.0472520052101695
1775066072430609000,63.56160888671875,-0.1209447393693029,0.0226245042622089,0.0747273470370331
1775066072440647000,63.57164697265625,-0.1353271927259862,0.0544295093238353,0.0592640990065876
1775066072450685000,63.581684814453126,-0.0189069450438022,0.0420727165758609,0.0690214270130032
1775066072460724000,63.591723876953125,0.0276579683847725,0.0417623354524374,0.0595986875560833
1775066072470762000,63.60176196289063,0.0131003045916557,0.0401414562523365,0.0121625122848898
1775066072480800000,63.61180004882812,-0.0258007962107658,0.033739772516489,0.0149565862830961
1775066072490838000,63.621838134765625,-0.0406720559976995,0.0014887772530317,0.0503928011536598
1775066072500876800,63.63187670898437,-0.026522096222639,-0.0052776481419801,0.0672247300216928
1775066072510915000,63.6419150390625,0.012747253370285,-0.0122743751615285,0.0482789416716899
1775066072520952800,63.651952880859376,-0.0033117548964917,-0.0005102876096963,0.0521441931319422
1775066072530991000,63.6619912109375,-0.0142483055830001,0.0092635029077529,0.0190822650780901
1775066072541030000,63.67202978515625,-0.0371370137393474,0.0165741181820631,-0.0665595258449204
1775066072551068200,63.68206811523437,-0.0150222125649452,0.0514373417705297,-0.0493337662205565
1775066072561106000,63.69210595703125,0.0105440442375838,0.0466483539283275,-0.0047512405145447
1775066072571144200,63.70214428710938,0.0035386955201625,0.0026888006925582,0.0080465831323526
1775066072581183000,63.71218286132813,-0.0010158990442752,-0.0166974523007869,0.0006239223183132
1775066072591221000,63.722220947265626,-0.0121451958239078,-0.0087006083279848,0.0319714842023327
1775066072601259000,63.73225903320313,-0.055888475960493,-0.0124000473678112,-0.05029272004636
1775066072611296800,63.742296875,-0.0586146860539913,0.0404173505842685,0.0227432352710515
1775066072621336000,63.75233618164062,-0.0454398549214005,0.0316951149463653,0.0130418889353051
1775066072631373800,63.76237377929687,-0.0180455059088766,0.0309060103952884,-0.0028784323799889
1775066072641412000,63.772412109375,-0.00432663102746,0.0227747263878583,-0.0265257677507586
1775066072651449900,63.78244995117188,-0.0008300210833549,0.0016880992174148,-0.0406018403057008
1775066072661489000,63.79248901367188,0.0201893860697746,0.0200292270720005,-0.0102253428103867
1775066072671527000,63.80252685546875,0.0357877910874784,0.0157411744892597,0.0162266290517989
1775066072681565000,63.81256494140625,-0.0206068808294832,0.0165653503537178,0.0125071975367143
1775066072691603000,63.82260302734375,-0.0561759145997464,0.0410106403023004,0.0298523548902012
1775066072701642000,63.83264208984375,-0.0454839863240718,0.0413940866619348,0.0455525306487921
1775066072711680000,63.84267993164063,-0.0015431377887725,0.0106833065778017,0.0109439850742928
1775066072721718000,63.85271801757813,-0.029283231499046,0.0261392343848943,-0.0294219275836832
1775066072731756000,63.86275610351562,-0.0412555549740791,0.0059440030962228,-0.0347114579597022
1775066072741795000,63.87279516601563,-0.0256347919940948,0.0095230306267738,-0.0419970757900737
1775066072751833000,63.8828330078125,0.0022924948513507,0.0373982950240373,-0.0576796245604287
1775066072761871000,63.89287109375,0.0084590546570718,0.0503472084462642,-0.0296366937123704
1775066072771909000,63.9029091796875,-0.0104313776433467,0.0399888960391283,-0.0126389067581389
1775066072781948200,63.9129482421875,-0.0202151050329208,0.0360854588598012,-0.0187977947140578
1775066072791986000,63.92298583984375,-0.0340823023438453,0.0172118315637111,-0.0277547615564428
1775066072802024000,63.93302392578125,-0.0410578404448926,-0.0040542438268661,-0.0311699128953274
1775066072812062000,63.94306201171875,-0.0171839206434786,-0.021854104411602,-0.0165404259750153
1775066072822101000,63.95310107421875,0.0129389765501022,-0.0131745388716459,0.0214324723328929
1775066072832139000,63.96313891601562,0.0587339285194873,-0.0236076700806617,0.0359214274045079
1775066072842177000,63.973177001953125,0.0646431525632739,-0.0238245277017354,0.0296507861698046
1775066072852215000,63.98321508789063,-0.1078686924360692,-0.0125444242745637,-0.0280184813933912
1775066072862253800,63.99325390625,-0.1067021328747272,0.0307961202800273,-0.0422323823832906
1775066072872292000,64.0032919921875,0.1050676635406911,-0.0020727146208286,-0.003282747997716
1775066072882329900,64.01332983398437,-0.0595453910328447,-0.0091851769745349,0.0002433711686637
1775066072892368100,64.0233681640625,-0.183317901173979,0.0916577084779739,0.0425526912456844
1775066072902407000,64.03340698242188,0.1586801573932171,0.0507961212575435,-0.000988079455588
1775066072912445200,64.04344506835938,0.1339442139349878,0.0365472311526536,0.0979781071385368
1775066072922483000,64.05348291015625,-0.1150724863350391,0.1156336273491382,0.0159313085001893
1775066072932521200,64.06352124023438,-0.1580218396149575,0.1113052427560091,-0.033778606689535
1775066072942560000,64.07356005859376,-0.0091103581726551,0.0413379725605249,-0.0111717750813346
1775066072952598000,64.08359790039063,0.1285841482065618,0.00317044672966,-0.0044988731886725
1775066072962636000,64.09363598632812,0.0487888730883598,-0.0087999770492315,-0.0220849631585646
1775066072972673800,64.103673828125,-0.0926538799084722,0.0054898295879364,-0.0468258202539291
1775066072982713000,64.11371313476562,-0.102431615948677,-0.0024421324551105,-0.0610326795816887
1775066072992750800,64.12375073242187,-0.0478534919343888,-0.047033553853631,0.0279597369434777
1775066073002789000,64.1337890625,0.0044388592302799,-0.034219080466032,0.0816314136373344
1775066073012827000,64.14382690429687,0.0496551345288753,-0.0268991128414869,0.0440007346295285
1775066073022866000,64.15386596679687,-0.0024947394251823,0.0108586631447076,-0.0317227884045802
1775066073032904000,64.16390405273438,-0.0371333604775369,0.0515606758892536,-0.1014807632309384
1775066073042942000,64.17394189453125,-0.0139069447994232,0.0453951389968395,-0.0973530340427532
1775066073052980000,64.18397998046875,-0.0328080446243286,0.0349777898788452,-0.0629159725776407
1775066073063019300,64.19401928710937,-0.0107680622518062,0.0114057756334543,-0.0632606669626198
1775066073073057300,64.20405737304688,-0.0203356626726686,0.0037917934983968,0.0263950905757956
1775066073083095300,64.21409521484375,-0.0612101093746721,-0.0016536124259233,0.0635039194002747
1775066073093133300,64.22413330078125,-0.0379800404347479,0.0024620061993598,0.0354148204560857
1775066073103172400,64.23417236328125,0.0029002514861524,-0.0010305120915174,0.0052766343618277
1775066073113210000,64.24421020507812,0.0307632409237325,0.0012134674429893,0.0050197004586923
1775066073123248400,64.25424829101563,0.0528673745736479,-0.0150830028414726,-8.7367756199e-05
1775066073133286100,64.2642861328125,-0.057825435372442,-0.0052285483032464,0.0294499024359975
1775066073143325400,64.27432543945312,0.0021954642176628,-0.0021703297764062,-0.0319906638268381
1775066073153363200,64.28436328125,0.0690462098278105,-0.0306155030161142,-0.0028760577598121
1775066073163401500,64.2944013671875,-0.1099929911136627,-0.009479776006937,0.0525737710550893
1775066073173439200,64.30443920898438,-0.048864860934019,-0.0087204820722341,0.0042243031641468
1775066073183478300,64.31447827148438,0.0298396963380277,-0.0162502930551767,0.0040505448992829
1775066073193516300,64.32451635742187,0.0700491032600402,0.0256412217348814,-0.0232612129968591
1775066073203554300,64.33455419921874,0.0673345836043357,0.0540209285229444,-0.0524214483038987
1775066073213592300,64.34459228515625,0.0199615686632692,0.0345060807138681,-0.0353660402777604
1775066073223631400,64.35463134765625,-0.0241195651255547,0.0140992525011301,0.0489291857413481
1775066073233669400,64.36466943359375,-0.0478090682707726,-0.00033551556468,0.0575701180376578
1775066073243707100,64.37470703125,-0.0420164563439786,-0.0184855047613382,0.0364576805725228
1775066073253745400,64.38474536132813,-0.0152267952263355,-0.0382739088147878,-0.0338696368406992
1775066073263784200,64.3947841796875,0.0101950846694409,-0.0565256048202514,-0.0550039025451522
1775066073273822200,64.404822265625,0.0167091427385807,-0.0370037427484989,-0.0439115493755787
1775066073283860200,64.41486010742187,0.0244634101271629,0.0136947633534669,-0.0570703700882848
1775066073293898200,64.42489819335937,0.0339162981271743,0.0582879383176565,-0.0619924188587814
1775066073303937300,64.43493725585938,0.0037852176271378,0.0437824431031942,-0.0390705025525763
1775066073313975300,64.44497534179688,-0.0176921624265611,0.0281008898466825,-0.0054934280508197
1775066073324013300,64.45501342773437,-0.050155485266447,0.01909749917984,0.0122427196479402
1775066073334051300,64.46505126953124,-0.059888943773508,0.0038654432564973,0.0357045058513525
1775066073344090000,64.47509008789062,-0.0866122616566717,-0.0104284550338983,0.0198780550982803
1775066073354128400,64.48512841796875,-0.0715828886985778,0.0204191031724214,-0.0329203550255391
1775066073364166100,64.49516625976563,-0.0379261182904243,0.0455664039105176,-0.0160245032089762
1775066073374204400,64.50520434570312,0.002341448559612,0.0426093076705932,0.011077822320722
1775066073384243200,64.5152431640625,0.0325965938307344,0.0297024798244237,0.0218263670213054
1775066073394281500,64.52528149414063,0.0163327106416225,0.0186415721058845,0.0257011808943469
1775066073404319200,64.5353193359375,-0.0107480423770844,-0.0094341832995414,0.0326627178695052
1775066073414357200,64.54535717773437,-0.0205903680860996,-0.0169803608953952,0.0150251808401662
1775066073424396300,64.55539624023437,-0.0625017566204071,-0.0070037412822246,-0.0038979938192293
1775066073434434000,64.56543408203125,-0.0891641380965709,-0.0157341602265834,0.0270513351279776
1775066073444472300,64.57547241210938,-0.0593031067095696,0.0242658417284488,0.0276383686351589
1775066073454510300,64.58551025390625,-0.0152476918838918,0.0207423437774181,0.0034999344123527
1775066073464549400,64.59554931640625,0.0043652094721794,0.0279851545125246,0.0270861598461866
1775066073474587100,64.60558715820312,0.0089290102563798,0.0423959571808576,-0.0045457262713927
1775066073484625400,64.61562548828125,-0.0062871174454689,0.018021394380927,-0.0486071963785216
1775066073494663200,64.6256630859375,-0.0171288294553756,0.0211854113698005,-0.0210481948561966
1775066073504702200,64.6357021484375,-0.0342214185535907,-0.0002104278802871,0.0149361691161524
1775066073514740200,64.645740234375,-0.0310825360059738,-0.0130453595340251,0.0344617757812608
1775066073524778200,64.6557783203125,0.0043478199459612,-0.0098725747168064,0.0376724266571458
1775066073534816300,64.66581616210938,0.0214985689722001,-0.0029395605832338,-0.0007896708066575
1775066073544855300,64.67585522460938,0.0120725689791142,-0.0164952077269554,0.0020018596080131
1775066073554893300,64.68589331054687,-0.0102314711570739,0.0024240122765302,0.0264159233012702
1775066073564931300,64.69593139648437,-0.0177856859289109,0.0180640644788742,-0.005390415200917
1775066073574969300,64.70596923828126,-0.0233025496542453,0.0173801738679409,0.0029778650333173
1775066073585008400,64.71600830078125,-0.0221698923625051,0.0262561387628316,0.0418181572929024
1775066073595046400,64.72604638671875,0.0461887735925614,0.0244347685545682,0.0446147018094081
1775066073605084200,64.73608422851562,0.0820562057875096,0.0005640636235475,-0.0032199849598109
1775066073615122400,64.74612231445313,-0.1073733101345598,-0.0234422503858804,-0.0328621859643608
1775066073625161200,64.7561611328125,-0.1431225227773189,0.0018096797704696,-0.0275692215222399
1775066073635199200,64.76619921875,0.0180091194212436,-0.0335275910705328,0.0559401422156486
1775066073645237200,64.7762373046875,-0.0694609281085431,-0.031587562918663,0.0633410387224517
1775066073655275300,64.78627514648437,-0.1336626205146312,0.0300163680791854,0.054114881283557
1775066073665314300,64.79631420898437,0.1270867492556572,0.0236918412327766,0.0486647261188831
1775066073675352300,64.80635229492188,0.0949262087546288,0.0780319187074899,0.0833203348386567
1775066073685390300,64.81639038085937,-0.128355161756277,0.1472363878369331,-0.0045146278802305
1775066073695428400,64.82642846679687,-0.1951613375723362,0.1607487803608179,-0.0151313811609987
1775066073705467100,64.83646704101562,-0.0272843127667903,0.0613707067638635,0.0346288029112387
1775066073715505400,64.84650537109376,0.1339127958834171,-0.0162520466208457,0.0753022380152717
1775066073725543200,64.85654321289063,0.0927332287549972,-0.0293213715523481,0.0324896171917673
1775066073735581400,64.86658154296875,-0.0142504975400865,-0.016426818665862,-0.0120780762712936
1775066073745620200,64.8766201171875,-0.0389699282549321,-0.0145867437571287,-0.006375544647593
1775066073755658500,64.88665844726563,0.0195838213920593,-0.0283715234816074,0.0642858087592758
1775066073765696300,64.8966962890625,0.0325578692555427,-0.008004442757368,0.0782319530579261
1775066073775734300,64.906734375,-0.0355612888552248,0.0005716624081134,0.0475549017134588
1775066073785773300,64.91677319335938,-0.1111585277616977,-0.0102244568943977,-0.0080769052053801
1775066073795811000,64.92681103515625,-0.1175415067970752,-0.0125759884566068,-0.0375178480167873
1775066073805849300,64.93684936523438,-0.0968387643776833,-0.0262988088607788,-0.0489646223809104
1775066073815887000,64.94688720703125,-0.0340891704760491,-0.0152805712401866,-0.0049679063393734
1775066073825926400,64.95692651367187,0.0052082361675798,-0.0095931732535362,0.0416861192779149
1775066073835964200,64.96696411132812,0.0454442388355731,0.0124362877249717,0.0470411526381969
1775066073846002400,64.97700244140626,0.034745880819112,0.0410638317942619,0.0385338109931442
1775066073856040200,64.98704028320313,0.0404689346410334,0.0494324316889047,0.0313586495336145
1775066073866079200,64.99707934570313,0.0385983184635639,0.0317214184314012,0.0575046698523219
1775066073876117200,65.0071171875,0.0138544839598238,0.0267582430660724,0.035785772660328
1775066073886155300,65.0171552734375,-0.0505927076399326,0.0184428346633911,-0.0008055350960697
1775066073896193300,65.027193359375,-0.0630032764017582,0.0203442843705415,-0.0043903073808178
1775066073906232300,65.037232421875,0.1311959381401538,-0.0206307000964879,0.0539716460211202
1775066073916270300,65.04727026367188,-0.0503916321098804,-0.0144990654736757,0.055932479499001
1775066073926308400,65.05730834960937,-0.1587969156406819,0.0366010071665048,0.0517144873446319
1775066073936346400,65.06734643554688,-0.0493837702415883,0.0084849197506904,0.0350554034260101
1775066073946385400,65.07738549804688,0.0014836626864969,-0.0061713821113109,0.0331916462475899
1775066073956423200,65.08742309570313,0.0258205238245427,0.0250029238313436,0.0207553311231546
1775066073966461200,65.09746118164063,-0.0008756137907505,0.0672469053208827,0.0041799799652304
1775066073976499200,65.10749926757812,-0.0068622869849205,0.0423620549112558,0.046874646098027
1775066073986538200,65.11753833007812,-0.0070469959020614,0.0043541035562753,0.0806559836007654
1775066073996576300,65.127576171875,0.0154513977624475,0.0081833064556121,0.0630164007448125
1775066074006614300,65.1376142578125,-0.0321555720649659,-0.0283989960104227,0.0552679603088181
1775066074016652300,65.14765234375,-0.0619661884389817,-0.0315630129992961,0.068464327419782
1775066074026691000,65.15769116210937,-0.0532533051513135,-0.025690321573615,0.0284040603446075
1775066074036729300,65.16772924804687,0.0169021810926496,-0.0095294603675603,-0.029425672177039
1775066074046767400,65.17776733398438,0.035090018081665,0.0052753100544214,-0.0443310260298196
1775066074056806400,65.18780639648438,0.0413258437313139,0.0375619611531496,-0.0320149214852601
1775066074066844700,65.1978447265625,0.0178043906293809,0.0488747978061437,-0.0088092061018804
1775066074076883000,65.20788305664063,-0.0119829909995198,0.0239548760831356,0.0596586056163534
1775066074086920700,65.21792065429688,-0.0515315959252417,0.0197042329013347,0.081387613210408
1775066074096959700,65.22795971679687,-0.0398597167015075,0.0241921919703483,0.0514169748359359
1775066074106997800,65.23799780273437,0.0021932722605764,0.0335696766465902,0.0205238102224888
1775066074117035800,65.24803588867188,0.0043174248076975,0.028487843337655,-0.0073102956139016
1775066074127073800,65.25807373046875,0.0146514795564115,0.0300882642716169,-0.0365192197677213
1775066074137112800,65.26811279296875,0.0252490075469017,0.0104845691353082,-0.0180699416638119
1775066074147150800,65.27815087890625,0.0157541801013052,0.0102250414162874,-0.0471502664353232
1775066074157188900,65.28818896484376,-0.008895107986778,0.021482933011651,-0.042867342118849
1775066074167227000,65.29822680664063,-0.025301468386501,0.0019441198050975,-0.0122502042680745
1775066074177266000,65.30826586914063,-0.0425204603433609,-0.0085042089730501,-0.0367610702661564
1775066074187303700,65.3183037109375,-0.0366809405349195,-0.0031119945406913,-0.0218937149027828
1775066074197341700,65.328341796875,-0.0241676420509815,0.012717442753911,-0.0073078981608385
1775066074207379700,65.33837963867188,0.0164786949835717,0.0267500597596168,-0.0347495843132725
1775066074217418800,65.34841870117188,0.0265874165438115,0.0283867210507392,-0.0211279866607161
1775066074227456800,65.35845678710938,0.0101671737492084,0.020289339312911,-0.0322382590794703
1775066074237494800,65.36849487304687,0.0048689212106168,0.026891514056921,-0.0184442822683835
1775066074247532800,65.37853271484374,-0.0141863462626934,0.042721535873413,-0.0006069392174715
1775066074257571600,65.38857153320312,-0.0544447068929672,0.0467377857774496,0.0177056840618373
1775066074267609900,65.39860986328125,-0.0828922182202339,0.0276268425941467,-0.0048607013715431
1775066074277647600,65.40864770507812,-0.0491479156590998,0.0143412445634603,-0.008766115878825
1775066074287686000,65.41868579101562,0.0067453826069831,6.02057546377e-05,0.0056142733849352
1775066074297724700,65.428724609375,0.0344200098656117,0.0070621934711933,0.0048196341422153
1775066074307763000,65.43876293945313,-0.0053602118588984,0.0489624760895967,-0.0167441227204166
1775066074317800700,65.44880078125,-0.0027284020505845,0.0828442874252796,-0.0630317901101894
1775066074327839000,65.4588388671875,0.0044575639307498,0.0647416445016861,-0.049688461409742
1775066074337877800,65.46887768554687,-0.0065210723318159,0.0751367817878723,-0.0185993358327774
1775066074347915800,65.47891577148438,-0.0418212260328233,0.076370122975111,0.0127165842373855
1775066074357953800,65.48895385742188,0.0336918417215347,0.0702145229548215,0.0099417263963026
1775066074367991800,65.49899169921875,-0.0065783554770052,0.0428349331200122,-0.0381126584050478
1775066074378030800,65.50903076171875,-0.2569942550204694,0.0720756406515836,-0.0687257274354808
1775066074388068600,65.51906860351562,-0.1681177016936242,0.0850917740911245,-0.0593285562446573
1775066074398107000,65.52910693359375,0.1369698453664779,0.0270884979337453,0.0383344707624521
1775066074408144600,65.53914453125,0.1541195714794099,-0.0104173491179943,0.04068872400471
1775066074418183700,65.54918359375,0.0219873754024505,0.0367079746723175,-0.0110685704351868
1775066074428221700,65.5592216796875,0.0910147343993186,0.0390700276285409,-0.1186309460015967
1775066074438260000,65.56926000976563,-0.1375416539050638,0.0921837781786918,-0.0436468111919006
1775066074448297700,65.57929760742188,-0.1976373722970485,0.0877829128712415,-0.025691170956986
1775066074458336800,65.58933666992188,-0.0382404449366033,0.0407867684185504,-0.0088921625444432
1775066074468374800,65.59937475585937,0.0696878687322139,-0.0088712887197732,0.0096753077121917
1775066074478412800,65.60941284179688,0.1209947159908711,-0.0007043488770723,0.0034318969777086
1775066074488450800,65.61945092773438,0.0185933490499854,0.0525941105902195,-0.0563489513454027
1775066074498489900,65.62948974609375,-0.0978431191146373,0.0864174697369337,-0.0592588109101168
1775066074508527900,65.63952783203125,-0.07650704722777,0.047982817402482,0.0098826805522898
1775066074518566000,65.64956591796874,0.0180336693406105,-0.0034890111595392,0.0326824683161685
1775066074528604000,65.65960400390625,0.0398982951462268,-0.0164484459757804,0.020323835237557
1775066074538643000,65.66964282226563,-0.0144867905139923,-0.0164811792016029,-0.0642188079376705
1775066074548680700,65.6796806640625,-0.0787501499794423,-0.0105324999302625,-0.1328965680455789
1775066074558718700,65.68971875,-0.0739513713955879,0.0217903915256261,-0.1575435911113396
1775066074568757800,65.6997578125,0.0025170973874628,0.0307172098249196,-0.1302202980410307
1775066074578795800,65.70979565429687,0.0429414622344076,0.0448860204309225,-0.0813519665082916
1775066074588833800,65.71983374023438,0.0105519352830946,0.0316302330166101,-0.0156933989579323
1775066074598871800,65.72987182617187,-0.0117163028873503,0.0332037659436464,-0.0004580231329193
1775066074608910800,65.73991088867187,0.0023695056103169,0.0248240601330995,-0.0111334249654784
1775066074618948600,65.74994848632812,-0.0040906303144991,-0.0122433955013751,0.0113501547223888
1775066074628987000,65.75998681640625,0.0039865854181349,0.0009942717343568,0.0109424324380233
1775066074639024600,65.77002465820313,-0.0059631461881101,-4.55927073955e-05,-0.0539308847524691
1775066074649064000,65.78006396484375,-0.0934336321093142,-0.0112877022117376,-0.0842520079318899
1775066074659101700,65.79010180664062,0.1251039048753678,0.0192605807870626,-0.0486496518473373
1775066074669140000,65.80013989257813,0.1431901811860501,0.028047698354721,-0.0301551235293271
1775066074679177700,65.810177734375,-0.1206489712931215,0.044892450171709,0.0052737163189565
1775066074689216800,65.820216796875,-0.1253752691626548,0.0338239436686039,0.0156645107901655
1775066074699254800,65.8302548828125,-0.0442307713925838,-0.0300946940124034,0.0095567958990577
1775066074709292800,65.84029272460937,-0.0225483702860772,-0.0353916313767433,-0.013321007270785
1775066074719330800,65.85033081054688,-0.0264238965451717,0.0001180734217166,-0.0735202088701305
1775066074729369900,65.86036987304688,0.0123179220423102,0.0257955355137586,-0.0337158482182072
1775066074739408000,65.87040795898437,0.0270272692658007,0.0159165310561656,0.0565315459372708
1775066074749445600,65.88044555664062,0.0582394230008125,0.0486398200064897,0.0701922882901271
1775066074759484000,65.89048388671876,0.0613151771843433,0.0313052388459444,0.0417648699028184
1775066074769522700,65.90052270507813,0.0103448684036731,0.0118476741820573,0.0360249425779096
1775066074779560700,65.91056079101563,-0.0348502179764211,0.0089402623027563,-0.0001597799718612
1775066074789598700,65.9205986328125,-0.0207341604709625,0.0022755437165498,-0.0231378834447124
1775066074799636700,65.93063671875,-0.0017640870630741,-0.0009632920742034,-0.0401746141698444
1775066074809675800,65.94067578125,0.0054183717869222,0.0046311669319868,-0.0639524257861776
1775066074819713800,65.9507138671875,0.003604015841335,0.0163794723927974,-0.0239282803371548
1775066074829751800,65.96075170898438,0.004921674311161,0.0239116214632987,0.0169416180538944
1775066074839789800,65.97078979492187,0.0049848026752471,0.0258995804101228,0.0014662685937015
1775066074849828600,65.98082861328125,-0.0060344578586518,0.0101028763413429,0.0187435894419439
1775066074859867000,65.99086694335938,0.0212146374642848,0.0200847566515207,-0.0015608926411718
1775066074869904600,66.00090454101563,0.0018761691354215,0.0251432090848684,0.0038625754459761
1775066074879943000,66.01094287109375,-0.0288169291615486,-0.0018657938718795,0.0089337046978063
1775066074889981700,66.02098168945312,-0.055368251478672,-0.0188806415587663,0.02375410651376
1775066074900020000,66.03102001953125,-0.0376749200083315,-0.0152782331526279,0.0429906945038819
1775066074910057700,66.0410576171875,-0.0273768133558332,-0.0121580553054809,0.0478499254375463
1775066074920096800,66.0510966796875,-0.0123218675650656,-0.0045306291669607,0.0340372941583395
1775066074930134800,66.061134765625,0.0371956120587885,0.0164449388444423,0.0391578520424664
1775066074940172800,66.0711728515625,0.0162989545024931,0.0060077159821987,0.0183268436009064
1775066074950210800,66.0812109375,0.006235533388704,0.0329869083225727,-0.0063729827977484
1775066074960249600,66.09124951171874,0.0026373627662658,0.0303892930448055,0.0194098028322914
1775066074970287900,66.10128784179688,-0.0080685940347611,0.0255582196265459,0.0499240054649766
1775066074980325600,66.11132568359375,-0.000825198777765,0.0141419225990772,0.0600730955682229
1775066074990364000,66.12136401367188,-0.0090133275389671,-0.0139104519307613,0.0641264397793682
1775066075000402700,66.13140258789062,-0.0217056358516216,-0.003728080612421,0.0532979480106383
1775066075010440700,66.14144067382813,-0.037417584246397,-0.0076636664956808,0.0486295680405339
1775066075020478700,66.15147875976562,-0.0043560032524168,-0.0092518124699592,0.0403583641057601
1775066075030516700,66.16151684570312,0.0314436244033277,0.0063747957289218,-0.005345005156612
1775066075040555800,66.1715556640625,0.0553380024708807,0.0103138887435197,0.016131438748748
1775066075050593800,66.18159375,0.0561304680228233,0.0137941320747137,0.0363969724943861
1775066075060631000,66.19163110351562,0.0372410586357116,0.0079828154474496,0.0423952630611136
1775066075070669000,66.2016689453125,0.0075485156834125,0.0094978961855173,0.0208884742498397
1775066075080708000,66.2117080078125,-0.0058430269397795,0.0066501055389642,0.0377929614640073
1775066075090746000,66.22174609375,-0.0136975398324429,-0.0046218145817518,0.044574045572034
1775066075100784000,66.2317841796875,0.0068562956355512,-0.0188899939090013,0.0342740300902398
1775066075110822100,66.241822265625,0.0092119188509881,-0.0187047004699707,0.0368386381475487
1775066075120861000,66.25186083984374,0.0389303268969059,-0.027950667721033,0.0647225653418805
1775066075130899200,66.26189916992188,0.0544846005119383,-0.0254588509052991,0.0668135051725665
1775066075140937200,66.27193725585937,-0.1126608951486647,-0.0157727386713027,-0.0479704008789034
1775066075150975200,66.28197534179688,-0.088905633290857,0.0052922611892223,-0.0729582732715876
1775066075161014000,66.29201391601562,0.1113048043645918,-0.0329518370091915,0.0243631052575772
1775066075171052300,66.30205224609375,-0.0963175169825553,-0.0184422501415014,0.0701080577725078
1775066075181090000,66.31209008789062,-0.1560730436347424,0.0868172827094793,0.03113606999123
1775066075191129000,66.32212915039062,0.2181634429752826,0.0277706349790096,0.036705294091464
1775066075201167000,66.3321669921875,0.0845475842118263,0.0131768769592046,0.0919619703878648
1775066075211205000,66.342205078125,-0.1388997905157506,0.0714934568494558,0.0157578470628475
1775066075221243100,66.3522431640625,-0.1676326946556568,0.0600631312966346,-0.0359993423457723
1775066075231282000,66.36228198242188,-0.0030956279277801,-0.0088449852347373,-0.021736894072988
1775066075241320200,66.3723203125,0.1249121816955506,-0.0020721300989389,0.0259752531619509
1775066075251358000,66.38235791015624,0.0682945146776735,0.0132552028924226,-0.0071401540782302
1775066075261396200,66.39239624023438,-0.0336531171463429,0.04606558560431,-0.0600870921275345
1775066075271435000,66.40243505859375,-0.0358604179322719,0.0378664970576763,-0.0466944672255311
1775066075281473300,66.41247338867187,-0.0237103998027741,-0.0049549920588731,0.0221735547574702
1775066075291511000,66.42251098632812,-0.0137212129689753,-0.0273597160905599,0.0463784052799921
1775066075301549300,66.43254931640625,-0.044495267547667,-0.0316647198081016,0.0083507993764709
1775066075311588000,66.44258813476563,-0.0913726079262793,-0.0112637368142604,-0.0647096327950712
1775066075321626000,66.45262622070312,-0.096993224287033,-0.0077466686040163,-0.1117279068811796
1775066075331664100,66.4626640625,-0.0160626615285873,0.0294008665293455,-0.0835490290279965
1775066075341702100,66.4727021484375,0.0351085766516625,0.0225800805985927,-0.0834557429876644
1775066075351741200,66.4827412109375,0.0402887557685375,0.0500198761880397,-0.0661917611116077
1775066075361779200,66.492779296875,0.0454056603908538,0.0462210684269666,-0.0490484464731533
1775066075371817200,66.50281713867187,0.002705021174997,0.030610242319107,0.0003791081112343
1775066075381855000,66.51285498046875,-0.034029841504246,0.0033259295523166,0.0371547868580557
1775066075391894000,66.52289404296874,-0.0718820177756249,-0.0184323132693767,0.0143802887990605
1775066075401932000,66.53293212890625,-0.0431926605165004,-0.0338882410764694,-0.0002081811242736
1775066075411970000,66.54296997070313,0.0023942016601562,-0.0445329692095518,-0.0323339060402475
1775066075422008000,66.55300805664062,-0.0313477628134191,-0.0422363827049732,-0.0519731200145091
1775066075432047000,66.56304711914062,-0.0508370377898216,0.0056008887469768,-0.0532610135337337
1775066075442085000,66.57308520507813,0.1383386495016515,0.0277788182854652,-0.0702788660284597
1775066075452123100,66.583123046875,-0.0434546724535524,0.0540250201761722,-0.0299888498845975
1775066075462161200,66.5931611328125,-0.1160055294014513,0.0913455737888812,0.0008175543274264
1775066075472200200,66.6032001953125,-0.021608751348406,0.0562824437141418,0.0264001960091758
1775066075482238000,66.61323803710937,0.0089852704882621,0.0074660980969667,0.0202927094469312
1775066075492276200,66.62327612304688,-0.0217639419101178,-0.0042161563903093,-0.0392747290209401
1775066075502315000,66.63331494140625,-0.0347311216413974,0.0129793085604906,-0.0275784003425389
1775066075512353300,66.64335327148437,-0.0264661282517015,0.014634674552083,0.0158831767758354
1775066075522391000,66.65339111328124,-0.0083729838088154,0.0309977803319692,0.035884538593376
1775066075532429300,66.66342919921875,0.0145415894411504,0.0448679002523422,-0.0092253902539145
1775066075542468000,66.67346801757813,0.0334687004901468,0.0164461078882217,-0.0156018208174966
1775066075552506000,66.68350610351563,0.0188237968049943,0.0015291092634201,-0.0342875243260525
1775066075562544000,66.69354418945312,0.0040086511194705,-0.0074053078204393,-0.0630029750076588
1775066075572582000,66.70358178710937,-0.0331995281599462,-4.79307949542e-05,-0.0798900955284945
1775066075582621200,66.71362109375,-0.0593079290151596,-0.0007920271605253,-0.0592530478896107
1775066075592659000,66.72365893554688,-0.023019641059637,-0.0002121814459562,0.0181329558634664
1775066075602697200,66.733697265625,-0.0174222594439983,0.0179974289834499,0.030499000496976
1775066075612735000,66.74373486328125,-0.0076629358433187,0.0416144514143466,0.0049846748110838
1775066075622774000,66.75377392578125,0.0162931092835962,0.0398129549503326,-0.0018168492967728
1775066075632812000,66.76381201171876,-0.0123554775737226,0.0335322672456502,-0.011949627586035
1775066075642850000,66.77385009765625,-0.0257059575341641,0.0494037901163101,-0.0310591825298499
1775066075652888000,66.78388818359375,-0.0310661693930625,0.0392938995122909,-0.0191386349078267
1775066075662927000,66.79392700195312,-0.0163445472098886,0.0296843596458435,-0.0002786799440626
1775066075672965000,66.80396508789063,-0.038583120894432,0.0143400755196809,0.0249095190600026
1775066075683003100,66.81400317382813,-0.040833384039253,0.0076882164150476,-0.007102808609372
1775066075693041200,66.82404125976562,-0.0086367493115365,-0.01092880577147,-0.0217726458063814
1775066075703080200,66.834080078125,-0.0011338263355195,-0.0020604396611452,-0.0280985060933511
1775066075713118000,66.84411791992187,-0.0187409408271312,0.017862988948822,-0.0537021996962837
1775066075723156200,66.85415625,0.0184441498376429,0.0300116919040679,-0.040185815983871
1775066075733195000,66.86419506835938,0.0046282443225383,0.0222884041756391,-0.0174677699530031
1775066075743233300,66.8742333984375,0.0105798462033271,0.0216015909552574,-0.0391164605861529
1775066075753271000,66.88427099609375,-0.0235888192497193,0.016298223850131,-0.007629106638953
1775066075763309000,66.89430908203126,-0.0268893220998346,-0.0168283852040767,-0.0089797357966192
1775066075773348000,66.90434814453126,-0.0046961949922144,0.0086672905802726,-0.0348689866089727
1775066075783386000,66.91438623046875,0.0263116683423519,0.0220879131674766,-0.0450766293658874
1775066075793424100,66.92442407226562,0.0337875571809709,0.0348228915780782,-0.0433703460378106
1775066075803462100,66.93446215820312,0.0273931799687445,0.025845219874382,-0.036963401604956
1775066075813501200,66.94450122070313,-0.0018703239165246,-0.0106394674360752,0.0139015653714071
1775066075823539000,66.9545390625,-0.0130219786584377,0.0032809213668107,-0.0173243611606303
1775066075833577200,66.9645771484375,-0.007986760970205,-0.0119318453341722,-0.0050552010303363
1775066075843615000,66.97461499023437,-0.0320598566055297,-0.0104658644348382,-0.0060620034527033
1775066075853654300,66.984654296875,-0.0677063395261764,0.0118494277477264,-0.0104223540866747
1775066075863692000,66.99469213867188,-0.0287011938273906,-0.007308861708641,-0.0077782053865958
1775066075873730300,67.00473022460938,-0.0183050336278975,-0.0058475569844245,0.0213544569269288
1775066075883768000,67.01476806640625,0.0056030807040631,0.0247983411699533,-0.0203497185974847
1775066075893807000,67.02480712890625,0.0227528068169951,0.0138876555770635,-0.015991340724891
1775066075903845000,67.03484521484376,0.0166157653667032,0.0145814830601215,0.025179988298146
1775066075913883100,67.04488305664063,0.0099789577007293,-0.0083504797160625,0.035926304509025
1775066075923922200,67.05492211914063,0.0053565585970878,-0.0122948334276676,0.0697047833343967
1775066075933960200,67.06496020507812,0.0664402651131153,-0.0138999305367469,0.0640786596814636
1775066075943998200,67.07499829101563,0.0691362261988222,-0.0013607669591903,0.0136702043009456
1775066075954036000,67.08503588867187,-0.1476094589330256,0.0206856451541185,-0.0158023848908953
1775066075964075000,67.09507495117188,-0.0711632019817829,0.0359884282261133,-0.0119734194535762
1775066075974113300,67.10511328125,0.0684450290642678,0.0043926820009946,0.1016475254994351
1775066075984151000,67.11515112304687,-0.1564097282432019,0.0020049100816249,0.0973994670003652
1775066075994189000,67.12518896484374,-0.1836601387403905,0.0303746799975633,0.0501469092343468
1775066076004228000,67.13522802734374,0.2249544182896614,-0.0439776734143495,0.0249976174685638
1775066076014266000,67.14526611328125,0.0444433912299573,-0.0291407542884349,0.0497763588889036
1775066076024304000,67.15530419921875,-0.1771919656395912,0.0652688832461833,-0.0152147029297426
1775066076034342100,67.16534204101562,-0.1382989020131528,0.1127671320021152,-0.0478300836593378
1775066076044381200,67.17538110351562,0.0500317127563059,0.0658235945194959,-0.0430592433951795
1775066076054419000,67.1854189453125,0.1330079559981823,0.0299205064892768,0.0084674936918541
1775066076064457000,67.19545703125,0.0259140473268926,0.0370031582266092,0.0106851971407886
1775066076074494700,67.20549462890625,-0.0658102966465055,0.0488660299777984,-0.0521802142933942
1775066076084534000,67.21553393554687,-0.0750970342993736,0.0052110126465559,-0.0616757495584664
1775066076094571800,67.22557177734375,-0.0215618434667587,-0.0094733462661504,-0.0268141197054646
1775066076104610000,67.23561010742188,0.0255097043097019,-0.0295025733381509,-0.0313258889083284
1775066076114647800,67.24564770507813,0.0012440087117254,-0.0033154081583023,-0.0951694977249018
1775066076124686800,67.25568676757813,-0.0579506691873073,-0.004815291327238,-0.1067296510693151
1775066076134724900,67.26572485351562,-0.0395581034064292,-0.0177998605847358,-0.1140744152083992
1775066076144763000,67.27576293945313,-0.0009469254612922,0.0082224694222211,-0.1221174364104867
1775066076154802000,67.28580200195313,0.0502257740236818,0.0150906016260385,-0.096391203273274
1775066076164840000,67.29583984375,0.0658465370036661,-0.0069371057868003,-0.0669574665207881
1775066076174878000,67.3058779296875,0.0494904454864561,0.0325660525619983,-0.0395860325929708
1775066076184916000,67.315916015625,0.0349580622650682,0.0375309814929962,-0.0029025987068656
1775066076194954800,67.32595483398437,0.008221738769859,0.031432664617896,-0.0078356848946074
1775066076204993000,67.33599291992188,-0.0212041160702705,0.0085983169972896,0.0194063504998804
1775066076215030800,67.34603076171875,0.0046831893801689,-0.0188128370195627,-0.0058905558759346
1775066076225068800,67.35606884765625,0.0125789110660552,-0.0314385098367929,-0.0082824879471911
1775066076235107800,67.36610791015624,-0.0721064741812646,-0.0277186125308275,-0.0290201007505645
1775066076245145900,67.37614575195313,0.0675448653541505,-0.0087631521701812,-0.033468842054042
1775066076255184000,67.38618383789063,0.0786345607757568,0.0098410105347633,3.88159067369e-05
1775066076265222000,67.39622192382812,-0.0887923821747302,0.0488227753579616,0.0231124841419747
1775066076275261000,67.40626098632812,-0.0446270772337913,0.0568055908054113,0.0109158686580834
1775066076285299000,67.416298828125,0.0218671100236475,0.0277069220930337,0.0369725804252549
1775066076295337000,67.4263369140625,0.0482874994374811,0.0306844765990972,0.0240680906666442
1775066076305375000,67.436375,0.0484977811872959,0.0371492886990308,0.0235379658453166
1775066076315414000,67.4464140625,-0.0071766136310994,-0.0003682487905025,0.0245076054619159
1775066076325451800,67.45645166015625,-0.0255412684917449,-0.0265273569196462,0.0757233129715547
1775066076335490000,67.46648999023438,0.0056020577907562,-0.0250087690502405,0.0579757853622548
1775066076345528800,67.47652880859376,0.0167946290649473,-0.0454974303275346,0.0130453412677161
1775066076355567000,67.48656713867187,0.0174725283265113,-0.0255932909399271,0.0165437504432629
1775066076365604900,67.49660498046875,-0.0089713880933821,-0.0090384619802236,-0.0074161854074802
1775066076375643100,67.50664306640626,-0.0049495852313935,0.0184054252624511,-0.0117499676949344
1775066076385682000,67.51668188476563,0.0180874453544616,0.0320838220030069,-0.0046908338305074
1775066076395720000,67.52671997070313,0.0243488438367843,0.0220633632481098,0.0104541922633536
1775066076405758000,67.53675805664062,0.0339231662593781,0.0259878432154655,0.0355692255665082
1775066076415795700,67.54679565429687,-0.0060626610398292,0.0475894341707229,0.0331241979014128
1775066076425835000,67.5568349609375,-0.0356045434750616,0.0368646265387535,0.0383618976254947
1775066076435872800,67.56687280273438,-0.0517360324561595,-0.0023258125990629,0.0490719460797496
1775066076445911000,67.5769111328125,-0.0488223369665443,-0.0118032505184412,0.0414194676983635
1775066076455948800,67.58694873046875,-0.0453412168525159,-0.0061164370536804,0.0254361458831466
1775066076465987800,67.59698779296875,-0.0349275209963321,0.0125970312446355,0.0149985028957948
1775066076476025900,67.60702587890626,-0.000136924252659,0.0314566300153732,-0.017236226219451
1775066076486063900,67.61706396484375,0.0209654850088059,0.015936404800415,0.0215906037703622
1775066076496103000,67.62710302734375,0.0252535375915467,0.0026005378872156,0.020899306171108
1775066076506141000,67.63714086914062,-0.0224761818327009,0.0114209732025861,0.0189799646142404
1775066076516179000,67.64717895507812,-0.0204829621888697,0.0154611885040998,0.0357020398996304
1775066076526217000,67.65721704101563,-0.000409311453253,-0.0262654911130666,0.0185951482814271
1775066076536255700,67.667255859375,-0.0255519360162317,-0.0146475340336561,0.007469504763605
1775066076546294000,67.6772939453125,-0.0148830963551998,-0.0021954642176628,-0.0476603165830019
1775066076556331800,67.68733178710937,0.0146960493505001,0.0199696058392524,-0.0328798951509874
1775066076566370000,67.6973701171875,0.0298131005920469,0.0120657008469104,-0.0132794605508446
1775066076576408800,67.70740893554688,0.0418504521273076,-0.0073252283215522,-0.0328522216927725
1775066076586447000,67.71744702148438,0.0430453610002994,0.0180406836032867,-0.0414401177607476
1775066076596484900,67.72748486328125,0.0240380243219435,-0.0053477907687425,-0.0182044867297168
1775066076606523000,67.73752294921874,0.0058218380212783,-0.0269786078184843,-0.0124434572512749
1775066076616562000,67.74756201171876,-0.0418845005273818,-0.0345405675053596,-0.0100267971641384
1775066076626599700,67.757599609375,-0.0403704427026212,-0.020904840862751,-0.0601240859699435
1775066076636638000,67.76763793945312,-0.0164531221508979,0.005566986477375,-0.0689892372098751
1775066076646675700,67.77767578125,-0.0161878953434526,0.018245266264677,-0.0623378256298135
1775066076656715000,67.78771508789063,-0.0141654496051371,0.0819441237151622,-0.0632397520387545
1775066076666752800,67.79775268554687,-0.011501344962418,0.0861433289706707,-0.0196454336524941
1775066076676791000,67.807791015625,0.0029999124683439,0.0865811358660459,0.009200621138839
1775066076686829800,67.81782983398438,-0.0220877670370042,0.0750596248984336,-0.0027256803705357
1775066076696867800,67.82786791992187,-0.0108779523670673,0.0466910240262746,-0.0309116455516312
1775066076706905900,67.83790576171874,-0.015747165838629,0.0421475353777408,-0.0303292334206402
1775066076716944000,67.84794384765625,-0.0285283214785158,0.0263566765278577,-0.0255224633265752
1775066076726983000,67.85798291015625,-0.0726807669378817,0.0232692319065332,0.00132047148142
1775066076737021000,67.86802099609375,-0.0708288554608821,0.05785246950984,0.0241021755993366
1775066076747059000,67.87805883789062,-0.049842181533575,0.0457476056963205,0.025599866811186
1775066076757097000,67.88809692382813,0.0007715688943862,0.0296492883324623,0.0223618895369581
1775066076767135700,67.8981357421875,0.0413351960815489,0.0007265607088804,0.03500546333706
1775066076777174000,67.90817407226562,0.0378361019194126,-0.0187584764838218,0.048132546337787
1775066076787211800,67.91821166992187,0.0642740269899368,-0.0259977800875902,0.0552985015775542
1775066076797249800,67.92824975585937,0.135493489203602,-0.0214133749067783,0.0222022237295284
1775066076807288800,67.93828881835938,-0.0585012888073921,-0.0033428806871175,-0.0396470603315159
1775066076817327000,67.9483271484375,-0.2279917401589453,0.0567418779194354,-0.0389178053420502
1775066076827364900,67.95836474609375,-0.0132769763328135,0.0319943901538848,-0.0118169776496943
1775066076837404000,67.96840380859375,0.0720657037794589,-0.0066816697210073,0.0440895088915247
1775066076847442000,67.97844189453124,0.0197720374405384,0.0127554366767406,0.0126345137108117
1775066076857480000,67.98847998046875,0.1540706177711486,-8.47556740045e-05,-0.018748831872642
1775066076867518000,67.99851806640625,0.1530266616761684,-0.0101245036512613,-0.0015416399514302
1775066076877556700,68.008556640625,-0.0765326200604438,0.0612099632441997,-0.0096549133781343
1775066076887595000,68.01859497070312,-0.1258510699808597,0.1252495969563722,-0.0383945577860809
1775066076897632800,68.0286328125,0.0329321093954145,0.064769701552391,0.0049220853031147
1775066076907671000,68.03867114257812,0.1865795333184301,0.0116951139688491,0.0664024812528397
1775066076917709800,68.04870971679688,0.0658604193985462,0.0243178641766309,0.0468888938190881
1775066076927747800,68.05874780273437,-0.1550840325973927,0.0200298115938901,-0.0263009094863198
1775066076937785900,68.06878588867187,-0.1540846462965011,0.0090144965827465,-0.018881746670464
1775066076947824000,68.07882421875,-0.0547965890705585,-0.0347451501667499,0.0685347805737983
1775066076957863000,68.08886279296875,0.0346868441082537,-0.0190074828088283,0.0950911443922203
1775066076967901000,68.09890087890625,0.0426560694217681,0.0410568175315856,0.0154024531873408
1775066076977939000,68.10893896484374,-0.0038568215586245,0.0749783763557672,-0.067363599636266
1775066076987976700,68.11897680664063,-0.0935071357369422,0.0741758278012275,-0.0912240937005262
1775066076998016000,68.12901611328125,-0.0616683745361864,0.0454670351892709,-0.0531718100134748
1775066077008054000,68.13905395507813,-0.0085175068460404,0.0182896899282932,-0.0453556015708949
1775066077018092000,68.14909204101562,-0.0103260175727307,-0.0099386256903409,-0.0176526797995436
1775066077028131000,68.15913110351562,-0.0322587401784956,-0.029670331120491,0.0686998166760895
1775066077038168800,68.1691689453125,-0.0015197569131851,-0.0341173736572265,0.024101298816502
1775066077048206800,68.17920678710938,0.0128887076675891,6.54664516448e-05,0.0499356228375341
1775066077058244900,68.18924487304687,-0.0266179578125476,-0.0052373161315917,0.1199298084394075
1775066077068284200,68.1992841796875,0.0127121820569038,0.0123772510141134,0.0580686604106333
1775066077078322200,68.209322265625,-0.0244661866061389,0.0047469022661447,0.0103179073315113
1775066077088360200,68.21936010742188,-0.0601858808934688,-0.0276852947831153,-0.0224721997773274
1775066077098398200,68.22939819335937,0.152205846812576,-0.016796236500144,0.0085136526548303
1775066077108437000,68.23943701171875,0.0375460329316556,-0.0390454777091741,0.0230189012741204
1775066077118475300,68.24947534179688,-0.1635935022674501,0.0215542446821928,0.0395003544703591
1775066077128513000,68.25951293945313,-0.0577437484383583,0.0026584055542945,0.0029327015841845
1775066077138552000,68.26955200195313,0.0262239900588989,-0.0268909295350313,0.0791221981622278
1775066077148590000,68.27959008789063,0.0545323851764202,0.0153846161365509,0.0726538058657199
1775066077158628400,68.28962841796876,0.0618272183597087,0.0395686248004436,0.018254965674784
1775066077168666000,68.299666015625,0.063157444050163,0.0267237562745809,0.0632640553629491
1775066077178705200,68.309705078125,0.0688194153346121,0.0138099141657352,0.1369189736957661
1775066077188743200,68.3197431640625,0.0589350040495395,-0.0006429740786552,0.110109721961664
1775066077198781000,68.32978100585937,0.0750152012348175,-0.01036941832304,0.0259295462901238
1775066077208819200,68.33981909179687,0.0062881403587758,0.011035188755393,0.0193577118854504
1775066077218858000,68.34985791015625,-0.0442262413479387,0.0119318453341722,0.0031165428516454
1775066077228896300,68.35989624023438,-0.0022879648067057,0.0156657711654901,0.0027318909156136
1775066077238934000,68.36993408203125,-0.012798545166105,0.0380938760727644,0.0142706818115897
1775066077248972300,68.37997216796875,-0.0391300872527062,0.0423959571808576,0.0228111311418004
1775066077259011000,68.39001098632812,-0.0213712893307209,0.0281610956013202,0.0332783472835086
1775066077269049000,68.40004907226563,-0.0092401220321655,0.064514265486598,0.0370963209693552
1775066077279087000,68.41008715820313,-0.0226994691945612,0.0887719239085912,0.0492848855775315
1775066077289126100,68.42012622070312,0.0015500059209764,0.0936784006506204,0.0138695536647923
1775066077299164200,68.4301640625,0.017148703199625,0.0948264016419649,-0.008839062384027
1775066077309202200,68.4402021484375,-0.0056828679420053,0.0700432580411434,-0.0061747248458676
1775066077319240200,68.450240234375,-0.013303864339739,0.0266746564358472,0.008858461204241
1775066077329279200,68.460279296875,-0.0185901341795921,0.046994390887022,-0.0037668006210355
1775066077339317000,68.47031689453125,-0.0007084405303001,0.0273088626861572,-0.0481410858372692
1775066077349355300,68.48035522460937,-0.0088600366733968,0.0483487281054258,-0.0233919769367901
1775066077359393000,68.49039306640626,-0.0215478149414062,0.0535690931022167,-0.0034302393101621
1775066077369432300,68.50043237304688,-0.019430530526489,0.0410030415177345,-0.040834530250146
1775066077379470000,68.51046997070313,-0.0064050447367131,0.0579372251838445,-0.0293955875660292
1775066077389508000,68.52050805664062,0.0056863750733435,0.0587526332199573,0.0172506018046755
1775066077399546000,68.53054614257813,0.0003026362083852,0.0709212099194526,0.0062442281518131
1775066077409585000,68.5405849609375,0.0064240416981279,0.0609615414410829,-0.0176709780746372
1775066077419623200,68.550623046875,0.0222200151145458,0.0303179813742637,-0.0125106955348979
1775066077429661000,68.56066088867188,0.0099463706053793,-0.0100707276374101,-0.0399849961821455
1775066077439700200,68.5707001953125,0.0094717388309538,-0.0159247143626213,-0.0434141623466508
1775066077449738000,68.58073803710937,0.0348844125069677,-0.0006809680014848,-0.0581354877023026
1775066077459776300,68.5907763671875,0.0147205992698669,-0.009597264906764,-0.0657312172280391
1775066077469814000,68.60081396484375,-0.0068489891119301,-0.0255862766772508,-0.0186113550641341
1775066077479853000,68.61085302734375,0.020660510712862,-0.0368371540099382,-0.0113700102003291
1775066077489891000,68.62089111328125,0.0684333386264741,-0.0423433502107858,-0.0028002023448934
1775066077499929000,68.63092919921876,0.0862565800867974,0.0051420390635728,0.0153840087817749
1775066077509967000,68.64096704101563,0.0472816833958029,0.0342073900282383,0.0079980723820859
1775066077520006100,68.65100610351563,0.0228312788806855,0.0692336952239275,0.0040459691888652
1775066077530044200,68.66104418945312,-0.0012039689622819,0.0808592510879039,-0.0240642958409385
1775066077540082200,68.67108227539063,-0.0292927299797534,0.065347793701291,-0.0040956672492204
1775066077550121000,68.68112084960937,-0.0237115688465535,0.067468439117074,0.0179294143816921
1775066077560159200,68.6911591796875,-0.0390507384061813,0.0371218161702156,0.0188357566708466
1775066077570197000,68.70119702148438,-0.0157118022643029,0.0371615636587142,-0.0139420115462271
1775066077580235000,68.71123510742187,-0.0131200322054326,0.0343657954603433,0.0121405790142947
1775066077590274000,68.72127416992187,-0.0105626028075814,0.0352799876958131,0.0276424922544276
1775066077600312300,68.73131225585938,0.0080254855453968,0.0416080216735601,-0.0172816134308697
1775066077610350000,68.74135009765625,0.0481223720036447,0.0321416896700859,-0.0169346585901454
1775066077620388000,68.75138818359375,0.0784929603479802,0.0354664501786231,-0.0015838077258784
1775066077630427100,68.76142724609375,0.1037058736681938,0.023292028260231,0.0536676809387514
1775066077640465000,68.77146484375,0.1128618245482444,-0.0128805243611335,0.008328989403462
1775066077650503200,68.78150317382813,-0.0844094909153878,-0.0191062670081853,-0.0216732496856711
1775066077660541200,68.79154125976562,-0.1716610733889043,-0.0104863227009773,-0.0178472890561912
1775066077670580200,68.80158032226562,0.0026141280211508,-0.052503509697318,-4.57936367951e-05
1775066077680618000,68.81161791992187,0.0797277628399431,-0.0711865828573703,0.0305748741782037
1775066077690656300,68.82165625,-0.0005249006569385,-0.0060673372149467,0.0698056042272131
1775066077700695000,68.83169506835938,0.1427694715559482,0.0588981791704893,0.0220583445796975
1775066077710733000,68.84173315429688,0.0115466454088687,0.0946007761925458,-0.020204263978498
1775066077720771000,68.85177099609375,-0.1679202794253826,0.1434901870459318,-0.0474114152892725
1775066077730809000,68.86180908203124,-0.0766598997019231,0.1090583406120538,-0.0900608312079682
1775066077740848000,68.87184814453126,0.0722435445643961,0.029759762969613,-0.0284095128378598
1775066077750886100,68.88188623046875,0.1518622940719127,-0.0180728323072195,0.0224276436829706
1775066077760924200,68.89192407226562,0.0454885163687169,0.0145241999149322,-0.0026584101208718
1775066077770962000,68.9019619140625,-0.0979646996676921,0.0467523988246917,-0.0322916743337176
1775066077781001200,68.91200122070312,-0.05783376480937,0.0491992074549198,-0.0346983701492659
1775066077791039200,68.92203930664063,0.0103821316741406,0.01312953068614,0.0201845637641847
1775066077801077200,68.9320771484375,0.0712752840541303,-0.008247019341588,0.048609598398162
1775066077811115000,68.94211499023437,0.0552663985393941,-0.012286650121212,0.0167439583236351
1775066077821154000,68.95215405273437,-0.0189583829700946,0.0013578443497419,-0.0780423670362681
1775066077831192000,68.96219213867188,-0.0661878977872431,-0.0032645547538995,-0.1117561648612841
1775066077841230000,68.97222998046875,-0.0101556294418871,0.0059592006653547,-0.097311195061868
1775066077851269000,68.98226904296875,0.0058684536419808,0.0305395151704549,-0.0548242807950824
1775066077861307100,68.99230712890625,0.0098478786669671,0.0387742595523595,-0.0404844518705736
1775066077871345200,69.00234521484376,0.0375333195805549,0.0129272861123085,-0.0011279537171591
1775066077881383200,69.01238305664063,0.0397124171853065,-0.002905658313632,0.0474721918660681
1775066077891422000,69.022421875,-0.0029131109677255,0.014194529569149,0.0217903641261626
1775066077901460200,69.03246020507812,-0.0044504035376012,-0.0054302083551883,0.0187500922479666
1775066077911498000,69.042498046875,0.0119498193822801,-0.0136591075181961,0.0241381693613249
1775066077921536300,69.05253637695313,-0.0435647086992859,-0.0160135616898536,-0.0062006082057952
1775066077931575000,69.06257495117187,-0.1178534953556954,0.0073322425842285,-0.0656128835114184
1775066077941613300,69.07261328125,0.1250911915242671,-0.0101800332307815,-0.0344201559960842
1775066077951651000,69.08265112304687,0.0943557153902947,-0.0023749124377965,-0.0318755038814153
1775066077961690000,69.09269018554687,-0.1026117948211729,0.074247723993659,-0.0181323256758041
1775066077971728100,69.10272802734374,0.0048271278955042,0.0763596015810966,-0.0113825774209573
1775066077981766100,69.11276611328125,0.0658032823838293,0.0123684831857681,0.0082489921029657
1775066077991804200,69.12280419921875,0.0386789824843406,0.0245242004036903,0.0157149806020781
1775066078001843200,69.13284326171875,-0.0338799116395413,0.0297048179119825,0.0095823504654224
1775066078011881200,69.14288110351562,-0.0181948512516915,-0.0049047231763601,0.0246489684276748
1775066078021919000,69.1529189453125,0.0169384214498102,-0.0039776714593172,0.0362191773752216
1775066078031957200,69.16295727539062,0.024604864424467,0.0193038354068994,0.0483120128242298
1775066078041996000,69.17299609375,0.0224035549879074,0.0515875638961791,0.0351109604049939
1775066078052034000,69.18303393554687,-0.0185563780404627,0.0598813449889421,-0.0037254411307629
1775066078062072000,69.19307202148437,-0.0225147602774202,0.0220440740257501,-0.0304206288979854
1775066078072110000,69.20311010742188,-0.0013503916956484,-0.0116290629953145,0.0194508883279282
1775066078082149000,69.21314916992188,0.0187676827035844,-0.0194166481316089,-0.0064385268812067
1775066078092187100,69.22318725585937,-0.0216518598377704,-0.0165957454919815,-0.0541582546344026
1775066078102225200,69.23322509765624,0.0041863457739353,0.0034527708023786,-0.0667492762633599
1775066078112264200,69.24326416015624,0.0094872286610305,0.0301052154064178,-0.0219943531325086
1775066078122302000,69.25330200195313,0.0097289284624159,0.0602063391596078,0.0163788513382896
1775066078132340200,69.26334033203125,-0.0011667056918144,0.0816623841643333,0.0043741325641516
1775066078142378000,69.2733779296875,-0.0208007959663867,0.0833586666882038,0.0051758226021658
1775066078152417300,69.28341723632812,-0.0218831843756139,0.0336024098724126,0.029084101330908
1775066078162455000,69.293455078125,-0.0108370358347892,0.0129214408934116,0.0216575863256584
1775066078172493300,69.30349340820312,-0.0143346686922013,0.0024602526336908,-0.0513610981965437
1775066078182531000,69.31353100585937,-0.0260416192293167,0.0048719899505376,0.0077741867986042
1775066078192570000,69.32357006835937,-0.0340144978046417,-0.0268359844774007,-0.0141281315357424
1775066078202608000,69.33360815429687,-0.0021839199103415,-0.0322071561217308,0.0254298805391415
1775066078212646000,69.34364599609376,0.001115267765522,-0.0090337858051061,0.0612000994373112
1775066078222685200,69.35368530273438,0.026079174760729,-0.0102571901202201,0.0100518768064677
1775066078232723000,69.36372290039063,0.0170646781779825,-0.0105862759441137,-0.0219210687005892
1775066078242761200,69.37376123046874,0.0018915128350257,0.0010059621721506,-0.0311983718048315
1775066078252799000,69.38379907226563,-0.0483234475336968,-0.0045592707395553,-0.0061907169994432
1775066078262838000,69.39383813476563,-0.0320152868114411,-0.0144534727662801,0.0035687892643269
1775066078272876000,69.4038759765625,0.008843816190958,0.0091530282706022,0.0145378083151765
1775066078282914000,69.4139140625,0.0308323606371879,0.0517623359411954,0.0231311294769402
1775066078292952000,69.4239521484375,0.0149592303313314,0.0391828403532505,0.0169890373921953
1775066078302991000,69.4339912109375,0.0568225419402122,0.0427040002167224,-0.00963089318173
1775066078313029000,69.44402905273438,0.0573228926777839,0.0136895026564598,-0.0300426806973759
1775066078323067100,69.45406713867187,0.0198654148124158,0.0159562785446643,0.037761566245323
1775066078333106000,69.46410595703125,-0.0064076750852167,0.0116056821197271,-0.0325156284158583
1775066078343144200,69.47414428710937,0.0146412504233419,0.0268196178644895,0.0308846388136968
1775066078353182000,69.48418188476562,0.0037841947138309,-0.0027817396730184,0.0597786517994478
1775066078363220200,69.49422021484375,-0.0293872763954103,0.0025596213549375,0.0410181020895484
1775066078373259000,69.50425903320313,-0.0021358429849147,0.0216851775854825,0.0394705803866032
1775066078383297300,69.51429736328124,0.0269172330200672,0.0277934313327074,0.0258850678275804
1775066078393335000,69.5243349609375,0.0235131236650049,0.0227051682829856,0.0189749687787145
1775066078403373000,69.534373046875,0.0150515847899019,0.0578939705640077,0.0396250676954165
1775066078413412000,69.544412109375,-0.0044704234123229,0.0510609096735715,-0.0406449853276833
1775066078423450000,69.5544501953125,0.0062836103141307,0.0436830743819475,-0.0119216892663389
1775066078433488100,69.56448803710937,0.0152466689705848,-0.0016565350353717,0.0103780126214493
1775066078443527200,69.57452709960937,-0.0187784963585436,-0.0297720379292964,-0.0492284244162496
1775066078453565200,69.58456518554688,-0.0238951087199151,-0.0297521641850471,0.0117852216714061
1775066078463603000,69.59460302734375,-0.008493103057146,-0.0211988553732633,0.0062736186430789
1775066078473641200,69.60464111328125,0.0527741433322429,0.0225303962379694,0.0160751739502884
1775066078483680000,69.61467993164062,0.0288601837813854,0.0307002586901187,-0.0191524807700887
1775066078493718300,69.62471826171875,-0.1153589020609855,0.0674877283394336,-0.0633633966847322
1775066078503756000,69.63475610351563,-0.0108908118486404,0.0783300248712301,-0.1326133489237166
1775066078513794300,69.64479418945312,0.0889503492154181,0.0340337870270013,-0.0026931754735764
1775066078523833000,69.6548330078125,-0.1699298656821251,-0.0032435119658708,0.0025841164753772
1775066078533871000,69.66487109375,-0.0893276580952107,0.0294470437586307,0.0093013233006466
1775066078543909000,69.6749091796875,0.299171162623167,-0.0554115060985088,0.0468731482606846
1775066078553948200,69.6849482421875,-0.0249253285504877,-0.0049912324160337,0.1174656650818884
1775066078563986200,69.69498608398438,-0.1958056268252432,0.0823784234791994,-0.0020117234149016
1775066078574024200,69.70502416992187,-0.1024994204878807,0.0981312884062528,-0.0388980594619642
1775066078584062200,69.71506225585938,0.0812308608792722,0.0186328042775392,0.0120468682822771
1775066078594101200,69.72510131835938,0.1527754633940756,0.0117570732891559,0.0050711018523667
1775066078604139000,69.73513891601563,-0.0074970777571201,0.0361018254727125,-0.0150456482394598
1775066078614177300,69.74517724609375,-0.1065945808470249,0.0250794961988925,-0.0516166529933456
1775066078624216000,69.75521606445312,-0.0601556318856775,0.0071884501993656,0.0028849625854752
1775066078634254300,69.76525439453125,-0.0068694473780691,-0.020319149929285,0.0491539892068598
1775066078644292000,69.7752919921875,0.0314706585407257,0.0091319854825735,0.0554325123539194
1775066078654330000,69.785330078125,0.0105997199475765,0.0211830732822418,0.0117698323060292
1775066078664369200,69.795369140625,-0.0406010365881025,0.0213309573203325,-0.032173966238182
1775066078674407000,69.80540698242187,-0.0867149913787841,0.0198708216398954,-0.0597867711738217
1775066078684445200,69.81544506835938,-0.055801820590347,0.0134206225872039,-0.0567747298762667
1775066078694483000,69.82548291015625,-0.0341549291886389,0.0033130700707435,-0.01204632942616
1775066078704522200,69.83552221679687,-0.0024573300242424,0.0023158757269382,0.0111892833385616
1775066078714560000,69.84556005859375,0.0242680336855351,-0.0024041385322809,0.0183236013310495
1775066078724598300,69.85559838867188,-0.00550634233132,-0.0035252515166997,0.0422018959134817
1775066078734636000,69.86563598632813,-0.0328127207994461,-0.0168020817190408,0.0512820964098908
1775066078744675000,69.87567504882813,-0.0260509715795516,-0.020660510712862,0.0462242193652782
1775066078754713000,69.88571313476562,-0.0126443775177001,-0.0192255094736814,0.0665297060953918
1775066078764751000,69.89575122070312,-0.0038974458299577,-0.0330786782592535,0.0273664380922913
1775066078774790100,69.9057900390625,-0.0387140537977218,-0.012864742270112,0.0076590268531814
1775066078784828200,69.915828125,0.0329236338280141,0.0018587796092033,0.0193540677567943
1775066078794866200,69.9258662109375,0.109819826503843,0.0125835872411727,0.0184966380767058
1775066078804904200,69.935904296875,-0.1246096916176378,0.0529676200777292,0.052713709248742
1775066078814943000,69.94594287109375,-0.1057353336691856,0.0526256747722625,0.0610474570257123
1775066078824981200,69.95598120117188,-0.0504139900721609,0.030278233885765,0.0662509896187111
1775066078835019000,69.96601904296875,-0.0159060096621513,0.0362339274197816,0.079340955479443
1775066078845057000,69.97605712890625,-0.0127170043624937,0.035492753663659,0.0187611068323254
1775066078855096000,69.98609594726562,-0.0593221036709845,0.0539560465931892,0.0144572721585631
1775066078865134000,69.99613403320312,-0.0331283626198768,0.028633389288187,0.0381966423274949
1775066078875172000,70.00617211914063,-0.005479308193922,0.0128203186064958,0.0760181311996653
1775066078885211100,70.01621118164063,0.0030208091259002,-0.0279179344952106,0.0645760878095868
1775066078895249200,70.02624926757812,0.0044013036988675,-0.0650800826758146,0.0171567403756082
1775066078905287000,70.03628686523437,-0.0347321445547044,-0.0976671780258417,0.0016336564832832
1775066078915325200,70.0463251953125,-0.0326966932043433,-0.0870692116439342,0.0015897442763205
1775066078925364000,70.05636401367188,-0.012665128044784,-0.0653080462127923,-0.0096973003482911
1775066078935402200,70.06640234375,-0.0028187106825411,-0.0375859265506267,-0.0391724194239359
1775066078945440000,70.07643994140625,-0.0113724578857421,-0.0062917936205863,-0.0253417638642713
1775066078955478300,70.08647827148438,-0.0112274964570999,0.0053571431189775,-0.0193789556028787
1775066078965517000,70.09651708984374,-0.0085163378022611,0.0343669645041227,0.0117689920558128
1775066078975555000,70.10655517578125,-0.0093947280719876,0.0470686251670122,0.0408685832167975
1775066078985593000,70.11659301757813,-0.0364450859524309,0.0396767613500356,0.0215079304555896
1775066078995632000,70.12663208007812,-0.0786123489439487,0.0350642991185188,0.0231357965189032
1775066079005670100,70.13667016601562,-0.1155551552854478,0.0080897829532623,0.0591524918582756
1775066079015708200,70.14670825195313,-0.0829015705704689,-0.0308311915934085,0.0122983679584693
1775066079025746200,70.15674609375,-0.0292203953959047,-0.0420826534479856,-0.0273770508178509
1775066079035785200,70.16678515625,-0.0196307292737066,-0.0401356110334396,-0.0044523671658243
1775066079045823000,70.17682299804687,-0.0135609078407287,-0.0062836103141307,0.0131882203371264
1775066079055861000,70.18686108398437,0.0141337392926216,0.0228343476206064,0.0251246231154073
1775066079065900300,70.196900390625,-0.0350059930600225,0.0181494046747684,0.0367234005703125
1775066079075938600,70.2069384765625,-0.0510989035964012,0.0342822088301181,0.0114220326485112
1775066079085976300,70.21697631835937,-0.0310227686427533,0.0265133283942937,-0.0049340223360806
1775066079096014300,70.22701440429688,-0.0476689291477203,0.0020411504387855,0.0048199401028919
1775066079106053400,70.23705346679688,-0.0489081155538558,0.0066197104007005,-0.0221978215490467
1775066079116091100,70.24709106445313,-0.0819369633220136,-0.0221598093599081,-0.0257246896340977
1775066079126129400,70.25712939453125,-0.1010930608212947,-0.0645838235914707,-0.0072277318969834
1775066079136167200,70.26716723632812,-0.0719886930204928,-0.0239917009621858,-0.0226426518402528
1775066079146206500,70.27720654296876,-0.0712673930086195,0.020455343529582,-0.0309390632815193
1775066079156244200,70.287244140625,-0.0368706178881227,0.0375204600989818,-0.023573804343678
1775066079166282500,70.29728247070312,-0.0098909871563315,0.064046063452959,-0.0215396681675687
1775066079176321300,70.3073212890625,-0.0233085410036146,0.0661819064378738,-0.0055841659410391
1775066079186359300,70.317359375,-0.0823345843374729,0.0500648843735456,-0.0112893735790159
1775066079196397300,70.32739721679687,-0.0863140093624591,0.0103016137838363,-0.0064276949599385
1775066079206435300,70.33743530273438,-0.0894002849400043,0.0013595979154109,-0.0134129233379382
1775066079216474400,70.34747436523438,-0.0669264411948621,-0.0340928237378597,-0.028500319226738
1775066079226512400,70.35751245117187,-0.0790846426308155,-0.0282756618916988,0.0215050169792957
1775066079236550400,70.36755029296874,-0.0569980446375906,-0.0063011459708213,-0.0085838500805199
1775066079246588400,70.37758837890625,-0.018341273985058,0.0167360307455062,-0.0466650584679562
1775066079256627200,70.38762719726563,0.0279984523855149,0.0248164613485336,-0.0445395176813472
1775066079266665500,70.39766552734375,0.0140752871036529,0.0064373395711183,-0.0523818926116451
1775066079276703200,70.407703125,-0.0565419714331626,-0.0181178404927253,-0.0753865644310135
1775066079286742500,70.41774243164062,-0.0155636259652674,-0.0436807362943887,-0.0561009040016215
1775066079296780300,70.4277802734375,-0.0095627781152725,-0.0774012195885181,-0.025328849583771
1775066079306818300,70.437818359375,-0.0086287121355533,-0.0735153180658817,0.0087269666119478
1775066079316856300,70.44785620117187,0.013487550343573,-0.0267594121098518,-0.0275820992701221
1775066079326895400,70.45789526367187,-0.1566273165166378,0.013032500052452,-0.0873415166461374
1775066079336933400,70.46793334960938,-0.248498960006237,0.0615396335899829,-0.0950477345087565
1775066079346971400,70.47797143554688,-0.0477824725247919,0.0478220738828182,-0.0688119078815914
1775066079357009400,70.48800952148437,-0.0183456578992307,0.012795768687129,-0.0589064629416447
1775066079367048200,70.49804809570313,-0.109690208774805,0.094440032672882,-0.0679382485859096
1775066079377086500,70.50808642578124,0.1489035903967916,0.0477758966535329,-0.1033201622862368
1775066079387124200,70.51812426757813,0.0617395400762557,0.0561427429825067,-0.002819194739731
1775066079397163300,70.52816333007813,-0.1823158845245838,0.0806768802583217,-0.0489378713713027
1775066079407201300,70.538201171875,-0.2112615546323359,0.0967184989988803,-0.0806462293917313
1775066079417239600,70.54823950195312,-0.010484130743891,0.0259445885956287,-0.0543228706115856
1775066079427277300,70.55827734375,0.1635327119909226,-0.062128831654787,0.0424698535341303
1775066079437316400,70.56831640625,0.0673484659992158,-0.0411129316329956,0.0004858472881838
1775066079447354400,70.57835424804688,-0.104081282851845,-0.0062689972668886,-0.0498050735267344
1775066079457392400,70.58839233398437,-0.1212744097150862,-0.0084375734776258,-0.0625302977283019
1775066079467430400,70.59843041992187,-0.0278302562117576,-0.0262882874667644,0.0142892860473599
1775066079477469400,70.60846948242188,0.0443593662083148,-0.008804653224349,0.0941816922639496
1775066079487507500,70.61850756835938,0.0332628026545047,0.0413707057863473,0.0517050482294289
1775066079497545500,70.62854541015625,-0.0460123941123485,0.0436012413173913,-0.0119585232785437
1775066079507584300,70.63858422851563,-0.1444610779047012,0.0325929405689239,-0.0483802694545825
1775066079517622500,70.64862255859374,-0.1222353637017309,0.0196662389785051,-0.0759817310123005
1775066079527660300,70.65866040039063,-0.0586123479664325,0.0065384618580341,-0.0727473613341106
1775066079537698300,70.6686982421875,-0.0664554626822471,0.0118470896601676,-0.0242755137390922
1775066079547737300,70.6787373046875,-0.0973402841590344,0.004306172761321,0.0186451614356134
1775066079557775400,70.688775390625,-0.0385679233253002,0.0113935006737709,0.0668583078620955
1775066079567813400,70.6988134765625,0.0033143852449953,0.0145107559114694,0.0922392712255939
1775066079577852200,70.70885205078125,0.003326075682789,0.0156681092530488,0.0658468977632699
1775066079587890400,70.71889038085938,0.0058884735167026,-0.00837386059165,0.0032393792134476
1775066079597928200,70.72892822265625,-0.0774561646461486,-0.0721375999718904,-0.0106090037991525
1775066079607966500,70.73896655273437,-0.1650795030415058,-0.0638116701751947,-0.0009633742725942
1775066079618005200,70.74900512695312,0.0774606946907937,-0.0674871438175439,0.0375035500633763
1775066079628043500,70.75904345703125,0.0132005500957369,-0.0288929170072078,0.0409837340290658
1775066079638081300,70.76908129882813,-0.1754487752340734,0.0239659819990396,0.0464141524468082
1775066079648119600,70.77911962890624,-0.0712308603905141,0.0179752171516418,-0.0151880204187938
1775066079658158300,70.78915844726562,0.0336522403635084,0.0079325465649366,-0.0051197815659921
1775066079668196400,70.7991962890625,0.0164123517490923,0.0201128137022256,-0.0021326920466031
1775066079678234400,70.809234375,-0.0487524866007268,0.0340361251145601,-0.0099117239836836
1775066079688273400,70.8192734375,-0.0163607676923275,0.0298152925491332,0.0526413015996571
1775066079698311400,70.8293115234375,0.0230335234545171,0.0117845458179712,0.0644777511348016
1775066079708349400,70.83934936523437,9.80535469949e-05,0.010291092389822,0.1142068276827223
1775066079718387500,70.84938745117188,0.0002326397120952,-0.0071644848018884,0.0944665370873175
1775066079728426500,70.85942651367188,-0.0371790993154048,-0.0478588987618684,0.0558939375868998
1775066079738464300,70.86946435546875,-0.029974282503128,-0.0666226359426975,0.0159149601535871
1775066079748502300,70.87950219726562,0.0160614924848079,-0.0265910698056221,-0.0370532307462999
1775066079758541300,70.88954125976562,0.041103725413233,-0.0060205754637718,-0.0807998125182464
1775066079768579600,70.89957958984375,0.0093229780100286,0.0074777885347604,-0.0618247706742957
1775066079778617300,70.90961743164063,0.006211275730282,0.0333428821533918,-0.0103152313172351
1775066079788655400,70.9196552734375,0.0108243224836885,0.0336345585763454,0.0079282448491547
1775066079798694400,70.9296943359375,0.0147954180717468,0.05923252569139,-0.0221109789492329
1775066079808732200,70.93973217773437,-0.0082860361777245,0.047102527436614,-0.0179244368124753
1775066079818770400,70.9497705078125,-0.0654934857822954,0.0327039997279644,-0.0285058676181128
1775066079828808200,70.95980810546875,-0.0490310112811624,0.0329763869285583,-0.0343213626635726
1775066079838847500,70.96984741210937,-0.0110265670575201,0.0344429523497819,-0.030614215241326
1775066079848885200,70.97988525390625,-0.0071590779744088,0.0811199478507041,0.0031427915377542
1775066079858923500,70.98992358398438,-0.0093175711825489,0.0697767160594463,0.0254458635595627
1775066079868962300,70.99996240234375,0.002045826613903,0.0426736050784587,0.0149567917790729
1775066079879000300,71.01000024414063,-0.029686989994347,0.0174333653599023,-0.0155396423014812
1775066079889038300,71.02003833007812,-0.0527463785424828,0.0012380173623561,-0.0339319158214144
1775066079899076400,71.03007641601563,-0.0554492077603936,-0.0179284554004669,-0.0202621362121542
1775066079909115400,71.04011547851563,-0.0585550648212432,-0.0034188685327768,-0.0193109547008527
1775066079919153400,71.0501533203125,-0.0486462497472763,0.0535650014489889,0.0035184792826185
1775066079929191400,71.06019140625,0.0032652854062616,0.062001990404725,-0.0119012720993952
1775066079939230500,71.07023046875,-0.0182440972208976,0.0719903004556894,-0.0181802108049858
1775066079949268200,71.08026831054687,-0.0067770929194986,0.1056979242682456,-0.0028401507627917
1775066079959306500,71.09030639648438,-0.0110309509716928,0.0600625467747449,0.0125340124784037
1775066079969344300,71.10034423828125,-0.031915771959722,0.0486105939120054,0.0278535685886861
1775066079979383600,71.11038354492187,-0.0477368798173963,0.0368786550641059,0.027664726919122
1775066079989421300,71.12042138671875,-0.0484872597932815,0.0299503171056509,-0.0089906316499691
1775066079999459300,71.13045922851562,-0.0542867398522794,0.0361485872238874,0.0276661060254555
1775066080009497300,71.14049731445313,-0.0435574021756649,0.0327338103443384,0.0032966532254824
1775066080019536400,71.15053637695313,-0.0031038112342357,0.0180874453544616,-0.0491691822094144
1775066080029574400,71.16057446289062,-0.0200176827646791,0.045479894670844,-0.0071277055886108
1775066080039612400,71.1706123046875,-0.0229097509443759,0.0418915147900581,0.0186605553675675
1775066080049651500,71.1806513671875,-0.0446362834535539,0.0293020823299884,-0.0074461649872129
1775066080059689200,71.19068920898438,-0.0440365639947354,-0.0185953948765993,-0.024951239309879
1775066080069728000,71.20072802734374,-0.0213245275795459,-0.0032832594543695,0.0172609451021766
1775066080079765800,71.21076586914063,-0.010211743543297,0.0439332497507333,0.0054029915546998
1775066080089804800,71.2208046875,0.0494166495978832,0.039002807611227,0.0195688338854815
1775066080099842800,71.2308427734375,0.1146130521297454,0.0111024087727069,0.0267998856841353
1775066080109880800,71.240880859375,0.07021744556427,-0.0125339028805494,0.0106305123780621
1775066080119918800,71.2509189453125,-0.214450413801521,0.0291600435107946,-0.0058395380747504
1775066080129958000,71.2609580078125,-0.3162507461093366,0.0745493372887372,0.0025590642325114
1775066080139996000,71.27099584960938,0.1069148988425731,-0.0322182620376348,0.0551912646436831
1775066080150034000,71.28103393554687,0.2338449962317943,-0.1037473747223615,0.0909574238546658
1775066080160072700,71.29107275390625,0.0232638250790536,0.0106634328335523,0.0428665566675597
1775066080170111000,71.30111108398438,0.0780396636225283,0.0594219107836484,-0.0699693434215616
1775066080180148700,71.31114868164063,-0.0980383494257926,0.1080623153120279,-0.020561676281155
1775066080190187000,71.32118701171875,-0.1882557959675788,0.0899959127455949,-0.0052877859435044
1775066080200225800,71.33122583007813,0.0004395604610443,0.0102092593252658,-0.0090765518011758
1775066080210264000,71.34126416015626,0.1423942085027694,-0.0655459466218948,0.0626652126869652
1775066080220301800,71.3513017578125,0.1906065968774259,-0.0928647461801767,0.0710005587659776
1775066080230340900,71.3613408203125,0.072419924044609,-0.0206190096586942,0.035582774601248
1775066080240379000,71.37137890625,-0.0768902013264596,0.0601671761929988,-0.0358944389328826
1775066080250416600,71.38141674804687,-0.0797463214099407,0.0758341164022684,-0.0171955106165725
1775066080260455000,71.39145483398437,0.0497438357256352,0.0555178890824317,0.0563632903980091
1775066080270493700,71.40149365234375,0.1258617375053465,0.0511620319604873,0.0922988833251874
1775066080280532000,71.41153198242188,0.0656895928762853,0.0191045134425163,0.0383592398775275
1775066080290569700,71.42156982421875,-0.0695662881791591,-0.0127349784106016,0.0042666353353764
1775066080300608000,71.43160791015625,-0.1245871875248849,-0.0173474406421184,-0.0417893604566808
1775066080310646800,71.44164672851562,-0.0958557446897029,-0.0425572852224111,-0.0688119900799822
1775066080320684800,71.45168481445313,-0.0392670115053653,-0.0269786078184843,-0.068986615994526
1775066080330722800,71.46172290039063,-0.0035889644026756,-0.0114157125055789,-0.0424177945533301
1775066080340761900,71.47176196289062,0.0453622596405446,-0.0079576810061931,-0.0296290583951864
1775066080350800000,71.4817998046875,0.0182345987401902,-0.0055588031709194,0.0016919534086249
1775066080360838000,71.491837890625,-0.0045754912219941,-0.0051069677501916,0.010981659336714
1775066080370876000,71.5018759765625,-0.0139794255137443,-0.0247732067286968,0.0201110966691747
1775066080380915000,71.5119150390625,-0.0210778593420982,-0.0380173037052154,0.0100839981109369
1775066080390952700,71.52195263671875,-0.1060240874826908,-0.0229056592911481,-0.0252867548745591
1775066080400991000,71.53199096679687,0.0112532154202461,0.0126788643091917,0.0082353015043307
1775066080411029800,71.54202978515625,0.1262637424349784,0.0387841964244842,0.0007543802975676
1775066080421068000,71.55206811523438,-0.104251817113161,0.0841793354213237,-0.0009653561671264
1775066080431105800,71.56210571289063,-0.0672049658752977,0.0801718533456325,-0.0038145167868584
1775066080441143800,71.57214379882812,0.0233877437196671,0.0413648605674505,0.0167360124791972
1775066080451182800,71.58218286132812,0.0654978696964681,0.0206640178442001,-0.0014556604347191
1775066080461220900,71.59222094726563,0.0026490532040596,0.0336807358056306,-0.0058426250809803
1775066080471259000,71.6022587890625,-0.0639936026133596,0.0426028779298067,0.0006945946680381
1775066080481298000,71.6122978515625,0.0013571136973798,-0.0084112699925899,0.0018486326745245
1775066080491336000,71.6223359375,0.0417044677853584,-0.0104255324244499,0.0430499641101807
1775066080501373700,71.63237377929687,0.0437888728439807,0.0311789821177721,0.0467702084760181
1775066080511412000,71.64241186523438,0.0462577471755445,0.0380588047593832,0.0183615039223339
1775066080521450800,71.65245068359376,0.0324935718476772,0.0409112715810537,0.0074907119484152
1775066080531488800,71.66248876953125,0.0264706582963466,0.0113069914340972,0.0096729148257058
1775066080541526800,71.67252685546875,0.0325483707748353,-0.01695288836658,-0.0180216957750264
1775066080551565000,71.68256494140626,0.0059619771443307,-0.0162128836542367,-0.0246128742009866
1775066080561603800,71.69260375976563,-0.0336216990947723,-0.0168640410393476,-0.008822161481576
1775066080571641900,71.70264184570313,-0.0187689978778362,-0.0190168351590633,0.0048569385118782
1775066080581679900,71.71267993164062,0.0044425124920904,0.0125181207895278,0.019435562894633
1775066080591719000,71.72271899414062,0.0423497799515724,0.0400391649216413,-0.0116933330037165
1775066080601757000,71.7327568359375,0.0402349797546863,0.0420318000435829,-0.0020012659529689
1775066080611795000,71.742794921875,-0.0203789172925055,0.0606131663948297,0.0385716587855014
1775066080621833000,71.7528330078125,-0.0095043259263038,0.0507826772540807,-0.0009445417079608
1775066080631872000,71.7628720703125,0.0028185645520687,0.0213888249874114,-0.0279571522607468
1775066080641909800,71.77290966796875,0.0037632980562746,0.0152338094890117,-0.0141226881756447
1775066080651948000,71.78294799804688,0.0164367555379867,0.0414332496285438,-0.0132930324184708
1775066080661986800,71.79298681640626,0.0307459975279867,0.0524929883033037,-0.0047935544194653
1775066080672025000,71.80302514648437,-0.0212470784291625,-0.0106119949072599,0.0228481204176321
1775066080682062800,71.81306274414062,-0.043034839606285,-0.0312450330913066,0.0241607373861596
1775066080692100900,71.82310083007812,0.0073486091971397,0.0048380876809358,-0.0172621278456877
1775066080702140000,71.83313989257813,0.0237362648963928,0.0132581255018711,-0.0414652613351587
1775066080712177700,71.843177734375,0.0352115986347198,-0.0104646953910589,-0.0103220903162844
1775066080722216000,71.8532158203125,-0.0013151742517948,0.0286667070358991,0.0161402842089068
1775066080732255000,71.8632548828125,-0.0036731355547904,0.0531400540351867,0.0088358246807474
1775066080742293000,71.87329296875,0.0056301148414611,0.0182516960054636,0.0061764053463004
1775066080752330800,71.88333081054688,0.0250197288356721,-0.0104243633806705,-0.0320888543711509
1775066080762369000,71.893369140625,0.0069908818006515,0.0009784896433353,-0.0306800561523064
1775066080772407800,71.90340771484375,-0.0150656133152544,0.0315413856893777,-0.0084486793935298
1775066080782445800,71.91344580078125,0.0004933364748954,0.0502671289473772,-0.0437743876609019
1775066080792483800,71.92348388671876,0.0135337275728583,0.0532820928543806,-0.0517087334572803
1775066080802521900,71.93352197265625,-0.0040834699213504,0.0187847799688577,-0.057288625082001
1775066080812561000,71.94356079101563,0.0057366439558565,-0.003328852161765,-0.0026368421764578
1775066080822599000,71.95359887695312,-0.0110474637150764,-0.0072036477684974,0.011507573773805
1775066080832637000,71.96363696289062,-0.0031751229047775,-0.0039221418797969,-0.006046659753099
1775066080842676000,71.97367602539063,0.0016227788962423,-3.44867914915e-05,-0.0149776610371656
1775066080852713700,71.98371362304688,-0.0068636021591722,0.0010141454786062,0.0008693849793635
1775066080862752000,71.993751953125,0.0007782908961176,0.0123860188424587,0.014980912440177
1775066080872789800,72.00378979492187,0.0599428659178316,0.01156301202178,0.0300766103664413
1775066080882829000,72.0138291015625,0.1082595914497971,0.0284340673238039,0.0125632111734244
1775066080892866800,72.02386669921874,-0.0402069227039814,0.0153904613554477,-0.0381161609698086
1775066080902904800,72.03390478515625,-0.167828947880119,0.0211591078847646,-0.0794228068103082
1775066080912943900,72.04394384765625,0.0399943028666079,0.0021983868271112,-0.0596661496019922
1775066080922982000,72.05398193359375,-0.0165394852600991,-0.0596112958759069,-0.0200183129523415
1775066080933020000,72.06402001953126,-0.2113537629604339,0.0192331082582473,-0.0213425838260445
1775066080943057700,72.0740576171875,0.1987536629758775,0.0289759191155433,-0.0450064136738888
1775066080953097000,72.08409692382813,0.211144796384871,0.0422661933213472,0.015110685432842
1775066080963134700,72.094134765625,-0.0793535227000713,0.1393143626660108,-0.0142149969684425
1775066080973173000,72.10417309570313,-0.0925518808387219,0.1688619441896676,-0.0315061225797515
1775066080983210800,72.11421069335937,0.0179017135240137,0.0724433049201965,-0.0273434408091939
1775066080993249800,72.12424975585938,0.1153543720163404,-0.0114338326841592,0.0169351426473353
1775066081003287800,72.13428784179688,0.0239398246444761,-0.0437391884833574,-0.0054401086946949
1775066081013325800,72.14432592773437,-0.1235116672478616,-0.0380167191833257,-0.0469587533180601
1775066081023364900,72.15436474609375,-0.1432709913372993,-0.0501858804047107,-0.0610741349700838
1775066081033403000,72.16440283203124,-0.0239244809448719,-0.0504261189013719,0.008948308611894
1775066081043441000,72.17444091796875,0.0786823454402387,-0.014164718952775,0.0417304607431404
1775066081053479000,72.18447900390625,0.0865149387620389,0.0369704250007867,-0.0373418977948371
1775066081063517700,72.194517578125,0.0294013049207627,0.0493009142637252,-0.0615577903011813
1775066081073555700,72.2045556640625,-0.0650853433728218,0.0534656327277421,-0.0571443943057209
1775066081083593700,72.21459375,-0.0539829346001148,0.0579991845041513,-0.0446645414336584
1775066081093632800,72.2246328125,-0.0116869306623935,0.0350923561692237,-0.0399159951996989
1775066081103670800,72.2346708984375,-0.0009292436741292,0.0221948806732892,-0.0262564675563946
1775066081113708800,72.24470874023437,0.0169977504216134,0.0236421568721532,0.0002995766016189
1775066081123746600,72.25474658203125,-0.0245654091969132,-0.0046218145817518,0.0162093217239715
1775066081133785600,72.26478564453124,-0.0229401460826396,-0.0241138660371303,-0.0046947062880266
1775066081143823600,72.27482373046875,-0.023968904608488,-0.0259662159055471,0.0070065268943551
1775066081153862000,72.28486181640625,0.0005948971532285,-0.0062508770883083,0.0001326134037226
1775066081163901000,72.29490087890625,0.0609726473569869,-0.0012707505881786,-0.0118894492308609
1775066081173938700,72.30493872070312,0.0227273801147937,-0.0189338330507278,0.0027876305576879
1775066081183976700,72.31497680664063,-0.0267662802420556,0.0163368022948503,-0.0350272550437599
1775066081194014700,72.3250146484375,0.1349051679216325,0.0062146367311477,-0.0203031486425548
1775066081204053800,72.3350537109375,-0.0140016373455524,0.0106073187321424,-0.0012689239572733
1775066081214091800,72.345091796875,-0.1090836211837828,0.0384615403413772,-0.0023642083806917
1775066081224129800,72.3551298828125,-0.0335996333934366,0.0504500842988491,0.0271029648505151
1775066081234168800,72.3651689453125,-0.0189256497442722,-0.0020651158362627,0.0506635809190571
1775066081244206600,72.37520654296875,0.0191430918872356,0.0271492882102727,0.045689226572588
1775066081254244900,72.38524487304687,4.88075777888e-05,0.0454834018021821,0.0295975216126069
1775066081264282600,72.39528271484374,-0.0202536834776401,0.0412228217482566,0.0604851287015248
1775066081274322000,72.40532202148438,-0.0093977968119084,-0.0010118073910474,0.1302006617587991
1775066081284359700,72.41535961914063,-0.0131868138313293,-0.0193804077744483,0.0933232305373996
1775066081294398000,72.42539794921875,-0.0087691435195505,-0.029826982986927,0.0270370691406074
1775066081304436700,72.43543676757812,-0.0365266267560422,-0.0455611432135105,0.0532823120500892
1775066081314474800,72.44547485351562,-0.0324888956725597,-0.0247948340386152,0.0375219396700151
1775066081324512800,72.4555126953125,-0.0177134974755346,0.0052191959530115,0.0438220353280659
1775066081334550800,72.46555078125,-0.0043184477210044,0.0241769944012165,0.05328846779624
1775066081344589800,72.47558984375,0.020189532200247,0.0150268887400627,0.011528187303571
1775066081354627800,72.4856279296875,0.0379657196484506,0.0320838220030069,0.0293872672622557
1775066081364665900,72.49566577148437,0.0197097858592867,0.0346323374420404,0.0394250424781348
1775066081374705000,72.50570483398438,-0.0137551152385771,0.0418827469617128,0.0504063182223588
1775066081384742700,72.51574267578125,-0.0379297715522348,0.0153483757793903,0.0322173943879548
1775066081394780700,72.52578076171875,-0.0112777653396129,0.0104360538184642,0.0188360443652141
1775066081404818700,72.53581860351562,0.0100479312837123,-0.0028898762226104,0.016232026746124
1775066081414857700,72.54585766601562,0.0045288756012916,-0.0249468097299337,0.0136093957581091
1775066081424895700,72.55589575195313,-0.0014719722487032,-0.0156330379396677,0.017735627108952
1775066081434933800,72.56593383789063,-0.0297884045422077,0.0044482115805149,0.0014074282456655
1775066081444971800,72.5759716796875,0.0014706570744514,0.0027513445347547,0.0291600617771036
1775066081455010600,72.58601049804687,0.004174801466614,0.0009498480707406,-0.0035876126958057
1775066081465048800,72.596048828125,0.0101436467431485,0.026598668590188,-0.0126823075084481
1775066081475086600,72.60608666992188,0.0090660806395113,0.0708259328514337,0.0139156669619958
1775066081485126000,72.6161259765625,0.001777238805592,0.0717985772758722,0.0222652333626057
1775066081495163600,72.62616357421875,-0.0260275907039642,0.0347848976552486,-0.0085271514572203
1775066081505202000,72.63620190429687,-0.0122574240267276,-0.0009095160603523,-0.032986168537056
1775066081515239700,72.64623974609376,-0.0282465819276869,-0.051112347599864,-0.0227780325897969
1775066081525278700,72.65627880859375,-0.0134578858576714,-0.0603711743324995,-0.0367705093813594
1775066081535316700,72.66631665039063,-0.0109504330813884,-0.0547130024403333,-0.0510808838825207
1775066081545354800,72.67635473632812,-0.0260544787108898,-0.0251303496032953,-0.0396084910199511
1775066081555393800,72.68639379882812,0.0049086686991155,0.0347223538130521,-0.0472218703668098
1775066081565431800,72.69643188476563,0.0220623403348028,0.0739145465165376,-0.0409581977290101
1775066081575469800,72.7064697265625,0.0402009313546121,0.1026443819165229,-0.0173969332064967
1775066081585507600,72.71650756835938,0.0407879374623298,0.09912497561872,-0.0065117473810445
1775066081595546600,72.72654663085937,-0.0022210370503365,0.07377952196002,0.0528749550919048
1775066081605584600,72.73658471679687,-0.0438088927187025,0.0340367096364498,0.0514083531380631
1775066081615622700,72.74662255859376,-0.0490320341944694,-0.025453590208292,0.0266649204931221
1775066081625662000,72.75666186523438,-0.0312320274792611,-0.009334230056405,-0.0028850904496386
1775066081635699700,72.76669970703125,-0.0319661869727075,0.0070598553836345,0.0162584032963961
1775066081645737700,72.77673779296875,0.0009609539866447,-0.0040846389651298,0.0330130382776726
1775066081655775700,72.78677563476562,0.1003051253139972,0.0076321023136377,0.0624077947266399
1775066081665814500,72.796814453125,0.1180441956222057,0.0061503393232822,0.0318310162857174
1775066081675852800,72.80685278320313,-0.0664672992505133,-0.0023521160840988,-0.0383333473844453
1775066081685890600,72.816890625,-0.1436789876163005,0.0178524675548076,-0.0177646614071913
1775066081695929900,72.82692993164062,0.0617709581278264,-0.0307563727915287,0.0234505432901903
1775066081705967600,72.83696752929687,-0.055798021198064,-0.05304068531394,0.0541603552599437
1775066081716006000,72.847005859375,-0.1402981130063533,0.0267559049785137,0.0954303406181745
1775066081726043600,72.85704370117188,0.220920194337517,0.0214934544056653,0.0591744570949114
1775066081736082700,72.86708276367187,0.1606372828103602,0.0491886860609054,0.1146462785459123
1775066081746120700,72.87712060546875,-0.0737806910037994,0.1305897889405489,0.0463598923757672
1775066081756158700,72.88715869140626,-0.0864601398348808,0.1009644660055637,-0.0254812271338887
1775066081766197800,72.89719775390626,0.0562742604076862,0.0404267029345035,-0.0355340172558091
1775066081776235800,72.90723583984375,0.1581529186487197,0.0015291092634201,0.0046422911141999
1775066081786273800,72.91727368164062,0.0596131955720484,-0.0074012161672115,0.0210693289757706
1775066081796311800,72.92731176757812,-0.0992543010868132,0.0040852234870195,-0.0315690408812835
1775066081806350600,72.9373505859375,-0.068193830782175,-0.0310077172040939,-0.0735783916310407
1775066081816388900,72.94738891601563,0.0274245980203151,-0.0757341631591319,0.0166061024892143
1775066081826426600,72.95742651367188,0.0754674750469625,-0.0522673628538847,0.0466152736426331
1775066081836466000,72.9674658203125,0.0352384866416454,-0.0094914664447307,-0.0047267179946415
1775066081846503700,72.97750366210937,-0.0231926595389843,0.0224251822978258,-0.0533947411823086
1775066081856541700,72.98754174804688,-0.0742553227782249,0.0367167425006628,-0.0574985232393257
1775066081866579700,72.99757983398437,-0.0605156973697245,0.0491816717982292,-0.0802527456952724
1775066081876618500,73.00761840820313,-0.0075230889812111,0.0605535451620817,-0.0715662846236489
1775066081886656800,73.01765673828125,-0.0032071254782378,0.0198918644279241,-0.0485663346451707
1775066081896694800,73.02769482421876,0.0289209740579128,0.0361141004323959,-0.0068133698092773
1775066081906732800,73.03773291015625,0.0236706523142755,0.0164741649389266,0.019826324911043
1775066081916771600,73.047771484375,0.0040611119590699,0.0119499655127525,0.0518253090416546
1775066081926809900,73.05780981445312,-0.0074853873193264,0.0158013802438974,0.0386126757824793
1775066081936847600,73.06784765625,0.0184907654583454,-0.019927520263195,0.0092474559552501
1775066081946886700,73.07788671875,-0.0068143561899662,-0.0510877976804971,-0.0175122392823919
1775066081956924700,73.08792456054688,-0.0745173347152769,-0.0645990211606025,-0.0168652466157451
1775066081966962700,73.09796264648438,0.1467582489311695,-0.0329208573490381,-0.0285666076622903
1775066081977000700,73.10800073242187,0.0864778216220438,0.0259790753871202,0.0117378479988779
1775066081987039700,73.11803979492187,-0.1426888075351715,0.0691261431962251,0.0446491703345905
1775066081997077800,73.12807788085938,-0.0551763821683824,0.087808047312498,0.0177629535072948
1775066082007115800,73.13811572265625,-0.0115676881968975,0.0477244587272405,0.0022402440743055
1775066082017154800,73.14815478515625,0.0319065657399594,0.0306149184942245,0.0008555756497196
1775066082027192800,73.15819287109375,0.037274814774841,0.0641390024334192,-0.0284733855540398
1775066082037230800,73.16823095703126,0.0187456170022487,0.0586135170102119,-0.0834431301012635
1775066082047268600,73.1782685546875,0.0347451501667499,0.0277443314939737,0.0217398851810954
1775066082057307600,73.1883076171875,0.0394458752036094,-0.0021101240217685,0.0937260209183208
1775066082067345000,73.19834497070312,0.0173334121167659,0.016835399466753,0.054627123388322
1775066082077383000,73.2083828125,-0.013618190985918,0.0122825584679841,0.0047331842680461
1775066082087422000,73.218421875,0.0015676877081394,0.0117488899827003,-0.0309880535223986
1775066082097459700,73.22845971679688,-0.0098116383098065,0.0053138884991407,-0.0354151309833396
1775066082107498000,73.238498046875,-0.0146316058121621,-0.0111783966183662,-0.0442017188280355
1775066082117535700,73.24853564453124,0.0120597094975411,-0.0033633389532566,-0.0483067886598408
1775066082127575000,73.25857495117188,0.0092307696819305,0.0191354931026697,-0.0222542735771741
1775066082137612800,73.26861279296875,0.0123263976097106,0.0540413867890834,0.0097760829392354
1775066082147651000,73.27865112304687,0.0053892918229103,0.0650052638739347,0.0253699305128306
1775066082157689900,73.28868994140625,0.0115736795462667,0.0689238986223936,-0.0029671427099034
1775066082167727900,73.29872778320312,0.0354172042094171,0.0516191280782222,-0.0047297136693261
1775066082177766000,73.30876586914063,0.002350800909847,0.0254769710838794,0.0161760953078046
1775066082187803600,73.3188037109375,-0.0041875148177146,0.0159521868914365,-0.0147815448100212
1775066082197843000,73.32884301757812,0.004221270956844,-0.0056435588449239,-0.0031443898397963
1775066082207881000,73.338880859375,0.0160568163096904,-0.0191354931026697,0.0006395491457078
1775066082217919000,73.3489189453125,0.0010043547369539,-0.0124210901558399,-0.0007426076613832
1775066082227958000,73.3589580078125,0.0247556710720062,-0.0243815770626068,-0.0117841530923265
1775066082237995800,73.36899584960938,0.0195054954588413,0.0194534730106592,-0.0190261418435256
1775066082248033800,73.37903369140625,0.0150512925289571,0.0514233132451772,-0.0239098222318571
1775066082258071800,73.38907177734374,0.0007129705749452,0.0446124641865491,-0.0298448291708715
1775066082268110800,73.39911083984374,0.0177745800130069,0.063087447553873,-0.0229618281914852
1775066082278148900,73.40914892578125,0.0291781636893749,0.0377519307672977,-0.0321016316543333
1775066082288187000,73.41918676757813,0.0251847101390361,0.0127700497239828,-0.0136895209227688
1775066082298226000,73.42922583007812,0.0285677767060697,0.0018622867405414,0.012957626451645
1775066082308263700,73.439263671875,-0.0018716390907764,0.0132505267173051,0.0154142440898343
1775066082318302000,73.44930200195313,-0.0118390524841845,0.0099690208286046,0.0100930034012999
1775066082328339700,73.45933959960938,0.0189829328894615,0.0307926131486892,0.0024381777992006
1775066082338379000,73.46937890625,-0.0068539575479924,0.0326940628558397,-0.0093984817984979
1775066082348416800,73.47941674804687,-0.0344787543155252,0.0206014740020036,-0.0095545400098897
1775066082358455000,73.489455078125,-0.0345101723670959,0.0201133982241153,-0.0408097748348023
1775066082368493800,73.49949389648438,-0.0173404263794422,0.01872457421422,-0.0164591682991944
1775066082378531800,73.50953173828125,-0.0001003916345536,0.0007359130591154,0.0031256942724809
1775066082388569900,73.51956982421875,0.0527929941631853,-0.0225286426723003,0.0123793059738818
1775066082398608000,73.52960791015624,0.0587784983135759,-0.0214145439505577,0.0070820124165154
1775066082408647000,73.53964697265624,0.0177858320593833,0.0103489600569009,-0.0169115060434211
1775066082418685000,73.54968481445313,0.0359400590397417,0.0387029478818178,-0.0009277093041688
1775066082428723000,73.55972290039062,0.0875263077616691,0.0635521424561739,0.0072174662312958
1775066082438762000,73.56976196289062,0.1093358423791825,0.0459831680178642,0.0416039117540232
1775066082448799700,73.5797998046875,0.0896422770023345,-0.0021679916888475,0.0436189961697906
1775066082458837800,73.58983764648437,-0.1135353398956358,0.0025198738664388,-0.0060829549091868
1775066082468875800,73.59987573242188,-0.2685283332087099,0.0328664968132972,-0.0136810270890593
1775066082478915000,73.6099150390625,-0.0352488619051873,-0.000637713381648,0.0423639637405518
1775066082488952800,73.61995288085937,0.0266055367223918,-0.0176753574222326,0.0892533690162934
1775066082498990800,73.62999096679688,-0.0217554663427174,0.0424351201474666,0.0622691443077754
1775066082509030000,73.64002978515624,0.1316216162063181,0.0733966601222753,0.0159463416725397
1775066082519067600,73.65006762695313,0.0766354959130287,0.0636865824908018,0.0240890877889003
1775066082529106000,73.66010595703125,-0.1752420006155967,0.0838555102944374,0.0199677974746562
1775066082539143700,73.67014379882812,-0.1323183662988245,0.0604144289523363,-0.0047167445898987
1775066082549183000,73.68018286132812,0.0689909725092351,-0.0268687177032232,0.0242609646239317
1775066082559220700,73.690220703125,0.1840948768958449,-0.0769341865986585,0.0953967488758266
1775066082569259000,73.70025903320312,0.0875870980381965,-0.0220166014969348,0.0564516810675151
1775066082579297800,73.7102978515625,-0.0707749333165586,0.0429606053262949,-0.0141143952713347
1775066082589335800,73.72033569335937,-0.0707774175345897,0.0325017551541328,-0.0292613119281828
1775066082599373800,73.73037377929687,0.0053869537353515,-0.0160071319490671,0.060766977850208
1775066082609411800,73.74041186523438,0.0342528366051614,-0.0233639244526624,0.101620975419227
1775066082619451000,73.75045092773438,0.0245135328792035,0.011201192972064,0.0284017816225532
1775066082629489000,73.76048901367187,-0.0759025054633617,0.0185983174860477,-0.0301643343156669
1775066082639527000,73.77052685546874,-0.0937723625443875,0.0181698629409074,-0.0722003904092591
1775066082649566000,73.78056591796874,-0.0307226166523993,0.0199766201019287,-0.0887028224614448
1775066082659603700,73.79060375976563,0.0429601669348776,0.0520908372431993,-0.0294115705864503
1775066082669642000,73.80064208984375,0.0746820237576961,0.0564934561163187,0.0063060961405746
1775066082679679700,73.8106796875,0.0306850611209869,0.0663350511729717,0.0461678678018506
1775066082689719000,73.82071899414062,-0.0023452479518949,0.0295002352505922,0.0733674066283274
1775066082699756800,73.8307568359375,-0.0160253982581198,0.0229290401667356,0.0608162694851867
1775066082709794800,73.840794921875,0.0062799570523202,0.0071446110576391,0.0424072731593158
1775066082719833900,73.85083374023438,0.0442120666921138,-0.0301987389087677,0.028022901840182
1775066082729872000,73.86087182617187,-0.0496235703468322,-0.0528752656191587,-0.0081192099771462
1775066082739910000,73.87090991210937,-0.0447872362315654,-0.035187048715353,0.0001118720097932
1775066082749948000,73.88094799804688,0.1789922930598259,-0.034981881532073,-0.0228305208288598
1775066082759987000,73.89098706054688,-0.0590413870334625,0.007681786674261,-0.0082639887426979
1775066082770024700,73.90102465820313,-0.1017689142562448,0.0600999561756849,-0.0109514742610044
1775066082780063000,73.91106298828124,0.036002895142883,0.0596615647584199,-0.015203743144311
1775066082790101800,73.92110180664062,0.0820458305239677,0.0398246453881263,0.0025939620159566
1775066082800140000,73.93114013671875,0.0077051675498485,0.0633662644952535,0.0062868617171421
1775066082810177800,73.941177734375,-0.0659656333386898,0.0950005891650915,-0.0027905349008273
1775066082820216000,73.95121606445312,-0.0262953017294406,0.0639075317651033,0.0342260764623992
1775066082830254800,73.9612548828125,0.061492871838808,0.0120148474425077,0.0892723933771718
1775066082840292900,73.97129296875,0.0314743118025362,0.0169108027905225,0.0450043495809659
1775066082850331000,73.98133081054688,-0.0217756323479115,0.0059656304061412,0.0101029859391972
1775066082860370000,73.99136987304688,-0.0474270832158625,0.0290916544497013,-0.0535913597329519
1775066082870408000,74.00140795898437,-0.0651496407806873,-0.015319149684906,-0.0318306052937638
1775066082880446000,74.01144604492187,-0.0275109611295163,-0.0150882635384798,-0.026797780492017
1775066082890484000,74.02148388671876,-0.0305531053043901,0.007319967624545,-0.0344239097225945
1775066082900523000,74.03152294921875,-0.0393603888772428,0.0229331318199634,-0.0045387759407982
1775066082910560800,74.04156079101563,-0.0104873456142842,0.0496878677546977,0.0127722690805327
1775066082920598800,74.05159887695312,0.0030735622264444,0.0739694915741682,0.0483959921800997
1775066082930637800,74.06163793945312,-0.0299883110284805,0.0797574273258447,0.0410790932954754
1775066082940676000,74.07167602539063,-0.0458909596897661,0.0785293468356132,0.0341920189291704
1775066082950713900,74.0817138671875,-0.0417769484996795,0.0330558819055557,0.0184612014371436
1775066082960751900,74.091751953125,-0.044911154872179,0.0230851075112819,-0.0124658060804009
1775066082970791000,74.101791015625,-0.0196025260925292,0.0107195469349622,-0.0337859771452378
1775066082980828700,74.11182861328125,0.0043429976403713,0.0089291563868522,0.0026925544190686
1775066082990867000,74.12186694335938,0.0123509475290775,0.0493482605367898,0.0095549875344615
1775066083000905700,74.13190576171876,0.0087092300258576,0.0419108040124177,0.0022207630557008
1775066083010944000,74.14194409179687,0.0228676653683185,0.0325514395147562,-0.0054844410267658
1775066083020981800,74.15198168945312,-0.0222130008518695,0.0278337633430957,-0.0020310765693429
1775066083031020800,74.16202075195312,-0.0592167436003684,0.0234141933351755,0.0124419776802416
1775066083041058800,74.17205883789063,-0.0361642231844365,0.0176572372436523,0.0104773904758505
1775066083051096800,74.18209692382813,0.0047499710060656,0.0550309823483228,-0.0134813397984951
1775066083061134800,74.192134765625,0.0268587808310985,0.0668511840015649,-0.0214368745133746
1775066083071174100,74.20217407226562,0.0242239022828638,0.0634001667648553,-0.0128350595179013
1775066083081212200,74.21221215820313,0.0133342594780027,0.045927638438344,7.3978551663e-06
1775066083091250200,74.22225024414062,-0.0331562735401093,0.0212491242557764,-0.0135579121660441
1775066083101288200,74.2322880859375,-0.046357408157736,0.004783727145195,0.0124983109773602
1775066083111327200,74.2423271484375,-0.0271321909449994,-0.025934651723504,-0.0095144728609826
1775066083121365200,74.252365234375,-0.0428644514754414,-0.0222539173841476,-0.0110641773878596
1775066083131403300,74.2624033203125,-0.0238416249670088,-0.015624854633212,-0.014765351727046
1775066083141442300,74.2724423828125,-0.0060147302448749,-0.0187497086554765,0.0053667237980756
1775066083151480300,74.28248022460937,-0.0001683423042297,0.0014449381113052,0.0295015138922259
1775066083161518300,74.29251831054688,0.0176981537759304,0.001870470046997,0.0286236624786164
1775066083171556400,74.30255639648438,0.0093581954538822,0.0078495444566011,-0.0065029156206175
1775066083181595400,74.31259545898438,0.0209948572337627,0.0099742815256118,-0.0255935923340264
1775066083191633200,74.32263305664063,0.0240773334190249,0.0232142868489027,0.0219674011935014
1775066083201671200,74.33267114257812,0.0594844546258449,0.0580991377472877,0.0434443885215558
1775066083211710200,74.34271020507812,0.0976958195984363,0.0518488451808691,-0.0041100200015585
1775066083221748500,74.35274853515625,-0.0462916494451463,0.0147825585901737,-0.0408903018582612
1775066083231786200,74.3627861328125,-0.2420106209002435,0.0280038592129945,-0.0293292899973224
1775066083241825300,74.3728251953125,-0.1107682132698595,0.0260351894885301,0.0429994212330318
1775066083251863300,74.38286328125,0.056090866664797,-0.0335667540371418,0.1207638024449814
1775066083261901000,74.39290112304687,0.0114427466429769,-0.0258148247361183,0.1188786554186604
1775066083271939300,74.40293920898438,0.0746190415240824,0.0225964472115039,0.0405789708867669
1775066083281978000,74.41297802734375,0.1306347971260547,0.0135720137566328,-0.035220503460383
1775066083292016400,74.42301635742187,-0.1876654288589954,0.0702764822751283,-0.0486461310162674
1775066083302054100,74.43305419921874,-0.1590973598919808,0.0723673170745372,-0.0876243795749731
1775066083312093200,74.44309326171874,0.0284371360637247,0.0161859956473112,-0.0027207210676278
1775066083322131200,74.45313110351563,0.1275171034969389,-0.0214461081326007,0.056778985926276
1775066083332169200,74.46316918945313,0.0260217454850673,-0.0243482593148946,0.027857938803127
1775066083342207200,74.47320727539062,-0.1514355930924415,0.005753448960185,-0.0507664385053329
1775066083352246300,74.48324633789062,-0.1391826991103589,0.0113104985654354,-0.054586572182225
1775066083362284300,74.4932841796875,0.0045407121695578,-0.0249397954672574,-0.0115565274820663
1775066083372322300,74.503322265625,0.0791278972506523,-0.0187187289953231,0.0685611114582978
1775066083382361000,74.51336108398438,0.0719840168453753,0.0152285487920045,0.0410774767271243
1775066083392399400,74.5233994140625,0.0098819270670413,0.01171206510365,-0.0390740462165325
1775066083402437000,74.53343701171875,-0.0737502958655357,0.0201700968474149,-0.0845411727373488
1775066083412475400,74.54347534179688,-0.0977228537358343,0.0359802449196577,-0.0173501897216308
1775066083422514200,74.55351416015625,-0.040343700826168,0.0264455238550901,-0.0092218009241856
1775066083432552400,74.56355249023437,0.0064822016261518,0.0363245283126831,-0.0052936676950193
1775066083442590200,74.57359008789062,0.0203672268547117,0.0476700981914997,0.0275011064557824
1775066083452629200,74.58362915039062,0.0070600015141069,0.02428220834136,0.0642759358192328
1775066083462667300,74.59366723632813,-0.0067161565124988,0.0237865337789058,0.0639663036144804
1775066083472705000,74.603705078125,-0.0044844519376754,0.0477273813366889,0.0400950415610335
1775066083482743300,74.61374340820312,0.0186146840989589,0.0373135393500328,0.0231083970553241
1775066083492782300,74.6237822265625,-0.0357914443492889,0.0147077397882938,0.0097579810269642
1775066083502820400,74.6338203125,-0.0725226537667214,0.0083598320662975,0.015169630812155
1775066083512858000,74.64385815429688,0.1796715074956417,-0.013834464085102,0.0110752467711456
1775066083522897200,74.65389721679688,-0.0049672670185565,-0.0301724354237318,0.0285372537036426
1775066083532935200,74.66393505859375,-0.1742249325275421,0.0208721076369285,0.0288194773116614
1775066083542973200,74.67397314453125,-0.0791150377690792,0.0123544546604156,0.0153453253057785
1775066083553011200,74.68401123046876,-0.0360381125867366,-0.0276753579109907,0.0283782728828024
1775066083563050200,74.69405029296875,-0.0061271045781671,-0.0110673374593257,-0.0002176704718265
1775066083573088300,74.70408813476563,0.0272689690671861,0.0056722004175186,-0.0400302326965145
1775066083583126300,74.71412622070312,0.050441754861921,-0.0101917236685752,-0.006425448203925
1775066083593165000,74.7241650390625,0.0587349514327943,0.0056827218115329,0.0473153664696961
1775066083603203300,74.73420336914063,0.0813677851319313,0.0168383220762014,0.0471456541922874
1775066083613241000,74.74424096679688,0.044169834985584,0.0119873749136924,0.074687695446657
1775066083623280400,74.7542802734375,-0.0005928513266146,-0.0059469257056713,-0.005035537348641
1775066083633318100,74.76431811523437,0.0015688567519187,-0.0244902981340885,-0.0168915592339355
1775066083643356400,74.7743564453125,0.0037656361438333,-0.0376695131808519,-0.0111407862880267
1775066083653394200,74.78439428710938,0.0107575408577919,-0.0384510189473629,-0.0417159207611344
1775066083663433200,74.79443310546876,0.0326784268952906,-0.0393652111828327,-0.0101911756793037
1775066083673471200,74.80447119140625,0.0365267728865146,-0.0052606970071792,-0.0414803584395907
1775066083683509200,74.81450927734375,0.0310838511802256,0.0400660529285669,-0.0532948518712539
1775066083693548300,74.82454833984374,0.0299216755330562,0.0681762951254844,0.00342864100812
1775066083703586300,74.83458642578125,0.0091043668232858,0.0852086784690618,0.0297627403779886
1775066083713624300,74.84462426757813,0.0088693890236318,0.0943278044700622,0.0549324995430652
1775066083723662000,74.854662109375,-0.025845219874382,0.0375683908939361,-0.0253006190031301
1775066083733701000,74.864701171875,-0.0557470216631889,0.0295668707460165,-0.0682376333912834
1775066083743739100,74.8747392578125,-0.0424852428995072,-0.0208738612025976,-0.0642866216100286
1775066083753777200,74.88477709960938,-0.0199323425687849,-0.0479430699139833,-0.008501240697829
1775066083763816400,74.89481640625,-0.0171793905988335,-0.0138964234054088,-0.0147401624868623
1775066083773854200,74.90485424804687,-0.0039665655434131,0.0089501991748809,-0.022874579166295
1775066083783892200,74.91489233398437,-0.0283949043571948,0.0282177942246198,0.0071690879117697
1775066083793930200,74.92493017578126,-0.0051182197965681,0.0433376219451427,-0.0367688471472356
1775066083803969000,74.93496899414062,0.0168996968746185,0.0577244592159986,-0.0312497457990422
1775066083814007300,74.94500732421875,0.012345248440653,0.0486538485318422,-0.0274157845261972
1775066083824045000,74.95504516601562,-0.0190533677771687,0.0322428119570016,-0.0270014407048001
1775066083834084400,74.96508447265624,-0.0268926831007003,0.011104162338376,-0.0050146224247757
1775066083844122000,74.9751220703125,0.015004823038727,0.0121194768607616,0.0062315695996396
1775066083854160400,74.98516040039063,-0.0208300220608711,-0.0214426010012626,-0.0391663276098668
1775066083864198100,74.9951982421875,-0.0136228671610355,0.0086065003037452,-0.0035297358955722
1775066083874237200,75.0052373046875,0.0114461076438426,0.0391179584234952,0.0013357603820972
1775066083884275200,75.01527514648437,0.0012181436181068,0.0525263060510158,-0.0004256963324733
1775066083894313200,75.02531323242188,-0.0166378310680389,0.0683043054193258,-0.0083081201453693
1775066083904352300,75.03535229492188,-0.0058523792900145,0.0661082566797733,-0.0218407882723025
1775066083914390300,75.04539038085937,-0.0064648120999336,0.0247258604556322,-0.0021639731008559
1775066083924428300,75.05542822265625,-0.0042601416625082,0.0122451490670442,0.0170397081335075
1775066083934467300,75.06546728515625,0.005668547155708,0.0228746796309947,0.028100898979837
1775066083944505000,75.07550512695312,-0.0067184946000576,-0.0120183545738458,-0.0212769529776182
1775066083954543400,75.08554345703125,-0.053330754301697,-0.0363034855246543,-0.0223064695552922
1775066083964581400,75.09558129882812,-0.0218612648047506,-0.0427379024863243,-0.0143179458862636
1775066083974620400,75.10562036132812,0.0196912272892892,-0.0088631054133176,-0.0191624085090588
1775066083984658200,75.115658203125,0.0272045255288481,0.0139788409918546,0.0364857741558458
1775066083994696200,75.1256962890625,0.0825493961319327,0.0179091661781072,0.0811087597364094
1775066084004735200,75.1357353515625,0.0300491013050079,0.0316249723196029,0.0157424439977388
1775066084014773200,75.14577319335937,-0.1879331398844718,0.0507575428128242,-0.0461414912515785
1775066084024811300,75.15581127929687,-0.028623014024645,0.0504401474267244,-0.0224427544871345
1775066084034849300,75.16584936523438,0.038418139591068,-0.0234837514400482,0.0539252495961263
1775066084044888300,75.17588842773438,-0.1987926798120141,0.0235942260771989,0.0166187793076969
1775066084054926000,75.18592602539063,0.0859632962286472,0.060759881389141,-0.0282169265749398
1775066084064964400,75.19596435546875,0.2681470788061618,-0.008530512458086,0.0787582876201253
1775066084075003400,75.20600341796874,-0.0227719499088823,0.0677168609201908,0.0485892314635682
1775066084085041400,75.21604150390625,-0.1757261308707296,0.1236439153254032,-0.0496400922233704
1775066084095079400,75.22607934570313,-0.1244236675262451,0.0598433510661125,-0.0070344926135148
1775066084105118500,75.23611840820313,0.0709669487573206,-0.0167816234529018,0.0251608269399497
1775066084115156500,75.24615649414062,0.0591268733598291,-0.0175397483438253,0.0352748274635057
1775066084125194500,75.25619458007813,-0.1154267066001892,0.0106692780524492,0.0299971793215256
1775066084135232500,75.266232421875,-0.1527249022506177,0.0010001169532537,0.010734707971476
1775066084145271600,75.276271484375,-0.0650876814603805,-0.0178495449453592,0.0814249221466481
1775066084155309300,75.28630932617187,0.0114599900387227,0.0023263971209526,0.1181544419304933
1775066084165347600,75.29634765625,0.0476607458412647,0.0228857855468988,0.0800101234452798
1775066084175386400,75.30638647460937,-0.0174374570131301,0.0090092358857393,-0.0194228952093049
1775066084185424600,75.31642456054688,-0.0503719044961035,-0.0073614686787128,-0.062124666936323
1775066084195462400,75.32646240234375,-0.0549834899447858,-0.0175672208726406,-0.1627248114078305
1775066084205500700,75.33650073242187,-0.0152419927954673,0.008677811974287,-0.0845041103962808
1775066084215539500,75.34653955078124,-0.0041465982854366,0.0039168811827898,-0.0217524432685691
1775066084225577500,75.35657739257813,-0.0172293672204017,0.0295195244729518,0.0108316564067732
1775066084235615500,75.36661547851563,-0.0195369135104119,0.0332499431729316,0.0442419229742605
1775066084245654500,75.37665454101563,-0.050888475716114,0.0396469507336616,0.0534667652389034
1775066084255692500,75.38669262695312,-0.0384301222898066,0.0221200618714094,0.0222801295376382
1775066084265730300,75.39673022460937,-0.0006206161163747,0.0059743982344865,-0.0227555650296621
1775066084275769600,75.40676953125,0.0281833074331283,0.0005436053574085,-0.0397251762021798
1775066084285807400,75.41680737304688,0.0085876494728028,-0.0098591307133436,-0.0647495812129694
1775066084295845600,75.426845703125,-0.0617993074394762,-0.0225730663359165,-0.0064102963005658
1775066084305883400,75.43688330078125,0.0932723040677607,-0.0283650937408208,0.0055886777193751
1775066084315922400,75.44692236328125,-0.1050700016282498,-0.0216448455750942,0.0315089264581911
1775066084325960400,75.45696044921876,-0.197997291650623,-0.0024380408018827,0.0308815152748487
1775066084335998500,75.46699853515625,-0.05585691177845,-0.0137596452832221,0.0277375820927787
1775066084346037500,75.47703759765625,0.0057224693000316,-0.0168827457398176,0.0032583350756671
1775066084356075500,75.48707543945312,0.0613163462281227,0.0066273091852664,-0.0490670689752325
1775066084366113500,75.49711352539063,0.0213350489735603,0.0376519775241613,-0.0578716765338089
1775066084376151600,75.50715161132813,-0.0279226106703281,0.0293242941617965,-0.029877060073195
1775066084386190300,75.5171904296875,-0.0033424422957003,0.0336018253505229,0.0484266704461537
1775066084396228600,75.527228515625,0.0136287123799324,0.0246358440846204,0.0492745103139895
1775066084406266400,75.53726635742187,-0.0171932729937136,-0.0071662383675575,0.0019624591793864
1775066084416305700,75.5473056640625,-0.0047523090936243,-0.0024555764585733,-0.0298393766776192
1775066084426343400,75.55734350585938,-0.027126491856575,0.00253624047935,-0.047535557692172
1775066084436381700,75.56738159179687,-0.0304791632853448,0.0082534490823745,-0.0770427250070497
1775066084446420500,75.57742041015625,-0.0011922785244882,0.0053168111085891,-0.066084583543241
1775066084456458500,75.58745849609375,0.0002818856813013,0.000589198064804,-0.0184965102125424
1775066084466496500,75.59749658203125,-0.0467851320505142,-0.0186819041162729,0.0105513507612049
1775066084476534500,75.60753442382813,-0.0724155401304364,-0.0023562077373266,0.0125540049536619
1775066084486573600,75.61757348632813,-0.0432731784068048,0.0283119022488594,0.008872256834153
1775066084496611600,75.62761157226562,-0.0301378025017678,0.0306762932926416,0.0029999672672711
1775066084506649600,75.63764965820313,-0.0326700974583625,0.0231710322290658,-0.0007922920220065
1775066084516688600,75.64768872070313,-0.0312859496235847,0.0200081842839717,-0.0159514014401473
1775066084526726400,75.65772631835938,-0.0485948118209838,0.0055769233494997,-0.0187377168235834
1775066084536764400,75.66776440429688,-0.0664972559973597,-0.0151882167816162,-0.0216228164063766
1775066084546802400,75.67780249023437,-0.0259362591587007,-0.0176806181192398,-0.0200262131310068
1775066084556841500,75.68784155273437,-0.0027342472694814,-0.0162596454054117,-0.0274026784494519
1775066084566879500,75.69787939453126,-0.0099522158242762,-0.008735679641366,-0.0489252950175199
1775066084576917500,75.70791748046875,-0.044109190839529,-0.009489128357172,-0.0158556311817839
1775066084586956500,75.71795654296875,-0.0608570581533014,-0.0141471832960844,0.0083332728529348
1775066084596994300,75.72799438476562,-0.0211842423260211,-0.0064858548879623,0.0091456212822813
1775066084607032600,75.73803247070313,0.0007259761869907,0.0142956518560647,0.0178526228184346
1775066084617071400,75.7480712890625,-0.0117256552375853,0.0377004928410053,0.0120456992384977
1775066084627109600,75.75810961914063,-0.0245347217977046,0.0856102450072765,-0.0224020662837196
1775066084637147400,75.7681474609375,-0.0130443366207182,0.0435971496641635,-0.0476053897916805
1775066084647185700,75.778185546875,-0.0194505504012107,0.0297732069730758,-0.0179865422632545
1775066084657224400,75.78822436523437,-0.0085059625387191,0.0254226105481386,-0.0221305558659601
1775066084667262500,75.79826245117188,-0.0017699322819709,0.0197416423022747,-0.0376999722511973
1775066084677300500,75.80830053710937,-0.0460028956316411,-0.0147299516201019,-0.0395505731205223
1775066084687339500,75.81833959960937,-0.0749180244706571,0.0026367782443761,-0.0089122463512467
1775066084697377500,75.82837744140625,-0.0628932401560247,-0.0069651628375053,0.0225579829312162
1775066084707415600,75.83841552734376,-0.0500878268577158,-0.0166068514078855,0.0335997612576
1775066084717454300,75.84845434570312,-0.0653811114490032,-0.0044856209814548,0.0234231757926521
