time,seconds_elapsed,z,y,x
1775068580262774500,27.9877744140625,0.0841796276822686,0.0410655853599309,-0.0561990762796252
1775068580272813600,27.9978134765625,-0.0388289123490452,0.0162228205263614,-0.0105570863822475
1775068580282853600,28.007853515625,-0.0361564782693982,-0.008345803540945,0.1302141970938071
1775068580292892400,28.01789233398437,0.0182569567024707,0.003149988463521,0.1661999219061806
1775068580302932500,28.027932373046877,-0.0016075813271105,-0.0141261405080556,0.0543849029971286
1775068580312971500,28.03797143554688,-0.0537105473995208,0.0023994623571634,0.0631578824415803
1775068580323010600,28.048010498046875,-0.0757308021582663,-0.0209299753040075,0.0492706652559339
1775068580333050600,28.058050537109377,-0.0194170865230262,-0.0397246921449899,0.0025781433923169
1775068580343089700,28.068089599609376,-0.0236769359245896,-0.0416933618694543,0.0240100403364747
1775068580353129700,28.078129638671875,-0.0294727627217769,-0.0288099148988723,0.0401729839017614
1775068580363168800,28.088168701171877,-0.0180956286609172,0.0071697454988956,0.0518860353861004
1775068580373208800,28.098208740234377,-0.0078900225974619,0.0565571690022945,0.1097254992838948
1775068580383247600,28.10824755859375,0.0081258771799504,0.0673877750962972,0.132238834789209
1775068580393286700,28.11828662109375,0.0205801389530301,0.0379921692639589,0.0724595619352534
1775068580403326700,28.12832666015625,-0.0188813722111284,0.0790641843646764,0.0365613327432423
1775068580413365500,28.138365478515624,-0.0333320684984326,0.0818704739570617,0.0320373525127768
1775068580423405600,28.148405517578126,-0.0618444617554545,0.0448521181613206,-0.0143541040450334
1775068580433444900,28.15844482421875,-0.0875800837755203,0.0295259542137384,-0.0832578731948509
1775068580443484700,28.168484619140624,-0.0854677677966654,0.0383136563032865,-0.1231858328269794
1775068580453523700,28.178523681640623,-0.0762941351294517,0.0335462957710027,-0.1030794853981584
1775068580463562800,28.188562744140626,0.0067117725983262,0.0343856692045927,-0.060738034883514
1775068580473602800,28.198602783203125,0.0687865359783172,0.0477764811754226,-0.0468378120858222
1775068580483641600,28.2086416015625,0.0804785812072455,0.032596447700262,-0.0814312422895804
1775068580493681700,28.218681640625,0.0193316001966595,0.0274345348924398,-0.0662752838097512
1775068580503720700,28.228720703125,-0.00965133318156,0.0201835408508777,-0.0143342303007841
1775068580513760800,28.2387607421875,-0.0870785639941692,-0.0284036721855402,-0.0337000250279903
1775068580523799600,28.248799560546875,-0.1436243348196148,-0.0363981780707836,-0.0608041954549029
1775068580533838800,28.2588388671875,-0.1485807881832122,-0.0365226812332868,-0.0637302024368196
1775068580543879000,28.26887890625,-0.0969653133668005,-0.0200420865535736,-0.0964848729060962
1775068580553917700,28.27891772460937,-0.0451543159782886,0.0084469258278608,-0.115330991140753
1775068580563957800,28.28895776367188,0.0142670102834701,0.0475771592110395,-0.08819481814038
1775068580573996800,28.29899682617188,0.0154550510242581,0.0634393297314643,-0.0738254799935966
1775068580584036600,28.30903662109375,0.0192778241828084,0.0584159486114978,-0.0554697025591507
1775068580594075600,28.31907568359375,0.0027891923271119,0.066726096317172,-0.0341722456496208
1775068580604114700,28.32911474609375,-0.024701895058155,0.0423819286555051,-0.0550218126611784
1775068580614154500,28.339154541015624,-0.0295309226498007,0.0172621004462242,-0.0570154341638088
1775068580624193800,28.34919384765625,-0.034966976223886,0.006350245809555,-0.0335435923572629
1775068580634233600,28.35923364257813,0.0326524156711995,0.0291284793287515,0.0242807835692539
1775068580644273000,28.36927294921875,0.141594874818623,0.0510351907104253,-0.0119306762903928
1775068580654312700,28.379312744140623,-0.0193197636283934,0.0349877267509698,-0.123977604259178
1775068580664351700,28.389351806640622,-0.198816937470436,0.0215244340658187,-0.183183789932914
1775068580674390800,28.399390869140625,-0.1213978899642825,-0.0100099373608827,-0.1181177357824519
1775068580684430600,28.4094306640625,-0.0185470256902277,-0.0093120182245969,-0.0202993492502719
1775068580694469600,28.4194697265625,0.0240213654480874,-0.0023632220000028,0.0619034254010766
1775068580704509700,28.429509765625,0.0800768685385584,0.0200134449809789,0.1131525511231273
1775068580714548500,28.439548583984376,0.127848819669336,0.0504150129854679,0.0691917192457243
1775068580724587800,28.449587890625,-0.038306203649193,0.0859919378012418,0.0270015503026545
1775068580734627800,28.4596279296875,-0.2497507136330008,0.0949234322756528,-0.0189435872597619
1775068580744666600,28.46966650390625,-0.2695999079629779,0.0973527052491903,-0.0370058981729671
1775068580754706700,28.47970678710937,-0.10130699583292,0.089488547745347,-0.0350497591365128
1775068580764745700,28.48974584960937,0.1040603861942887,0.0215671041637659,-0.0145701214158907
1775068580774785800,28.49978588867188,0.1646196304447948,0.0349719446599483,-0.0321077508678659
1775068580784824600,28.509824462890624,0.0798655638754367,0.0460761069983243,-0.0795510545661672
1775068580794863600,28.519863525390623,0.0132885206401348,0.0058376201122999,-0.0474571860931813
1775068580804903700,28.529903564453125,0.047741263731569,0.0302238733500242,0.0273371023999527
1775068580814942700,28.539942626953124,0.0815396345674991,0.0341787484556436,-0.0100804453138262
1775068580824982500,28.549982421875,0.037214170628786,-0.0122954179495573,-0.0958747416511178
1775068580835021800,28.560021728515625,-0.0735201403714716,0.0115583358466625,-0.1222345599841326
1775068580845062000,28.570061767578125,-0.1353283617697656,-0.0312204831719398,-0.1914212011959403
1775068580855100700,28.5801005859375,-0.156016052750498,-0.0685544807881116,-0.2396265022426843
1775068580865139700,28.5901396484375,-0.126892980249226,-0.0069762687534093,-0.2111225845530629
1775068580875179800,28.6001796875,-0.0646584962628781,0.0345014045387506,-0.1194873801678419
1775068580885218600,28.610218505859372,-0.040527386830002,0.0375508552372455,-0.0524080499662086
1775068580895258600,28.62025854492187,-0.0248423264421522,0.0656464843869209,-0.0267956524670124
1775068580905297700,28.630297607421877,-0.0361376274384558,0.094371059089899,0.0064599167291074
1775068580915337700,28.640337646484376,-0.0653191521286964,0.0728285048454999,-0.0397108097501099
1775068580925376800,28.65037670898437,-0.1144727668762207,0.002193126130104,-0.119030649376288
1775068580935415800,28.660415771484377,-0.1811773820139467,-0.0435690926134586,-0.1036980191553011
1775068580945455900,28.67045581054688,-0.2487083649732172,-0.0729559306174516,-0.0565592878941446
1775068580955494700,28.68049462890625,-0.1507590090051293,-0.0377735580772161,-0.0554391612904146
1775068580965534700,28.69053466796875,0.0098211367905139,-0.0156628485560417,-0.0769319946415722
1775068580975573800,28.70057373046875,-0.0631472149170935,0.0149397949784994,-0.0764435170048847
1775068580985613600,28.710613525390624,-0.0958159972012042,0.0254950912624597,-0.0965026642911136
1775068580995652600,28.720652587890623,-0.0491442623972892,0.0146428578585386,-0.1472030700892209
1775068581005691600,28.730691650390625,0.0413151762068271,-0.0191232181429862,-0.1424292067509144
1775068581015731700,28.740731689453124,0.0929461408533155,-0.0550730679243803,-0.1443761395676061
1775068581025770800,28.750770751953127,0.0974748703241348,-0.0821376004606485,-0.0675217767395079
1775068581035810800,28.760810791015626,0.0583988513462245,-0.0644867929577827,0.0154400909171439
1775068581045849900,28.770849853515625,0.0065606736898422,-0.02234276471138,0.0253192780378274
1775068581055889700,28.7808896484375,-0.0046130467534065,0.0402530999332666,0.0514295603228732
1775068581065928700,28.7909287109375,-0.0392985756874084,0.0536760606080293,0.0648578547598794
1775068581075967700,28.8009677734375,-0.059175680937618,0.0401169063329696,-0.0111038518111221
1775068581086007600,28.811007568359376,-0.0676584087312221,0.0331774624586105,-0.1147538123073056
1775068581096046600,28.82104663085937,-0.0660075727842748,0.0153688340455293,-0.1489425707003101
1775068581106086700,28.831086669921877,-0.0475238215886056,0.0016664719074964,-0.1130378935012035
1775068581116125700,28.84112573242188,-0.0487187304615974,-0.0091144498258829,-0.1001787589879706
1775068581126165500,28.85116552734375,-0.0275775966249406,-0.0050216275542974,-0.0496129576212726
1775068581136204800,28.86120483398437,-0.0094071491621434,-0.0058323594152927,0.0022489479705691
1775068581146243800,28.871243896484376,0.0026889468230307,-0.0109311438590288,-0.0152245119377039
1775068581156283600,28.88128369140625,-0.0242388075910508,-0.0411871659129857,-0.0309244959000498
1775068581166322700,28.89132275390625,-0.0607677724346518,-0.067772390499711,-0.0693086966888979
1775068581176362800,28.90136279296875,-0.0574586478866636,-0.0661567719966173,-0.0930050314337015
1775068581186401500,28.911401611328124,-0.0698128102861344,-0.0496644868791103,-0.0807868069062009
1775068581196440600,28.92144067382813,-0.0574397970557212,-0.0040390462577342,-0.0825114022091031
1775068581206480600,28.931480712890625,-0.0315242884241044,0.0349392114341259,-0.0550108346094377
1775068581216519700,28.941519775390624,-0.0601427724041044,0.0549988336443901,0.0010069485528394
1775068581226559700,28.951559814453127,-0.0390880016766488,0.0337701676547527,0.0425417588597163
1775068581236598800,28.96159887695313,-0.0124655138194561,0.0194698396235704,0.0335676673525944
1775068581246638800,28.971638916015625,-0.0464893639743328,-0.0262158067524433,0.0208125777357257
1775068581256677600,28.981677734375,-0.1039290148995816,-0.0376204133421182,0.0179397257131524
1775068581266717700,28.9917177734375,-0.130752724417299,-0.022227029377222,0.0071236413348466
1775068581276756700,29.0017568359375,-0.0875626942493021,-0.0208615862429141,0.0386143928155303
1775068581286795500,29.01179541015625,-0.0296655088149011,0.0010492167919874,0.0401834504968486
1775068581296835600,29.02183569335937,-0.0481727870166301,0.0071229837477207,0.013105967147462
1775068581306875000,29.031875,-0.0881694279707968,0.0300368263453245,0.0084979984279721
1775068581316914700,29.04191479492188,-0.1155398115858435,0.0493745640218257,0.0217353368701413
1775068581326953200,29.051953125,-0.1024186103366315,0.0351315191358327,0.0050032881800085
1775068581336992300,29.0619921875,-0.0455411233387887,0.0475672223389148,-0.0024332367626018
1775068581347032000,29.07203198242188,-0.0445757854379713,0.0315162512481212,-0.052967565278802
1775068581357071000,29.082071044921875,-0.091053312844038,0.0275806653648614,-0.0839729078627191
1775068581367111200,29.09211108398437,-0.1069604915499687,0.0237532160311937,-0.0442733227595221
1775068581377150000,29.10214990234375,-0.0950431131325662,0.037721535629034,-0.0008128781523089
1775068581387190000,29.11218994140625,-0.0707552057027816,0.0213625215023756,-0.0178036873764824
1775068581397229300,29.122229248046875,-0.0281153567634522,0.0263186826050281,0.0166530651697888
1775068581407268000,29.13226806640625,-0.0097742289088666,0.0380102894425392,0.0630945805475581
1775068581417308200,29.14230810546875,-0.0013458616510033,0.0485673392921686,0.1156304124787449
1775068581427347200,29.15234716796875,0.0009096621908247,0.0281552503824233,0.0707400766323087
1775068581437387300,29.16238720703125,-0.1465593653582036,0.0052858314484357,-0.0096528355854796
1775068581447426000,29.172426025390624,-0.110666506461054,-0.0299824658095836,0.016078064593696
1775068581457466000,29.182466064453124,-0.0089164430357515,-0.0683592504769563,0.0382607022733427
1775068581467505200,29.19250512695313,-0.1499111600041389,-0.0632487755954265,0.0902686104734428
1775068581477544200,29.202544189453125,-0.1859459115900099,-0.0456125811398029,0.0998027287498116
1775068581487584000,29.212583984375,0.0600352203764021,-0.0412532168865203,0.0536555018771905
1775068581497623300,29.222623291015623,0.1136858542822301,-0.0157955350250005,0.0857121984112542
1775068581507663400,29.232663330078125,-0.0843349643744528,0.0460398666411638,0.0087070323605497
1775068581517702100,29.2427021484375,-0.2922153521358966,0.0503553917527198,-0.1001009627777151
1775068581527742200,29.2527421875,-0.2360920445062219,0.0424468105852603,-0.1204639427155721
1775068581537781200,29.26278125,-0.0483631950221955,0.0373152929157018,-0.036869823303679
1775068581547820000,29.272820068359376,0.0581457533679902,0.0416162049800157,0.0014517114870308
1775068581557860000,29.282860107421875,-0.0140380238331854,0.0123749129265546,-0.0060198904771823
1775068581567899100,29.29289916992188,-0.1032828259505331,-0.0072393036037683,0.0437374897166155
1775068581577939200,29.302939208984377,-0.149813106457144,-0.0304793094158172,0.155781074950844
1775068581587978200,29.312978271484376,-0.1860040715180337,-0.0437736752748489,0.1567134969627484
1775068581598018000,29.32301806640625,-0.2103553995728492,-0.0796118813753128,0.0246890949420863
1775068581608057300,29.333057373046877,-0.2014122146606445,-0.0647404754579067,-0.0396539193305652
1775068581618096000,29.34309619140625,-0.1850727820172905,-0.0762210698932409,-0.0672148981808452
1775068581628136200,29.35313623046875,-0.121436906800419,-0.0451905563354492,-0.0909057302000466
1775068581638175200,29.36317529296875,-0.065922378718853,0.0012298340559005,-0.089579020774085
1775068581648215000,29.373215087890625,-0.0568659426905214,0.0214566295266151,-0.0401180525438627
1775068581658254000,29.383254150390623,-0.0783352855682373,0.0259574480772018,0.0164012367000337
1775068581668294100,29.39329418945313,-0.1035866312026977,0.0329430691808462,0.037984154920862
1775068581678333000,29.4033330078125,-0.1783519493296742,0.0088245269685983,-0.0411589627318084
1775068581688372200,29.413372314453124,-0.237847802132368,-0.0242161573678255,-0.0864104554742574
1775068581698412300,29.423412353515623,-0.1982616416752338,-0.0524129088044166,-0.1202182517256587
1775068581708451300,29.433451416015625,-0.1637478160463273,-0.0629892478764057,-0.1529065241615287
1775068581718491100,29.4434912109375,-0.1180440494917333,-0.0406879842191934,-0.1293571784056723
1775068581728530200,29.4535302734375,-0.0836496124587953,-0.0798982971012592,-0.1047948196823708
1775068581738569200,29.4635693359375,0.0645659956738352,-0.0611281301796436,-0.0971288698980584
1775068581748609000,29.473609130859376,0.0165055829904973,-0.0398468572199344,-0.100462571764877
1775068581758648000,29.48364794921875,-0.2068283944904804,-0.0244663327366113,-0.1032224375328049
1775068581768688000,29.49368823242187,-0.2292798802733421,-0.0299023863106966,-0.0962372913531959
1775068581778727200,29.50372705078125,-0.1140856672547757,-0.0327975232303142,-0.0519015663153724
1775068581788767000,29.51376708984375,-0.0161140994548797,-0.0186140995770692,-0.0180254221020732
1775068581798806300,29.52380615234375,0.0138368021726608,-0.0013163432955741,-0.0602341633148724
1775068581808845000,29.533844970703125,-0.0297052563033998,0.0236480020910501,-0.0062795277940575
1775068581818885000,29.543885009765624,-0.0844821177601814,0.0231552501380443,0.0871030682477634
1775068581828924200,29.553924072265627,-0.0775742380678653,0.0378197353065013,0.1353950611972715
1775068581838964200,29.56396411132813,-0.0300679521359503,0.0327039997279644,0.1290109770501963
1775068581849003000,29.5740029296875,-0.0225775963805615,-0.0085568159431219,0.0919147519789636
1775068581859043000,29.58404296875,-0.0747219173766672,-0.0390367098808288,0.0374545735222287
1775068581869082000,29.59408203125,-0.1212893150232732,-0.0292979906767606,0.0367586362804751
1775068581879121200,29.60412109375,-0.1261583823643624,-0.0055593876928091,0.0520670134096173
1775068581889161200,29.6141611328125,-0.0967465560495853,-0.0141781629562377,0.0716390484657604
1775068581899200300,29.6242001953125,-0.0806638746462762,-0.0327127675563096,0.0546193602069746
1775068581909240300,29.634240234375,-0.1059868242122232,-0.0435381129533052,0.0307838179208803
1775068581919279000,29.644279052734376,-0.1243568859003484,-0.0373725760608911,0.0413577641063835
1775068581929319200,29.654319091796875,-0.1319618079461157,-0.0367827934741973,0.0452840570049127
1775068581939358200,29.66435815429688,-0.1043501629211008,-0.0136298814237117,0.0627327021323377
1775068581949397000,29.67439697265625,-0.1196340951621532,0.0127829092055559,0.0492516363284783
1775068581959437000,29.68443701171875,-0.1350806706190109,0.0154734634637832,0.0166904517378425
1775068581969476000,29.69447607421875,-0.1427599730752408,0.0330295784205198,0.0410650876030093
1775068581979516200,29.70451611328125,-0.1466612182974815,0.0318096812367439,0.0460943687407998
1775068581989555200,29.71455517578125,-0.1296938630141317,0.0304290405333042,0.0722077517318073
1775068581999595300,29.72459521484375,-0.1058218429088592,0.0124807113885879,0.0641945183132076
1775068582009634300,29.73463427734375,-0.080378920225054,-0.0081102412194013,0.0171967709918972
1775068582019673000,29.744673095703124,-0.0922081819675862,-0.0533130725145339,0.013757594890031
1775068582029713200,29.754713134765623,-0.0710765466116368,0.0228647427588701,-0.0258557093023555
1775068582039752200,29.764752197265626,-0.0975390216015279,-0.0157937814593315,-0.0846439755246974
1775068582049792000,29.7747919921875,-0.1281574472270905,-0.0249415490329265,-0.0672962791542522
1775068582059831000,29.7848310546875,-0.0652067777954042,-0.0595855769127607,-0.0979643891404382
1775068582069871000,29.79487109375,0.0036149756267666,-0.0801034642845392,-0.1459257801624014
1775068582079910100,29.80491015625,0.0573616172529757,-0.0300783273994922,-0.0696799822532804
1775068582089949200,29.81494921875,0.0445081270292401,0.0019838672935962,-0.0257953870999976
1775068582099989200,29.8249892578125,-0.0098129534840583,0.0001391162097454,-0.0525851783650927
1775068582110028300,29.8350283203125,-0.0370563497185707,-0.0039998832911252,-0.092564895583922
1775068582120068000,29.845068115234376,-0.0141185417234897,-0.0110030400514602,-0.1232129400296136
1775068582130107100,29.85510717773437,-0.0325894334375858,-0.0031932430833578,-0.1847275305098853
1775068582140147200,29.86514721679688,-0.0208335291922092,0.0075806643873453,-0.182691311974544
1775068582150186000,29.87518603515625,-0.0563363658584654,0.0325005861103534,-0.1630318315303884
1775068582160225300,29.885225341796875,-0.0451766739405691,0.073055883860588,-0.2021078139756806
1775068582170265000,29.89526513671875,-0.0605320639826357,0.0699883129835128,-0.2290070729476399
1775068582180304100,29.90530419921875,-0.061917088600248,0.0751046330839395,-0.2514216425199062
1775068582190344200,29.91534423828125,0.0300735050939023,0.0639414340347051,-0.2025724540790542
1775068582200383200,29.92538330078125,0.1277684479095041,0.0421633174687623,-0.0946407976756803
1775068582210422000,29.935422119140625,0.1876489161156117,0.0180301622092723,-0.0579129309928044
1775068582220462000,29.945462158203124,0.2255762034498155,-0.0016799159109592,-0.0527057999369222
1775068582230501000,29.955501220703123,-0.0469908837556838,-0.013980010035634,-0.0707579639154486
1775068582240541200,29.965541259765622,-0.2401237842403352,-0.0336713834553957,-0.0701506274057552
1775068582250580000,29.975580078125,-0.1421114460386335,-0.0508142414361238,-0.0466314484592992
1775068582260620000,29.9856201171875,-0.0409611020721495,-0.0469996515840291,-0.0034937330004293
1775068582270659300,29.99565942382813,-0.079793229291588,-0.0288648599565029,0.0377997702307067
1775068582280698000,30.00569799804688,0.0794679428599774,-0.0394949750423431,0.0285154345974791
1775068582290738200,30.01573828125,0.2002466780126094,0.001555412748456,0.0899262907086405
1775068582300777200,30.02577709960937,0.0659384530708193,0.0580775104373693,0.0507042143235448
1775068582310817300,30.0358173828125,-0.1411564834013581,0.0856973387688398,-0.0307707849093712
1775068582320856000,30.04585595703125,-0.190899150083214,0.0579343025743961,-0.1322564069785177
1775068582330896400,30.055896484375,-0.0412041170477867,0.0351274274826049,-0.0765608415079303
1775068582340935400,30.06593530273437,0.1116964340306818,0.0355313321083784,0.0226328336991369
1775068582350974200,30.07597412109375,0.1001496424913406,0.0288373874276876,-0.0496265842878259
1775068582361014300,30.08601416015625,0.0070084174573421,0.0339741657942533,-0.1337014912202954
1775068582371053600,30.09605346679687,-0.0471358451843261,0.040187048959732,-0.0058692756258882
1775068582381093400,30.10609326171875,-0.0403143286012113,0.0527770659416913,0.0744294372361153
1775068582391132400,30.11613232421875,-0.031514789943397,0.04444295283854,0.0197274493801407
1775068582401172500,30.12617236328125,-0.0701440880671143,0.0706517453283071,-0.0340441988231614
1775068582411211500,30.13621142578125,-0.098266166832298,0.0399924031704664,-0.1543249943910166
1775068582421250300,30.146250244140624,-0.1142377890765666,0.022031214544177,-0.2252881437560543
1775068582431290400,30.156290283203123,-0.0907692352056503,0.0052951837986707,-0.2241413300747983
1775068582441329400,30.16632934570313,-0.0429775564610958,-0.0207727389156818,-0.1885523312287405
1775068582451369200,30.176369140625,0.0125157827019691,-0.0369394453406333,-0.0996552648368291
1775068582461408300,30.186408203125,0.0395779771506786,-0.0596294160544872,-0.0222161243907175
1775068582471448300,30.1964482421875,0.048150575184822,-0.0608949059456586,0.011411218993552
1775068582481487600,30.206487548828125,0.0257969968184828,-0.047505263018608,0.0248924857268109
1775068582491526400,30.2165263671875,0.0014436229370534,-0.0454921696305274,0.0005974727028049
1775068582501566500,30.22656640625,-0.0258361597850918,-0.0246411047816276,-0.0331143706271424
1775068582511605500,30.23660546875,-0.077415394244343,-0.0299058934420347,-0.1082698753817938
1775068582521645300,30.24664526367188,-0.1109973458506166,0.0018950199663639,-0.0689703498463146
1775068582531684400,30.256684326171875,-0.0152655198015272,0.0525415036201477,-0.0017204671170562
1775068582541724400,30.26672436523437,-0.0097685298204421,0.0486065022587776,-0.0496512986039742
1775068582551763200,30.27676318359375,-0.189443544447422,0.0345160175859928,-0.0317238295841962
1775068582561802500,30.286802490234376,-0.210376442360878,0.0577209520846605,-0.0238992003731429
1775068582571842600,30.296842529296875,-0.1587130367495119,0.0666471858620643,-0.0059913493692874
1775068582581881300,30.30688134765625,-0.0917278511047363,0.0685386986970901,-0.0157244790827855
1775068582591921400,30.31692138671875,-0.0391805022656917,0.0229418996483087,-0.066966627074778
1775068582601960400,30.32696044921875,-0.0008497486971318,0.0115939916819334,-0.0093608258023858
1775068582612000500,30.33700048828125,-0.0017709551952779,-0.012405892586708,0.12722360044308
1775068582622039300,30.347039306640625,0.0196364283621311,-0.0026601591199636,0.142655014863424
1775068582632078300,30.357078369140623,0.0624490035198628,0.0109182843774557,0.1385776824219152
1775068582642118400,30.36711840820313,0.0618377397537231,-0.0286637844264507,0.0805828087667003
1775068582652157200,30.3771572265625,-0.0045149932064116,-0.0866068548291921,0.020264387534745
1775068582662197200,30.387197265625,-0.0902957724750041,-0.0829448251903057,-0.0148864938886836
1775068582672236500,30.397236572265623,-0.1498890943028032,-0.0662111325323581,-0.0427745812349021
1775068582682276600,30.407276611328125,-0.1949311820782721,-0.0229167652070522,-0.0513299358732998
1775068582692315400,30.4173154296875,-0.1763083146728575,0.0324053090423345,0.0222865410121157
1775068582702354400,30.4273544921875,-0.0841243903636932,0.0645668724566698,0.0807477900700643
1775068582712394500,30.43739453125,0.0277474002338945,0.0717599988311529,0.0757195501118898
1775068582722433300,30.447433349609376,0.0213198514044284,0.0476139840900897,0.0512860236663371
1775068582732473300,30.457473388671875,-0.0564601383686065,0.0440045614212751,0.0179476715575903
1775068582742512400,30.46751245117187,-0.1178279225230217,0.0556055673658847,-0.0007777429068461
1775068582752552400,30.477552490234373,-0.1556030880354345,0.0565174215137958,0.0197881117925047
1775068582762591500,30.487591552734376,-0.1357188223920762,0.0203296713232994,0.0188641288153827
1775068582772630500,30.49763061523437,-0.0594597585760056,0.0162631525367498,-0.0179672165082767
1775068582782670600,30.507670654296877,-0.002194149043411,-0.0063683659881353,-0.0262907716847956
1775068582792709400,30.51770947265625,0.0017405600570142,-0.0004407295048236,-0.0061566229335963
1775068582802749400,30.52774951171875,-0.0318576120316982,0.0227671276032924,-0.0045349765485152
1775068582812788500,30.53778857421875,-0.0421345297656953,0.0376817881405353,-0.04606905620303
1775068582822827300,30.5478271484375,-0.0736624714516103,0.019800679013133,-0.031338373930566
1775068582832867300,30.557867431640624,-0.0917617533743381,0.0378799410611391,0.0232582355884835
1775068582842906400,30.56790625,-0.055750528794527,0.03487549854815,0.0183311179172247
1775068582852946400,30.577946533203125,-0.0545581041395664,0.0280278246104717,0.0247825956115499
1775068582862985500,30.5879853515625,-0.0200185595475137,0.0460381130754947,0.0244493816018104
1775068582873025500,30.598025634765627,-0.0248236217416822,0.0598427665442228,-0.0108039738154038
1775068582883064600,30.608064697265625,-0.0223766669809818,0.0384644629508256,-0.0560616405703127
1775068582893103400,30.618103271484376,-0.1089032961808145,0.0246381821721792,-0.0524742836028337
1775068582903143400,30.628143310546875,-0.1332077163539826,-0.0113999304145574,0.0126140919772908
1775068582913182500,30.638182373046877,-0.1233235973298549,-0.0136953478753566,0.042782508813031
1775068582923222300,30.64822216796875,-0.1398842715084552,0.0146001877605915,0.0675664195988327
1775068582933261300,30.65826123046875,-0.1130126311957836,0.0100900168597698,0.0611839154874905
1775068582943301400,30.66830126953125,-0.0361525327466428,0.0285123932570219,0.0617705928016453
1775068582953340400,30.67834033203125,-0.0118352530919015,0.0208218387544155,0.0019239903325214
1775068582963379500,30.68837939453125,-0.005383300473541,0.0126455465614795,-0.0398627489088103
1775068582973419500,30.69841943359375,-0.0501331273041665,0.0046299978882074,-0.0388056410713121
1775068582983458600,30.70845849609375,-0.0965231225572526,-0.0080459438115358,-0.0293699599344283
1775068582993498400,30.718498291015624,-0.0661832216121256,-0.0286702141672372,0.0386117624670267
1775068583003537400,30.728537353515627,-0.0095567867659032,-0.0240706114172935,0.1131787084776908
1775068583013577500,30.73857739257813,0.070802113584429,-0.0010842881053686,0.080032371809706
1775068583023616300,30.7486162109375,0.0778138920426368,0.0155769238382577,0.0019545681338757
1775068583033655300,30.7586552734375,-0.1881450290694832,0.0584434211403131,-0.086905545514822
1775068583043695400,30.7686953125,-0.255425544399023,0.0548977113574743,-0.0746838869212195
1775068583053734400,30.778734375,0.0023392566025257,0.0157785838901996,-0.0193864356564357
1775068583063774500,30.7887744140625,0.1452734172008931,-0.0010018705189228,0.0577115632018074
1775068583073813500,30.7988134765625,0.0107563718140125,0.0665028089553117,0.067164524267055
1775068583083853600,30.808853515625,-0.0350923561692237,0.110962128406763,-0.0304121259311214
1775068583093892400,30.818892333984376,-0.0989899510622024,0.1089513731062412,-0.0601460603397339
1775068583103931400,30.82893139648437,-0.2139924409009516,0.0979085855662822,-0.0608019669651985
1775068583113971500,30.83897143554688,-0.176326873242855,0.0653308425664901,-0.1017411859991028
1775068583124010200,30.84901025390625,-0.0315549758233129,0.0568178657650947,-0.0325757702384144
1775068583134050300,30.85905029296875,0.1312017833590507,0.0719552291423082,0.0284369534006342
1775068583144089300,30.86908935546875,0.142587100726366,0.0820809018373489,0.01039853481967
1775068583154129400,30.87912939453125,-0.0065653498649597,0.04466682472229,-0.061022222119756
1775068583164168400,30.88916845703125,-0.1123391158483922,0.0173000943690538,-0.0471184556581079
1775068583174207500,30.89920751953125,-0.0880300195001065,-0.0544558128088712,0.0434796607643365
1775068583184247600,30.90924755859375,0.027185090176016,-0.0880307501524686,0.1582377108553424
1775068583194286300,30.919286376953124,0.0541876633919775,-0.075784432041645,0.0882414702937006
1775068583204326400,30.929326416015623,-0.0059308513537049,-0.0690308661282062,-0.0108517219472676
1775068583214365400,30.939365478515622,-0.0650292292714118,-0.0629202742934227,-0.0457400434443727
1775068583224405200,30.9494052734375,-0.0725428197719156,-0.0318237097620964,-0.0509027234371751
1775068583234444300,30.9594443359375,-0.0417585360601544,0.0202449156492948,-0.0227210234392434
1775068583244483600,30.96948364257813,-0.0042775311887264,0.0469891301900148,0.0216824376391246
1775068583254523400,30.9795234375,0.0496633178353309,0.0830827723562717,0.0698837931631132
1775068583264562400,30.9895625,0.0281108267188072,0.1146159747391939,0.1077949330801144
1775068583274602500,30.9996025390625,-0.0170820677042007,0.0934545287668704,0.1484007189085707
1775068583284641500,31.0096416015625,-0.0505120436191558,0.0613747984170913,0.1204173544943332
1775068583294681300,31.019681396484376,-0.0527029777921736,0.0194862062364816,0.0596391702635213
1775068583304720400,31.02972045898437,-0.0388486399628221,0.0163788878709077,0.050346770054847
1775068583314759400,31.03975952148437,-0.0724338064394891,0.0166606274217367,0.0663049117630347
1775068583324799200,31.04979931640625,0.0061005088321864,0.0170440737813711,0.1101869062505662
1775068583334838500,31.059838623046875,0.1259632981836795,0.02154080067873,0.1278481620822101
1775068583344878300,31.06987841796875,-0.0236056242540478,0.0202139359891414,0.0861953514188528
1775068583354917600,31.079917724609373,-0.1068846498347818,0.0393874230146408,0.0987919442720711
1775068583364957700,31.08995776367188,-0.0735866297364234,0.0075040920197963,0.0714856754017993
1775068583374996500,31.09999658203125,-0.0202431620836257,-0.0184925190240144,0.0653545522356405
1775068583385035500,31.110035400390625,0.0251787187896668,-0.0015612579673528,0.0254973928174003
1775068583395075600,31.12007568359375,0.0556137506723403,-0.00876549025774,0.0111164372980594
1775068583405114400,31.1301142578125,0.1028454574465751,-0.0020522563546895,0.0869575679630041
1775068583415154400,31.140154541015622,0.1176936286188662,0.0205716633856296,0.1628881670096889
1775068583425193500,31.150193359375,0.0578128681518137,0.0544154807984828,0.1636365742241963
1775068583435233500,31.160233642578124,-0.0157084412634372,0.0723264005422592,0.1225839944763109
1775068583445272300,31.17027221679687,-0.0095592709839344,0.0627782354742288,0.0684122958384454
1775068583455311600,31.1803115234375,0.0166178111933171,0.0363157604843378,-0.0337045550726354
1775068583465351700,31.1903515625,0.0673309303425252,0.0311795666396617,-0.1189259468927979
1775068583475390500,31.20039038085937,0.0869964386686682,0.0130944593727588,-0.0552280027577653
1775068583485430500,31.210430419921877,0.0983002152323722,0.0300426715642213,0.0445007474403828
1775068583495469600,31.22046948242188,0.0729683517076075,0.046828386670351,0.0468887750880792
1775068583505509600,31.23050952148437,0.0565488395653665,0.0398053561657667,0.0753880166025832
1775068583515548400,31.24054833984375,0.0180721016548573,0.0282142870932817,0.0695258465709164
1775068583525587500,31.25058740234375,-0.0284359670199453,0.0098141225278377,0.0323736717950552
1775068583535627500,31.26062744140625,-0.032021132030338,0.0107481885075569,0.0092072426758706
1775068583545666600,31.27066650390625,-0.0171956110812723,0.0452367335647344,-0.0056057110525667
1775068583555706600,31.28070654296875,0.00758577895388,0.0623573797136545,-0.0363041796443983
1775068583565745700,31.29074560546875,0.0411725528657436,0.0538344660401344,-0.0717803840320557
1775068583575785700,31.30078564453125,0.0976734616361558,5.84521889686e-05,-0.0534076554628089
1775068583585824500,31.310824462890626,0.1001449663162231,-0.0106312841296195,-0.022306378223747
1775068583595863600,31.320863525390624,0.0707562286160886,0.0514905332624912,-0.0477178463233634
1775068583605903600,31.330903564453124,0.0244588800825178,0.0694680885016918,-0.0409198202136903
1775068583615942400,31.3409423828125,-0.0399789591670036,0.0624146628588438,-0.0228859316773712
1775068583625982500,31.350982421875,-0.0385552099741995,0.0488531704962253,-0.0408015641288831
1775068583636021500,31.361021484375,-0.0242928758658468,0.0474263525635004,-0.0291396583098918
1775068583646061300,31.371061279296875,-0.0087270579434931,0.03148117993474,0.0192306971054524
1775068583656100600,31.3811005859375,0.0181328919313848,0.0081774612367153,0.0034010771477594
1775068583666139600,31.3911396484375,0.0456007445715367,-0.0024935703814029,-0.039012159961462
1775068583676179700,31.4011796875,0.036970863392204,0.0239233119010925,-0.0432365727234631
1775068583686218500,31.41121850585937,0.0513338813960552,0.0157587101459503,-0.0102063367158174
1775068583696258600,31.42125854492188,0.0763176621355116,0.027068624189496,-0.0091294281993061
1775068583706297600,31.431297607421875,0.1456090788960456,0.0192044666856527,-0.0715096042666584
1775068583716337400,31.44133740234375,0.1164775308273732,0.0034194530546665,-0.1480189895819872
1775068583726376400,31.45137646484375,0.0477482779942452,0.0058761985570192,-0.1351188106723129
1775068583736415700,31.461415771484376,0.003429682187736,0.0018950199663639,-0.034505350061506
1775068583746455600,31.47145556640625,-0.0119688163436949,-0.0030003508597612,0.0072541358467191
1775068583756494600,31.48149462890625,-0.0023335575141012,0.0175543613910675,0.0366451385691761
1775068583766534700,31.49153466796875,0.0287093771338462,0.0274450562864542,0.039896614645794
1775068583776573400,31.501573486328127,0.0731051298297941,0.0403723423987627,0.025013810551539
1775068583786613500,31.511613525390626,0.1135188271522521,0.0092594112545251,-0.078846742221713
1775068583796652500,31.521652587890625,0.0417540060155093,-0.0610498042464256,-0.0757690883420407
1775068583806691600,31.531691650390623,0.0172984869338572,-0.0166185418456792,-0.0050666357398033
1775068583816731400,31.5417314453125,-0.0176128135800361,-0.0131470663428306,-0.0223556241929531
1775068583826770400,31.5517705078125,-0.0252187585391104,-0.0581914922058582,0.0277790374811738
1775068583836810500,31.561810546875,0.0373567939698696,-0.0860632494717836,0.0872813200246542
1775068583846849500,31.571849609375,0.1010604737259447,-0.0915723682820797,0.0748965432912111
1775068583856889600,31.5818896484375,0.065709612751007,-0.0869108062118291,-0.0369864262875169
1775068583866928600,31.5919287109375,-0.0930595380999147,-0.0360994873851537,-0.1175868072435259
1775068583876967400,31.601967529296875,-0.0111807347059249,-0.0030237317353487,-0.0793422706536948
1775068583887007500,31.61200756835937,0.0464656908378005,0.0083247607529163,-0.0516009348344057
1775068583897046500,31.622046630859376,-0.1236390930198133,0.0536988569617271,-0.0225260123237967
1775068583907086600,31.632086669921875,-0.1082357721827924,0.0613186843156814,0.0079923869933933
1775068583917125400,31.64212548828125,0.0769673582158982,0.0501864649266004,0.0361516559638082
1775068583927165400,31.65216552734375,0.0335791751272976,0.044403789871931,0.054456762656942
1775068583937204500,31.66220458984375,-0.1600669355764985,0.0549742837250232,0.0510169244013726
1775068583947243500,31.672243408203126,-0.3316343393325806,0.0882248114198446,-0.0607560819968581
1775068583957283600,31.68228369140625,-0.1822762831665575,0.104895375713706,-0.0962004664741456
1775068583967322600,31.692322509765624,0.0807201348781585,0.1109679736256599,-0.0069658204246312
1775068583977362700,31.70236279296875,0.1488403159022331,0.1060714337557554,-4.15741194039e-05
1775068583987401500,31.7124013671875,0.0557902762830257,0.0735001204967498,-0.0444413454033434
1775068583997441500,31.722441650390625,-0.0719733493208885,0.0219400291293859,-0.0360576210048049
1775068584007480600,31.73248046875,-0.0521017970286309,-0.0267021289646625,0.0365700275063514
1775068584017519400,31.74251928710937,-0.1322303957544267,-0.063244099420309,0.011248685375601
1775068584027559400,31.752559326171877,-0.1634521941006183,-0.061237435773015,-0.0682069094594568
1775068584037598700,31.7625986328125,-0.234414320552349,-0.0712426969587802,-0.1740120934944599
1775068584047638500,31.77263842773437,-0.2170727251291274,-0.036977439263463,-0.23266170473136
1775068584057677600,31.782677490234377,-0.1070142675638198,0.0270078339129686,-0.2164681102994829
1775068584067717600,31.79271752929688,0.034270372261852,0.1009200423419475,-0.1269842387292534
1775068584077756700,31.802756591796875,0.1386452312327921,0.14438859719038,-0.073293272813037
1775068584087795500,31.81279541015625,0.1500339096009731,0.0813262840777635,-0.0627850305411964
1775068584097835500,31.82283544921875,0.1094597610197961,0.0446329224526882,-0.0290931888196617
1775068584107874600,31.83287451171875,0.0964006652213633,0.0828945563077926,-0.0273282980389893
1775068584117914400,31.842914306640623,0.056414545661211,0.0416296489834785,-0.085772961288318
1775068584127953400,31.852953369140625,-0.0063981766045093,-0.0262976398169994,-0.1563703460808843
1775068584137993500,31.862993408203124,-0.0454639664493501,-0.0665261898308992,-0.1374894853264093
1775068584148032500,31.873032470703127,0.0067350073434412,-0.069523618081212,-0.1034694345638155
1775068584158071600,31.883071533203125,0.0512263293683528,0.0048661447316408,-0.1018978743981569
1775068584168111600,31.893111572265624,0.1529832609258592,0.035002339798212,-0.0749999306004494
1775068584178150400,31.903150390625,0.2189969711899757,0.0513052398234605,-0.0837538765508681
1775068584188190500,31.9131904296875,0.0501065315581858,0.0687017803043127,-0.0832608323369175
1775068584198229500,31.9232294921875,-0.0372585942924022,0.0814963799476623,-0.1288658877573907
1775068584208269600,31.93326953125,0.0025321488261222,0.0745247873693704,-0.1461474966216832
1775068584218308400,31.94330834960937,0.0305798471808433,0.0366010071665048,-0.1509974939361214
1775068584228347600,31.95334765625,0.0405130660437047,0.0156301153302192,-0.2162185194525867
1775068584238387700,31.9633876953125,0.0158098558112978,0.0191816703319549,-0.2349658169552683
1775068584248426500,31.973426513671875,0.0017674480639398,0.0484925204902887,-0.1512204159718006
1775068584258466600,31.98346655273437,0.0522911821208894,0.0842319423913955,-0.1056090038757771
1775068584268505600,31.993505615234376,0.1112998359285294,0.1053524718314409,-0.0736805916301906
1775068584278545700,32.00354565429687,0.1626113593623042,0.0950496890038251,-0.0627696137763559
1775068584288584400,32.01358447265625,0.15121464381814,0.0700455961287021,-0.1052289915822446
1775068584298623500,32.02362353515625,0.1092192302621901,0.0439309116631746,-0.1836132308587431
1775068584308663600,32.03366357421875,0.0374793974362313,-0.0080646485120058,-0.2393166325759142
1775068584318702300,32.043702392578126,-0.0325834420882165,-0.020485154145956,-0.2181820015452802
1775068584328743000,32.05374291992187,0.0056944122493267,-0.0111205289512872,-0.1656529190152883
1775068584338782000,32.06378198242187,0.0651952334880828,-0.0055512043863534,-0.1375724874347448
1775068584348821800,32.07382177734375,0.1091115321040153,0.0180973822265863,-0.1217075404353439
1775068584358861000,32.083861083984374,0.1126385371863842,0.0067588266104459,-0.0961051163408905
1775068584368899800,32.09389990234375,0.0929822350800037,0.0055260699450969,-0.0544767094664275
1775068584378940000,32.10393994140625,0.0524796904303133,0.0183130708038806,-0.0214265997145324
1775068584388979000,32.11397900390625,0.0493229799650609,0.0261351427316665,-0.0476207060918211
1775068584399019000,32.12401904296875,0.0327484233915805,0.0502758967757225,-0.0779959706112742
1775068584409057800,32.134057861328124,-0.0117031511448323,0.0294897138565778,-0.0843943664114922
1775068584419097900,32.144097900390626,-0.0281305543325841,0.0325806656092405,-0.0992429759752005
1775068584429137000,32.154136962890625,-0.0158966573119163,0.0420639487475156,-0.1209341449100524
1775068584439176000,32.164176025390624,0.0197508485220372,0.022930209210515,-0.1540919528201222
1775068584449216000,32.17421606445313,0.0062378714762628,0.0055891983091831,-0.1528160876654088
1775068584459255000,32.184255126953126,0.0005457973144948,0.0323591318130493,-0.1136938914582133
1775068584469294800,32.194294921875,0.0408462435208261,0.0517155741900205,-0.1558710913218557
1775068584479334000,32.204333984375,0.055861441823095,0.041401100924611,-0.1696067712076008
1775068584489374000,32.2143740234375,0.0401915790043771,0.0314835180222988,-0.1364081928957253
1775068584499413000,32.2244130859375,0.035211306373775,0.0456055668771266,-0.1452698370043188
1775068584509451800,32.23445166015625,0.0200268889844417,0.0195534262537956,-0.1877829177588224
1775068584519491800,32.24449194335938,0.0079097502112388,-0.0233230079203844,-0.2107048705976456
1775068584529531000,32.25453076171875,0.0112858025155961,-0.0126069681167602,-0.1557314636554569
1775068584539570700,32.26457080078125,0.0833354319430887,0.0448854359090328,-0.157740246194601
1775068584549610000,32.27460986328125,0.0955142377756536,0.0260679227143526,-0.1806721359055489
1775068584559650000,32.284650146484374,0.0598725771605968,0.0305973828375339,-0.1525274799823761
1775068584569688800,32.29468872070313,-0.0077589435636997,0.0669762716859579,-0.1165821602456271
1775068584579728000,32.30472778320313,-0.038035862275213,0.0952004956513643,-0.0951949426934123
1775068584589768000,32.31476782226562,-0.0292554667092859,0.0641302346050739,-0.1242570787876844
1775068584599806700,32.324806640625,-0.0007014262676239,0.0333422976315021,-0.1637159596033394
1775068584609846800,32.3348466796875,-0.0034745442427694,0.0309206234425306,-0.1434949362862855
1775068584619885800,32.3448857421875,-0.009377192415297,0.0480500374197959,-0.067020330023393
1775068584629926000,32.35492578125,-0.0223380885362625,0.0208989956438541,-0.0884421804975718
1775068584639965000,32.36496484375,-0.0224998549692332,0.0257230547994375,-0.1422886292364448
1775068584650004000,32.37500390625,-0.0155761931858956,-0.0681079060643911,-0.1255558133613318
1775068584660044000,32.3850439453125,0.0143172791659832,-0.0712777682721614,-0.087417805885896
1775068584670082800,32.39508276367187,-0.016226473788172,-0.0259352362453937,-0.087628160700947
1775068584680123000,32.405122802734375,-0.0931562764726579,0.0378442852258682,-0.0402843718543648
1775068584690162000,32.415161865234374,-0.1340026661239564,0.0505073674440383,-0.0431031556021422
1775068584700202000,32.42520190429688,-0.0784371385075151,0.0859632962286472,-0.0066029784616082
1775068584710240800,32.43524072265625,0.0228187116600573,0.0830517926961183,0.0642752690989524
1775068584720279800,32.44527978515625,0.0755950469493866,0.0761199476063251,0.0770723529603332
1775068584730320000,32.45531982421875,0.0941043709777295,0.0518032524734735,0.0324700448416173
1775068584740359000,32.46535888671875,-0.033127047445625,0.0236585234850645,-0.0481651882320642
1775068584750399000,32.47539892578125,-0.1591794852174818,0.0119809451729059,-0.136272583817318
1775068584760438000,32.48543798828125,-0.0248619079254567,-0.0170300452560186,-0.1309379447910934
1775068584770478000,32.49547802734375,0.0080978201292455,-0.0262847803354263,-0.1285591598957777
1775068584780516900,32.50551684570313,-0.0709448830559849,-0.0122609311580657,-0.0459236198503524
1775068584790556000,32.515555908203126,0.0190554136037826,0.0042512277036905,-0.0386433266490697
1775068584800596000,32.52559594726562,0.1647685373961925,0.0188537535518407,-0.0399290556106716
1775068584810634800,32.535634765625,0.1343872815273702,0.0623947891145944,-0.0111009474679827
1775068584820674800,32.5456748046875,-0.0841970172084868,0.0866530320584774,-0.1113781618617475
1775068584830714000,32.55571411132812,-0.2150806745290756,0.0650970338106155,-0.2063820389624684
1775068584840754000,32.56575390625,-0.0837469353534281,0.0511854128360748,-0.1402766318269074
1775068584850793000,32.57579296875,0.113644937749952,0.0445756393074989,-0.059473056448996
1775068584860832000,32.58583203125,0.1282686525166034,0.045243163305521,-0.0607763210672885
1775068584870872000,32.5958720703125,0.0109305593371391,-0.0587754295736551,0.0212620568025857
1775068584880910800,32.60591088867187,-0.0455192037679254,-0.1065285298734903,0.0423656351078301
1775068584890951000,32.615950927734374,-0.0474608393549919,-0.1012052890241146,0.0703008129987865
1775068584900990000,32.62598999023437,-0.0543533753477036,-0.063880059236288,0.0960031903363764
1775068584911029800,32.63602978515625,-0.0811282772876322,-0.0429559291511774,0.000294599032402
1775068584921068800,32.64606884765625,-0.10645911789909,0.0147083243101835,-0.076662310854718
1775068584931108000,32.656108154296874,-0.096666038159281,0.0317605813980102,-0.0813427968211472
1775068584941148000,32.66614794921875,-0.0062755731381475,0.04666238245368,-0.085893920786865
1775068584951187000,32.67618701171875,0.0437923799753189,0.0584334842681884,-0.1202720277395099
1775068584961227000,32.68622705078125,0.0863971576012671,0.0637128859758377,-0.0895704904077574
1775068584971265800,32.696265869140625,0.0724748691022396,0.041880408874154,-0.0073656699297949
1775068584981305900,32.70630590820313,0.020555150642246,0.0195206930279731,0.0569559225289151
1775068584991345000,32.716344970703126,-0.0211129306554794,-0.0029307927548885,0.0746786262242123
1775068585001384000,32.726384033203125,-0.048837826796621,-0.0166261406302452,0.0349802740968763
1775068585011423700,32.736423828125,-0.0257234931908547,-0.0268850843161344,-0.0350341597085818
1775068585021463000,32.74646313476563,0.0277836405910551,-0.0336357276201248,-0.0930184389045462
1775068585031502800,32.7565029296875,0.0070810443021357,-0.0519482139021158,-0.0575784383414313
1775068585041542000,32.7665419921875,-0.0393546897888183,-0.0182066878199577,0.0052638388123363
1775068585051582000,32.77658203125,0.0820762256622314,0.0271007728934288,0.0294112052602693
1775068585061621000,32.78662109375,0.0555878855787217,0.0807505300164222,0.0535159016102552
1775068585071659800,32.79665966796875,-0.0809469293713569,0.0791010092437267,0.062102820430696
1775068585081699800,32.80669995117187,-0.1715758793234825,0.0605552987277507,0.0395210227990522
1775068585091739000,32.81673876953125,-0.2107232099719345,0.0449473952293396,0.0226072973990812
1775068585101779000,32.82677905273437,-0.1464833775125444,-0.013657353952527,-0.0009089680710807
1775068585111817700,32.83681762695313,-0.1067687683701515,-0.0132312374949455,0.0299585369447246
1775068585121857800,32.84685791015625,-0.0457025975108146,0.0442664272278547,0.0689572894353419
1775068585131897000,32.85689697265625,-0.0822773011922836,0.0543213727742433,0.0950620735613629
1775068585141937000,32.86693701171875,-0.0429297717966139,0.0678355188637971,0.0828685450837016
1775068585151976000,32.87697583007812,0.020011399154365,0.091719083276391,0.0347472325259819
1775068585162015000,32.88701489257812,0.0243909294128417,0.0595084200233221,-0.0504245845314115
1775068585172055000,32.897054931640625,-0.0194962892390787,0.0035047932505607,-0.0558954902231693
1775068585182093800,32.90709375,-0.0358253466188907,-0.0133756144016981,-0.0327865634448826
1775068585192134000,32.9171337890625,-0.0253062906920909,-0.0628255817472934,-0.0401161391479894
1775068585202173000,32.9271728515625,0.0316495222389698,-0.0722194330364465,-0.0722716381477192
1775068585212212700,32.937212646484376,0.0666612143874168,-0.057568976393342,-0.0636861440993845
1775068585222251800,32.947251708984375,0.0450130078114569,-0.0513894109755754,-0.0294327960375696
1775068585232291000,32.957291015625,-0.0053306935034692,-0.0601660071492195,-0.0224659161670133
1775068585242331000,32.96733081054688,-0.0008814590096473,-0.0696060356676578,-0.0044396994804963
1775068585252370000,32.977369873046875,-0.0056594870664179,-0.0601402881860733,0.0472082893660292
1775068585262410000,32.98740991210938,-0.0380408307112753,-0.0454933386743068,0.0825829330753535
1775068585272449000,32.99744897460938,-0.0157832600653171,0.0026969839990139,0.1500176525859162
1775068585282487800,33.00748779296875,0.0321371596254408,0.0414344186723232,0.1482168319753371
1775068585292527900,33.01752783203125,0.0500816893778741,0.0786877522677183,0.1312415856464766
1775068585302567000,33.02756689453125,0.0254009832382202,0.092757778674364,0.0732023065939545
1775068585312606700,33.03760668945313,-0.0158675773479044,0.0538420648247003,0.0821356642318889
1775068585322646000,33.04764599609375,-0.0674668316818773,0.0637011955380439,0.0937962183440104
1775068585332685600,33.057685546875,-0.0986217022716999,0.0509469279050827,0.1086731041541323
1775068585342724600,33.067724609375,-0.0927298677541315,0.0010766893208026,0.1565859981255605
1775068585352764700,33.0777646484375,-0.0867852801360189,-0.0072936641395092,0.1183547959413379
1775068585362803500,33.08780346679688,-0.0753860803738236,0.0027273791372776,-0.0155396057688631
1775068585372842500,33.09784252929688,-0.1109248651362955,-0.0184843357175588,-0.0226768555039539
1775068585382882600,33.10788256835937,-0.1682417664647102,-0.0512877041667699,-0.0120839671559631
1775068585392921300,33.11792138671875,-0.1648572385929524,-0.0380126275300979,-0.0290496602051891
1775068585402961400,33.12796142578125,-0.0816435333333909,0.0069032035171985,0.0087312957271933
1775068585413000700,33.13800073242187,-0.0144563953757286,0.0308534034252166,0.0393963187071494
1775068585423040500,33.14804052734375,0.0381295319080352,-0.0021259061127901,0.0297700925673823
1775068585433079600,33.15807958984375,0.1312554132424294,0.0173410109013319,-0.0140333567912224
1775068585443118600,33.16811865234375,0.1244973172843456,0.0337064547687768,-0.0797399647343903
1775068585453158700,33.17815869140625,0.0555937307976186,0.0137187287509441,-0.0726345714422874
1775068585463197400,33.18819750976562,-0.0345696474693715,0.0169511348009109,-0.0613060714292805
1775068585473237500,33.198237548828125,-0.0674864131651818,0.0001262567281723,-0.1350602123528718
1775068585483276500,33.208276611328124,-0.0460929120026528,0.0129658645570278,-0.1683365503423847
1775068585493316400,33.21831640625,-0.0037608138382434,0.0448965418249368,-0.1382036340782884
1775068585503355400,33.22835546875,-0.0021961948700249,0.0863847365111112,-0.0950034021766856
1775068585513394700,33.238394775390624,0.0424117392718792,0.1047176810592412,-0.068889201768348
1775068585523434800,33.24843481445313,0.0763899967193603,0.0930985549360513,-0.0508490022222511
1775068585533473500,33.2584736328125,0.0581949993371963,0.075599723124504,-0.0251084391655866
1775068585543513600,33.268513671875,-0.0055155485510826,0.0475169534564018,-0.0188151477076578
1775068585553552600,33.278552734375,-0.0593735415972769,-0.0021703297764062,-0.0880634925114456
1775068585563592400,33.28859252929688,-0.0629062457680702,-0.0123427642226219,-0.1340583053013309
1775068585573631500,33.29863159179688,-0.017853636598587,-0.0015191723912954,-0.1284261172337923
1775068585583670500,33.30867041015625,0.0258943197131156,-0.0005143792629241,-0.0820146590675693
1775068585593710300,33.31871044921875,0.0412592082358896,0.0087789342612028,-0.0303249043053947
1775068585603749600,33.32874951171875,0.0705915395736694,0.004541150560975,-0.0242298936322331
1775068585613789400,33.33878955078125,-0.0006325988151133,-0.0206277774870395,-0.1018819187771994
1775068585623828500,33.34882836914063,-0.2700432678163051,-0.0437099623888731,-0.2060736488667316
1775068585633868500,33.35886865234375,-0.3146514942191541,-0.0709925215899944,-0.1444651512916199
1775068585643907600,33.36890747070313,-0.0718985305190086,-0.0493061749607324,-0.0317690067330608
1775068585653946600,33.37894653320313,0.1038635484479367,-0.0353852016359567,0.0391370695493416
1775068585663986400,33.388986328125,0.036656536746025,-0.0036935938209295,0.0573131476019043
1775068585674025500,33.399025390625,0.0591769961118698,0.0368728098452091,-0.0695828511548927
1775068585684065500,33.4090654296875,-0.0455528137765824,0.0033726913034915,-0.141605962468218
1775068585694104300,33.41910424804688,-0.2852875986993313,0.0628811113268136,-0.0063249698044033
1775068585704144400,33.429144287109374,-0.303073576889187,0.1251239247500896,-0.0122178318018559
1775068585714183700,33.43918359375,-0.0919102219343185,0.1056903254836797,-0.1534179260160774
1775068585724222500,33.44922241210938,0.1615419765651226,0.0551321046352386,-0.0039843957443372
1775068585734262500,33.459262451171874,0.1921079413510859,0.021971593311429,0.0484371964067453
1775068585744301600,33.46930151367187,0.0130861299358308,0.0439426021009683,-0.0428268639779882
1775068585754341600,33.479341552734375,-0.1055048859141767,0.0598971270799636,-0.1015369047318119
1775068585764380400,33.48938037109375,-0.109734924699366,0.0008884732723236,-0.0213689124272554
1775068585774420500,33.49942041015625,-0.0216239489175379,-0.0167126498699188,0.109197730816435
1775068585784459500,33.50945947265625,-0.0242411456786096,-0.0284890123814344,0.0429111629942664
1775068585794498600,33.51949853515625,-0.0974887527190148,-0.0179290399223566,-0.028713016695925
1775068585804538400,33.529538330078125,-0.138370359814167,0.0169622407168149,-0.092143108241586
1775068585814577700,33.53957763671875,-0.1282325582899153,0.0223860193312168,-0.1121927479139529
1775068585824617700,33.54961767578125,-0.0582056668616831,0.0847024825125932,-0.1101776360987219
1775068585834656500,33.559656494140626,0.0045604397833347,0.1655973894357681,-0.066224266008567
1775068585844696600,33.56969653320313,0.0364179056845605,0.1777367400407791,0.0313747969508171
1775068585854735600,33.57973559570313,0.0193568807683885,0.1540033977538347,0.0907277889504097
1775068585864774400,33.5897744140625,-0.0521194788157939,0.0890858121633529,0.0640791939710034
1775068585874814500,33.599814453125,-0.1255881812609732,0.0306172565817832,0.0347800433836178
1775068585884853500,33.609853515625,-0.1265044193230569,-0.0486041641712188,-0.0265431230276473
1775068585894893600,33.6198935546875,-0.0701508100688457,-0.0943611222177743,-0.0510620513178873
1775068585904932600,33.6299326171875,-0.0645782706335186,-0.0867138223350048,-0.0848037874625995
1775068585914972400,33.63997241210937,-0.0439022700905799,-0.0487415268152952,-0.0242925973046338
1775068585925011700,33.65001171875,0.0990787983894348,-0.0133510644823312,0.0404300182695966
1775068585935051500,33.660051513671874,-0.0566635519862174,0.0263286194771528,0.0081009984670206
1775068585945090600,33.67009057617187,-0.2049954799748957,0.091916651675105,0.0037670152501668
1775068585955129600,33.68012963867187,-0.1377276779964566,0.0815256060421466,-0.0225838845574529
1775068585965169400,33.69016943359375,0.0155890526674687,0.0621551351398229,0.0020039008680498
1775068585975208400,33.70020849609375,0.0387488328501582,0.0766840112298727,0.0320023953638272
1775068585985248500,33.71024853515625,-0.0143640409171581,0.0520376457512378,0.0083502422540448
1775068585995287300,33.72028735351562,-0.0710813689172267,-0.0135614923626184,0.000174178389972
1775068586005327400,33.730327392578126,-0.0242611655533313,-0.0475081856280565,0.0860494492752943
1775068586015366700,33.74036669921875,0.0047067163862287,-0.0339478623092174,0.1099948086114134
1775068586025405700,33.75040576171875,0.0010555004023015,-0.0006090718090534,0.0627091888260096
1775068586035445500,33.760445556640626,0.0233398129247128,0.0184668000608682,0.0079633435619994
1775068586045484500,33.770484619140625,0.006166559805721,-0.0038315409868955,-0.0796975594979245
1775068586055524600,33.78052465820313,0.0238169289171695,0.0004658639460802,-0.1189954227992799
1775068586065563400,33.7905634765625,-0.0013981763601303,-0.0006681085199117,-0.1358975673593115
1775068586075603500,33.800603515625,-0.0165793788790702,-0.0121568862617015,-0.1264381491538137
1775068586085642500,33.810642578125,-0.0265653508424758,-0.016346739166975,-0.0761175090540666
1775068586095681500,33.820681640625,-0.0109245679877698,-0.006115268009901,-0.0523904229779727
1775068586105721600,33.8307216796875,-0.0084637308321893,0.0068856678605079,-0.0242174816752318
1775068586115760600,33.8407607421875,-0.0070234688960015,0.020837620845437,0.0068893759212456
1775068586125800700,33.85080078125,-0.009364040672779,0.0014648118555545,-0.0073309730757493
1775068586135839500,33.86083959960938,-0.014531068047136,-0.0018488427370786,-0.0361404861158225
1775068586145879600,33.87087963867187,-0.0180266550779342,0.0223509480178356,-0.028334488540003
1775068586155918600,33.88091870117187,-0.0679611910700798,-0.0058861354291439,-0.0288101614940445
1775068586165957400,33.890957275390626,-0.0934627120733261,-0.0299573313683271,-0.0760090985098388
1775068586175997400,33.90099755859375,-0.0861740163698792,-0.0295393982172012,-0.0618840265808627
1775068586186036500,33.91103637695313,-0.1098643962979316,-0.0153127199441194,0.003792213623505
1775068586196076500,33.92107666015625,-0.0488334428824484,0.0083475571066141,0.0241547369036357
1775068586206115600,33.93111547851562,0.0365244347989559,0.0256470669537782,0.0320625691524241
1775068586216155600,33.94115576171875,0.0819578599795699,0.0103431148380041,0.0206361982555128
1775068586226194700,33.95119458007812,0.0419135804913938,0.0053220718055963,-0.0009862710909917
1775068586236233500,33.9612333984375,0.0031003041028976,-0.0576964021652936,-0.0148425634154118
1775068586246273500,33.9712734375,-0.0133808750987052,-0.0954898339867591,-0.0286591995828785
1775068586256312600,33.9813125,-0.0488017325699329,-0.0837134714752435,-0.005664017111063
1775068586266352400,33.991352294921874,-0.0926642551720142,-0.0452373180866241,0.0250784184866584
1775068586276391400,34.00139135742187,-0.1120071074150502,0.0402723891556262,-0.0003861497733741
1775068586286431500,34.011431396484376,-0.0875474966801703,0.1203372749954461,0.0082260678851045
1775068586296470500,34.021470458984375,0.0826560713768005,0.1652829166591167,0.0270642402753233
1775068586306509600,34.031509521484374,0.2750349386237561,0.107528646826744,0.0386634561216458
1775068586316549600,34.04154956054688,0.3290577668428421,0.0357961205244064,0.0793133002875372
1775068586326588700,34.051588623046875,0.1995749162308871,-0.0311257906258106,0.1365513824923895
1775068586336629800,34.061629638671874,-0.0370306307554244,-0.1253501347213983,0.0756140987097285
1775068586346668800,34.07166870117187,-0.2198082875728607,-0.1778811169475317,0.0291756612050347
1775068586356708900,34.081708984375,-0.3022667905509472,-0.137616911098361,0.0492636509932577
1775068586366748000,34.091747802734375,-0.2393218202076852,-0.077556117889285,0.0957144365228712
1775068586376786700,34.10178662109375,-0.1447441326297819,0.0299818812876939,0.1308650439516641
1775068586386826800,34.11182666015625,-0.1210778642296791,0.0987386066496372,0.1273443407459184
1775068586396865800,34.12186572265625,-0.0398341438688337,0.1563145973056554,0.0994872056603897
1775068586406905900,34.13190576171875,-0.0165174195587635,0.1932043582856655,0.1040012672850396
1775068586416944600,34.141944580078125,-0.0358884749829769,0.1481593479007482,0.0901379789642524
1775068586426984700,34.15198461914063,-0.0857458540856838,0.063244099420309,0.1131178999348543
1775068586437024000,34.16202392578125,-0.1005482864201068,-0.019496727630496,0.1214078268364071
1775068586447062800,34.172062744140625,-0.0498877742409706,-0.0501700983136892,0.1347784728020429
1775068586457102800,34.18210278320313,-0.1333563310444355,-0.067949500632286,0.0355699744851794
1775068586467142000,34.19214184570313,-0.2439677463173866,-0.0947100817859172,-0.0455908442320302
1775068586477181700,34.202181640625,0.0029471593677997,-0.0528711739659309,-0.0021918200890067
1775068586487220700,34.212220703125,0.0989865900613367,-0.0413894104868173,0.0001844988545868
1775068586497260800,34.2222607421875,0.0648679012298583,-0.0017126491367816,-0.0419522046018857
1775068586507299600,34.23229956054688,0.1165454814970493,0.0215098210185766,-0.0365630041105207
1775068586517339600,34.24233959960937,0.2140847953595221,0.0134451725065708,0.037658964387374
1775068586527378700,34.25237866210937,0.123207861995697,0.0561789833396673,0.0477264040891546
1775068586537418000,34.26241796875,-0.0817583918847143,0.0221375975281,-0.0337019247241318
1775068586547457800,34.27245776367187,-0.1611070922791957,-0.0473515337616205,-0.0277308783573564
1775068586557496800,34.28249682617187,-0.0349883112728595,-0.0423252300322055,0.0223903484464623
1775068586567537000,34.292536865234375,0.1389725634910166,-0.0473661468088626,0.039077160622226
1775068586577575700,34.30257568359375,0.114777887302637,-0.0537204842716455,0.0705007468845229
1775068586587615700,34.31261572265625,-0.0346447585321962,-0.0451841265946626,0.1199219630596693
1775068586597654800,34.32265478515625,-0.0784312932886183,0.0023860183537006,0.2010312707853503
1775068586607693600,34.33269360351562,-0.0560812220536172,0.0207855983972549,0.2372765781156718
1775068586617733600,34.342733642578125,0.0330069281972944,0.0510930583775043,0.2490116039698012
1775068586627773000,34.35277294921875,0.0343628728508949,0.0538648611783981,0.179552411160618
1775068586637812700,34.362812744140626,-0.0217969673968851,0.0585457124710082,0.0630610618704464
1775068586647851800,34.372851806640625,-0.0869536224402487,0.0371305839985609,-0.0363967441655229
1775068586657891800,34.38289184570313,-0.0887469355978071,0.022404139509797,-0.0679228500873781
1775068586667931000,34.39293090820313,-0.008696516674757,-0.0095668697685003,-0.0955172791161108
1775068586677969700,34.4029697265625,0.0272819746792316,-0.0320785613059997,-0.1023552810431458
1775068586688009700,34.413009765625,0.0053777475155889,-0.0675818363636732,-0.0473568401244003
1775068586698048800,34.423048828125,-0.0017465514063835,-0.0440092375963926,0.0208158656713552
1775068586708088800,34.4330888671875,0.0009761515557765,-0.0117389531105756,-0.0008692571152001
1775068586718127600,34.44312768554688,-0.004304419195652,-0.0306330386728048,-0.0339482093690894
1775068586728167700,34.45316772460937,-0.0339968160174787,0.0051356093227863,-0.0541155799698783
1775068586738207000,34.46320703125,-0.0741045161306858,0.0155699095755815,-0.0969312284341081
1775068586748245800,34.47324584960938,-0.1481577404655516,-0.0216103587836027,-0.1094728670965414
1775068586758285800,34.48328588867187,-0.1491816766858101,-0.0250999544650316,-0.0426248522995971
1775068586768324900,34.49332495117188,0.0730792647361755,-0.0150666362285614,0.0240442576999077
1775068586778365000,34.503364990234374,0.0529905625618994,-0.0133265145629644,-0.0263301264476496
1775068586788403700,34.51340380859375,-0.1304569563411176,0.0429103364437818,-0.0333205241911113
1775068586798443800,34.52344384765625,-0.1995395526565611,0.1118400802850723,-0.0424984129083342
1775068586808482800,34.53348291015625,-0.1545908422529697,0.1122796407461166,-0.0739565316278953
1775068586818521900,34.54352197265625,-0.0609295388676226,0.0966185457557439,-0.1275375434967689
1775068586828561700,34.553561767578124,0.0289176130570471,0.0619932225763797,-0.1490276734341867
1775068586838601000,34.56360107421875,0.0070493339896202,0.0487052864581346,-0.0603942538139875
1775068586848640800,34.573640869140625,-0.0396469507336616,0.0318529358565807,0.0145906550305546
1775068586858679800,34.5836796875,-0.0482927601344883,0.0562105475217103,0.0432056067630415
1775068586868719900,34.59371997070313,-0.0697170948266983,0.03327157048285,-0.0033948540445941
1775068586878758700,34.603758544921874,-0.0938667628295719,-0.0054161798298358,-0.0445842336059082
1775068586888797700,34.61379760742187,-0.0426980088673532,-0.0395107571333646,-0.0988775401962921
1775068586898837800,34.623837646484375,-0.0164950615964829,-0.0375683908939361,-0.1978564949404448
1775068586908876800,34.633876708984374,-0.0194001353882253,-0.0294528889775276,-0.2101735584662295
1775068586918916600,34.64391650390625,-0.0014751871190965,-0.0196101248770952,-0.1780426641847938
1775068586928956000,34.65395581054688,0.0156992350436747,-0.0123293202191591,-0.1157622038985602
1775068586938995700,34.66399560546875,0.0067220017313957,0.0206762928038835,-0.0771384404664859
1775068586949034800,34.67403466796875,-0.0306862301647663,0.0689262367099523,-0.0556430726649472
1775068586959074800,34.68407470703125,-0.0190402160346508,0.0706827249884605,-0.0077970756254915
1775068586969113900,34.69411376953125,-0.0018691548727452,0.034953824481368,-0.0125825049623614
1775068586979152600,34.704152587890626,-0.039256490111351,0.0020779753178358,-0.0445809000045061
1775068586989192700,34.71419262695313,-0.0940180078685283,0.0095446579366922,-0.108560556290904
1775068586999231700,34.72423168945313,-0.1392294608615338,-0.0064700727969408,-0.1825542781240306
1775068587009271800,34.73427172851562,-0.1528193025358021,-0.0293996974855661,-0.2027662413517944
1775068587019310600,34.744310546875,-0.121437929713726,-0.0072340429067611,-0.1520757906921208
1775068587029350700,34.7543505859375,-0.0431819929920136,0.0066477674514055,-0.0977217486241366
1775068587039390000,34.76438989257812,0.01633738681674,0.0178495449453592,-0.0967597169252578
1775068587049428700,34.7744287109375,0.0424316130161285,0.0185877960920333,-0.1320102227982599
1775068587059468800,34.78446875,0.0335842896938324,0.0079588500499725,-0.1141466401943936
1775068587069507800,34.7945078125,0.0058183308899402,0.0212830265253782,-0.1136061492426786
1775068587079548000,34.8045478515625,-0.0051237727545201,0.0017646715849637,-0.1760810087230056
1775068587089586700,34.81458666992187,-0.0502056080184876,-0.0213087454885244,-0.1859467883728444
1775068587099626800,34.824626708984376,-0.0610711392953991,-0.0673936203151941,-0.1563236208623275
1775068587109665800,34.834665771484374,-0.0718576139867305,-0.0673638096988201,-0.1483168582837097
1775068587119704800,34.84470483398437,-0.0456255867518484,-0.0396679935216903,-0.1563774699414148
1775068587129745000,34.85474487304688,0.006474310580641,-0.0075549454241991,-0.1833216640336439
1775068587139784000,34.864783935546875,0.0695944913603365,-0.0024035540103912,-0.1474933948053046
1775068587149823700,34.87482373046875,0.0559973431624472,0.013636895686388,-0.1132901786286849
1775068587159862800,34.88486279296875,0.0241546364389359,0.0374134925931692,-0.0728152617714367
1775068587169902800,34.89490283203125,-0.0017395371437072,0.0185655842602252,-0.0489225094053894
1775068587179942000,34.90494189453125,-0.0272011645279824,0.0240741185486316,-0.0410322402127552
1775068587189980700,34.914980712890625,-0.1030791200719773,0.0115279407083988,-0.0628191154738888
1775068587200020700,34.92502075195313,-0.1329666010744869,0.0080126260638237,-0.0839454536002129
1775068587210059800,34.935059814453126,-0.0955658218324184,0.0123415951788425,-0.0345040531535632
1775068587220099600,34.945099609375,-0.0408672863088548,-0.0029945056408643,-0.0293913315160199
1775068587230139000,34.95513891601563,0.0255741478480398,-0.0115828857660293,-0.0028999774915166
1775068587240179000,34.96517895507812,0.0527742894627153,0.0073801733791828,0.0295604318720754
1775068587250217700,34.9752177734375,0.0508475591838359,0.049597851383686,-0.0008283405829221
1775068587260256800,34.9852568359375,0.0390484003186225,0.054763855844736,-0.032676855992712
1775068587270296800,34.995296875,0.0583786853410303,0.070461775714159,-0.0047901020870544
1775068587280335600,35.00533569335938,0.0685014354266226,0.0943669674366712,0.0350040933638811
1775068587290375700,35.01537573242187,0.0597651712633669,0.0579331335306167,0.0285795402090996
1775068587300414700,35.02541479492187,-0.0300385799109935,0.0320581030398607,-0.0527629095521755
1775068587310454800,35.035454833984375,-0.1974946028254926,0.0136328040331602,-0.0982573442050255
1775068587320493800,35.04549389648437,-0.0765419724106788,-0.0108259299188852,-0.0602468538330867
1775068587330530800,35.05553076171875,0.0211339734435081,-0.021208792245388,-0.0024443609448149
1775068587340571000,35.06557080078125,-0.1501202727101743,-0.0139829326450824,-0.0016594211122021
1775068587350610000,35.07560986328125,-0.0506815549671649,0.0755436090230941,0.071909764299076
1775068587360649700,35.085649658203124,0.2542985861957073,0.1180541324943304,0.1161756618039682
1775068587370689000,35.09568896484375,0.2321114504374563,0.1309124450236558,0.1305881997716613
1775068587380729000,35.10572900390625,0.0090695877708494,0.1159662203043699,-0.0097586842798627
1775068587390767900,35.115767822265624,-0.1012333460748195,0.0962847837567329,-0.1504634783909656
1775068587400807000,35.12580688476562,0.0138122522532939,0.0641582916557788,-0.1679724845366552
1775068587410847000,35.135846923828126,0.2112206381000578,0.0103390231847763,-0.0452634571748785
1775068587420885800,35.1458857421875,0.1837352498032152,0.0053857846915721,0.0427387336033862
1775068587430925800,35.15592578125,0.0266647195637226,0.0285977334529161,0.035252898759488
1775068587440964900,35.16596484375,-0.0209282217383384,0.0386257909923791,0.0330293683579657
1775068587451005000,35.1760048828125,0.0805003546476364,0.0343576121538877,0.1396006322614848
1775068587461043700,35.18604370117188,0.1479120951414108,0.0179734635859727,0.159971475845389
1775068587471083800,35.19608374023438,0.1284650518715381,0.0290448926985263,0.0579964080251753
1775068587481123000,35.206123046875,0.0387593542441725,0.0245569336295127,-0.0583239503459539
1775068587491161900,35.216161865234376,-0.0558626108668744,-0.0093751465886831,-0.121086175400298
1775068587501202000,35.22620190429687,0.0140847855843603,0.0070037412822246,-0.0911223777585662
1775068587511241000,35.23624096679688,0.1444495335973799,0.0294376914083957,0.0376550645303912
1775068587521281000,35.24628100585937,0.2010486420452594,0.0432364996582269,0.1016417259463109
1775068587531319800,35.25631982421875,0.1511117679655551,0.0286281285911798,0.0833732066702097
1775068587541359900,35.26635986328125,0.0942190833985805,0.0118786538422107,0.0976170461406465
1775068587551399000,35.27639892578125,0.0346317529201507,0.00393500136137,0.0904823902214411
1775068587561438000,35.28643798828125,0.0348291751883923,-0.0342144042909145,0.0283064954213798
1775068587571478000,35.29647802734375,0.0508009435631334,-0.0169482121914625,-0.0055931620982475
1775068587581517000,35.30651708984375,0.0836018277943134,-0.0347013110250234,-0.0507833987732883
1775068587591556900,35.316556884765625,0.05382394464612,-0.0194739312767982,-0.0783079774362035
1775068587601596000,35.32659594726562,0.1254606093585491,0.0221656545788049,0.0009532456042245
1775068587611636000,35.336635986328126,0.3005342676699161,0.0698076957195997,0.0569538310365285
1775068587621675000,35.346675048828125,0.1860579936623573,0.0929074162781238,0.0710730760129168
1775068587631713800,35.3567138671875,-0.0090846392095088,0.0788999337136745,0.0905540763513185
1775068587641753900,35.36675390625,-0.0773399909205734,0.0549918193817138,0.0270225930906832
1775068587651793000,35.37679296875,-0.028334990863502,0.0034288054049015,-0.017632367663877
1775068587661832700,35.38683276367188,0.0513664684914052,-0.0168032507628202,-0.0102259455985855
1775068587671872000,35.3968720703125,0.0989127941727638,-0.0200140295028686,0.0693229261436499
1775068587681912000,35.406912109375,0.1240259003803133,0.0663765522271394,-0.0011001341284718
1775068587691950800,35.416950927734376,0.0600454495094716,-0.0312993936270475,-0.0161879410092253
1775068587701990000,35.426989990234375,0.0024396482370793,-0.0023094459861516,0.0693871413531247
1775068587712030000,35.43703002929688,0.0129112117603421,0.0429594362825155,0.0698002521986607
1775068587722068700,35.44706884765625,0.0916121157705783,0.0119698392570018,0.0144391702462919
1775068587732108800,35.45710888671875,0.1232102000832557,0.0011275427252054,-0.0204920314113143
1775068587742147800,35.46714794921875,0.1374745800182223,-0.0158481419950723,-0.0676347721273079
1775068587752188000,35.47718798828125,0.1024079428121447,-0.004500234028697,-0.108639037487749
1775068587762227000,35.48722705078125,0.0750245535850524,0.002252747362852,-0.118812832773989
1775068587772266800,35.49726684570312,0.0186769356802105,0.0260492180138826,-0.0850449210084043
1775068587782306000,35.50730615234375,-0.0133247609972953,0.0524725300371646,-0.0538473620543256
1775068587792344800,35.5173447265625,-0.0116835696615278,0.0916395882993936,-0.0339582558390684
1775068587802385000,35.527385009765624,0.0043383214652538,0.1074941600352525,-0.009931547495583
1775068587812424000,35.537423828125,0.0038905776977539,0.1028454574465751,0.0010208492140285
1775068587822464000,35.547464111328125,-0.0134331898078322,0.1028115551769733,0.0215355856474954
1775068587832502800,35.55750268554687,0.0012497078001499,0.0934971988648176,-0.0108027819387381
1775068587842542800,35.56754296875,0.0092471362948417,0.0780547150611877,-0.002514462472382
1775068587852582000,35.577581787109374,0.0131859370484948,0.0403097985565662,0.0239760650016367
1775068587862621000,35.58762084960937,-0.0140766022779047,0.0108370358347892,0.046249463404389
1775068587872661000,35.597660888671875,0.0081678166255354,-0.0069072951704263,0.0184199561113025
1775068587882700000,35.607699951171874,0.0569242487490177,0.0229956756621599,0.0138782712607877
1775068587892740000,35.61773999023438,0.0588647152923047,0.0007072714865207,0.0018285260348347
1775068587902779000,35.62777880859375,0.0592085602939128,0.011408113721013,-0.0377799832514254
1775068587912819000,35.63781884765625,0.0631637276604771,0.0167816234529018,-0.0492321781427599
1775068587922858000,35.64785791015625,0.0561307602837681,0.0130745856285095,-0.0473422544766217
1775068587932896800,35.657896728515624,0.0003108195148408,0.015320903250575,-0.0162049880421487
1775068587942936800,35.66793676757813,-0.0300949862733483,0.0113403091818094,-0.0016766553747933
1775068587952976000,35.677975830078125,-0.0286266672864556,0.0119429512500762,-0.0033330990786198
1775068587963015700,35.688015625,-0.0029416064098477,-0.0017956512451171,-0.0262867759296903
1775068587973055000,35.69805493164063,0.0180687406539916,0.0270130946099758,0.0184308839306933
1775068587983095000,35.70809497070312,0.0376547540031373,0.0658878919273614,0.0222311027641408
1775068587993134000,35.71813403320313,0.0788680772706866,0.1273059449642896,0.0589902322349604
1775068588003174000,35.728173828125,0.1307129769288003,0.1176665944814682,0.0891804042447824
1775068588013213000,35.738212890625,0.1547768663443625,0.0904641147792339,0.029273340292694
1775068588023252000,35.748251953125,0.1196248889423906,0.0480623123794794,-0.0080678725155536
1775068588033291800,35.75829174804687,0.0651952334880828,0.0190747028261423,-0.0184445242969784
1775068588043330800,35.76833081054688,-0.0207271462082862,-0.0204214412599802,-0.0733335134918801
1775068588053371000,35.778370849609374,-0.0357084422409534,-0.0151385324209928,-0.0684970789119135
1775068588063410000,35.78840991210937,0.0076313716612756,0.0143757313549518,-0.027988250651909
1775068588073449700,35.79844970703125,0.0408672863088548,0.0428553913861513,-0.0146364475257054
1775068588083489000,35.808489013671874,0.0313128376305103,0.0501788661420345,0.008581171782955
1775068588093529000,35.81852905273438,0.0342938992679119,0.070784431797266,0.0011334199101431
1775068588103568000,35.82856787109375,0.0728922177314758,0.053139469513297,-0.0144123199136287
1775068588113607000,35.83860693359375,0.1390530813813209,0.0362380190730094,-0.026314568118914
1775068588123647000,35.84864697265625,0.1757142943024635,0.0379910002201795,0.0191667467574588
1775068588133685800,35.858685791015624,0.2203762967191636,0.0313929171293973,0.0415727311644703
1775068588143725800,35.86872583007813,0.0427158367849886,0.0113707043200731,-0.0410592926164623
1775068588153764900,35.878764892578126,-0.2081901843629777,0.0210468796819448,-0.0846513277140911
1775068588163805000,35.88880493164063,-0.2169802245400846,0.0028267478585243,-0.0517371010352391
1775068588173844000,35.89884399414063,-0.0633645109295845,0.0052379006534814,0.0139798696133831
1775068588183883000,35.908883056640626,0.1075635720096528,0.0354898310542106,0.1299845165237784
1775068588193923000,35.91892309570313,0.1656556954942643,0.0502513468563556,0.1167039051954634
1775068588203961900,35.9289619140625,0.2191639983199536,0.0553413634717464,0.0735925114879384
1775068588214002000,35.939001953125,0.0917595614172518,0.1255494566857814,0.0891184540576301
1775068588224041000,35.949041015625,-0.1301001057274639,0.1587450393229723,0.0724006896211765
1775068588234080800,35.95908081054687,-0.1695358979284763,0.1076712701678276,0.0099859377140761
1775068588244119800,35.96911987304688,0.0322327289544045,0.0337707521766424,0.041020540641807
1775068588254160000,35.979159912109374,0.2379107843659818,-0.0298649769097566,0.117782832139125
1775068588264199000,35.98919897460937,0.2510416302263736,-0.0547252774000167,0.1097136353161651
1775068588274238000,35.99923803710937,0.0463644224204123,-0.0467132358580827,0.0594427709085866
1775068588284278000,36.009278076171874,-0.0501250901281833,-0.0757072751522064,0.0470658578211907
1775068588294317000,36.01931713867187,0.0076163202226161,-0.0660918900668621,0.1736299623090773
1775068588304356900,36.02935693359375,0.1149392153441905,0.0035626609176397,0.1544014571607112
1775068588314396000,36.03939599609375,0.1767300472162664,0.0060468789488077,0.0699209970680763
1775068588324436000,36.04943603515625,0.0842564923107624,0.0300660524398088,0.0697456496343249
1775068588334475800,36.05947583007813,0.0215082135833799,0.0213595988929271,0.023359458340099
1775068588344515800,36.06951586914062,0.0178792094312608,0.0469786087960004,-0.0430508317598607
1775068588354554600,36.0795546875,0.0910239406190812,0.0384013345867395,-0.0139412169617833
1775068588364593700,36.08959375,0.1059152202807366,0.0428331795543432,0.042030101276841
1775068588374633700,36.0996337890625,0.1099742864131927,0.0392272640168666,0.086041722626565
1775068588384672800,36.1096728515625,0.1204452654145658,0.0196843591570854,0.1464613848764449
1775068588394712600,36.11971264648437,0.1083772264800965,0.0186345578432083,0.1656278759055771
1775068588404752000,36.129751953125,0.0983363094590604,-0.0055441901236772,0.1289436383018735
1775068588414791700,36.13979174804688,0.0478640133284032,-0.0209568633109331,0.0531639646337367
1775068588424830700,36.14983081054688,-0.0364484469532966,-0.0387263287574052,-0.0419643608305603
1775068588434870800,36.159870849609376,-0.0668001844666898,-0.0064326633960008,-0.049238288223138
1775068588444909800,36.169909912109375,0.0952173006556928,0.0134136083245277,0.0380811124893138
1775068588454948600,36.17994848632812,0.1065080716073512,0.0418336471229791,0.0336998149654362
1775068588464988700,36.18998876953125,-0.1112954520143568,0.0652589463740587,0.0263947389493463
1775068588475027700,36.20002783203125,-0.1364509360589087,0.0877665462583303,0.0234890943354461
1775068588485067500,36.210067626953126,-0.0621485592685639,0.1074012210547924,0.0662383493328467
1775068588495106800,36.22010693359375,0.031744214785099,0.1052192008405923,0.0881148482393473
1775068588505146600,36.23014672851563,0.0042095805190503,0.0658937371462583,0.0504386678556911
1775068588515185700,36.240185546875,-0.0993501626767218,0.0411053328484296,0.0400774602385703
1775068588525224700,36.250224609375,-0.1516166487477719,0.0146048639357089,0.0986719711542129
1775068588535264800,36.2602646484375,-0.1068855266176164,0.0269791923403739,0.1278062774355523
1775068588545303600,36.27030346679688,-0.0500983482517302,0.0718798258185386,0.1061772870167158
1775068588555343600,36.28034350585938,0.013903437668085,0.0878933875083923,0.0686584982850123
1775068588565382700,36.29038256835938,-0.0080547116398811,0.084257076832652,0.0421464302660431
1775068588575422700,36.30042260742187,-0.0075273267649114,0.0535381134420633,-0.004808350129798
1775068588585461500,36.31046142578125,0.0177519297897815,0.0349216757774353,-0.0396316344335209
1775068588595501600,36.32050146484375,0.0473228921890258,0.0373223071783781,-0.0611152524317614
1775068588605540900,36.33054077148437,0.0441921929478645,0.0234440039515495,-0.0184715219017583
1775068588615579600,36.34057958984375,0.025301468386501,0.0068804071635007,-0.0038111557859927
1775068588625619700,36.35061962890625,-0.0517138206243515,-0.0444996514618396,0.0266190446579363
1775068588635658800,36.36065869140625,-0.0920060835242271,-0.0511222844719886,0.0302225947083905
1775068588645698800,36.37069873046875,-0.0822024823904037,-0.045998365586996,0.0297315232558175
1775068588655737600,36.38073754882812,-0.0011070844590663,-0.0336497561454772,0.0163287833851762
1775068588665777700,36.39077758789063,0.0775565562807023,-0.012191373053193,-0.0430031110274605
1775068588675816700,36.400816650390624,0.1082579840146005,0.008099719825387,-0.0760755970079451
1775068588685856500,36.4108564453125,0.0998455449782311,0.0372492419421672,-0.0622347397146746
1775068588695895600,36.4208955078125,0.0383820453643798,0.0646972208380699,-0.0325699615521356
1775068588705934800,36.43093481445312,-0.0110148766197264,0.0792705205917358,0.0045729887376539
1775068588715975000,36.44097485351563,-0.0183098559334874,0.0819797795504331,0.0044637379432097
1775068588726013700,36.451013671875,0.032527474117279,0.1122580134361982,-0.0215981934217736
1775068588736053800,36.4610537109375,0.0589770896255969,0.1434825882613659,-0.0572063536260277
1775068588746092800,36.4710927734375,0.1064284304998815,0.1507926190137863,-0.0633478337894193
1775068588756132600,36.48113256835938,0.151823569496721,0.1447135913610458,-0.0648228017128072
1775068588766171600,36.49117163085938,0.1589022757112979,0.1226677637696266,-0.0624143705978989
1775068588776211700,36.50121166992187,0.1453048352524638,0.0829874952882528,-0.089985537482053
1775068588786250500,36.51125048828125,0.1223975685261189,0.0610989040851593,-0.0984018489759415
1775068588796289800,36.52128979492188,0.0645005292221903,0.0247767138600349,-0.1038661057312041
1775068588806329600,36.53132958984375,0.0053213411532342,0.0043611178189516,-0.1135214940333738
1775068588816368600,36.54136865234375,-0.0214694890081882,0.0243593652307987,-0.0652778337376192
1775068588826408700,36.55140869140625,-0.0076208502672612,0.0134720605134963,-0.0714028559565544
1775068588836447700,36.56144775390625,-0.020963439182192,0.0533896448820829,-0.0559796613752841
1775068588846487800,36.57148779296875,0.0061501931928098,0.0641267274737358,-0.0659872971812263
1775068588856526600,36.58152661132812,0.0251389713011682,0.04345452632308,-0.1057235701661556
1775068588866566700,36.59156665039063,0.006174889242649,0.0329664500564336,-0.140594648267515
1775068588876605700,36.601605712890624,-0.0018589257396757,0.0464262356102466,-0.1269307184437289
1775068588886644500,36.61164453125,-0.0337223829902708,0.0399064784526824,-0.1258633814731612
1775068588896684500,36.6216845703125,-0.0311177534498274,0.0180079503774642,-0.0853483061354607
1775068588906723800,36.63172387695312,-0.0249231365934014,-0.0010737667113542,0.0078714274948462
1775068588916764000,36.64176391601563,0.0409165322780609,0.0042383682221174,0.0096857103751972
1775068588926802700,36.651802734375,0.0325623993001878,-0.0005646481454372,-0.0778861170286312
1775068588936842800,36.6618427734375,-0.1230873043559491,-0.0053816930383443,-0.1564651116922497
1775068588946881800,36.6718818359375,-0.223557264842838,0.0140887311071157,-0.1493410319659859
1775068588956920600,36.68192065429688,-0.0070456807278096,-0.0137029466599226,-0.032983912647888
1775068588966960600,36.69196069335938,0.2267278577029705,-0.0383043039530515,0.0007352189393714
1775068588976999700,36.701999755859376,0.1368808519087731,-0.0513683681875467,-0.0267774226905778
1775068588987039700,36.71203979492188,0.0758474142752587,-0.0432394222676753,-0.1018277317713946
1775068588997078800,36.72207885742188,-0.0222013104140758,-0.009862053322792,-0.1584650898704305
1775068589007118600,36.73211865234375,-0.1741910302579402,-0.0065063131541013,-0.1927606331061571
1775068589017158000,36.74215795898437,-0.1653261712789535,-0.0364525386065244,-0.2456693626035004
1775068589027196700,36.75219677734375,-0.042956513673067,-0.0478711737215518,-0.1718819495979696
1775068589037236700,36.76223681640625,0.154794402001053,-0.0326817878961563,-0.077346091867797
1775068589047275800,36.77227587890625,0.1901741968095302,-0.035265374648571,-0.0543175733819603
1775068589057315600,36.78231567382812,0.0061456631481647,-0.0008779518783092,-0.0936138475144282
1775068589067354600,36.79235473632812,-0.1673871954619884,-0.0002285480588674,-0.12772610660512
1775068589077394700,36.802394775390624,-0.1501613353729248,0.0029693711996078,-0.073380256976746
1775068589087433500,36.81243359375,0.0029890988133847,-0.0100607907652854,-0.0225373374354094
1775068589097473500,36.8224736328125,0.0527669829390943,-0.0023415946900844,-0.0769013072423636
1775068589107512800,36.832512939453125,-0.0310980258360505,0.0057797524452209,-0.1674829839866608
1775068589117551900,36.8425517578125,-0.1291748075760901,0.033515900632739,-0.2625022413196042
1775068589127591700,36.852591796875,-0.1828326018750667,0.0400853421509265,-0.2778146690027788
1775068589137630700,36.86263061523437,-0.1561982774496078,0.0430354241281747,-0.2166640347303822
1775068589147670800,36.8726708984375,-0.0809036747515201,-0.0076619129300117,-0.1298492727715522
1775068589157709600,36.88270947265625,0.0046210839293897,-0.0568389085531234,-0.1076058402488008
1775068589167749600,36.89274951171875,0.0395450977943837,-0.0513578467935323,-0.0480692535769194
1775068589177788700,36.90278857421875,-0.0047710137940943,-0.0437941335409879,-0.020919052051194
1775068589187827700,36.91282763671875,-0.074599167779833,-0.0498082792639732,-0.0468245507454499
1775068589197867500,36.92286743164063,-0.1149639113940298,-0.0546031123250722,-0.0956825435472652
1775068589207906800,36.93290673828125,-0.1280829206861555,-0.0596463671892881,-0.1247754401059821
1775068589217947000,36.94294677734375,-0.112995095539093,-0.0689408497571945,-0.1139171788200736
1775068589227985700,36.952985595703126,0.1095395482577383,-0.0703963092625141,-0.0545033417450264
1775068589238025700,36.96302563476563,0.1810932108618319,-0.0435673390477895,-0.0631340266419574
1775068589248064800,36.97306469726563,-0.0598667319416999,-0.0263876561880111,-0.0702152170745655
1775068589258103600,36.983103515625,-0.2095489054955542,-0.0030757541835308,-0.1034979665385559
1775068589268143600,36.9931435546875,-0.2747076063655316,-0.0114490302532911,-0.1204405527068302
1775068589278182700,37.0031826171875,-0.1986579475164413,-0.0437257444798946,-0.0431700468258932
1775068589288222700,37.01322265625,-0.1166156241238117,0.0097761286050081,0.0164766491569578
1775068589298261800,37.02326171875,-0.1007538919948041,0.0179945063740015,-0.0234314367309212
1775068589308301600,37.03330151367187,-0.0502314731121063,0.0127396545857191,0.016181794396229
1775068589318340900,37.0433408203125,-0.0120247843146324,0.0050847559183835,0.0613536460312083
1775068589328379600,37.05337963867188,0.0129997668266296,0.0051397009760141,0.0635446532694622
1775068589338419200,37.06341918945313,-0.0469463139615952,0.0087777652174234,0.0232602814150974
1775068589348458200,37.07345825195313,-0.0999672716617584,-0.0082610478669404,-0.0612554463537409
1775068589358498300,37.08349829101562,-0.0980829192198812,-0.0217225869864225,-0.1506962824998423
1775068589368537000,37.093537109375,-0.0805165751300752,-0.0367255103290081,-0.158951521680504
1775068589378577200,37.1035771484375,-0.0907845789052546,-0.0240595055013895,-0.1138506894551217
1775068589388616400,37.11361645507812,-0.0912859525561332,-0.0172024792134761,-0.099076094975695
1775068589398655200,37.1236552734375,-0.096316347938776,-0.0203922151654958,-0.047708347842656
1775068589408695300,37.1336953125,-0.0911164412081241,-0.0149117379277944,-0.0128272963365539
1775068589418734300,37.143734375,-0.0918668211840093,-0.0191635501533746,0.011131196475774
1775068589428774400,37.1537744140625,-0.087393182901293,0.0083206690996885,-0.0148069989116862
1775068589438813200,37.16381323242187,-0.0991783132411539,0.0290869782745838,-0.0548058318229392
1775068589448853200,37.173853271484376,-0.1021323407411575,0.0527472553253173,-0.0436156351689249
1775068589458892300,37.183892333984375,-0.0811680247761309,0.0520943443745374,-0.0686238562298938
1775068589468931000,37.19393115234375,-0.0627881723463535,0.0529705426871776,-0.0681176237408071
1775068589478971100,37.20397119140625,-0.1134052837751805,0.0432014283448457,-0.0530952650453895
1775068589489010400,37.21401049804688,-0.097735567086935,0.0181458975434303,-0.063950749852322
1775068589499050500,37.22405053710938,-0.0484429822601377,0.0023363339930772,-0.0903521423047408
1775068589509089300,37.23408935546875,-0.0337678295671939,-0.0052326399564743,-0.0925566300790756
1775068589519129300,37.24412939453125,-0.0360706996820867,-0.0180360074281692,-0.0800805583329871
1775068589529168400,37.25416845703125,-0.0509293922483921,-0.0126098907262086,-0.0728863359799608
1775068589539207200,37.26420727539063,-0.0651974254451692,-0.0025911855369806,-0.0448158778041601
1775068589549247200,37.27424731445313,-0.0564868802450597,-0.0057446811318397,-0.050574149069935
1775068589559286300,37.284286376953126,-0.0593450461551547,0.0042553193569183,-0.0461980163449421
1775068589569326000,37.294326171875,-0.0810999279759824,0.0032271453529596,-0.0751636697947979
1775068589579365400,37.30436547851563,-0.0847381383478641,0.0129909989982843,-0.1154133721945807
1775068589589405200,37.3144052734375,-0.0719675041019916,0.0145686235785484,-0.1358858860546723
1775068589599444500,37.32444458007812,-0.0453438472010195,0.0205132111966609,-0.1536649595797062
1775068589609483300,37.33448315429688,-0.0360837052941322,0.0299152457922697,-0.1291902608735486
1775068589619523300,37.3445234375,-0.0519628269493579,0.0408341146916151,-0.0842003416767343
1775068589629562400,37.35456225585938,-0.0693257574215531,0.0372293681979179,-0.0562368510067462
1775068589639602200,37.36460229492187,-0.0755038615345954,0.0493020833075046,-0.081298044363968
1775068589649641200,37.37464111328125,-0.0776502259135246,0.0281330385506153,-0.113448757590726
1775068589659681300,37.384681396484375,-0.0449308824859559,0.0332692323952913,-0.1120902921864762
1775068589669720000,37.39471997070312,0.0052348319135606,0.0415980848014354,-0.0574369840441271
1775068589679759400,37.40475927734375,0.0440844947896897,0.0679454089790582,-0.0319874489564448
1775068589689799400,37.41479931640625,0.0654477469444274,0.0469803623616695,0.0100950218284502
1775068589699838200,37.42483813476562,0.0282289001405239,0.0201017077863216,-0.0475016462894156
1775068589709878300,37.434878173828125,-0.2143346784673631,0.0223702372401952,-0.1713791146423667
1775068589719917300,37.44491723632812,-0.1744878212474286,-0.0198030171006917,-0.2016464618079364
1775068589729956400,37.45495629882812,0.0311726985074579,-0.0445370608627796,-0.1052532857732847
1775068589739996200,37.46499609375,-0.0308661167763173,-0.0319219094395637,-0.0496152409099042
1775068589750035200,37.47503515625,-0.1560708516776561,0.0175900172263383,-0.0328727073583751
1775068589760075300,37.4850751953125,0.0854829653657972,0.0150853409290313,-0.0010150587940588
1775068589770114300,37.4951142578125,0.1405997263014316,0.0521036967247724,0.0204972464425489
1775068589780154000,37.505154052734376,-0.0403285032570362,0.0964846902430057,-0.0720041828505694
1775068589790193400,37.515193359375,-0.1878163816370069,0.0998696565061807,-0.1754383999705314
1775068589800232200,37.52523217773437,-0.1020413014568388,0.0578852027356624,-0.1217077230984345
1775068589810272300,37.53527221679688,0.0806077605448663,0.0196872817665338,-0.0423232938034459
1775068589820311300,37.54531127929688,0.1083515075169503,-0.0295645326584577,0.0330561741665005
1775068589830351400,37.55535131835938,-0.011397007805109,-0.0709849228054285,0.054938518291898
1775068589840390100,37.56539013671875,-0.1148889464616775,-0.1034849243938922,0.0538497366745024
1775068589850430200,37.57543017578125,-0.0847509978294372,-0.0992184991210699,0.0752020290438085
1775068589860469200,37.58546923828125,-0.0021485563360154,-0.0567956539332866,0.0756269033923745
1775068589870508300,37.59550830078125,0.0486624702297151,0.0169382753193378,-0.0061017144085839
1775068589880548400,37.60554833984375,0.036232319984585,0.0541413400322198,-0.1033889897387474
1775068589890587400,37.61558740234375,-0.0245836755059659,0.0710223322063684,-0.1285744670627638
1775068589900627500,37.62562744140625,-0.0411094245016574,0.0639969636142253,-0.1588551121013239
1775068589910666200,37.63566625976563,-0.0119921972192823,0.0302606982290744,-0.1767484231231734
1775068589920705300,37.64570532226563,0.0316040756620466,0.0221714997977018,-0.067230684838444
1775068589930745300,37.65574536132812,0.0691686671636998,0.0123334118723869,0.0079017495678737
1775068589940784000,37.6657841796875,0.0649194852866232,0.0203244106262922,0.0104535894751548
1775068589950824200,37.67582421875,0.041366760263592,0.0198684835523366,0.0572575723566114
1775068589960863200,37.68586328125,-0.0279435073278844,-0.0099859719634056,0.0250053715167567
1775068589970903300,37.6959033203125,-0.0528008852086961,-0.0443956065654754,-0.0471965623956173
1775068589980942300,37.7059423828125,-0.0481657727539539,-0.070277066797018,-0.0778922545084729
1775068589990981400,37.7159814453125,-0.0165125972531735,-0.0501437948286533,-0.0594879982898011
1775068590001021400,37.726021484375,-0.0346482656635344,-0.0329839857131242,-0.0233768935320898
1775068590011060200,37.73606030273437,0.1338438223004341,-0.0114741646945476,0.0654556745225563
1775068590021100300,37.74610034179688,0.1265126026295125,0.01769873829782,0.0751474858449772
1775068590031139300,37.75613940429688,-0.0831916395582258,0.0476554851442575,0.0609254472143948
1775068590041178000,37.76617822265625,-0.1395757900811731,0.039502573826909,0.0350131899857893
1775068590051218200,37.77621826171875,-0.0944796340309083,0.0101905546247959,0.0121047907482832
1775068590061257500,37.786257568359375,-5.26069700717e-05,0.0315957462251186,0.0289773804202675
1775068590071297300,37.79629736328125,0.0591900017239153,0.0600210457205772,0.0337464579856023
1775068590081336300,37.80633642578125,0.0128257254339754,0.0708452220737934,0.0806697929304093
1775068590091376400,37.81637646484375,-0.0419230789721012,0.0903197378724813,0.1392349772868678
1775068590101415400,37.82641552734375,-0.0239369020350277,0.1034171198546886,0.1804053381955251
1775068590111454200,37.8364541015625,0.0355927069067955,0.086191259765625,0.1068347462784498
1775068590121494300,37.84649438476563,0.0680932930171489,0.0569277558803558,0.1052940196424722
1775068590131533300,37.856533203125,0.0758744484126567,0.0162152217417955,0.0483876718763262
1775068590141573000,37.86657299804688,0.0242797241233289,-0.0072854808330535,0.0116895975435152
1775068590151612200,37.87661206054688,-0.0296247384130954,-0.0119850368261337,-0.0087195322241634
1775068590161652200,37.88665234375,-0.0171978030383586,-0.0012087912678718,-0.0328870646772906
1775068590171691300,37.89669116210938,0.0140577514469623,-0.0199807117551565,-0.042772827669233
1775068590181730300,37.906730224609376,0.0420550347886979,0.0017594108879566,-0.0252845172517001
1775068590191770400,37.91677026367187,0.1003774598978459,0.0353588981509208,0.0033196459420025
1775068590201809200,37.92680908203125,0.1133482928909361,0.0536333905100822,0.0280769244492053
1775068590211849200,37.93684912109375,0.108270989626646,0.0672591802805662,0.035602241920121
1775068590221888300,37.94688818359375,0.0372071563661098,0.0526227521628141,0.0135033324345946
1775068590231927300,37.95692724609375,-0.0250887024186551,0.0175754041790962,0.0105670232543721
1775068590241967000,37.96696704101562,-0.0746912299774587,-0.0191764096349477,0.0184018815984949
1775068590252006400,37.97700634765625,-0.0748304923176765,-0.0115098205298185,0.0397724768094718
1775068590262046500,37.98704638671875,-0.0061957859002053,0.0086661215364933,0.0440473045844584
1775068590272085200,37.99708520507812,0.0224773508764803,0.0320540113866329,0.0395712186163291
1775068590282125300,38.007125244140624,0.0113784492351114,0.0513233600020408,0.082024111882504
1775068590292164400,38.01716430664062,-0.0101790103174746,0.0460702617794275,0.0802902555609121
1775068590302203100,38.027203125,0.0011782499991357,0.0408317766040563,0.0604552541530691
1775068590312243200,38.0372431640625,-0.0129519821621477,0.0206143334835767,0.067196033650171
1775068590322282200,38.0472822265625,0.0051882162928581,-0.0022872341543436,0.0454004727590829
1775068590332322300,38.057322265625,0.0238169289171695,-0.0058884735167026,0.0043126938336528
1775068590342361300,38.067361328125,0.03751914492473,0.0092173256784677,-0.0159813947196118
1775068590352400600,38.07740063476562,0.0444879610240459,0.0191840084195137,-0.0344110411078669
1775068590362440400,38.0874404296875,0.0765022249221801,0.030308044502139,-0.0491169542652554
1775068590372479500,38.0974794921875,0.1029695222176611,0.0354407312154769,-0.0292694221694022
1775068590382519600,38.10751953125,0.0839092863082885,0.0200906018704175,-0.0061037237025797
1775068590392558300,38.117558349609375,0.0522233775816857,0.0038309564650058,-0.0374691865694709
1775068590402598400,38.12759838867188,0.0038731881715357,0.0122089087098836,-0.0341757162483409
1775068590412637400,38.13763745117188,-0.0548024342894554,0.0102197807192802,-0.0864531986374407
1775068590422676500,38.14767651367188,-0.0418248792946338,0.0031435587227344,-0.0958341173797845
1775068590432716300,38.15771630859375,-0.0113221890032291,0.0215542446821928,-0.0375691032799892
1775068590442755600,38.16775561523438,0.0038052375018596,0.0505056138783693,-0.0235824077752418
1775068590452795400,38.17779541015625,0.0240766027666628,0.0398743297487497,-0.0063991995178163
1775068590462834400,38.18783447265625,0.0350606458567082,0.0434288073599338,-0.0097652418848127
1775068590472873500,38.19787353515625,0.0623462737977504,0.052453240814805,0.0262340182625688
1775068590482913500,38.20791357421875,0.0772983437359333,0.0591442628860473,0.0153308035900816
1775068590492952300,38.21795239257813,-0.0424115931414067,0.0281137493282556,-0.0922155250238254
1775068590502992400,38.22799243164062,-0.2275811135314404,-0.0086725512772798,-0.1912782125286757
1775068590513031400,38.23803149414063,-0.0862637404799461,-0.0047562546163797,-0.1632477575697004
1775068590523071500,38.24807153320312,0.0631271950423717,-0.0326414558857679,-0.0801124878412112
1775068590533110300,38.2581103515625,-0.0614870266199111,-0.008384966507554,-0.0044945714728906
1775068590543149600,38.26814965820312,-0.0744236650824546,0.0269581495523452,-0.001325659113191
1775068590553189600,38.27818969726562,0.1838695437073707,0.0457359152585268,-0.0263193036595359
1775068590563228400,38.288228515625,0.1054068323671817,0.0799146637141704,-0.0341000937288627
1775068590573268500,38.2982685546875,-0.108800566458702,0.1025672250270843,-0.1166828441411256
1775068590583307500,38.3083076171875,-0.1836355888210236,0.0632791707336902,-0.1817249694267287
1775068590593346300,38.31834619140625,-0.0298503638625144,0.018832710763812,-0.1546739539591595
1775068590603386400,38.328386474609374,0.1662076302886009,-0.0298030175894498,-0.0677642437258735
1775068590613425400,38.33842529296875,0.1284204820774495,-0.0533656794846057,-0.0047156303450465
1775068590623465500,38.34846557617188,-0.0502151064991951,-0.0270335528761148,-0.0386888828238472
1775068590633504500,38.35850439453125,-0.1155960718177259,-0.042632104024291,-0.0413832730069756
1775068590643544300,38.36854443359375,-0.0432980205871164,-0.0362397726386785,0.0089746029637753
1775068590653583600,38.37858349609375,0.0667266808390617,-0.00037292496562,-0.0126036801811307
1775068590663622400,38.38862231445312,0.087366148763895,0.0176315182805061,-0.0444326506402343
1775068590673662500,38.398662353515626,0.0156312843739986,0.041839492341876,-0.0306830883596092
1775068590683701500,38.40870141601562,-0.0545813388846814,0.0223199683576822,-0.0754906001942232
1775068590693741600,38.41874145507813,-0.0543254644274711,0.0119365215092897,-0.101873982065916
1775068590703780400,38.4287802734375,-0.0258802911877632,-0.0056371291041374,-0.0759948599219322
1775068590713819400,38.4388193359375,-0.0052244566500186,-0.0312613997042179,-0.0585683626942336
1775068590723859500,38.448859375,-0.000658171647787,-0.0259013339757919,-0.0234133896175771
1775068590733898500,38.4588984375,-0.0075954235650598,0.0125268886178731,0.0385054525483399
1775068590743938600,38.4689384765625,0.0149580612875521,0.0315834712654352,0.0444687813995406
1775068590753977600,38.4789775390625,0.0199310273945331,0.0110720136344432,0.016067081975378
1775068590764017400,38.48901733398438,0.0087830259144306,0.0050064299851655,-0.0158338942740112
1775068590774056400,38.49905639648438,-0.0080522274218499,-0.0123456868320703,-0.0665242536021396
1775068590784095500,38.509095458984376,-0.0306628492891788,-0.0143126029908657,-0.0646830096496269
1775068590794135300,38.51913525390625,0.0801402891635894,-0.0215741184264421,0.0279820857726037
1775068590804174300,38.52917431640625,0.0999824692308902,-0.0369072966367006,0.03635640302198
1775068590814214400,38.53921435546875,-0.0668206427328288,-0.0281856455206871,0.064929824017547
1775068590824253400,38.54925341796875,-0.1159621286511421,-0.0165226802557706,0.0787629546620883
1775068590834293200,38.55929321289062,-0.0681445848129689,-0.0040922377496957,0.0486657398990355
1775068590844332500,38.56933251953125,-0.0118378834404051,0.0352571913421154,0.0824692253015004
1775068590854371600,38.57937158203125,0.0469495288319885,0.0577566079199314,0.0958759654938243
1775068590864411400,38.58941137695312,0.0615947247780859,0.0703098000228405,0.0333688568448647
1775068590874450400,38.59945043945312,0.0568669656038284,0.0660772770196199,0.1152029991132207
1775068590884490500,38.609490478515625,0.0592282879076898,0.0464566307485103,0.1520579810407944
1775068590894529300,38.619529296875,0.0559060116171836,0.0481014753460884,0.1358324753670022
1775068590904568300,38.629568359375,0.0046389118470251,0.0239192202478647,0.1034977290765382
1775068590914608400,38.6396083984375,-0.0445532813452184,-0.0062222355157136,0.0625328093457967
1775068590924647400,38.6496474609375,-0.0251741887450218,-0.0267927298575639,0.0219659672882407
1775068590934687500,38.6596875,-0.0161608612060546,0.0008458031743764,-0.0086471976403146
1775068590944726500,38.6697265625,0.0174001937426626,0.0279442379802465,-0.0268783988470211
1775068590954766600,38.6797666015625,0.0231751238822937,0.0295142637759447,0.0227254804186522
1775068590964805400,38.68980541992188,4.83691863715e-05,0.0418219566851854,0.0476447445545345
1775068590974844400,38.699844482421874,-0.0005319149196147,0.0622200170695781,0.0394806725223548
1775068590984884500,38.709884521484376,0.0218788004614412,0.0549433040648698,0.0772246391789056
1775068590994923300,38.71992333984375,0.048901247421652,0.0528945548415184,0.0655600116798654
1775068591004963300,38.72996337890625,0.0181646022439002,0.0279401463270187,0.0133313551348634
1775068591015002400,38.74000244140625,-0.0178512985110282,0.0063747957289218,0.0018393625226803
1775068591025041400,38.75004150390625,-0.0221824595831334,0.0130395143151283,0.0088855729734525
1775068591035081500,38.76008154296875,0.0085328505456447,-0.0015332009166479,0.0058694034900516
1775068591045120500,38.77012060546875,0.0282604643225669,0.0152010762631893,0.0109173345293849
1775068591055160600,38.78016064453125,0.0457972900569438,0.0280938755840063,0.069205473776441
1775068591065199400,38.79019946289063,0.0664227294564247,0.0299438873648643,0.0915639109809882
1775068591075239400,38.80023950195312,0.0518001837335526,0.0502601146847009,0.0528451079429127
1775068591085278500,38.81027856445313,0.018471914627403,0.0479512532204389,0.0263553248209878
1775068591095317200,38.82031713867188,-0.0007411737561225,0.0212619837373495,-0.0030610315384343
1775068591105357300,38.830357421875,-0.0132923200324177,-0.0029401451051235,-0.0089737627135589
1775068591115396600,38.84039672851563,-0.0057974342323839,-0.0041232174098491,-0.0046679187458008
1775068591125436700,38.85043676757813,0.0113302261792123,0.0224988320559263,0.0173536511871963
1775068591135475500,38.86047534179688,0.0389291578531265,0.0311795666396617,0.0220774831050075
1775068591145514500,38.87051440429688,0.07306625912413,0.0300210442543029,-0.0001825352263636
1775068591155554600,38.88055444335937,0.0767393946789205,0.0254600199490785,-0.0323765213392674
1775068591165593300,38.89059326171875,0.0490001777514815,0.0162391871392726,-0.0088633976742625
1775068591175633400,38.90063330078125,0.0583409836791455,0.0214420164793729,0.0043513270772993
1775068591185672400,38.91067236328125,0.0562847818017005,0.0128846160143613,-0.0151141834310255
1775068591195712300,38.92071215820312,0.0464313501767814,-0.000234977799654,0.0101877233468927
1775068591205751300,38.93075122070312,0.0272540637589991,0.0046481180667877,0.0641098859367892
1775068591215790600,38.94079052734375,0.001616787546873,0.0118640407949686,0.0367026957090012
1775068591225830700,38.95083056640625,0.0203961606882512,0.0104927524417638,-0.0298108903686516
1775068591235869400,38.96086938476562,0.0344341845214366,0.0194540575325489,-0.0240893709166906
1775068591245909500,38.970909423828125,0.0655365942716598,0.0275783272773027,-0.0399830873528495
1775068591255948500,38.98094848632813,0.0889073868565261,0.0583826308637857,-0.0371796655709855
1775068591265988400,38.99098828125,0.0695813396178186,0.0503279192239046,-0.0206530397924594
1775068591276027400,39.00102734375,0.0598468581974506,0.0402519308894872,-0.0054923503385856
1775068591286066400,39.01106640625,0.078056907018274,0.0525695606708526,0.0394335271786898
1775068591296106200,39.02110620117188,0.1091452882431447,0.0744417852610349,0.0524887505196034
1775068591306145500,39.0311455078125,0.1253250002801418,0.040175943043828,-9.75786229595e-05
1775068591316185600,39.041185546875,-0.0623521190166473,0.0262993933826684,-0.069938117166236
1775068591326224400,39.051224365234376,-0.2108287161730229,0.0227086754143238,-0.0700256493192166
1775068591336263700,39.061263671875,-0.0157910049803555,0.0134112702369689,-0.0194778037343174
1775068591346303700,39.0713037109375,0.1844448593772947,-0.0129395610719919,0.0638556189147755
1775068591356342800,39.0813427734375,0.134263509017229,0.0236737210541963,0.0838157993385568
1775068591366382600,39.09138256835938,0.1711994472265243,0.0596738397181034,0.0752114544592797
1775068591376421600,39.10142163085938,0.1999098472736775,0.0879465790003538,0.0675826400812715
1775068591386461700,39.11146166992187,0.0359387438654899,0.1339151339709758,0.0400504169680178
1775068591396500500,39.12150048828125,-0.101667061316967,0.1225619653075933,-0.1167951088765636
1775068591406539800,39.13153979492188,-0.0676395579002797,0.0687631551027297,-0.143972344539687
1775068591416579800,39.14157983398437,0.2473568042337894,0.0589028553456068,0.016802848904021
1775068591426619000,39.15161889648437,0.3395991807319223,0.0186123460114002,0.0697549060864374
1775068591436658700,39.16165869140625,0.1907283235609531,0.0251642518728971,0.0627444428024813
1775068591446697700,39.17169775390625,-0.0165314480841159,0.0295417363047599,-0.0246233499292284
1775068591456736800,39.18173681640625,-0.0469182569108903,-0.0064513680964708,-0.0079497168954461
1775068591466776600,39.19177661132812,0.0384020652391016,-0.0110059626609086,0.0537755023945122
1775068591476815600,39.20181567382812,0.1171218200802803,0.0239256499886512,0.0238489314906299
1775068591486855700,39.21185571289063,0.1035338781021535,0.0667787032872438,-0.0489373416483402
1775068591496894700,39.22189477539062,0.0234228150330483,0.0890624312877655,-0.1412357226500287
1775068591506934500,39.2319345703125,-0.0210464412905275,0.1026239236503839,-0.1775833030447363
1775068591516973800,39.241973876953125,0.0676056556306779,0.09550678512156,-0.1591493458075449
1775068591527012600,39.2520126953125,0.1239899522840976,0.0623240619659423,-0.113228685099259
1775068591537052700,39.262052734375,0.1533202377952635,0.028409517404437,-0.049800936207734
1775068591547091700,39.272091796875,0.0980360113382339,0.0276771114766597,-0.0003973287545144
1775068591557131800,39.2821318359375,0.0332275852106511,0.0301449628949165,-0.0055452130369842
1775068591567170600,39.29217065429688,0.0177507607460021,0.0377852485150098,0.0210602506201714
1775068591577209600,39.30220971679688,0.0700409199535846,0.0048538697719573,-0.0230056855995208
1775068591587249700,39.312249755859376,0.1118362808927893,-0.0058937342137098,-0.1228037016415968
1775068591597288700,39.322288818359375,0.0887840527378022,-0.0223287361860275,-0.1546559799110516
1775068591607328800,39.33232885742188,0.1846703386962413,0.0101870474934577,-0.0970905106490477
1775068591617367800,39.34236791992188,0.2249333755016326,0.0321557181954383,-0.1032082263443619
1775068591627408000,39.35240795898437,-0.036911242159456,0.0844827022820711,-0.1287010525844991
1775068591637446700,39.36244677734375,-0.0885153187990188,0.0978787749499082,-0.1297011330051347
1775068591647485700,39.372485595703125,0.0608532587610185,0.061366030588746,-0.0579138443082571
1775068591657525800,39.38252587890625,0.1744528960645198,0.0827156926095485,-0.0057263782901689
1775068591667564500,39.392564453125,0.1109120056547224,0.1259340720891952,-0.0684616514055058
1775068591677604600,39.4026044921875,0.0391011534191668,0.1492962429761886,-0.129451688288711
1775068591687643600,39.4126435546875,0.0871393542706966,0.1741407613754272,-0.0761073438530787
1775068591697682700,39.4226826171875,0.18034604575634,0.1390916598260402,-0.0087792265221476
1775068591707722800,39.43272265625,0.1934744073987007,0.1153647472798824,-0.0118731374168768
1775068591717761800,39.44276171875,0.1008979766406118,0.100592710083723,-0.0339933088861405
1775068591727801900,39.4528017578125,0.0179426300562918,0.0864595553129911,-0.0342509003764018
1775068591737840600,39.46284057617188,-0.0140237030468881,0.0449918188929557,-0.1363006774006411
1775068591747880700,39.47288061523437,0.0294587341964244,0.0204752172738313,-0.1925877972899004
1775068591757919700,39.48291967773437,0.0763829824566841,0.0251847101390361,-0.1515365327162668
1775068591767958500,39.49295849609375,0.1199227028451859,0.0461573555409908,-0.108416206783615
1775068591777998600,39.50299853515625,0.1219043781816959,0.094428926756978,-0.0797878224641084
1775068591788038000,39.51303784179687,0.1257972939670086,0.1115577562123537,-0.0376383143249899
1775068591798077700,39.52307763671875,0.0869216198667883,0.0959083516597747,-0.0103395711740478
1775068591808116700,39.53311669921875,0.0801496415138244,0.0870277105897665,0.0022214389091357
1775068591818156800,39.54315673828125,0.0878222219683229,0.09194470872581,-0.0196139608019962
1775068591828195800,39.55319580078125,0.0778745361886918,0.0790980866342783,-0.0468636771794408
1775068591838234600,39.56323461914062,0.0710438133858144,0.0480208113253116,-0.0488376076009124
1775068591848274700,39.573274658203125,0.0413246746875345,0.014235446101427,-0.0505379087127745
1775068591858313700,39.58331372070312,0.0196307292737066,-0.009097498691082,-0.0755399922939017
1775068591868353500,39.593353515625,0.0450654686510562,0.0081616791456937,-0.1029316744253039
1775068591878392600,39.603392578125,0.0349953255355358,0.0040367081701755,-0.0773104360325261
1775068591888432600,39.6134326171875,0.0406803854346275,-0.0053606502503156,-0.0761009506449103
1775068591898471700,39.6234716796875,0.05737213864699,0.0025555297017097,-0.0508509201847016
1775068591908510700,39.6335107421875,0.082305504373461,0.0252864169478416,-0.013945011787489
1775068591918550800,39.64355078125,0.0893593684077262,0.0150783266663551,-0.0329160350434482
1775068591928589600,39.653589599609376,0.0751576784454286,0.022646716094017,-0.0668419412491843
1775068591938629600,39.66362963867188,0.0764345665134489,0.0550970333218574,-0.0623395152634009
1775068591948668700,39.67366870117188,0.1154817977882921,0.0587602320045232,-0.0297717091357335
1775068591958707700,39.68370776367188,0.1031609531365334,0.0410889662355184,-0.0472863230383023
1775068591968747500,39.69374755859375,0.0583422988533973,0.0489437713891267,-0.0370331515060737
1775068591978786800,39.70378686523438,0.0234464881695806,0.0453735116869211,0.0005811974214389
1775068591988826600,39.71382666015625,0.028458032721281,0.0537374354064464,0.0412428416229784
1775068591998865700,39.72386572265625,0.0722856301404535,0.0536035798937082,0.0115916901269927
1775068592008905700,39.73390576171875,0.0991474797114729,0.0356780471026897,0.0004154854657128
1775068592018944800,39.74394482421875,0.0806964617416262,-0.0042395372658967,-0.0431547031262889
1775068592028983600,39.75398364257813,0.0712767453588545,-0.002976385462284,-0.0482789508048445
1775068592039023600,39.76402368164062,0.0589293049611151,-0.0163601831704378,-0.0623280805539339
1775068592049062700,39.77406274414062,0.0504348867297172,-0.0307704013168811,-0.0639522842222824
1775068592059102700,39.78410278320312,0.0331624110199511,-0.0451952325105667,-0.0700751144841313
1775068592069141500,39.7941416015625,0.0238157598733901,-0.0377414093732833,-0.0704872389489784
1775068592079180800,39.80418090820312,0.0490321803249418,0.0065723641276359,-0.0297675078846514
1775068592089220900,39.814220947265625,0.0924187559783458,0.0320879136562347,0.0103460739800706
1775068592099259600,39.824259765625,0.1162673952080309,0.0777040019273757,0.027103293644078
1775068592109299700,39.8342998046875,0.1123963989935815,0.0893406637072563,-0.0381677450265735
1775068592119338800,39.8443388671875,-0.0162849259771406,0.090437811294198,-0.1156183567147701
1775068592129378800,39.85437890625,-0.175717947564274,0.0676776979535818,-0.1285730057580396
1775068592139417600,39.86441748046875,-0.0618939999856054,0.0239841021776199,-0.0679059537515044
1775068592149456600,39.87445654296875,0.1317617553293704,-0.0074164137363433,0.0003740574767813
1775068592159496700,39.88449658203125,0.1323700964860618,0.0273527018278837,0.042577706955932
1775068592169535700,39.89453564453125,0.0574668311931192,0.0638531712293624,0.0101099636692553
1775068592179575800,39.90457592773438,0.0232443897262215,0.0628565614074468,-0.0769541699407622
1775068592189614800,39.91461474609375,-0.077084408724308,0.0492787024319171,-0.1183733179787173
1775068592199654700,39.92465454101563,-0.1432815127313137,0.0164706578075885,-0.1355639240913093
1775068592209693700,39.934693603515626,-0.0910908683754503,-0.0005646481454372,-0.1328093281535431
1775068592219732700,39.944732666015625,0.0741714438870549,-0.0290115749508142,-0.0662008303340524
1775068592229772800,39.95477270507813,0.1729800470329821,-0.046447862920165,0.0065192091682925
1775068592239811600,39.9648115234375,0.0869349177397787,0.0060457099050283,0.0252906547315418
1775068592249851600,39.9748515625,-0.0725507108174264,0.0249012170225381,-0.0757450864119455
1775068592259890700,39.984890625,-0.1295113460540771,0.0142027128756046,-0.0721298550568521
1775068592269929700,39.9949296875,-0.0260812205873429,0.0163940854400396,0.0063569678112864
1775068592279969800,40.0049697265625,0.0271779297828674,0.03207797678411,-0.0097004695529118
1775068592290008800,40.0150087890625,-0.0035701135717332,0.0173784203022718,-0.0440928607592359
1775068592300048600,40.02504858398437,-0.0397473423682153,0.0063233578026294,-0.085058346745558
1775068592310087700,40.03508764648438,-0.0530054678700864,-0.0120312140554189,-0.1053235014652833
1775068592320127700,40.04512768554687,-0.0766542006134986,-0.0085217446297407,-0.0786006219735369
1775068592330166500,40.05516650390625,-0.0584065962612628,0.0009247136294841,-0.0536618128869682
1775068592340205300,40.065205322265626,0.0044027650035917,-0.0135386960089206,-0.0355801944850944
1775068592350245000,40.0752451171875,0.010576339071989,0.0230126267969608,0.0174900639832019
1775068592360284200,40.0852841796875,-0.0051344402790069,0.0170657010912895,0.0063801842900924
1775068592370324200,40.09532421875,-0.0396459278203547,-0.0014905308187007,-0.0182609022252261
1775068592380363300,40.10536328125,-0.0457927600122988,-0.0287204830497503,-0.0238977938673458
1775068592390403300,40.1154033203125,-0.0402501773238182,-0.042249826708436,-0.0799236872708425
1775068592400442000,40.12544213867187,-0.0513151766955852,-0.043814591807127,-0.0938319837771356
1775068592410481200,40.13548120117188,0.0190672501720488,-0.0620733020752668,-0.0614542933940887
1775068592420521200,40.14552124023437,0.071374652775377,-0.0346691623210907,-0.00599014379289
1775068592430560000,40.15556005859375,-0.0876161780022084,-0.0347825595676898,-0.019530684699025
1775068592440600000,40.16560009765625,-0.1759970567665994,-0.0118634562730789,0.0246972554156556
1775068592450639400,40.17563940429688,-0.1253730772055685,-0.0230897836863994,0.0572997675305232
1775068592460678100,40.18567822265625,-0.0471637561045587,-0.0323380890250206,0.0666691784981638
1775068592470718200,40.19571826171875,-0.0362076239347457,-6.8973582983e-05,0.0379285659758374
1775068592480757200,40.20575732421875,-0.0574852436326444,0.0322083251655101,0.0611793854428455
1775068592490797300,40.21579736328125,-0.0915478183627128,0.0205482825100421,0.1007253417537547
1775068592500836000,40.225836181640624,-0.0680756112299859,0.0226981540203094,0.156845397980418
1775068592510876200,40.235876220703126,-0.0589640840135514,0.036695699712634,0.2517462165654637
1775068592520915200,40.245915283203125,-0.036421558946371,0.0097585929483175,0.1799633848479948
1775068592530954200,40.25595434570312,-0.0065302785515785,0.0210837045609951,0.1059854359727352
1775068592540994000,40.265994140625,-0.0026328327216207,0.0124123223274946,0.049090102790948
1775068592551033300,40.276033447265625,-0.0022960019826889,-0.0152075060039758,-0.0175056086122058
1775068592561073400,40.28607348632813,-0.0108859895430505,-0.0668482613921165,-0.0621255802517756
1775068592571112200,40.2961123046875,-0.119119715899229,-0.0711865828573703,-0.0840711440728046
1775068592581152300,40.30615234375,-0.2070353152394294,-0.0481646037101745,-0.0156111914340406
1775068592591191300,40.31619140625,-0.1821850977517664,-0.0175958624452352,0.029218422634527
1775068592601230000,40.32622998046875,-0.0603121376216411,0.0052174423873424,0.0796626069155521
1775068592611270100,40.33627026367188,0.0141312550745904,0.0361591086179018,0.07808012349708
1775068592621309200,40.34630908203125,-0.0397464655853807,0.0025771570116281,0.0242918712188489
1775068592631349000,40.35634887695313,-0.0898749167144298,-0.0100999537318944,-0.038696098015923
1775068592641388300,40.36638818359375,-0.0685832684911787,-9.70306336879e-05,-0.0288386843356303
1775068592651427300,40.37642724609375,-0.121778267583996,-0.0063122518867254,0.0239273304890841
1775068592661467400,40.38646728515625,-0.0778068777799606,-0.0165787943571805,0.0575496689046733
1775068592671506200,40.39650610351563,-0.0330044439792633,-0.0168108495473861,0.0870643345394171
1775068592681546200,40.40654614257812,-0.0802713681973516,-0.039972529426217,0.0620994046309031
1775068592691585300,40.41658520507813,-0.1160940844677388,-0.0388473247885704,0.0451947210539132
1775068592701625000,40.426625,-0.1108791262984275,0.0012649053692817,0.0272607492281123
1775068592711664000,40.4366640625,-0.0286507788144052,0.0330038594573736,0.0374375858548097
1775068592721703200,40.446703125,0.0290403626538813,0.0618272183597087,0.0286002907361835
1775068592731743000,40.45674291992187,0.0708699181236326,0.0262099615335464,0.0378946637062355
1775068592741782300,40.4667822265625,-0.0738708535052835,0.0110457101494073,-0.0076871569691225
1775068592751822300,40.476822265625,-0.0637362668514251,0.0141179572016,-0.0277122741215862
1775068592761861000,40.48686108398437,-0.1550197351895272,0.0342559053450822,-0.0406656810558401
1775068592771901200,40.49690112304688,-0.0431038131892681,-0.0293184489428997,-0.1040891738973558
1775068592781940200,40.50694018554688,0.183038207449764,-0.0656166737705469,-0.0583444542778655
1775068592791979300,40.51697924804687,0.1897182697355747,-0.0122299514979124,-0.0240417871816083
1775068592802019000,40.52701904296875,-0.0613477642796933,-0.0186503399342298,-0.0214235857735387
1775068592812058000,40.53705810546875,-0.2390928337574005,0.0023620529562234,-0.0072794346847571
1775068592822098200,40.54709814453125,-0.2130653891839087,0.0482335772931575,-0.051456503128726
1775068592832137200,40.55713720703125,-0.0787434279777109,0.0321598098486661,-0.034851916743163
1775068592842177300,40.56717724609375,-0.0349450566530227,-0.014673837518692,-0.0473192571935243
1775068592852216300,40.57721630859375,-0.0818399326883256,-0.0095090021014213,0.0026454730074852
1775068592862255000,40.58725512695312,-0.1394086168207228,0.0177256263047456,-0.0246549323775805
1775068592872295200,40.59729516601563,-0.0284229614078998,0.0331616803675889,-0.0475498693453148
1775068592882334200,40.607334228515626,-0.1545765214666724,0.1111772324621677,0.0076561042437329
1775068592892374300,40.61737426757813,-0.15119593911767,-0.0444680872797966,-0.0289317511802539
1775068592902413000,40.6274130859375,-0.0153834470927715,-0.0610386983305215,0.068376110280212
1775068592912452000,40.6374521484375,0.0329762407980859,-0.0664887804299592,0.0791429121566936
1775068592922492200,40.6474921875,-0.0694084672689437,-0.0549713611155748,0.0589634264264255
1775068592932531200,40.65753125,-0.24694530082345,-0.0736947662860155,-0.0423849791291169
1775068592942571300,40.6675712890625,-0.4664262561380863,0.0081914897620677,-0.0650671866616234
1775068592952610300,40.6776103515625,-0.2128456089533865,-0.0501864649266004,-0.0728893133883364
1775068592962650400,40.687650390625,-0.0491045149087905,-0.0625146161019802,0.0132100120438262
1775068592972689200,40.69768920898437,-0.0482405915558338,-0.0076619129300117,0.0974974109495058
1775068592982728200,40.70772827148438,-0.1066575630806386,-0.041527942174673,0.005456073448807
1775068592992768300,40.71776831054687,0.0166426533736288,-0.0049164136141538,0.0494527072919532
1775068593002807000,40.72780712890625,-0.0739573627449572,0.0821457837671041,0.0102633276000618
1775068593012847000,40.73784716796875,-0.1593092490769922,0.058969490841031,-0.1250435895228758
1775068593022886400,40.74788647460937,-0.0976315221905708,0.0508177485674619,-0.0967958568177185
1775068593032926200,40.75792626953125,0.0580418546020984,0.0858463918507099,0.0072334583848714
1775068593042965200,40.76796533203125,0.1276011285185813,0.000647065731883,0.0408350645396858
1775068593053004300,40.77800439453125,0.0341349093139171,0.003073416095972,0.0873801042240113
1775068593063044400,40.78804443359375,-0.0703320118546485,0.0269108032792806,-0.0043452626626938
1775068593073083100,40.79808325195312,-0.0894084682464599,0.0129003981053829,-0.0449800919225439
1775068593083123200,40.808123291015626,-0.0501603075720369,-0.0755412709355354,-0.0215286170505918
1775068593093162200,40.818162353515625,-0.047689971935749,-0.0555775103151798,-0.003309416808933
1775068593103202000,40.8282021484375,-0.0864437732219696,-0.0375976169884204,-0.0625379604449495
1775068593113241000,40.83824096679688,-0.1062321772754192,-0.0285609085738658,-0.0763560761834494
1775068593123280400,40.8482802734375,-0.06301847397089,-0.0284533565461635,-0.1018927780979312
1775068593133320200,40.8583203125,-0.004931026661396,-0.0259790753871202,-0.0748517177687957
1775068593143359200,40.868359130859375,0.0477823263943195,-0.020026304462552,-0.0963941258827224
1775068593153399300,40.8783994140625,0.0336160000063478,-0.0228916307657957,-0.1370114377521909
1775068593163438000,40.88843798828125,0.0213457164980471,0.000607902765274,-0.067058104750514
1775068593173478100,40.89847802734375,-0.0212146374642848,0.0185907187014818,-0.0017254903520457
1775068593183517200,40.90851708984375,-0.0658743017934262,0.0135246674835681,-0.0176759784767404
1775068593193556200,40.91855615234375,-0.1110628123022615,0.0556745409488677,0.0500343431048095
1775068593203596000,40.92859594726563,-0.0594819704078137,0.0401987393975257,-0.0006583908434957
1775068593213635300,40.93863525390625,0.0311971022963523,0.0120358902305364,-0.0687674294190481
1775068593223675100,40.94867504882812,-0.03467033136487,-0.0109147772461175,-0.0720302123409695
1775068593233714200,40.95871411132813,0.0043712008215487,-0.0103033673495054,-0.053734165737126
1775068593243753200,40.96875317382813,0.0680570526599884,-0.0231616798788309,-0.0983467943204566
1775068593253793300,40.97879321289062,-0.1502361541748046,-0.0380249024897813,-0.1240655930698849
1775068593263832000,40.98883203125,-0.1785420650742948,-0.0606587591022253,-0.0757582564207725
1775068593273872100,40.9988720703125,-0.0949041430532932,-0.067313540816307,-0.0643376668106764
1775068593283911200,41.0089111328125,-0.0329341552220284,-0.0240928232491016,-0.0849888617059215
1775068593293951200,41.018951171875,-0.0368516209267079,-0.007435702958703,-0.16471324527869
1775068593303990000,41.02898999023437,-0.0241803554020822,0.0112578915953636,-0.1369733159651979
1775068593314029300,41.039029296875,-0.0464577997922897,0.0238724584966897,-0.0793495406446978
1775068593324069400,41.0490693359375,-0.0381776088334619,0.0450742364794015,0.0316063406843692
1775068593334108200,41.05910815429687,-0.0014997370384633,0.0365986690789461,0.0238996752971783
1775068593344149000,41.06914892578125,-0.0033517946459352,0.0244581494301557,-0.0377971946811303
1775068593354187800,41.07918774414063,-0.0402441859744489,0.0127601128518581,-0.0383973890639841
1775068593364227800,41.08922778320313,-0.0365408014118671,0.0116758247464895,-0.0353432439240627
1775068593374267000,41.09926684570313,-0.0153575819991528,0.0153659114360809,-0.0379604224188253
1775068593384305700,41.1093056640625,-0.0152338094890117,0.0082452657759189,-0.0823940594397485
1775068593394345700,41.119345703125,-0.025536446186155,0.0297656081885099,-0.1238090062266215
1775068593404384800,41.129384765625,-0.0417756333254277,0.0169224932283163,-0.0920066497798077
1775068593414424800,41.1394248046875,-0.0071393503606319,0.0546545502513647,-0.0236501757818274
1775068593424464000,41.1494638671875,0.0453358100250363,0.0659440060287714,-0.023112159914989
1775068593434503700,41.15950366210937,0.0081457509241998,0.0403214889943599,-0.0332580899467691
1775068593444543000,41.16954296875,-0.0290530760049819,0.0147246909230947,-0.0552716227037832
1775068593454581800,41.17958178710938,-0.046625995966047,-0.0094026191174983,0.0068967372437939
1775068593464621800,41.18962182617187,-0.0457986052311956,-0.0168003281533718,-0.0409957167278043
1775068593474660900,41.19966088867187,-0.0466844481550157,0.0023240590333938,-0.0762039360953494
1775068593484700700,41.20970068359375,0.0330054668925702,-0.001986205381155,-0.0703761249910108
1775068593494739700,41.21973974609375,0.0548667316973209,0.0266436767756938,-0.0521357358308509
1775068593504778800,41.22977880859375,-0.0852678613103926,-0.0108171620905399,-0.0748163907270878
1775068593514818600,41.23981860351562,-0.1371545542836189,-0.0288192672491073,-0.0411167858242057
1775068593524857900,41.24985791015625,-0.1027203697621822,-0.0268178642988204,-0.0427763530668802
1775068593534898000,41.25989794921875,-0.0086988547623157,-0.0198766668587923,-0.0211901788764633
1775068593544937000,41.26993701171875,-0.0251404326058924,-0.0253355167865753,-0.0176253442680463
1775068593554976800,41.27997680664063,0.0059198915682733,0.0064501990526914,0.0185942988980561
1775068593565015800,41.29001586914063,-0.0114355862498283,0.0363765507608652,-0.0090742456796579
1775068593575054800,41.300054931640624,-0.0285433729171752,0.039189270094037,-0.0282569389249198
1775068593585094700,41.3100947265625,0.0090342241965234,0.019293314012885,-0.0469379297257401
1775068593595133700,41.3201337890625,0.0269942437790334,0.0003577273964881,-0.028575156294927
1775068593605173800,41.330173828125,-0.0009036708414554,-0.0469996515840291,0.0012588044220581
1775068593615212800,41.340212890625,0.0010087386511266,-0.0367845470398664,-0.0022819369247183
1775068593625252600,41.35025268554688,-0.0254888076521456,-0.0026174890220165,-0.0255892358193174
1775068593635292000,41.3602919921875,-0.0265747031927108,0.0042927287578582,-0.0405329763205721
1775068593645330700,41.37033056640625,-0.008484773620218,0.0101139822572469,-0.0207532487639226
1775068593655370800,41.38037084960938,0.0034229601860046,0.0252495920687913,-0.0052796209033578
1775068593665409800,41.39040991210938,0.0380640654563903,0.0207709853500127,-0.0221530690918676
1775068593675449900,41.40044995117187,0.0257085878826677,-0.0023123685956001,-0.032116445630975
1775068593685488600,41.41048852539063,0.0067091422498226,0.0047960021048784,-0.0221277154549025
1775068593695528700,41.42052880859375,-0.0255541279733181,0.0012877017229795,-0.0105220333351753
1775068593705567700,41.43056762695313,-0.0099603991307318,-0.0123527010947465,-0.0050503787247464
1775068593715606800,41.440606689453126,0.0308500424243509,0.0122235217571258,0.0408623909380286
1775068593725646800,41.45064672851562,0.0453144749760627,0.012032967621088,0.0527927201685495
1775068593735686000,41.46068579101563,0.0817101688288152,0.0109521866470575,0.0399577337158843
1775068593745726000,41.47072583007812,0.0513759669721126,0.0394949750423431,-0.007587148927059
1775068593755764700,41.4807646484375,-0.1887327658295631,0.0312830270141363,-0.0954435654259286
1775068593765804800,41.4908046875,-0.1947404818117618,0.0121574707835912,-0.0446521203435026
1775068593775843800,41.50084375,0.0320094415925443,-0.0128735100984573,0.0644192258805967
1775068593785882600,41.51088256835938,0.0799345374584197,-0.0075023384541273,0.0321119886515662
1775068593795922700,41.52092260742187,-0.0099228435993194,0.0385240841835737,0.0208064767885021
1775068593805961700,41.53096166992187,0.0541115294158458,0.0285498026579618,-0.0182082952551543
1775068593816001800,41.541001708984375,0.0433176020704209,0.0431195952802896,-0.0434937440886162
1775068593826040800,41.55104077148437,-0.1049240172863006,0.1181669452190399,-0.051019134624768
1775068593836081000,41.56108081054688,-0.1947403356812894,0.1061959369182586,-0.0954462688396684
1775068593846120000,41.57111987304688,-0.0973603040337562,0.055310383811593,-0.0835193554089404
1775068593856158700,41.58115869140625,0.1246719431988894,0.0369277549028396,-0.0212278988046571
1775068593866198800,41.59119873046875,0.1482873581945896,0.0462608159154653,-0.0280327017149887
1775068593876237800,41.60123779296875,0.0036206747151911,0.0725222153753042,-0.0645095162462443
1775068593886277600,41.61127758789063,-0.0905574921511113,0.0495130957096815,-0.1044611124822869
1775068593896316700,41.62131665039063,-0.0384485347293317,0.0567132363468408,-0.0002022811064496
1775068593906356700,41.63135668945313,0.0062403556942939,0.0468505985021591,0.0558922388201579
1775068593916395800,41.64139575195313,-0.0098177757896482,0.0409726463794708,0.0193993134043179
1775068593926434800,41.651434814453125,-0.0586697772420942,0.0506195956468582,-0.0954089325039647
1775068593936475000,41.66147485351563,-0.0998456911087036,0.0282201323121786,-0.1589798709921538
1775068593946514000,41.67151391601563,-0.0473510953702032,-0.0112169750630855,-0.1996266464181244
1775068593956553700,41.6815537109375,0.0086908175863325,-0.0261485867351293,-0.1761741668991744
1775068593966592800,41.6915927734375,0.0591163519658148,-0.0198000944912433,-0.110442598044686
1775068593976631800,41.7016318359375,0.0734722095765173,-0.0272632699787616,-0.0797544864500872
1775068593986671600,41.71167163085938,0.0570810467459261,0.0034580314993858,0.0114662005838006
1775068593996710700,41.72171069335938,0.0124643447756767,0.0175450090408325,0.022427008928731
1775068594006750700,41.73175073242187,0.0093104107894003,0.0142371996670961,-0.0346954110071994
1775068594016789800,41.74178979492188,0.0223651226736605,0.0082318217724561,-0.0229436897465959
1775068594026829800,41.75182983398437,0.0720062286771833,0.0245218623161315,-0.0372052749362774
1775068594036868900,41.76186889648437,0.0030151100374758,0.0048199675023555,-0.1359882321842946
1775068594046907600,41.77190771484375,0.0466601904965937,-0.0303536372095346,-0.0070378627475351
1775068594056947700,41.78194775390625,0.2182489293016493,-0.0255032745689153,-0.0088880754577927
1775068594066986800,41.79198681640625,-0.0853143308006227,0.0420586880505085,-0.1271828665738925
1775068594077026800,41.80202685546875,-0.3037339404940605,0.0320534268647432,-0.0280776733678765
1775068594087065600,41.81206567382812,-0.1485667596578598,-0.0098684830635786,0.0163749058155342
1775068594097105700,41.82210571289063,0.1168997017621994,0.0091857614964246,0.0078563395235687
1775068594107145000,41.83214501953125,0.0879354730844497,0.0631295331299305,0.0707679373201914
1775068594117183700,41.84218383789062,0.0177028299510478,0.0910813698947429,-0.017919504909031
1775068594127223800,41.852223876953126,-0.0198386729359626,0.0698638098210096,-0.0749143712088465
1775068594137262800,41.86226293945312,0.0676281597234308,0.0382937825590372,0.0820906195137649
1775068594147303000,41.87230297851563,0.1645234765939414,0.0724848059743642,0.0657499630277045
1775068594157341700,41.882341796875,0.0561082561910152,0.0014507833302021,0.0207973619002848
1775068594167381800,41.8923818359375,-0.0255425836659967,0.0850514420807361,0.0789276071718893
1775068594177420800,41.9024208984375,-0.0215571672916412,0.0799205089330673,-0.0574886959650553
1775068594187459600,41.91245947265625,-0.0088566756725311,0.0811386525511741,-0.1948571669939905
1775068594197499600,41.92249975585938,0.0002886076830327,0.0709001671314239,-0.1577148925576359
1775068594207539000,41.9325390625,0.0153228029467165,0.1033481462717056,-0.0574395413273945
1775068594217579000,41.9425791015625,0.0685842914044857,0.0467605821311473,-0.0621486506001092
1775068594227617800,41.95261767578125,0.1356150697566568,0.0462760134845972,0.002059014889039
1775068594237657900,41.96265795898437,0.0047545010507106,0.0364145446836948,0.0417277847288642
1775068594247697000,41.97269677734375,-0.1016517176173627,0.0382610493332147,0.1359244462330825
1775068594257735700,41.982735595703126,-0.0886566269658505,0.0270189398288726,0.1470301520745735
1775068594267775700,41.99277563476563,-0.0851589941084384,-0.0283165784239768,0.1674424327805638
1775068594277814800,42.00281469726563,-0.076263739991188,0.0145049106925725,0.0863203660380095
1775068594287854600,42.0128544921875,-0.0738354899309575,0.0387356811076402,-0.0487354076017625
1775068594297894000,42.02289379882812,-0.0318448986805975,0.040215106010437,-0.0353432347909081
1775068594307933700,42.03293359375,-0.0596330693162977,0.0312859496235847,0.0332726299287751
1775068594317972700,42.04297265625,-0.0753869571566581,-0.009099252256751,0.0172311664518434
1775068594328011800,42.05301171875,0.0025685353137552,0.0218213711857795,0.0104627865617629
1775068594338051000,42.06305102539063,-0.011899550499767,0.0647667789429426,0.0237881594804115
1775068594348090000,42.07309008789063,0.0093080727018415,0.0284258840173482,-0.0143393631336279
1775068594358130200,42.08313012695312,-0.0276183670267462,-0.0037450317472219,0.0734477509886957
1775068594368169000,42.0931689453125,0.0278301100812852,0.0156523271620273,0.0673217149896081
1775068594378209000,42.103208984375,0.0968128992840647,0.0534510196805,0.0661702890653163
1775068594388248300,42.11324829101562,0.0788730457067489,-0.0129027361929416,0.0523071012092288
1775068594398287000,42.123287109375,0.0114475689485669,-0.0555476996988058,0.0053961325556505
1775068594408327200,42.1333271484375,-0.0939475729808211,-0.0278460383027791,-0.0939747349823825
1775068594418366200,42.1433662109375,-0.0877041485466063,0.0397135862290859,-0.051447844898235
1775068594428406300,42.15340625,0.0573404283344745,0.0682487758398056,-0.0478417101650498
1775068594438445000,42.16344506835937,0.1622925026714801,0.0652262131482362,-0.0828013798653148
1775068594448485000,42.17348510742188,0.1470870424941182,0.0058072249740362,0.0423317876371555
1775068594458524200,42.183524169921874,0.0546107111096382,0.0362415262043476,0.0650203792446758
1775068594468563200,42.19356323242187,-0.0142466981478035,0.0923421836107969,0.0560494843416381
1775068594478603000,42.20360302734375,0.0998097430124878,0.0180856917887926,0.0406344730668235
1775068594488642300,42.21364233398437,0.147783938717097,0.0097661917328834,0.0810127246165648
1775068594498682400,42.22368237304688,0.1562438701570034,0.0167640877962112,0.0405794732102658
1775068594508721200,42.23372119140625,0.1713968694947659,0.024164719441533,0.0438847709665074
1775068594518761200,42.24376123046875,0.16320669490695,-0.0372211848914623,0.0716465833182446
1775068594528800300,42.25380029296875,-0.0270668706238269,-0.1481383051127195,-0.0200021564019843
1775068594538839000,42.26383911132813,-0.0636661242246627,-0.0591121141821145,-0.0211979968567378
1775068594548879000,42.27387915039063,0.1485690977454185,0.0621375994831323,0.0720026758800726
1775068594558918100,42.28391821289063,0.2779740608155727,-0.0043026656299829,0.0352675574725028
1775068594568958000,42.2939580078125,0.1125181256771087,0.0353366863191127,-0.0457305723631288
1775068594578997200,42.30399731445313,0.0096900577567517,0.0941208837211132,-0.0810352287093177
1775068594589036300,42.314036376953126,-0.0567149899125099,0.1200584580540657,-0.0531458079225383
1775068594599076400,42.32407641601562,-0.1151861758425831,0.1730453673541545,0.0035686796664725
1775068594609115100,42.334115234375,-0.0429157432712614,0.1377098500788211,-0.0425492023806553
1775068594619155200,42.3441552734375,0.0650891427651047,0.1126058039605617,-0.069120033115847
1775068594629194200,42.3541943359375,0.0990320366382598,0.1267705229133367,-0.0672268945793155
1775068594639234000,42.36423413085937,0.0766249745190143,0.0955786813139915,-0.1127751600449439
1775068594649273000,42.37427319335937,-0.0499454957775771,0.0979945102840662,-0.1697234381235204
1775068594659312000,42.38431201171875,-0.1497252820432186,0.1038876599758863,-0.2253905994835309
1775068594669352000,42.39435205078125,-0.0824804225489497,0.0351519774019718,-0.1283626144103705
1775068594679391200,42.40439111328125,0.0646095425546169,0.0041389995008707,-0.0024896887907292
1775068594689431300,42.414431396484375,0.1891673578545451,0.0363683674544096,0.0517402337072417
1775068594699470000,42.42446997070312,0.1733304679058492,0.059635261273384,0.0403149405225645
1775068594709510100,42.43451025390625,0.1271335110068321,0.032048166167736,0.0444584335354622
1775068594719549200,42.44454907226562,0.0458779540777206,0.0363502472758293,-0.0760051347207743
1775068594729588200,42.45458813476562,0.0874057501219213,0.0426677598595619,-0.0780463308253325
1775068594739628000,42.4646279296875,0.0254056594133377,0.0247790519475936,-0.1290618943866807
1775068594749667000,42.4746669921875,0.0651674686983227,-0.0215974993020296,-0.0965102174099069
1775068594759707100,42.48470703125,0.1038861986711621,-0.0168634565174579,-0.0442262961468659
1775068594769746200,42.49474609375,0.0654874944329261,-0.0052267947375774,-0.0475308449844364
1775068594779786000,42.50478588867188,0.1147311255514621,0.0200485162943601,0.077268788847886
1775068594789825300,42.5148251953125,0.0780979696810245,0.0263116683423519,0.0864423941156361
1775068594799865300,42.524865234375,0.0976224621012806,0.088511227145791,0.0108195641101803
1775068594809904000,42.534904052734376,0.0962602338373661,0.1260913084775209,0.0391456501480191
1775068594819943200,42.544943115234375,0.1649064845621585,0.052639703297615,0.0257372477215714
1775068594829983200,42.55498315429688,0.2868108627438545,0.0369201561182737,0.0463113953252323
1775068594840022000,42.56502197265625,-0.1052323525831103,0.020709026029706,-0.0308641074823215
1775068594850062000,42.57506201171875,-0.1847226534053683,0.0540296963512897,-0.0365638900265097
1775068594860101000,42.58510107421875,0.0287552621021866,-0.0027583587974309,-0.0003316065745428
1775068594870140200,42.59514013671875,0.209527716577053,-0.0129348848968744,-0.0342696050768718
1775068594880180200,42.60518017578125,0.1960349055364728,0.0404167660623788,-0.0304966076104901
1775068594890219300,42.61521923828125,0.1486462546348571,0.0594546440094709,-0.074437657075189
1775068594900259300,42.62525927734375,0.1499742883682251,0.0617711042582988,-0.0399090722685679
1775068594910298000,42.63529809570313,0.1472504163622856,0.0502431635499,0.0397279800806194
1775068594920338200,42.64533813476562,0.1713014462962746,0.0956593453347682,0.0177248225871473
1775068594930377200,42.65537719726562,0.2267266886591911,0.1188899987965822,-0.0214987516352906
1775068594940416000,42.665416015625,0.1352358611807227,0.0603536386758089,0.0692533497724682
1775068594950456000,42.6754560546875,0.1515942907854914,0.0793044228613376,0.0199978455530479
1775068594960495400,42.68549536132812,0.0864393893077969,0.056552492827177,-0.0268342674443498
1775068594970535000,42.69553491210937,0.0193932672560214,0.0194838681489229,-0.0020188290091231
1775068594980574200,42.70557421875,0.0652944560788571,0.0171089557111263,-0.089609507243894
1775068594990614300,42.7156142578125,0.1204559329390525,-0.0090858082532882,-0.046161575058382
1775068595000653300,42.7256533203125,0.1573357570469379,0.0105313308864831,-0.0569052700539119
1775068595010692000,42.73569213867187,0.1637131831243634,0.0253998141944408,-0.0813419931035488
1775068595020732200,42.745732177734375,0.1112684178769588,0.0337725057423114,-0.0463645137519575
1775068595030771200,42.75577124023437,0.0936126419380307,-0.0096077863007783,-0.0363439819318242
1775068595040811000,42.76581103515625,0.0661250616841018,-0.0181400523245334,-0.0205719191139563
1775068595050850000,42.77585009765625,0.0967281436100602,0.0102320556789636,0.0096391130208037
1775068595060890000,42.78589013671875,0.1203961655758321,0.0441360788464546,0.0011482749859802
1775068595070929200,42.79592919921875,0.1239727088883519,0.0245849906802177,0.0196892362616024
1775068595080968200,42.80596826171875,0.1564811860442161,0.0583756166011095,0.0439516073913313
1775068595091008300,42.81600830078125,0.1909209235236048,0.0655266573995351,0.0087251034484244
1775068595101047000,42.82604711914063,0.1998734607860446,0.0596533814519643,0.0008314823880791
1775068595111087000,42.83608715820313,0.1351508132457733,0.0518815784066915,-0.0023015184080228
1775068595121126100,42.84612622070313,0.1035968603357672,0.0505664041548967,-0.0055247730371542
1775068595131166200,42.85616625976562,0.1345776895329356,0.0228244107484817,0.0243737225497141
1775068595141205000,42.866205078125,0.1523696590721607,0.0532902761608362,0.0263073209607973
1775068595151244300,42.87624438476563,0.1644564027070999,0.0452075074702501,-0.0026429157242178
1775068595161284000,42.8862841796875,0.148568220962584,0.0026455460727214,-0.0116398949165828
1775068595171323100,42.8963232421875,0.1248842707753181,0.0335784444749355,0.0018918416285887
1775068595181363200,42.90636328125,0.1552851081274449,0.0699877284616231,0.0612892938244156
1775068595191402200,42.91640234375,0.0716939478576183,0.0927566096305847,0.0337195334460586
1775068595201442300,42.9264423828125,0.0509209166809916,0.0828349350750446,-0.0160332893036305
1775068595211481000,42.93648120117187,0.0528793572723865,0.0532148728370666,0.002960786034353
1775068595221520100,42.94652001953125,0.0629179362058639,0.0006418050348758,-0.0277811563730239
1775068595231560200,42.95656030273437,0.1811214140430092,-0.0583586654663085,0.0031992526990361
1775068595241599000,42.96659887695313,0.2127026933513581,-0.0425917720139026,0.0851662275668233
1775068595251639000,42.97663916015625,0.1989069538414478,-0.0224859725743532,0.0917383176998235
1775068595261678300,42.98667822265625,0.1523547537639737,0.0359931044012308,0.0606234868594445
1775068595271718100,42.99671826171875,0.1140260460220277,0.0532692333728075,0.0578892395899631
1775068595281757200,43.00675708007813,0.0967709598384797,0.0834697258472442,0.0810160308185033
1775068595291796200,43.01679614257812,0.1443555717036128,0.0848047738432884,0.0885333659123629
1775068595301836300,43.02683618164063,0.1865139207363128,0.0823351688593626,0.0402998982170596
1775068595311875000,43.036875,-0.0512885809496045,0.0309393281430006,-0.0431290024294517
1775068595321915100,43.0469150390625,-0.1332847271129489,0.0424222606658935,-0.054696599294804
1775068595331954200,43.0569541015625,0.156209091104567,0.0529927545189857,-0.0048975262505933
1775068595341994800,43.06699487304687,0.1017152843728661,0.0308346987247467,-0.0502573016731068
1775068595352033500,43.07703344726563,-0.1244213294386863,0.0572474893540143,0.0108669012500904
1775068595362072800,43.08707275390625,0.1327002052232623,0.0444213255286216,0.0623687413578852
1775068595372112600,43.09711254882812,0.3426664593480527,-0.0004869067341089,0.1290883348690346
1775068595382151700,43.10715161132813,0.0843137754559516,0.0282072728306055,0.0389079141356982
1775068595392191700,43.11719165039062,-0.1195776887997984,0.0729886638432741,-0.0258531839851289
1775068595402230800,43.12723071289062,-0.0840305746003985,0.050683308532834,0.0113507757768966
1775068595412270600,43.1372705078125,0.0728173989295959,-0.0102875852584838,0.0458733692341484
1775068595422309600,43.1473095703125,0.0984858009323477,-0.0724269383072853,0.0158753770618699
1775068595432348700,43.1573486328125,-0.0150908938869833,-0.0948719943493604,-0.0211857584296725
1775068595442388700,43.167388671875,-0.0692050536513328,-0.0484188707321882,-0.0187369587717577
1775068595452427500,43.17742749023437,0.0166731946423649,0.0050146132916212,-0.0402871300670318
1775068595462467600,43.18746752929688,0.1072094978749752,0.0687964728504419,0.0130897283987142
1775068595472507000,43.1975068359375,0.1370519706919789,0.1775064384162425,0.0610880173649638
1775068595482546700,43.207546630859376,0.1537502997756004,0.2234896064341068,0.0007884286976419
1775068595492585700,43.217585693359375,0.1119724744930863,0.1884521953225135,0.0305733626411296
1775068595502624800,43.227624755859374,0.0567398320928215,0.1514203955233097,0.0383677793770097
1775068595512664600,43.23766455078125,-0.020212766945362,0.1585007091730833,-0.2198956005301326
1775068595522703600,43.24770361328125,-0.0031669395983219,0.0156254391551017,-0.1783897057904861
1775068595532743700,43.25774365234375,0.0567407088756561,-0.0322603476136922,-0.0195228667187504
1775068595542782500,43.267782470703125,0.0684817078128457,-0.0111631990492343,-0.0510900992354378
1775068595552822500,43.27782250976563,0.077129124648869,0.0331307007074356,-0.0199749578678049
1775068595562861600,43.287861572265626,0.0522153404057025,0.0203635735929012,0.0728183670439757
1775068595572900900,43.29790087890625,0.052160395348072,0.0028618191719055,0.0224481065156869
1775068595582940700,43.30794067382813,0.0274164147138595,-0.0157563720583915,0.0061809719235636
1775068595592979700,43.31797973632813,-0.0246061795987188,0.0023398411244153,-0.0176381854833103
1775068595603019800,43.32801977539062,-0.134287766675651,0.0324485636621713,-0.1278417506077326
1775068595613058600,43.33805859375,-0.1218526479944586,-0.0293429988622665,-0.1277057214042171
1775068595623098600,43.3480986328125,0.1370787125684321,-0.0104278705120086,-0.0714823874661698
1775068595633137700,43.3581376953125,0.0951471580289304,0.0269289234578609,-0.0986212821465916
1775068595643177700,43.368177734375,-0.0612565788649022,0.0483989969879388,-0.055650356355682
1775068595653216500,43.37821655273437,-0.0800968884132802,0.0460907200455665,-0.0435709375106729
1775068595663255800,43.388255859375,-0.0259821441270411,0.0422778837591409,-0.0677754409733228
1775068595673295600,43.39829565429688,0.0330992826558649,0.0410083022147417,-0.0896261843840591
1775068595683334700,43.40833471679687,0.0282056653954088,0.0510661703705787,-0.0766337971462868
1775068595693374700,43.418374755859375,-0.0118899058885872,0.0583802927762269,0.0018769911193288
1775068595703413800,43.428413818359374,-0.0027951836764812,0.0458048888415098,0.0203587147546932
1775068595713452500,43.43845263671875,-0.010056114590168,0.0745633658140897,0.0013657171289436
1775068595723492600,43.44849267578125,0.0264449393332004,0.0838923351734876,0.0166292276364751
1775068595733531600,43.45853173828125,0.0472260076858103,0.0534340685456991,-0.0021326098482124
1775068595743571700,43.46857177734375,0.0608640724159777,0.0423164622038602,-0.0775209735106676
1775068595753610500,43.47861059570312,0.0476046317398548,0.026990298256278,-0.1057549882177263
1775068595763650600,43.48865063476563,0.04430778215155,0.0122621002018451,-0.1203155380876734
1775068595773689900,43.49868994140625,0.0599542640946805,0.0095996029943227,-0.0989182557991705
1775068595783729700,43.50872973632813,0.0137117144882678,0.0203460379362106,-0.0716662378667853
1775068595793768700,43.51876879882813,0.0058836512111127,0.0058592474222183,-0.0437538197969086
1775068595803807700,43.528807861328126,-0.0137033850513398,-0.0005026888251304,-0.0652882820663973
1775068595813847600,43.53884765625,0.0275929403245449,-0.028487843337655,-0.042514962184336
1775068595823886600,43.548886474609375,0.045878100208193,0.001586976930499,-0.0072932988133281
1775068595833926700,43.5589267578125,0.0140403619207441,-0.0522112487524747,-0.0212238254177384
1775068595843965700,43.56896557617188,-0.0313736279070377,-0.0857306565165519,0.0133611109523102
1775068595854005500,43.57900561523437,0.0070879124343395,-0.0709463443607091,-0.0509260129812173
1775068595864044500,43.58904443359375,0.0474139314733445,-0.0339694896191358,-0.1217978855999186
1775068595874083800,43.59908374023438,0.0269523043334484,0.0080886139094829,-0.0705690720135346
1775068595884123600,43.60912353515625,0.0171066176235675,0.0361982715845108,0.0011111761122941
1775068595894162700,43.61916259765625,0.0535981730662286,0.0296101253658533,0.0060226578230038
1775068595904202800,43.62920263671875,0.0689933105967938,0.0371411053925752,0.0213926974449306
1775068595914241500,43.63924145507813,0.0831482388079166,0.0139741648167371,0.0262136878605931
1775068595924281600,43.649281494140624,0.0664284285448491,0.0040729485273361,0.0268063382578082
1775068595934320600,43.65932055664062,0.0358056190051138,0.0257166250586509,0.0388437993909232
1775068595944359400,43.669359375,0.0003754091836512,0.0169604871511459,0.0024233912220224
1775068595954399500,43.6793994140625,-0.040228988405317,-0.0129646955132484,-0.0138246185445226
1775068595964438800,43.68943872070312,-0.034739304947853,-0.0354898310542106,0.0160120638525113
1775068595974478800,43.699478759765626,0.0141676415622234,-0.0383440514415502,-0.0202767538259737
1775068595984517600,43.709517578125,0.0069615095756947,-0.0231172562152147,-0.0625952435901388
1775068595994557700,43.7195576171875,-0.0248724293194711,-0.0199251821756362,-0.0838680227161385
1775068596004596700,43.7295966796875,-0.0259608090780675,-0.0087719199985265,-0.084798745961301
1775068596014635500,43.73963549804687,-0.0029284546673297,0.0391816713094711,-0.0717422987776808
1775068596024675600,43.749675537109376,-0.0055905134834349,0.0076572367548942,-0.031090591448266
1775068596034714600,43.759714599609374,-0.030079642573744,-0.010251929423213,-0.0351500411732122
1775068596044754700,43.76975463867188,-0.0027566052317619,-0.005214519777894,-0.0217324507933109
1775068596054793500,43.77979345703125,-0.0164123517490923,-0.0001987374424934,-0.0127253885983489
1775068596064833500,43.78983349609375,-0.0219512811757624,0.0053261634588241,-0.0251607995404861
1775068596074872800,43.79987280273438,0.0042097266495227,0.0250467629730701,0.0121365558597259
1775068596084911600,43.80991162109375,0.0718646282494068,0.0575239682078361,0.079364171958249
1775068596094951700,43.81995166015625,0.1159786413945257,0.0953454570800066,0.1252331755445338
1775068596104990700,43.82999072265625,-0.0175685360468924,0.092364395442605,0.0127629441297613
1775068596115030800,43.84003076171875,-0.147250562492758,0.0844353560090065,-0.0142876146800816
1775068596125069600,43.85006958007813,0.0038062604151666,0.0599526566594839,0.0322520729756914
1775068596135109600,43.86010961914062,-0.0069360828734934,0.0199222595661878,0.0400896347335539
1775068596145148700,43.87014868164062,-0.1340508891798555,0.0349924029260873,0.0581132210715673
1775068596155187700,43.88018774414063,-0.0308360138989984,0.0007528641939163,0.117699455571454
1775068596165227800,43.89022778320312,0.215280434884876,0.0068850833386182,0.164839410675317
1775068596175266800,43.90026684570312,0.1709703146457672,0.0432440984427928,-0.0076224029035307
1775068596185306600,43.910306640625,-0.1104315286614,0.0279150118857622,-0.0456162161353044
1775068596195345700,43.920345703125,-0.1698737515807151,0.0545031590819358,-0.0063787960506044
1775068596205385700,43.9303857421875,-0.0296130479753017,0.0188017311036586,0.0156029533286578
1775068596215424500,43.94042456054687,0.1331951491333544,-0.00136135148108,0.0444781154834665
1775068596225463600,43.95046362304687,0.1328045423805713,-0.0085363576769828,0.053453814425785
1775068596235503600,43.960503662109375,0.0077120356820523,-0.0003781856626272,0.0524894263730384
1775068596245542700,43.97054272460937,-0.0767490392901003,-0.0133107324719429,0.0406385373205877
1775068596255582500,43.98058251953125,-0.0279765328146517,0.0005167173504829,0.1229218298622406
1775068596265621800,43.99062182617188,0.0375813965059816,0.0195522572100162,0.146459010256268
1775068596275661800,44.00066186523438,0.0393931221030652,0.0390501538842916,0.0786875696046277
1775068596285700600,44.01070068359375,-0.0217921450912952,0.0455839395672082,0.015197532599233
1775068596295739600,44.02073974609375,-0.0743864018119871,0.0524368742018938,-0.0278759585170075
1775068596305779700,44.03077978515625,-0.0637633009888231,0.042572482791543,-0.0778639051968231
1775068596315818500,44.040818603515625,-0.027822072905302,0.0296662394672632,-0.0398104341996833
1775068596325858600,44.05085864257813,-0.0284942730784416,0.0029132570981979,-0.0194454175683669
1775068596335897600,44.060897705078126,-0.0449858275435864,-0.0177320560455322,0.0323457060758955
1775068596345937000,44.07093701171875,-0.0499215303801,-0.0255798469364643,0.0452589271302334
1775068596355976200,44.08097607421875,0.0074479779183864,-0.0235492178916931,0.0289801751655526
1775068596366015000,44.09101489257812,0.0433225705064833,-0.0021557167291641,0.0187951917650178
1775068596376055000,44.10105493164063,0.0627095541521906,0.0529746343404054,-0.0152753653421066
1775068596386094000,44.111093994140624,0.0445500664748251,0.0562052868247032,-0.0558665198570117
1775068596396134100,44.12113403320313,-0.0072281976878643,0.0328793562948703,-0.07944109138567
1775068596406173000,44.1311728515625,0.0270456817053258,0.0080570497274398,-0.0562643235355615
1775068596416213000,44.141212890625,0.1565888842023909,0.0058259296745061,-0.0270087289621122
1775068596426252000,44.151251953125,0.0056314300157129,6.19593203067e-05,-0.0013749050823971
1775068596436291800,44.16129174804688,-0.1079587088070809,-0.0139402625471353,0.0251994145178236
1775068596446331100,44.1713310546875,-0.0933072292506694,0.012915011152625,-0.0151795768174342
1775068596456370200,44.1813701171875,-0.0551367808103561,0.0316746566802263,-0.0023615049669519
1775068596466410000,44.19140991210938,0.0128793553173542,0.0349924029260873,-0.0146178512814454
1775068596476449000,44.20144897460938,0.0407515509746968,0.0304664499342441,-0.0062481006093323
1775068596486489000,44.21148901367187,0.0266306711636483,0.0677571929305791,0.0522698105392977
1775068596496528000,44.22152783203125,0.0452102839492261,0.1038186863929033,0.0822328227297402
1775068596506568000,44.23156787109375,0.0691397333301603,0.110980833107233,0.093378467855975
1775068596516607000,44.24160693359375,0.0235049403585493,0.0534007507979869,0.0345205476306378
1775068596526646000,44.25164599609375,0.0125239660084247,-0.0007423427999019,-0.0321040245408192
1775068596536685800,44.26168579101562,0.0051193888403475,-0.0381686948746442,-0.0857072025757283
1775068596546725000,44.27172509765625,0.0026467151165008,-0.0512625697255134,-0.1086884295874275
1775068596556765200,44.28176513671875,0.0520341386198997,-0.039403789627552,-0.0852910229902714
1775068596566804000,44.29180395507812,0.0672607877157628,-0.0120014034390449,-0.0395790000639855
1775068596576844000,44.30184399414063,0.069022828952223,0.0499888965278863,-0.0353671545226126
1775068596586883000,44.31188305664063,0.0409681163348257,0.0329682036221027,-0.0985336403957568
1775068596596921900,44.321921875,0.0111140992105007,0.0299900645941495,-0.1309813820740208
1775068596606962000,44.3319619140625,-0.0003891454480588,0.0545090043008327,-0.0459445530405268
1775068596617001000,44.3420009765625,-0.0208849671185016,0.0429091674000024,-0.0877996813429519
1775068596627041000,44.352041015625,-0.0109726449131965,0.0553454551249742,-0.0373435874284245
1775068596637080000,44.362080078125,0.0018413900829851,0.0637462037235498,-0.0395895945232361
1775068596647120000,44.37211987304688,0.0544178188860416,0.0632400077670812,-0.0012293956644833
1775068596657159200,44.3821591796875,0.0869160669088363,0.0560410361737012,0.0053048649424687
1775068596667198000,44.39219799804688,0.0227519300341606,0.0341875162839889,-0.1053504625374451
1775068596677238000,44.40223803710938,0.0216742178000509,0.0362725058645009,-0.0629012042667716
1775068596687277000,44.412277099609376,0.0916885420076549,0.0075911857813596,-0.0503812568463385
1775068596697317000,44.42231713867187,0.0944822643794119,0.009647533789277,-0.0619463146947324
1775068596707356000,44.43235595703125,0.1016997945427894,0.0307318228721618,-0.0110338735811412
1775068596717396000,44.44239599609375,0.0580700577832758,0.0398018490344285,-0.0338965705133974
1775068596727435000,44.45243505859375,0.0287584769725799,0.0226490541815757,-0.0728259475622326
1775068596737474000,44.46247412109375,0.0367220031976699,0.0046732525080442,-0.0635179844582453
1775068596747514000,44.47251416015625,0.0589174683928489,-0.0275374107450246,-0.041618031610921
1775068596757553200,44.48255322265625,0.0825859287500381,-0.0395598569720983,-0.076449508354254
1775068596767593200,44.49259326171875,0.0437725062310695,-0.014880758267641,-0.0166287709787488
1775068596777632000,44.50263208007812,0.0039748949803411,0.00033551556468,-0.0203639754517003
1775068596787672000,44.51267211914063,0.0232439513348042,0.0205897835642099,-0.0426367436667904
1775068596797711000,44.522711181640624,0.0528628445290029,0.0337865342676639,-0.0117024204924702
1775068596807750000,44.53275,0.0641897097073495,0.0422866515874862,0.027470300325565
1775068596817790000,44.5427900390625,0.1013457204081118,0.0153852006584405,-0.0335002281395718
1775068596827829200,44.55282934570312,0.0917680369846522,-0.0032668928414583,-0.0621023089740425
1775068596837869000,44.562869140625,-0.0332138489462435,-0.0086731357991695,-0.0533027337836101
1775068596847908000,44.572908203125,-0.0669990680396556,-0.0026245032846927,-0.0884141234468668
1775068596857948200,44.5829482421875,0.0157889591537415,-0.0012765958070755,-0.0516688489714637
1775068596867987000,44.59298706054688,0.1117747599638998,-0.0122433955013751,0.0243987839257344
1775068596878027000,44.60302709960938,0.148375182608515,0.0282066883087158,0.0922717121904715
1775068596888066000,44.61306616210938,0.1196986848309636,0.05859831944108,0.0657762847790494
1775068596898105000,44.62310498046875,-0.0932182357929646,0.0860422066837549,-0.0475358408199623
1775068596908145000,44.63314477539063,-0.1642623414397239,0.0738660311996936,-0.0016154723726212
1775068596918184000,44.64318383789063,0.0858348475433886,0.0541050996750593,0.0362078431304544
1775068596928224000,44.65322412109375,0.1711551696933805,0.0336152693539857,0.0075526438692584
1775068596938263000,44.663262939453126,0.0165710494421422,0.0348491950631141,0.0138411130215972
1775068596948303000,44.67330322265625,-0.0104116500295698,0.0157657244086265,0.0044205929212272
1775068596958342100,44.68334204101563,0.0736393828369677,0.068134209549427,-0.0048255569929257
1775068596968381000,44.693380859375,-0.0183900815628468,0.1064963811695575,-0.0093787998504936
1775068596978421000,44.7034208984375,-0.0746117350004613,0.136307582065463,-0.058845754863508
1775068596988460000,44.7134599609375,0.038141222345829,0.0721504594534635,-0.0558966227343305
1775068596998500000,44.7235,0.1597472021028399,0.0235094704031944,-0.0191348720481619
1775068597008539000,44.73353881835938,0.1444645850360393,0.0215495685070753,-0.0153855294520035
1775068597018579000,44.74357885742187,-0.0160110774718225,0.033191490983963,-0.0469815314054489
1775068597028618000,44.75361791992187,-0.1157131223261356,0.0263923323631286,-0.0344091962106525
1775068597038657000,44.76365698242188,-0.0853144769310951,-0.030112229669094,0.0235955412514507
1775068597048697000,44.77369702148437,-0.0022911796770989,-0.0353565600633621,0.0778920718453824
1775068597058736000,44.78373608398437,0.0154955291651189,-0.0042325230032205,0.0563186110060662
1775068597068776200,44.79377612304688,-0.0658240329109132,0.0601642535835504,-0.0017379662411287
1775068597078815000,44.80381494140625,-0.1121907934188842,0.0675777447104454,-0.0926709771737456
1775068597088855000,44.81385498046875,-0.0351950858913362,0.1050777465432882,-0.0928799802819266
1775068597098894000,44.82389404296875,0.0856207664012908,0.116027595102787,-0.0669430635361
1775068597108932900,44.83393286132812,0.1282990476548671,0.1240928281366825,-0.0719464247813448
1775068597118973000,44.84397290039063,0.0758148271799087,0.126995563840866,-0.0391248996209353
1775068597129012200,44.85401220703125,0.0070681848205626,0.0899725318700075,-0.0330474063381552
1775068597139052000,44.86405200195313,-0.0235350432358682,0.0609790770977735,-0.0424016197366639
1775068597149091000,44.874091064453125,-0.0330042978487908,0.039560441493988,-0.0280835733857005
1775068597159131100,44.88413110351563,-0.02118175810799,0.0054185179173946,-0.0580781680244952
1775068597169170200,44.89417016601563,0.0018237082958221,-0.0254968448281288,-0.1004965562328696
1775068597179209000,44.904208984375,-0.0476958171546459,-0.0074567457467317,-0.1241146381096914
1775068597189249000,44.9142490234375,-0.1083924240492284,0.0018757307440042,-0.1156740689573809
1775068597199288000,44.9242880859375,0.1867151423968374,0.0223608848899602,-0.0496753735993057
1775068597209327900,44.93432788085938,0.1548025853075087,0.0422504112303257,-0.0431305550657212
1775068597219367000,44.94436694335938,-0.1382581316113472,0.0548223080337047,-0.0472252770334482
1775068597229407000,44.95440698242187,-0.1252279696464538,0.0444476290136575,-0.0451057275962084
1775068597239446000,44.96444604492188,-0.0099625910878181,0.0004138414978981,-0.0326710838390514
1775068597249486000,44.97448608398437,-0.0001763794802129,-0.0257704010725021,-0.0349713236054405
1775068597259525000,44.98452514648437,-0.1010977369964122,-0.0188935010403394,-0.0746700045263394
1775068597269564000,44.99456396484375,-0.1126361990988254,-0.0164852708548307,-0.0200781807802617
1775068597279604000,45.00460400390625,-0.0160357735216617,-0.0183130708038806,0.0010777122341096
1775068597289643000,45.01464306640625,0.0632592969894409,0.0157528649270534,0.0039631314773112
1775068597299683000,45.02468310546875,-0.0133376204788684,0.0296533799856901,-0.0013647490145638
1775068597309721900,45.03472192382812,-0.1200841770172119,-0.0234229611635208,-0.0441402435649186
1775068597319762000,45.04476196289063,-0.1408367499276995,-0.0401128146797418,-0.0638097339464351
1775068597329801000,45.054801025390624,-0.1071848018251359,-0.0106482352644205,-0.0685454937640577
1775068597339840000,45.06484008789062,-0.0615885872982442,0.0141904379159212,-0.0885877629807218
1775068597349880300,45.07488037109375,-0.0242097276270389,0.0221738378852605,-0.1237823374154046
1775068597359919400,45.08491943359375,-0.0339690512277185,0.0089542908281087,-0.0859166806079447
1775068597369959200,45.09495922851563,-0.1042820661209523,0.002457914546132,-0.0714161538295447
1775068597379998200,45.104998291015626,-0.1439418763361871,0.0087982234835624,-0.0234245320660993
1775068597390038300,45.11503833007812,-0.1702969454288482,0.0175239662528038,-0.0131190092921257
1775068597400077000,45.1250771484375,-0.1383713827274739,0.0201192434430122,0.0114995183315128
1775068597410116000,45.1351162109375,-0.0908428849637508,0.0522065725773572,0.0204714178815484
1775068597420156200,45.14515625,-0.0004803308628499,0.0936357305526733,0.0236774473812431
1775068597430195200,45.1551953125,0.0747664871707558,0.1180652384102344,-0.0178471703251823
1775068597440235300,45.1652353515625,0.05539528561607,0.0814496181964874,-0.0365093468276783
1775068597450274300,45.1752744140625,0.0338159064926207,0.0355377618491649,0.0289883402056992
1775068597460314400,45.185314453125,-0.0160626615285873,-0.0184048407405614,0.0790405112281441
1775068597470353200,45.19535327148437,-0.0390321798361837,-0.0420884986668825,0.0134777230693027
1775068597480392200,45.20539208984375,-0.0459587642289698,-0.0732382546901702,-0.0193549445396289
1775068597490432300,45.21543237304687,-0.065493339651823,-0.1097410621792078,-0.0259086770320311
1775068597500471000,45.22547094726563,-0.0634310002945363,-0.1240332069039344,-0.0535514843802899
1775068597510511000,45.23551098632812,0.0042529812693595,-0.1083662666946649,-0.0178798304857686
1775068597520550100,45.24555004882812,0.0471698935844004,-0.0977490110903978,-0.0263485662866383
1775068597530590200,45.255590087890624,0.0262311504520475,-0.0920545988410711,-0.0063445832537487
1775068597540629200,45.26562915039062,-0.0182757344681769,-0.0566097759723663,0.0016118191108107
1775068597550669300,45.27566943359375,-0.0631084903419017,-0.0517488919377326,0.0081381521396338
1775068597560708400,45.285708251953125,-0.0996867011547088,-0.0734527742236852,0.0194295806784182
1775068597570747100,45.2957470703125,-0.0579097526550293,-0.0482002595454454,0.0357032180765643
1775068597580787200,45.305787109375,-0.022661986728385,-0.008442834174633,0.0338277065282687
1775068597590826200,45.315826171875,-0.0373076941311359,-0.0178372699856758,0.0086024451831355
1775068597600866000,45.32586596679688,-0.0637748452961444,-0.036147418180108,-0.0191940548894926
1775068597610905000,45.33590502929688,-0.0666062693297862,-0.0412356812298297,-0.0190757988046854
1775068597620945200,45.34594506835938,-0.0649238692007958,-0.0060059624165296,-0.0303621127769351
1775068597630984200,45.355984130859376,-0.0491536147475242,-0.0305184723824262,-0.0337533991830423
1775068597641023200,45.366023193359375,0.0010731821894645,-0.0187818573594093,-0.0058380585037171
1775068597651063300,45.37606323242188,0.0041116731025278,-0.0106441436111927,0.0678892948776483
1775068597661102300,45.38610229492188,-0.0188754539269953,-0.0071925418525934,0.0761994425833225
1775068597671142100,45.39614208984375,-0.1403331843197345,-0.045938744354248,0.0096202439235523
1775068597681181200,45.40618115234375,-0.3758066585361957,-0.0419452908039092,-0.0609559884831309
1775068597691221200,45.41622119140625,-0.1920223088942468,-0.0636596944838762,-0.0135581313617527
1775068597701260000,45.42626000976563,-0.0772350692413747,-0.0774222623765468,-0.0029332769729197
1775068597711299000,45.436299072265626,-0.3376607600152492,-0.0367372007668018,0.0254720026478171
1775068597721339100,45.44633911132812,-0.2834532228790223,-0.0066553662359714,0.0342036271685734
1775068597731378200,45.45637817382813,0.0384848481517285,0.0115899000287055,0.0703697865817695
1775068597741418200,45.46641821289062,0.0540364914182573,0.0372100789755582,0.0945927755491808
1775068597751457300,45.47645727539062,-0.1251858840703964,0.0707131201267242,0.0135968559369444
1775068597761497300,45.486497314453125,-0.1621964949510991,0.050673956182599,-0.0472313779806718
1775068597771536100,45.4965361328125,-0.0776570940457284,0.0253115513890981,-0.0282071632327511
1775068597781576200,45.506576171875,-0.0385128321371972,0.0029921675533056,0.0079577175388112
1775068597791615200,45.516615234375,-0.0608672872863709,0.0,0.0090056191565468
1775068597801654000,45.52665405273437,-0.1067395422756671,0.0194260004818439,0.0375551660861819
1775068597811694000,45.53669409179688,-0.0969009428936988,0.0192968211442232,0.033664223062247
1775068597821733000,45.54673315429688,-0.023223054677248,0.0425882648825645,0.0588042172767221
1775068597831773200,45.556773193359376,0.0091724636234343,0.0457300700396299,0.083759027650021
1775068597841812200,45.566812255859375,0.0080067808449268,0.0837690010547637,0.0739946260154247
1775068597851852300,45.57685229492188,-0.0719922732170671,0.0865764596909284,0.0099689842959865
1775068597861891300,45.58689135742188,-0.0980335271202027,0.0463426489800214,-0.0039085152132436
1775068597871930000,45.59693017578125,-0.0643568829677999,-0.0170002346396446,-0.0368247694524005
1775068597881970200,45.60697021484375,0.0023462708652019,-0.0520779777616262,-0.0517834152618423
1775068597892009200,45.61700927734375,-0.0129671797312796,-0.0816278973728418,-0.0112708972074091
1775068597902049300,45.62704931640625,-0.064710080319643,-0.0730658207327127,0.0453995229110121
1775068597912088000,45.63708813476563,-0.0593769025981426,-0.06919160964787,0.0734835712207481
1775068597922128100,45.64712817382812,-0.0845160200297832,-0.0601449643611907,0.084622366481088
1775068597932167200,45.65716723632813,-0.0634719168268144,-0.0392921459466218,0.0684895623257383
1775068597942206200,45.66720629882813,-0.0433189172446727,-0.0365039765328168,0.0210054151603952
1775068597952246300,45.67724633789062,-0.0234815594829618,-0.0176566527217626,0.0074389908943325
1775068597962285300,45.68728540039063,-0.0773988815009593,0.0199994164556264,0.0098923753958195
1775068597972325000,45.6973251953125,-0.1706687013506889,0.0551017094969749,-0.0161438735386356
1775068597982364200,45.7073642578125,-0.0274471021130681,0.0499251836419105,0.0233348079560324
1775068597992404200,45.717404296875,0.0267616040669381,0.0595060819357633,0.0113643476445227
1775068598002443300,45.727443359375,-0.1678583201050758,0.039952071160078,-0.0108999815357849
1775068598012482000,45.73748193359375,-0.2038414876341819,0.0223626384556293,-0.0625366087380796
1775068598022522000,45.74752221679688,-0.0970657050013542,0.02088788972795,-0.0859395865594968
1775068598032561400,45.7575615234375,0.0058064943216741,0.0266606279104948,-0.0925994463074952
1775068598042601200,45.767601318359375,0.0393007676444947,0.0090033906668424,-0.0941718832559883
1775068598052640300,45.77764013671875,0.0125986386798322,-0.0140408003121614,-0.090784030915983
1775068598062680300,45.78768041992188,-0.0181797998130321,-0.0359258843839168,-0.0526507726809009
1775068598072719000,45.797718994140624,0.0087711893461644,-0.0444978978961706,-0.0175135179240256
1775068598082759200,45.80775927734375,0.0499039947234094,-0.0792389564096927,-0.0110287955472245
1775068598092798200,45.817798095703125,0.0759701638720929,-0.0806096602410078,-0.0227338463881984
1775068598102837000,45.8278369140625,0.0886393835701048,-0.0417459688395261,-0.0688010759603232
1775068598112877000,45.837876953125,0.0163864866554737,-0.0314969620257616,-0.0931780133804306
1775068598122916000,45.847916015625,0.0028584581710398,0.0017412907093763,-0.099854495469667
1775068598132956200,45.8579560546875,-0.0221883048020303,0.0394791929513216,-0.1029374100463464
1775068598142995200,45.8679951171875,0.0184228147886693,0.0635357758432626,-0.1042550319835543
1775068598153035300,45.87803515625,0.0168191789843142,0.0752110160678625,-0.0819587367624044
1775068598163074300,45.88807421875,-0.0571557194173336,0.073936173826456,-0.0885633226592093
1775068598173113000,45.898113037109376,-0.0293221022047102,0.0737368518620729,-0.0760548099482432
1775068598183153200,45.90815307617188,0.0132967039465904,0.0589367576152086,-0.1103938269995152
1775068598193192200,45.91819213867188,-0.0197055480755865,0.0471399368375539,-0.0894837985049933
1775068598203232300,45.92823217773437,-0.0500923569023609,0.0292249254405498,-0.0980661507481709
1775068598213271000,45.93827099609375,-0.0214626208759844,0.008325345274806,-0.0895945288704708
1775068598223311000,45.94831103515625,-0.0122575701572,-0.027068624189496,-0.0881217894367873
1775068598233350400,45.95835034179687,-0.026383126143366,-0.0528822798818349,-0.0672323653388768
1775068598243389200,45.96838916015625,-0.0105589495457708,-0.0403939697086811,-0.0805462761485949
1775068598253429200,45.97842919921875,0.0098548929296433,-0.0279214416265487,-0.0842263894334435
1775068598263468300,45.98846826171875,-0.0078431147158145,0.0092173256784677,-0.1072401122089475
1775068598273508400,45.99850830078125,0.0075192895889282,0.0524468110740184,-0.0943607203589752
1775068598283547100,46.00854711914062,0.0222490950785577,0.0952601168841123,-0.0645310339583083
1775068598293587200,46.018587158203125,0.0141105045475065,0.088522333061695,-0.0584404254656285
1775068598303626200,46.02862622070312,-0.0299766205906867,0.0561865821242332,-0.0681462287807837
1775068598313666000,46.038666015625,0.016912702486664,0.0237140530645847,-0.0734086428210139
1775068598323705000,46.048705078125,0.0290647664427757,0.0065653498649597,-0.0971125032851472
1775068598333744400,46.058744384765625,0.0274362884581089,0.0026122283250093,-0.1260728229727596
1775068598343784400,46.06878442382813,0.0033342589892446,-0.0110796124190092,-0.1087745187019929
1775068598353823700,46.07882373046875,-0.0166620887264609,0.003209609696269,-0.1094778081331402
1775068598363863800,46.08886376953125,-0.0133257839106023,0.0068371525436639,-0.1032771633947268
1775068598373902600,46.09890258789063,-0.0168107034169137,0.0056336219727993,-0.1009435328153893
1775068598383942700,46.10894262695312,-0.0270049113035202,-0.002926116579771,-0.1374282931910827
1775068598393981700,46.11898168945312,-0.009092676385492,0.0120171855300664,-0.1197821253307163
1775068598404020500,46.1290205078125,0.0153469144746661,0.0335971491754055,-0.1323331985417753
1775068598414060500,46.139060546875,-0.0011434709466993,0.0308031345427036,-0.0999101711796596
1775068598424099600,46.149099609375,-0.0059003100849688,0.0474532405704259,-0.0790001792177557
1775068598434139600,46.1591396484375,-0.0075147595442831,0.0567845480173826,-0.0931373160438612
1775068598444178700,46.1691787109375,0.0092342768132686,0.0639303281188011,-0.1101775173677131
1775068598454218800,46.17921875,0.0178232414603233,0.0407394221454858,-0.0883741567626595
1775068598464257800,46.1892578125,-0.0035106384694576,0.0230985515147447,-0.0580345846110954
1775068598474296600,46.19929663085937,0.0168413908161222,0.0287947173297405,-0.0364367199828848
1775068598484336600,46.20933666992188,0.0866926334165036,0.0157867671966552,-0.0927581440005451
1775068598494375700,46.219375732421874,-0.0215315944589674,0.0279442379802465,-0.2163727601662278
1775068598504415700,46.229415771484376,-0.0081483812727034,0.024037878191471,-0.1931794795727357
1775068598514454500,46.23945458984375,0.1636040236614644,-0.0025134441256523,-0.1319535515744239
1775068598524494600,46.24949462890625,0.0462380195617675,0.0134054250180721,-0.0812828467948362
1775068598534533600,46.25953369140625,-0.1423696585834026,0.0372691156864166,-0.0710248529570177
1775068598544573400,46.26957348632813,0.0957237888731062,0.0482692331284284,-0.1032611621079966
1775068598554612700,46.27961279296875,0.2269149047076702,0.0673082801192998,-0.1096277379978448
1775068598564651800,46.28965185546875,0.0275765737116336,0.1041986256211996,-0.1706716604927554
1775068598574691800,46.29969189453125,-0.1535994931280613,0.1355237382113933,-0.1751852289270609
1775068598584730600,46.30973071289063,-0.0691736355997622,0.1248474458962678,-0.1538062677465379
1775068598594770700,46.31977075195312,0.125843909587711,0.0916536168247461,-0.1192181713050231
1775068598604809700,46.32980981445313,0.1904978758059441,0.0657049365758895,-0.0731479825908318
1775068598614849500,46.339849609375,0.0711710930272936,0.0711550186753273,-0.1231512729702517
1775068598624888600,46.349888671875,-0.0832511146605014,0.0224012169003486,-0.1636837378341704
1775068598634927900,46.35992797851563,-0.0997419384732842,-0.0729243664354085,-0.0961983841149136
1775068598644967700,46.3699677734375,0.0227367324650287,-0.1160235034495592,0.0082709116738289
1775068598655006700,46.3800068359375,0.0565302809953689,-0.107791681677103,-0.0035434082278981
1775068598665046800,46.390046875,0.0149704823777079,-0.0818956083983182,-0.0878975522268563
1775068598675085600,46.40008544921875,-0.0263772809244692,-0.0329699571877717,-0.1231410073045641
1775068598685125600,46.41012573242188,-0.0089000764228403,0.0011240355938673,-0.1475090307658538
1775068598695164700,46.42016455078125,0.0286789819955825,0.0359019189864397,-0.1683291524872183
1775068598705203700,46.43020361328125,0.0687957421980798,0.098666125935316,-0.0960631768953055
1775068598715243500,46.44024340820312,0.0783269561313092,0.1035123969227075,-0.0537786076670512
1775068598725282600,46.45028247070312,0.0521148026406764,0.0745715491205453,-0.0547160346476361
1775068598735322600,46.460322509765625,0.041215661355108,0.072498249977827,0.0077353800250217
1775068598745361700,46.47036157226562,0.0135281746149063,0.042809214156866,0.0275156738372519
1775068598755401700,46.480401611328126,0.0324677067540586,0.0306967515587806,-0.0150937068985775
1775068598765440800,46.490440673828125,0.0506732255302369,-0.005380523994565,-0.0647604588000103
1775068598775480800,46.50048071289063,0.0968843570850789,-0.041173721909523,-0.0904792392831295
1775068598785519600,46.51051953125,0.045639323016256,-0.0604378098279237,-0.0918835531231015
1775068598795558700,46.52055859375,0.0839092863082885,-0.0698673169523477,-0.0742335858704522
1775068598805598700,46.5305986328125,0.1578093659080565,-0.0412719215869903,-0.0433116837862879
1775068598815637500,46.54063745117188,-0.0192144035577774,-0.0483323614925146,-0.0317886749813333
1775068598825677600,46.55067749023438,-0.0965804057024419,-0.0621533815741539,-0.0238115220896899
1775068598835716600,46.56071655273438,-0.0338121071003377,-0.0098608842790126,-0.0540711608728393
1775068598845756700,46.57075659179687,0.061267246389389,-0.0107481885075569,-0.0122131464935839
1775068598855795700,46.58079565429688,0.0952842284120619,-0.001850011780858,-0.0027119623724371
1775068598865834800,46.59083471679688,0.0529496460296213,0.0430897846639156,0.0374173650506883
1775068598875874800,46.60087475585937,0.0263164906479418,0.0799836372971534,0.096529844558984
1775068598885913600,46.61091357421875,0.05535787621513,0.0723743313372135,0.1106770643876865
1775068598895953700,46.62095361328125,0.1074349771939218,0.0884989521861076,0.0832721939811483
1775068598905992700,46.63099267578125,0.0475379962444305,0.0667781187653541,0.0529226118922233
1775068598916032500,46.64103247070312,-0.0121812900505959,0.034219080466032,0.0239895820703357
1775068598926071600,46.65107153320312,-0.0804218825839459,-0.0220674549013376,-0.0346665319725871
1775068598936110800,46.66111083984375,-0.0512893116019666,-0.0555401009142398,-0.0293054798634722
1775068598946150700,46.67115063476562,0.0150982004106044,-0.0118003279089927,-0.0014522446349263
1775068598956189700,46.68118969726562,0.0731130208753049,0.010596797338128,-0.0047463908094912
1775068598966229800,46.691229736328125,0.0811703628636896,0.04166413577497,-0.0129830348875373
1775068598976268800,46.70126879882813,0.0708290015913546,0.0815641844868659,-0.0178927264999598
1775068598986308600,46.71130859375,0.0652783817268908,0.057775897142291,-0.0427761886700987
1775068598996347600,46.72134765625,0.050888475716114,0.0193014973193407,-0.0404218440962955
1775068599006387700,46.7313876953125,-0.0120586865842342,0.0401321039021015,0.0133962918635457
1775068599016426500,46.74142651367188,0.0155740012288093,0.0385959803760051,0.0353262014577165
1775068599026465500,46.751465576171874,0.0507647032059729,0.0235702606797218,0.0087043711876496
1775068599036505600,46.76150561523438,0.0451566540658473,0.0152145202666521,-0.0144349141962826
1775068599046544600,46.771544677734376,0.0519734944738447,0.0035679216146469,-0.0077541577907279
1775068599056584700,46.78158471679688,0.0199532392263412,0.0036152678877115,-0.021543942483887
1775068599066623700,46.79162377929688,0.0367594125986099,0.0268920985788106,-0.0233666278664022
1775068599076663800,46.80166381835937,0.0241514215685427,-0.0059013329982757,-0.02706584771052
1775068599086702600,46.81170263671875,-0.0070693538643419,-0.0257072727084159,-0.0020627777487039
1775068599096741600,46.82174169921875,-0.0447391593061387,0.0282949511140584,-0.0006945216028019
1775068599106781700,46.83178173828125,-0.0161257898926734,0.0659299775034189,-0.0245011483216658
1775068599116820500,46.84182055664063,0.0342952144421637,0.0796259099006652,-0.0205262898739427
1775068599126860500,46.85186059570312,0.077023764578253,0.063272156471014,-0.0160053418507799
1775068599136899600,46.86189965820312,0.0562533637501299,0.0664940411269664,-0.0023672040553763
1775068599146939600,46.87193969726562,0.0509703087806701,0.063635729086399,0.0389537443051114
1775068599156978700,46.88197875976562,0.0952630394935607,0.0512917958199977,0.1175005537321791
1775068599167017700,46.89201782226562,0.1483154152452945,0.0245440741479396,0.1124626691628247
1775068599177057800,46.902057861328124,0.1542940512634813,-0.0070668696463108,0.017714995312877
1775068599187096600,46.9120966796875,0.1282310969851911,-0.0183469730734825,-0.0182023404384031
1775068599197136600,46.92213671875,0.1272805182620883,-0.0452864179253578,-0.0413749801026657
1775068599207175700,46.93217578125,0.1209457622826099,-0.0660112260460853,-0.0284178833739832
1775068599217215500,46.94221557617188,0.1091265835426747,-0.054635261029005,-0.0175756233748048
1775068599227254500,46.952254638671874,0.0659723553404212,0.0012596446722745,0.0066969403553754
1775068599237294600,46.96229467773438,0.0228675192378461,0.0427396560519933,0.0053983153795823
1775068599247334000,46.972333984375,0.0591078763984143,0.06400690048635,0.0256167448807507
1775068599257372700,46.98237255859375,0.105385789579153,0.0942979938536882,0.0003981324721127
1775068599267412700,46.99241284179688,0.1134649050079286,0.0934597894638776,0.0493338301526382
1775068599277451800,47.00245166015625,0.0802208070538938,0.0836550192862749,0.0255619094209745
1775068599287491600,47.01249169921875,0.0627297201573848,0.0855325035959482,0.0102248587531968
1775068599297530600,47.022530517578126,0.0957375251375138,0.0532493596285581,-0.0067600687194615
1775068599307570700,47.03257080078125,0.1283450787536799,0.0134814128637313,-0.002126929026097
1775068599317609500,47.042609375,0.1202785305455327,0.0004372223734855,0.0139040587225928
1775068599327648500,47.0526484375,0.1590089509561657,-0.0022346271842718,-0.0179510690910741
1775068599337688600,47.0626884765625,0.0391644279137253,-0.0144382751971483,-0.0374312109129503
1775068599347728000,47.07272778320313,-0.1399744340099394,-0.0132090256631374,-0.0110599213378503
1775068599357768000,47.08276782226562,-0.016102409017086,0.0016857611298561,0.0480782406009733
1775068599367806700,47.092806640625,0.1623731666922569,-0.0236222831279039,0.0825997380796819
1775068599377846800,47.1028466796875,0.065944590550661,0.0230278243660926,0.0773427673995494
1775068599387885800,47.1128857421875,0.0216132813930511,0.0787485425442457,0.0227900335548445
1775068599397924600,47.12292456054688,0.1579831150397658,0.0825818370968103,0.0174894429286941
1775068599407964700,47.13296459960937,0.1014098716855049,0.1140443123310804,-0.0248971801682375
1775068599418003700,47.14300366210937,-0.040804304075241,0.1594610786378383,-0.0754780329735949
1775068599428043800,47.15304370117188,-0.0868374487146735,0.1366997962534427,-0.0539917572273872
1775068599438082800,47.16308276367187,0.0604231967806816,0.0755932933837175,0.0641319516381248
1775068599448122600,47.17312255859375,0.2522445762753486,0.0533686020940542,0.1345923208464868
1775068599458162000,47.183161865234375,0.2440180151998996,0.0707990448445081,0.1416404492597095
1775068599468202000,47.19320190429688,0.0755552994608879,0.0778483788341283,0.0780204291990958
1775068599478240800,47.20324072265625,-0.0028676643908023,0.0692325261801481,0.0597647328719496
1775068599488279800,47.21327978515625,0.0002126198373734,0.0108288525283336,0.107119335373491
1775068599498320000,47.22331982421875,-0.0053901686057448,-0.0020996026277542,0.1165656840348616
1775068599508358700,47.233358642578125,0.0182291919127106,-0.0084212068647146,0.0189730142836459
1775068599518398700,47.24339868164063,0.025406828457117,0.0335509719461202,-0.0258913971036672
1775068599528437800,47.25343774414063,-0.0265349557042121,0.0741582921445369,-0.0308054908965714
1775068599538477800,47.26347778320312,-0.0471827530659735,0.0547767153263092,-0.0451212356925942
1775068599548516900,47.27351684570313,-0.0308477043367922,0.0291875160396099,-0.1276383369901217
1775068599558556000,47.28355590820313,0.0016879530869424,-0.0093804072856903,-0.0870891949860379
1775068599568596000,47.29359594726562,-0.0222489489480853,0.0125187053114175,-0.0251878884768113
1775068599578634800,47.303634765625,-0.0500721908971667,-0.003093874362111,0.0273086434904485
1775068599588674800,47.3136748046875,-0.0379424849033355,-0.0048965398699045,0.0344934586943127
1775068599598713900,47.3237138671875,0.0096343820467591,-0.023204349976778,0.0167013247583061
1775068599608753700,47.33375366210937,0.0376747738778591,-0.0243856687158346,0.0045193588542751
1775068599618792700,47.34379272460937,0.0208896432936191,-0.0071112933099269,-0.0176444690936245
1775068599628832800,47.35383276367188,-0.0511528257407248,-0.0347685310423374,-0.0255065625045448
1775068599638871600,47.36387158203125,0.0654477469444274,0.0155552965283393,0.0261085287193767
1775068599648910800,47.37391088867187,0.1531882819786667,0.0874894828826189,0.0316625278510153
1775068599658951000,47.383950927734375,-0.0957144365228712,0.1187824467688798,-0.0302554375320672
1775068599668990000,47.39398999023437,-0.1325540747508406,0.116615039601922,-0.0466236396121792
1775068599679029800,47.40402978515625,0.0338078693166375,0.0944552302420139,-0.0155065985484048
1775068599689068800,47.41406884765625,0.1005883261695504,0.0466167897462844,-0.0447791807892732
1775068599699108900,47.42410888671875,0.0289352948442101,0.0233563256680965,-0.0364612790354061
1775068599709147600,47.434147705078125,-0.0080554422922432,0.023939093992114,0.0256510490091517
1775068599719186700,47.44418676757813,0.0802621619775891,0.0008855506628751,0.1217005261726677
1775068599729226800,47.45422680664063,0.1230360125601291,0.0296434431135654,0.1640843545243143
1775068599739265800,47.46426586914063,0.0571031124472618,0.060083005040884,0.0949724407828412
1775068599749305600,47.4743056640625,-0.0279959681674838,0.0645095893114805,0.0025953776549082
1775068599759345000,47.48434497070313,-0.0832078600406646,0.0302063376933336,-0.0967528031272813
1775068599769385000,47.49438500976562,-0.0405634810566902,0.0250596224546432,-0.1275841956500895
1775068599779423700,47.504423828125,0.019466917014122,0.0416781643003225,-0.0808172203107737
1775068599789462800,47.514462890625,0.0398541637435555,0.0438701213866472,-0.0301925283636897
1775068599799502800,47.5245029296875,0.0459530651405453,0.0788186851710081,0.0536617854875046
1775068599809541600,47.53454174804688,0.0605170125439763,0.0791536162137985,0.107522399749048
1775068599819581700,47.54458178710937,0.0626173458240926,0.0586181931853294,0.1425418185462243
1775068599829620700,47.55462084960938,0.0659573039017617,0.0661585255622863,0.1509450604959856
1775068599839660800,47.564660888671874,0.1117732986591756,0.0943096842914819,0.1449723884277045
1775068599849699800,47.57469995117187,0.1000610874250531,0.0840484025180339,0.0679438198101706
1775068599859740000,47.584739990234375,0.0613058248341083,0.0520645337581634,0.0369534373333677
1775068599869779000,47.59477905273437,0.0081470660984516,0.0118424134850502,0.0606303047592984
1775068599879817700,47.60481762695313,0.0077541212581098,-0.0162713358432054,0.0236296672833384
1775068599889857800,47.61485791015625,0.0139361708939075,-0.0027285481810569,0.0618319630334852
1775068599899896800,47.62489672851562,-0.0279530058085918,0.0340600905120372,0.1196556128742173
1775068599909936600,47.6349365234375,-0.0117217097148299,0.0622971739590167,0.107508188560605
1775068599919975700,47.6449755859375,0.0284356747590005,0.0969604910612106,0.092597637942899
1775068599930015700,47.655015625,0.0057609016142785,0.1092658458828926,0.0554451161071658
1775068599940054800,47.6650546875,-0.0080687401652336,0.0867956553995609,0.0582137086042435
1775068599950094600,47.67509448242188,0.0040650574818253,0.0410544794440269,0.0343243126724846
1775068599960134000,47.6851337890625,0.0223380885362625,0.0284726457685232,-0.0196510231430642
1775068599970173000,47.6951728515625,0.0049530923627316,-0.0002215337961912,-0.0132042627230519
1775068599980212700,47.70521264648438,0.0200958625674247,-0.0169657478481531,-0.0051749047201359
1775068599990251800,47.715251708984376,0.0208346982359886,-0.011631985604763,0.004568296579516
1775068600000291800,47.72529174804688,0.0154644033744931,-0.0108756142795085,0.0131862567089032
1775068600010330600,47.73533056640625,0.0190634507797658,-0.0035071313381195,0.0384871497066691
1775068600020370700,47.74537060546875,0.0430196420371532,-0.006762333741784,0.0186691108500701
1775068600030409700,47.75540966796875,0.0853510095492005,0.0262485399782657,0.0210244897536234
1775068600040448800,47.76544873046875,0.1357017251268029,0.0308159940242767,-0.0180876953745668
1775068600050488800,47.77548876953125,0.1533984175980091,0.0553080457240343,-0.0269716848873533
1775068600060527900,47.78552783203125,0.1334033850565552,0.0494265864700078,-0.0417194461587816
1775068600070568000,47.79556787109375,0.0646636108294129,0.0226619136631488,-0.0567796846125973
1775068600080606700,47.80560668945313,0.0274202141061425,0.0318535203784704,-0.0368126999886939
1775068600090646800,47.81564672851562,0.0263712895750999,0.0369417834281921,-0.0058594312269531
1775068600100685800,47.82568579101562,0.0896584974847733,0.0130266548335552,0.006889200108021
1775068600110724600,47.835724609375,0.1414487443462014,-0.0126192430764436,0.0764379823132418
1775068600120764700,47.8457646484375,0.1339385148465633,-0.0141238024204969,0.0736066176451044
1775068600130803700,47.8558037109375,0.0966195686690509,-0.0203939687311649,0.0147849252188403
1775068600140843800,47.86584375,-0.0626572394430637,-0.0038917467415332,-0.0085764693500183
1775068600150882800,47.8758828125,-0.1125800849974155,-0.0237310041993856,-0.0009661062274419
1775068600160923000,47.8859228515625,0.0731879858076572,-0.0585632481276988,0.084915540741384
1775068600170962000,47.8959619140625,0.1785413344219326,-0.0456119966179132,0.1764598154401406
1775068600181001700,47.90600170898438,0.0837199012160301,0.0085872110813856,0.1432400025439914
1775068600191040800,47.916040771484376,0.0292521057084202,0.0467635047405958,0.0422267472269479
1775068600201079800,47.926079833984375,0.0090272099338471,0.0795148507416248,0.035354589585273
1775068600211119900,47.93611987304688,-0.1565929758556187,0.0908703574925661,0.030866527768271
1775068600221158700,47.94615869140625,-0.1820817835077643,0.0896340936958789,-0.0049596020186203
1775068600231198700,47.95619873046875,-0.0539842497743666,0.0754518390864133,0.0208886477797757
1775068600241237800,47.96623779296875,0.1521782281532883,0.0563309590309858,0.1316667522559873
1775068600251277600,47.97627758789063,0.2324456508278846,0.0800333216577768,0.1817658494263887
1775068600261316900,47.98631689453125,0.0840237064681947,0.0945101752996444,0.1535116687141358
1775068600271356000,47.99635595703125,-0.0695043288588523,0.0716612146317958,0.0738596471246797
1775068600281395700,48.00639575195312,-0.0210451261162757,0.030912440136075,0.0957477542705833
1775068600291434800,48.01643481445313,0.1049380458116531,-0.0106096568197011,0.1619791989386081
1775068600301474800,48.02647485351562,0.1135270104587078,-0.0294312616676092,0.1157429512088187
1775068600311513600,48.036513671875,0.0460122479818761,-0.0185854580044746,0.0290186440124176
1775068600321553700,48.0465537109375,-0.0216800630189478,-0.0020931728869676,-0.0442510606953641
1775068600331592700,48.0565927734375,-0.0333414208486676,-0.0123187988251447,-0.082209186125826
1775068600341632800,48.0666328125,0.0156327456787228,-0.0050660512179136,-0.0754911299171857
1775068600351671300,48.07667138671875,0.0643242958724498,0.0124216746777296,-0.0342332551218569
1775068600361710300,48.08671044921875,0.099514851719141,0.0196036951363086,0.0228550524819176
1775068600371750100,48.09675024414062,0.0975157868564128,0.0220955119520425,0.0941312041857279
1775068600381789200,48.1067890625,-0.005723638343811,0.0173205526351928,0.0620501312622334
1775068600391829200,48.11682934570312,-0.051229836499691,0.018275076881051,0.0487831009346991
1775068600401868000,48.12686791992188,-0.0231273392178118,-0.0144464585036039,0.0483371518320636
1775068600411908000,48.136908203125,0.0103343470096588,0.0432972899347543,0.043382863026089
1775068600421947100,48.14694702148437,0.0028001521125435,0.0428273343354463,0.0021300205989042
1775068600431986200,48.15698608398438,-0.0509688474759459,0.0632195495009422,-0.0076390983100049
1775068600442026200,48.16702612304688,0.1370914259195327,0.0316086057066917,0.0368535114896949
1775068600452065300,48.17706518554687,0.1078212000325322,0.0551987401306629,0.056043721321132
1775068600462105300,48.187105224609375,-0.1164835221767425,0.0571574729830026,0.0466039850636385
1775068600472144100,48.19714404296875,-0.1141384203553199,0.0282031811773777,0.0528097717680502
1775068600482184200,48.20718408203125,0.0121054483354091,0.0090887308627367,0.1096330260943155
1775068600492223200,48.21722314453125,0.1140872746899723,-0.0189157128721475,0.0647541569233872
1775068600502263300,48.22726318359375,0.0797194334030151,-0.0284533565461635,-0.0122676714261062
1775068600512302000,48.237302001953125,0.0009960253000259,-0.0490489853292703,0.0213002607879694
1775068600522341400,48.24734130859375,-0.0045642391756176,-0.0035708442240953,0.1276526212438009
1775068600532381200,48.25738110351563,0.0632549130752682,0.0524245992422103,0.1574932491635903
1775068600542420200,48.267420166015626,0.1081225210666656,0.0927022490948438,0.0670282302020583
1775068600552460300,48.27746020507813,0.0536687540844082,0.0950111105591058,-0.0199037009961903
1775068600562499300,48.28749926757813,0.0022981939397752,0.0992225907742977,-0.034920214472711
1775068600572539100,48.2975390625,0.0570925910532474,0.0781143362939357,-0.0570825628495775
1775068600582578200,48.307578125,0.0801370742931961,0.0575344896018505,-0.0798008828750811
1775068600592617200,48.3176171875,0.0777379041969776,0.0082037647217512,-0.0239373678259085
1775068600602657000,48.32765698242188,0.0354090209029614,0.0081774612367153,-0.0408404439677018
1775068600612696000,48.33769604492188,-0.0288042158104479,-0.0020300445228815,-0.0331813257829751
1775068600622736100,48.34773608398437,-0.005201368035376,-0.0074228434771299,0.004404938694369
1775068600632775400,48.357775390625,0.0636181934297084,0.0053624038159847,0.0318816687607206
1775068600642815200,48.36781518554688,0.0712507341347634,0.0408890597492456,0.0281994822497945
1775068600652854300,48.37785424804687,0.0471653635397553,0.0684504358917474,-0.0152352707937359
1775068600662894300,48.387894287109376,0.0679541768074035,0.079432433155179,-0.0294047663863282
1775068600672933000,48.39793310546875,0.047744040210545,0.086073770865798,-0.071900932538649
1775068600682972200,48.40797216796875,-0.0007050795294344,0.0793716428786516,-0.026809735791292
1775068600693012200,48.41801220703125,0.0062236968204379,0.0434095181375741,-0.0226334638867992
1775068600703051000,48.42805102539062,0.0414426019787788,0.0361585240960121,-0.0332717988117132
1775068600713091000,48.438091064453126,0.0552493012741208,0.0541997922211885,0.0234872220387682
1775068600723130000,48.44813012695312,0.0538897033587098,0.0404477457225322,0.0227444773800671
1775068600733170200,48.45817016601563,0.028402941533178,0.0306394684135913,-0.0538521112946793
1775068600743209200,48.468209228515626,0.007484218275547,0.0786088418126106,-0.0703711748212575
1775068600753248300,48.478248291015625,-0.0345101723670959,0.0958691886931657,-0.0860501707945018
1775068600763288300,48.48828833007813,-0.0210194071531295,0.082112466019392,-0.0630445947928354
1775068600773327000,48.4983271484375,0.03460515717417,0.0945849941015243,-0.0522804049985483
1775068600783367200,48.5083671875,0.0728036626651883,0.0481429764002561,-0.0716427108607254
1775068600793406200,48.51840625,0.091762776287645,-0.0121983873158693,-0.0902746748880483
1775068600803446300,48.5284462890625,0.1051870521366596,-0.0324362887024879,-0.0816255958179011
1775068600813485000,48.53848510742188,0.1142743216946721,-0.004315525111556,-0.0915090937875211
1775068600823524400,48.5485244140625,0.0744856244027614,0.0341366628795862,-0.0573497258857823
1775068600833564200,48.55856420898437,0.0796083742439746,0.062471946004033,-0.0119911560396663
1775068600843603200,48.56860327148438,0.1131695753231644,0.0836444978922605,0.0163316694620065
1775068600853643300,48.57864331054687,0.0783209647819399,0.0835579886525869,0.0106669764975085
1775068600863682300,48.58868237304687,0.0722841688357293,0.0770189422726631,0.0326425701306201
1775068600873722000,48.59872216796875,0.1014775300942361,0.0441810870319604,0.0064783839675597
1775068600883761200,48.60876123046875,0.1397077458977699,0.0133633394420146,-0.0385479034505784
1775068600893801200,48.61880126953125,0.1208583762601017,-0.0398170466035604,-0.068492558000423
1775068600903840300,48.62884033203125,0.0709188718318939,-0.0465185900688171,-0.0622323650944977
1775068600913879000,48.63887915039062,0.0430257795169949,-0.039774961027503,-0.0370888272160664
1775068600923919000,48.648919189453125,0.0854386878326535,-0.0239613058239221,-0.0287007006370462
1775068600933958400,48.65895849609375,0.1248199733674526,0.0467675963938236,-0.0080683200401254
1775068600943998200,48.668998291015626,0.1486583834640681,0.0854874954104423,-0.0001849098465405
1775068600954037200,48.679037353515625,0.1231684067681431,0.0849246008306741,-0.0464718283176422
1775068600964077300,48.68907739257813,-0.0908288564383983,0.1298877781510353,-0.1268695445747114
1775068600974116000,48.6991162109375,-0.0934042598843574,0.121935942363739,-0.1677536358878947
1775068600984155100,48.70915502929687,0.0797989283800125,0.0238847334563732,-0.113973475584574
1775068600994195200,48.7191953125,-0.0134147773683071,0.0018617022186517,-0.0740760206885635
1775068601004234200,48.729234130859375,-0.2062450416445732,0.0873182179689407,-0.0835770221466198
1775068601014274000,48.73927416992188,0.1142833817839622,0.0907978767782449,-0.0399299871924333
1775068601024313000,48.74931298828125,0.3504723107933998,0.1009288101702928,0.0465075572181493
1775068601034353200,48.75935327148437,0.1292234690234065,0.133137135335803,-0.008310439966619
1775068601044392200,48.76939208984375,-0.1099497364938259,0.1388940914273262,-0.1145112539893947
1775068601054432300,48.77943237304687,-0.1387842013120651,0.0812117177873849,-0.0943310558730736
1775068601064471300,48.78947119140625,0.0677636226713657,0.0037619828820228,-0.0641529944261536
1775068601074510000,48.799510009765626,0.1651324022725224,-0.0351800344526767,0.0020583938345313
1775068601084550100,48.80955004882812,0.0409799529030919,-0.0246644856572151,0.0450157294915057
1775068601094589200,48.81958911132813,-0.0341691038444638,-0.0159638773292303,0.0349591034446842
1775068601104629200,48.82962915039062,0.0595823620423674,-0.033113165050745,0.097645112324506
1775068601114668000,48.83966796875,0.1931318775713443,0.0009749825119972,0.144586129056476
1775068601124708000,48.8497080078125,0.2021370218038558,0.0415881479293107,0.0878543706722557
1775068601134747400,48.85974731445312,0.1154047870293259,0.0568541061222553,-0.002527545716241
1775068601144786200,48.8697861328125,0.0341417774461209,0.0522065725773572,-0.0744752856718376
1775068601154826200,48.879826171875,0.0057316755197942,0.0059486792713403,-0.1279935984348878
1775068601164865300,48.889865234375,0.0261712369583547,0.0045481648236513,-0.1102040035158395
1775068601174905300,48.8999052734375,0.0370307768858969,-0.0056610945016145,-0.0479275070186704
1775068601184944000,48.90994409179687,0.0562614009261131,-0.0229793090492486,-0.0126639955336228
1775068601194984200,48.919984130859376,0.0777132081471383,-0.0406020595014095,0.0118624333597719
1775068601205023200,48.930023193359375,0.0447848981440067,-0.0144675012916326,0.0181838184010237
1775068601215063000,48.94006298828125,0.0097626846015453,0.0148000942468643,0.0366628568889573
1775068601225102000,48.95010205078125,0.0428043918512761,-0.0112239893257617,-0.0130994278088212
1775068601235141400,48.96014135742188,0.1033564757086336,-0.0213718738526105,-0.0797188488811254
1775068601245181200,48.97018115234375,0.0144236621499061,-0.020268881046772,-0.1178825753197073
1775068601255220200,48.98022021484375,-0.0971476841963827,-0.0140747025817632,-0.124326600359939
1775068601265260300,48.99026025390625,0.0011092764161527,0.0148591309577226,-0.0984090459017083
1775068601275299300,49.00029931640625,0.0869349177397787,0.0231061502993106,-0.0885596328647807
1775068601285339100,49.01033911132812,-0.070852382466942,0.0631406390458345,-0.0902387085255235
1775068601295378200,49.02037817382813,-0.1046541143037378,0.0836614490270614,-0.1350255063656717
1775068601305417200,49.03041723632813,0.0253824246682226,0.0756891549736261,-0.1445902572423219
1775068601315457000,49.04045703125,0.1425800864636898,0.0397404742360115,-0.1183594355838373
1775068601325496300,49.05049633789063,0.1437446001984179,0.049676177316904,-0.124813543626666
1775068601335536000,49.0605361328125,0.1249449149213731,0.0329635274469852,-0.1414880534432828
1775068601345576000,49.07057592773437,0.084618895882368,-0.0158031338095664,-0.0956354895351454
1775068601355615700,49.08061572265625,0.0887397752046585,-0.0255547124952077,-0.0508840918019413
1775068601365654800,49.09065478515625,0.1012437213383615,-0.019252397480607,-0.0117027492860332
1775068601375693800,49.10069384765625,0.0777333741523325,-0.045548868253827,-0.028985527194105
1775068601385734000,49.11073388671875,0.053501288563013,-0.0179231947034597,-0.0530424754122272
1775068601395772700,49.12077270507813,0.059212067425251,-0.0251414555191993,-0.0332581630120053
1775068601405812700,49.13081274414063,0.0871123201332986,-0.0189496151417493,-0.0496604317585006
1775068601415851800,49.14085180664063,0.0924332228951156,0.0129015671491622,-0.0452124028410762
1775068601425891800,49.15089184570313,0.0666555152989923,0.0260948107212781,-0.0285717952940613
1775068601435930600,49.1609306640625,0.0415045612990856,0.0270510885328054,0.0200278022998943
1775068601445970700,49.170970703125,0.0353356634058058,0.0376549001336097,0.0655291050849482
1775068601456010000,49.18101000976562,0.0385666081510484,0.0138473235666751,0.0798782406939193
1775068601466048800,49.191048828125,0.0071032561339437,0.0073287354528903,0.0659622723378241
1775068601476088800,49.2010888671875,-0.0163676358245313,0.0198965406030416,0.1022503045650199
1775068601486127900,49.2111279296875,-0.0394585885547101,0.0112783498615026,0.058155032652989
1775068601496167700,49.22116772460937,-0.0270857214547693,-0.0364408481687307,0.0352865635670721
1775068601506206700,49.23120678710937,0.0096237145222723,-0.0274760359466075,0.0467800174839794
1775068601516246800,49.241246826171874,0.0372691156864166,-0.008638649007678,0.0354328401699662
1775068601526285800,49.25128588867187,0.0610674860335886,0.0168108495473861,0.0131544093990698
1775068601536325600,49.26132568359375,0.0874409675657749,0.0519078818917274,0.0205395512143149
1775068601546364700,49.27136474609375,0.0662109864018857,0.0679126757532358,0.0474328553695231
