time,seconds_elapsed,z,y,x
1776176131680069600,2.992069580078125,0.0321546222168952,-0.0389379256814718,0.1026250926941633
1776176131690000600,3.002000732421875,0.036092984579131,-0.0461024104833602,-0.0652877340771257
1776176131699931600,3.011931640625,-0.0443722987551242,-0.0014046061009168,-0.2365717908471822
1776176131709862400,3.0218623046875,-0.1951310154993087,0.029856793603301,-0.3037298488408327
1776176131719793700,3.031793701171875,-0.3131961808443069,0.0332908597052097,-0.3119108172088861
1776176131729724700,3.041724609375,-0.3149216163974255,-0.0012584756284952,-0.2588721777215599
1776176131739655400,3.051655517578125,-0.21551541268453,-0.0623258155316114,-0.1999912419468164
1776176131749586700,3.061586669921875,-0.0520879146337509,-0.0231844762325286,-0.1177586566790938
1776176131759517700,3.071517578125,0.1123707530956715,-0.0128536363542079,-0.0492015455424785
1776176131769448400,3.081448486328125,0.223794653795287,-0.0352174438536167,0.0045969724014401
1776176131779379700,3.091379638671875,0.2744995165728032,0.0047831426233053,-0.0006942658744752
1776176131789309400,3.101309326171875,0.2600618989627808,0.0549181696236133,0.0620301935859024
1776176131799240700,3.11124072265625,0.2407223346553742,0.0711830757260322,0.0573353137679398
1776176131809171700,3.121171630859375,0.1776537379324436,0.1172498303741216,-0.0412168303988873
1776176131819102500,3.1311025390625,0.1322070879440754,0.1250678106486797,-0.1005959249541163
1776176131829033700,3.14103369140625,0.1918224754732102,0.0420008203834295,-0.0724149556085467
1776176131838964500,3.150964599609375,0.2683306186795234,-0.0690980861455202,-0.0142645260654389
1776176131848895500,3.1608955078125,0.3528080602645874,-0.089792499127984,0.007143880405277
1776176131858826800,3.17082666015625,0.4000772495049983,-0.1129693765759468,-0.0088971538133919
1776176131868757500,3.180757568359375,0.3440565985321998,-0.0636783991843462,-0.1857787383295595
1776176131878688500,3.1906884765625,0.2218190428733825,-0.0032657237976789,-0.3337953167587518
1776176131888619800,3.200619873046875,0.0080500354647636,0.0236783972293138,-0.330954540374875
1776176131898550500,3.210550537109375,-0.1845978579819202,0.0602729746550321,-0.3173182292103767
1776176131908481500,3.2204814453125,-0.2610720258533954,0.1106184295356273,-0.2491368195183575
1776176131918412800,3.230412841796875,-0.2176257559020072,0.0616764117121696,-0.1061211181163787
1776176131928343600,3.240343505859375,-0.0811152716755867,0.0051215807974338,0.0161874569520354
1776176131938274600,3.250274658203125,0.0347204541169106,-0.0238747965842485,0.0585268616400659
1776176131948205600,3.26020556640625,0.0950899479489773,-0.0325590382993221,0.0918013547323644
1776176131958136600,3.270136474609375,0.0748947166603058,-0.0171288294553756,0.0394435371160507
1776176131968066600,3.280066650390625,0.0209503605049103,-0.0289776726812124,0.0475473485946655
1776176131977997600,3.28999755859375,-0.0050537031929939,-0.0898632262766361,0.0595604424715042
1776176131987928600,3.299928466796875,-0.0437350237648934,-0.058029579642415,0.0408908133149147
1776176131997859600,3.309859619140625,-0.1045592025619,0.0205769240826368,0.0489446481719613
1776176132007790600,3.31979052734375,-0.1377144531887024,-0.0006108253747224,0.112791681921482
1776176132017721600,3.3297216796875,-0.1011035822153091,-0.0362245750695467,0.1085578437440097
1776176132027652600,3.339652587890625,-0.0275392373759299,-0.0648982963681221,0.1181286590352654
1776176132037583600,3.34958349609375,0.0091254826765507,-0.0316594591110944,0.144326199478656
1776176132047514600,3.3595146484375,-0.0212719206094741,-0.039980128210783,0.1133764960721135
1776176132057445600,3.369445556640625,-0.0344167219299823,-0.0149111534059047,0.0910869228526949
1776176132067376600,3.379376708984375,-0.0379296254217624,0.0342711029142141,0.1058934468403458
1776176132077307400,3.389307373046875,-0.0034896687466651,0.0795686267554759,0.0727358581259846
1776176132087238700,3.39923876953125,0.0239723386745899,0.0917751973778009,0.0969245429649949
1776176132097169700,3.409169677734375,0.0473988800346851,0.0566290651947259,0.1242310675635933
1776176132107100400,3.419100341796875,0.0356418798107653,-0.0059983636319637,0.086558631773293
1776176132117031700,3.42903173828125,-0.0434602254115045,-0.0378583137512207,0.0464332498729228
1776176132126962700,3.438962646484375,-0.1191828442633152,-0.0717085609048605,0.003898614873737
1776176132136893400,3.4488935546875,-0.1789548836588859,-0.0816957019120454,-0.1187064589232206
1776176132146824700,3.45882470703125,-0.2284124497890472,-0.0821633194237947,-0.2102379106730222
1776176132156755700,3.468755615234375,-0.2206465650279074,-0.0499549942582845,-0.2358931609332561
1776176132166685700,3.478685791015625,-0.1338438223004341,0.0073532853722572,-0.1974132081523537
1776176132176616700,3.48861669921875,-0.0329167656958103,0.0440828873544931,-0.1681548188336193
1776176132186547500,3.49854736328125,0.0784475868362933,0.0303583133846521,-0.1342949270687997
1776176132196478700,3.508478759765625,0.1547416489005088,-0.0530512067079544,-0.1016195689134299
1776176132206409500,3.518409423828125,0.1941325790464877,-0.0772246939778327,-0.1796807137154042
1776176132216340500,3.528340576171875,0.1360568952400237,-0.0591010082662105,-0.2679533097997307
1776176132226271700,3.538271728515625,0.0603144757091999,-0.0701478874593973,-0.329986572125554
1776176132236202500,3.548202392578125,-0.0103460374474525,-0.061718497288227,-0.2879422048613428
1776176132246133500,3.558133544921875,-0.0725590402543544,-0.0312415259599685,-0.2279308037519455
1776176132256064800,3.568064697265625,-0.0374292746841907,0.0049988312005996,-0.2391742284305393
1776176132265995500,3.57799560546875,0.0619919804673641,-0.0421194783270359,-0.2222584572039544
1776176132275926500,3.587926513671875,0.1335865596037358,-0.0966886883825063,-0.2112730989396572
1776176132285857800,3.59785791015625,0.1820340719085186,-0.0482604653000831,-0.2202595384716987
1776176132295788500,3.60778857421875,0.1618668976705521,-0.0160790281414985,-0.2205908162526786
1776176132305719600,3.617719482421875,0.1253168169736862,0.0071790978491306,-0.2148044879361987
1776176132315650600,3.627650634765625,0.0904782163698226,0.0379652812570333,-0.1763840102575719
1776176132325581600,3.63758154296875,0.0640730245251208,0.0397743765056133,-0.1194353577196598
1776176132335512600,3.6475126953125,0.0706815559446811,0.0377916782557964,-0.1382997787959873
1776176132345442600,3.657442626953125,0.0525145425479859,0.0194978966742753,-0.1520278598971665
1776176132355373600,3.66737353515625,0.0239127905070781,-0.0009925181686878,-0.0833555979482829
1776176132365304600,3.6773046875,-0.021757073777914,-0.0099269352525472,-0.022741700901091
1776176132375235600,3.687235595703125,-0.0397206004917621,-0.0257937819480895,-0.0225023391872644
1776176132385166600,3.69716650390625,-0.0709375765323638,-0.0313987623482942,-0.0356922217585146
1776176132395097600,3.70709765625,-0.0752314743340015,-0.0179974289834499,-0.0328553908973932
1776176132405028600,3.717028564453125,-0.0949755277890712,-0.0260357740104198,0.0657668958961963
1776176132414959600,3.726959716796875,-0.0389630601227283,-0.0241360778689384,0.1051797456130385
1776176132424890600,3.736890625,0.0238929167628288,-0.0449158310472965,0.1042355966307222
1776176132434821600,3.746821533203125,0.0480276794575154,-0.0512689994663,0.0788883894063532
1776176132444752400,3.75675244140625,0.0073742550950497,-0.0365238502770662,0.0932746421553194
1776176132454683600,3.76668359375,-0.0329015681266784,-0.0072246905565261,0.0383707933180034
1776176132464615200,3.776615234375,-0.088997110966593,0.0423339978605508,-0.0505487223677337
1776176132474546200,3.786546142578125,-0.1292087098456919,0.0771446144789457,-0.1122134436421096
1776176132484477000,3.796476806640625,-0.0997310517530888,0.0497159248054027,-0.0943573228254914
1776176132494408200,3.806408203125,0.0070575172960758,-0.0045569326519966,-0.0361097165182232
1776176132504339200,3.816339111328125,0.0903553937077522,0.0245446586698293,-0.0412584775835275
1776176132514270000,3.82627001953125,0.1358743782799691,0.0202864167034626,0.0364776730477809
1776176132524201200,3.836201171875,0.161863390539214,-0.0225087689280509,0.0387422569788992
1776176132534132200,3.84613232421875,0.1186356587093323,0.0099783731788396,-0.0299998553358018
1776176132544062200,3.856062255859375,0.069676105229184,-0.0248106161296367,0.0125226508341729
1776176132553993200,3.8659931640625,0.0625298867363482,-0.0409995343863964,0.0428382941208779
1776176132563924000,3.875924072265625,0.0419078814029693,-0.0054179333955049,0.050755058594793
1776176132573855200,3.885855224609375,0.0474036292750388,0.0020154314756393,0.0323968334749341
1776176132583786200,3.8957861328125,0.0480186193682253,-0.0201607444971799,1.08136549592e-05
1776176132593717000,3.905717041015625,0.0521125376183539,-0.064221420019865,0.0350635684661567
1776176132603648300,3.915648193359375,0.1035480527579784,-0.0606418079674243,0.0569495293207466
1776176132613579000,3.9255791015625,0.0983013112109154,-0.0456686952412128,0.0432052277371287
1776176132623510000,3.935510009765625,0.0870329712867736,-0.0319657485812902,0.0274168531052768
1776176132633441300,3.945441162109375,0.1376817930281162,-0.0376321037799119,0.0529565141618251
1776176132643372000,3.9553720703125,0.1186427460372447,0.0335340208113193,0.0002509060211479
1776176132653303000,3.965302978515625,0.072535659378767,0.102606972515583,-0.013690963961184
1776176132663234300,3.975234375,0.0726185884218662,0.1010351931542158,-0.0210515558570623
1776176132673165000,3.9851650390625,0.0793136290811002,0.1030178914040327,-0.0473820750303566
1776176132683096000,3.995095947265625,0.0963128408074378,0.0760270086258649,-0.051738955065608
1776176132693027300,4.00502734375,0.1161994445383548,0.040733576926589,0.0512244296722114
1776176132702958000,4.0149580078125,0.1197767915684729,0.0595341389864683,0.1085512678727507
1776176132712889000,4.02488916015625,0.0408370373010635,0.0601303513139486,0.0860831232160329
1776176132722819000,4.034819091796875,-0.049562853135541,0.0489852724432945,0.0022512860581278
1776176132732750000,4.04475,-0.0921439576249569,0.0658686027050018,-0.0439341265335679
1776176132742681300,4.054681396484375,-0.1405810946661979,0.0792471397161483,-0.0661122022025287
1776176132752612000,4.064612060546875,-0.1690496487814932,0.0653466246575117,-0.0407087347462773
1776176132762543000,4.074543212890625,-0.126186658610776,0.0812649092793464,0.0269280466750264
1776176132772474000,4.08447412109375,-0.0103483755350112,0.064504913136363,0.0655839405447244
1776176132782405000,4.094405029296875,0.1172375554144382,0.0084761519223451,0.0818526460394263
1776176132792336100,4.104336181640625,0.1531704540610313,0.0184247144848108,0.029456834500283
1776176132802267100,4.11426708984375,0.1314227326333522,0.0059843351066112,-0.0010721592761576
1776176132812198100,4.1241982421875,0.0767184980213642,-0.0157189626574516,-0.0292297477461397
1776176132822129200,4.134129150390625,0.0166951142132282,0.0041465982854366,-0.0203074594914913
1776176132832060200,4.14406005859375,0.0308171630680561,0.0204834005802869,-0.0362916489563882
1776176132841991200,4.1539912109375,0.0722947632949799,-0.0035948096215724,-0.0382629490293562
1776176132851922000,4.163921875,0.1560135685324668,-0.0831815565556287,-0.0458032814063131
1776176132861853200,4.173853271484375,0.1468166280549019,-0.0536713844329118,-0.1013511272355914
1776176132871784200,4.1837841796875,0.1071930581968277,-0.0418219566851854,-0.0822986362412571
1776176132881715000,4.19371484375,0.0709352384448051,-0.048383799418807,-0.063760816770792
1776176132891646200,4.203646240234375,0.0580699847180396,-0.0117395376324653,-0.0774710699543356
1776176132901576000,4.213575927734375,0.0749100603599101,-0.006262567526102,-0.0897511442042887
1776176132911507200,4.223507080078125,0.0687456194460392,-0.0148427643448114,-0.0543212266437709
1776176132921438200,4.233438232421875,0.0379132588088512,-0.0222018949359655,-0.0246057412073016
1776176132931369000,4.243368896484375,-0.0196819480042904,-0.0039268180549144,0.0386300287760794
1776176132941300200,4.25330029296875,-0.0364554612159729,-0.0189741650611162,0.06653408087641
1776176132951231200,4.263231201171875,-0.0224164144694805,-0.0524485646396875,0.0643009149968624
1776176132961162000,4.273161865234375,0.0358113911587744,-0.0168289697259664,0.0072243982955813
1776176132971093200,4.28309326171875,0.1429332107502967,-0.0135965636759996,-0.039952071160078
1776176132981024300,4.293024169921875,0.227663092726469,-0.0289455239772796,-0.0818342335999011
1776176132990955000,4.302955078125,0.2550748312652111,-0.0505552982389926,-0.0476410182274878
1776176133000886300,4.31288623046875,0.241629585693404,-0.0945236193031072,-0.0363860492415726
1776176133010817000,4.322817138671875,0.22587788981013,-0.1036222870379686,0.0318080738015472
1776176133020748000,4.332748046875,0.1515127499818802,-0.0729553460955619,0.1008439083658158
1776176133030679300,4.34267919921875,-0.035578678381443,0.013071663019061,0.0824389214947819
1776176133040610000,4.352610107421875,-0.2056722101926803,0.1187842003345489,0.0648902591921389
1776176133050541000,4.362541015625,-0.2595510998964309,0.1617880602806806,0.0496403022859245
1776176133060472300,4.372472412109375,-0.1795358984172344,0.121928343579173,-0.011523849055171
1776176133070403000,4.382403076171875,-0.0561118363875895,0.0700397509098053,-0.0829628723036497
1776176133080333300,4.392333251953125,0.0677471099279821,0.021227496945858,-0.1616832116667181
1776176133090264000,4.40226416015625,0.1837139878194779,-0.0163368022948503,-0.1779771977331489
1776176133100195000,4.412195068359375,0.3469008089821785,-0.0475140308469533,-0.149771167011559
1776176133110126300,4.422126220703125,0.4623392790853977,-0.0799444743305444,-0.095402447964251
1776176133120057000,4.43205712890625,0.5675836143672466,-0.1287386081159114,-0.0865145003706216
1776176133129988000,4.441988037109375,0.7213444355368613,-0.2324526650905609,-0.0458756159901618
1776176133139919000,4.451919189453125,0.8803144427221268,-0.2883691981017589,0.0167957250434905
1776176133149850000,4.46185009765625,0.9797883779089898,-0.3176736185193061,0.0326394831243902
1776176133159781000,4.471781005859375,1.027907535042241,-0.3062953154146671,0.0247970990609377
1776176133169712000,4.481712158203125,0.955707318162918,-0.2708008081853389,0.0525321512699127
1776176133179643100,4.49164306640625,0.7018809525888413,-0.1498521232932806,0.0469427337650209
1776176133189574100,4.50157421875,0.4458336230296641,-0.0481985059797763,0.0392587551336735
1776176133199505200,4.511505126953125,0.2333305439036339,-0.0463736286401748,0.0667439973000437
1776176133209436200,4.521436279296875,0.0901812792498618,-0.0326473011046648,0.0821924724530428
1776176133219367200,4.5313671875,0.0342763636112213,0.0092997432649135,-0.0364400444511324
1776176133229298200,4.541298095703125,-0.0010486322700977,0.0574433041870593,-0.2556403561934828
1776176133239229200,4.551229248046875,-0.023282675909996,0.1618681397795677,-0.3407677861198783
1776176133249160000,4.561159912109375,0.0070925155442208,0.252805132767558,-0.3513542081944644
1776176133259091200,4.57109130859375,0.106426202010177,0.3438344802141189,-0.3189912769891321
1776176133269021000,4.58102099609375,0.2137210400810465,0.5017541746288537,-0.1690432190407067
1776176133278952200,4.5909521484375,0.2579413266122341,0.4756418282508849,0.0911252090364694
1776176133288883200,4.60088330078125,0.2014133837044238,0.4431862503260373,0.2311314994893968
1776176133298814000,4.61081396484375,0.1419722202310338,0.4075707470655441,0.2330939586687833
1776176133308745200,4.6207451171875,0.2166507368573919,0.1917220107734203,0.2780943992596119
1776176133318676200,4.63067626953125,0.2424129546234384,-0.0614133768618106,0.3623061756458133
1776176133328607000,4.64060693359375,0.1694809528708457,-0.2661468448996544,0.3168233583655208
1776176133338538200,4.650538330078125,0.1259130475674755,-0.4645481873065233,0.1202404635574668
1776176133348469200,4.66046923828125,0.1300607966303825,-0.6902507936149835,-0.0571777851186692
1776176133358400000,4.67039990234375,0.2068061826586723,-0.9076321463018656,-0.114573743032664
1776176133368331300,4.680331298828125,0.3113467535853386,-1.0598632736861706,-0.0796593007136136
1776176133378262000,4.690261962890625,0.3500222289383411,-1.2326911988973617,-0.0518139930631965
1776176133388193000,4.700193115234375,0.2630477098405361,-1.2718342917621135,-0.1202786036107689
1776176133398124300,4.710124267578125,0.1086497598111629,-1.1805635367751122,-0.244964283074066
1776176133408055000,4.720054931640625,0.0544669187247753,-1.2192477799564598,-0.1958729199077934
1776176133417986000,4.729986083984375,0.0400011801319662,-1.140266597700119,-0.0990427772279828
1776176133427917300,4.739917236328125,-0.305060805183649,-0.9700912328243256,-0.1029819433078169
1776176133437848000,4.74984814453125,-0.6017898353517055,-0.7581248909235,-0.1385461547724902
1776176133447779000,4.759779052734375,-0.2619032159805298,-0.0676817896068096,0.2072946237627417
1776176133457708800,4.769708740234375,0.3755822021305561,0.9369289679348468,0.6385363884687424
1776176133467639800,4.779639892578125,1.444840496149659,0.5266121370315552,0.0396009196348488
1776176133477570800,4.78957080078125,0.2840320274139754,-0.2012035403460264,0.9712661218225956
1776176133487501800,4.799501708984375,-0.3524643613934516,-0.348142406541109,0.7822366380687803
1776176133497432800,4.809432861328125,-0.3503150744050741,-0.07997136233747,0.5964542830100282
1776176133507363800,4.81936376953125,-0.479526560729742,0.1196872866541147,0.6309806393269449
1776176133517294800,4.829294921875,-0.4121393701553345,0.2068143659651279,0.6037850277569144
1776176133527225900,4.839225830078125,-0.398266327625513,0.0554284572333097,0.3040954307502135
1776176133537156900,4.849156982421875,-0.6706376730632037,-0.3339835328072309,-0.3258226939117535
1776176133547087600,4.859087646484375,-1.049552892073989,-0.556170824471116,-0.9734572021260856
1776176133557019000,4.869018798828125,-1.7302157731324432,-0.7422732417970895,-1.3965345842726529
1776176133566950000,4.878949951171875,-1.7405319999635218,-0.5594184280902147,-1.6416941707231103
1776176133576880600,4.888880615234375,-1.277784724599123,-0.4784469487994909,-1.720863422897458
1776176133586812000,4.89881201171875,-0.7467594473004341,-0.8287532553762197,-1.673983452170342
1776176133596743000,4.908742919921875,-0.3348305050253868,-0.8753361428529024,-1.1619894769474863
1776176133606673700,4.918673583984375,0.0441851786851882,-0.6675654990762472,-0.4471210690243169
1776176133616605000,4.92860498046875,0.5559504597187042,-0.7405781283169984,0.0452138276131823
1776176133626536000,4.938535888671875,1.1313362722694873,-0.9539695345848798,0.1779275864377617
1776176133636465700,4.948465576171875,1.415116973537207,-0.8155056512683629,0.1690602432407438
1776176133646397000,4.95839697265625,1.3162789981663223,-0.5840162782520055,0.0510619325868785
1776176133656327700,4.96832763671875,0.9905810631453992,-0.2908773815304041,-0.2333989329647272
1776176133666258700,4.9782587890625,0.5550426972240209,0.156488784828782,-0.3970526409868151
1776176133676189700,4.988189697265625,0.178732765340805,0.491753589618206,-0.5381717880524695
1776176133686120700,4.99812060546875,-0.0815589237898588,0.6712772130757569,-0.5025928904753179
1776176133696051700,5.0080517578125,-0.3524865732252598,1.0109814616173505,-0.2993511222999542
1776176133705982700,5.017982666015625,-0.5926479129970074,1.264752224546671,-0.2253081270981579
1776176133715913700,5.027913818359375,-0.7143699203491211,1.394254218250513,-0.194414756988734
1776176133725844700,5.0378447265625,-0.7813403468161821,1.5301128875046968,-0.2902823382467031
1776176133735775700,5.047775634765625,-0.7361322548240423,1.6473405060470103,-0.6076324239000678
1776176133745706800,5.057706787109375,-0.513527651063539,1.7004723767757417,-0.844757318585366
1776176133755637800,5.0676376953125,-0.2743886400768533,2.192143548807502,-0.4404530259698629
1776176133765568800,5.07756884765625,0.0010550072119571,0.7888251496136188,-1.3983824040964246
1776176133775499800,5.087499755859375,0.3331342225015163,1.5556056406795975,-0.5035352128267288
1776176133785430800,5.0974306640625,0.375942267614603,1.410455411466956,-0.4635379873506725
1776176133795361800,5.10736181640625,0.7115624617129563,0.5576672005087137,-0.4317570938169956
1776176133805292800,5.117292724609375,1.647510601916909,1.0312374831825497,0.0017258008792996
1776176133815222800,5.127222900390625,2.2635358833700416,0.8478297117680311,-0.0975548036925494
1776176133825153800,5.13715380859375,2.5778870794683693,0.4653828845649957,0.0156847681269049
1776176133835084800,5.147084716796875,2.9217800118714568,-0.2668722365647554,0.1850065849132836
1776176133845015800,5.157015869140625,2.900686370438337,-0.5856897644221782,0.1806228168711066
1776176133854946800,5.16694677734375,2.245067329743504,-0.237454418900609,0.4812428631283342
1776176133864877800,5.1768779296875,0.9675555768668652,-0.1872977645903825,0.6771997349925338
1776176133874808800,5.186808837890625,-0.1718324844330549,-0.4666583113282919,0.6913257293701172
1776176133884739800,5.19673974609375,-0.6731430800128728,-0.6939256827354431,0.595126797265932
1776176133894670800,5.2066708984375,-0.6664665979236364,-0.561599863782525,0.3987601024918258
1776176133904601900,5.216601806640625,-0.3668137892633676,-0.393941450163722,0.2126511092945933
1776176133914532600,5.22653271484375,0.1496020209897309,-0.6413800874620675,0.1579255396336317
1776176133924463900,5.2364638671875,-0.2855038717985153,-1.3553402579665184,0.4348207922365516
1776176133934395000,5.246394775390625,-0.428450964943692,-1.2126648944348095,0.7725646274253726
1776176133944325600,5.25632568359375,-0.2185602602731436,-1.0082114123821255,0.7483767463039607
1776176133954257000,5.2662568359375,-0.5570066907733678,-1.375934717705846,0.9778271608386188
1776176133964188000,5.27618798828125,-0.6340227835018187,-1.2251789235711097,1.444284908093512
1776176133974118700,5.28611865234375,-0.5392828180342912,-1.3903642250746489,1.5521848724506797
1776176133984049000,5.296048828125,-0.4294091424513608,-1.7216496048390864,1.4425459554716944
1776176133993979600,5.305979736328125,-0.504803040805459,-1.6494512145906686,1.36605132933408
1776176134003910700,5.31591064453125,-0.7030582527399063,-1.3539432506501674,1.1495796388380228
1776176134013842000,5.325842041015625,-0.8055150031298398,-1.0815145490020512,0.8995913170568645
1776176134023772700,5.335772705078125,-0.9710236183036118,-0.7683201217234135,0.6258315860006958
1776176134033703700,5.34570361328125,-1.1259867279350757,-0.4940501761227845,0.3859160376835614
1776176134043635000,5.355635009765625,-0.7560989380538463,-0.1349427234530449,0.2435943829603493
1776176134053565700,5.365565673828125,-0.5822463825026527,-0.084520111683011,0.11509637866728
1776176134063496700,5.37549658203125,-0.5256997348943725,-0.2698743409901857,-0.212047298182547
1776176134073427700,5.385427734375,-0.5014900072673335,-0.0683458064734935,-0.6729806559927761
1776176134083358700,5.395358642578125,-0.4794476868072524,0.4719418046891689,-1.0771436404414474
1776176134093289700,5.405289794921875,-0.7899486006855965,0.8661819455385208,-1.076542898069322
1776176134103220700,5.415220703125,-1.1382388912647965,1.1973124270021915,-0.8155953753784299
1776176134113151700,5.42515185546875,-1.051144545179605,1.7654355550736187,-0.4456017870351672
1776176134123082800,5.435082763671875,-1.3611667721629142,2.0777385864704847,-0.0426341498509049
1776176134133013800,5.445013671875,-2.2838719844341275,2.0379332303047177,0.3287695975512266
1776176134142944800,5.45494482421875,-2.8450433936715123,2.4869173532545563,0.5960499765254557
1776176134152875800,5.464875732421875,-2.765255571207404,3.3779256970137355,1.0116814265802505
1776176134162805800,5.4748056640625,-2.340405188038945,2.8482547569334504,0.5366115529984236
1776176134172736800,5.48473681640625,-1.443741010475159,3.56223597022593,0.2377170153595507
1776176134182667800,5.494667724609375,-2.072053526571393,3.1381852130025623,0.4936798815056681
1776176134192598800,5.504598876953125,-3.08645385672152,1.671672398748994,0.6454853308238089
1776176134202529800,5.51452978515625,-2.673409062159062,1.989726541018486,-0.0863080180130898
1776176134212460800,5.524460693359375,-1.888826372420788,2.3097359090089795,-1.3026798041418195
1776176134222391800,5.534391845703125,-1.5592600715339182,1.9356641114413733,-1.9205625500299035
1776176134232322800,5.54432275390625,-1.478386207398772,1.6221102032005783,-1.9478277197048064
1776176134242253800,5.55425390625,-1.270456573668122,1.0752326922535895,-1.7452248339548706
1776176134252184800,5.564184814453125,-1.1034025556832552,0.5023083013802766,-1.2888586379297078
1776176134262115800,5.57411572265625,-1.307743809533119,0.3096732674151659,-0.4900141986049711
1776176134272046800,5.584046875,-1.4809054967433213,0.0204471602231264,-0.011830576916784
1776176134281977900,5.593977783203125,-0.6666378628373145,0.7231424248695373,0.044518502292782
1776176134291908900,5.603908935546875,-3.334458311209082,-1.944955671399832,-0.8563317287839949
1776176134301840000,5.61383984375,-3.04398834143579,-2.4339514867424965,-1.670138174919039
1776176134311770600,5.6237705078125,1.2089409054756164,-1.3072078029602765,-2.5016215859115123
1776176134321702000,5.633701904296875,6.429013641321658,-1.8928490520656107,-2.964023993360996
1776176134331633000,5.6436328125,9.336547101175784,-2.4093758484125134,-2.323449815454334
1776176134341563600,5.653563720703125,9.431675700634717,-3.179064920401573,-0.9166400670133532
1776176134351494000,5.663493896484375,7.850678429067134,-3.085794516029954,0.578603313292563
1776176134361424600,5.673424560546875,6.197733527141809,-2.2051444846779105,1.5289385830283164
1776176134371355600,5.683355712890625,4.552428326314687,-1.1437304744184016,1.7472437725618482
1776176134381287000,5.693286865234375,2.790356694716215,-0.5136895270943641,1.5628263857133686
1776176134391217700,5.7032177734375,1.299614279091358,-0.0788923349291086,1.277207363102585
1776176134401148700,5.713148681640625,0.1359036774396896,0.4845587096780538,1.261454644306004
1776176134411080000,5.723079833984375,-0.8459118954479694,0.9200152425348758,1.3373200326293706
1776176134421010700,5.7330107421875,-1.858893590971828,1.3250246146798133,1.4032523482203485
1776176134430941700,5.742941650390625,-2.689517900916934,1.7024451381534338,1.5427978892937302
1776176134440872700,5.752872802734375,-3.1210633978098627,1.8881793066889043,1.6453054930880664
1776176134450803700,5.7628037109375,-2.926825020301342,1.756390078830719,1.572323843507469
1776176134460734700,5.772734619140625,-2.3291934736728668,1.5662772568196055,1.2549122369252144
1776176134470665700,5.782665771484375,-1.903646924933791,1.0755927577376363,0.8531974493462592
1776176134480596500,5.792596435546875,-1.5556307751208542,0.6969798096090555,0.0581738834839314
1776176134490527700,5.80252783203125,-1.38969085585773,0.2827490201324224,-0.8544979374855757
1776176134500458800,5.812458740234375,-1.360824242335558,-0.1823521248817443,-1.7516531134366988
1776176134510389500,5.822389404296875,-1.0511515594422816,-0.3749479958802461,-2.491046708144248
1776176134520319700,5.83231982421875,-0.6998889750540256,-0.4831313072234391,-2.647324772831797
1776176134530250500,5.84225048828125,-0.3590729658782482,-0.3852034324347972,-2.3194401414215564
1776176134540181800,5.852181640625,-0.2151146133312955,-0.2248211472988128,-1.7662915873810647
1776176134550112800,5.86211279296875,-0.4150526637861504,-0.1707873592942953,-1.090188415453583
1776176134560043500,5.87204345703125,-0.664894745497033,-0.1975906105458736,-0.6373506127502769
1776176134569974800,5.881974853515625,-0.692342870523408,-0.215201086038351,-0.4228235535159707
1776176134579905800,5.89190576171875,-0.5220961939770729,-0.0917073928385972,-0.5151729705851524
1776176134589836500,5.90183642578125,-0.0150433284182101,0.0019774375528097,-0.4213727701857686
1776176134599767800,5.911767822265625,0.7500701062183827,0.0472194318145513,0.221258121054992
1776176134609698600,5.921698486328125,1.255852294254303,0.1951864720135927,0.8988272738818078
1776176134619629600,5.931629638671875,1.71112470369339,0.3120399965465069,1.2831890678606928
1776176134629560800,5.941560791015625,2.1487105036638674,0.437140540421009,1.5059277097970247
1776176134639491600,5.95149169921875,2.245840506073088,0.4544090706080198,1.4607348153740167
1776176134649422600,5.961422607421875,2.14020702534318,0.3761404205352068,1.0104168134719134
1776176134659353900,5.971353759765625,2.1082944682538507,0.2737199105024337,0.5089771846849471
1776176134669284600,5.98128466796875,1.9212042089343069,0.1554436596900224,0.1551183001931756
1776176134679215600,5.991215576171875,1.7017710382841529,0.032986323800683,-0.2254952471680939
1776176134689145600,6.0011455078125,1.6776177170194684,-0.0700952804893255,-0.5677471343658864
1776176134699076600,6.01107666015625,1.9806687898159023,-0.0814326670616865,-0.5297186516795307
1776176134709007600,6.021007568359375,2.3274255872175096,0.0622077421098947,-0.1337264064658433
1776176134718938600,6.030938720703125,2.75916426859498,0.1595019951701164,0.2892513877637684
1776176134728869600,6.04086962890625,3.28078809581995,0.2923655742615461,0.7447490573260933
1776176134738800600,6.050800537109375,3.838674492037296,0.4876216043800115,0.9103922586649656
1776176134748731600,6.060731689453125,4.421262783312797,0.7370733350664377,0.8589527249373495
1776176134758662700,6.07066259765625,4.859669398146868,1.0122346765488386,0.4177428161855787
1776176134768593700,6.08059375,4.742968433827161,1.0392869341254234,0.0690718557257205
1776176134778524700,6.090524658203125,3.931903395354748,0.7071557511866092,0.1518711349654942
1776176134788455700,6.10045556640625,2.604544784769416,0.1231961715579032,0.4128198267001658
1776176134798386700,6.11038671875,0.7590905210852622,-0.1308165834337472,0.2191144600898027
1776176134808317700,6.120317626953125,-1.4658318462520836,-0.0792728586792945,-0.2582802031777799
1776176134818248700,6.130248779296875,-3.826319452854991,-0.2346393614798784,-0.7211999124996363
1776176134828179700,6.1401796875,-6.020925007861853,-0.378389076244831,-1.1345535538155584
1776176134838110700,6.15011083984375,-7.668224597376584,-0.5809861167758703,-1.3609814787238836
1776176134848041500,6.16004150390625,-8.593423964551091,-0.481081973478198,-1.4123060077697038
1776176134857971700,6.1699716796875,-8.965673807388544,-0.1756038196653127,-1.1369768354397267
1776176134867902700,6.17990283203125,-8.71809780744612,0.1194055471032857,-0.341507279375568
1776176134877833700,6.189833740234375,-8.04421830291748,0.5623702636331319,0.5834042838335037
1776176134887764700,6.1997646484375,-6.929621568524837,0.9659539868891238,1.489129135209322
1776176134897695500,6.209695556640625,-5.287234300971031,1.1910229714691638,2.139007001903653
1776176134907626800,6.219626708984375,-3.248476894801855,1.168278640219569,2.2988681857749818
1776176134917557800,6.229557861328125,-1.1661328603625296,0.9819774854511022,1.871742258889973
1776176134927488500,6.239488525390625,0.8122633083462715,0.7338117029219865,1.0120333087578417
1776176134937419800,6.249419677734375,2.824465885066986,0.5783189433932304,0.0634972704637795
1776176134947350800,6.259350830078125,4.636832118141651,0.4440460820257663,-0.7515932971976697
1776176134957281500,6.269281494140625,6.0229907082200045,0.1955155578374862,-1.2571684914194046
1776176134967212800,6.279212890625,6.905925051116943,0.0096796824932098,-1.729800470329821
1776176134977143800,6.289143798828125,7.345767251712084,0.0078770169854164,-1.8184356161162256
1776176134987074600,6.299074462890625,7.046324870932102,0.1202788228064775,-1.1878968753378838
1776176134997005800,6.309005859375,5.751011503905057,0.5033008195489644,-0.6290071472968906
1776176135006936600,6.3189365234375,3.954747679847479,0.7271013916283845,-0.0657693070489913
1776176135016867600,6.32886767578125,2.2134148848950863,1.018265188884735,0.1458848270975053
1776176135026798800,6.338798828125,0.7161456247847526,1.171382451453805,-0.0119152595255523
1776176135036728600,6.348728515625,-0.6415525944847613,1.0611264254897832,-0.1250618923645466
1776176135046659600,6.35865966796875,-1.8481950868248933,0.8375620002537966,-0.2054256150204688
1776176135056590600,6.368590576171875,-2.618461666440964,0.5380880552917718,-0.2008375565778463
1776176135066521600,6.378521484375,-2.9793127479076382,0.1763730504721403,-0.1135532408785074
1776176135076452600,6.38845263671875,-3.153189305388928,-0.2808464013814926,-0.0655127019394189
1776176135086383600,6.398383544921875,-3.086780604457855,-0.6992308034062386,-0.1390413909435272
1776176135096314600,6.408314697265625,-2.7071336371064185,-0.9882914909034968,-0.2593573308899998
1776176135106245600,6.41824560546875,-2.2063304795920846,-1.1917904487103224,-0.3231781342197209
1776176135116176600,6.4281767578125,-1.8027192838072776,-1.218665596154332,-0.3649995063830167
1776176135126107600,6.438107666015625,-1.4276982226908206,-1.0784212591618298,-0.377416577950865
1776176135136038700,6.44803857421875,-1.0838345163822174,-0.9349632208198309,-0.3331554844852537
1776176135145969700,6.4579697265625,-0.7600690837938338,-0.6008236206680536,-0.3882908039908856
1776176135155900700,6.467900634765625,-0.4374199418842792,-0.2066968770653009,-0.6327012525744736
1776176135165831700,6.477831787109375,-0.2752056190155446,0.1132370876014232,-0.829571293760836
1776176135175762700,6.4877626953125,-0.2456698740601539,0.3364297569155693,-1.0260611034579574
1776176135185693700,6.497693603515625,-0.2404816577672958,0.6026999359339476,-1.2003043022945523
1776176135195624700,6.507624755859375,-0.2410952596209943,0.8582792095899582,-1.427285550236702
1776176135205554700,6.5175546875,-0.1575287954010069,1.2618167556166648,-1.415941587793082
1776176135215485700,6.527485595703125,0.1596843659996986,1.584984879899025,-1.33489660487473
1776176135225416700,6.537416748046875,0.6933131037950515,1.8467022179186343,-1.0438136177696289
1776176135235347700,6.54734765625,1.5030919018492102,1.9832968002319336,-0.5604568312272429
1776176135245278700,6.55727880859375,1.6955562554225323,1.9485884749442337,0.012590601503849
1776176135255209700,6.567209716796875,2.390654489068687,2.779027491450309,-0.1805785393379628
1776176135265140500,6.577140380859375,3.264905174772441,3.771035372528434,-0.5474316376984119
1776176135275071700,6.58707177734375,3.859571441854536,4.246832099080086,-0.4290001963242888
1776176135285002800,6.597002685546875,4.027715885424613,4.438424930515885,-0.1654709865771234
1776176135294933500,6.60693359375,4.077067360831797,4.613566393366456,0.0381159417741
1776176135304864800,6.61686474609375,4.264203797380626,4.415013075268268,0.3130864368595182
1776176135314795800,6.626795654296875,4.448551772254705,4.284351974657178,0.5294534979373217
1776176135324726500,6.6367265625,4.055485351359844,4.187556903290749,0.674051500094682
1776176135334657800,6.64665771484375,2.6385610361397265,3.978029771235585,0.8293519519217312
1776176135344588800,6.6565888671875,1.413414845794439,4.137003943139314,0.5573921829596161
1776176135354519600,6.66651953125,0.4921785370320081,4.5385283957779405,-0.0377488620273768
1776176135364450800,6.676450927734375,-0.463287958112359,4.742410215422511,-0.1276185180447995
1776176135374380500,6.686380615234375,-1.4568573894187806,4.801038930001854,0.264990222210437
1776176135384311600,6.6963115234375,-2.183674411147833,4.097647499784827,1.161764143759012
1776176135394242800,6.706242919921875,-2.434100393693894,2.38157481829524,2.443218350651115
1776176135404173600,6.716173583984375,-2.52930220451951,1.1034686066567898,3.4573882330462333
1776176135414104600,6.7261044921875,-3.0784628579676148,0.5442530076622962,3.770716223576665
1776176135424035600,6.73603564453125,-3.794085993248224,0.4616062886357307,3.1388004222914576
1776176135433966600,6.745966552734375,-4.248634764587879,0.1746107169747352,2.063684634415805
1776176135443897600,6.755897705078125,-4.781137713223695,-0.4720084401845931,1.2982000283792614
1776176135453828600,6.76582861328125,-5.585312407660484,-1.7083073081851003,0.8660888604275881
1776176135463759600,6.775759521484375,-6.243195301634073,-2.8799264910042286,0.4447980694368481
1776176135473690600,6.785690673828125,-6.659931351929902,-3.561804008549452,-0.1306811935510486
1776176135483621600,6.79562158203125,-6.512465831512213,-4.129516217732429,-0.5938714634425938
1776176135493552600,6.805552734375,-5.645299551111459,-4.941940854120254,-0.607259279738739
1776176135503483600,6.815483642578125,-4.351940825283527,-5.5962353682130574,-0.3871806507918983
1776176135513414700,6.82541455078125,-2.9204759435355663,-6.068399291220307,-0.4837831952609121
1776176135523345700,6.835345703125,-1.6670751340866088,-6.598776918265223,-0.949141822167486
1776176135533276700,6.845276611328125,-0.8508043436646461,-6.710446318158507,-1.7534863202132285
1776176135543206700,6.85520654296875,-0.2463315528392791,-6.496831040006875,-2.493797760418057
1776176135553137700,6.8651376953125,0.3754313954830169,-6.055182082250714,-2.76743613011688
1776176135563068700,6.875068603515625,1.0361538967967032,-5.279622656923532,-2.7035937725424763
1776176135572999700,6.884999755859375,2.9640672479808328,-4.307479167744517,-2.1341313586913047
1776176135582930700,6.8949306640625,4.6358793474614615,-2.8260055157244204,-1.1137120605126023
1776176135592861700,6.90486181640625,5.101315423518419,-0.9509475564152,-0.0086274700265377
1776176135602792700,6.914792724609375,6.393038657099008,-0.0221375975281,0.3806739723116159
1776176135612723700,6.9247236328125,5.20295676587224,0.9247714971512556,0.6911732422221452
1776176135622654700,6.93465478515625,3.282347600221634,1.4205904365122315,0.6035946928165853
1776176135632585700,6.944585693359375,1.6544669969260692,1.3178104455173014,0.1789974076263606
1776176135642516700,6.954516845703125,0.5052502000510692,1.158610648164153,-0.402731198079884
1776176135652447700,6.96444775390625,-0.3034511049646884,0.8812596876829862,-0.8395846651878207
1776176135662378500,6.97437841796875,-0.6240590233702212,0.3483317916333675,-1.0697102755703032
1776176135672309800,6.984309814453125,-0.7289666740436106,0.0811585262954235,-1.1017848913535475
1776176135682240800,6.99424072265625,-0.9462123445868492,0.0933171661227941,-0.8433306467831134
1776176135692171500,7.004171630859375,-1.0851263097584247,0.2062526404291391,-0.3876375277139246
1776176135702102800,7.014102783203125,-1.1657003141641615,0.3087263419538736,0.0943306540142744
1776176135712032500,7.024032470703125,-1.2115607325851916,0.4675952999174594,0.5598161952361465
1776176135721963500,7.033963623046875,-1.082840756104514,0.4833645314574241,0.933299744587019
1776176135731894800,7.043894775390625,-0.8188800961375235,0.4476110810309648,0.9211690887451172
1776176135741825500,7.053825439453125,-0.3899146058004349,0.3577636368453502,0.6384262060925364
1776176135751756500,7.063756591796875,0.1317687695920467,0.2003559836059808,0.3478735995370894
1776176135761687800,7.073687744140625,0.5589432117938995,0.1255529638171195,-0.0439204633343964
1776176135771618600,7.08361865234375,0.8850153138894588,0.1601262645483017,-0.4347076872508972
1776176135781549600,7.093549560546875,1.0555764632124454,0.2336883443653583,-0.7918672207232564
1776176135791480600,7.10348046875,1.1933879470348356,0.5735702875614166,-1.1008750830322502
1776176135801411600,7.11341162109375,1.3573545203983783,1.07620182954669,-1.1807412314295769
1776176135811342600,7.123342529296875,1.4084043241560458,1.649379318398237,-1.2172450618319213
1776176135821273600,7.133273681640625,1.3012439261198043,2.3173007913053034,-1.378162184496969
1776176135831204600,7.14320458984375,1.1094844328802078,3.2056594973385333,-1.6008043803215026
1776176135841135600,7.153135498046875,0.8820212466400116,4.012779013055563,-1.6345219410061835
1776176135851066600,7.163066650390625,0.799195663915202,4.817644027844072,-1.8992993972487744
1776176135860997600,7.17299755859375,0.7471872442584484,5.552976656723022,-2.251530096016824
1776176135870928600,7.1829287109375,0.5724596959710121,6.055643854543567,-2.3334321341559288
1776176135880859600,7.192859619140625,0.5772714801669121,6.4167006877154105,-2.321389083532244
1776176135890789600,7.20278955078125,1.1182276382409035,6.34972967672646,-1.8095622815698384
1776176135900720600,7.212720703125,2.8185680592000484,6.0561149791866535,-0.5489646924845873
1776176135910651600,7.222651611328125,3.054969754177332,4.1303117520242925,1.5499093287341297
1776176135920582700,7.232582763671875,1.7631341462634502,1.6027783107429745,3.0673315153613685
1776176135930513700,7.242513671875,1.5281819194421171,1.1307184326320885,2.7198993029162284
1776176135940444700,7.252444580078125,1.2608205841861664,0.8326473402053117,1.2976679673291742
1776176135950375700,7.262375732421875,0.439933532140404,0.5941963114827871,0.0681828709967434
1776176135960306700,7.272306640625,-0.7588638727225363,0.5921779573976993,-0.7296452308923006
1776176135970237700,7.28223779296875,-1.993230457486212,-0.0852086784690618,-1.0181366671342402
1776176135980168700,7.292168701171875,-2.7126597070515155,-2.7334002972632643,0.0908242715948261
1776176135990099700,7.302099609375,-2.869007622104883,-5.425325843843817,1.5836229438960552
1776176136000030700,7.31203076171875,-2.080519157099724,-6.420529890614747,2.005527775131911
1776176136009961700,7.321961669921875,-0.7912417092360555,-7.367310975000262,2.3926126373991368
1776176136019892700,7.331892822265625,0.1241033495306968,-8.297022266641259,3.0200945478901264
1776176136029823500,7.341823486328125,0.8162181103866547,-8.237742979198694,3.1586464017510414
1776176136039754800,7.351754638671875,1.3567594771146774,-7.593330976694822,2.673162978443503
1776176136049684700,7.361684814453125,1.4656032981932163,-6.751291538766026,1.7572990103691817
1776176136059615500,7.371615478515625,0.737680653309822,-5.811919269332289,0.46571639083568
1776176136069546800,7.381546630859375,-0.5289303508460521,-4.903284083467722,-0.7868266692727803
1776176136079477500,7.3914775390625,-1.571381301960349,-4.017663277965784,-1.5094953391507266
1776176136089408500,7.401408447265625,-2.0740718806564806,-3.443316160812974,-1.8526342383161185
1776176136099339800,7.41133984375,-1.9658119969457384,-3.198333684495091,-2.1407342640876768
1776176136109270500,7.4212705078125,-1.1816034012168646,-3.49129196395278,-1.943582337220013
1776176136119201500,7.431201416015625,0.0063438526013866,-4.198999503803253,-1.3388181622326374
1776176136129132800,7.4411328125,1.184144317871332,-5.1744963950634,-0.6425726582475006
1776176136139063600,7.4510634765625,2.2337170836895703,-6.502414977619051,0.0336037981119006
1776176136148994600,7.46099462890625,2.6564240250885485,-7.535583721125126,0.4248439534276723
1776176136158925600,7.470925537109375,2.654366508036852,-8.168499347102642,0.7110719017170369
1776176136168856600,7.480856689453125,2.423862638926506,-8.69062761671841,1.4746122418180108
1776176136178787600,7.49078759765625,1.8003624915480612,-8.443317574235797,1.569823112732917
1776176136188718600,7.500718505859375,1.4532938517183065,-7.864069825559854,0.8235076098076999
1776176136198649600,7.510649658203125,1.3930039259284734,-7.04371614973843,0.4725254497960209
1776176136208580600,7.52058056640625,1.2740772483833134,-6.088493400222062,0.3897260244257748
1776176136218510600,7.530510498046875,1.091008426599577,-4.79093956079185,0.393940427250415
1776176136228441600,7.540441650390625,0.9651467621594668,-3.527999938625097,0.5248058182619512
1776176136238372600,7.55037255859375,0.6033255204863845,-2.2896289405256507,0.7346399704396724
1776176136248303600,7.5603037109375,-0.2895974247224628,-0.5609615658789873,0.3958532751344144
1776176136258234600,7.570234619140625,-1.1424825201839208,1.3035767529815434,-0.2276619236826896
1776176136268165600,7.58016552734375,-1.6413519331566988,2.505301735728979,-0.5669347950696945
1776176136278096600,7.5900966796875,-1.7950718377940356,3.3172593391269443,-0.4233239042535424
1776176136288027600,7.600027587890625,-1.524459976309538,4.019769310334325,-0.0982882325336337
1776176136297958700,7.609958740234375,-1.0482597835235297,4.62338753015697,0.1810553630694746
1776176136307889700,7.6198896484375,-0.5645354788430035,5.058570506769418,0.2931643234238028
1776176136317820700,7.629820556640625,-0.0773123722612857,5.551141257989406,0.1932066963732242
1776176136327751700,7.639751708984375,0.0876275761790573,6.05761486235559,-0.106957130549103
1776176136337682700,7.6496826171875,0.0252222656704485,6.440508264282346,-0.5144176952384412
1776176136347613700,7.65961376953125,0.0468995522104203,6.826752145680785,-1.0283910077102485
1776176136357544700,7.669544677734375,-0.2635404617935419,6.910391382876038,-1.834709728438407
1776176136367475700,7.679475830078125,-0.7757604277919977,6.976697207954525,-2.7035563631415367
1776176136377406700,7.68940673828125,-1.288894732156396,7.185866028091311,-3.4645758064627645
1776176136387336700,7.699336669921875,-1.7471558020174502,7.438190099343657,-4.228796091651916
1776176136397267500,7.709267333984375,-2.168724679297209,7.5229375900417566,-4.943256612893939
1776176136407198700,7.71919873046875,-2.349972057807445,7.578278953513503,-5.538129216203093
1776176136417129700,7.729129638671875,-1.9351362881749867,7.4607818703800435,-5.827184058481454
1776176136427060500,7.739060546875,-1.3824872080892323,7.078956389945745,-5.850786467865109
1776176136436991700,7.74899169921875,-1.0637579430371522,6.7928919616550205,-5.646029034429788
1776176136446922500,7.758922607421875,-0.7512836467266082,6.612267098957299,-5.284733716326952
1776176136456853500,7.768853515625,-0.5423170711636542,6.434976349118352,-4.75516799018681
1776176136466784500,7.778784423828125,-0.3360813818693161,6.188550103732943,-4.10001130630672
1776176136476715500,7.788715576171875,-0.1919792004048824,5.838105265468359,-3.5536622031480074
1776176136486646500,7.798646484375,-0.1650251425057649,5.308713726851344,-3.1750226592734454
1776176136496577500,7.80857763671875,-0.053020227047801,4.725763032004237,-2.7167954916819927
1776176136506508500,7.818508544921875,-0.1649573379665613,4.347697196364402,-2.192131273847818
1776176136516439600,7.828439453125,-0.3637006256788969,4.0425931365609165,-1.7116902286216615
1776176136526370600,7.83837060546875,-0.4317314113864675,3.682164079898596,-1.4548846280410883
1776176136536301600,7.848301513671875,-0.1765869854837655,3.085630265378952,-0.7573802100360393
1776176136546232600,7.858232666015625,0.3352724401066079,2.2674849132567645,0.1614247799262404
1776176136556162600,7.86816259765625,0.7554384283185005,1.3191630291700362,1.048830715279281
1776176136566093600,7.878093505859375,1.3323831607490777,0.6469605179429054,2.2265967302903533
1776176136576024600,7.888024658203125,2.0166537109106777,-0.0924386297225952,3.304880334547162
1776176136585955600,7.89795556640625,2.6025533186912537,-0.9174778330117463,4.23623062556684
1776176136595886600,7.907886474609375,2.881280828222632,-1.4842121370732784,5.063578690320253
1776176136605817600,7.917817626953125,2.443725861781836,-1.6672066515117885,5.4195490140080445
1776176136615748600,7.92774853515625,1.3322843765497208,-1.6209183630675077,5.225877622732519
1776176136625679600,7.9376796875,0.2489883509583771,-1.4875053333997723,4.641180084218084
1776176136635610600,7.947610595703125,-0.8270113801449537,-1.528694837400317,4.09863125012517
1776176136645541400,7.957541259765625,-1.9938696321725844,-1.8380518784731623,3.70897376089096
1776176136655472600,7.96747265625,-2.969694440212846,-2.3382050476461647,3.467164946173132
1776176136665403600,7.977403564453125,-3.529098255255818,-2.498966102966666,3.382065573297441
1776176136675334400,7.98733447265625,-3.644519116637112,-2.416075053790212,3.3722228091970083
1776176136685265700,7.997265625,-3.3463398876607418,-2.4075182378470896,3.370123791091144
1776176136695196700,8.00719677734375,-2.545589322453737,-2.7132038969308137,3.3043308839708563
1776176136705127400,8.01712744140625,-1.437631441553682,-3.5442402948081493,3.63119464790076
1776176136715057700,8.0270576171875,-0.5496620270989835,-4.081746750819683,3.926736221849918
1776176136724988400,8.036988525390624,0.0646890375316143,-3.9342677863985296,3.765610132609308
1776176136734919400,8.04691943359375,0.4774772269845008,-3.415186044871807,3.4752836629599333
1776176136744850700,8.0568505859375,0.7685488159127533,-2.767491367435455,3.3990731144607067
1776176136754781400,8.066781494140624,1.0577065340436995,-2.1561592122346163,3.341889630253613
1776176136764712400,8.07671240234375,1.3989211871482432,-1.7486551006644964,3.095119685997069
1776176136774643500,8.0866435546875,1.5630876669980585,-1.6906541625946758,2.636640589471161
1776176136784574500,8.096574462890626,1.3706699290454387,-1.5833353591263293,2.0289654954731464
1776176136794505500,8.10650537109375,1.0859763507165014,-1.2983791843384505,1.2193636614210903
1776176136804436500,8.1164365234375,1.1080126798272132,-1.2022808630645274,0.590416208422184
1776176136814367500,8.126367431640626,1.45520816090703,-1.1497586486667395,0.5005646725833416
1776176136824298500,8.136298583984376,1.4919173046231269,-1.0895113929748534,0.2737176089474931
1776176136834229500,8.1462294921875,1.1603104378193616,-1.0781892039716243,-0.3331596492037177
1776176136844160500,8.156160400390625,0.89559450250566,-1.402270351445675,-1.25378776293993
1776176136854091500,8.166091552734375,0.8462794135861098,-1.5479852288037537,-2.2558969129242
1776176136864022500,8.1760224609375,1.1289626750059425,-1.4376596447348593,-3.8431791099801655
1776176136873952500,8.185952392578125,0.5201410413213073,-1.3204904783815146,-3.642092766273021
1776176136883883500,8.195883544921875,-0.0622527502954006,-1.726938358896971,-3.1105732757166025
1776176136893814500,8.205814453125,-0.1803828706353902,-1.9485428822368385,-2.582229200325906
1776176136903745500,8.21574560546875,-0.4051600326620042,-1.5927964304327964,-2.0183285122551022
1776176136913676500,8.225676513671875,-0.6991922249615192,-1.2213321850150822,-1.8380428183838724
1776176136923607600,8.235607666015625,-1.4498504332661628,-1.271005439722538,-1.338045132033527
1776176136933538600,8.24553857421875,-2.0101678560227154,-0.9485708904117344,-1.3288821668908
1776176136943469600,8.255469482421875,-2.8287358174711463,-0.3889309285253286,-1.6970609608970582
1776176136953400600,8.265400634765625,-2.970636104977131,0.2897159365355968,-1.7475541536852717
1776176136963331600,8.27533154296875,-2.171954016607254,0.7444061621725558,-1.693045149384439
1776176136973262600,8.2852626953125,-1.5854335004493594,0.8581593826025724,-1.823499183116108
1776176136983193600,8.295193603515624,-1.0905831138595938,1.1201426780819892,-2.271811398153752
1776176136993124600,8.30512451171875,-0.6319884281300008,1.4407920975416897,-2.4334226405628026
1776176137003055600,8.3150556640625,-0.2991523117922246,1.35947750390172,-2.3638353095956144
1776176137012986400,8.324986328125,0.1288771398037672,1.4246014257192612,-1.5231677445419132
1776176137022917600,8.334917724609374,0.7388485280454158,1.2415385222196578,-0.8607346399180591
1776176137032848600,8.3448486328125,1.1276321570545431,1.4683411987245083,-0.5987186112128198
1776176137042778400,8.3547783203125,1.2570429653435944,1.748333029103279,-0.2598687875434756
1776176137052709600,8.364709716796876,1.2600175972402097,1.7603081290572882,-0.0039992987692356
1776176137062640400,8.374640380859375,1.2350539825059472,1.9560306076437235,0.3023411709614098
1776176137072571400,8.3845712890625,0.8895938007861375,1.871447367596626,0.5407531828477978
1776176137082502700,8.394502685546875,0.81711966233626,1.7310002015084027,0.7205636604227125
1776176137092433400,8.404433349609375,1.0118165972672402,1.6523761621266602,0.561478575490415
1776176137102364400,8.414364501953125,1.243573242917657,1.5109072517752646,0.3466759872503578
1776176137112295700,8.424295654296875,1.507438552751392,1.4077724559932947,0.3655611588537693
1776176137122226400,8.434226318359375,1.8073535194791848,1.2469383354365824,0.2338165007896721
1776176137132157400,8.444157470703125,2.016038647752255,1.1583686561018227,0.3975374288290739
1776176137142088400,8.45408837890625,1.962933226639032,0.939231984180212,0.840056447418034
1776176137152019500,8.46401953125,2.295381366572529,0.7264660163342952,0.9797881587132812
1776176137161950500,8.473950439453125,3.0321190399438143,0.5141939694851636,-0.0565066809240728
1776176137171881500,8.483881591796875,2.7520725567683577,0.5468810180783271,0.6230567875251174
1776176137181812500,8.4938125,2.048427444051206,-0.044881344255805,0.1370302703168243
1776176137191743500,8.503743408203125,1.3703332444369791,-0.3155634944975375,-0.4734171379387378
1776176137201674500,8.513674560546875,0.572571924173832,-0.4419061473876237,-0.9591072627995164
1776176137211604500,8.5236044921875,-0.1367602942690253,-0.567564325144887,-1.512656871921569
1776176137221535500,8.533535400390624,-0.843424754807353,-0.488066425538063,-1.921942460080981
1776176137231466500,8.543466552734374,-1.342060212893784,-0.4667921668410301,-1.822757278707624
1776176137241397500,8.5533974609375,-1.7097510772526263,-0.5564163236647844,-1.4920714722715318
1776176137251328500,8.56332861328125,-5.13669244184792,-0.5554056853175163,-2.627013806208968
1776176137261259500,8.573259521484376,-4.115626224067807,-0.613055325731635,-2.3079721142068506
1776176137271190500,8.5831904296875,-0.8519880004912614,-0.8143950596779584,0.4978242878340184
1776176137281121500,8.59312158203125,-0.5493421474948526,-1.1378969459593296,2.1124720461994406
1776176137291052500,8.603052490234376,-0.1181681142628192,-1.1263824492543937,2.604652336797118
1776176137300983600,8.612983642578126,0.3388812417209148,-0.6383277141541243,2.3202299766249954
1776176137310914600,8.62291455078125,0.1107727433145046,-0.3423182304322719,1.7054655088879167
1776176137320845600,8.632845458984375,-0.4322390321150421,-0.3628495618075132,1.0345790486954152
1776176137330776600,8.642776611328125,-1.0252923110425471,-0.5346212559640408,0.4278771836437284
1776176137340707600,8.65270751953125,-1.7703955155685542,-0.6501531765043735,-0.3686412969514727
1776176137350638600,8.662638671875,-2.99438902874738,-0.4303974959015846,-1.4762407198026777
1776176137360569600,8.672569580078125,-2.013977769699693,-0.6494470740616322,-1.6109828061170874
1776176137370499600,8.68249951171875,-0.6727429017141461,-1.0879442897886038,-0.5750229705877602
1776176137380430300,8.692430419921875,-0.67603668256253,-0.8923901535063982,-0.1966911774881184
1776176137390361600,8.702361572265625,-0.6891065920159221,-0.585703208425641,-0.3999138025715947
1776176137400292600,8.712292724609375,-0.369603127720952,-0.6216665022104978,-0.2315029631502926
1776176137410223400,8.722223388671875,-0.1144718900933861,-0.6799982796698808,-0.0225238203667104
1776176137420154600,8.732154541015625,-0.2017892312794923,-0.4859200611591339,-0.0192580965690314
1776176137430085400,8.74208544921875,-0.2469648823067545,-0.2253138992518186,-0.0499395044282078
1776176137440016400,8.752016357421875,-0.060700260156393,-0.0540489855736494,-0.1634508789263665
1776176137449947600,8.76194775390625,0.1004638230070471,-0.0322381357818841,-0.0750960113860666
1776176137459878400,8.77187841796875,-0.2516781745642423,-0.1692488976806402,0.1590874230198562
1776176137469809700,8.7818095703125,0.1186532674312591,-0.1109907699793577,0.3132847359105944
1776176137479741000,8.791740966796874,0.5260810988947748,-0.1444067173689603,0.6668222794935107
1776176137489671700,8.801671630859374,0.2769116922810674,-0.5312386277884245,0.836303086233884
1776176137499602700,8.811602783203124,0.884740223275125,-0.3436550319939851,1.214998451948911
1776176137509534000,8.821533935546874,1.1265256571173667,-0.5995376725107431,0.7337292122703045
1776176137519464700,8.831464599609374,0.9526014611020684,-1.3316449096024037,-0.1316618751514703
1776176137529395700,8.841395751953126,0.6852268279731273,-1.0659399632513522,-0.2326969952404499
1776176137539325700,8.85132568359375,0.4514052126169204,-0.8621855693787336,-0.3818996416490525
1776176137549256700,8.861256591796876,0.4344610920786857,-0.7512848157703876,-0.3211824303578585
1776176137559188000,8.87118798828125,0.7412544201433658,-1.1527169139504432,0.1500360284928232
1776176137569118700,8.88111865234375,0.8286721529640256,-2.571685302218795,0.2683279152657836
1776176137579049700,8.8910498046875,1.1977421967215836,-3.3784669642835854,0.5801596028238535
1776176137588980700,8.900980712890625,1.83956754373312,-3.672400810775161,0.4332646488357335
1776176137598911700,8.910911865234375,2.5894214499175545,-3.3730811795920133,0.1969634185582399
1776176137608842800,8.9208427734375,2.4698148272842166,-3.0470921526700256,0.5186606665704399
1776176137618773800,8.930773681640625,1.7305667785272,-3.197418907737732,1.1615168179344386
1776176137628704800,8.940704833984375,1.2633850278466938,-3.412034302842617,1.1054616071049124
1776176137638635800,8.9506357421875,0.8102180662542581,-3.4133091450840234,0.55521703087762
1776176137648566800,8.96056689453125,0.518335599334538,-3.501386072465777,0.1299061540579423
1776176137658497800,8.970497802734375,0.3707441144496202,-3.953647609651088,-0.6991291696626692
1776176137668428500,8.980428466796875,-0.0641346185192465,-4.503680369758606,-1.7659768223434686
1776176137678359800,8.99035986328125,-0.5695101985156535,-4.981302558171749,-2.217722226700187
1776176137688290800,9.000290771484375,-2.0792779248669744,-4.933187054300308,-2.2764181612968444
1776176137698220800,9.010220703125,-3.933019539903104,-3.579127483794093,-2.157716086287796
1776176137708151800,9.02015185546875,-5.2139925391495225,-1.992693574130535,-1.6302027626328168
1776176137718082600,9.03008251953125,-4.566290847450494,-0.8471925829082727,-0.9338689227771012
1776176137728013800,9.040013916015624,-4.15221203366518,-1.0511305166542528,-0.3194451217038557
1776176137737944800,9.04994482421875,-5.23242368337512,-1.900744773751497,0.3747742467485368
1776176137747875600,9.05987548828125,-5.548194098621607,-1.733855006417632,0.7060580190777779
1776176137757806800,9.069806884765624,-5.125439810949564,-1.8063731301397083,0.8628449831355363
1776176137767737900,9.07973779296875,-4.031626629127562,-0.9460328963667154,0.8566746970027684
1776176137777668600,9.089668701171876,-3.937339448928833,-0.1460655904918909,0.6139345927841962
1776176137787600000,9.099599853515626,-4.249045098954439,1.2397077996611594,0.109293026150763
1776176137797531000,9.10953076171875,-3.861542741927504,1.9300339965999125,-0.6817507493603974
1776176137807461600,9.119461669921876,-2.337939966969192,2.4438679006010293,-1.346243343797326
1776176137817393000,9.129392822265626,-0.1815145050138235,4.202030249801278,-1.6716911034494637
1776176137827323600,9.13932373046875,-0.8358972819119691,4.144057368782162,-1.450510066218674
1776176137837254700,9.149254638671875,-1.4275830718785525,4.562069430363178,-0.3036034459821879
1776176137847186000,9.15918603515625,-1.7544769386857746,5.192072968286276,0.5185121249452233
1776176137857115600,9.16911572265625,-1.11256961247921,5.242576828598976,0.8279643700208514
1776176137867047000,9.179046875,-0.2791938118688762,5.526657389596104,1.027686951094121
1776176137876977700,9.188977783203123,0.2323177866645157,6.318069633093476,0.9914694633524864
1776176137886908700,9.19890869140625,0.4575841935127973,6.696302057471871,0.8194624991353601
1776176137896840000,9.20883984375,1.002191567570716,6.620502427861094,0.6779942463710904
1776176137906770700,9.218770751953125,1.6260387748211622,6.553821924251317,0.7740430294148624
1776176137916701700,9.22870166015625,1.8117912096656856,6.431504873615503,1.3759512304492294
1776176137926633000,9.238633056640625,2.1915397376954555,5.80975478477478,2.2864621470578013
1776176137936563700,9.248563720703125,2.423343583488464,5.567153066113591,3.0026462772220373
1776176137946494700,9.25849462890625,2.203707145351171,5.716099764999747,3.619319208928943
1776176137956425700,9.26842578125,1.9540198523432013,5.546667911967635,3.712857324326038
1776176137966356700,9.278356689453124,1.6604145071536305,5.111061156985163,2.964197596362233
1776176137976287700,9.288287841796874,1.4389870939463376,4.4602498088330025,1.6252767044074832
1776176137986218800,9.29821875,1.4164637119710444,3.566015488764644,0.2809436512108892
1776176137996149800,9.308149658203124,1.6327841574281454,2.4804770910739897,-0.6488824989814311
1776176138006080800,9.318080810546874,1.7895720713339744,1.7497569244265556,-1.0012225764080882
1776176138016010800,9.3280107421875,1.3913012136638163,1.219115093487501,-0.92703133184202
1776176138025941800,9.337941650390626,0.7813865240454674,0.595065495532751,-1.0140159339424222
1776176138035872800,9.347872802734376,0.3212374484807253,-0.679572747734189,-1.3788482670649886
1776176138045803800,9.3578037109375,0.3502577912598848,-3.577728138390184,-2.370321895135939
1776176138055734800,9.36773486328125,2.5260651222944257,-4.107103310394287,-3.756424371112883
1776176138065665800,9.377665771484375,4.563980232420564,-3.5675802538633343,-4.897639063318073
1776176138075596800,9.3875966796875,5.319588172087073,-3.4794641635149715,-5.359253242999315
1776176138085527600,9.397527587890623,5.132632937324047,-3.617839784026146,-4.891072836670279
1776176138095458800,9.407458740234375,3.5643297276347874,-4.026092083615064,-3.5742718604564665
1776176138105389800,9.417389892578123,1.6750760697126388,-3.696110187664628,-2.1193381325766443
1776176138115320600,9.427320556640623,0.1992524062782525,-2.2498270914912224,-0.7530521907690912
1776176138125251800,9.437251953125,-1.0086761072844266,-1.085239122483134,0.3924957083348184
1776176138135182800,9.447182861328123,-2.039205734458565,-0.1057335801035165,1.219911212301254
1776176138145113600,9.457113525390625,-2.526453244829178,0.5757903016984462,1.4755461616672574
1776176138155044900,9.467044921875,-2.501958855041861,0.8951391599535942,1.3366472479343414
1776176138164975900,9.476975830078125,-2.47408125255704,1.1929969018906357,1.1539595344226807
1776176138174906600,9.48690673828125,-2.456059858176112,1.2849509629666804,0.9270880304653196
1776176138184836900,9.4968369140625,-2.0803817944556475,1.0050374585211277,0.7178788052529096
1776176138194767600,9.506767578125,-1.3502800519675016,0.6259323429614305,0.6585055559165776
1776176138204699000,9.516698974609374,-0.8295324230551719,0.5501198538690805,0.5401780133083462
1776176138214630000,9.5266298828125,-0.562129404081963,0.5980044715940952,0.3271990602988749
1776176138224560600,9.536560546875,-0.2435632571697235,0.4511100290626287,0.3992563615761697
1776176138234492000,9.546491943359374,0.078329988338612,0.3644447220444679,0.4729135723307728
1776176138244422700,9.556422607421876,0.1099052945639006,0.3858855694800615,0.078638433233276
1776176138254353700,9.566353759765626,-0.02946691750288,0.2857715828239917,-0.3453033837229013
1776176138264285000,9.576284912109376,-0.0975327379912137,0.0638180999159813,-0.7508215091075747
1776176138274215700,9.586215576171876,0.0646352569511858,-0.2154880862861871,-1.1941358427926898
1776176138284146700,9.596146728515626,0.6240145266413688,-0.5320400072991848,-1.2885672537676989
1776176138294078000,9.606077880859376,1.0768635083258151,-0.5979530336678027,-1.071840930923447
1776176138304008700,9.6160087890625,1.4424913026750086,-0.4224123423665761,-0.6007772242430597
1776176138313939700,9.625939697265624,1.7160896326243875,-0.252061036401987,0.0339842487968504
1776176138323870700,9.63587060546875,1.8488053276777263,-0.0919014541059732,0.6473422107368707
1776176138333801700,9.6458017578125,1.9051228427052496,0.0379991835266351,0.9790959386654198
1776176138343732000,9.65573193359375,1.850373015385866,0.1678214952260255,1.0934740129955112
1776176138353662700,9.665662841796877,1.8908523252904408,0.2153489700764417,0.984859543693438
1776176138363593700,9.67559375,1.7456594259798526,0.2727314839869737,0.6670446900725364
1776176138373524700,9.685524658203123,1.3708078762114049,0.3491694115012884,0.3296042217444628
1776176138383455700,9.695455810546877,1.230079555094242,0.3748018654078245,-0.0072164341848343
1776176138393386800,9.70538671875,1.1846411614775656,0.3659855217456817,-0.2370817131306976
1776176138403317800,9.71531787109375,1.0267314039349555,0.2805652463525533,-0.3208786981709301
1776176138413248800,9.725248779296876,0.8218447911620139,0.2957166382551193,-0.2590782947529107
1776176138423179800,9.7351796875,0.6957055518895388,0.2327946103960275,-0.0954050783127546
1776176138433110800,9.74511083984375,0.532642064845562,0.1416243931740522,0.1172514378093182
1776176138443041800,9.755041748046876,0.1623152990251779,0.164665077021718,0.3383594098038971
1776176138452972800,9.764972900390624,-0.2770721252734772,0.0254839853465557,0.2649913912542164
1776176138462903300,9.7749033203125,-0.6078361297786236,-0.1175777471542358,-0.0282515503637492
1776176138472834300,9.784834228515624,-0.845379396006465,-0.0866249750077724,-0.1783666354421526
1776176138482765300,9.794765380859374,-0.9575105681926012,-0.1792448065161705,-0.1903998953241854
1776176138492696300,9.8046962890625,-1.0488409444123503,-0.2265302893042564,-0.1012980088088661
1776176138502626300,9.814626220703126,-1.1239163514018058,-0.2699000599533319,-0.0678745356999337
1776176138512557300,9.824557373046876,-1.140518526634574,-0.303102656853199,-0.1064122830826789
1776176138522488300,9.83448828125,-1.135813125422597,-0.1639759257137775,-0.2618217482421547
1776176138532419300,9.84441943359375,-1.0503758988946676,-0.0010007014751434,-0.3207125478237867
1776176138542350300,9.854350341796875,-0.9251298090696334,0.1261240417033433,-0.0438880223695188
1776176138552281300,9.86428125,-1.120249645587802,0.5431348172873258,0.7144578178282827
1776176138562212400,9.87421240234375,-1.3722785332858565,0.0457651413530111,0.745592887739092
1776176138572143400,9.884143310546875,-0.6743038674205541,-0.5040110136449337,-0.1619927160073071
1776176138582074400,9.894074462890623,-0.5327683215737342,0.3955336877912283,-0.1239660599518567
1776176138592005400,9.90400537109375,-0.6602940467685461,0.0209621240079402,-0.1985928463909775
1776176138601936400,9.913936279296877,-0.4180219984531402,-0.0611474194020032,-0.3250315800666808
1776176138611867400,9.923867431640623,-0.3060901482313871,0.0347352132946252,-0.2063608500439673
1776176138621798400,9.93379833984375,-0.2174737071454525,-0.0506558360040187,-0.1125871723253279
1776176138631729400,9.9437294921875,-0.1758329522460699,-0.0245797299832105,0.0346364290952682
1776176138641660200,9.95366015625,-0.1146843638002872,0.02012333509624,0.109449678017199
1776176138651591400,9.96359130859375,0.0313631065130233,-0.0421609793812036,-0.0039413580369204
1776176138661521400,9.973521484375,0.2355155415262095,-0.1306283673852682,-0.1702027643393725
1776176138671452200,9.9834521484375,0.4481973564863205,-0.1520662922114133,-0.1657295644480735
1776176138681383400,9.993383544921874,0.6048176222076639,-0.101862876150012,-0.091471976647526
1776176138691314200,10.003314208984374,0.6994494145929813,-0.1230190614253282,-0.0265383167050778
1776176138701245200,10.0132451171875,0.7526198637664318,-0.0921826091349124,-0.0549747221164405
1776176138711176400,10.023176513671874,0.7863058602690697,-0.0723299076735973,-0.0729860334947705
1776176138721107200,10.033107177734376,0.7316518945395946,-0.0264782570809125,-0.0779652101468294
1776176138731038200,10.0430380859375,0.6527250728189945,0.0318365692436695,-0.046558410622552
1776176138740969500,10.052969482421876,0.6256862592458725,0.0705091219872236,-0.1704202795475721
1776176138750900200,10.062900146484376,0.569279896891117,0.0540267737418413,-0.1983908940780907
1776176138760831200,10.072831298828126,0.5076221898794174,0.00277881706357,-0.027675138715282
1776176138770762200,10.08276220703125,0.4019465139755979,-0.023401918375492,0.1070700163390487
1776176138780693200,10.092693359375,0.2193979897389188,0.0091395842671394,0.1249832011051475
1776176138790624300,10.102624267578124,0.1009071828603744,0.0122124158412218,0.1352852532804012
1776176138800555300,10.11255517578125,0.0253355167865753,0.0087678283452987,0.0342348625570535
1776176138810486300,10.122486328125,0.0130979665040969,0.0247147545397281,-0.1866883274551481
1776176138820416300,10.132416259765623,0.0785737704992294,0.0126478846490383,-0.4822914223331958
1776176138830347300,10.14234716796875,0.2763327233493328,0.0232265618085861,-0.8172275796901434
1776176138840278300,10.1522783203125,0.5556909319996833,0.0492401239871978,-1.3364789056301116
1776176138850209300,10.162209228515623,1.0985995393157004,0.0200017545431852,-1.995358117164672
1776176138860140300,10.172140380859377,1.605363651061058,0.2181353859245777,-2.1725014213569462
1776176138870071300,10.1820712890625,1.8875661432266235,0.6040899289876223,-2.0724141765773294
1776176138880002300,10.192002197265625,2.173479180347919,0.8979115472763777,-2.148620341162383
1776176138889933300,10.201933349609376,2.251595854729414,0.7592126861602068,-1.6882627374134958
1776176138899864300,10.2118642578125,1.7860849598705768,0.664663932415843,-1.0503595322817565
1776176138909795300,10.22179541015625,2.9552164175271987,2.335610354977846,-0.9497194759249686
1776176138919726300,10.231726318359376,3.469941717410088,3.292719941154122,-0.9272751505352556
1776176138929657300,10.2416572265625,3.824133925509453,4.001045905163884,-1.270263827574998
1776176138939588400,10.25158837890625,3.593620704048872,3.9965427485257385,-1.0579599242828783
1776176138949519400,10.261519287109374,3.17554609862566,3.9182460414022207,-0.7919814216874539
1776176138959450400,10.271450439453124,2.627948456710577,3.913815365478396,-0.7106289802551269
1776176138969380400,10.28138037109375,2.222356900763512,3.2063486486464736,-0.8278187510050833
1776176138979311000,10.29131103515625,2.1568056934446096,3.673112173914909,0.0126036071158945
1776176138989242400,10.301242431640626,1.7909364915549757,3.9165632028818127,1.0165129383899272
1776176138999173400,10.31117333984375,1.3526812678903342,3.5710751102417704,1.460123551607877
1776176139009104100,10.321104248046876,0.4481733910888433,3.391138229808212,1.3063278052553533
1776176139019035400,10.331035400390626,-0.5037929869800806,3.67797831864655,0.7815699177883565
1776176139028966400,10.34096630859375,-1.1922989827543495,3.765963476091623,0.1148947916805744
1776176139038897200,10.350897216796875,-1.7080559637725352,3.650906771847605,-0.2217078375838697
1776176139048828400,10.360828369140624,-2.268826390993595,3.183039084729552,0.1371390644535422
1776176139058759200,10.37075927734375,-2.805405210766196,2.815372478029132,0.50346770054847
1776176139068690200,10.380690185546875,-3.1535072852969166,2.199441889122129,0.8190037225171923
1776176139078621400,10.390621337890623,-3.2062124550461766,0.9857447290301322,1.0360624191209673
1776176139088552200,10.40055224609375,-3.2250884204298256,0.1807446896851062,0.6702445090271533
1776176139098483200,10.410483154296877,-3.46538653832376,0.0169908822894096,0.2755810281991958
1776176139108414500,10.42041455078125,-3.559184181439876,-0.1671796901911497,0.0878466257572174
1776176139118345200,10.43034521484375,-3.466792897990346,-0.3736246383219957,-0.0222607855163514
1776176139128276200,10.440276123046877,-3.4439690717637537,-0.4199257862478494,-0.0935308088734745
1776176139138206200,10.450206298828125,-3.6691572988092895,-1.2115198160529137,-0.0191048057034611
1776176139148137200,10.46013720703125,-3.7258869017690417,-3.305584683424234,0.1673259667940437
1776176139158068500,10.470068359375,-3.22738471467346,-5.33059822640121,0.9579736556597054
1776176139167999200,10.479999267578124,-2.824701447388529,-5.835497128796577,1.817989041392505
1776176139177930200,10.48993017578125,-2.774058470866084,-5.3671945573925965,2.1853052272200584
1776176139187861200,10.499861328125,-2.578531807112693,-4.442564514538645,1.837357904859632
1776176139197792300,10.509792236328124,-2.483483287152648,-3.737241823998093,1.306745300015062
1776176139207723300,10.51972314453125,-2.415785569324344,-3.1043869882971045,0.9863459828589112
1776176139217654300,10.529654296875,-2.057204332485795,-2.5578636976152658,1.012771267643571
1776176139227585300,10.539585205078126,-1.2283600378252566,-1.9536101024985315,0.9528410420116036
1776176139237516300,10.549516357421876,-0.2632264274083077,-0.9640618895322084,0.7829409869458526
1776176139247447300,10.559447265625,0.275839971396327,-0.1592220091849565,0.927416677897796
1776176139257378300,10.56937841796875,0.8481139355368912,0.500897850060463,0.9034965078018604
1776176139267309300,10.579309326171876,1.2231366040885447,0.7155974163174629,0.6910050460483879
1776176139277240300,10.589240234375,1.502730375060439,0.7275859602749347,0.5251126922540367
1776176139287170300,10.59917041015625,2.2855378718197343,1.1700889045119285,0.0658913990586996
1776176139297101300,10.609101318359375,2.506211836311221,0.9664099139630794,0.0582571047879755
1776176139307032300,10.6190322265625,2.0655156492352487,0.7567080098628998,-0.0626017829287797
1776176139316963300,10.62896337890625,1.5781424666583537,0.6591214958578347,-0.4494011062528937
1776176139326894300,10.638894287109377,1.405136846792698,0.6382189930826425,-1.0508132673986257
1776176139336825300,10.648825439453123,1.2076420978367328,0.327461437562108,-1.4899895514309405
1776176139346756000,10.658756103515625,1.4614900176554917,-0.7190817513018846,-1.396443837249279
1776176139356687400,10.668687255859377,1.6387474497467278,-1.5184370627582071,-1.3322526662372052
1776176139366618400,10.678618408203125,1.6371756703853606,-2.1561340777933595,-1.2333445482395589
1776176139376549000,10.688549072265625,1.29686936429739,-2.862644516813755,-1.1096566476419567
1776176139386480400,10.69848046875,1.2929476608090102,-3.402375663137436,-1.2059690500579774
1776176139396411400,10.708411376953125,0.466313881804794,-3.27198636520505,-1.6605431019693613
1776176139406342100,10.718342041015624,-3.399726609933376,-5.063163679778576,-3.42078488779217
1776176139416273400,10.7282734375,-6.112236679381132,-6.861548149251938,-6.892573402112722
1776176139426204200,10.7382041015625,-3.926498321440816,-3.640930736756325,-3.9083813577309248
1776176139436135200,10.74813525390625,-4.832051323381066,-2.419281740877032,-1.1960806201849132
1776176139446066400,10.75806640625,-3.911043562677502,-0.0781640206545591,-0.2899630431644618
1776176139455996200,10.76799609375,-2.1602093644082543,1.6142337707370518,0.8504774497978389
1776176139465928200,10.77792822265625,-0.719562228295207,2.022978822278976,1.4515259652629493
1776176139475859200,10.787859130859376,0.65215998628214,2.5540666434198616,1.908758422728628
1776176139485790200,10.797790283203126,1.566638491347432,2.702397840756178,2.047542770171165
1776176139495721200,10.80772119140625,1.8631991792112588,2.630194189810753,2.06464076609686
1776176139505652200,10.81765234375,1.7360136457562445,2.6760733129322527,2.080294408433139
1776176139515583200,10.827583251953126,1.5627262863397595,2.4525381137907503,1.8109188107453285
1776176139525514200,10.83751416015625,1.812110797008872,1.6852093411922453,1.121296670422703
1776176139535445200,10.8474453125,2.035025233903528,0.8625210849434137,0.5251023169904947
1776176139545376300,10.857376220703124,2.0950182225734,0.0506657728761434,-0.044103637881577
1776176139555307300,10.867307373046875,2.217518813082576,-0.6552291645944118,-0.5949334301183
1776176139565238300,10.87723828125,2.156635013052821,-1.3040835334599017,-0.9687617377862334
1776176139575169000,10.8871689453125,2.04041467185691,-1.774700227025151,-1.3801863838009536
1776176139585100300,10.897100341796875,1.6496896995216608,-2.086751329487562,-1.3455316883966326
1776176139595031300,10.90703125,1.0250793989442288,-2.150087198844552,-1.2539745176836847
1776176139604962000,10.916962158203123,0.2695918707869947,-1.917887631732225,-1.209505334425345
1776176139614892300,10.926892333984377,-0.6770189715981483,-1.5652818160414694,-1.0915724902231243
1776176139624823000,10.936822998046877,-1.501850085094571,-1.0857996789753437,-0.7624714687604457
1776176139634754300,10.94675439453125,-1.9710586654275648,-0.6467775625914335,-0.3541196543198078
1776176139644685300,10.956685302734376,-1.985412769472599,-0.3091249858826398,0.0614487404361367
1776176139654616000,10.966615966796876,-1.6866437579095364,0.1085445458710193,0.4161421029906719
1776176139664547300,10.97654736328125,-1.3594301576286554,0.4708060786575078,0.7241933221619575
1776176139674478300,10.986478271484376,-1.1514128456145525,0.7769190232425928,0.8163961703673005
1776176139684409000,10.9964091796875,-1.02462237589173,0.8046598476052284,0.7347085786964744
1776176139694340400,11.00634033203125,-0.929182810787484,0.7494950097441673,0.6753059571351856
1776176139704271000,11.01627099609375,-0.7567055987101048,0.7218675826281309,0.6235606453940272
1776176139714202000,11.0262021484375,-0.4922136083453893,0.6375087989866733,0.6576144522957503
1776176139724133400,11.03613330078125,-0.0952740723442286,0.5309563037157058,0.6950492068726569
1776176139734064000,11.046064208984374,0.3262527193594723,0.507395395386219,0.7343404760364443
1776176139743995100,11.0559951171875,0.7500362770140171,0.5027478618413209,0.6486740438625216
1776176139753926400,11.065926513671876,1.1464145989358423,0.3531277937382459,0.4015244526386261
1776176139763857200,11.075857177734376,1.4956056377470492,0.1811509323984384,0.116113885146752
1776176139773787100,11.085787109375,1.704156618246436,0.0053571431189775,-0.0693317487709224
1776176139783718100,11.09571826171875,1.7455547965615987,-0.1290665248960256,-0.2461841071926057
1776176139793649200,11.105649169921875,1.620744175544381,-0.2867342903763055,-0.3759032507784664
1776176139803580200,11.115580078125,1.2610802580356597,-0.2942833905816078,-0.4333386639200151
1776176139813511200,11.12551123046875,0.759352459957078,-0.2070242093235254,-0.426228028197214
1776176139823442200,11.135442138671875,0.195460028257966,-0.184982473385334,-0.3089726448651403
1776176139833373200,11.145373291015623,-0.2780290789384395,-0.1045271269232034,-0.2494697777997702
1776176139843304200,11.15530419921875,-0.5905413691718131,0.0147352123171091,-0.1836279900364577
1776176139853235200,11.165235107421877,-0.8398795564811676,0.1262538055628538,-0.0964916314404457
1776176139863166200,11.175166259765623,-0.9568629179388284,0.1801116524785757,0.0109230336178094
1776176139873097200,11.18509716796875,-0.9236094676345586,0.153894676682353,-0.0063383361760526
1776176139883028200,11.1950283203125,-0.7485714651584625,0.0938163478165864,-0.094040073569864
1776176139892959200,11.204959228515625,-0.4907820411723106,-0.0062871174454689,-0.1563238765906542
1776176139902890200,11.21489013671875,-0.1487402895938605,-0.0901373670428991,-0.0816259976767003
1776176139912821200,11.2248212890625,0.2486912677079439,-0.0828986479610204,0.0078737290497869
1776176139922752300,11.234752197265625,0.4307966512870043,-0.0470978512614965,0.0357967050462961
1776176139932682200,11.24468212890625,0.3913170199442655,-0.0452583608746528,-0.0534419595912098
1776176139942613200,11.25461328125,0.2867630415467545,0.0365408014118671,-0.2429773470405489
1776176139952544300,11.264544189453124,0.335117541805841,0.1128752685517072,-0.2771577029313892
1776176139962475300,11.274475341796874,0.4847784168433398,0.1379436588346958,-0.1743168485946953
1776176139972406300,11.28440625,0.5726157633155584,0.0714250677883625,-0.0768169899597764
1776176139982337300,11.294337158203126,0.5384896218299865,-0.0849935744136571,-0.0192463330660015
1776176139992268000,11.30426806640625,0.2941453703504055,-0.1184755727767944,-0.0125488812539726
1776176140002199300,11.31419921875,-0.0161153415638953,-0.0978337667644023,-0.0507617805965244
1776176140012130300,11.32413037109375,-0.1854477162769064,-0.0722369686931371,-0.0127686614844948
1776176140022061000,11.33406103515625,-0.2429565234482288,-0.0512198996275663,0.017644304696843
1776176140031992300,11.343992431640626,-0.2220189493596553,-0.0031622634232044,-0.0152039258074015
1776176140041923300,11.35392333984375,-0.1214824995078146,-0.0108627547979354,-0.1226434330459684
1776176140051854000,11.36385400390625,-0.1133463931947946,-0.0145317986994981,-0.2074394390609115
1776176140061785300,11.373785400390624,-0.1444179694153368,0.0699836368083953,-0.3565417669001967
1776176140071716400,11.38371630859375,-0.133553387986496,0.093755557540059,-0.3709328419547528
1776176140081647000,11.393647216796875,-0.1171276652991771,0.1220078385561704,-0.3278467105526477
1776176140091577300,11.403577392578123,-0.055695072280243,0.1173076980412006,-0.2042395470410585
1776176140101508000,11.413508056640625,0.0124362146597355,0.1160866318136453,0.0026497107911854
1776176140111439000,11.423439208984377,0.0569844545036554,0.0936281317681074,0.1785661766022443
1776176140121370000,11.4333701171875,0.0171241532802581,0.0947913303285837,0.3298535203304141
1776176140131301000,11.443301025390625,-0.0805243200451135,0.0651455491274595,0.2785464538760483
1776176140141232000,11.453232177734376,-0.2015366812905296,-0.0222469031214714,0.2050212720032781
1776176140151163100,11.4631630859375,-0.2543301503777503,-0.0180108729869127,0.1579555694457143
1776176140161094100,11.47309423828125,-0.1697890689719468,-0.011846505138278,0.0937690015435218
1776176140171025200,11.483025146484374,-0.0635592297840863,-0.0630932927727699,0.0774976657003164
1776176140180956200,11.4929560546875,0.0234860895276069,-0.0708288554608821,0.0139511492673307
1776176140190887200,11.50288720703125,0.1066489413827657,-0.1150350769340991,-0.0515413136016577
1776176140200818200,11.512818115234374,0.1389501324634999,-0.1289396836459636,-0.1170040389195084
1776176140210749200,11.522749267578124,0.0625555326342582,-0.0483346995800733,-0.1449736305367201
1776176140220680200,11.53268017578125,-0.0485298568259924,0.0334364056557416,-0.1546820276677608
1776176140230611200,11.542611083984376,-0.1052711502235382,0.1115893203943967,-0.1497831497102975
1776176140240542200,11.552542236328126,-0.0829541775405406,0.1191413432091474,-0.1203176935121417
1776176140250472200,11.56247216796875,-0.0252606979846954,0.1604869145542383,0.010122311694175
1776176140260403200,11.5724033203125,0.0742873984169214,0.1816717414021492,0.0965903425745666
1776176140270334200,11.582334228515624,0.2150198842525482,0.1296387718260288,0.0806701582565903
1776176140280265200,11.59226513671875,0.2649702023357153,0.0978653309464454,-0.0044709348689764
1776176140290196200,11.6021962890625,0.2461380760937929,0.0283370366901159,-0.1069987777337431
1776176140300127200,11.612127197265623,0.2303302661091089,-0.0653454556137323,-0.2328274897523224
1776176140310058200,11.622058349609375,0.1346481244206428,-0.0750099405378103,-0.31416487974599
1776176140319989200,11.6319892578125,0.022393033593893,-0.0114671504318714,-0.242715042842552
1776176140329920300,11.641920166015623,-0.0481704489290714,0.0399000487118959,-0.0775019765492528
1776176140339851300,11.651851318359377,-0.0683446008970961,0.0709182873100042,0.0774475429482758
1776176140349782300,11.6617822265625,-0.0417565632987767,0.1014075335979461,0.1346810037769377
1776176140359713000,11.671713134765625,-0.0239444277543574,0.0469037899941205,0.1073563589997589
1776176140369644300,11.681644287109377,-0.0183306795258074,-0.0302291340470314,-0.003265066210553
1776176140379575300,11.6915751953125,-0.0141454297304153,-0.0565542463928461,-0.0689677377641201
1776176140389506000,11.701506103515625,-0.0215472304195165,-0.0758376235336065,-0.1189944820843637
1776176140399437300,11.711437255859376,-0.0364653980880975,-0.0861263778358697,-0.0868803380083292
1776176140409367000,11.721366943359374,-0.0659604457069188,-0.0752098470240831,-0.139949007307738
1776176140419298000,11.731298095703124,-0.0786093898018822,-0.053911622929573,-0.2215834805518388
1776176140429229300,11.741229248046874,-0.0540799287011846,-0.0635632483720779,-0.2204270770583301
1776176140439160000,11.75116015625,-0.0294300560912117,-0.0370154331862926,-0.1974294286347925
1776176140449091000,11.761091064453124,-0.0039678076524287,-0.0421627329468727,-0.1249664691660553
1776176140459022300,11.771022216796876,0.0318979440420866,-0.0725128630250692,0.0553572186280041
1776176140468952000,11.7809521484375,0.0133300216943025,-0.044450551623106,0.2554061821114272
1776176140478883300,11.79088330078125,-0.0400087332507595,-0.0140998370230197,0.3352407663267105
1776176140488814000,11.80081396484375,-0.1206370251270011,-0.0169172325313091,0.2612571731619537
1776176140498745000,11.8107451171875,-0.2187964801818132,0.0387923797309398,0.141662460162118
1776176140508676000,11.820676025390624,-0.3077583371719345,0.0666004241108894,-0.0474664653781801
1776176140518607000,11.830607177734375,-0.3297112623155117,0.0606868161529302,-0.2220035325948149
1776176140528538000,11.8405380859375,-0.2346972291469573,0.0356511590957641,-0.338729850551486
1776176140538469000,11.85046923828125,-0.1116179984996095,0.0345879137784242,-0.2905013878248632
1776176140548400000,11.860400146484375,0.0027583587974309,0.0451385338872671,-0.1135629585549235
1776176140558331100,11.8703310546875,0.1346802731245756,0.0930249051779508,0.1232866993855685
1776176140568261000,11.88026123046875,0.2298919112244621,0.1175952828109264,0.3678372870922088
1776176140578192100,11.890192138671877,0.2247983144124969,0.1405266610652208,0.3931930429492145
1776176140588123100,11.900123046875,0.1343032565057277,0.1482704070597887,0.2509889501910656
1776176140598054100,11.91005419921875,0.0043406595528125,0.1033966615885496,0.0565263354726135
1776176140607985200,11.919985107421876,-0.0759574505209922,0.0657177960574626,-0.0820901080571114
1776176140617916200,11.929916259765625,-0.1084381994197145,0.0102718031674623,-0.196435960618034
1776176140627847200,11.93984716796875,-0.0654997693926096,-0.0924888986051082,-0.3225236158337444
1776176140637778000,11.94977783203125,-0.0079892817208543,-0.1125572886437177,-0.4042159567449241
1776176140647709200,11.959709228515624,0.0638087110331282,-0.1340185943454503,-0.3994603597156703
1776176140657640200,11.96964013671875,0.0956522945394739,-0.1152086799353361,-0.3309455533508211
1776176140667571000,11.979571044921874,0.058311355725862,-0.0462982253164052,-0.2004457077160477
1776176140677502200,11.989502197265624,0.0203670807242393,0.0109551092565059,-0.0965500105641782
1776176140687433200,11.99943310546875,-0.0014343801846727,0.0336877500683069,0.0070648238196969
1776176140697364000,12.009364013671876,0.0026759412109851,0.0693529376894235,0.0398603012233972
1776176140707295200,12.019295166015626,0.0174982472896575,0.0585147328108549,0.0335244492653757
1776176140717226200,12.029226318359376,0.0922737945497036,0.0418038365066051,0.0531279252059757
1776176140727156200,12.03915625,0.1697212279001251,0.0319727628439664,0.0227584328401833
1776176140737087200,12.049087158203124,0.1603162706950679,-0.0089268182992935,0.0732303636446595
1776176140747018000,12.05901806640625,0.0840413517227396,0.002700491130352,0.1425378547571599
1776176140756949200,12.06894921875,0.0231342073500156,0.0129676181226968,0.1925095078893005
1776176140766880000,12.0788798828125,0.0334445524295791,0.0101017072975635,0.1708040912333875
1776176140776811000,12.08881103515625,0.0587117166876792,-0.0315074834197759,0.0762423318769782
1776176140786742300,12.0987421875,0.0664940776595845,-0.0534182864546775,0.0247458803303539
1776176140796673000,12.108673095703123,0.0987216189822182,-0.0185819508731365,-0.1063661789186298
1776176140806604000,12.11860400390625,0.0945212812155485,-0.0224573310017585,-0.1473839065488427
1776176140816535300,12.128535400390623,0.0861468361020088,-0.0296937119960784,-0.1088273814003914
1776176140826466000,12.138466064453125,0.0516944948693737,-0.010039163455367,-0.09991999845393
1776176140836397000,12.14839697265625,-0.0377946373978629,0.0157213007450103,-0.077296882431209
1776176140846328300,12.158328369140625,-0.11367197188735,0.0524444729864597,-0.0280052474524825
1776176140856259000,12.168259033203125,-0.1219990707278251,0.0714139618724584,0.0397130017071962
1776176140866190000,12.178190185546876,-0.1239180195590481,0.0832534527480602,0.0877118934616446
1776176140876120000,12.1881201171875,-0.095807229372859,0.0706160894930362,0.1565882996805012
1776176140886051000,12.198051025390624,-0.0458048888415098,0.048344636452198,0.2333632040642201
1776176140895982300,12.207982421875,-0.0143961896210908,0.0111667061805725,0.1926459937505424
1776176140905913000,12.2179130859375,-0.0622486951747909,-0.0191062670081853,0.0666659636277705
1776176140915844000,12.227843994140626,-0.1024094041168689,0.0191635501533746,-0.023593203163892
1776176140925775000,12.237775146484376,-0.0986538875082507,0.042572482791543,-0.1495215030994266
1776176140935706000,12.2477060546875,-0.1037660794228315,0.0961848305135965,-0.2831875576801598
1776176140945637000,12.25763720703125,-0.024866182241775,0.0777607005506753,-0.4102659774988889
1776176140955568000,12.267568115234376,0.088080434513092,0.0491571218788623,-0.3787142165459692
1776176140965499100,12.2774990234375,0.1683253165623173,-0.0036444939821958,-0.2630228676602244
1776176140975430100,12.28743017578125,0.2889963900893926,-0.038366847795248,-0.1296358492165804
1776176140985361200,12.297361083984375,0.3576940422078594,-0.0758119045704603,0.0065626464512199
1776176140995292200,12.307292236328124,0.3706072997948154,-0.1119412025719881,0.0590527852103114
1776176141005223000,12.317222900390624,0.24262214039471,-0.0977881740570068,0.0304094590499997
1776176141015154200,12.327154296875,0.05520400082767,-0.0287912101984024,0.0071851622637361
1776176141025085200,12.337085205078123,-0.1116851819843053,0.0491378326565027,0.0361421574831008
1776176141035015200,12.34701513671875,-0.2165244801292195,0.0488677835434675,0.0016428718362003
1776176141044946200,12.3569462890625,-0.1750625523954629,0.0148012632906436,-0.0592591214373707
1776176141054877000,12.366876953125,-0.1476291865468025,0.0075479311615228,-0.0471462204478681
1776176141064808200,12.37680810546875,-0.1164501678964123,0.0106610947459936,-0.0105943861853331
1776176141074739200,12.3867392578125,-0.0989571813037619,0.0008043021202087,0.0429827440928667
1776176141084670000,12.396669921875,-0.0717815530758351,0.0460492189913988,0.0398122242979705
1776176141094601200,12.406601318359376,-0.0629523864647373,0.0940986718893051,-0.0069648705765604
1776176141104532200,12.4165322265625,0.001889174747467,0.0691699823379516,-0.097576138741523
1776176141114463000,12.426462890625,-0.0723071113198995,0.0416600441217422,-0.2129905703820288
1776176141124394200,12.436394287109374,-0.1599970486780628,0.0312514628320932,-0.1643647058356553
1776176141134325200,12.4463251953125,-0.1404594410479068,0.0420160179525613,-0.083733052958548
1776176141144256000,12.456256103515624,-0.0707681017169728,-0.0093979429423809,-0.0417220765072852
1776176141154187300,12.466187255859374,0.0093891751140356,-0.0425070163398981,0.0020922230388969
1776176141164118000,12.476117919921874,0.0587970203509554,-0.0311696297675371,0.0050843905922025
1776176141174049000,12.486049072265626,0.1277034563818946,-0.0669657502919435,-0.0548708964157849
1776176141183980300,12.495980224609376,0.1018190735409036,-0.1061708024770021,-0.0574496608626097
1776176141193910000,12.505909912109376,0.0497814277896657,-0.0776157391220331,-0.0144569798976182
1776176141203841300,12.51584130859375,0.0996387703597545,-0.1332908645927906,-0.034771161390841
1776176141213772000,12.52577197265625,0.1914589759230613,-0.176492877459526,-0.0839217804636806
1776176141223703000,12.535703125,0.1117348663449287,-0.0233592482775449,-0.0944315571054816
1776176141233634300,12.54563427734375,-0.0042465880611911,0.0237783504724502,-0.0523619823347777
1776176141243565000,12.55556494140625,-0.0847661953985691,0.0445393989503383,-0.0442867393635213
1776176141253496000,12.56549609375,-0.0985627020934596,0.0803477944344282,-0.0699476887121796
1776176141263427300,12.57542724609375,-0.0551391188979148,0.0858300252377986,-0.040647286882624
1776176141273358000,12.585358154296877,0.067139901282452,0.0905617299348115,0.0108676501687616
1776176141283289000,12.5952890625,0.2053267212232574,0.0534580339431762,-0.0526789393294602
1776176141293220000,12.60522021484375,0.20462478349898,0.0310714300900697,-0.1666168686766177
1776176141303151000,12.615151123046877,0.138801152446866,-0.0079950904071331,-0.1728684033520519
1776176141313082000,12.62508203125,0.1256131695717573,-0.0373480261415243,-0.1558073053706437
1776176141323013000,12.63501318359375,0.0318120193243026,-0.0526361961662769,-0.1618456356868148
1776176141332944100,12.644944091796877,-0.0535194087415933,-0.0584551115781068,-0.1649361490480601
1776176141342875100,12.654875244140625,-0.0897808086901903,-0.0603624065041542,-0.1207827537406235
1776176141352805000,12.66480517578125,-0.10074760838449,-0.0876741917997598,-0.1161587472017854
1776176141362736000,12.674736083984374,-0.1241898587703704,-0.0742050538957119,-0.0491506921380758
1776176141372667100,12.684667236328124,-0.1350035137295722,0.009929273340106,-0.0027549977965652
1776176141382598100,12.69459814453125,-0.1406318384727463,0.0210492177695035,-0.0670839698441326
1776176141392529200,12.704529052734374,-0.1669920586645603,0.0127139356225728,-0.1416688899029046
1776176141402460200,12.714460205078124,-0.1129869122326374,0.0320674553900957,-0.1391596104957163
1776176141412391200,12.72439111328125,-0.0431043977111577,0.0282376679688692,-0.0940006914075464
1776176141422322000,12.734322021484376,0.0149380414128303,0.0375403338432312,-0.1145963201906532
1776176141432253200,12.744253173828126,0.0239379249483346,0.0655190586149692,-0.1333008745301515
1776176141442184200,12.75418408203125,0.0457475691637024,0.0653682519674301,-0.1036587465908378
1776176141452115000,12.764114990234376,0.0243026666074991,0.0731178431808948,-0.1071760339967906
1776176141462046200,12.774046142578126,0.0273042230436578,0.053462125596404,-0.1251579731501639
1776176141471977700,12.783977783203126,0.0411783980846405,0.0343786549419164,-0.0951682738821953
1776176141481908700,12.79390869140625,0.0532955368578434,0.0333534035474061,-0.0745388889599591
1776176141491840000,12.803840087890626,0.0563619386911392,0.0098263974875211,-0.0972204571716487
1776176141501769700,12.813769775390623,0.0244318459451198,-0.0120902507662773,-0.0866202988326549
1776176141511701000,12.823700927734375,-0.008121931657195,-0.0042383682221174,-0.0708941757820546
1776176141521631700,12.8336318359375,-0.0234194905648007,-0.008483750706911,-0.0216904382824897
1776176141531562800,12.843562744140623,-0.0015688932845368,-0.0254307938545942,0.0243082926306873
1776176141541494000,12.853493896484377,0.040021044743061,-0.04867664488554,0.0140818629749119
1776176141551424800,12.8634248046875,0.0655564680159092,-0.0663987640589475,0.0433351377271115
1776176141561355800,12.873355712890625,0.0772573906710371,-0.0673854370087385,0.061688321345672
1776176141571287000,12.883287109375,0.0559679344048723,-0.060750529038906,0.0553524693876504
1776176141581217800,12.8932177734375,0.0453243753155693,0.0019710078120231,0.0512237720850855
1776176141591148800,12.903148681640625,0.0499848048746585,0.0465776267796754,0.0543194000128656
1776176141601079800,12.913079833984376,0.0568342323780059,0.0661930123537778,0.0867578076072037
1776176141611010800,12.9230107421875,0.0693804102182388,0.0820645352244377,0.0783225722171366
1776176141620941800,12.93294189453125,0.0442120666921138,0.0787672472447156,0.0753797967635095
1776176141630872800,12.942872802734374,0.0752297573009505,0.0613718758076429,0.0766061967533081
1776176141640803800,12.952803955078124,0.1106909102499485,0.0693885935246944,0.0633335312694311
1776176141650734800,12.96273486328125,0.1069681268671527,0.0444563968420028,0.0518191806949675
1776176141660664800,12.972664794921876,0.0546808902690187,0.0403168128192424,0.0161760587751865
1776176141670595800,12.982595947265626,-0.0037479543566703,0.0466957002013921,0.0402769192002713
1776176141680526800,12.99252685546875,-0.0811813226491212,0.0232049344986677,0.0494893495079129
1776176141690457900,13.002457763671876,-0.1093534876337274,0.0310293445140123,0.0258064952991902
1776176141700388900,13.012388916015626,-0.1019213648715987,0.0326052155286073,0.0448012647569179
1776176141710319900,13.02231982421875,-0.0787356465300545,0.0451841265946626,0.1170999735746532
1776176141720251000,13.0322509765625,0.0041635128876194,0.0218102652698755,0.2004308754730969
1776176141730182000,13.042181884765624,0.0717184977769851,0.0184545251011848,0.2810215387526899
1776176141740113000,13.05211279296875,0.1378226628035306,-0.0162462014019489,0.2615440272793173
1776176141750044000,13.0620439453125,0.1322211895346641,-0.0355272404551506,0.1641732018515467
1776176141759974700,13.071974609375,0.0877764465978369,-0.0620668723344802,0.0008866466414183
1776176141769906000,13.081906005859375,0.0754413542250171,-0.1245341421633958,-0.1906703097634017
1776176141779837000,13.0918369140625,0.0562216169049963,-0.119570966798067,-0.3642592824749648
1776176141789767700,13.101767578125,-0.0123416317114606,-0.0671580579936504,-0.4287885994002223
1776176141799699000,13.111698974609377,-0.0429460288116708,-0.0131692781746387,-0.3868116713490337
1776176141809630000,13.1216298828125,0.0120008189171552,0.0642763650774955,-0.2817678270753473
1776176141819560700,13.131560791015623,0.0705073318889364,0.1219528934985399,-0.1349385587345808
1776176141829491000,13.141490966796876,0.1659474815150722,0.126378308725357,-0.0193158911708742
1776176141839421700,13.151421630859376,0.2363297622522339,0.0839741682380437,0.094468455049768
1776176141849353000,13.16135302734375,0.2524597168633714,0.0328951383858919,0.1219630495663732
1776176141859284000,13.171283935546874,0.2069663416564464,-0.0071183075726032,0.0614385843683034
1776176141869214700,13.181214599609374,0.1418435888826847,-0.0701665921598672,-0.0055919747881591
1776176141879146000,13.19114599609375,0.1002712595770135,-0.0810088886916637,-0.0419685986142605
1776176141889076700,13.20107666015625,0.0721352253517136,-0.0662906275093555,-0.0668156012315303
1776176141899007700,13.2110078125,0.0049257659643888,-0.0165191731244325,-0.0216927763700485
1776176141908939000,13.22093896484375,-0.0822738305935636,0.0432464365303516,-0.0065523442529141
1776176141918869800,13.230869873046874,-0.1435439630597829,0.0564578002810478,0.0003229483440518
1776176141928800800,13.24080078125,-0.1412000302821397,0.0423532870829105,-0.040009938827157
1776176141938732000,13.25073193359375,-0.051527906130813,0.0009767360776662,-0.092264588329941
1776176141948662800,13.260662841796876,0.0885211640179157,-0.0488543395400047,-0.1407459298390895
1776176141958593800,13.27059375,0.1141442655742168,-0.0398041871219873,-0.1496248904086649
1776176141968525000,13.280525146484376,0.1155114622741937,0.0001589899539947,-0.1319723293401301
1776176141978454800,13.290454833984375,0.1183609699537977,-0.0039075288325548,-0.0614352233674377
1776176141988385800,13.3003857421875,0.1349724975368008,0.0161152684986591,-0.0103746790200471
1776176141998316800,13.31031689453125,0.1630044503331184,-0.0020037410378456,0.0276798148903995
1776176142008247800,13.320247802734375,0.1323953770577907,-0.0240834708988666,0.0482915910907089
1776176142018178800,13.3301787109375,0.0712082101672887,-0.0140776251912116,0.0571025279253721
1776176142028109800,13.34010986328125,-0.023555099643208,-0.0061287120133638,0.0090250179767608
1776176142038040800,13.350040771484377,-0.1610819943705573,0.0006458966881036,-0.1263756783768534
1776176142047971800,13.359971923828123,-0.2444260114789009,0.0295557648301124,-0.1485936476647854
1776176142057902800,13.36990283203125,-0.2645201204806566,0.0674450582414865,-0.1719842409286648
1776176142067833900,13.379833740234377,-0.1823398499220609,0.0516664743512868,-0.1406776869084686
1776176142077764900,13.389764892578125,-0.0626812048405408,0.0460007036745548,0.0391969419438391
1776176142087696000,13.39969580078125,0.0464858203103765,0.069581485748291,0.1405408357210457
1776176142097627000,13.409626953125,0.1149742866575717,0.07536474532485,0.1149552896961569
1776176142107558000,13.419557861328125,0.1337748852500692,0.0512000258833169,0.0806911279793828
1776176142117489000,13.429489013671876,0.0863110867530107,0.030755788269639,0.0010607610993087
1776176142127419600,13.439419677734374,0.0105973453273996,0.0166997903883457,-0.0914686156466603
1776176142137350000,13.449349853515624,-0.0592757803112268,-0.0331850612431764,-0.1747420152042061
1776176142147281000,13.459281005859374,-0.0971060735443607,-0.070657590547204,-0.1884869743749499
1776176142157212000,13.4692119140625,-0.1193944411873817,-0.0403361020416021,-0.1451747791320085
1776176142167143000,13.479142822265626,-0.1144967688063159,-0.0291366626352071,-0.08573416364789
1776176142177073700,13.48907373046875,-0.0741647218853235,-0.0012836100697517,-0.0426417486354708
1776176142187005000,13.4990048828125,-0.0807207194000482,0.0230184720158576,-0.0067906099881976
1776176142196936000,13.50893603515625,-0.0490092378407716,0.0396884517878294,-0.0149218209303915
1776176142206866700,13.51886669921875,0.0114741646945476,0.0186222828835248,-0.063936538663879
1776176142216798000,13.5287978515625,0.0141956620803102,-0.0160720138788223,-0.0597285655800253
1776176142226729000,13.53872900390625,-0.0320692089557647,-0.0025292262166738,-0.005090820332989
1776176142236659700,13.54865966796875,-0.0656640200436115,0.0237841956913471,0.0185704065658152
1776176142246591000,13.558591064453124,-0.0911000380625948,0.0173293204635381,0.0072544281076639
1776176142256521700,13.568521728515623,-0.0860357769429683,0.0182353293925523,-0.0606275602463632
1776176142266452700,13.57845263671875,-0.071359053347446,0.0223082779198884,-0.0519723984953016
1776176142276384000,13.588384033203123,-0.0769528912991285,0.0527297196686267,-0.0478459662150591
1776176142286314800,13.598314697265623,-0.0539233133673667,0.0649053106307983,-0.029198987281695
1776176142296244700,13.60824462890625,0.0227887549132108,0.0005851064115762,-0.0096685035120695
1776176142306175700,13.61817578125,0.0186012400954961,-0.0039098669201135,-0.0512334897615015
1776176142316106800,13.628106689453125,0.0301835413396358,-0.0353723421543836,-0.0940125279758125
1776176142326037800,13.638037841796876,0.0597650251328945,-0.01311082598567,-0.0656228843156248
1776176142335968800,13.64796875,0.0589490691075101,0.0437298361331224,-0.0098486093193292
1776176142345899800,13.657899658203124,0.0345242008924484,0.032615152400732,-0.0293487710159271
1776176142355830800,13.667830810546874,-0.0066091707403771,-0.0035386955201625,-0.0721182376842945
1776176142365761800,13.67776171875,-0.0859726485788822,0.0024795418560504,-0.0772346308499574
1776176142375692800,13.68769287109375,-0.105622484411858,0.0004728782087564,-0.0341034912623465
1776176142385623800,13.697623779296874,-0.0633195027440786,0.0312608151823282,0.0092176179394125
1776176142395554800,13.707554931640624,-0.0274901010045781,0.012053425887227,-0.0153339819278568
1776176142405485800,13.71748583984375,0.0030716259976848,-0.0260141467005014,-0.0541240235712379
1776176142415416800,13.727416748046876,0.0234211710652336,0.0022112463086843,-0.0842456786558032
1776176142425347800,13.737347900390626,0.0018120178580284,0.0264110370635986,-0.0595546703178435
1776176142435278800,13.74727880859375,-0.0196305831432342,0.0299883110284805,-0.027342764955759
1776176142445208800,13.757208740234375,-0.0269996323402039,0.0162368490517139,-0.0102096977166831
1776176142455139800,13.767139892578124,-0.0395463947023265,0.0357522813826799,0.0014617431156337
1776176142465070800,13.77707080078125,0.0138116677314043,0.0524321980267763,0.0204819392755627
1776176142475001900,13.787001953125,0.1005196448475122,-0.0041366614133119,-0.0409246425192803
1776176142484932600,13.7969326171875,0.1410778286745771,-0.0269978970408439,-0.1788271656259894
1776176142494864000,13.80686376953125,0.1092371677776798,0.0130868605881929,-0.1613069257002324
1776176142504795000,13.816794921875,0.0725157491018995,0.0093196170091629,-0.0704389793604612
1776176142514725600,13.8267255859375,0.0590250204205513,0.0008966565787792,-0.0442418042432516
1776176142524657000,13.836656982421877,0.0425572852224111,-0.0377291344135999,-0.0243125304143875
1776176142534588000,13.846587890625,0.0817144066125154,-0.0296802679926156,0.0561541411593556
1776176142544518700,13.8565185546875,0.1446475403875112,-0.0273550399154424,0.0248169728051871
1776176142554450000,13.866449951171877,0.1239893312295898,0.0342056364625692,0.0123087888877838
1776176142564381000,13.876380859375,0.0027010391196236,0.085937577265501,0.0145425392892211
1776176142574311700,13.886311767578125,-0.161740714007616,0.0865805513441562,0.0125892863295972
1776176142584243000,13.896242919921876,-0.2598702488481998,0.0652817427277565,-0.031962899037078
1776176142594173700,13.906173583984376,-0.2877607473472133,0.0470201098501682,-0.0647987815164029
1776176142604103700,13.916103759765624,-0.2124210999310016,0.0172398886144161,-0.0651548284124583
1776176142614035000,13.926034912109374,-0.0671709540078416,-0.0147907418966293,-0.0089037296846508
1776176142623965700,13.935965576171874,0.0420171869963407,0.0217149882018566,-0.0115451841041445
1776176142633896700,13.945896728515624,0.1033335332244634,0.0333738618135452,-0.0143592186115682
1776176142643827700,13.95582763671875,0.1323340205256827,0.0246101251214742,-0.0495760779432952
1776176142653758700,13.9657587890625,0.1333499013036489,0.0099029698550701,-0.143652464935556
1776176142663689700,13.975689697265626,0.1607780064553022,0.0153290865570306,-0.1745435700226575
1776176142673620700,13.985620849609376,0.1577185823520645,0.0139963766485452,-0.1190657937549054
1776176142683551700,13.9955517578125,0.1103343518972396,-0.0283171629458665,-0.0503629174720495
1776176142693482800,14.005482666015626,0.0408113183379173,-0.025876784056425,-0.0539668602481484
1776176142703413800,14.015413818359375,-0.0392558873231522,-0.0150894325822591,-0.0901331292591989
1776176142713344800,14.0253447265625,-0.0790080702632665,-0.0200309806376695,-0.1169784660868346
1776176142723275800,14.03527587890625,-0.0968517699897289,-0.0187882871001958,-0.0670621233385056
1776176142733206800,14.045206787109375,-0.1020031614035368,0.0425099389493465,-0.0060278819873929
1776176142743137800,14.0551376953125,-0.0487929282089695,0.0097515786856412,0.0211300279207527
1776176142753068800,14.06506884765625,-0.0090647654652595,0.0071136313974857,0.0607737637840211
1776176142762998800,14.074998779296877,0.0783820473194122,0.0234983644872903,0.0873762317664921
1776176142772929800,14.0849296875,0.131207080588676,0.0470347228974103,0.0623450316887348
1776176142782860800,14.09486083984375,0.1077653781920671,0.0243126034796237,-0.0079548314619809
1776176142792791800,14.104791748046877,0.069849744763039,0.0228179810076951,-0.0545349424596875
1776176142802722800,14.114722900390625,0.0535211623072624,0.0076876318931579,-0.1113872950162738
1776176142812653800,14.12465380859375,0.0443196187198162,0.0053624038159847,-0.1408743785243481
1776176142822584800,14.134584716796876,0.0103460557137615,-0.0164279877096414,-0.1579531582929194
1776176142832515800,14.144515869140625,0.0060976958205923,0.027644962772727,-0.1017046899136155
1776176142842446800,14.15444677734375,0.0159691380262374,0.04707271682024,-0.0191919725302606
1776176142852377900,14.1643779296875,0.0413648240348324,0.005029810860753,0.0155732705764472
1776176142862308900,14.174308837890624,0.0374187167575582,0.0138788877487182,0.018371084601432
1776176142872239900,14.184239990234374,0.0484913514465093,-0.0022562544941902,0.0118701052095741
1776176142882170600,14.194170654296874,0.0545323851764202,-0.0065963295251131,-0.0496720856636762
1776176142892102000,14.204101806640624,0.0817185347983613,0.0322989260584115,-0.0794957076497376
1776176142902033000,14.214032958984374,0.0986369181071408,0.0520534278422594,-0.048559521311894
1776176142911963600,14.223963623046876,0.1073305121724493,0.0242149883240461,-0.0503445050325244
1776176142921894000,14.233893798828126,0.0700742377012968,-0.018636895930767,-0.0356767319284379
1776176142931824600,14.24382470703125,0.0119289227247238,-0.063887658020854,-0.0481264636568725
1776176142941755600,14.253755615234375,-0.084089319050312,-0.0475596235543489,-0.0235681417878717
1776176142951687000,14.26368701171875,-0.1404331192965619,0.0068552727222442,0.0393533015493303
1776176142961617700,14.27361767578125,-0.114690172486566,0.0247960030823946,0.0288080882679671
1776176142971548700,14.283548583984375,-0.0800163522566668,0.0145978496730327,-0.0081564915139228
1776176142981480000,14.29347998046875,-0.0092553196012973,-0.0257189631462097,-0.089822309744358
1776176142991410700,14.30341064453125,0.0329822321474552,-0.046602761220932,-0.0881433436814695
1776176143001341700,14.313341796875,0.0684919369459152,-0.00074584993124,-0.0335245223306119
1776176143011272700,14.323272705078123,0.116389414152503,0.0352571913421154,-0.0015681260995566
1776176143021203700,14.33320361328125,0.1203699716886505,0.0399713603824377,-0.0437257444798946
1776176143031134700,14.343134765625,0.0565097861966118,0.0168283852040767,-0.05155804554075
1776176143041065700,14.353065673828125,0.0619242489933967,0.0196422735810279,-0.0883101516157388
1776176143050996700,14.362996826171877,0.0791635530859232,-0.0176829562067985,-0.0766840842951089
1776176143060927700,14.372927734375,0.0613975947707891,-0.0511181928187608,-0.0534293923705816
1776176143070858800,14.382858642578125,-0.0034603513206355,-0.0282779999792575,-0.0234498491704463
1776176143080788700,14.392788818359374,-0.0320259178033098,-0.0143733932673931,-0.0314997385047376
1776176143090719700,14.4027197265625,-0.048113147517573,0.0042179099559783,-0.021665596102178
1776176143100650800,14.412650634765624,-0.0481920397063717,0.0412473716676235,-0.0383451474200934
1776176143110581800,14.422581787109374,-0.0689765055924653,0.0341945305466651,-0.0317480141773819
1776176143120512800,14.4325126953125,-0.0699362722690217,0.0732972914010286,0.0296200622379779
1776176143130443800,14.44244384765625,-0.0285953588327392,0.0790150845259428,0.0428172513328492
1776176143140374800,14.452374755859376,-0.0143909289240837,-0.0036246202379465,-0.0609621990282088
1776176143150305800,14.462305908203126,0.0122235217571258,-0.0681195965021848,-0.1609847810737788
1776176143160236800,14.47223681640625,0.0567751591345295,-0.0339402635246515,-0.2066010885406285
1776176143170167800,14.482167724609376,0.0971995605140924,-0.0035141456007957,-0.1436653244171291
1776176143180098800,14.492098876953126,0.0945704358532093,0.0255734171956777,-0.0557411033790558
1776176143190029800,14.50202978515625,0.074318451142311,0.0166577048122882,-0.0422726961273699
1776176143199960800,14.5119609375,0.0525625464081764,-0.0312988091051578,-0.018805311300233
1776176143209891800,14.521891845703124,0.0760323058554902,-0.0236813198387622,0.0158468268208205
1776176143219822800,14.53182275390625,0.0971119187632575,-0.0006412205129861,0.0619454379118978
1776176143229752800,14.5417529296875,0.0909779277865774,0.0286871653020381,0.0599632511187344
1776176143239683800,14.551683837890623,0.0308031528090126,0.0375374112337827,0.0332180136647075
1776176143249614600,14.561614501953123,-0.1291208488991484,0.069288640281558,-0.050656274395436
1776176143259545900,14.5715458984375,-0.2050157921105623,0.0471814378917217,-0.1497379223290831
1776176143269476900,14.581476806640625,-0.1410346105873584,0.0170014036834239,-0.1417586870782077
1776176143279407600,14.59140771484375,-0.0448538351943716,0.0001204115092754,-0.1176337881904095
1776176143289339000,14.6013388671875,0.0448118044172413,0.0143441671729087,-0.0445852839186787
1776176143299269600,14.61126953125,0.1320785296609625,0.010908347505331,0.0212543849527835
1776176143309200600,14.62120068359375,0.158081606978178,0.0008902268379926,0.0385173621818423
1776176143319132000,14.6311318359375,0.1347065766096115,0.0043424131184816,0.0295280000403523
1776176143329062700,14.641062744140624,0.0651420054635033,-0.0023567922592163,0.012658552173525
1776176143338993700,14.65099365234375,-0.0083207056323066,-0.0255208102256059,-0.0266980373114347
1776176143348925000,14.660925048828124,-0.0456120331505313,-0.0403097985565662,-0.0686500501170754
1776176143358855700,14.670855712890624,-0.0575782922109588,-0.0178045367598533,-0.0473748415719717
1776176143368786700,14.68078662109375,-0.0393675492703914,-0.0232803378224372,-0.0302315451998263
1776176143378716700,14.690716552734376,-0.0288677460333332,-0.0136474170804023,-0.0182457777213305
1776176143388647700,14.700647705078126,-0.0284159471452236,-0.0159966105550527,-0.0389086265217512
1776176143398579000,14.710578857421876,-0.0510574025422334,0.0084784900099039,-0.041646819313988
1776176143408509700,14.720509765625,-0.0659065966278314,0.0388128379970788,0.0014453034374862
1776176143418440700,14.730440673828124,-0.0055085160220973,0.041574703925848,-0.0107421240929514
1776176143428371700,14.740371826171875,0.0834083693151362,-0.0064396776586771,-0.0746045746073126
1776176143438302700,14.750302734375,0.1302472773795016,-0.0041828386425971,-0.0568268527891486
1776176143448233700,14.760233642578124,0.2003776109158992,0.0296475347667932,0.0012017039399594
1776176143458164700,14.770164794921875,0.1721095478087663,0.0306815539896488,0.0020433423958718
1776176143468095200,14.78009521484375,0.06661795976758,0.0286947640866041,-0.0751805478643626
1776176143478026500,14.790026611328123,-0.029357027387619,-0.0075730656027793,-0.1345311469774693
1776176143487957200,14.799957275390623,-0.0677922642439603,0.0034562779337167,-0.1080450719162821
1776176143497888300,14.80988818359375,-0.059868485507369,0.0034171149671077,-0.038774771009013
1776176143507819300,14.8198193359375,-0.0776168716331943,0.0014595511585474,-0.0167434103343635
1776176143517750300,14.829750244140625,-0.057650791191589,0.009274608823657,-0.0102209497630596
1776176143527681300,14.839681396484377,-0.0284288431594148,0.0223532861053943,0.0182994076047092
1776176143537611300,14.849611328125,-0.0112146735081449,0.0209223765194416,0.0178385851599276
1776176143547542300,14.859542236328124,0.0097357965946197,0.0117091424942016,0.0076863167189061
1776176143557473300,14.869473388671874,0.0425449737301096,0.0198357503265142,-0.016122867283225
1776176143567404300,14.879404296875,0.0319084654361009,0.0026180735439062,-0.062635173741728
1776176143577335300,14.889335205078124,0.0404050756245851,-0.013569675669074,-0.1146195549357682
1776176143587266300,14.899266357421874,0.0612046660145744,0.0033165772020816,-0.0940267026316374
1776176143597197300,14.909197265625,0.0511204943737015,0.008696516674757,-0.0574890430249273
1776176143607128300,14.91912841796875,0.0351110243370756,0.0004974281281232,-0.0312101809736341
1776176143617059300,14.929059326171876,0.0127724060778506,0.0026110592812299,-0.0338145913183689
1776176143626990300,14.938990234375,0.0059375916217453,-0.0165232647776603,-0.0401670290850102
1776176143636921000,14.948921142578126,-0.0102372981096617,-0.0072346274286508,-0.0441245345391333
1776176143646852400,14.958852294921876,-0.0040033904224634,-0.015466449201107,-0.061475555377826
1776176143656783400,14.968783447265626,0.0178846527913585,-0.013795301118493,-0.0479066103611141
1776176143666714000,14.978714111328124,-0.0143459024722687,0.0375584540218114,-0.0318229791097342
1776176143676645400,14.988645263671875,-0.0135948101103305,0.0555424390017986,-0.0290869052093476
1776176143686576400,14.998576416015624,-0.0253495270456187,0.0150157828241586,-0.0398070366661995
1776176143696506400,15.00850634765625,-0.0274345166261307,0.0412380193173885,-0.0381413684763014
1776176143706437400,15.018437255859377,0.0093617208515293,0.0257101953178644,-0.0271842864584177
1776176143716368100,15.0283681640625,0.0481155038714408,0.0053436991155147,-0.0629824528094381
1776176143726299400,15.03829931640625,0.0993926866441965,-0.0018833295285701,-0.0982456355009227
1776176143736230400,15.04823046875,0.0793079299926757,-0.04084346704185,-0.0852356395412236
1776176143746161200,15.0581611328125,0.0460416567394509,-0.0357867681741714,-0.025093524724245
1776176143756092400,15.068092529296877,-0.013422376152873,-0.0008966565787792,0.0267295284282416
1776176143766023200,15.078023193359376,-0.0681184091920964,0.02310731934309,0.0447957848642021
1776176143775954200,15.0879541015625,-0.0794657326365821,0.0194330147445201,0.0022629034306854
1776176143785885400,15.097885498046876,-0.0361187583412043,0.0163531689077615,-0.0288569689109921
1776176143795816200,15.107816162109376,-0.0173158399274572,0.0210088857591152,-0.08499525491409
1776176143805747200,15.117747314453124,0.0042220016092062,0.014265256717801,-0.1359967625506222
1776176143815678500,15.127678466796874,0.0123082956974394,0.0227700502127408,-0.1014108215335756
1776176143825609200,15.137609130859374,0.0085620401075109,0.0351864641934633,-0.0543503066077828
1776176143835540200,15.147540283203124,-0.0068757309883832,0.0272802211135625,-0.0013842939652502
1776176143845471500,15.157471435546874,0.0010644143611192,0.0064753334939479,-0.0228909731786698
1776176143855401200,15.167401123046876,0.017189619731903,0.0269587340742349,-0.0709837537616491
1776176143865332500,15.17733251953125,0.0222317238186486,0.0232277308523654,-0.0370288771897554
1776176143875263200,15.18726318359375,0.015673369950056,0.0347819750458002,-0.0098087157003581
1776176143885194200,15.1971943359375,0.0052197804749011,0.0150502696156501,-0.0379676924098283
1776176143895125500,15.20712548828125,-0.0128998135834932,-0.0106739542275667,-0.0795490452721714
1776176143905056300,15.21705615234375,-0.0126917055244557,-0.0151660049498081,-0.0518207881301641
1776176143914987300,15.2269873046875,0.0779004195486195,-0.0464981318026781,-0.0436739412274211
1776176143924918300,15.236918212890624,0.1611445016801357,-0.0533399605214595,-0.0604813567087054
1776176143934849300,15.246849365234375,0.1244534781426191,-0.0022796353697776,-0.0017708090648055
1776176143944780300,15.2567802734375,0.0768055552503094,0.0344324309557676,0.0126740420036017
1776176143954711300,15.266711181640623,0.0118967374881729,0.0532370846688747,0.0037030923016369
1776176143964642300,15.276642333984377,-0.0909498159369453,0.0762415281593799,-0.0449666844516992
1776176143974573300,15.2865732421875,-0.132717430352699,0.0420738856196403,-0.13079049914442
1776176143984504300,15.29650439453125,-0.0898456906199455,0.0203477915018796,-0.0780507695384323
1776176143994435300,15.306435302734377,-0.0475847397292964,0.0104722941756248,-0.0245808990269899
1776176144004365300,15.316365234375,-0.0718792230303399,0.0136643682152032,-0.0063153936918824
1776176144014296300,15.32629638671875,-0.0610100202253088,0.0251128139466047,0.0056531303908675
1776176144024227300,15.336227294921876,-0.0425765744447708,0.0280494519203901,0.0171234956931322
1776176144034158300,15.346158447265625,-0.0127303022354841,0.0166068514078855,0.0121757370926439
1776176144044089300,15.35608935546875,0.0538280545656569,-0.0003968903630971,-0.0265750685188919
1776176144054020000,15.36602001953125,0.0999012389545328,-0.0323667305976152,-0.0399026059951633
1776176144063951400,15.375951416015624,0.0979758238499052,-0.0203390236735343,-0.0071614160619676
1776176144073882400,15.38588232421875,0.1126227733616717,-0.0464765044927597,-0.0222871620666235
1776176144083813000,15.395813232421874,0.089646953177452,-0.0478051227480173,-0.0697537735752761
1776176144093744400,15.405744384765624,-0.0017506247933022,0.0276350259006023,-0.0974847341310232
1776176144103675400,15.41567529296875,-0.0583738630354404,0.050427872467041,-0.0746717946246266
1776176144113606100,15.425606201171876,-0.0719084673911333,0.0492892238259315,-0.0288428673204034
1776176144123537400,15.435537353515626,-0.0675619626194238,0.0442436308741569,-0.0388566771388053
1776176144133468400,15.445468505859376,-0.0120411509275436,-0.0055628948241472,-0.0497536264672875
1776176144143399200,15.455399169921876,0.0652624352390877,-0.0157049341320991,-0.0275359494403004
1776176144153329400,15.465329345703124,0.1037380041058175,0.0113935006737709,-0.0057149435807019
1776176144163260200,15.47526025390625,0.0859931068450212,-0.0010357727885246,0.006424407024309
1776176144173191400,15.48519140625,0.0528781882286071,0.0040291093856096,-0.0403797219876199
1776176144183122200,15.4951220703125,-0.0353372891073115,0.0006990881800651,-0.0995974885012954
1776176144193053200,15.50505322265625,-0.094087565973401,0.0039478608429431,-0.1067699374139308
1776176144202984400,15.514984375,-0.098106756753195,0.020093524479866,-0.0902903656475245
1776176144212915200,15.524915283203123,-0.0740174223691225,0.0184586167544126,-0.0309362594030797
1776176144222846200,15.53484619140625,-0.019645762446057,0.0433522349923849,0.0252481307640671
1776176144232777500,15.544777587890623,0.0057383061899803,0.0426800348192453,0.0536023377846926
1776176144242708200,15.554708251953125,0.015434903285373,0.0211281282246112,0.0461813209384679
1776176144252639200,15.56463916015625,-0.0118330428685061,0.0268587808310985,0.0561876781027764
1776176144262570500,15.574570556640625,-0.0234539590899832,0.0080868603438138,0.046723391925916
1776176144272501200,15.584501220703125,0.0056599254578351,-0.0012537994533777,0.0184621238857507
1776176144282432300,15.594432373046876,-0.0042254722079262,-0.0001408697754144,-0.002490136315301
1776176144292363300,15.60436328125,0.0004693710774183,-0.0173655608206987,-0.1065095329120755
1776176144302293200,15.614293212890624,0.0025555479680187,-0.0282481893628835,-0.1664551753088831
1776176144312224500,15.624224609375,0.0124450738196261,-0.0101712654024362,-0.1820825141601264
1776176144322155300,15.6341552734375,0.0344716121886856,-0.0006458966881036,-0.1290245854504406
1776176144332086300,15.644086181640626,0.0628939890746958,0.0326782807648181,-0.0901412395004183
1776176144342017300,15.654017333984376,0.0671037157242186,0.0582294861286878,-0.0681114862609654
1776176144351948300,15.6639482421875,0.0617588475649245,0.0302086757808923,-0.0543489183682948
1776176144361879300,15.67387939453125,0.0618465075820684,-0.0038625206470489,-0.0724478349648416
1776176144371810300,15.683810302734376,0.0375654865507967,-0.0131377139925956,-0.1282703330170363
1776176144381741300,15.6937412109375,-0.0106797629138454,-0.0196165546178817,-0.1271973700232803
1776176144391672300,15.70367236328125,-0.0650894167597405,0.0098047701776027,-0.1374075061313807
1776176144401603300,15.713603271484375,-0.0801496415138244,0.0452285502582788,-0.1285577716562896
1776176144411534300,15.723534423828124,-0.0611444785262458,0.0393915146678686,-0.0560378943685442
1776176144421465000,15.733465087890623,-0.0534486815929412,0.0328536373317241,-0.0109830201767385
1776176144431396400,15.743396240234375,-0.0230617083693854,0.0197545017838478,-0.0071052288953214
1776176144441327400,15.753327392578123,-0.0156663191547617,-0.0139969611704349,-0.0316995719257742
1776176144451258000,15.763258056640623,-0.0408744467020034,-0.023801146826148,-0.0529747074056416
1776176144461188400,15.773188232421877,-0.0538140077739954,-0.0014133739292621,-0.0822084006745368
1776176144471120000,15.783119873046877,-0.0782750798135995,0.0232516962498426,-0.0644783904556185
1776176144481050600,15.793050537109377,-0.0688251144230365,0.0458516505926847,-0.0458197941496968
1776176144490982000,15.80298193359375,-0.0672918952400796,0.0395452439248561,-0.0367444342251867
1776176144500913000,15.812912841796877,-0.005647065976262,0.0019154782325029,-0.0893701089974492
1776176144510843600,15.82284375,0.0492471565161831,0.0033101474612951,-0.134759110514447
1776176144520775000,15.83277490234375,0.0700187263880856,-0.0069826984941959,-0.0984304905485361
1776176144530706000,15.842705810546876,0.0763987828140147,-0.0171177235394716,-0.0490524924606084
1776176144540636700,15.85263671875,-0.0124117560719139,0.001389408531785,-0.0113487847492098
1776176144550568000,15.86256787109375,-0.0906289316858165,0.022794015610218,0.0290802562728524
1776176144560498700,15.872498779296874,-0.114942156219948,0.0281657717764377,-0.0031706659253686
1776176144570429700,15.8824296875,-0.0745762435619719,0.0088145900964736,-0.0826111362565308
1776176144580361000,15.89236083984375,-0.0086222823947668,-0.005302198061347,-0.0945671661838889
1776176144590291700,15.902291748046874,0.0123755157147534,0.0090139120608568,-0.094710008720681
1776176144600222700,15.91222265625,0.0058311903715133,0.0217997438758611,-0.0676654960591345
1776176144610152700,15.922152587890626,-0.020377035862673,0.0127051677942276,-0.0755278999973088
1776176144620083700,15.932083740234376,-0.0206044148777611,-0.0131523270398378,-0.0541373945094645
1776176144630015000,15.942014892578126,0.0368576305423863,-0.0036707974672317,0.0375998089455068
1776176144639945700,15.95194580078125,0.1123772741680033,-0.0017845453292131,0.0792917095102369
1776176144649876700,15.961876708984375,0.150901358351577,-0.0112584761172533,0.0440291113406419
1776176144659808000,15.97180810546875,0.115223895770777,0.0015939911931753,0.0417266065519303
1776176144669738800,15.98173876953125,0.0001794664864428,0.0462175612956285,0.0178008834980428
1776176144679669800,15.991669677734375,-0.1374923896695487,0.0311088394910097,-0.0284139743838459
1776176144689600800,16.001600830078125,-0.2260755312740802,0.0450175378561019,-0.1267711074352264
1776176144699531800,16.01153173828125,-0.2161620217586867,0.0457628032654523,-0.1335617174234241
1776176144709462800,16.021462890625,-0.0848404296785593,0.0249672679960727,-0.077100702271983
1776176144719393800,16.031393798828127,0.0186626148939132,0.0112000239282846,-0.0563084549382328
1776176144729324800,16.04132470703125,0.1058697737038135,0.0028419454276561,-0.0017549539085477
1776176144739255800,16.051255859375,0.1042208374530077,0.0033130700707435,-0.0011024813491851
1776176144749186800,16.061186767578125,0.0658779733215458,-0.0077279639035463,-0.028726620529592
1776176144759117800,16.071117919921875,0.0123147071719169,-0.0183078101068735,-0.0234315097961574
1776176144769047800,16.0810478515625,-0.0118429797406308,-0.0318564429879188,-0.0224925484456121
1776176144778978800,16.090978759765626,-0.0328501119340769,-0.0212970550507307,0.0018789456143975
1776176144788909800,16.100909912109376,-0.0520043280035257,-0.0173258133322,-0.016051117221266
1776176144798840800,16.1108408203125,-0.0695446608692407,-0.0338724589854478,-0.070915803091973
1776176144808771800,16.120771728515624,-0.0977817443162202,-0.0155500358313322,-0.0618982377693057
1776176144818702600,16.13070263671875,-0.079883684054017,0.0310574015647172,-0.0206241972904652
1776176144828633900,16.1406337890625,-0.057326399809122,0.056552492827177,-0.0076236267462372
1776176144838564900,16.15056494140625,-0.0277116165344603,0.0407423447549343,-0.0058915422566235
1776176144848495600,16.16049560546875,0.0047603462696075,0.0209083479940891,-0.0139960113223642
1776176144858427000,16.170427001953126,0.0901233476507011,0.0182709852278232,0.0186478557161986
1776176144868358000,16.18035791015625,0.1520546017736196,0.0137362644076347,0.0298605199303477
1776176144878288600,16.19028857421875,0.1392448228274471,0.0177875856250524,0.033562004796788
1776176144888220000,16.200219970703124,0.0827583444411866,0.0217354464679956,0.0210585701197385
1776176144898151000,16.21015087890625,0.0103337624877691,0.0501011247307062,-0.0090411653939634
1776176144908081700,16.22008154296875,-0.077006101057399,0.0440226815998554,-0.0624731150478124
1776176144918012000,16.230011962890625,-0.1259510414903052,0.0048427638560533,-0.1146069146499037
1776176144927942700,16.239942626953123,-0.1069979192172177,0.0204062436908483,-0.0963993500471115
1776176144937874000,16.2498740234375,-0.0610135821555741,0.0125946931570768,-0.061442968282476
1776176144947805000,16.259804931640623,0.009813519739639,0.0094096333801746,-0.0193475284181535
1776176144957735700,16.269735595703125,0.045090000304114,-0.0020136779099702,-0.0099216014903038
1776176144967667000,16.2796669921875,0.0631195962578058,-0.0005488660544157,-0.0018602409139275
1776176144977597700,16.28959765625,0.0649695897723548,0.0100607907652854,0.0362245750695467
1776176144987528700,16.29952880859375,0.0194756848424673,-0.0160059629052877,-0.0081456047937273
1776176144997460000,16.3094599609375,-0.0409586178541183,-0.0051315176695585,-0.0755202281475067
1776176145007390700,16.319390625,-0.0610410546843893,-0.0100847561627626,-0.0318043474745005
1776176145017321700,16.32932177734375,-0.0269680864244699,0.036617373779416,0.0324325623754411
1776176145027253000,16.3392529296875,-0.0251128139466047,0.0252665432035922,-0.0058004299070686
1776176145037183700,16.349183837890624,-0.0354202638161834,-0.0146907886534929,-0.0302649360127747
1776176145047114800,16.35911474609375,-0.0274064778417348,0.0016080197185277,-0.0382169179305434
1776176145057045800,16.369045654296876,-0.0194329964782111,0.0170300452560186,-0.0072542819771915
1776176145066975700,16.378975830078126,0.007518714200193,0.0454939231961965,0.0235423497594892
1776176145076907000,16.388906982421876,-0.0049450551867485,0.0489876105308532,0.007876213267818
1776176145086837800,16.398837646484374,-0.0147013009143527,0.0300274739950895,-0.0463819580771028
1776176145096768800,16.408768798828124,-0.0404185104948934,0.0008516483932733,-0.0864688345979899
1776176145106699800,16.41869970703125,-0.0489075218988116,-0.0136900871783494,-0.1122749645709991
1776176145116630800,16.428630859375,-0.0458025416207965,-0.0160106390804052,-0.1322323685158044
1776176145126561800,16.438561767578125,-0.022129998743534,0.0023117840737104,-0.1206990940451622
1776176145136492800,16.448492919921875,-0.0048538880382664,0.0146492875993251,-0.0512612545512616
1776176145146423800,16.458423828125,-9.47108124382e-05,0.0340302798956632,-0.0158021839614957
1776176145156354800,16.468354736328124,0.0118833300173282,0.0278285026460885,-0.0270780496049672
1776176145166285800,16.478285888671873,0.0147743752837181,0.0399082320183515,0.0225680978998541
1776176145176216800,16.488216796875,0.0148521166950464,0.0672889908969402,0.070857570098713
1776176145186147800,16.49814794921875,-0.0021907880425453,0.0592459696948528,0.0293794584151357
1776176145196078800,16.508078857421875,-0.002348024430871,0.0262514625877141,0.0458260777600109
1776176145206009900,16.518009765625,0.0548959669249597,0.0010457096606492,0.0365543184805661
1776176145215940600,16.527940673828127,0.0922393168913666,-0.0433083958506584,0.0203469877842813
1776176145225870800,16.537870849609376,0.0706225283669773,-0.0698538729488849,-0.0146685768216848
1776176145235801900,16.5478017578125,0.0139081229763571,-0.0711094259679317,-0.03921871538423
1776176145245732900,16.55773291015625,-0.0482411669445689,-0.101972766265273,-0.0832232768055051
1776176145255663900,16.567663818359375,-0.1518465028477366,-0.0384235464185476,-0.1234359716631472
1776176145265594600,16.5775947265625,-0.212922035190463,-0.0150917706698179,-0.1158555264715105
1776176145275526000,16.58752587890625,-0.227937233492732,0.011122867038846,-0.0742686206512153
1776176145285457000,16.597456787109376,-0.1735118158221244,0.0258393746554851,-0.0423285910330712
1776176145295387600,16.6073876953125,-0.0581803771567996,0.0236012403398752,-0.048787557914108
1776176145305319000,16.61731884765625,0.025107562382752,-0.0225379950225353,-0.1524140827357769
1776176145315250000,16.62725,0.095005265340209,-0.0376256740391254,-0.19694683274962
1776176145325180700,16.6371806640625,0.1586304730325937,-0.0151823715627193,-0.2307735528971999
1776176145335112000,16.64711181640625,0.1854816550791263,-0.0108417120099067,-0.1754272940546274
1776176145345042700,16.657042724609376,0.1741886921703815,0.0119417822062969,-0.1278173285525292
1776176145354973700,16.6669736328125,0.1621259139329195,0.0145867437571287,-0.092309304254502
1776176145364905000,16.676905029296876,0.1815092443168163,0.0181599260687828,-0.0640030280288308
1776176145374834700,16.686834716796874,0.2112280907541513,0.0022960019826889,-0.0815020059708505
1776176145384766000,16.696765869140624,0.2350409280180931,-0.0306312851071357,-0.1077678624100983
1776176145394696700,16.70669677734375,0.2418050153255462,-0.004481529328227,-0.171856084504351
1776176145404627700,16.716627685546875,0.2220189493596553,-0.0265606746673583,-0.2693738441221416
1776176145414559000,16.72655908203125,0.0660498044908046,-0.0171200616270303,-0.3388687475655227
1776176145424489700,16.73648974609375,-0.0475473485946655,0.0215215114563703,-0.3327239612001925
1776176145434420700,16.746420654296877,-0.0798760852694511,0.0335801980406045,-0.2424575609501451
1776176145444352000,16.75635205078125,-0.0771200645595788,0.0729436556577682,-0.1951362761963158
1776176145454282800,16.76628271484375,-0.0038479075998067,0.0888788914144039,-0.1518768340539187
1776176145464213800,16.7762138671875,0.0733101508826017,0.0804635297685861,-0.125719479490444
1776176145474144500,16.78614453125,0.1514864464968442,0.0656131666392087,-0.1512478885006159
1776176145484075500,16.796075439453126,0.1839636517316102,0.0468459223270416,-0.1843879415582865
1776176145494006500,16.806006591796876,0.1947632781654596,0.0521364299505949,-0.183478352432698
1776176145503937500,16.8159375,0.195381702324748,0.0487198995053768,-0.1584733827747404
1776176145513868500,16.82586865234375,0.1379921741515398,0.0334475115716457,-0.1708386510901153
1776176145523798500,16.835798583984374,0.0611035802602767,0.0374199223339557,-0.1772128622971475
1776176145533729500,16.8457294921875,-0.0178436997264623,0.0261620307385921,-0.2477249799590557
1776176145543660500,16.85566064453125,-0.1123567976355552,-0.0375467635840177,-0.2921222670249641
1776176145553591600,16.865591552734376,-0.1604161874055862,-0.0309650471061468,-0.2299341063983738
1776176145563522600,16.8755224609375,-0.13045710247159,-0.0060901335686445,-0.1241981151420623
1776176145573453300,16.885453369140624,-0.1190986731112003,0.0309469269275665,-0.0022246903121471
1776176145583384600,16.895384521484374,-0.0520417374044656,0.00397241076231,0.061688321345672
1776176145593315600,16.905315673828124,0.0485240846723318,-0.0369353536874055,0.1087671756457537
1776176145603246300,16.915246337890625,0.1178366903513669,-0.0684580346763134,0.1057664594598114
1776176145613177600,16.925177490234375,0.1545733065962791,-0.0756610979229211,0.0818024502221494
1776176145623108600,16.935108642578125,0.1589987218230962,-0.0488338812738657,0.0562197537414729
1776176145633039400,16.945039306640624,0.1245592766046524,-0.0837701700985431,0.0490381716743111
1776176145642970600,16.954970703125,0.1139770923137664,-0.067919690015912,0.0397611516978591
1776176145652901400,16.9649013671875,0.093334117257595,-0.0694569825857877,0.0977304525204002
1776176145662832400,16.974832275390625,0.0692243428736925,-0.0141389999896287,0.1846720922619104
1776176145672762600,16.9847626953125,0.0710620796948671,0.0536088405907154,0.2264311397787183
1776176145682693400,16.994693359375,0.0561959344744682,0.0929097543656825,0.2507981037940829
1776176145692624600,17.004624755859375,0.0864472803533077,0.0772919139951467,0.2133986397262662
1776176145702555400,17.014555419921876,0.1052238770157098,0.080478727337718,0.1792798047643155
1776176145712486400,17.024486328125,0.104505499613285,0.0769055450260639,0.0953499140594154
1776176145722417700,17.034417724609376,0.1171533842623233,0.0472439817339181,0.0494190607506781
1776176145732348400,17.044348388671875,0.1198877776622772,0.0657493602395057,0.0168133337654173
1776176145742279400,17.054279541015624,0.1045756422400474,0.1040326214045286,0.0662844169642776
1776176145752210700,17.064210693359374,0.0634966128766536,0.124988900193572,0.1386287915546447
1776176145762141400,17.074141357421876,0.0488157610952854,0.1118470945477485,0.1295621994584798
1776176145772072400,17.084072509765626,0.0382242267374531,0.0855430249899625,0.0602983282919973
1776176145782003700,17.094003662109376,0.0275941116516129,0.0593599514633417,0.0056798722673207
1776176145791934500,17.1039345703125,0.0105284082770347,0.0400549470126628,0.0033999446365982
1776176145801865500,17.113865478515624,0.020709608268307,0.0324538243591785,0.0081241236142814
1776176145811796500,17.12379638671875,0.0085503862023353,0.0102355628103017,0.0658138768430799
1776176145821726500,17.1337265625,-0.0022597616255283,0.0030073651224374,0.0719146779362112
1776176145831657500,17.143657470703126,-0.0102969398920075,-0.0275350726574659,0.0783918380610644
1776176145841588500,17.15358837890625,-0.0364671516537666,-0.0378600673168897,0.0641330110840499
1776176145851519500,17.16351953125,-0.0685503891348838,-0.0168973587870597,0.0314917013287544
1776176145861450500,17.173450439453124,-0.0810544813990593,-0.005822422543168,-0.0382109996464103
1776176145871381500,17.183381591796874,-0.0540928247153758,0.0030073651224374,-0.0960828314438462
1776176145881312500,17.1933125,-0.0413712948748143,0.0187327575206756,-0.1118945869512856
1776176145891243500,17.203243408203125,0.0154196851666434,-0.0077291329473257,-0.0578491085089743
1776176145901174500,17.213174560546875,0.0362274931124178,-0.0145645319253206,-0.070416402202472
1776176145911105500,17.22310546875,0.0413233595132827,-0.0535562336206436,-0.0210029674749821
1776176145921036500,17.23303662109375,0.0906955854475498,-0.0693050068944692,-0.0003765051621943
1776176145930967600,17.242967529296877,0.1039782608687877,-0.0610842910379171,0.0540635986208915
1776176145940898300,17.252898193359375,0.1077425818383693,-0.0575473490834236,-0.0439231667481362
1776176145950829600,17.26282958984375,0.0831108294069767,-0.0472930815726518,-0.1019707204386591
1776176145960760600,17.272760498046875,0.0655412704467773,-0.0350929406911134,-0.0582505289167165
1776176145970691300,17.28269140625,0.037162730419205,-0.0252753110319375,-0.0721362847976386
1776176145980621600,17.29262158203125,-0.0176665941604645,-0.017872341299057,-0.0552426523376256
1776176145990552300,17.30255224609375,-0.0853717692094389,-0.0025286416947841,-0.0657375967364758
1776176146000483600,17.312483642578126,-0.076830726224184,0.0243541045337915,-0.0787011232059449
1776176146010414600,17.32241455078125,-0.03097265045729,0.0311900880336761,-0.0625784751184284
1776176146020345300,17.332345458984374,0.0221568867504596,0.0326274273604154,-0.0780270233366638
1776176146030276600,17.342276611328124,0.0875309839367866,0.0201245041400194,-0.0882356250748038
1776176146040207600,17.35220751953125,0.1598994700551033,0.0137047002255916,-0.0839469879701733
1776176146050138400,17.362138427734376,0.2033084036707878,-0.0049070612639188,-0.1273188775110989
1776176146060069600,17.372069580078126,0.2673813551306724,-0.0285708454459905,-0.2372115500554442
1776176146070000400,17.38200048828125,0.2866612251400947,-0.0460866283923387,-0.3089399847045541
1776176146079931400,17.391931396484374,0.2534533675432205,-0.0342336935132741,-0.3051902767822146
1776176146089862700,17.401862548828124,0.1774023935198783,-0.0040232641667127,-0.2105393047723919
1776176146099793400,17.41179345703125,0.0838742149949073,-0.0007119476616382,-0.0580647970862686
1776176146109724400,17.421724365234375,0.0381248557329177,-0.0124620066881179,0.0497471967265009
1776176146119655700,17.43165576171875,-0.0113397223766311,-0.0122317050635814,0.1334575994618237
1776176146129585400,17.44158544921875,-0.0819020381391048,0.0222667768657207,0.2095661488912999
1776176146139516700,17.4515166015625,-0.1901268505364656,0.0554886629879474,0.1628350851155817
1776176146149447400,17.461447509765627,-0.2556429865419864,0.054939212411642,0.0265110633719712
1776176146159378400,17.47137841796875,-0.3262134833276272,0.0202636203497648,-0.067170040692389
1776176146169309700,17.481309814453127,-0.3368728245079517,0.0370242010146379,-0.1719225008040666
1776176146179240400,17.491240478515625,-0.2874251952499151,0.0582587122231721,-0.1779600274026394
1776176146189171500,17.50117138671875,-0.1934089409470558,0.063380293020606,-0.0793846484906971
1776176146199102700,17.511102783203125,-0.1137631573021411,0.0802472566694021,0.0248536515537649
1776176146209033500,17.521033447265626,-0.0098965378309949,0.0911941826194524,0.1011919911511242
1776176146218964500,17.530964599609376,0.1206418108999729,0.0074421326994895,0.1073267675790935
1776176146228895500,17.5408955078125,0.2230769339799881,-0.0393149423003196,0.0960539706755429
1776176146238826500,17.550826416015624,0.2325759992092847,-0.0453588986396789,0.0828592657987028
1776176146248757500,17.560757568359374,0.1679150187283754,-0.0532154573589563,0.038261487724632
1776176146258688500,17.5706884765625,0.067345694086817,-0.0467050525516271,0.0119338911607861
1776176146268619500,17.58061962890625,-0.0357505232504336,-0.0216126968711614,0.0420870373621583
1776176146278549500,17.590549560546876,-0.1281675302296877,0.0433230088979005,0.0725879010226577
1776176146288480500,17.60048046875,-0.1410761116415262,0.0541296495944261,0.0606499182086437
1776176146298411500,17.61041162109375,-0.1423871942400932,0.0678150605976581,0.053216407207027
1776176146308342500,17.620342529296874,-0.1039800144344568,0.0698415979892015,0.0765796010073274
1776176146318273500,17.6302734375,-0.0324386267900466,0.0332867680519819,0.0746676299061626
1776176146328204500,17.64020458984375,0.0444371121862204,-0.0113467389225959,0.0669932228207588
1776176146338135600,17.650135498046875,0.0991997944205999,-0.0494604887396097,0.0520253707915544
1776176146348066600,17.660066650390625,0.1232423487871885,-0.0831920779496431,0.004807984803617
1776176146357997300,17.669997314453123,0.0913975871039088,-0.0617582447767257,0.0041650837901979
1776176146367928600,17.679928466796873,-0.0026461305946111,0.0075654668182134,0.0607801204595714
1776176146377859600,17.689859619140623,-0.1345820734471082,0.0347112478971481,0.1244368923339992
1776176146387790300,17.699790283203125,-0.2095002440482377,0.0729611913144588,0.1235270840127021
1776176146397721600,17.7097216796875,-0.2326087324351072,0.0863806448578834,0.0727961369458586
1776176146407652600,17.719652587890625,-0.2043395002841949,0.1140548337250947,0.0567717616010457
1776176146417583400,17.729583251953127,-0.12849895414114,0.1338303782969713,0.0684049893148243
1776176146427513600,17.739513671875,-0.057135270284349,0.129518944838643,0.0583645837504416
1776176146437444400,17.7494443359375,0.032552599425381,0.1016980409771203,0.05461202628389
1776176146447375600,17.759375732421876,0.0544821162939071,0.0493348165333271,0.0583467558328062
1776176146457306600,17.769306640625,0.0533224248647689,0.0396218162924051,0.0651276481445878
1776176146467237400,17.7792373046875,0.0535994882404804,0.0065337856829166,0.069532970431447
1776176146477169000,17.7891689453125,0.0606119973510503,0.0046668227672576,0.0272189924456179
1776176146487100000,17.799099853515624,0.0887783627825323,-0.0056067339658737,-0.0295583221133798
1776176146497031000,17.809031005859374,0.0807774180233478,-0.0028740941315889,-0.0250777426332235
1776176146506962000,17.8189619140625,0.0546703232092317,-0.0007528641939163,-0.0182763920553028
1776176146516893000,17.828892822265626,0.0207318223834037,-0.0165887312293052,-0.0372584481619298
1776176146526824000,17.838823974609376,-0.0497007272362709,-0.0145808985382318,-0.0150392367649823
1776176146536755000,17.8487548828125,-0.0956371243698056,-0.0199924021929502,0.0421773459941148
1776176146546686000,17.85868603515625,-0.1378396139383316,-0.0364431862562894,0.0558094924401491
1776176146556616700,17.86861669921875,-0.1448497758281882,-0.0145785604506731,0.0489735820055007
1776176146566548000,17.8785478515625,-0.139188115070993,-0.0214665663987398,-0.026069822410494
1776176146576478000,17.88847802734375,-0.1197387337135616,-0.0142903911590576,-0.066151145973429
1776176146586409000,17.898408935546875,-0.0454267123120371,0.0227823251724243,-0.089606401971355
1776176146596340000,17.908340087890625,0.0232651493864599,0.0302899243235588,-0.0447799297079443
1776176146606270700,17.918270751953123,0.0280687502759043,0.0266214649438858,0.0049042117197066
1776176146616202000,17.928201904296873,0.0426256742835044,0.0447977576255798,-0.0040687838088721
1776176146626133000,17.938133056640623,0.0832002612560987,0.0128752636641263,-0.0028287936851382
1776176146636063700,17.948063720703125,0.0653290798676665,-0.0139531220287084,-0.0055501814730465
1776176146645995000,17.9579951171875,-0.0084831661850214,-0.0055956280499696,0.0026461305946111
1776176146655926000,17.967926025390625,-0.060617267181212,-0.0020224457383155,0.0109840430900454
1776176146665856800,17.977856689453127,-0.043830383031303,-0.0003811082720756,-0.0154982325788587
1776176146675788000,17.9877880859375,-0.0293488349480088,-0.0134217916309833,-0.0257443167831748
1776176146685719000,17.997718994140627,0.0166752496021334,-0.0177928463220596,-0.0534750581432133
1776176146695649800,18.00764990234375,0.0171960403395351,0.0029611878931522,-0.0770000183764845
1776176146705581000,18.0175810546875,-0.0054477531450334,0.0286573546856641,-0.0255311854891479
1776176146715511800,18.02751171875,-0.0165191731244325,0.0295160173416137,-0.0285315363489091
1776176146725442000,18.03744213867187,-0.0345551896857563,0.0574970802009105,0.0213445474542677
1776176146735372800,18.047372802734376,-0.0046393593715969,0.0760766929864883,0.0622153408944606
1776176146745303800,18.0573037109375,0.0873392607569694,0.0741606302320957,0.0476809118464589
1776176146755235000,18.06723510742188,0.142762457293272,0.0478209048390388,-0.045803938993439
1776176146765165800,18.07716577148437,0.1410796187728643,0.041487025642395,-0.1124650803156197
1776176146775096800,18.087096923828124,0.0871931302845478,0.022989830443263,-0.1066176694616675
1776176146785028000,18.09702807617188,0.0401601609528064,0.0348649771541357,-0.0515871255047619
1776176146794958800,18.106958740234376,-0.0481242808329407,0.0132183780133724,-0.0427631830580532
1776176146804889900,18.11688989257813,-0.0737514603427378,-0.0212637373030185,0.0122600543752312
1776176146814821000,18.12682104492188,-0.0449853891521692,-0.0076788640648126,0.055222340201959
1776176146824751900,18.136751953125,0.0643079383926931,-0.0063403089374303,0.0265227538097649
1776176146834683000,18.146682861328124,0.134305603726441,-0.0172556707054376,0.0052867082312703
1776176146844614000,18.15661376953125,0.1376058143156115,0.0339221433460712,-0.0018944354444742
1776176146854545000,18.166544921875,0.1142214315968099,0.0358645095854997,-0.0471468049697577
1776176146864476000,18.176475830078125,0.0590185998129192,0.0277758956760168,-0.0562928189776837
1776176146874407000,18.186406982421875,-0.0217833726963726,0.0662350979298353,-0.055057724224776
1776176146884337000,18.1963369140625,-0.0093891705474583,0.0448094480633735,-0.0659593497283756
1776176146894268000,18.206267822265627,0.0312450330913066,-0.0104191026836633,-0.0219479932401329
1776176146904199000,18.216198974609377,0.0491302338719367,0.0137824416369199,0.0149411101527512
1776176146914130000,18.2261298828125,0.1150467673718929,8.76782834529e-05,-0.0050763534162193
1776176146924061000,18.23606103515625,0.1315893213719129,-0.0013905775755643,-0.0251497118908911
1776176146933992000,18.24599194335937,0.1055400942248757,0.015975567767024,-0.0635245968621224
1776176146943923000,18.2559228515625,0.087179686281085,0.0048094461083412,-0.0136967361148446
1776176146953854000,18.26585400390625,0.032287829275662,0.0156990889132022,0.0689257252532988
1776176146963785000,18.275784912109376,-0.0199204968673642,0.0303723419100046,0.0995765918437391
1776176146973715700,18.2857158203125,-0.0527554386317729,0.0081003043472766,0.058809697169438
1776176146983647000,18.29564697265625,-0.0936193730729166,-0.0083767832010984,0.003799465348199
1776176146993578000,18.30557788085937,-0.0636778146624565,-0.0118920978456735,-0.0214643744416534
1776176147003508700,18.3155087890625,-0.0193266317605972,-0.0073766662478446,-0.0316808672253042
1776176147013440000,18.32543994140625,0.0111836573153734,0.0028092122018337,-0.0312852189712226
1776176147023369700,18.33536962890625,0.071534948770469,0.0126999070972204,0.000320610256493
1776176147033301000,18.345301025390626,0.1023129580050706,0.0176683431595563,0.0065189534399658
1776176147043232000,18.35523193359375,0.0917307645810302,0.0148486095637083,-0.0142323773615062
1776176147053162800,18.36516284179688,0.0914320830285549,0.0034860885500907,-0.0218972129009664
1776176147063094000,18.375093994140624,0.0864303292185068,0.0054343000084161,-0.0258395938511937
1776176147073025000,18.38502490234375,0.0401817882627248,0.0328629896819591,0.0014793518375605
1776176147082955800,18.394955810546875,0.0119090489804744,0.0270972657620906,0.0387630075059831
1776176147092887000,18.404886962890625,-0.0402794034183025,0.0197393042147159,0.0276204859185963
1776176147102818000,18.41481811523437,-0.0904851575672626,0.0179448220133781,0.0385083751577883
1776176147112748800,18.42474877929688,-0.0856599385010544,0.0258802911877632,0.0136163643550127
1776176147122680000,18.43468017578125,-0.0603618219822645,0.0273696529626846,-0.0133828478600829
1776176147132610800,18.44461083984375,-0.0117050508409738,0.0265846400648355,0.0087179247889667
1776176147142541800,18.454541748046875,0.0422024713022168,-0.002670680513978,0.0018865443989634
1776176147152473000,18.46447314453125,0.0590682659072335,-0.0243242939174175,0.0132183780133724
1776176147162403800,18.47440380859375,0.0792015470087528,-0.0066202949225902,0.0234412274725735
1776176147172334800,18.4843349609375,0.0828355195969343,0.0038923312634229,0.0399690222948789
1776176147182264800,18.494264892578126,0.0736544342756271,0.0380634809345006,0.0269195711076259
1776176147192195800,18.50419580078125,-0.0014841102110687,0.0457581270903348,0.0064930883463472
1776176147202127000,18.514127197265623,-0.0460153167217969,0.0667979925096035,0.0123246440440416
1776176147212057900,18.524057861328124,-0.036108255213499,0.0694388624072074,-0.03834675485529
1776176147221988900,18.53398876953125,-0.0527449263709131,0.0495125111877918,-0.0534217935860156
1776176147231920000,18.543920166015624,-0.0382668945521116,0.027616905722022,-0.0762250154159963
1776176147241851000,18.55385083007813,-0.0041138650596141,0.0029769699841737,-0.116445235992968
1776176147251782000,18.56378198242188,-0.0163099051547702,0.0119406131625175,-0.1353279964435845
1776176147261713000,18.573712890625,-0.0165893157511949,-0.0066769935458898,-0.1482941532615572
1776176147271644000,18.583643798828124,-0.0133177467346191,0.0098293200969696,-0.132634592641145
1776176147281575000,18.59357495117188,0.0121270756453275,0.0098497783631086,-0.1247060646641999
1776176147291506000,18.603505859375,0.031539047601819,0.0128892921894788,-0.0710016547445207
1776176147301437000,18.61343701171875,0.0157657061423175,-0.0184375739663839,-0.0045993104889988
1776176147311368000,18.62336791992188,0.0095276885355822,-0.0214192201256752,0.0377653747707605
1776176147321299000,18.633298828125,-0.0210609082072973,-0.0075999536097049,0.0647071577101945
1776176147331229000,18.64322900390625,-0.0231424089227803,-0.0200368258565664,0.0881236160676926
1776176147341160000,18.653159912109373,-0.0235205671859439,-0.007299509358406,0.0693907854817807
1776176147351091000,18.663091064453123,0.001862852996122,0.0180067813336849,0.0514264550503343
1776176147361022000,18.67302197265625,0.0384609558194875,-0.006801496708393,0.0301629369430243
1776176147370953000,18.68295288085937,0.0456897562955506,0.0017465514063835,-0.0161760587751865
1776176147380884000,18.692884033203125,0.0801584093421697,-0.0279769712060689,0.0368353273790329
1776176147390814700,18.702814697265627,0.2033779617756605,-0.0550724834024906,0.2054657278351485
1776176147400746000,18.71274609375,0.2385404788379557,-0.0234469265609979,0.2382289104044437
1776176147410677000,18.722677001953127,0.2370055060893297,0.0093552728444337,0.177925613676384
1776176147420607700,18.732607666015625,0.1325532162343151,-0.0239139595508575,0.0187915019705891
1776176147430539000,18.7425390625,0.0069686699688434,0.018256372180581,-0.1431491185232996
1776176147440470000,18.752469970703125,-0.1091769985556602,0.0287251592248678,-0.2959393410950899
1776176147450400800,18.76240087890625,-0.1747720267499797,0.0502706360787153,-0.3657051704343408
1776176147460332000,18.77233203125,-0.2222784770786762,0.0773830994099378,-0.3927406230065971
1776176147470263000,18.78226293945313,-0.2633896551460027,0.049215574067831,-0.390865988241136
1776176147480192800,18.79219287109375,-0.2082791960869915,0.0250467629730701,-0.2339988716192543
1776176147490123800,18.80212377929688,-0.0823451239977963,-0.0225865103393793,-0.1037653487704694
1776176147500054800,18.8120546875,0.0423778552685864,-0.0271808523923158,0.0586192160986363
1776176147509985800,18.82198583984375,0.1761445206795819,0.0179629421919584,0.1624795496761798
1776176147519916800,18.83191674804688,0.2051748003308661,0.0384194547653198,0.1531893048919737
1776176147529847800,18.841847900390626,0.1469821390812285,0.0308650938630104,0.0427899979997426
1776176147539778800,18.85177880859375,-0.0062397346397861,0.0138619366139173,-0.0807821672637015
1776176147549709800,18.86170971679688,-0.1554506739526987,0.00138005618155,-0.0880295811086893
1776176147559640800,18.871640869140624,-0.2258733232328668,0.0099134912490844,-0.0728679600730538
1776176147569571800,18.88157177734375,-0.1718161543527618,-0.0017220014870166,-0.0452571187656372
1776176147579502800,18.8915029296875,-0.1708247686952352,-0.0037462007910013,-0.0520976323101669
1776176147589433600,18.90143359375,-0.1809674290576949,-0.0127595283299684,-0.0235088858813047
1776176147599364900,18.91136474609375,-0.1265524962484836,0.0033604163438081,-0.0546928364351391
1776176147609296000,18.9212958984375,-0.0769915062764659,-0.008170446974039,-0.0674316142380237
1776176147619226600,18.9312265625,-0.0338595995038747,0.0278302562117576,-0.0272721108723431
1776176147629156900,18.94115698242188,-0.0060796121746301,0.043443420407176,0.0394375457666814
1776176147639087600,18.95108764648437,0.0324853885412216,0.0465676899075508,-0.0043319647897034
1776176147649019000,18.961018798828125,0.0792705205917358,-0.0007324059277772,-0.0871101281762123
1776176147658950000,18.970949951171875,0.0928431371365673,-0.050271220600605,-0.1585104268494993
1776176147668880600,18.980880615234376,0.1062766009390354,-0.0937199017047882,-0.1752730533409863
1776176147678812000,18.99081201171875,0.0948819312214851,-0.0996633202791213,-0.1756272005409002
1776176147688743000,19.00074291992188,0.0364426017343997,-0.089742230245471,-0.1645703844755887
1776176147698673700,19.01067358398437,-0.0252063374489545,-0.0404717111200094,-0.14219963577874
1776176147708605000,19.02060498046875,-0.1254805196354165,-0.031676994767785,-0.1271906480215489
1776176147718535700,19.03053564453125,-0.1848094366396777,-0.0088771339386701,-0.136854475358501
1776176147728466700,19.040466796875,-0.1888584380358457,0.0582750788360834,-0.1294017481997609
1776176147738398000,19.05039794921875,-0.107823227592837,0.0881897401064634,-0.1452776549845933
1776176147748328700,19.06032861328125,-0.0022819734573364,0.0911743088752031,-0.1795619827065616
1776176147758259700,19.070259765625,0.0308610022097826,0.1239274084419012,-0.1798278671011328
1776176147768189700,19.080189697265624,0.0927004407302476,0.0824111567050218,-0.1929213766258209
1776176147778120700,19.09012060546875,0.1469376606186851,0.0112228202819824,-0.2146889717977494
1776176147788052000,19.100052001953124,0.1568347852548584,0.0173754976928234,-0.1585794004324823
1776176147797982700,19.109982666015625,0.1320183239063247,0.0103647421479225,-0.1012464247521013
1776176147807913700,19.11991381835937,0.0945142669528722,-0.0027741408884525,-0.0731839672196656
1776176147817845000,19.129844970703125,0.0335637948950752,-0.0085877956032752,-0.0617586101029068
1776176147827775700,19.139775634765623,-0.0105927056849002,-0.0281575884699821,-0.0921340938180685
1776176147837706800,19.149706787109373,0.0045101709008216,-0.0384609558194875,-0.074394000596553
1776176147847638000,19.159637939453123,0.016417466315627,-0.0652361500203609,-0.0763200002230703
1776176147857568800,19.16956884765625,0.0180833537012338,-0.0640723669379949,-0.0858771523151546
1776176147867499800,19.17949975585937,0.0800415049642324,-0.0482832616537809,-0.0965104092061519
1776176147877430800,19.1894306640625,0.1019155196527019,-0.0459895977586507,-0.0808649501763284
1776176147887361800,19.19936181640625,0.078013232273329,-0.0303816942602395,-0.0507355501767247
1776176147897292800,19.209292724609377,0.0829489168435335,-0.0291454304635524,-0.0340306452218443
1776176147907223800,19.219223876953127,0.1207271510958671,-0.0282125335276126,-0.0091187606748193
1776176147917153800,19.22915380859375,0.0777729937766678,0.0086246204823255,-0.014281184939295
1776176147927084800,19.23908471679687,0.0239473138311877,0.0095166008859872,-0.0552284046165645
1776176147937015800,19.249015869140624,-0.0081762921929359,0.0232610486000776,-0.0788457193084061
1776176147946946800,19.25894677734375,-0.0261310328121297,0.0338689518541097,-0.0570583234574645
1776176147956877800,19.2688779296875,-0.0737660414239391,0.0416647202968597,-0.0426034624516963
1776176147966808800,19.278808837890622,-0.0933580643887631,0.0611246230483055,-0.0183733496237546
1776176147976739800,19.28873974609375,-0.0566845765079371,0.0257815069884061,-0.0223714062839746
1776176147986670800,19.2986708984375,0.010360065972805,-0.0458195018887519,-0.0108881815001368
1776176147996601900,19.308601806640624,0.0999228479981422,-0.0798667329192161,0.0748048464197665
1776176148006532600,19.31853271484375,0.1162777339389547,-0.0953764367401599,0.1294263711843639
1776176148016464000,19.3284638671875,0.092610479158163,-0.1176437981277704,0.1399147397119551
1776176148026395000,19.338394775390626,0.0380202445809729,-0.0890238528430461,0.1102620173133909
1776176148036325600,19.34832568359375,-0.0641693975716829,-0.0538081625550985,0.1389651839021593
1776176148046257000,19.3582568359375,-0.0992150285223498,-0.022215923461318,0.0653792117528617
1776176148056188000,19.36818798828125,-0.1309896019130945,-0.0012479542344808,0.0208051068153232
1776176148066118000,19.37811791992188,-0.1535685134679079,0.0532721559822559,0.0480590244438499
1776176148076049000,19.388048828125,-0.1206056070754304,0.0708306090265512,0.0628499855361878
1776176148085979600,19.397979736328125,-0.109027908941172,0.0702846655815839,0.0289167362742125
1776176148095911000,19.407910888671875,-0.1485573890413157,0.0970224503815174,0.018353037488088
1776176148105842000,19.417842041015625,-0.1483066474169492,0.1303629944473505,0.0205911718036979
1776176148115772700,19.427772705078127,-0.0789256526768207,0.1430313373625278,-0.0666860565677285
1776176148125704000,19.43770385742188,-0.0029787600824609,0.1190150864809751,-0.1424634012814611
1776176148135634700,19.447634765625,0.046764637251757,0.1084551140218973,-0.1673704635228961
1776176148145565700,19.457565673828125,0.0459007504314184,0.0954880804210901,-0.1447889216195791
1776176148155497000,19.4674970703125,0.0295581211839802,0.0639618923008441,-0.1581668010435998
1776176148165427700,19.477427734375,-0.0112800851608626,-0.0022930793732404,-0.1236117666214704
1776176148175358700,19.48735864257813,-0.0172971352269873,-0.0416273108959198,-0.1146888207796961
1776176148185290000,19.4972900390625,0.0297247281888499,-0.0542009612649679,-0.1213699059788137
1776176148195220700,19.507220703125,0.0590618452996015,-0.0771224026471376,-0.1104516946665942
1776176148205151700,19.51715185546875,0.1122791110231541,-0.0517442157626152,-0.0948619113467633
1776176148215081700,19.52708178710937,0.1336105980664491,-0.0111053313821554,-0.0671931293070316
1776176148225012700,19.5370126953125,0.0924251491865143,0.0263905787974596,-0.0576624268304556
1776176148234943700,19.54694384765625,0.0339606852581724,0.022443302476406,-0.0733968793179839
1776176148244874800,19.556874755859376,0.030132651402615,0.0129606038600206,-0.0759912066601216
1776176148254805800,19.5668056640625,0.0530523392191156,0.0218798233747482,-0.0653457478746771
1776176148264736800,19.57673681640625,0.0012444471031427,0.0635842911601066,-0.0665231941562145
1776176148274667800,19.586667724609377,-0.0760591938624158,0.0858493144601583,-0.094916564143449
1776176148284598800,19.596598876953124,-0.0999760760227218,0.0678676675677299,-0.1317949269466102
1776176148294529800,19.60652978515625,-0.1062988127708434,0.0291103591501712,-0.1094778811983764
1776176148304460800,19.61646069335937,-0.1085217129847034,0.0006797989577054,-0.1111392385393381
1776176148314391800,19.626391845703125,-0.1503279606441036,-0.0455558825165033,-0.095438834451884
1776176148324322800,19.63632275390625,-0.1552233314702287,-0.0598918663829565,-0.1233988545231521
1776176148334253800,19.64625390625,-0.1298948289463296,-0.051485272565484,-0.0936305429209023
1776176148344184800,19.656184814453123,-0.0682791344454512,-0.0430541288286447,-0.1156667259011417
1776176148354114800,19.66611474609375,-0.0489081155538558,-0.0335574016869068,-0.1262226067069917
1776176148364045800,19.6760458984375,-0.0015402151793241,-0.0117734399020671,-0.1059255955442786
1776176148373976800,19.685976806640625,0.0181412213683128,0.0091395842671394,-0.0674218965616077
1776176148383907800,19.69590795898437,0.0023094459861516,0.02249181779325,-0.0415823757756501
1776176148393838800,19.7058388671875,-0.0113941217282786,0.016268413233757,-0.0495583961561322
1776176148403769900,19.715769775390623,-0.0495621955484151,0.0112549689859151,-0.099569285320118
1776176148413700900,19.725700927734376,-0.0790290947849862,-0.0257978736013174,-0.1677510603383183
1776176148423631600,19.73563159179687,-0.1176742297986522,-0.0774234314203262,-0.1916883276995271
1776176148433563000,19.74556298828125,-0.1183107376039028,-0.0782265644967556,-0.1563174468498677
1776176148443494000,19.75549389648437,-0.0731371689358726,-0.0480447767227888,-0.1264822074912488
1776176148453424600,19.76542456054688,-0.0684621263295412,-0.0260492180138826,-0.0026773294504731
1776176148463356000,19.77535595703125,-0.023284429475665,-0.0441635513752698,0.0059712564293295
1776176148473286000,19.78528588867188,0.0319961071869358,-0.0904366422504186,-0.0208436121948063
1776176148483217000,19.795216796875,0.0598000599136576,-0.1134007537305355,-0.0593218114100396
1776176148493148200,19.805148193359376,0.0996475016554817,-0.0871089591324329,-0.0024571108285337
1776176148503078000,19.815077880859373,0.1096597771039232,-0.0279997675597667,0.0636225773438811
1776176148513009200,19.825009033203123,0.1266687613056041,0.0350590384215116,0.085457246402651
1776176148522940000,19.83493994140625,0.1176513786460272,0.0842266816943883,0.0923269129764288
1776176148532871000,19.84487084960937,0.1022223388458602,0.1022673652976751,-0.0413666871983557
1776176148542802200,19.85480224609375,0.045567554687988,0.0444078815251588,-0.1027563909236341
1776176148552733000,19.86473291015625,0.0348813437670469,0.0686462507247924,-0.1107834839042276
1776176148562664000,19.874663818359377,0.0391512761712074,0.0989706618398428,-0.0874698283340781
1776176148572595200,19.88459521484375,0.0007516768838278,0.0810948134094476,-0.0291562441185116
1776176148582526000,19.89452587890625,-0.0236269593030214,0.0918155293881893,0.0028168840516358
1776176148592457000,19.90445703125,-0.1078805107380263,0.1082639753639698,0.0175493198897689
1776176148602388200,19.91438818359375,-0.1520288645441644,0.0955780967921018,0.0084402768913656
1776176148612319000,19.924319091796875,-0.1810381014074198,0.1086374848514795,-0.051589244396612
1776176148622250000,19.93425,-0.1435924601103179,0.0589741670161485,-0.0794209619130939
1776176148632181000,19.944180908203126,-0.0757528495932929,0.0190454767316579,-0.078082187590003
1776176148642112000,19.95411206054688,-0.0092044661968946,0.0199894795835018,-0.0428709542814642
1776176148652042000,19.9640419921875,0.0392027140974998,-0.0055792614370584,-0.01905797088705
1776176148661973000,19.973972900390624,0.0424397963225841,-0.0684726477235555,-0.0877060482427477
1776176148671904000,19.98390405273437,0.032986342066992,-0.0519768554747104,-0.1275217066068202
1776176148681835000,19.9938349609375,0.0063923496519215,-0.0168090959817171,-0.155958185083419
1776176148691766000,20.00376611328125,-0.0082943656146526,0.0109814127415418,-0.1660154687173664
1776176148701697000,20.013697021484376,-0.034103326865565,0.0234825823962688,-0.1425030757047236
1776176148711628000,20.0236279296875,-0.0412070396572351,0.0247463187217712,-0.1008575715649873
1776176148721559000,20.03355908203125,-0.006397025827039,0.0150812492758035,-0.0936143955036997
1776176148731490000,20.043489990234377,0.0169955584645271,0.0287643221914768,-0.0766311850640922
1776176148741421000,20.053421142578124,0.0057779806132428,0.0394774393856525,-0.0499160504873842
1776176148751352000,20.06335205078125,-0.0311310695891268,0.048258711734414,-0.0386427421271801
1776176148761282800,20.07328271484375,-0.0755465316325426,0.0287765971511602,-0.0565060964021831
1776176148771214000,20.083214111328125,-0.0944528921544551,0.0142307699263095,-0.0356598538588732
1776176148781145000,20.09314501953125,-0.1101163069660775,0.0011854103922843,-0.0295089300137013
1776176148791075000,20.10307495117188,-0.1397042205001227,-0.0293780701756477,-0.0559554037168621
1776176148801006000,20.113006103515627,-0.1298673016185872,-0.0446726699411869,-0.0704620679751038
1776176148810936800,20.122936767578125,-0.1179518411636352,-0.0329991832822561,-0.0370612450893968
1776176148820868000,20.1328681640625,-0.1123544595479965,-0.0226923088014125,-0.025479601432383
1776176148830799000,20.142799072265625,-0.1120411558151245,-0.036341479447484,-0.0434475120604038
1776176148840729900,20.152729736328126,-0.0681008918017149,-0.0271083716779947,-0.0236300280429422
1776176148850661000,20.1626611328125,0.0031616789013147,-0.0097854809552431,-0.0004503741160035
1776176148860592000,20.172592041015623,0.1178606557488441,0.0071276599228382,0.0369144570298492
1776176148870523000,20.18252294921875,0.2153016238033771,0.0439677365422248,0.0859167536731809
1776176148880454100,20.1924541015625,0.2149251917064189,0.0648164633035659,0.039803383404389
1776176148890385000,20.202385009765624,0.1374058986961841,0.0558639260411262,-0.0600950608048588
1776176148900316000,20.21231591796875,0.0318950031663291,0.0437391884833574,-0.1492217164352536
1776176148910247200,20.2222470703125,-0.0272854726774152,0.0456540821939706,-0.2082240135673433
1776176148920178000,20.232177978515622,-0.0295791274393908,-0.0055915363967418,-0.2186404859025031
1776176148930109000,20.24210888671875,-0.0292541424018796,-0.0228729260653257,-0.1725459664646536
1776176148940039000,20.25203881835937,-0.0399719449043273,-0.0073562079817056,-0.1036575044818222
1776176148949970000,20.261969970703124,-0.0375666555945761,-0.0172825587123632,-0.0814531253278255
1776176148959901200,20.27190112304688,0.0033013796329498,-0.0107440968543291,-0.0946983182828873
1776176148969832000,20.28183203125,0.0341243970530573,-0.0123006786465644,-0.0894169438138604
1776176148979763000,20.291762939453125,0.0668061849492136,-0.0360381125867366,-0.1113715129252523
1776176148989694200,20.301694091796875,0.0603518942432943,-0.0427367334425449,-0.107566056227684
1776176148999625000,20.311625,0.0269838685154914,-0.0464151296943426,-0.0352877326108515
1776176149009556000,20.321555908203123,-0.0423363359481096,-0.0114414314687252,-0.0100744539644569
1776176149019487200,20.3314873046875,-0.1372854871869087,0.0137105454444885,0.0012489040825515
1776176149029418000,20.34141796875,-0.1731786383450031,0.0335123935014009,-0.0074650021184235
1776176149039349000,20.351348876953125,-0.1464741530264727,0.0451122304022312,-0.0183745917327702
1776176149049280000,20.361280029296875,-0.1146562884832732,0.0356236865669488,-0.0277738498494029
1776176149059211000,20.3712109375,-0.1141214600873645,0.0430389312595129,-0.056194838495925
1776176149069142000,20.38114208984375,-0.0588859042108058,0.057149289676547,-0.0815124542996287
1776176149079073000,20.39107299804688,0.0221796739710029,0.0520809003710746,-0.0703821346066892
1776176149089003000,20.4010029296875,0.0853495482444763,0.0477320575118064,-0.0895273453857749
1776176149098934000,20.41093408203125,0.1164116351174656,0.0678863722681999,-0.1100795003533363
1776176149108865000,20.42086499023437,0.1360030552940908,0.047954760351777,-0.1163845187816768
1776176149118796000,20.430796142578124,0.1155173074930906,0.0290384629577398,-0.0959614700865
1776176149128727000,20.44072705078125,0.0825631323963403,-0.0208832135528326,-0.1438006412345916
1776176149138658000,20.450657958984376,0.0344675114023033,-0.0548024342894554,-0.1477512785565108
1776176149148589000,20.46058911132813,-0.0679664426339324,-0.0483183329671621,-0.0821521404426544
1776176149158520000,20.47052001953125,-0.1242120706021785,-0.0324035554766654,-0.0243636760797351
1776176149168451000,20.480451171875,-0.170886728015542,-0.0085527242898941,-0.0308672858200967
1776176149178381800,20.4903818359375,-0.1988023244231939,0.0096048636913299,-0.0528581683538854
1776176149188313000,20.50031298828125,-0.1767816312730312,0.0380704951971769,-0.0718666010107845
1776176149198244000,20.510244140625,-0.1049836293858941,0.0178624044269323,-0.0897621770549565
1776176149208174800,20.5201748046875,-0.0439238882673438,-0.0258721078813076,-0.1127363715376705
1776176149218106000,20.53010620117188,-0.0568932599557098,-0.0436976874291896,-0.0870941999547183
1776176149228035800,20.54003588867188,-0.0467418774306774,-0.0185498021692037,0.0045949996400624
1776176149237967000,20.549967041015623,-0.0743225382289616,-0.0080745853841304,0.069855626514554
1776176149247898000,20.559898193359373,-0.0663911561412271,-0.0108814594984054,0.0280348388731479
1776176149257828900,20.569828857421875,-0.034140754532814,0.0247094938427209,0.1277814535215496
1776176149267760000,20.579760009765625,-0.0143283805153099,0.0684849226832389,0.2081953719947487
1776176149277691100,20.58969116210937,-0.0092599912098376,0.0832797562330961,0.1974026867583393
1776176149287622000,20.59962182617188,0.0373813393226591,0.0004594342052936,0.0967030091688036
1776176149297553200,20.60955322265625,0.0840448953866958,0.013051204752922,-0.0341189080271869
1776176149307484000,20.61948388671875,0.1479699628084897,0.0023766660034656,-0.0985737714767456
1776176149317415000,20.629414794921875,0.2037310129970312,0.0284592017650604,-0.1214173253171145
1776176149327346200,20.63934619140625,0.1984603791177272,0.0459720621019601,-0.1263057549457997
1776176149337277000,20.64927685546875,0.1530541342049837,0.0511783985733985,-0.0897003638651221
1776176149347208000,20.6592080078125,0.0925356603562831,0.0746621500134468,-0.0734510206580162
1776176149357139200,20.66913916015625,0.0022246857455698,0.0532721559822559,-0.0474306634124368
1776176149367070000,20.679070068359376,-0.0392617553749354,0.0281570039480924,-0.0161538469433784
1776176149377000200,20.689000244140622,-0.0311328048884868,0.0148848499208688,0.0405213224153965
1776176149386931000,20.698930908203124,-0.0199859724521636,-0.018401918131113,0.0482584925387054
1776176149396862000,20.70886206054688,0.0174725283265113,-0.0715647685199975,0.0476392646618187
1776176149406793200,20.718793212890624,-0.0061234467497793,-0.0910392843186855,0.0427555112082511
1776176149416724000,20.72872387695313,-0.0404091627112356,-0.0654781420826911,-0.0248047709107398
1776176149426655000,20.73865502929688,-0.0969084686130285,-0.0264782570809125,-0.0728846920121461
1776176149436586200,20.748586181640626,-0.1235199966847896,0.0029360534518957,-0.1230939532924443
1776176149446517000,20.75851708984375,-0.1263800622910261,0.0248725754499435,-0.1026790879037231
1776176149456448000,20.76844799804688,-0.0549380433678627,0.0395019893050193,-0.06743380619511
1776176149466379000,20.77837890625,0.0226367792218923,0.0364987158358097,-0.0382874258834868
1776176149476310500,20.788310546875,0.0246259072124958,0.0638999329805374,-0.0535024576067924
1776176149486241300,20.7982412109375,0.0339063612550497,0.0414835185110568,-0.0734765204254537
1776176149496172500,20.80817260742188,0.0376280121266841,0.0144148943215608,-0.0805735660143196
1776176149506103600,20.818103515625,0.057649055892229,-0.0001274257719516,-0.0971412544555962
1776176149516033500,20.828033447265625,0.101070264467597,-0.0292231718748807,-0.1206062281299382
1776176149525964500,20.83796459960937,0.1534931101441383,-0.0490232663661241,-0.0692911975648254
1776176149535895300,20.84789526367188,0.1478103883326053,-0.0153436996042728,-0.0193275816086679
1776176149545826600,20.85782666015625,0.0924123262375593,0.0402297190576791,0.0122079588618129
1776176149555757600,20.867757568359377,-0.0397083255320787,0.0599035568207502,-0.0345228857181966
1776176149565688300,20.877688232421875,-0.1645025799363851,0.0291711494266986,-0.1141949728481471
1776176149575619600,20.88761962890625,-0.2335340305864811,-0.0243096808701753,-0.1287991791967302
1776176149585550600,20.89755053710937,-0.1653016213595867,-0.1322854869425296,-0.0965357628431171
1776176149595481300,20.9074814453125,-0.0478267500579357,-0.1975005941748619,-0.0577854686882346
1776176149605412600,20.91741259765625,0.0411819052159786,-0.2079962692260742,-0.0295996039718389
1776176149615343400,20.92734326171875,0.0932967078566551,-0.2260831300586462,0.009447554237768
1776176149625274400,20.9372744140625,0.0522620975903002,-0.1620896735757589,0.073250310454145
1776176149635205600,20.94720556640625,-0.0350467634618282,-0.0631160891264677,0.0818561531707644
1776176149645136400,20.95713647460937,-0.1022644426882267,0.0178320092886686,0.0810923291914165
1776176149655067400,20.9670673828125,-0.0811608735161367,0.0604898322761058,0.1051714892413467
1776176149664997400,20.97699731445313,-0.0007984569013118,0.0992161610335111,0.0698133217427879
1776176149674928400,20.98692846679688,0.1452747323751449,0.1058089834272861,0.0025481501128524
1776176149684859400,20.996859375,0.3052314855754375,0.1067301899254321,-0.0073264704305678
1776176149694790400,21.006790283203124,0.4675684119105339,0.1026058034718036,-0.0573163168065249
1776176149704721400,21.01672143554688,0.6308522637069225,0.0801817902177572,-0.0795722069520503
1776176149714652400,21.02665234375,0.6688298199236392,0.1143482637137174,-0.0264716081444174
1776176149724583400,21.03658349609375,0.6793173116683959,0.1877577833175659,0.0067157911863178
1776176149734514400,21.046514404296875,0.6932172422051429,0.2363660391420125,-0.0081990154813975
1776176149744445400,21.056445556640625,0.6150456227660179,0.2371072128981351,-0.0911983473379164
1776176149754376400,21.06637646484375,0.4800584756493568,0.1577829162925481,-0.124709571795538
1776176149764307500,21.07630737304688,0.359185194081068,0.0694435385823249,-0.1375111126363277
1776176149774238500,21.086238525390623,0.2249193104436621,-0.0436322209775447,-0.1328273387342691
1776176149784169500,21.09616943359375,0.0915302461734041,-0.1465682793170213,-0.1353418788384646
1776176149794099500,21.10609936523437,0.0019183643093332,-0.1691740788787603,-0.1473335646010935
1776176149804030500,21.116030517578125,-0.062511108970642,-0.1706967584013938,-0.1288027593933045
1776176149813961500,21.12596142578125,-0.0679857044568285,-0.1440969207674264,-0.1210769874468445
1776176149823892500,21.135892578125,-0.0088987612485885,-0.0795025757819414,-0.107756683428958
1776176149833823500,21.145823486328126,0.0384265055606141,0.0033428806871175,-0.1310069183740764
1776176149843754500,21.15575439453125,0.0746399016490206,0.0809568662434816,-0.1271130527406931
1776176149853685500,21.165685546875,0.1073403942456468,0.1611678825557231,-0.0805905171491205
1776176149863616500,21.175616455078124,0.0705985538363456,0.2169254256129264,-0.0357137760031968
1776176149873547500,21.18554760742187,0.0827332647988572,0.1431768833130598,0.0339736543375998
1776176149883478500,21.195478515625,0.0828162303745746,0.0317617504417896,0.0787984461005777
1776176149893409500,21.20540942382813,0.0494529264876619,-0.1109141976118087,0.0637306408282369
1776176149903340300,21.21534033203125,-0.0027706337571144,-0.2296294243633747,0.0880246126726269
1776176149913271600,21.225271484375,-0.1205927293275482,-0.2559983758509159,0.119351917219907
1776176149923202600,21.23520263671875,-0.2517780912747606,-0.213977681723237,0.1196167787011712
1776176149933133300,21.24513330078125,-0.4168097000539302,-0.1167190844982862,0.0899859758734703
1776176149943063600,21.2550634765625,-0.5674222863256931,0.0084989482760429,0.0684482439346611
1776176149952994300,21.264994384765625,-0.616114128780365,0.1556575947016477,-0.0346806335631757
1776176149962925300,21.27492529296875,-0.5565665457904339,0.2484878540903329,-0.1328416595205664
1776176149972856600,21.284856689453125,-0.3500233979821205,0.327274975079298,-0.1289109690081328
1776176149982787300,21.294787353515623,-0.0827156560769304,0.3762169929027557,-0.1521416955351829
1776176149992718300,21.30471826171875,0.1588204426467418,0.3558323765218257,-0.1520095205228775
1776176150002649600,21.314649658203123,0.3326970001280308,0.3305740166246891,-0.1516028394181281
1776176150012580400,21.324580322265625,0.4056102606475353,0.2890191864430904,-0.2018224028967321
1776176150022511400,21.33451147460937,0.3740694594800472,0.2219821244806051,-0.2927714516486972
1776176150032442400,21.3444423828125,0.2422995208442211,0.1535293505012989,-0.2412447510942816
1776176150042373400,21.354373291015627,0.0852583628296852,0.1147930848717689,-0.1545661462031304
1776176150052304400,21.364304443359377,-0.0790542566257063,0.0829167681396007,-0.053259369565919
1776176150062235400,21.3742353515625,-0.2252805815041065,0.0429413161039352,0.0726227531403303
1776176150072166400,21.38416650390625,-0.3597065876066684,0.005647065976262,0.1139040270775556
1776176150082096400,21.39409643554687,-0.3817150057971477,-0.0342138197690248,0.1138723898302763
1776176150092027400,21.40402734375,-0.3572621170639991,-0.1032382561564445,0.133570704447478
1776176150101958400,21.41395849609375,-0.2336719960187561,-0.1691249790400266,0.1423500771000981
1776176150111889400,21.42388940429688,-0.0664893740850035,-0.2595820795565843,0.1307048666875809
1776176150121820400,21.4338203125,0.0918424173951149,-0.3120622083783149,0.1035358508635312
1776176150131751400,21.44375146484375,0.1660240721489302,-0.3116068658262491,0.1172246228676289
1776176150141682400,21.45368237304688,0.1292003804087639,-0.2285872218340635,0.0995687007982283
1776176150151613400,21.463613525390624,0.0192120654702186,-0.1250911915242671,0.053163361845538
1776176150161544400,21.47354443359375,-0.1246188978374004,-0.0132259767979383,0.0128080436468124
1776176150171475500,21.48347534179688,-0.1702326480209827,0.0913110869973897,0.0268192525383085
1776176150181406500,21.493406494140626,-0.1187257481455802,0.1515542510360479,0.0341381972495466
1776176150191337500,21.50333740234375,0.0196259069681167,0.1278489657998085,0.0097050361301749
1776176150201268500,21.5132685546875,0.1830792701125145,0.0917611688524484,0.0169579298678785
1776176150211199500,21.523199462890624,0.3067126640439033,0.0947983445912599,0.04060571276322
1776176150221129500,21.53312939453125,0.3472749760568142,0.0993874259471893,0.053582025649026
1776176150231060500,21.543060546875,0.3033598464846611,0.053100306546688,-0.0167380035068839
1776176150240991200,21.5529912109375,0.1990250272631645,0.0117132341474294,-0.1275249945424497
1776176150250922500,21.562922607421875,0.0115115740954875,0.0085971479535102,-0.2072344180081039
1776176150260853500,21.572853515625,-0.1471995629578828,-0.0099707743942737,-0.2218495841421186
1776176150270784300,21.5827841796875,-0.1737462090998888,-0.0395072500020265,-0.2030331669259816
1776176150280715500,21.59271557617188,-0.1210778642296791,-0.0521533810853958,-0.1644108830649405
1776176150290646500,21.602646484375,-0.0195142632871866,-0.05565174459517,-0.0799949624087661
1776176150300577300,21.612577392578125,0.0818435859501361,-0.0600245528519153,0.0070209116127341
1776176150310508500,21.622508544921875,0.1424865629613399,-0.0692968235880136,0.0354842050310224
1776176150320439300,21.632439208984376,0.1123041906654834,-0.060269467523694,0.0529001808647066
1776176150330370300,21.64237036132813,0.0667021309196949,-0.0590279430299997,0.0298329743362963
1776176150340301600,21.65230151367188,0.0194096293023554,-0.0374602543443441,-0.0281408565308898
1776176150350232300,21.662232421875,-0.0256587573915719,-0.0521335073411464,-0.0548126634225249
1776176150360163300,21.672163330078124,0.0098258129656314,-0.0528086301237344,-0.0807253225099295
1776176150370093300,21.68209326171875,0.0319499573571141,-0.05921382099092,-0.1045376483172178
1776176150380024300,21.6920244140625,0.0439344096613582,-0.0361515098333358,-0.0836003664895892
1776176150389955600,21.70195556640625,0.0519341899433406,0.0306014744907617,-0.0377265771303325
1776176150399886300,21.71188623046875,0.0445066657245159,0.0535205777853727,0.0093033234614878
1776176150409817300,21.7218173828125,0.034960245089,0.062548518371582,0.0254866887602955
1776176150419748600,21.73174853515625,0.0277127581787761,0.0440641826540231,0.0245421013865619
1776176150429679400,21.741679443359377,0.0798497817844152,0.0519096354573965,0.0082845748730003
1776176150439610400,21.7516103515625,0.1324006377547979,0.0483563268899917,-0.0073510203499346
1776176150449541400,21.761541259765625,0.1909580406635999,-0.0077940148770809,-0.0691545655731111
1776176150459472400,21.77147241210937,0.201204124867916,-0.0183954883903265,-0.1750892942719161
1776176150469403400,21.7814033203125,0.2022510035723447,-0.028165187254548,-0.1816607085514813
1776176150479334700,21.791334716796875,0.1934369979977607,-0.0475187070220708,-0.1066637005604803
1776176150489265400,21.801265380859373,0.1438806476682424,-0.052345104265213,-0.0637248686745762
1776176150499196400,21.811196533203123,0.083199676734209,-0.0399146617591381,-0.0132662357430905
1776176150509126400,21.82112646484375,-0.0221814366698265,-0.0016863456517457,0.041025399480015
1776176150519057400,21.831057373046875,-0.1659779131859541,-0.0034860885500907,0.112044809076935
1776176150528988700,21.84098876953125,-0.2803057186335325,0.0091536127924919,0.1268141428593546
1776176150538919400,21.85091943359375,-0.3148153064787388,0.0324660993188619,0.097716862386465
1776176150548850400,21.86085034179688,-0.2629763981699943,-0.0011965163081884,0.0696538203321397
1776176150558781700,21.87078173828125,-0.1373614841657225,-0.0203811092495918,0.0138670511804521
1776176150568712400,21.88071240234375,0.0192851307064294,-0.052473699080944,-0.0494894225731492
1776176150578643500,21.8906435546875,0.1426969908416271,-0.0784720636904239,-0.0715968441586941
1776176150588574500,21.900574462890624,0.1876911478221416,-0.0428331795543432,-0.0183009419746696
1776176150598505500,21.91050537109375,0.1861661302119493,0.0065776248246431,0.041442675044015
1776176150608436500,21.9204365234375,0.1229892416757997,0.0498930349379777,0.0243118728272616
1776176150618367500,21.930367431640622,0.0274205155002418,0.0493856699377298,0.0516552953701466
1776176150628298500,21.940298583984376,-0.0043979335648473,0.0291337400257587,0.0329293329164385
1776176150638229500,21.9502294921875,-0.0675303893042262,0.021941782695055,0.0374696797598153
1776176150648159500,21.960159423828124,-0.1169125521106179,0.0294201557517051,0.0256214941211044
1776176150658090500,21.97009057617188,-0.1253945583850145,0.0443891768246889,-0.0323364085245877
1776176150668021500,21.980021484375,-0.0879027398586273,0.0551379498541355,-0.0665961863271892
1776176150677952500,21.989952392578125,-0.002753691755468,0.0197539172619581,-0.1119593958158046
1776176150687883500,21.999883544921875,0.1063701244413852,0.0128927993208169,-0.1125929444789886
1776176150697814500,22.009814453125,0.1944201638162136,0.037732641544938,-0.1166492341324687
1776176150707745500,22.01974560546875,0.2632178057104349,0.0284638779401779,-0.0621237901534885
1776176150717676500,22.02967651367188,0.2571791100680828,0.0281698634296655,-0.0280336698293685
1776176150727607600,22.039607666015623,0.2081687031835317,0.0093669632822275,0.0177054602995514
1776176150737538600,22.04953857421875,0.142969378042221,0.006615034225583,0.0501434295024722
1776176150747469300,22.05946923828125,0.0716290704944403,-0.0151215812861919,0.0269797768622636
1776176150757400600,22.069400634765625,0.0489887795746326,-0.0434673858046531,-0.0454663045369088
1776176150767331600,22.07933154296875,0.0050000048109563,-0.0257329916715621,-0.1449771376680582
1776176150777262300,22.08926245117188,-0.0030564695277484,-0.006799743142724,-0.1065101904992014
1776176150787192600,22.099192626953126,0.0068470848492113,0.0462467873901128,-0.0721438105169683
1776176150797123300,22.109123291015624,0.0135047937393188,0.0536404047727584,-0.0382139222558587
1776176150807054600,22.1190546875,0.0418371542543172,0.0592459696948528,0.0134882809959352
1776176150816985600,22.128985595703124,0.0725631319075822,0.0709954441994428,0.0487258177895098
1776176150826916400,22.138916259765622,0.1169569849073886,0.0333463892847299,0.0347121246799826
1776176150836847600,22.14884765625,0.1327127724438905,-0.0140220956116914,0.0037385289411991
1776176150846778600,22.15877856445313,0.0744388626515865,-0.0084176997333765,0.0284705999419093
1776176150856709400,22.16870947265625,-0.0120732996314764,-0.0278249955147504,0.0022081045035272
1776176150866640600,22.178640625,-0.0696229868024587,-0.0278325942993164,-0.0450360233608633
1776176150876571400,22.1885712890625,-0.0895621975034475,-0.0365992536008357,-0.0709284433778375
1776176150886502400,22.19850244140625,-0.0501794506639242,-0.0816027629315853,-0.0738982529688626
1776176150896433700,22.20843359375,0.0076116440474987,-0.05684533829391,0.0007294833183288
1776176150906364400,22.21836450195313,0.0583387917220592,-0.0110708445906639,0.0541636249292641
1776176150916294700,22.22829467773437,0.0599772065788507,0.0167909758031368,0.0686227967839688
1776176150926225400,22.23822534179688,-0.0244441209048032,0.0836257931917905,0.0091894878234714
1776176150936156400,22.248156494140623,-0.1391664786279201,0.1106499937176704,-0.0575020486369729
1776176150946087700,22.258087646484373,-0.1990776342332363,0.096387075087428,-0.1642890833161771
1776176150956018400,22.268018310546875,-0.1770049186348915,0.0918500161796808,-0.2067128783520311
1776176150965949400,22.277949462890625,-0.1339887837290763,0.0727963561415672,-0.1954099055059254
1776176150975880700,22.28788061523437,-0.047376668202877,0.0559895982474088,-0.178514081088826
1776176150985811500,22.2978115234375,0.0497989269137382,0.0237497088998556,-0.1759305674016475
1776176150995742500,22.307742431640627,0.1065770451903343,-0.0111883334904909,-0.150967902515456
1776176151005673500,22.317673583984377,0.1162742633402347,-0.026207038924098,-0.0556191574998199
1776176151015604500,22.3276044921875,0.0311456689366372,-0.0076736033678054,-0.044391295716539
1776176151025535500,22.337535400390625,-0.044394437521696,0.0346715004086494,-0.0466810140889137
1776176151035466500,22.34746655273437,-0.0621171412169933,0.0357359147697687,-0.0449452763374894
1776176151045397500,22.3573974609375,-0.0188403141149552,0.0357546194702386,-0.0901228270608931
1776176151055327500,22.36732739257813,0.0695206909051863,0.0284364054113626,-0.0910633958466351
1776176151065258500,22.37725854492188,0.1551192500412464,0.0076671736270189,-0.0762924546290189
1776176151075189500,22.387189453125,0.2122854908525943,0.0039653964996337,-0.0276487621650099
1776176151085120500,22.39712060546875,0.1765758795678615,0.0055097033321857,-0.0064886313669383
1776176151095051500,22.40705151367188,0.1076572416424751,-0.0010515548795461,-0.0097265903748571
1776176151104982500,22.416982421875,0.0790343737483024,-0.0622299539417028,0.0078320087999105
1776176151114913500,22.42691357421875,0.0567524084466043,-0.0418745636552572,0.0067282122764736
1776176151124844500,22.43684448242188,0.0170294607341289,-0.0158200849443674,-0.0051793023340404
1776176151134775600,22.446775634765626,-0.0217348528129514,0.011602174988389,-0.0120247843146324
1776176151144706600,22.45670654296875,-0.0718517687678337,0.0615033932328224,-0.0114219230506569
1776176151154637600,22.46663745117188,-0.0941080242395401,0.0949368762791156,-0.0458976816914975
1776176151164568300,22.476568359375,-0.0857949539244175,0.0969201590508222,-0.1013166404440999
1776176151174499600,22.48649951171875,-0.0476093079149723,0.0831780494242906,-0.1352028356939554
1776176151184430600,22.4964306640625,-0.0056289549308363,0.1153922198086977,-0.0798926710780709
1776176151194361300,22.506361328125,0.0382078578412532,0.096454295104742,-0.0326091610513627
1776176151204291600,22.51629150390625,0.1152852431697305,0.0500064321845769,-0.0033889848511666
1776176151214222300,22.526222412109377,0.1456803814334329,-0.0172241065233945,0.0320812647197395
1776176151224153600,22.536153564453127,0.1145242048025131,-0.0530424388796091,0.0377436743956059
1776176151234084600,22.54608471679688,0.0349918184041976,-0.0536778141736984,0.0128003717970103
1776176151244015400,22.55601538085937,-0.0594961450636386,-0.0345955125629901,-0.009951119845733
1776176151253946600,22.565946533203125,-0.1265618485987186,-0.0160264211714267,-0.0578117721732705
1776176151263877600,22.575877685546875,-0.1324421388089657,-0.0045230303823947,-0.0909224530059844
1776176151273808400,22.585808349609376,-0.0540484010517597,-0.0057400049567222,-0.0508802193444222
1776176151283739600,22.59573974609375,0.0197790471366373,0.0225631294637918,0.0198466370467096
1776176151293670400,22.60567041015625,0.0806383018136024,0.0149649294197559,0.05102642288208
1776176151303601400,22.61560131835937,0.0817488934040069,0.0190688576072454,0.0445689173057675
1776176151313532700,22.62553271484375,0.0188987640206352,0.046526188853383,0.0608365998871624
1776176151323463400,22.63546337890625,-0.020728312968777,0.0138145903408527,0.052291401316598
1776176151333393700,22.6453935546875,-0.0718459235489368,0.0162052848696708,-0.0225151256036013
1776176151343324400,22.655324462890626,-0.1189420212447643,0.030843466553092,-0.0405252679381519
1776176151353255400,22.66525537109375,-0.1393114400565624,0.0414461091101169,-0.0147718180004507
1776176151363186700,22.67518676757813,-0.1133142444908618,0.0513163457393646,0.015807152397558
1776176151373117400,22.685117431640624,-0.0684510204136371,0.0469593195736408,-0.0076042644586414
1776176151383048400,22.69504833984375,0.0121989729794033,0.032106033834815,-0.0639027094595134
1776176151392979700,22.704979736328124,0.0483329460144042,0.048678398451209,-0.0547892825469374
1776176151402910500,22.714910400390625,0.0793921011447906,0.0163116678535938,-0.048001522102952
1776176151412841500,22.72484155273437,0.08733809171319,0.008502455407381,-0.0353268955774605
1776176151422772500,22.7347724609375,0.0710188250750303,0.0067114803373813,-0.0390173475932329
1776176151432703500,22.744703369140623,0.0485299298912286,0.0071837740242481,-0.02900317244865
1776176151442634500,22.754634521484373,0.0358294382721185,-0.0190051447212696,-0.0464955745194107
1776176151452565500,22.7645654296875,-0.042945407757163,-0.0326578224986791,-0.1026858099054545
1776176151462496500,22.77449658203125,-0.1036111811220645,-0.0460346059441566,-0.1055801431074738
1776176151472426500,22.784426513671875,-0.132344523653388,-0.0566021771878004,-0.0861382144041359
1776176151482358000,22.79435791015625,-0.1660790354728698,-0.0632727409929037,-0.0504706886954605
1776176151492289000,22.8042890625,-0.1361702194213867,-0.0314729966282844,-0.0095705230303108
1776176151502220000,22.814219970703125,-0.1170925939857959,-0.0029331308424472,0.0137258160788565
1776176151512151000,22.824151123046875,-0.0884504368692636,0.0353524684101343,-0.0091291359383612
1776176151522082000,22.83408203125,-0.0356996721293195,0.0490881482958793,-0.0237115688465535
1776176151532013000,22.84401293945313,0.0130196382875903,0.0387257442355155,-0.0446405943024903
1776176151541944000,22.85394409179688,0.0341939460247755,0.0035199908196926,-0.0530469689242541
1776176151551875000,22.863875,0.0625087708830833,-0.0608604191541671,-0.0163517806682735
1776176151561806000,22.87380615234375,0.1224970833778381,-0.0864583862692117,0.0456738098077476
1776176151571737000,22.88373706054688,0.1488596051245927,-0.0876385359644889,0.0901005421638488
1776176151581668000,22.893668212890624,0.1336374860733747,-0.043600072273612,0.0985414766423404
1776176151591599000,22.90359912109375,0.0348930296382633,-0.0045095863789319,0.0892371302675455
1776176151601530000,22.91353002929688,-0.1149941604018211,0.0715273591190576,-0.0071986062671989
1776176151611460000,22.92346020507813,-0.2046136410504579,0.0860071353703737,-0.1040295526646077
1776176151621391000,22.93339111328125,-0.178322430974245,0.0876052182167768,-0.1452181068170815
1776176151631322000,22.943322021484377,-0.0621785205819876,0.0766641374856233,-0.0598738192696124
1776176151641253000,22.953253173828124,0.0034264627507654,0.0731003075242042,-0.0196032567448914
1776176151651184000,22.96318408203125,0.0398503689178498,0.0810708480119705,0.0111034316860139
1776176151661115100,22.973115234375,0.0175578776555601,0.0429693731546401,0.0390321067709475
1776176151671046100,22.983046142578125,0.0125648779741255,0.0173100312411785,0.0178586780998855
1776176151680977200,22.99297705078125,-0.0385550684103043,0.011271920120716,0.0269541309643536
1776176151690908000,23.002907958984373,-0.0941156321572605,-0.0228974759846925,-0.0155976743653416
1776176151700839200,23.012839111328127,-0.1128174008846282,-0.0209925191462039,-0.051193815338239
1776176151710770200,23.02277026367188,-0.1053150624305009,-0.0356803851902484,-0.0559611758705228
1776176151720701000,23.03270092773437,-0.0757785959559027,-0.031822540718317,-0.0676005410641431
1776176151730632200,23.042632080078125,-0.0346943058955017,-0.0437239909142255,-0.1157120263475924
1776176151740562000,23.05256201171875,0.001591643972462,-0.0821510444641113,-0.1354140672918409
1776176151750493000,23.06249291992188,0.0246036953806877,-0.0561158549755811,-0.1107087381675839
1776176151760424200,23.072424072265623,0.0600946863455232,-0.029054829570651,-0.061186143977195
1776176151770355000,23.08235498046875,0.0475233831971883,-0.0591553688019514,0.0042282121542841
1776176151780286000,23.09228588867187,0.0420399879166157,-0.0496282465219497,-0.0072595426741987
1776176151790217200,23.10221728515625,0.0428612274718936,-0.0251461316943168,-0.0261548703454434
1776176151800148000,23.11214794921875,0.0605962152600288,-0.0326677593708038,-0.0148675334598869
1776176151810079000,23.12207885742188,0.0820049139916896,0.0089016838580369,-0.0313830533225089
1776176151820010200,23.13201025390625,0.0912514657646417,0.034288054049015,-0.0736992232654243
1776176151829941000,23.14194091796875,0.0758750420677009,0.0195411512941122,-0.0951382440701127
1776176151839872000,23.1518720703125,0.0595464139461517,0.0167395378768444,-0.1105816046565771
1776176151849803000,23.161802978515624,0.0295990194499492,0.0115384621024131,-0.0953076092876493
1776176151859734000,23.17173413085937,0.0236474175691604,0.0136649527370929,-0.067689899848029
1776176151869665000,23.1816650390625,-0.0279845699906349,0.0139835171669721,-0.0268090964704751
1776176151879595000,23.191594970703125,-0.0838239461123943,0.0184942725896835,-0.0145309219166636
1776176151889526000,23.201526123046875,-0.0741354957908392,0.0071843585461378,-0.0166367350894957
1776176151899457000,23.21145703125,-0.0325923560470342,-0.0159071787059307,0.0350042394943535
1776176151909388000,23.221387939453123,-0.0159539313239511,0.0270516730546951,-0.002052767811343
1776176151919319000,23.23131909179688,-0.0161930099099874,0.0260626620173454,-0.0119500385779887
1776176151929250000,23.24125,-0.0346703404980245,0.0075806643873453,-0.0480269488051533
1776176151939181000,23.25118115234375,-0.0238484930992126,-0.0050911856591701,-0.1122449347589164
1776176151949112000,23.261112060546875,0.0254693722993135,-0.032322306933999,-0.1499533186454325
1776176151959043000,23.27104296875,0.081045713570714,-0.0489443559110164,-0.1092842583224177
1776176151968974000,23.28097412109375,0.1036000752061605,-0.048208442851901,-0.0984060867596417
1776176151978905000,23.29090502929688,0.1045738886743783,-0.0886199482172727,-0.0870675311435014
1776176151988836000,23.300836181640623,0.0666962765676435,-0.0630383477151393,-0.1193088817957788
1776176151998767000,23.31076708984375,-0.0045902503997087,-0.0546972203493118,-0.1937003981743008
1776176152008698000,23.32069799804687,-0.0589128104840405,-0.0535807835400104,-0.237935480415821
1776176152018628000,23.330628173828124,-0.12803077037381,0.0095832363814115,-0.2855625431831926
1776176152028558800,23.340558837890622,-0.1491559577226638,0.0252636205941438,-0.2857544124934822
1776176152038490000,23.350489990234376,-0.076517422491312,0.0455927073955535,-0.2175420962065458
1776176152048421000,23.36042114257813,-0.046281858703494,0.0586515109330415,-0.1353731507595628
1776176152058351900,23.370351806640624,-0.0097954360936768,0.0534913516908884,-0.0878857887238264
1776176152068283100,23.380283203125,0.0353624052822589,0.0353308411002159,-0.095432258580625
1776176152078214100,23.390214111328124,0.0270095966117922,-0.0142401222765445,-0.1432093242779374
1776176152088145000,23.400144775390626,-0.0042880343164317,-0.0626531477898359,-0.176084954245761
1776176152098076200,23.410076171875,-0.0310176358099095,-0.1135351937651634,-0.2504222562190145
1776176152108007000,23.4200068359375,-0.0745650828471407,-0.1196077916771173,-0.3261095114964991
1776176152117938000,23.42993798828125,-0.1386275494456291,-0.1351958214312791,-0.3576465132717042
1776176152127869200,23.439869140625,-0.2021282722418196,-0.0927659619808197,-0.3952238181244581
1776176152137800000,23.449800048828124,-0.2521300282512791,0.0108440500974655,-0.3746579999577253
1776176152147731000,23.45973095703125,-0.2795896793186664,0.0786848296582698,-0.3159630882743746
1776176152157661000,23.469660888671875,-0.3320955271035433,0.1058493154376745,-0.2224213926807045
1776176152167592000,23.479592041015625,-0.2631079338614828,0.1053705920100212,-0.0826850782755762
1776176152177523200,23.48952319335937,-0.1740115820378065,0.1073094511181116,-0.0025888474494218
1776176152187454000,23.49945385742188,-0.0625479521160013,0.0880167216271162,0.0004985971719026
1776176152197385000,23.509385009765627,-0.0082458502978086,0.1112467905670404,-0.010160086421296
1776176152207316200,23.519316162109376,-0.0233522340148687,0.157993928694725,0.0148017016820609
1776176152217247000,23.5292470703125,-0.0719569644416682,0.180385208722949,-0.0098943481571972
1776176152227178000,23.539177978515625,-0.1224409692764282,0.1614934612482786,-0.0450947678107768
1776176152237109200,23.54910913085937,-0.1251040510058403,0.0618278028815984,-0.0031710312515497
1776176152247040000,23.5590400390625,-0.0643021023069508,-0.0526554853886365,0.0871348972912877
1776176152256971000,23.568970947265623,0.0080874448657035,-0.0920031609147787,0.1387258952535688
1776176152266902000,23.578902099609376,0.0449462444518692,-0.0719523065328597,0.1435773538727313
1776176152276833000,23.5888330078125,-0.0002671082372777,-0.0677969404190778,0.1120174096133559
1776176152286763000,23.598762939453124,-0.0716682288944721,-0.0073661448538303,0.0689171766206622
1776176152296694000,23.60869409179688,-0.2000228061288595,0.0586298836231231,0.0113309568315744
1776176152306625000,23.618625,-0.2449187816982157,0.0844096370458602,-0.0102213150892406
1776176152316556000,23.62855615234375,-0.1776256991480477,0.0675666387945413,0.0102312519613653
1776176152326487000,23.63848706054688,-0.0777227066278457,0.0359632937848567,0.0127172966234385
1776176152336418000,23.64841796875,-0.0222872351318597,0.0694984836399555,0.0491531032908707
1776176152346349000,23.65834912109375,0.0580927080065011,0.0714414344012737,0.0302407514195889
1776176152356280000,23.66828002929688,0.1211462715570814,0.0368909300237894,0.0036325112834572
1776176152366211000,23.678211181640624,0.1272375741695053,0.0414005164027214,0.0161348499819636
1776176152376142000,23.68814208984375,0.1308154326562769,0.0297381356596946,-0.0045544484339654
1776176152386073000,23.698072998046875,0.0788403307472355,0.007426350608468,-0.0480993564542382
1776176152396003800,23.70800390625,0.017737901264429,-0.0219213244289159,-0.0547600564524531
1776176152405935000,23.71793505859375,-0.0175561149567365,-0.0289683203309774,-0.0253552444003522
1776176152415866000,23.7278662109375,-0.0320247852921485,0.003052957829833,0.0221940038904547
1776176152425796000,23.737796142578127,-0.0670762066627852,0.0114402624249458,0.0789766522116959
1776176152435727000,23.74772705078125,-0.0551578053320758,0.0329728797972202,0.0784209180250763
1776176152445657900,23.75765795898437,-0.0202589441746473,0.0142167414009571,0.0688086016796529
1776176152455589000,23.767589111328125,0.0218809741522185,-0.0224058930754661,0.0673285922549665
1776176152465520000,23.77752001953125,0.0667518244134727,-0.0681792177349328,0.0793416861318051
1776176152475451000,23.787450927734376,0.1059703297351487,-0.1191939501792192,0.0932596637818962
1776176152485382000,23.7973818359375,0.0972176806926727,-0.0959942763775587,0.0883925692021846
1776176152495313000,23.80731298828125,0.0738958235497586,-0.0190817170888185,0.0792163061864674
1776176152505244000,23.81724389648437,0.0101689273148775,0.0217915605694055,0.0440937010094523
1776176152515175000,23.8271748046875,-0.0388338990514166,0.0742126526802778,0.0170806794647127
1776176152525106000,23.83710595703125,-0.0955389338254928,0.0869914702326059,-0.0035473172180354
1776176152535037000,23.847036865234376,-0.1191658931285142,0.099917587301135,-0.0326608912386
1776176152544968000,23.85696801757813,-0.0856394893680699,0.0712426969587802,-0.008984174509719
1776176152554899000,23.86689892578125,-0.0186848449920304,0.0511409891724586,0.0214746766399592
1776176152564829000,23.87682885742188,0.0406219149793498,0.055448330977559,0.040687838088721
1776176152574760000,23.886760009765624,0.0692880557596683,0.0328302564561367,0.0111550157427787
1776176152584690700,23.896690673828125,0.0692027155637741,0.0220189395844936,-0.0189098676532506
1776176152594622000,23.9066220703125,0.061560110122431,0.0281160874158143,-0.0420201096057891
1776176152604553000,23.916552978515625,0.0651490562587976,-0.0012421090155839,-0.0585009965464472
1776176152614483700,23.926483642578123,0.0201759511994663,-0.0186012400954961,-0.065718599775061
1776176152624415000,23.9364150390625,-0.0375607921093702,-0.0645312166213989,-0.0768813604328781
1776176152634346000,23.946345947265623,-0.1054834230010397,-0.0875870980381965,-0.1022805901054292
1776176152644276700,23.95627685546875,-0.1724082384943962,-0.0674070643186569,-0.1372541422005742
1776176152654208000,23.9662080078125,-0.224335994130373,-0.0387058704912662,-0.1377423641089349
1776176152664138800,23.976138671875,-0.2200619883392937,-0.0224088156849145,-0.1056583229102194
1776176152674069800,23.98606982421875,-0.1608703609138727,0.0055815995246171,-0.0868579800460487
1776176152684001000,23.9960009765625,-0.0819669383351691,0.0635264234930276,-0.0695265406906604
1776176152693930800,24.0059306640625,0.0179582477505318,0.1002361517310142,-0.0680784607741981
1776176152703862000,24.01586206054688,0.1149882969166152,0.1043114383459091,-0.0934625659428536
1776176152713792800,24.02579272460937,0.1726794383849017,0.0996644893229007,-0.1013480584956705
1776176152723723800,24.035723876953124,0.1323866092294454,0.0858598358541727,-0.1479983851853758
1776176152733655000,24.04565502929687,0.0708726763362996,0.0810112267792224,-0.1677368126172572
1776176152743585800,24.055585693359376,0.02152383127762,0.05861702414155,-0.1562573141604661
1776176152753516800,24.06551684570313,-0.0208306065827608,-0.0207768305689096,-0.0898314428988844
1776176152763448000,24.07544799804688,-0.0420440658701118,-0.0793523536562919,-0.0481796551488339
1776176152773378800,24.08537890625,-0.0611380487854592,-0.1008195045769214,0.0047905952773988
1776176152783309800,24.095309814453124,-0.0885620805501937,-0.1281266136974096,0.0377794763613492
1776176152793240800,24.10524072265625,-0.1569073025017976,-0.1294248368144035,0.0109944914188236
1776176152803171800,24.115171875,-0.2116928039227612,-0.0763414814025163,-0.0425734326396137
1776176152813102800,24.12510278320313,-0.2071124903951771,-0.0291278948068618,-0.1130454374868422
1776176152823033900,24.135033935546875,-0.1867196724414825,0.0136252052485942,-0.0556324553728103
1776176152832963800,24.1449638671875,-0.108250549626816,0.0420469976127147,0.0084447338707745
1776176152842894800,24.154894775390623,-0.0303840323477983,0.0677946023315191,0.0379272142689675
1776176152852825900,24.164825927734373,-0.002269716763962,0.0538800587475299,0.0209101015597581
1776176152862756900,24.1747568359375,-0.0087491419111378,0.0498480267524719,-0.0043776305623352
1776176152872687900,24.18468798828125,-0.0362602491711266,0.0819043762266635,-0.0068796034459024
1776176152882619000,24.19461889648437,-0.0766793167884461,0.0791173758566379,-0.0362285936575382
1776176152892550000,24.2045498046875,-0.1381493922735564,0.086095982697606,-0.0565638910040259
1776176152902481000,24.21448095703125,-0.1913742202490568,0.1113169331938028,-0.0797671450022608
1776176152912412000,24.224411865234377,-0.1491138904129154,0.0917956556439399,-0.0624763299182057
1776176152922343000,24.234343017578126,-0.0537088121001608,0.0429600208044052,-0.0311040171854197
1776176152932274000,24.24427392578125,0.072222355645895,-0.0009001637101173,0.0267098738797008
1776176152942205000,24.25420483398437,0.1900111334686167,-0.0291881005614995,0.0996115170266479
1776176152952135700,24.2641357421875,0.178663791757822,-0.0579302109211683,0.1146484157040715
1776176152962066000,24.27406591796875,0.1380535489499569,-0.0649988341331481,0.0739669342909008
1776176152971996700,24.28399658203125,-0.0140407820458523,-0.089889529761672,0.0152954765483736
1776176152981928000,24.293927978515622,-0.169898301500082,-0.0556885694742202,-0.0407452673643827
1776176152991859000,24.30385888671875,-0.215152570721507,-0.0216284789621829,-0.0295061535347253
1776176153001789700,24.31378979492188,-0.159155976477731,0.0445990201830863,0.0053369771137833
1776176153011721000,24.323720947265624,-0.0928945750628598,0.0554594368934631,0.0397634167201817
1776176153021652000,24.33365185546875,-0.0183633396863937,0.0545031590819358,0.0497112486302852
1776176153031582700,24.34358276367188,0.0376893686587922,0.0846919611185789,0.0424485641509294
1776176153041514000,24.353513916015626,0.1078547917748801,0.0858709417700767,0.0656806789174676
1776176153051445000,24.363445068359376,0.1521679807539097,0.0791331579476594,0.0889437733441591
1776176153061375700,24.37337573242188,0.193199682110548,0.0352986923962831,0.0570967557717114
1776176153071307000,24.38330712890625,0.1794306844770908,0.0186994397729635,0.0148036744434386
1776176153081237800,24.39323779296875,0.1641273168832063,-0.0226139828681945,0.0017874679386615
1776176153091168000,24.40316796875,0.1129103398650884,-0.0716126993149518,-0.084614365837723
1776176153101099000,24.41309912109375,0.068787138766516,-0.0609212094306945,-0.1292359631787985
1776176153111029800,24.42302978515625,0.0099041571651585,-0.0179074126124382,-0.1036873881634324
1776176153120961000,24.4329609375,-0.0671726893072016,-0.013903437668085,-0.0696679219227284
1776176153130891800,24.442891845703127,-0.0844418040161021,0.0207955352693796,-0.0869110254075378
1776176153140822800,24.45282275390625,-0.0884019215524196,-0.0026268413722515,-0.0713088940627872
1776176153150754000,24.462754150390627,-0.0612128858536481,-0.0231961666703224,-0.0458597608339041
1776176153160684800,24.472684814453125,-0.0158516491264104,-0.0367611661642789,-0.0619400310844182
1776176153170615800,24.48261572265625,0.0458388002442661,-0.0741664754509925,-0.0807283912498503
1776176153180547000,24.492547119140625,0.1064776856022421,-0.0750958652555942,-0.0817062233060598
1776176153190477800,24.50247778320313,0.1186059211581945,-0.0184662155389785,-0.0649288376368582
1776176153200408800,24.51240893554688,0.1181482496517244,0.0040443069547414,-0.0521082267694175
1776176153210339800,24.52233984375,0.1073684695626609,-0.0008019640326499,0.0049053076982498
1776176153220270800,24.532270751953124,0.067031782999169,-0.0029220249265432,0.0236965174078941
1776176153230201000,24.542201171875,0.0465413864225149,0.0572708702296018,0.0729245856311172
1776176153240131800,24.5521318359375,0.0364379072929732,0.073652680709958,0.0833349204864352
1776176153250062800,24.562062744140626,0.0595119271546602,0.0558031357645988,0.0906071765117347
1776176153259993900,24.571993896484376,0.0898065276533365,0.0278203193396329,0.0769045221127569
1776176153269924900,24.5819248046875,0.1223111962837632,0.0034662148058414,0.076926368618384
1776176153279855900,24.59185595703125,0.1341769997775554,-0.0331745398491621,0.0366964303649961
1776176153289787000,24.601786865234377,0.1455780992358923,-0.028398411488533,-0.0355337432611733
1776176153299718000,24.6117177734375,0.1394195857393089,-0.0396346757739782,-0.0923190949961543
1776176153309649000,24.62164892578125,0.1272884275739081,-0.0345095878452062,-0.0936464711423963
1776176153319580000,24.63157983398437,0.1215583412230014,-0.014666238734126,-0.101744364336878
1776176153329511000,24.641510986328125,0.1112239942133426,0.0102951840430498,-0.1446551391720771
1776176153339442000,24.65144189453125,0.1443751531869173,0.0292769478887319,-0.1938284084681421
1776176153349373000,24.661373046875,0.208431153512001,0.0704874946773052,-0.2970756516486406
1776176153359304000,24.671303955078123,0.3480857079178094,0.0541033461093902,-0.3374606343332678
1776176153369234000,24.68123388671875,0.5071686008930206,-0.0522083261430263,-0.3573514027826487
1776176153379165000,24.6911650390625,0.5744868178844451,-0.1513297946304082,-0.3213556680329144
1776176153389095700,24.701095703125,0.5230442154169083,-0.2010118171662092,-0.1914107528671622
1776176153399027000,24.71102685546875,0.3866203134953975,-0.1631996806442737,-0.098870927792415
1776176153408958000,24.7209580078125,0.207287828695774,-0.1114186400026082,0.0129776280600577
1776176153418888700,24.730888671875,0.02590484110713,-0.0017781155884265,0.1039895859804004
1776176153428820000,24.740820068359376,-0.0806347946822643,0.1188829845339059,0.1530062764752656
1776176153438751000,24.7507509765625,-0.0184194537878036,0.1771615705013275,0.0831431973066181
1776176153448681700,24.760681640625,0.1616740785121917,0.1850707361906766,0.0054234132882207
1776176153458613000,24.77061303710937,0.4539712637126445,0.1184849251270294,-0.0901319602154195
1776176153468544000,24.7805439453125,0.7673673510432243,0.0123041857779026,-0.0702805008631199
1776176153478474500,24.790474609375,0.945904886072874,-0.0869207430839538,-0.0495467787835747
1776176153488404500,24.800404541015624,0.9516425529420376,-0.1204962649494409,-0.0561939617130905
1776176153498335500,24.81033544921875,0.7801064211070537,-0.156106507512927,-0.0473569405891001
1776176153508266500,24.8202666015625,0.5585422297775745,-0.1151759467095136,-0.0542708846960216
1776176153518197500,24.830197509765625,0.3489700895369053,-0.0645545974969863,0.026239626019448
1776176153528128500,24.84012841796875,0.2449380343879573,-0.0407645565867424,0.1299780137177556
1776176153538059500,24.8500595703125,0.2437491351306438,-0.0449579166233539,0.2393489274103194
1776176153547990500,24.859990478515623,0.2894435493350029,-0.0559083497047424,0.3098905634276568
1776176153557921500,24.869921630859373,0.3319289383649826,-0.048503041884303,0.3216294434729963
1776176153567852500,24.8798525390625,0.3432780153751373,-0.0112087917566299,0.3296007876783609
1776176153577783600,24.889783447265625,0.2655891927505843,0.0671644877344369,0.3091629067402333
1776176153587714600,24.89971459960937,0.2125087599481455,0.1575613824963569,0.2678450271196663
1776176153597645600,24.9096455078125,0.1339303224069531,0.2413455811202526,0.2500880558285862
1776176153607576600,24.91957666015625,0.0275707193595822,0.3259334973424673,0.2850466295503079
1776176153617507600,24.929507568359377,-0.0284194542765617,0.4202449351996183,0.3050190849337726
1776176153627437600,24.9394375,-0.0397393143253866,0.4360340404838323,0.319317367138341
1776176153637368600,24.94936865234375,-0.0412345213192049,0.4147703031808137,0.2820003937222063
1776176153647299600,24.95929956054687,-0.0283621802645269,0.3336322351515293,0.1919524585284292
1776176153657230600,24.969230712890624,-0.0596387729712994,0.2609410929501056,0.0735956167604774
1776176153667161300,24.97916137695313,-0.0411725574323209,0.1238929216504096,-0.051042716429755
1776176153677092600,24.98909252929688,-0.0003916319493786,0.0258580793559551,-0.1511156404230743
1776176153687023600,24.999023681640622,0.0802197841405868,-0.0674485653728246,-0.2118224764507263
1776176153696954400,25.008954345703124,0.1456055717647075,-0.172677118563652,-0.2423200521755963
1776176153706885600,25.0188857421875,0.1601344478547573,-0.2169043828248977,-0.2367423251084983
1776176153716816600,25.028816650390624,0.1170902558982372,-0.2133773777425289,-0.2020862414646893
1776176153726747400,25.03874731445313,0.0381745446601184,-0.182000242704153,-0.1395809777129441
1776176153736678700,25.0486787109375,-0.071586395829916,-0.0985036288499832,-0.0793838447730988
1776176153746609400,25.058609375,-0.1390121648490428,0.0103185649186372,-0.0745859429720789
1776176153756539600,25.06853955078125,-0.1682452735960483,0.0725666390389204,-0.0637538025081157
1776176153766470700,25.078470703125,-0.1303553956627845,0.0801455498605966,-0.0697470515735447
1776176153776401400,25.0884013671875,-0.074288640525937,0.0836351455420255,-0.0443745637774467
1776176153786332700,25.09833276367188,0.0048146976721938,0.0694283410131931,-0.0334589828137308
1776176153796263400,25.10826342773437,0.0829348791850265,0.0468143581449985,-0.0363113035049289
1776176153806194400,25.1181943359375,0.1155716588956769,0.0414309115409851,0.012550415623933
1776176153816125700,25.128125732421875,0.1297001466244459,0.0145616093158721,0.089344390034303
1776176153826056400,25.138056396484377,0.1157160632018931,-0.0134159464120864,0.2001031778886914
1776176153835987500,25.147987548828127,0.1037105315770022,-0.0405570513159036,0.2463295800779014
1776176153845918700,25.15791870117188,0.0783855361844412,-0.0431131655395031,0.268004017073661
1776176153855849500,25.16784936523437,0.0463449688012711,-0.0409036727964878,0.2390055938653647
1776176153865780500,25.177780517578125,-0.0197404915248043,0.0052916766673326,0.2410867109883576
1776176153875711700,25.187711669921875,-0.0876999016297515,0.0254401462048292,0.1995169754985719
1776176153885642500,25.197642578125,-0.073859583192598,0.0079769702285528,0.1077157668966799
1776176153895572700,25.20757275390625,-0.016973346632719,-0.0243552735775709,0.0384994611989706
1776176153905503500,25.21750341796875,0.0379413158595561,-0.0908604206204414,-0.0375037281598895
1776176153915434500,25.2274345703125,0.102091433342034,-0.1415063197523355,-0.1825879063989967
1776176153925365500,25.237365478515624,0.1117968073989264,-0.1576397084295749,-0.2791988533701747
1776176153935296500,25.24729663085937,0.0711099922235123,-0.1573433558315038,-0.3859745629377663
1776176153945227500,25.2572275390625,-0.0344663332253694,-0.0893289732694625,-0.3846074393030256
1776176153955158500,25.267158447265626,-0.1640092434614896,-0.0101788641870021,-0.2972987198147923
1776176153965089500,25.277089599609376,-0.2605319458936341,0.0813911660075187,-0.1943801971320062
1776176153975020500,25.2870205078125,-0.3245195388913154,0.1307423491537571,-0.113370431657508
1776176153984951600,25.29695166015625,-0.3074468235373497,0.1004436570018529,-0.063522404905036
1776176153994882600,25.306882568359377,-0.1958171528662554,0.0579343025743961,-0.0240456961717456
1776176154004813600,25.3168134765625,-0.0774959121346473,-0.0016197101563215,-0.0031152824763208
1776176154014744600,25.32674462890625,0.0362385853285901,-0.0920545988410711,-0.0127693190716207
1776176154024674600,25.336674560546875,0.0870984377384185,-0.1864864482074975,-8.06640207767e-05
1776176154034605600,25.34660546875,0.1018710594564676,-0.2404524316728115,-0.015481719835475
1776176154044536600,25.35653662109375,-0.0103588786627165,-0.2538952660918235,0.0040139118164777
1776176154054467600,25.36646752929688,-0.2262432707901112,-0.1969938136965036,-0.0341784561946988
1776176154064398600,25.376398681640627,-0.4102642239332199,-0.1340419752210378,-0.0673711162224412
1776176154074329600,25.38632958984375,-0.5369225186437369,-0.0798071116864681,-0.0928757059656083
1776176154084260400,25.39626025390625,-0.567616347593069,-0.0397410587579011,-0.1332139999642968
1776176154094191600,25.406191650390625,-0.4916530518531799,-0.008590133690834,-0.1784727261651307
1776176154104122600,25.41612255859375,-0.3958089976012706,0.0308206701993942,-0.1888270199842751
1776176154114053400,25.42605346679688,-0.2894616695135831,0.0889572173476219,-0.2221287664096802
1776176154123984600,25.435984619140623,-0.2032569657444954,0.1503729322969913,-0.2294670734085142
1776176154133915600,25.44591552734375,-0.1204149981404654,0.2349427283406257,-0.2648376619972288
1776176154143846400,25.45584643554687,-0.0440788139675743,0.3030307606607675,-0.2864293891455978
1776176154153776600,25.465776611328124,-0.0003688515787012,0.3539887944817543,-0.3130155635803938
1776176154163707400,25.475707275390626,-0.0113806594585068,0.3695703944951296,-0.3183316440366208
1776176154173638700,25.485638671875,-0.0277647897601127,0.3269803760468959,-0.3321045871928334
1776176154183569700,25.49556958007813,-0.0764840682109817,0.228923906442523,-0.2828895245816558
1776176154193500400,25.50550048828125,-0.1363665822437033,0.1339443600654602,-0.2511397568386048
1776176154203431700,25.515431640625,-0.1876046020498499,0.046074937954545,-0.142723294326663
1776176154213362400,25.525362548828124,-0.2325701357240788,-0.0667898092031478,-0.0992785587452352
1776176154223293400,25.53529345703125,-0.351917248904705,-0.123159346678853,-0.0353703693930059
1776176154233224700,25.545224609375,-0.4997480955034494,-0.1290314535826444,0.0054624301243573
1776176154243155500,25.555155517578125,-0.5909142210721969,-0.1565489905834197,-0.0368459218382835
1776176154253086500,25.56508642578125,-0.6463771650969982,-0.1763730504721403,-0.0530289948761463
1776176154263017700,25.575017822265625,-0.673802347639203,-0.1363800627797842,-0.0494423685610294
1776176154272948500,25.584948486328123,-0.6547825898706913,-0.0827823281049728,-0.0309641703233122
1776176154282878700,25.594878662109377,-0.5444395066777243,-0.033114918616414,-0.0125010235242545
1776176154292809500,25.6048095703125,-0.3859142110526561,0.0305266556888818,-0.0033001375239342
1776176154302740500,25.614740478515625,-0.222303026998043,0.1052910970330238,-0.0108949765671044
1776176154312671700,25.62467163085937,-0.1350607968747615,0.1791349164009094,-0.0573990266539156
1776176154322602500,25.6346025390625,-0.081720836353302,0.2327361582070589,-0.1227029812134802
1776176154332533500,25.644533447265623,0.0011924246549606,0.2276560784637928,-0.182746750222519
1776176154342464800,25.65446484375,0.0994166520416736,0.2189250749975442,-0.172681283282116
1776176154352395500,25.6643955078125,0.1953028284022584,0.171856449830532,-0.184325032389909
1776176154362326500,25.674326416015624,0.2355488410076126,0.1135065521925687,-0.1541447059206664
1776176154372257500,25.68425756835937,0.2058364243110641,0.0431640189439058,-0.1448252350419759
1776176154382188500,25.6941884765625,0.1177624195387586,-0.0098398414909839,-0.115950657409057
1776176154392119600,25.70411962890625,-0.041115854242444,-0.0613631079792976,-0.1501494988046586
1776176154402050600,25.714050537109376,-0.1789659895747899,-0.1137216562479734,-0.1424315448384732
1776176154411981600,25.72398168945313,-0.3163982282886281,-0.1348614749103784,-0.0757093209788203
1776176154421911600,25.73391162109375,-0.3687777828127145,-0.1428536427080631,-0.0396029654614627
1776176154431842600,25.74384252929688,-0.3589624912410974,-0.158816350993514,-0.0126005383759737
1776176154441773600,25.753773681640624,-0.3200987998396158,-0.1971487119972705,-0.0080712974485009
1776176154451704600,25.76370458984375,-0.2111287585655227,-0.2501438046038151,-0.0603687631797045
1776176154461635600,25.773635498046875,-0.0900333221465349,-0.2889607342541218,-0.0470469247918576
1776176154471566600,25.783566650390625,-0.023739808560349,-0.2911427544683218,-0.0116567547198385
1776176154481497900,25.79349780273437,-0.0036012210960499,-0.2355652441531419,-0.0267836697682738
1776176154491428600,25.8034287109375,-0.0404319636315107,-0.1489969677686691,-0.0355127004731446
1776176154501359600,25.813359619140623,-0.0380973832041025,-0.0981838953763246,-0.0058773676007986
1776176154511290600,25.82329052734375,-0.0110270419815555,-0.0175993695765733,-0.0271015035457909
1776176154521221600,25.8332216796875,0.0328121362775564,0.0445206942498683,-0.0384190163739025
1776176154531152600,25.843152587890625,0.1147386878034099,0.0658417146980762,-0.0344086847539991
1776176154541083600,25.85308374023437,0.200461745535396,0.0262567232847213,-0.0624079408571124
1776176154551013600,25.863013671875,0.1897679723625071,-0.0066921911150217,-0.1050876834154129
1776176154560944600,25.872944580078126,0.0705295802533626,-0.0428302569448947,-0.0759952983133494
1776176154570875600,25.88287573242188,-0.0821651095220819,-0.0201525611907243,-0.0720333358798176
1776176154580806700,25.892806640625,-0.2487333898166194,0.0246042799025773,-0.0717290191709995
1776176154590737700,25.902737548828124,-0.3931348099559545,0.0780102913975715,-0.0184656310170888
1776176154600668700,25.91266870117187,-0.452508205422759,0.133383219051361,-0.0009556932896375
1776176154610599700,25.922599609375,-0.420568175804615,0.1487754339724779,0.0339632790740579
1776176154620530700,25.93253076171875,-0.289655694248341,0.1169452944695949,0.0192133075792342
1776176154630461700,25.94246166992188,-0.1387409101596102,0.0780570531487464,-0.023098989906162
1776176154640392400,25.95239233398437,0.0277747631648555,0.0542126517027616,-0.0463555084615945
1776176154650323700,25.96232373046875,0.1506523337602615,0.0210071321934461,-0.0557904224134981
1776176154660254700,25.97225463867188,0.2297264549970626,0.0058060559302568,-0.0630760493770241
1776176154670185500,25.982185546875,0.2270855485668405,0.0041173721909523,-0.0629777035690844
1776176154680115700,25.99211572265625,0.1842967926761135,0.0328507147222757,-0.0529834021687507
1776176154690046500,26.00204638671875,0.0846533461412414,0.0454945077180862,-0.0664819853629916
1776176154699977700,26.011977783203125,-0.0231283621311187,0.0549333671927452,-0.0721666068706661
1776176154709908700,26.02190869140625,-0.1500999605745077,0.0697971743255853,-0.0701139121245592
1776176154719839500,26.031839599609373,-0.2570440855115652,0.1052525185883045,-0.0411328784424811
1776176154729770800,26.041770751953123,-0.3052385363707319,0.1549164209455251,0.0293004748947918
1776176154739701800,26.05170166015625,-0.3027373672047629,0.2133452290385961,0.0463372421525418
1776176154749632500,26.06163256835937,-0.2719996625810861,0.2125765827536583,0.0037393326587975
1776176154759563800,26.071563720703125,-0.1851438014268875,0.184758601501584,-0.0328512992441654
1776176154769494500,26.08149462890625,-0.0871223848695866,0.125115741443634,-0.0059524055983871
1776176154779425500,26.091425537109377,0.0617430472075939,0.0789402657240629,0.0356321621343493
1776176154789356800,26.101356689453127,0.2031476601511239,-0.0145680390566587,0.085743150671944
1776176154799287600,26.11128759765625,0.2767588032742962,-0.1030868649870157,0.0711728465929627
1776176154809217800,26.1212177734375,0.2940320461690425,-0.1680821919888258,0.0006100216571241
1776176154819148500,26.1311484375,0.2169774115284904,-0.1537275034219026,0.0007926847476512
1776176154829079600,26.14107958984375,0.0618950228989124,-0.092892218708992,0.0014938918195664
1776176154839010800,26.1510107421875,-0.0924719109376892,0.0073807579010725,0.0529473079420626
1776176154848941600,26.160941650390622,-0.1618932559545151,0.1046101290315389,0.1510744316298514
1776176154858872600,26.17087255859375,-0.1346195193806663,0.1655710859507322,0.1497271817393601
1776176154868803800,26.18080395507813,-0.1026713064560666,0.1776449701040983,0.0916284823834896
1776176154878734600,26.190734619140624,-0.0009726809570565,0.1557429348975419,0.0588868540588766
1776176154888665600,26.20066552734375,0.1504097023771144,0.1097854858428239,-0.0087347297932952
1776176154898596900,26.210596923828124,0.2437917686959728,0.0260001181751489,-0.0943630219139158
1776176154908527600,26.220527587890626,0.2521206211021169,-0.0346849444121122,-0.1469543560251593
1776176154918458600,26.230458740234376,0.1995715186974033,-0.0656733723938465,-0.153256305713579
1776176154928389600,26.2403896484375,0.1374275260061025,-0.1365197635114192,-0.1503030819311737
1776176154938320600,26.250320556640624,0.0402753117650747,-0.1250987903088331,-0.1143003329187631
1776176154948250600,26.26025073242188,-0.0560030422508716,-0.0978209072828292,-0.061988473336026
1776176154958181600,26.270181640625,-0.1263139747848734,-0.1091495260268449,0.0114709498241543
1776176154968112600,26.280112548828125,-0.1591384042884223,-0.1237082127332687,0.0541956275027245
1776176154978043600,26.290043701171875,-0.1514823365773074,-0.127562550073862,0.0967597077921032
1776176154987974700,26.299974609375,-0.0815495714396238,-0.1210363631755113,0.1445536515589803
1776176154997905700,26.30990576171875,0.0043763336543925,-0.1366401750206947,0.1197417202550917
1776176155007836700,26.31983666992188,0.0753022014826536,-0.128060562723875,0.1068283896028995
1776176155017767700,26.329767578125,0.1107645234754308,-0.1186386543840169,0.0736773767597973
1776176155027698700,26.33969873046875,0.1066331775580532,-0.0592553220450878,0.0583593961186707
1776176155037629700,26.349629638671875,0.0739502023518085,-0.0085468790709972,0.0942758550871163
1776176155047560700,26.359560791015625,0.0439297608857043,0.0483066425293684,0.121156847750023
1776176155057491500,26.369491455078126,0.0200028870543465,0.1005278281539678,0.128757166685909
1776176155067422700,26.37942260742188,-0.0084136080801486,0.0978448726803064,0.0775291568171232
1776176155077352700,26.38935278320313,-0.0213514155864715,0.1230383506476879,0.118086573459208
1776176155087283700,26.39928369140625,-0.0185234804178588,0.1472381414026022,0.16053258032687
1776176155097214700,26.40921459960937,-0.0206400524467229,0.1571153922945261,0.178678697066009
1776176155107145500,26.4191455078125,0.0156131824617274,0.1411170281738042,0.1672409188590943
1776176155117076700,26.42907666015625,0.0523398435682058,0.1105769284814596,0.1562709773596376
1776176155127007700,26.4390078125,0.0687181651835329,0.0556119971066713,0.1177644288327544
1776176155136938500,26.4489384765625,0.0753665354231372,0.0300952785342931,0.0890763867478817
1776176155146869800,26.45886987304688,0.0805097435304895,0.0050075990289449,0.0397478538248688
1776176155156800800,26.46880078125,0.0715261900752782,-0.048833296751976,0.0174506818208843
1776176155166731500,26.4787314453125,0.0762537665864452,-0.069915247747302,-0.0113047994770109
1776176155176662800,26.48866284179688,0.1190461026737466,-0.0767652597725391,-0.0417265334866941
1776176155186593500,26.49859350585937,0.1664198300008662,-0.0894032075494527,-0.0016619418628513
1776176155196524500,26.508524658203125,0.1318535252660513,-0.0705973847925662,-0.0012197510533034
1776176155206454800,26.51845483398437,0.0410714305788278,-0.0500935259461402,-0.0178031485203653
1776176155216385500,26.52838549804688,-0.0478284670909866,-0.009364040672779,-0.0660933513715863
1776176155226316800,26.53831689453125,-0.0918248817384242,0.012825579303503,-0.0901969152104109
1776176155236247600,26.54824755859375,-0.1008458080619573,0.0078097969681024,-0.0880937323860824
1776176155246178600,26.558178466796875,-0.0772433986783027,0.0414075306653976,-0.0456893727030605
1776176155256109800,26.56810986328125,0.0162660568798892,0.0236211140841245,-0.0147102970715612
1776176155266040600,26.57804052734375,0.1190998421549797,-0.0006622633010149,0.0048799540612846
1776176155275971600,26.5879716796875,0.2064718361377716,-0.0356458983987569,0.0483580073904246
1776176155285902800,26.59790283203125,0.2441127260123379,-0.0552624530166387,0.084283745643869
1776176155295833600,26.60783349609375,0.2386485788549296,-0.051692193314433,0.0896527253311127
1776176155305764600,26.6177646484375,0.1759539300109259,-0.0623386750131845,0.1345630764856934
1776176155315695900,26.62769580078125,0.0782762305910699,-0.052757192197442,0.1164715394780039
1776176155325626600,26.63762670898437,-0.0538759670943021,-0.0396960505723953,0.1336505647506564
1776176155335556900,26.647556884765624,-0.1511596987605094,0.0067617492198944,0.091422438417375
1776176155345487600,26.65748754882813,-0.2201256829589605,0.0177647892713546,0.0316621625248342
1776176155355418600,26.66741870117188,-0.2804898247624747,0.0485375286757946,-0.0198028709702193
1776176155365349600,26.677349609375,-0.227124163544178,0.0831669435083866,-0.0723799573604017
1776176155375280600,26.68728076171875,-0.1203799268270842,0.0714981330245733,-0.1080672837480902
1776176155385211600,26.69721166992188,0.006691624859441,0.0688975951373577,-0.1182872105978429
1776176155395142700,26.707142578125,0.1421335117399692,0.0896224032580852,-0.0596032586999237
1776176155405073700,26.71707373046875,0.2088128280396573,0.0787847829014062,0.0138763304654508
1776176155415004700,26.727004638671875,0.2436170331835746,0.073046531510353,0.0911622531112283
1776176155424935700,26.736935791015625,0.2719277663886547,0.0708820469528436,0.0950051922749728
1776176155434866700,26.74686669921875,0.2554460026651621,0.0239408475577831,0.0402141561623662
1776176155444797700,26.75679760742188,0.1991056912839412,0.0041834231644868,-0.0055015200257301
1776176155454728700,26.766728759765623,0.0897942709599621,0.0214198046475648,-0.0321636092409491
1776176155464658700,26.77665869140625,-0.0376835234398953,0.0491530302256345,-0.0308501885548233
1776176155474589700,26.78658959960937,-0.1062602525924332,0.0287146378308534,0.0086773005176335
1776176155484521000,26.79652099609375,-0.0979927567183971,0.0219295077353715,0.0084387425214052
1776176155494452000,26.806451904296875,-0.1066548048679716,0.0141442606866359,0.0321932737268507
1776176155504383000,26.816383056640625,-0.0766027809535153,0.0053290860682725,0.0911310542553663
1776176155514314000,26.82631396484375,-0.0243634568840265,0.0120639472812414,0.0689841043770313
1776176155524244700,26.83624462890625,0.0347919119179248,0.0298369198590517,-0.0064505643788725
1776176155534176000,26.846176025390623,0.064378071886301,0.0016425065100193,-0.0605963613905012
1776176155544107000,26.85610693359375,0.0569570002411492,-0.0005740004956722,-0.0890308671057224
1776176155554037800,26.86603784179687,0.055260133195389,-0.0064157122611999,-0.0655244654424488
1776176155563969000,26.875968994140624,0.0810620984499342,-0.0197433958679437,-0.0393843542747199
1776176155573900000,26.88590014648437,0.1200847798054106,-0.0421627329468727,-0.0044103637881577
1776176155583830800,26.89583081054688,0.142861241492629,-0.0476426256626844,0.0511662697441875
1776176155593761000,26.90576098632813,0.1337163965284824,-0.0098643914103507,0.0168839878488332
1776176155603691800,26.91569189453125,0.056259647360444,-4.73462730646e-05,-0.0472699929580092
1776176155613622800,26.92562280273437,-0.0396639018684625,-0.0137198977947235,-0.1036683181367814
1776176155623554000,26.935553955078124,-0.1591033329750411,-0.0172153386950492,-0.2143685807369649
1776176155633484800,26.94548486328125,-0.200391054919362,-0.0003735094875097,-0.2734362712554633
1776176155643415800,26.95541577148437,-0.2170493259872309,-0.0182277306079864,-0.2670847102716565
1776176155653347000,26.96534716796875,-0.1994289136226288,0.0079553429186344,-0.2316618800390511
1776176155663277800,26.97527783203125,-0.1419113751555792,0.048111412218213,-0.1853756374213844
1776176155673208800,26.985208740234373,-0.0565641649986617,0.0724462275296449,-0.1781305616639554
1776176155683139800,26.995139892578123,-0.0018944171781651,0.0870586902499198,-0.1789100216038525
1776176155693070800,27.00507080078125,0.0180038587242364,0.0673462740421295,-0.2001384683977812
1776176155703001900,27.015001953125,0.0146183262054808,0.0056727849394083,-0.2619815419137478
1776176155712932900,27.024932861328125,-0.0458288542389869,-0.0168313078135252,-0.2688528159227222
1776176155722863900,27.03486376953125,-0.1424538297355174,0.0020043255597352,-0.2395671002056449
1776176155732793900,27.0447939453125,-0.2175894424796104,0.0050654666960239,-0.1717867455951869
1776176155742724900,27.054724853515623,-0.2677437587022781,0.0168844993054866,-0.1614767293091863
1776176155752656000,27.06465576171875,-0.257792291796673,0.0421107104986906,-0.148664228682965
1776176155762587000,27.0745869140625,-0.2083282959257252,0.0557370847910642,-0.1841869390934705
1776176155772518000,27.084517822265624,-0.1373135442376136,0.0601227525293827,-0.202405317351222
1776176155782449000,27.09444897460937,-0.0674245999753475,0.0411766445189714,-0.2421648616138845
1776176155792380000,27.1043798828125,0.0069335986554622,0.0082978727459907,-0.2649064894497394
1776176155802311000,27.114310791015622,0.0577437667046673,-0.0324129078269004,-0.2832012208793312
1776176155812242000,27.124241943359376,0.0738666157215833,-0.0188894093871116,-0.2982043634176254
1776176155822173000,27.1341728515625,0.0728676495457999,0.0491916086703538,-0.353533305799216
1776176155832104000,27.14410400390625,0.0242938805128447,0.0744353555202484,-0.3385873733408749
1776176155842035000,27.15403491210937,0.0154237608368508,0.0507534511595964,-0.289710456642881
1776176155851966000,27.163966064453124,-0.0141092076395638,-0.031266660401225,-0.2647171043574809
1776176155861895700,27.173895751953125,-0.0696177261054515,-0.0559779078096151,-0.230988803083077
1776176155871827000,27.183826904296875,-0.0783528212249279,-0.0777133542776107,-0.182446963558346
1776176155881758000,27.193758056640625,-0.0867997287864796,-0.0792623372852802,-0.0924000512778759
1776176155891688700,27.203688720703123,-0.0787029498368501,-0.1287234105467796,-0.0123806120149791
1776176155901620000,27.21361987304688,-0.0655003721808083,-0.1255149698942899,0.0391655238922685
1776176155911551000,27.223551025390623,-0.0909609766517765,-0.090419106593728,0.0648212856091558
1776176155921481700,27.233481689453125,-0.1390255905861966,-0.0356809697121381,0.0978925112143158
1776176155931413000,27.2434130859375,-0.1293196411405689,0.0223076933979988,0.1915874976735562
1776176155941343700,27.25334375,-0.1296709022636525,0.1071861169993877,0.2633165168445557
1776176155951274800,27.263274658203127,-0.0671878868763335,0.1511047537028789,0.2747928004309535
1776176155961206000,27.2732060546875,0.0750239507968537,0.1025660559833049,0.17286496928595
1776176155971136800,27.28313671875,0.2022264536529779,0.0508271009176969,0.0858899387314915
1776176155981067000,27.29306689453125,0.2787882998079061,0.0166851773411035,0.0145787065811455
1776176155990997800,27.30299780273437,0.3169938195616006,-0.0106312841296195,-0.0228950648318976
1776176156000928800,27.3129287109375,0.3322802360206842,-0.0082435122102499,-0.0681567867074161
1776176156010860000,27.32286010742187,0.3212076378643512,0.0118833300173282,-0.0688669808033853
1776176156020790800,27.332790771484376,0.1874707830697298,-0.015624854633212,-0.0569989944856613
1776176156030721800,27.3427216796875,0.0971791113811079,-0.0333539880692958,0.0094647245682775
1776176156040653000,27.35265307617188,0.0918236944283358,0.0168973587870597,0.10629136011675
1776176156050583800,27.36258374023437,0.0069271506483666,0.0338560923725366,0.1117999674703925
1776176156060514800,27.372514892578124,-0.0532902944271452,0.0697077424764633,0.0820974876459687
1776176156070446000,27.38244604492188,-0.0789221455454826,0.0588899958640336,0.0357556423835456
1776176156080376800,27.392376953125,0.0084837415737565,0.0128752636641263,-0.0181968970783054
1776176156090307800,27.40230786132813,0.1045037551807705,0.0003577273964881,-0.0249349000964313
1776176156100238800,27.41223876953125,0.1787193213373422,0.0168570267766714,-0.0271481922317296
1776176156110169900,27.422169921875,0.196095988073945,-0.0157511113613843,-0.0190006877418607
1776176156120099800,27.432099853515624,0.1871416972458362,-0.0407774160683155,-0.0238648597121238
1776176156130030800,27.44203076171875,0.1515501685159746,-0.0073421794563531,-0.0515966239854693
1776176156139961900,27.4519619140625,0.0503483866231981,0.0411889194786548,-0.0708463911175727
1776176156149892900,27.461892822265625,-0.0678968845290597,0.0886813230156898,-0.0529604596845805
1776176156159824000,27.47182397460937,-0.1671054559111595,0.1495084244221448,-0.0584881370648741
1776176156169755000,27.4817548828125,-0.1874725366353988,0.1475134512126445,-0.0473620551556348
1776176156179686000,27.491685791015627,-0.1569710153877735,0.0762567257285118,-0.024075652918592
1776176156189617000,27.501616943359377,-0.0490747134255711,0.0120224462270736,-0.0035457097828388
1776176156199548000,27.5115478515625,0.0907370865017175,-0.0665980860233306,-0.0090229721501469
1776176156209479000,27.52147900390625,0.1772714606165885,-0.1154249530345201,-0.0174691673256456
1776176156219410000,27.53140991210937,0.1984562874644994,-0.0889846898764371,-0.0091105773683637
1776176156229340700,27.54134057617188,0.1703881308436393,-0.052376668447256,-0.057982452565059
1776176156239272000,27.55127197265625,0.0669417848944664,-0.0114355862498283,-0.1007510424505919
1776176156249202000,27.56120190429688,-0.0432213020890951,0.0313116685867309,-0.1630271005563437
1776176156259133000,27.5711328125,-0.1233469964717514,0.086370123463869,-0.2042599322419613
1776176156269064000,27.58106396484375,-0.1083662575615104,0.1283165833115577,-0.1943536744512617
1776176156278994700,27.59099462890625,0.0382873528182506,0.1348345869034528,-0.190063210715726
1776176156288926000,27.600926025390624,0.1711602659936063,0.1280336747169494,-0.2029471691429615
1776176156298857000,27.61085693359375,0.1909030773396603,0.0960650035262107,-0.252918456948921
1776176156308787700,27.62078759765625,0.1489543068038765,0.0207785841345787,-0.2944550938867032
1776176156318719000,27.630718994140626,0.0717056565617211,-0.0102887543022632,-0.3276063989907503
1776176156328650000,27.64064990234375,-0.0478191512733697,-0.056698038777709,-0.3180553113132715
1776176156338580700,27.65058081054688,-0.1708615935742855,-0.1086865846902132,-0.2783217782747
1776176156348512000,27.660511962890624,-0.2944055556565523,-0.1126543192774057,-0.243606438724324
1776176156358442800,27.67044287109375,-0.3843056068122387,-0.129369891756773,-0.2167852134246379
1776176156368373000,27.680373046875,-0.3935965822488069,-0.1209621288955211,-0.2065536692023277
1776176156378304000,27.690303955078125,-0.36871173183918,-0.09994564435184,-0.1465697406217455
1776176156388234800,27.70023486328125,-0.3161608758687972,-0.0426584075093269,-0.0595415185753256
1776176156398166000,27.710166015625,-0.2324438789959065,0.0411690457344055,-0.041341114365682
1776176156408096800,27.7200966796875,-0.1280319211512804,0.0787877055108547,-0.0585531651251018
1776176156418027800,27.73002783203125,0.005499748193752,0.0842290197819471,-0.0712615477897226
1776176156427959000,27.739958984375,0.1427086812794208,0.078856094571948,-0.0741635528415441
1776176156437889800,27.749889892578125,0.2846013517345301,0.051308162432909,-0.0572652442064136
1776176156447820800,27.75982080078125,0.3674871584802865,0.0288584302157163,-0.0214883398391306
1776176156457752000,27.769751953125,0.4001502416759729,0.0500806664645671,0.0419318468004465
1776176156467682800,27.779682861328126,0.3377788334369659,0.0259404969424009,-0.0068892480570822
1776176156477613800,27.78961376953125,0.1756967586457729,0.0066787471115589,-0.067024129415676
1776176156487545000,27.799545166015623,0.0194996502399444,-0.0129021516710519,-0.0865220991551876
1776176156497475000,27.80947509765625,-0.1226724582110531,-0.0148088620752096,-0.0739740946840494
1776176156507406000,27.81940600585937,-0.2224608661745674,-0.0214607211798429,-0.0280748055573552
1776176156517337000,27.829337158203124,-0.2896305780733935,0.0079845690131187,-0.0174371647521853
1776176156527268000,27.83926806640625,-0.2879974421799183,-0.0071229837477207,-0.0147505560167133
1776176156537199000,27.84919921875,-0.2367939091652631,-0.0135299281805753,-0.001248027299717
1776176156547130000,27.85913012695313,-0.1353325995534658,-0.0085100541919469,0.0138587948087602
1776176156557060900,27.869060791015624,-0.0596878499771468,-0.0082324062943458,0.0544177458208054
1776176156566992100,27.8789921875,0.0252612825065851,-0.012258593070507,0.0714761403884738
1776176156576923100,27.888923095703124,0.1064519575059413,-0.0182435126990079,0.0593120206683874
1776176156586854000,27.89885400390625,0.110042675474286,-0.0522463200658559,0.0155120419085025
1776176156596785200,27.90878515625,0.0785778621524572,-0.0511368975192308,-0.0604441665034741
1776176156606716200,27.918716064453125,0.0448509308512322,-0.0150590374439954,-0.0895716959841549
1776176156616647000,27.92864697265625,0.0167956519782543,0.0293850844383239,-0.1137391188394278
1776176156626578200,27.938578125,0.0002501753687858,0.0376081383824348,-0.1402156223546713
1776176156636508000,27.9485078125,0.0028688334345817,-0.0008610007435083,-0.087172087496519
1776176156646439200,27.958439208984377,-0.0120540104091167,-0.0249731132149696,-0.0872011674605309
1776176156656370200,27.9683701171875,-0.0109550909901969,-0.0405775095820426,-0.0874756004877388
1776176156666301000,27.978301025390625,-0.0165291099965572,-0.0919943930864334,-0.1138891217693686
1776176156676232200,27.98823217773437,-0.0312105645661242,-0.1314683253407478,-0.0772841690801084
1776176156686163000,27.99816284179688,-0.047867082068324,-0.094800098156929,-0.0384430548366159
1776176156696094000,28.008093994140623,-0.0499158312916755,-0.0678489628672599,0.0107481154423207
1776176156706025200,28.018025146484376,-0.0701046328395605,-0.024681436792016,0.026478403211385
1776176156715956000,28.0279560546875,-0.0953179845511913,0.001340893214941,0.0877828398060053
1776176156725887000,28.037886962890624,-0.0850835725183598,0.032068624433875,0.081888594135642
1776176156735818200,28.047818359375,-0.0831470514978282,0.0263145909518003,0.0316673501566052
1776176156745749000,28.0577490234375,-0.0647170945823192,0.0123392570912837,-0.0351971317179501
1776176156755680000,28.067679931640622,-0.0385258560155518,-0.0149900638610124,-0.062581105466932
1776176156765610000,28.07760986328125,0.0015203597013838,-0.0038911622196435,-0.0696734748806804
1776176156775541000,28.087541015625,0.0263829982792027,0.0064431847900152,-0.0864779677525162
1776176156785472300,28.09747216796875,-0.0094020163292996,0.0030079496443271,-0.0693864015676081
1776176156795403000,28.10740307617188,-0.0770463965351693,0.0424924032926559,-0.118352750114724
1776176156805334000,28.117333984375,-0.0818535228222608,0.0659457595944404,-0.1433594002731144
1776176156815265300,28.12726538085937,-0.0797358182822354,0.0636497576117515,-0.1201334960516542
1776176156825196000,28.137196044921875,-0.0579722782309167,0.0664297437191009,-0.0733791975308209
1776176156835127000,28.147126953125,-0.0154822130258195,0.0498924504160881,-0.0234121475085616
1776176156845058000,28.15705810546875,0.0538847349226474,-0.014705401700735,-0.0170635091342031
1776176156854989000,28.16698901367188,0.0876186804865486,-0.0577384877413511,0.0193155258446931
1776176156864920000,28.176920166015623,0.0730103094195015,-0.0316448460638523,0.0271137054402381
1776176156874851000,28.18685107421875,0.0420802970941178,0.0055114568978548,0.0460258381158113
1776176156884781000,28.19678100585937,-0.081429744452238,0.0121568862617015,0.0097214027430862
1776176156894712000,28.206712158203125,-0.2138923597936518,0.0251133984684944,-0.0423936921585351
1776176156904643000,28.21664306640625,-0.2972469165623188,0.0505026912689208,-0.0843266349375247
1776176156914574000,28.226573974609376,-0.3306295462042093,0.060905427339673,-0.1051487659528851
1776176156924505000,28.236505126953126,-0.3132949650436639,0.0662193158388137,-0.1259028732333332
1776176156934436000,28.24643603515625,-0.204783134132158,0.0453314261108636,-0.0833786865629255
1776176156944367000,28.2563671875,-0.112174426805973,0.038495442610979,-0.0166723178595304
1776176156954298000,28.266298095703124,-0.0184223946635611,0.0181909057289361,0.0415285266965627
1776176156964229000,28.27622900390625,0.032624504750967,0.0114794253915548,0.0498694348666816
1776176156974160000,28.286159912109376,0.0473585662906058,-0.0139449387222528,0.0568406621187925
1776176156984091100,28.29609106445313,0.0250280582726001,-0.0423614703893661,0.0579314530301839
1776176156994022100,28.30602221679688,-0.0411789826065301,-0.0329120895206928,0.0192385881509631
1776176157003953000,28.31595288085937,-0.1207411796212196,-0.04826631051898,0.0126306412532925
1776176157013883100,28.325883056640624,-0.1738496512080542,-0.0624070640742778,0.0125554571252316
1776176157023814000,28.33581396484375,-0.223498355996143,-0.0397094945758581,-0.0079143533211201
1776176157033745200,28.3457451171875,-0.2339554708689451,-0.0238958393722772,-0.0153435534738004
1776176157043676200,28.35567626953125,-0.1927361562520265,0.0235217453628778,-0.003373202760145
1776176157053607000,28.36560693359375,-0.1554372482155449,0.0308224237650632,0.0028807430680841
1776176157063538200,28.3755380859375,-0.1072282025754451,0.0137105454444885,-0.008138882791996
1776176157073469200,28.38546923828125,-0.0436626161158084,0.0024321955829858,-0.0482422720562666
1776176157083400000,28.39539990234375,-0.0167500592708587,0.0055061962008476,-0.0383277578938752
1776176157093331200,28.405331298828123,0.0009545242458581,0.0182815066218376,-0.0639922143738716
1776176157103262000,28.415261962890625,0.0160129771679639,0.0365606751561164,-0.0885286897372454
1776176157113193000,28.42519287109375,0.0041635494202375,0.0247732067286968,-0.0829259012941271
1776176157123124200,28.435124267578125,-0.0287795197606086,0.030190555602312,-0.1022266679611057
1776176157133055000,28.445054931640627,-0.0938560953050851,0.0339431861340999,-0.1047152699064463
1776176157142986000,28.454986083984377,-0.1144797811388969,0.0188192667603492,-0.1222569179464131
1776176157152916000,28.464916015625,-0.1379565183162689,-0.0088783029824495,-0.1108164363257586
1776176157162847000,28.474846923828125,-0.1615519134372472,-0.0043920974791049,-0.0738634739164263
1776176157172778200,28.4847783203125,-0.1600947003662586,-0.0226736041009426,-0.0825127173833549
1776176157182709000,28.494708984375,-0.1445867501109838,-0.0295522576987743,-0.0781404936484992
1776176157192640000,28.50463989257813,-0.1351823865609709,-0.0047977556705474,-0.0316924845978617
1776176157202571300,28.5145712890625,-0.1390524968594312,0.0221036952584981,0.0156066613893955
1776176157212502000,28.524501953125,-0.122924368879199,0.0116197106450796,0.0247317787397652
1776176157222433000,28.53443310546875,-0.1225280630379915,0.007564297774434,-0.0281095115445554
1776176157232364300,28.5443642578125,-0.1201116404128726,0.0314648133218288,-0.0937787192199379
1776176157242295000,28.554294921875,-0.1313999362796545,0.0764396810799837,-0.1212485446214675
1776176157252226000,28.56422607421875,-0.1231079087525606,0.1142325283795595,-0.1500873202886432
1776176157262157000,28.57415698242188,-0.1175818479406181,0.1265992579996585,-0.171614530833438
1776176157272087000,28.58408715820313,-0.0882622208207845,0.1193722293555736,-0.1517042539659887
1776176157282018300,28.594018310546875,-0.0296907985197845,0.067977557682991,-0.1520476605761796
1776176157291949000,28.603948974609377,0.0073702365070581,0.0223708217620849,-0.1347151983074843
1776176157301880000,28.613880126953124,0.0465869791299104,-0.0208621707648038,-0.1009064522080123
1776176157311811000,28.62381103515625,0.0253746797531843,-0.0458820457309484,-0.1064071685161441
1776176157321742000,28.6337421875,-0.0181657621545251,-0.0356055663883686,-0.0794875243432819
1776176157331673000,28.643673095703125,-0.0859130273461341,-0.0040729485273361,-0.0483528197586536
1776176157341604000,28.65360400390625,-0.1169119858550373,0.0501128151684999,-0.0012497078001499
1776176157351535000,28.66353515625,-0.127560796508193,0.0682803400218486,0.0254543208606541
1776176157361466000,28.673466064453127,-0.0999947441905736,0.0691401717215776,0.0332098303582519
1776176157371397000,28.68339721679688,-0.0590630234765354,0.0571335075855255,-0.0028306203160434
1776176157381328100,28.693328125,-0.033545711249113,0.0100777419000864,-0.0521092496827244
1776176157391259000,28.7032587890625,-0.0025812486648559,-0.0470119265437126,-0.0847047475349158
1776176157401189000,28.71318920898437,0.027971715075639,-0.0399029713213443,-0.0384869670435786
1776176157411120000,28.7231201171875,0.0627612889060052,-0.0563993480920791,0.0093482585817575
1776176157421051100,28.733051025390623,0.0653413639605045,-0.0662391895830631,0.0196036220710724
1776176157430982100,28.742982177734376,-0.0091764091461896,-0.0324894801944494,0.00874678555727
1776176157440913000,28.75291284179687,-0.0959872621148824,-0.0005278232663869,-0.0603228051461279
1776176157450844200,28.76284423828125,-0.1263619421124458,0.0082224694222211,-0.1312654962450266
1776176157460775200,28.77277514648437,-0.0782961226016283,0.00016775778234,-0.1363956987403333
1776176157470706000,28.78270581054688,0.0885632495939731,-0.0158761990457773,-0.1488051715236157
1776176157480637200,28.79263720703125,0.3063432462096214,-0.0388537545293569,-0.0981623411316424
1776176157490568000,28.80256787109375,0.5198550639867783,-0.0287409413158893,-0.0213538267392665
1776176157500499000,28.8124990234375,0.6579641425162553,-0.0116892687499523,0.1092106816295534
1776176157510430000,28.822429931640624,0.6494084956169128,0.0172562552273273,0.2003337717741727
1776176157520361000,28.83236083984375,0.5010299520075321,0.0406815544784069,0.212527629045397
1776176157530291000,28.842291015625,0.2171013667017221,0.067274377849698,0.1096374556742608
1776176157540222000,28.852221923828125,-0.0823299081623554,0.1015676925957202,0.046176133306697
1776176157550153000,28.862153076171875,-0.2787368618816137,0.1397124220728874,0.0109022100254893
1776176157560084000,28.872083984375,-0.3583446516036987,0.1972667854189872,-0.0406568584285676
1776176157570015000,28.882014892578123,-0.353041869020462,0.2200736605107784,-0.0248424725726246
1776176157579945700,28.89194580078125,-0.255707283949852,0.2091290726482868,0.0020506489194929
1776176157589877000,28.901876953125,-0.1135012914955616,0.2015864021837711,-0.0781045455522835
1776176157599808000,28.91180810546875,0.0470826536923646,0.1351601655960083,-0.1430039378989487
1776176157609738800,28.92173876953125,0.1944371149510145,0.0333808760762214,-0.1250637189954519
1776176157619670000,28.931669921875,0.2838683795511722,-0.0230798468142747,-0.0847175339512527
1776176157629601000,28.94160107421875,0.2936965306043624,-0.0751812054514884,-0.0571242283005267
1776176157639531800,28.95153173828125,0.3282756765544414,-0.1660398725062608,-0.0229326934285461
1776176157649463000,28.961463134765623,0.248950210905075,-0.1604185254931449,-0.040153438951075
1776176157659392800,28.971392822265624,0.159931618759036,-0.174439452061057,-0.0659220864579081
1776176157669324000,28.98132397460937,0.0842079769939184,-0.1728179883390665,-0.0893761003468185
1776176157679255000,28.991255126953124,0.0029003953333362,-0.1254828211903572,-0.0677758245658129
1776176157689185800,29.001185791015622,-0.0319143129382864,-0.1099152497023343,-0.0341183235052973
1776176157699117000,29.011116943359376,0.0079687857804528,-0.062373161804676,-0.006362374638766
1776176157709047800,29.0210478515625,0.0701221684962511,-0.0250391641885042,0.0263199977792799
1776176157718978800,29.030978759765624,0.1191243920743465,0.0103390231847763,0.0291605549674481
1776176157728910000,29.04091015625,0.1671568938374519,0.0431441451996564,0.0170627054166048
1776176157738840800,29.0508408203125,0.2469862173557281,0.0533686020940542,0.0160929836016148
1776176157748771800,29.060771728515626,0.255190566599369,0.0719669195801019,-0.0250310539472848
1776176157758703000,29.070703125,0.2248410210430622,0.0723375064581632,-0.0351142026748508
1776176157768633900,29.0806337890625,0.1491781695544719,0.0584703091472387,-0.0317821356426924
1776176157778564900,29.09056494140625,0.1042915646016597,0.0405319168746471,-0.070749433549121
1776176157788494800,29.10049487304688,0.0837245773911476,-0.0079699559658765,-0.0449415500104427
1776176157798425900,29.11042578125,0.0498293129188474,-0.0458551577240228,0.0162279350928962
1776176157808357000,29.120357177734373,0.0581505848067346,-0.0785246706604957,0.0818166979432106
1776176157818287900,29.130287841796875,0.0944493758899625,-0.0627267975479364,0.1437957458637654
1776176157828219000,29.140218994140625,0.0869663175250403,-0.0467757797002792,0.1497395297642797
1776176157838150000,29.15014990234375,0.1175087644380983,-0.029905308920145,0.134579223902896
1776176157848081000,29.16008081054688,0.1622188529133796,-0.015878537133336,0.0931491891447454
1776176157858012000,29.170011962890623,0.2171896112407557,-0.0069335986554622,0.021683935476467
1776176157867943000,29.17994287109375,0.2635947857966646,0.0099409637778997,-0.0012567951280623
1776176157877874000,29.1898740234375,0.2599099963366985,0.0297889890640974,-0.0706723497249186
1776176157887805000,29.199804931640625,0.1970399909257888,0.0413841497898101,-0.0847662684638053
1776176157897736000,29.20973583984375,0.1084884500359185,0.0828887110888958,-0.0911401874098926
1776176157907666000,29.219666015625,0.0397568591152317,0.0765244367539882,-0.0397863592043519
1776176157917597000,29.22959692382813,0.0467734598790295,0.0981657751977443,-0.0086900869339704
1776176157927528000,29.23952783203125,0.0126923265789635,0.0786386524289846,-0.0550804475132375
1776176157937459000,29.249458984375,-0.0001414360309951,0.0532540358036756,-0.113498661147058
1776176157947390000,29.259389892578124,0.0009773023332469,0.0438864879995584,-0.1349488609328866
1776176157957321000,29.26932104492188,0.0370914210319519,0.070415013962984,-0.1204849398378282
1776176157967252000,29.279251953125,0.1045884834553115,0.0629717122197151,-0.0891048821900039
1776176157977183000,29.28918286132813,0.2299520621801726,0.0072065703779458,-0.084766852985695
1776176157987114000,29.29911401367188,0.2928337945614941,-0.0564823502004146,-0.1007180900290608
1776176157997044700,29.309044677734377,0.2608966692864894,-0.068673138731718,-0.1287014179106801
1776176158006976000,29.31897607421875,0.1659562676097266,-0.0368482599258422,-0.1092627771429717
1776176158016907000,29.32890698242188,0.0744260031700134,0.0033469723403453,-0.0738250416021794
1776176158026837800,29.33883764648437,0.0254220260262489,0.0525420881420373,-0.0732050100076943
1776176158036768000,29.34876806640625,0.0845276922012679,0.0711187783181667,-0.0669154083441943
1776176158046698800,29.35869873046875,0.1769452974021434,0.0695545977413654,-0.0324352657891809
1776176158056630000,29.368630126953125,0.2113701295733451,0.0720522597759962,0.0118090226721018
1776176158066561000,29.37856103515625,0.2158183776864781,0.0937035350918769,-0.061013563889265
1776176158076491800,29.38849169921875,0.2021288202310912,0.0909364084661006,-0.0731079793740063
1776176158086423000,29.398423095703127,0.1807820990860462,0.1020201125383377,-0.0623136136371642
1776176158096354000,29.40835400390625,0.2192682258794084,0.0611076719135045,-0.0753974054854363
1776176158106284800,29.41828491210937,0.2546013502682559,0.0412491252332925,-0.0588746521644294
1776176158116216000,29.428216064453125,0.2711748839284293,0.0359200391650199,0.0206651868879795
1776176158126146800,29.438146728515623,0.2620330163726583,0.0874029736429452,0.0886409179400652
1776176158136077800,29.448077880859376,0.2596037068665027,0.1066688151270151,0.1582057448145002
1776176158146009000,29.45800903320313,0.2707388305987231,0.0638812282800674,0.1300140348792076
1776176158155939800,29.46793994140625,0.3305155644357204,0.0183358671575784,-0.0050993689656257
1776176158165869800,29.47786987304688,0.3558756311416626,-0.0826543178111314,-0.1259042614728212
1776176158175800800,29.48780078125,0.3324936230430379,-0.1238788931250572,-0.1945036773812025
1776176158185731800,29.49773193359375,0.2422983883330598,-0.0892868876934051,-0.2134798882689327
1776176158195662800,29.50766284179688,0.164372231554985,-0.0356061509102582,-0.20406886664927
1776176158205593900,29.51759375,0.1602092666566371,-0.0153512983888387,-0.1717062277048826
1776176158215524900,29.52752490234375,0.1553694619426503,0.0195545952975749,-0.1544261532105505
1776176158225455900,29.53745581054688,0.1646504457081668,0.0232201320677995,-0.0882375247709453
1776176158235387000,29.547386962890624,0.1731704550385475,0.0128968909740447,-0.0262826614435762
1776176158245318000,29.55731787109375,0.1810054229805245,0.011348492488265,0.0082343059904873
1776176158255249000,29.567248779296875,0.136895026564598,0.0170651165693998,0.0142436294078826
1776176158265180000,29.577179931640625,0.0532815083324909,0.0313648600786924,-0.0178452340964227
1776176158275111000,29.58711083984375,-0.0015898995399475,0.0073094462305307,-0.0985611311908811
1776176158285042000,29.5970419921875,-0.0634217940747737,-0.0122124158412218,-0.2287318179365247
1776176158294972000,29.606971923828127,-0.1271639609440229,-0.0152256261825561,-0.2892352403465658
1776176158304903000,29.61690283203125,-0.2010381206512451,0.0023725743502378,-0.2474804306134581
1776176158314834000,29.626833984375,-0.2435959903955459,0.0699620094984769,-0.1656835333492606
1776176158324765000,29.636764892578125,-0.2980348520696163,0.1411813255816698,-0.0694871585283428
1776176158334696000,29.646696044921875,-0.350382294422388,0.2127694749772548,0.0123054278869181
1776176158344627000,29.656626953125,-0.3735480659544468,0.2636328162521124,0.0318641148377209
1776176158354558000,29.66655786132813,-0.3778010472238063,0.2604384041249752,0.0642453854173421
1776176158364489000,29.67648901367188,-0.3327414237916469,0.2085170782297849,0.0984425463125109
1776176158374420000,29.686419921875,-0.2244131510198116,0.1039700775623321,0.0776115744035691
1776176158384351000,29.69635107421875,-0.1370832243467681,-0.0218669638931751,-0.0036329496748745
1776176158394282000,29.70628198242187,-0.0669955426420085,-0.1392512343019247,-0.069283087323606
1776176158404213000,29.716212890625,-0.0081131638288497,-0.2248404365211725,-0.1215580489620566
1776176158414143700,29.72614379882813,0.0121931448851712,-0.270823020017147,-0.0969381330989301
1776176158424074000,29.736073974609376,0.016534936949145,-0.3020253830105066,-0.0529351791128516
1776176158434004700,29.74600463867188,-0.0274035734985955,-0.2873334253132343,-0.0056610945016145
1776176158443935700,29.755935791015624,-0.1012520507752895,-0.2325444350272417,0.0313345380056649
1776176158453867000,29.765866943359377,-0.1654875175868161,-0.1432090320169925,0.0217108234833925
1776176158463797800,29.7757978515625,-0.1390636027753353,-0.0722989280134439,-0.0085896952994167
1776176158473728800,29.785728759765625,-0.0930757585823535,0.0043126025021076,-0.0470415910296142
1776176158483659500,29.795659423828123,-0.0334241489623673,0.0487578934282064,-0.0499276678599417
1776176158493590300,29.80559033203125,0.060077141555678,0.0947071591764688,-0.0871020179349929
1776176158503521500,29.815521484375,0.0912064393128268,0.0978653309464454,-0.1031078347098082
1776176158513452300,29.825452392578125,0.130485159522295,0.1176537349998951,-0.0824435976698994
1776176158523383300,29.83538330078125,0.118903442800045,0.1580915438503027,-0.0590593610815703
1776176158533314600,29.845314453125,0.0660626457060687,0.1596452030330896,-0.0632253947198391
1776176158543244300,29.855244384765623,0.0610673399031162,0.136376555648446,-0.0731624860402196
1776176158553175600,29.865175537109376,0.0589303461407311,0.1203115560322999,-0.0523553333982825
1776176158563106300,29.87510620117187,0.0350081850171089,0.0650467649281024,-0.0375838807240128
1776176158573037300,29.885037353515624,-0.0411889012123458,0.0374766209572553,-0.032233240411058
1776176158582968600,29.89496850585937,-0.1071311719417572,0.025162498307228,-0.0417361050326377
1776176158592899300,29.9048994140625,-0.141494026526343,-0.0262193138837814,-0.0335815862800926
1776176158602830300,29.914830322265622,-0.1244996371055953,-0.0433265160292387,-0.0541213932227343
1776176158612761600,29.92476171875,-0.1196867112653795,0.0008095628172159,-0.0847723328784108
1776176158622692400,29.9346923828125,-0.1001496424913406,0.0189262342661619,-0.0827948222603648
1776176158632623400,29.944623291015624,0.0047989155811723,-0.0421153866738081,-0.1044587378621101
1776176158642554400,29.95455444335937,0.0584241136516444,-0.0817722742795944,-0.1330587363373488
1776176158652485400,29.9644853515625,0.0840308577281888,-0.1211801555603742,-0.1951904906015843
1776176158662416400,29.97441650390625,0.0445557655632495,-0.1598643987417221,-0.1532549905393272
1776176158672346400,29.984346435546875,-0.0431938204271253,-0.1722024867892265,-0.0779497203167527
1776176158682277400,29.99427734375,-0.1387000210267957,-0.1813964315921068,0.0007705459810793
1776176158692208400,30.00420849609375,-0.2127963629841804,-0.1491354994565248,0.041684228714928
1776176158702139400,30.01413940429688,-0.2639420283317565,-0.059252983957529,0.0222604932554066
1776176158712070400,30.0240703125,-0.2877227168917656,0.0108715226262807,0.0287960325039923
1776176158722001400,30.03400146484375,-0.266753578621149,0.061589902472496,0.0119625327333807
1776176158731932400,30.043932373046875,-0.2261725619077682,0.1050093574821948,0.0151497114021331
1776176158741863400,30.053863525390625,-0.1301730248332023,0.0860392840743064,-0.0042822804290801
1776176158751794400,30.06379443359375,-0.0060953942656517,0.0456821392446756,-0.0133005764041095
1776176158761725400,30.07372534179688,0.0872562586486339,-0.0091746555805206,0.0326074074856936
1776176158771656400,30.083656494140627,0.1447568459808826,-0.0285492181360721,0.0601722907595336
1776176158781587500,30.09358740234375,0.1355763451814651,-0.0447726231843233,0.0525922839593142
1776176158791518500,30.1035185546875,0.035021044498682,0.0193406602859497,0.0392241222117096
1776176158801448400,30.113448486328124,-0.0939654008984565,0.0784790779531002,-0.0139326637625694
1776176158811379500,30.12337939453125,-0.1878653353452682,0.0995773955613374,-0.0541915358494967
1776176158821310200,30.133310302734376,-0.3118699006766081,0.0971796867698431,-0.0604886632323265
1776176158831241500,30.14324145507813,-0.3318985432267188,0.1324848089069128,-0.042006884798035
1776176158841172500,30.15317236328125,-0.2742833896040916,0.1461111831992864,-0.0248299784172326
1776176158851103200,30.16310327148437,-0.1714081215411424,0.1422352185487747,0.0124674135155975
1776176158861034500,30.173034423828124,-0.0340267727643251,0.1171136367738246,0.0586425969742238
1776176158870965500,30.18296557617188,0.0264595546637312,0.0457364997804164,0.0623169746380299
1776176158880896300,30.192896240234376,0.0495908371210098,0.0082628014326095,-0.0069201546519994
1776176158890827500,30.20282763671875,0.0400292280495166,-0.0102501758575439,-0.0372136591721326
1776176158900758500,30.21275854492188,-0.0217822082191705,0.0043207858085632,-0.0011703589536249
1776176158910689300,30.222689208984377,-0.0952823287159204,-0.0168733933895826,0.0293222483351826
1776176158920619500,30.23261962890625,-0.1134679737478494,-0.0250473474949598,0.0131581722587347
1776176158930550300,30.24255029296875,-0.1426946527540683,-0.0404003994494676,0.0058661886196583
1776176158940481500,30.2524814453125,-0.1331400579452514,-0.0665384647905826,0.0243557850342243
1776176158950412500,30.26241259765625,-0.1345323890864849,-0.066658876299858,0.0149701170515269
1776176158960343300,30.27234326171875,-0.1603098044216633,-0.058009121376276,-0.0224015822265297
1776176158970274600,30.282274658203125,-0.141471832960844,-0.0293359845995903,-0.0608120499677956
1776176158980205300,30.292205322265627,-0.1397603620009962,-0.0148988784462213,-0.0178714645162224
1776176158990136300,30.30213623046875,-0.1446586463034153,0.0104781393945217,-0.0428337640762329
1776176159000067600,30.312067626953127,-0.0908183441775385,0.0412654918462038,-0.007827332624793
1776176159009998300,30.321998291015625,-0.0625946956008672,0.0948527051270008,-0.0075073068901896
1776176159019929300,30.33192944335937,-0.060914779689908,0.1336532681643962,-0.0045958764228969
1776176159029860600,30.341860595703125,-0.0343605347633361,0.0965548328697681,-0.0699245270323008
1776176159039791400,30.351791259765623,-0.0415297048734966,0.052042906448245,-0.1671803477782756
1776176159049721600,30.3617216796875,-0.0121744310515467,-0.0064338324397802,-0.1977232970148325
1776176159059652400,30.37165234375,0.0127121729237493,-0.0136000708073377,-0.1140657935105264
1776176159069583400,30.381583251953124,0.0010989011526107,0.017894553130865,-0.0483938093561679
1776176159079514600,30.3915146484375,-0.0242027133643627,-0.0036643677264451,0.0353370516452938
1776176159089445400,30.4014453125,-0.0417717060689814,-0.0173626382112503,0.0586040915947407
1776176159099376400,30.41137646484375,-0.0677046042268164,-0.0100777419000864,0.0550690493363887
1776176159109307400,30.42130737304688,-0.0828127232432365,0.0054652796685695,0.0150698510989546
1776176159119238400,30.43123828125,-0.0855003457588609,0.0260866274148225,-0.0216379774428904
1776176159129169400,30.44116943359375,-0.07151449050433,0.0586520954549312,-0.0625359511509537
1776176159139100400,30.45110034179688,-0.0436456649810075,0.0428892936557531,-0.0539952826250344
1776176159149031400,30.461031494140624,-0.0053361003309488,0.0304214417487382,-0.0474804208382964
1776176159158962400,30.47096240234375,0.0369528893440961,-1.92892223596e-05,-0.030383593956381
1776176159168893400,30.4808935546875,0.075821859708894,-0.0271878666549921,-0.0340245077420026
1776176159178823400,30.490823486328125,0.080801401687134,-0.0988631098121404,-0.0696565237458795
1776176159188754400,30.50075439453125,0.0524941756133921,-0.1442313608020544,-0.0645898880060762
1776176159198685400,30.510685546875,-0.0232914437383413,-0.1186637888252735,-0.026585151521489
1776176159208616400,30.520616455078127,-0.1006482579295523,-0.0841261439293623,0.0298719181071966
1776176159218547500,30.53054736328125,-0.156487049529422,-0.0755839410334825,0.0419252709291875
1776176159228478500,30.540478515625,-0.1779360802714713,-0.0020312135666608,0.0791604112807661
1776176159238409500,30.550409423828125,-0.1674970855772495,0.0090279405862092,0.1199028291009366
1776176159248340500,30.560340576171875,-0.1325537824898958,0.0379243647247552,0.0876994723714888
1776176159258271500,30.570271484375,-0.0407756442363373,0.0565139143824577,0.0296457081358879
1776176159268202200,30.5802021484375,0.0393739881443325,0.0439355878382921,-0.0025860709704458
1776176159278133500,30.59013354492188,0.1251186731862369,0.0302402399629354,-0.0653130877140909
1776176159288064500,30.600064453125,0.17876082239151,-0.0085123922795057,-0.1104063942201435
1776176159297995300,30.609995361328124,0.172460845464468,-0.0018178630769252,-0.1055062010884285
1776176159307925500,30.61992553710937,0.1320160223513841,-0.0033627544313669,-0.0212764506541192
1776176159317856300,30.62985620117188,0.0767360154117457,-0.0123678986638784,0.075005337427929
1776176159327787500,30.63978759765625,-0.0487315899431705,0.012484218519926,0.0907097601033747
1776176159337718500,30.649718505859376,-0.1684977870523929,0.0452992774069309,0.0725179045263677
1776176159347649300,30.65964916992188,-0.2401011340171098,0.0603396101504564,0.0249036281753331
1776176159357580500,30.66958056640625,-0.2662035252566449,0.0909644655168056,0.0214305452372878
1776176159367511600,30.67951147460937,-0.2087684226423501,0.101062665683031,0.0031011078204959
1776176159377442300,30.6894423828125,-0.0890250218868255,0.0909317322909832,-0.0067606532413512
1776176159387373600,30.69937353515625,0.0418447530388832,0.0380295786648988,0.0714829354554414
1776176159397304300,30.70930419921875,0.1306096626847982,0.0107487730294466,0.1178801641669124
1776176159407235300,30.7192353515625,0.1705775159358978,-0.0240372936695814,0.1061860731113702
1776176159417166600,30.72916650390625,0.1327139414876699,-0.0255921218961477,0.0766772161629051
1776176159427097300,30.739097412109373,0.0410363592654466,0.0096527944862842,0.0433596876464784
1776176159437027300,30.74902734375,-0.0908224175644572,0.0207896900504827,0.0169379099931567
1776176159446958300,30.758958251953125,-0.1908235640963539,0.018265724530816,-0.0640359073851257
1776176159456889300,30.768889404296875,-0.2551139942318201,0.0096919574528932,-0.1101031004246324
1776176159466820400,30.7788203125,-0.2269955504621379,-0.0029378070175647,-0.100164328603819
1776176159476751400,30.78875146484375,-0.1498515570376999,-0.0136018243730068,-0.0335913039565086
1776176159486683400,30.798683349609377,-0.0661597128723747,-0.0041284781068563,0.0734168261274695
1776176159496614100,30.8086142578125,0.0063134026641957,0.0268061738610267,0.1391013775024563
1776176159506545400,30.81854541015625,0.022031196277868,0.0407370840579271,0.1420367733672261
1776176159516476400,30.82847631835937,0.0181283710198942,0.0024649288088083,0.0955668447457253
1776176159526407200,30.8384072265625,-0.0124807113885879,-0.0102490068137645,-0.0059049862600862
1776176159536338400,30.84833837890625,-0.0109118729029782,-0.0328489611566066,-0.0559507275417447
1776176159546269400,30.85826953125,-0.0645288968001492,-0.0325292276829481,-0.0352825449790805
1776176159556200200,30.8682001953125,-0.0711135176211595,-0.020045009163022,-0.0556712530132383
1776176159566130400,30.87813037109375,-0.1202373126191552,-0.0218967745095491,-0.0566558801364153
1776176159576061200,30.88806127929688,-0.1352513510107994,-0.004433014011383,-0.0454579750999808
1776176159585992400,30.897992431640624,-0.1304459874225314,0.0151350252896547,-0.0914735840827226
1776176159595923500,30.90792333984375,-0.1413461607545614,0.0213993463814258,-0.099656963603571
1776176159605854200,30.91785424804688,-0.1079565077168401,0.0429863242894411,-0.0626263328481465
1776176159615785500,30.927785400390626,-0.0512783426833804,0.0510077181816101,-0.024731340348348
1776176159625716200,30.93771630859375,0.0037637455808464,0.0493213725298643,-0.0077687343053519
1776176159635647200,30.94764721679688,0.0483867220282554,0.0224468096077442,-0.0465364910516887
1776176159645578500,30.95757861328125,0.0751169171767774,-0.0078816931605339,-0.0935099852811545
1776176159655509200,30.96750927734375,0.0777168705421034,-0.0143126029908657,-0.1174799128029495
1776176159665440300,30.977440185546875,0.0394113975452724,-0.0303209039837121,-0.1305029143746942
1776176159675371500,30.98737158203125,-0.0209293907821178,-0.0782002610117197,-0.1043728131443262
1776176159685301200,30.99730126953125,-0.1192003799200057,-0.0765443104982376,-0.0975880483750253
1776176159695232500,31.007232421875,-0.153258735132683,-0.0675239686965942,-0.0685963471684604
1776176159705163300,31.017163330078127,-0.1273211425334215,-0.0752168612867593,-0.0212935479193925
1776176159715094300,31.02709423828125,-0.1027478422909975,-0.0625561171561479,0.0295861599683761
1776176159725025500,31.037025634765627,-0.0927986952066421,-0.050595630249381,0.0706890085987746
1776176159734956300,31.046956298828125,-0.0962263224346097,-0.009265256473422,0.0614331044755876
1776176159744887300,31.05688720703125,-0.0959609768961556,0.0614122078180313,0.017730960066989
1776176159754818300,31.066818359375,-0.0795066765683237,0.0752232910275459,0.0059930298697203
1776176159764749300,31.076749267578126,-0.0261398280399385,0.0525233834415674,-0.0173787856284528
1776176159774680300,31.08668041992188,0.061672895447677,0.0723363374143838,-0.0159160195995122
1776176159784611300,31.096611328125,0.1371726744621992,0.0873234786659479,-0.0259241303294897
1776176159794542300,31.106542236328124,0.1362859547555446,0.0632008448004722,-0.0734718442503362
1776176159804473300,31.11647338867187,0.116171962876385,0.0200000009775161,-0.0986374843627214
1776176159814403300,31.1264033203125,0.0502846646040678,0.0075841715186834,-0.1087608920354396
1776176159824334300,31.136334228515626,-0.0084738138347864,-0.0167874686717987,-0.0527113802943378
1776176159834265300,31.146265380859376,-0.075945769216353,-0.0263192671269178,-0.0063157590180635
1776176159844196400,31.1561962890625,-0.1709457647264003,-0.0196282450556755,0.0011038695886731
1776176159854127400,31.16612744140625,-0.2289034481763839,-0.0360983183413744,-0.0011523849055171
1776176159864058400,31.176058349609377,-0.2240893258929252,-0.0360860433816909,0.0090688571184873
1776176159873989400,31.1859892578125,-0.1723117923825979,-0.0477595300406217,-0.0123380149822682
1776176159883920400,31.19592041015625,-0.0711970859850756,-0.0690367113471031,0.0012896744843572
1776176159893851400,31.20585131835937,0.0267453835844993,-0.0708808779090642,0.020001681477949
1776176159903782400,31.215782470703125,0.066832479301095,-0.0737923814415931,0.0024726737238466
1776176159913713200,31.225713134765623,0.0324468009633477,-0.0479676198333501,0.0141694681931287
1776176159923644400,31.23564453125,-0.0347322998183313,0.003013794863224,0.040551644488424
1776176159933575400,31.245575439453123,-0.0925637174069881,0.0338408948034048,0.0554360560178756
1776176159943505400,31.25550537109375,-0.0755202190143521,0.0766518625259399,0.0656874739844352
1776176159953436400,31.2654365234375,-0.0137672440677881,0.0607616349548101,0.0439513699293136
1776176159963367200,31.2753671875,0.0214215582132339,0.0400339042246341,-0.0274800545345991
1776176159973298400,31.28529833984375,-0.0216045135647058,0.0398994641900062,-0.0818469469510018
1776176159983229400,31.2952294921875,-0.0710410323402611,0.0609749854445457,-0.1150795736629515
1776176159993160200,31.30516015625,-0.1679693792641163,0.0731780489355325,-0.1313189799979329
1776176160003091500,31.315091552734376,-0.1749813038527965,0.0334317294806241,-0.1258670712675899
1776176160013022500,31.3250224609375,-0.1123848546862602,0.001635492247343,-0.0396849446564912
1776176160022953200,31.334953125,-0.0047153426506789,-0.0082651395201683,0.0772006555151194
1776176160032884500,31.34488452148437,0.1042184993654489,-0.0130149643957614,0.1351692256852984
1776176160042815200,31.35481518554688,0.1207914485037326,0.012385434320569,0.1746315405670553
1776176160052746200,31.364746337890622,0.0936713863879442,0.030725977653265,0.0987786463990807
1776176160062676500,31.37467651367188,-0.0185275857708184,0.0260796131521463,-0.055512774515897
1776176160072607200,31.38460717773437,-0.1594990725606679,0.0120540104091167,-0.186953773458302
1776176160082538200,31.394538330078124,-0.2078314340531825,0.0081920742839574,-0.2081602276161313
1776176160092469200,31.40446923828125,-0.1771498800635337,0.0299421337991952,-0.1089561223465949
1776176160102400300,31.41440014648437,-0.1027250459372997,0.0741612147539854,-0.0609489742204546
1776176160112331300,31.424331298828125,-0.0029325463205575,0.0710971510082483,-0.0399537516605109
1776176160122262300,31.43426220703125,0.0398819239667383,0.06398819578588,-0.067868032893911
1776176160132193300,31.444193359375,0.0796259099006652,0.0257505273282527,-0.0803390266060829
1776176160142124300,31.454124267578123,0.0667962389439344,-0.009802432090044,-0.0856545225404202
1776176160152055300,31.46405517578125,0.011036942321062,-0.0302530994445085,-0.0935956177379935
1776176160161986300,31.473986328125,-0.0958054758071899,-0.0589385111808776,-0.0665647682756185
1776176160171917300,31.483917236328125,-0.1874994246423244,-0.0373532868385314,-0.0983334599148482
1776176160181848300,31.493848388671875,-0.2497954295575618,-0.0348895270735025,-0.0864157892365008
1776176160191779300,31.503779296875,-0.2761199573814868,5.37760138511e-05,-0.0812318107273429
1776176160201709300,31.513709228515623,-0.2309691485345363,0.0183913967370986,-0.0808547941084951
1776176160211640300,31.523640380859376,-0.1381190154016018,0.0220423204600811,-0.0591781651556491
1776176160221571300,31.5335712890625,-0.0578314267218112,0.0343564431101083,-0.0443927570212632
1776176160231502300,31.54350244140625,0.0303074554136721,0.0489180524259805,-0.0380697645448148
1776176160241433300,31.55343334960937,0.103770755597949,0.0444610730171203,-0.028736338206008
1776176160251364400,31.5633642578125,0.1454191092818975,0.0277419934064149,0.0130719552800059
1776176160261295400,31.57329541015625,0.1517623408287763,0.0167342771798372,0.0583546468783169
1776176160271226400,31.583226318359376,0.1321919634401798,0.0087415248602628,0.0661840983949601
1776176160281157400,31.59315747070313,0.0484960321882041,-0.0122743751615285,0.0365229734942317
1776176160291088400,31.60308837890625,-0.0184293815267737,-0.0261082547247409,0.003173223208636
1776176160301019400,31.61301928710937,-0.1212725100189447,-0.0110644148498773,-0.0388669793371111
1776176160310950400,31.622950439453124,-0.187809805765748,-0.0178852007806301,-0.0915569515172392
1776176160320880400,31.63288037109375,-0.1925970400422811,-0.0052548517882823,-0.1139628445927053
1776176160330811100,31.64281103515625,-0.1428267547011375,-0.0290121594727039,-0.1172227962367236
1776176160340742400,31.652742431640625,-0.0541471852511167,-0.0557768322795629,-0.1386721923049539
1776176160350673200,31.662673095703123,0.0241477683067321,-0.0113145902186632,-0.1377547851990908
1776176160360604200,31.67260424804688,0.0817009626090526,-0.0110176530987024,-0.1568932009112089
1776176160370535400,31.682535400390623,0.1752548600971698,-0.0308165785461664,-0.2001090231075882
1776176160380466200,31.692466064453125,0.2369008766710758,-0.064564534369111,-0.1948630852781236
1776176160390397200,31.702397216796875,0.281533799123764,-0.0820136818200349,-0.1382598851770162
1776176160400328400,31.712328369140625,0.2606312963485717,-0.0904898337423801,-0.1109033108916133
1776176160410259200,31.72225927734375,0.2036310597538947,-0.0755839410334825,-0.0968638988189399
1776176160420190200,31.73219018554688,0.1288192721366882,-0.1154033257246017,-0.0542445812109857
1776176160430121500,31.74212158203125,0.0028162253228656,-0.0297942497611045,-0.0660169251345098
1776176160440052200,31.75205224609375,-0.0970598597824573,0.0235170691877603,-0.068508157428354
1776176160449982500,31.761982421875,-0.1879950992047786,0.0847907453179359,-0.109202571388334
1776176160459913200,31.771913330078124,-0.2158779623866081,0.1224438918858766,-0.1346247435450553
1776176160469844200,31.78184423828125,-0.1207154606580734,0.1220662907451391,-0.1537181510716676
1776176160479775500,31.791775390625,0.0213876536603434,0.0701946492105722,-0.1277115300904959
1776176160489705500,31.80170556640625,0.1436965232729911,0.0299959098130464,-0.10427709768489
1776176160499636700,31.81163671875,0.2367208439290523,0.0149485628068447,-0.0316933613806963
1776176160509567500,31.8215673828125,0.2449462359607219,0.0079775547504425,0.0045659196760505
1776176160519498500,31.83149853515625,0.2081739638805389,-0.0209872584491968,0.0219734199423342
1776176160529429800,31.8414296875,0.0988438205897808,-0.002497077512741,0.0518934149749577
1776176160539360500,31.851360595703124,-0.0280114625641377,0.0341278950512409,0.0549321250837296
1776176160549291500,31.86129150390625,-0.1462766028940677,0.060573418906331,0.0154652801573276
1776176160559222500,31.87122241210937,-0.2213175230920314,0.064103931120038,-0.0309143398322165
1776176160569152500,31.881152587890625,-0.2178209131479263,0.0854307967871427,-0.0300976166218519
1776176160579083800,31.89108374023437,-0.1436170282959938,0.0901443813055753,-0.0152250416606664
1776176160589014500,31.9010146484375,-0.0192646724402904,0.0638479105323553,-0.0494252712957561
1776176160598945500,31.910945556640623,0.0820376472175121,0.0257177941024303,-0.0938246041882783
1776176160608876500,31.92087646484375,0.100339027583599,-0.0097311204195022,-0.1120948587637394
1776176160618807600,31.9308076171875,0.0522106642305851,-0.0104997667044401,-0.1192842588111758
1776176160628738600,31.940738525390625,-0.0315992533564567,-0.0045586862176656,-0.1336304718106985
1776176160638669600,31.95066967773437,-0.1096761802494525,0.0088332947969436,-0.157890322189778
1776176160648600600,31.9606005859375,-0.1353273388564586,-0.0281961669147014,-0.1114276270266622
1776176160658531600,31.970531494140623,-0.0652501785457134,0.0003436988711357,-0.0713687344912439
1776176160668462600,31.980462646484376,0.024057754219009,0.0148614690452814,-0.0456171842496842
1776176160678393600,31.9903935546875,0.0673603025674819,0.038249358895421,-0.0438007824774831
1776176160688324400,32.000324462890624,0.0841559545457363,0.0577437484383583,-0.063265215273574
1776176160698254600,32.010254638671874,0.0509866753935813,0.047592941302061,-0.1083567682139575
1776176160708185600,32.020185546875,-0.0326373642325401,0.05386135404706,-0.1524188319761306
1776176160718116600,32.03011669921875,-0.0741080232620239,0.0334340675681829,-0.1603565661728382
1776176160728047600,32.04004760742188,-0.1006558384478092,-0.0027343933999538,-0.1241730537660419
1776176160737978400,32.04997827148438,-0.0955155529499054,0.0131640174776315,-0.0876050720863044
1776176160747909600,32.05990966796875,-0.0935749402761459,0.0190367089033126,-0.08259630401358
1776176160757840600,32.06984057617188,-0.1012017818927764,0.0110118078798055,-0.0815285286515951
1776176160767771400,32.079771484375,-0.1146796876251697,0.0015074819535017,-0.0906871098801493
1776176160777702700,32.08970263671875,-0.1591010131537914,-0.0182516960054636,-0.0536559676680713
1776176160787633700,32.09963354492187,-0.1595499259650707,-0.071461308145523,0.0074572572033852
1776176160797564400,32.109564453125,-0.2301496488451957,-0.1089466969311237,0.0447973192341625
1776176160807495700,32.11949560546875,-0.3489771037995815,-0.1018698904126882,-0.0293049318742007
1776176160817426700,32.1294267578125,-0.299659822922945,-0.1335924778878688,-0.0703078272614628
1776176160827356700,32.13935668945312,-0.2414168927907943,-0.094967855939269,-0.0615214403461664
1776176160837287700,32.14928759765625,-0.1135562274200376,0.0339034386456012,-0.0510556489765644
1776176160847218400,32.15921850585938,0.0650268911838531,0.0595054974138736,-0.0477555114526301
1776176160857149700,32.169149658203125,0.3579214942881837,0.0721750093728303,-0.1494071560047566
1776176160867080400,32.17908056640625,0.5773205800056457,0.0098158760935068,-0.1941168700207024
1776176160877011500,32.18901147460937,0.6786392662763595,0.004921674311161,-0.165147161450237
1776176160886942700,32.19894262695313,0.6622527796208858,0.0294143105328083,-0.0527614299811422
1776176160896873500,32.20887353515625,0.4511994609117508,0.0407867684185504,0.0306916369922459
1776176160906804500,32.218804443359375,0.1890086601614952,0.0625128625363111,0.0648836833208799
1776176160916735700,32.22873583984375,-0.0585831218719482,0.0193038354068994,0.0839618932783603
1776176160926666500,32.23866650390625,-0.259554607027769,-0.0163245273351669,0.0372097136493772
1776176160936597500,32.248597412109376,-0.3804255505084991,-0.0026198271095752,-0.0258142402142286
1776176160946528800,32.25852880859375,-0.3920212957561015,-0.0098994627237319,-0.0336270328570157
1776176160956458500,32.26845849609375,-0.2655938871920109,0.0182779994904994,0.0183079562373459
1776176160966389800,32.2783896484375,-0.0800631322741508,0.0301776961207389,0.0820018452517688
1776176160976320500,32.28832055664063,0.088735099029541,0.0242740250349044,0.0949480552602559
1776176160986251500,32.29825146484375,0.198375038921833,0.0294604877620935,0.1104926111988723
1776176160996182800,32.30818286132813,0.2726630949258804,0.041841245907545,0.1048902611471712
1776176161006113500,32.31811352539062,0.2430804420888423,0.0624526567816734,0.094529099195823
1776176161016044500,32.32804443359375,0.1570668769776821,0.0616717355370521,0.0571157527331262
1776176161025975600,32.3379755859375,0.0804512548089027,0.0960673416137695,0.0371986807987093
1776176161035906600,32.347906494140624,0.0107353381591383,0.065209846535325,0.0417673769537359
1776176161045837600,32.35783764648438,-0.0495452444136142,0.0544160653203725,0.0312868994716554
1776176161055768600,32.3677685546875,-0.0914729904276784,0.0657686494618654,0.0479750724874436
1776176161065699600,32.377699462890625,-0.0748924425048288,0.0419487979352474,-0.0066221215534955
1776176161075629600,32.387629638671875,-0.0525824292855802,0.0071808514147996,-0.0477340302731841
1776176161085560600,32.397560546875,-0.0432943764584604,-0.0165226802557706,-0.0648575259663164
1776176161095491600,32.40749169921875,-0.0487046928030904,-0.0206201787024736,-0.08371778232418
1776176161105422600,32.41742260742188,-0.054580325104529,-0.0154161803185939,-0.0596739127833396
1776176161115353600,32.427353515625,-0.043860193647677,0.004794833061099,-0.0737361212097108
1776176161125284600,32.43728466796875,-0.0258487270057201,-0.0059440030962228,-0.0513020980183035
1776176161135215600,32.44721557617188,-0.0181272019761148,0.0033820436537265,-0.075098203343153
1776176161145146600,32.457146728515625,0.0050175359010696,-0.005842880809307,-0.0907694544013589
1776176161155077400,32.467077392578126,0.0150385883110109,-0.0192699331372976,-0.1150954288192093
1776176161165008600,32.47700854492187,-0.0016588731229305,-0.01294306820333,-0.0937454014722257
1776176161174939600,32.486939697265626,-0.0232265526754315,0.0020417349606752,-0.0994183325421065
1776176161184870400,32.49687036132813,-0.019872584338719,0.0038005613267421,-0.080302347857505
1776176161194801700,32.5068017578125,0.0742366089446004,-0.0295101721227169,-0.0856443664725869
1776176161204731400,32.5167314453125,0.1554641179561615,-0.0466635514974594,-0.0647484395686537
1776176161214662700,32.52666259765625,0.2022258691310882,-0.0391021763324737,-0.009378945980966
1776176161224593700,32.53659375,0.1823930414140224,-0.0198439336329698,-0.0172221337620168
1776176161234524400,32.5465244140625,0.1056336268603801,0.0301356105446815,-0.0254557821653783
1776176161244455700,32.55645556640625,-0.0079611881375312,0.0593289718031883,-0.0014396043490618
1776176161254386700,32.56638671875,-0.092477217300469,0.0701414577186107,0.0301619870949536
1776176161264317400,32.5763173828125,-0.1278910605090204,0.0601402881860733,0.0379269950732588
1776176161274248700,32.586248779296874,-0.1041699840486049,0.0151256729394197,0.0572969545189291
1776176161284179500,32.596179443359375,-0.026766426372528,-0.0319780235409736,0.1022870198462158
1776176161294110500,32.6061103515625,0.0665758741915226,-0.028486089771986,0.0498090099163353
1776176161304041700,32.616041748046875,0.1201122432010713,0.0248445183992385,0.0415961120400577
1776176161313972500,32.62597241210938,0.0863455644113477,0.0165296945184469,-0.0021922493472695
1776176161323902700,32.63590283203125,-0.0218143477899488,0.0643073447376489,-0.0484253004729747
1776176161333833500,32.64583349609375,-0.1172059912323951,0.0961935983419418,-0.1081073234975338
1776176161343764500,32.655764404296875,-0.1391197260098997,0.0650783291101455,-0.1462103327248245
1776176161353695700,32.66569580078125,-0.1180477027535438,0.0296194777160882,-0.124497463414818
1776176161363626500,32.67562646484375,-0.054575639796257,-0.0100356563240289,-0.0855386410757899
1776176161373557500,32.6855576171875,0.0044856118483003,-0.0414653983324766,-0.0784637342534959
1776176161383488800,32.69548876953125,0.0256628490447998,-0.0290624283552169,-0.0889841784197837
1776176161393419500,32.70541943359375,-0.025790283949906,-0.0003670797467231,-0.1316165016397833
1776176161403350500,32.7153505859375,-0.0866588864105287,0.0600590396434068,-0.1407382579892873
1776176161413281800,32.72528173828125,-0.154237791031599,0.1143856731146574,-0.102659652550891
1776176161423212500,32.73521264648438,-0.1741828469514846,0.1603758553951978,-0.0998724329851567
1776176161433143600,32.7451435546875,-0.1178255753023084,0.1324503221154213,-0.1230172347944229
1776176161443074600,32.755074462890626,-0.0052677112698554,0.0292383694440126,-0.1518094679061323
1776176161453004500,32.76500463867188,0.067949500632286,-0.0616039309978485,-0.1823150808069855
1776176161462935600,32.774935546875,0.0935246805267874,-0.1085147352546453,-0.1763579990334808
1776176161472866600,32.784866455078124,0.061857622631127,-0.1193991173624992,-0.1211964491080492
1776176161482797600,32.79479760742188,0.0044260088818613,-0.1015133320599794,-0.0335333632241934
1776176161492728800,32.804728759765624,-0.0561292898458894,-0.0351344417452812,0.0554929738368838
1776176161502659800,32.81465991210938,-0.0742670132160186,-0.0023959552258253,0.0853401958942413
1776176161512590600,32.82459057617187,-0.0868283977585379,0.0474245989978313,0.0786683899801224
1776176161522521900,32.83452197265625,-0.0681049925880972,0.0851426274955272,0.0287763779554516
1776176161532452600,32.84445263671875,-0.0619838793592993,0.0782616358101367,-0.0189863669555634
1776176161542383600,32.85438354492187,-0.0692857268052641,0.099339495152235,-0.0580718844141811
1776176161552315000,32.86431494140625,-0.0454196980493608,0.076998484006524,-0.0928436303269118
1776176161562245600,32.87424560546875,-0.029881918911403,0.0513408956587314,-0.090833605678752
1776176161572176600,32.8841767578125,-0.0352443364271195,0.042290743240714,-0.0653952861048281
1776176161582106600,32.894106689453125,-0.0530324928743299,0.0220183550626039,-0.0412871922213584
1776176161592037600,32.90403759765625,-0.0953670752567704,0.0303483765125274,-0.0070250763311982
1776176161601968600,32.91396875,-0.1125578731656074,0.0288134220302104,0.0189937465444207
1776176161611899600,32.923899658203126,-0.1428968881947454,0.013970657685399,0.0140499334666877
1776176161621830700,32.93383056640625,-0.1286275398237165,-0.0044809448063373,0.0225189249958842
1776176161631761700,32.94376171875,-0.1017184901101048,-0.0268266321271657,-0.0055603375408798
1776176161641692700,32.95369262695313,-0.0668400780856609,-0.0217734403908252,-0.040840690562874
1776176161651623700,32.963623779296874,-0.0116658878743648,-0.0164192198812961,-0.0550432573080062
1776176161661554700,32.9735546875,0.0040086511194705,0.0465437245100736,-0.0675133011721074
1776176161671485700,32.98348559570312,-0.015998368687299,0.0447130019515752,-0.0816624572295695
1776176161681416700,32.99341674804688,-0.0080149687179597,0.0379044909805059,-0.12098046826981
1776176161691347700,33.00334765625,-0.0552267971813678,0.0255301625758409,-0.119466994966939
1776176161701277700,33.01327758789063,-0.1197685351967811,0.0065635962992906,-0.0949647141341119
1776176161711208700,33.023208740234374,-0.175465287977457,0.0072205989032983,-0.0823007551331073
1776176161721139700,33.0331396484375,-0.2139759281575679,0.0138753806173801,-0.0472731347631663
1776176161731070700,33.04307080078125,-0.2421697569847107,0.0028910452663898,-0.0039021220050752
1776176161741001700,33.053001708984375,-0.2607575530767441,0.0191635501533746,0.0107367172654718
1776176161750932700,33.0629326171875,-0.2435655952572822,0.0444552277982234,0.0013107172723859
1776176161760863700,33.07286376953125,-0.1667231785953044,0.0404676194667816,0.0394545699667185
1776176161770794800,33.08279467773438,-0.0785889680683612,0.0454670351892709,0.0397038685526698
1776176161780725800,33.09272583007812,0.0327642054826021,0.0166875154286623,0.0121340899080038
1776176161790656800,33.10265673828125,0.1150175412774086,-0.0072895724862813,0.0282860371552407
1776176161800587800,33.112587890625,0.1590694489717483,-0.0361953489750623,0.0007461421921849
1776176161810518800,33.122518798828125,0.1970487587541341,-0.0729150140851736,-0.0278654736556112
1776176161820449500,33.13244946289063,0.1319809510380029,-0.0676256755053997,-0.0230791892271488
1776176161830379800,33.1423798828125,0.0876835441499948,-0.0394897143453359,0.007206278117001
1776176161840310500,33.152310546875,0.034412552644941,-0.0399625925540924,0.0178749716475605
1776176161850241500,33.162241455078124,-0.0435790294855833,0.0068681322038173,0.0302097717594355
1776176161860172800,33.1721728515625,-0.0996796868920326,0.0522206011027097,-0.0171423465240746
1776176161870103600,33.182103515625,-0.1332815122425556,0.0417401236206293,-0.0669824822310358
1776176161880034600,33.19203466796875,-0.1091278987169265,0.0328565599411726,-0.1066113127861171
1776176161889965800,33.2019658203125,-0.0375660482398001,0.010352467188239,-0.1173870468877255
1776176161899896600,33.211896484375,0.0500455997177632,0.0295662862241268,-0.1148629352375864
1776176161909827600,33.22182763671875,0.1264788464903831,0.003573182311654,-0.080859616414085
1776176161919758800,33.2317587890625,0.1668716471552848,0.0001753565669059,-0.0609733049441128
1776176161929689600,33.24168969726563,0.157173259961605,-5.66986232995e-05,-0.030828926571086
1776176161939620600,33.25162060546875,0.065167751826113,0.0139279875874519,-0.0206573689077049
1776176161949551600,33.26155151367188,-0.0728139009314123,0.0174397951006889,-0.0700905312489718
1776176161959481600,33.271481689453125,-0.2124450653284788,-0.014077040669322,-0.0988552187666296
1776176161969412900,33.28141284179687,-0.2622568517237901,-0.0391641356527805,-0.0899743585009127
1776176161979343600,33.29134350585937,-0.2364338436812162,-0.0361164385199546,-0.1063265775606036
1776176161989274600,33.30127465820313,-0.1404190999043639,-0.0258797066658735,-0.0599648585539311
1776176161999205600,33.31120556640625,0.0060603229522705,-0.0552747279763221,-0.0206749045643955
1776176162009136600,33.32113671875,0.1049310315489768,-0.0804594381153583,0.027863647024706
1776176162019067600,33.33106762695313,0.1007838487416505,-0.0502788193851709,0.0447022613618522
1776176162028998700,33.34099853515625,0.0553238369482103,-0.0691857644289731,0.0690804043583571
1776176162038929700,33.3509296875,-0.0042512231371132,-0.0758276866614818,0.029735505311191
1776176162048860700,33.36086059570312,-0.0464841124104801,-0.064525371402502,0.0012728694800287
1776176162058791700,33.37079174804688,-0.0625450112402439,-0.04407002787292,-0.0132022305961698
1776176162068722700,33.38072265625,-0.048576682509249,-0.0448597169458866,-0.032304625146836
1776176162078653700,33.39065380859375,-0.0431307011961936,-0.0230605575919151,-0.0329555633362382
1776176162088583700,33.400583740234374,-0.054448798546195,0.0229652805238962,-0.0538255520813167
1776176162098514700,33.4105146484375,-0.0473866005084244,0.0618178660094737,-0.0690248017136007
1776176162108445700,33.42044580078125,-0.0003308348229853,0.0646288317769765,-0.0160310973465442
1776176162118376700,33.430376708984376,0.0289630596339702,0.0767179134994745,-0.0346577641442418
1776176162128307500,33.44030737304688,0.0759597840419737,0.0489846879214048,-0.0974298621386289
1776176162138238700,33.45023876953125,0.1175894375920295,0.0212380183398723,-0.1341357179190963
1776176162148169700,33.46016967773438,0.1249906537592411,-0.0053209027618169,-0.1195639525353908
1776176162158100500,33.4701005859375,0.0855646522998809,-0.0107785836458206,-0.080862392893061
1776176162168031700,33.48003173828125,0.0395966818511486,-0.0029138416200876,-0.0955484323062002
1776176162177962800,33.48996264648437,-0.0316810864210128,0.0160527246564626,-0.0508359418112784
1776176162187893500,33.4998935546875,-0.0615448988535674,-0.0176356099337339,-0.0333302418675273
1776176162197824800,33.50982470703125,-0.050322078571585,-0.0181143333613872,-0.0179029556330293
1776176162207754500,33.51975439453125,-0.0404278719782829,-0.0145277070462703,-0.0191137927275151
1776176162217685800,33.52968579101562,-0.0100865097284317,0.0085351886332035,0.0225718242269009
1776176162227616800,33.53961669921875,0.033847909066081,0.0158978263556957,0.0371685048561543
1776176162237547500,33.54954760742187,0.0100742370520369,-0.0219236625164747,0.0304437997110188
1776176162247478800,33.559478759765625,0.0122767132490873,-0.0177016609072685,0.0087050653073936
1776176162257409500,33.56940942382813,-0.0125794967295893,-0.0112654903799295,-0.0533004322286695
1776176162267340500,33.57934057617187,-0.0012403554499149,0.0121837742686271,-0.0924589418582618
1776176162277271800,33.58927172851563,0.0232347451150417,0.0489203905135393,-0.1093174299396574
1776176162287202600,33.59920263671875,0.0833773713886737,0.0386591087400913,-0.0899151025943458
1776176162297133600,33.609133544921875,0.0935024595618247,0.0146282448112964,-0.0630495997615158
1776176162307064800,33.61906494140625,0.0664285746753215,-0.0043032501518726,-0.0462209953617304
1776176162316995600,33.62899560546875,0.013530512702465,-0.0069184010863304,-0.0394919063024222
1776176162326926600,33.63892651367188,-0.0636474195241928,-0.0147848966777324,-0.0743346716247499
1776176162336856600,33.648856689453126,-0.1307563776791095,-0.0056073184877634,-0.0979454835105687
1776176162346787600,33.65878759765625,-0.1415372994124889,0.0300333192139863,-0.1392518918890506
1776176162356718800,33.66871875,-0.1302864220798015,0.0430734180510044,-0.1438968681506812
1776176162366649600,33.67864965820313,-0.1119242514371871,0.0559434210181236,-0.1276076313246041
1776176162376580600,33.68858056640625,-0.0201999074637889,0.0367564899891614,-0.1453495511770248
1776176162386512000,33.69851196289063,0.0647077422320842,0.014998247167468,-0.1349441116925329
1776176162396442600,33.70844262695312,0.1340998428881168,0.018959552013874,-0.1336041683256626
1776176162406373600,33.71837353515625,0.1625765803098678,0.0022895722419023,-0.0783987792585045
1776176162416304600,33.7283046875,0.1802057605028152,-0.0250964473336935,-0.0115285982955247
1776176162426235600,33.738235595703124,0.1207376724898815,0.0059627077966928,0.0408752504196017
1776176162436166700,33.74816674804688,0.0813385590374469,0.0338239436686039,0.103413101266697
1776176162446097700,33.75809765625,0.0683960753560066,-0.0121732528746128,0.1112904835782945
1776176162456028700,33.768028564453125,0.0845475842118263,0.0152010762631893,0.0756899586912244
1776176162465958700,33.777958740234375,0.1624620140194893,-0.0092021281093358,0.0365589946556836
1776176162475889700,33.7878896484375,0.1780500437736511,-0.0153495448231697,-0.037618952037394
1776176162485820700,33.79782055664062,0.1393394971072673,0.0117056353628635,-0.1084074754878878
1776176162495752000,33.807751953125,0.0426736050784587,0.0223942026376724,-0.1677904425006359
1776176162505683000,33.81768286132812,-0.0269067116260528,0.0090770404249429,-0.2204742772009223
1776176162515613700,33.82761376953125,-0.0959270472270902,-0.008081015124917,-0.2212057332806289
1776176162525545000,33.837544921875,-0.095837039989233,-0.0398369203478097,-0.2230767147842794
1776176162535476000,33.84747607421875,-0.0670727086646016,-0.0250496855825185,-0.1507389160651713
1776176162545406700,33.85740673828125,0.0256067440765444,0.0028325930774211,-0.0524142970439046
1776176162555338000,33.867337890625,0.1049883238273207,0.0303401932060718,-0.0150937434311956
1776176162565269000,33.87726904296875,0.1569546487748623,0.0465326185941696,-0.0333784649234265
1776176162575199700,33.88719970703125,0.1700116987466812,0.0009229600638151,-0.0938528073694556
1776176162585130000,33.8971298828125,0.1198971300125122,-0.0231494049191474,-0.1502885419491678
1776176162595060700,33.907060791015624,0.0402899248123168,-0.0112228202819824,-0.175069858919084
1776176162604992000,33.91699194335938,-0.0058159928023815,0.009009820407629,-0.1769839489120989
1776176162614923000,33.926923095703124,-0.0258101576941553,0.0221662391006946,-0.1904029640641063
1776176162624853800,33.936853759765626,-0.0368845002830028,0.0323199688464403,-0.1197732844371348
1776176162634785000,33.94678491210937,-0.0391185338122304,0.0652045858383178,-0.0647653176382184
1776176162644715800,33.9567158203125,0.0121381906943861,0.0737234078586101,-0.0118560766842216
1776176162654646800,33.96664672851563,0.0985749405205249,0.054018005913496,0.0543264142755419
1776176162664578000,33.976578125,0.1672200222015381,0.0539917024284601,0.0989251421976834
1776176162674508800,33.9865087890625,0.1888894176959991,-0.0020867431461811,0.1135286178939044
1776176162684439800,33.99643969726562,0.1557306599378585,-0.0398988796681165,0.1048549706380814
1776176162694371000,34.00637109375,0.0929705720416735,-0.0229331318199634,0.0265873434785753
1776176162704301800,34.0163017578125,0.0437561304850038,-0.0211246210932731,-0.0273375042587518
1776176162714232000,34.02623217773437,0.0152291333138942,-0.0323836817324161,-0.0768131175022572
1776176162724162800,34.03616284179687,-0.0582406103109009,-0.0212473706901073,-0.1372154176253825
1776176162734093800,34.04609375,-0.076982711048657,0.0215887314736843,-0.0800108175650239
1776176162744025000,34.05602514648437,-0.0590121609389781,0.0451022935301065,-0.0195160168528556
1776176162753955800,34.065955810546875,-0.0135597387969493,0.0538303743869066,0.0161231595441699
1776176162763886800,34.07588696289063,0.0249649390416685,0.0644137277215719,0.0546008473027497
1776176162773818000,34.085818115234375,0.0707996293663978,0.108722240525484,0.0694984836399555
1776176162783748900,34.09574877929688,0.1170201132714748,0.1167097321480512,0.0199193369567394
1776176162793680000,34.10567993164062,0.1690425614535808,0.0734065969944,-0.029232962616533
1776176162803611000,34.11561083984375,0.1749824728965759,0.0076513915359973,-0.0406420261856168
1776176162813542000,34.1255419921875,0.1365934224026743,-0.0138379712164402,-0.0487866811312735
1776176162823473000,34.135472900390624,0.0815279532628599,-0.0498953730255365,-0.0711009504005312
1776176162833404000,34.14540380859375,0.0696001813156064,-0.0469809468835592,-0.0974646411910653
1776176162843334000,34.155333984375,0.0254699476880487,-0.0336281288355588,-0.098164971480146
1776176162853265000,34.16526489257812,0.0059457475287374,-0.0208715231150388,-0.0340013460621237
1776176162863196000,34.17519580078125,-0.0111281368690077,-0.0113677817106246,0.015052315442264
1776176162873127000,34.185126953125,-0.0131084970312658,0.0158218385100364,0.0478553185652941
1776176162883058000,34.195057861328124,-0.0037444563584867,0.0026262568503618,0.0198015557959675
1776176162892989000,34.20498901367188,0.0454068294346332,0.0085889646470546,0.0203590435482561
1776176162902920000,34.214919921875,0.0611854133248329,0.0256517431288957,0.0093297730769962
1776176162912851000,34.224850830078125,0.0793827487945556,0.0422884051531553,0.0117838882308453
1776176162922782000,34.23478198242187,0.1224129213588777,0.0667272653609514,0.0040901188578456
1776176162932712700,34.24471264648437,0.1335854636251926,0.0748673171967267,-0.0461894311796873
1776176162942644000,34.25464404296875,0.1464437761545181,0.0597960047930479,-0.0809930335354059
1776176162952575000,34.26457495117187,0.1219534780204296,0.0288134220302104,-0.102148122832179
1776176162962505700,34.274505615234375,0.0776864662706851,-0.0197270292550325,-0.1670854360364377
1776176162972436000,34.28443603515625,0.0504980059606488,-0.0232867675632238,-0.1714282875463366
1776176162982366700,34.29436669921875,-0.0109691377818584,-0.0247726222068071,-0.145399527798593
1776176162992298000,34.304298095703125,-0.059621223614877,0.0116173725575208,-0.0764892193101346
1776176163002229000,34.31422900390625,-0.1099275246620178,0.0365197586238384,-0.0279337896514683
1776176163012159700,34.32415966796875,-0.1236672962009906,0.0574205078333616,-0.0100486619360744
1776176163022091000,34.334091064453126,-0.1023287400960922,0.0460112250685691,0.0062208472762256
1776176163032022000,34.34402197265625,-0.0752513480782508,0.0249012170225381,0.0229345200594514
1776176163041952800,34.353952880859374,-0.0311059168815612,-6.37128859758e-05,0.0331576617795974
1776176163051884000,34.36388403320313,-1.87092670472e-05,-0.0184288061380386,0.0193041276678442
1776176163061814800,34.37381469726562,0.0405237335681915,-0.0203647426366806,-0.0321324834503233
1776176163071745800,34.383745849609376,0.0550479289165465,-0.0152870009809732,-0.0489468401290476
1776176163081677000,34.39367700195312,0.0702139384329319,-0.026384149056673,-0.0175896519001573
1776176163091606800,34.40360668945313,0.0449859736740589,-0.0159288060158491,0.001415419755876
1776176163101538000,34.4135380859375,0.0092062197625637,0.0216360777467489,0.0473399894542992
1776176163111468800,34.42346875,-0.0384720617353916,0.0458668481618166,0.0497215508285909
1776176163121399800,34.43339990234375,-0.068419456231594,0.0263970085382461,-0.0362139806102961
1776176163131331000,34.4433310546875,-0.0898351692259311,0.0397018957912921,-0.0795997525461018
1776176163141261800,34.45326171875,-0.0915150851368904,0.0692962390661239,-0.1184048456281423
1776176163151192800,34.46319287109375,-0.0339513694405555,0.0632943683028221,-0.0727785282239317
1776176163161124000,34.4731240234375,0.0165033887501223,0.0216816704541444,-0.0486800789516419
1776176163171054800,34.48305493164062,0.0716647308962885,-0.015898995399475,-0.0490500082425773
1776176163180985900,34.49298583984375,0.1016062710404396,-0.0358452203631401,-0.0740916566491127
1776176163190917000,34.50291723632812,0.1155284134089946,-0.067910337665677,-0.0539336886309087
1776176163200848000,34.512847900390625,0.115137952786684,-0.0253062906920909,-0.015569398118928
1776176163210779000,34.52277880859375,0.0910217486619949,0.0343453371942043,-0.0214597713317722
1776176163220708900,34.532708984375,-0.0361304716118844,0.0583943213015794,-0.0116447720210999
1776176163230639900,34.54263989257812,-0.1455062030434608,0.0851695155024528,-0.0261146844655275
1776176163240571000,34.55257080078125,-0.2019616652369499,0.0988128409296274,-0.0231032276898622
1776176163250502000,34.562501953125,-0.2136696386873721,0.0817781194984912,-0.0437131041940301
1776176163260433000,34.572432861328124,-0.1546282516539096,0.0330330855518579,-0.0764334705349057
1776176163270364000,34.58236401367188,-0.0389876100420951,-0.0088075758337974,-0.0510302953395992
1776176163280295000,34.592294921875,0.0789011027574539,-0.0783393772214651,-0.0506157962545752
1776176163290226000,34.602225830078126,0.134987147116661,-0.1620961033165454,-0.0461581592585891
1776176163300157000,34.61215698242187,0.0866471868395805,-0.1840893239378929,-0.0765713446356356
1776176163310088000,34.622087890625,0.0048760816037654,-0.1594154859304428,-0.1113808652754873
1776176163320019000,34.63201904296875,-0.1144061313807964,-0.0852092629909515,-0.0863036340989172
1776176163329950000,34.641949951171874,-0.1934919430553913,-0.0021978023052215,-0.0560385519556701
1776176163339880000,34.6518798828125,-0.2322784775674343,0.0354845703572034,-0.0477958434630185
1776176163349811000,34.66181103515625,-0.2237713459849357,0.1087964748054742,-0.0487939876548945
1776176163359742000,34.67174194335937,-0.1843149493873119,0.1569751070410013,-0.0407256858810782
1776176163369673000,34.6816728515625,-0.1313724637508392,0.1573965473234653,-0.0149564538523554
1776176163379604000,34.69160400390625,-0.0535515574455261,0.1251584115415811,-0.0250871680486947
1776176163389535000,34.70153491210937,0.004112700582412,0.090517890793085,-0.0085283205009996
1776176163399465700,34.7114658203125,0.029181670820713,0.0379307944655418,0.0565738278761506
1776176163409397000,34.72139697265625,0.0321206491653458,-0.0064291562646627,0.1050202442023903
1776176163419328000,34.731327880859375,-0.0184720607578754,-0.0160474639594554,0.116915191592276
1776176163429258800,34.7412587890625,-0.11050152515769,-0.0313467399001121,0.1076410942252725
1776176163439190000,34.75118994140625,-0.177451493358612,-0.0553255813807249,0.0771347506720572
1776176163449121000,34.76112109375,-0.2429062545657157,-0.1282628072977066,0.0149435943707823
1776176163459051800,34.7710517578125,-0.2870738975942135,-0.1551543213546276,-0.0698295422252267
1776176163468982000,34.78098193359375,-0.2906885809600353,-0.1491600493758916,-0.1320569388836622
1776176163478912800,34.790912841796874,-0.3008265286147594,-0.1131657759308815,-0.1679994090761989
1776176163488843800,34.80084375,-0.3244108178198337,-0.0765051475316286,-0.1694656822364777
1776176163498774800,34.81077490234375,-0.3389408629536628,-0.0057639703541994,-0.1979336518298834
1776176163508705800,34.82070581054688,-0.3092565033078193,0.0754167677730321,-0.194276152235642
1776176163518636800,34.83063671875,-0.2573603118538856,0.1061544358640909,-0.1705608570620417
1776176163528567800,34.84056787109375,-0.1838800651013851,0.1454419056355953,-0.1446863380279392
1776176163538498800,34.85049877929688,-0.1276233403503894,0.1199380465447902,-0.0882597366027534
1776176163548429800,34.860429931640624,-0.0886240398705005,0.1139011044681072,-0.065667307979241
1776176163558360800,34.87036083984375,-0.0544984829068183,0.0825689776152372,-0.0904172068975865
1776176163568291600,34.88029150390625,-0.0690004709899425,0.0579524227529764,-0.1038177365448325
1776176163578222800,34.890222900390626,-0.1345347271740436,0.040823008775711,-0.1065274338949471
1776176163588152800,34.90015283203125,-0.2095452522337436,0.0301297653257846,-0.0981069576825946
1776176163598083800,34.91008374023438,-0.2885866402447223,0.0067354457348585,-0.1019023313775658
1776176163608014800,34.92001489257812,-0.3519371226489544,-0.0067582420885562,-0.1206724982991814
1776176163617945600,34.929945556640625,-0.4032522993445396,-0.0534574494212865,-0.1171240851026028
1776176163627876900,34.939876953125,-0.3853682676076889,-0.0530634816676378,-0.1558377005089074
1776176163637807900,34.949807861328125,-0.338054727768898,-0.0829401490151882,-0.2088505479678511
1776176163647738600,34.95973852539063,-0.2642716986775398,-0.1000420904636383,-0.1213479864079505
1776176163657670000,34.969669921875,-0.1842155806660652,-0.0534977814316749,-0.0423085711583495
1776176163667601000,34.97960083007813,-0.1061024134159088,0.0016395839005708,-0.0004524930078536
1776176163677531600,34.98953173828125,-0.0655482892760308,0.0237549695968627,-0.0164561908908188
1776176163687463000,34.999462890625,-0.0514355927714379,0.0331786315023899,-0.0275130800213664
1776176163697394000,35.00939379882813,-0.0251858837493928,0.0536935962647199,-0.056914677203074
1776176163707324700,35.01932470703125,0.008502455407381,0.0910989055514335,-0.1018758817620575
1776176163717255000,35.0292548828125,0.0068950293438974,0.090790277993679,-0.0862487621065229
1776176163727185700,35.039185546875,0.0228618201494216,0.0833066442400217,-0.0429735378731042
1776176163737117000,35.04911694335937,0.0691594609439373,0.0595236175924539,0.0225755505539476
1776176163747047700,35.059047607421874,0.1214659776312764,0.0212491242557764,0.0463000519473105
1776176163756978700,35.06897875976563,0.1493920954329427,-0.0243155260890722,0.037090763444826
1776176163766910000,35.078909912109374,0.0653109596890863,-0.0129927525639534,0.0236966635383665
1776176163776840700,35.0888408203125,-0.0157388364017009,0.0152998604625463,-0.0071251026395708
1776176163786771700,35.09877172851562,-0.0645756311518605,0.0333463892847299,0.0248701642971485
1776176163796703000,35.108702880859376,-0.0183107327163219,0.028976503637433,-0.0001250876843929
1776176163806633700,35.1186337890625,0.0662836315129883,-0.0342167423784732,-0.033734584884718
1776176163816564700,35.128564697265624,0.1252782385289668,-0.1038257006555795,-0.077691946163401
1776176163826496000,35.13849609375,0.1453822844028472,-0.1502238792151212,-0.0595318739641457
1776176163836426800,35.1484267578125,0.1109796549302991,-0.1262678340882062,-0.0319170140687376
1776176163846357000,35.15835693359375,0.0966179612338542,-0.1038315458744764,-0.0773125183917581
1776176163856287700,35.168287841796875,0.0279857390344142,-0.1070113449543714,-0.1049236519601196
1776176163866218800,35.17821875,0.0197369661271572,-0.0566845947742462,-0.1311719727426767
1776176163876150000,35.18814990234375,0.0392120847140438,-0.0364572147816419,-0.1748437950782477
1776176163886080800,35.19808081054688,0.0503857868909835,-0.0062169748187065,-0.166305391574651
1776176163896011800,35.20801171875,0.1200643215392716,0.0109895960479974,-0.1259373600248247
1776176163905942800,35.21794287109375,0.199606060287822,0.0415010541677474,-0.1089738771989941
1776176163915873800,35.22787377929688,0.2193207963168621,0.0431371309369802,-0.0639709523901343
1776176163925804800,35.2378046875,0.2391898826573975,0.0558902295261621,-0.0762760880161076
1776176163935735800,35.24773583984375,0.2788672285293229,0.0539952095597982,-0.0691235128477215
1776176163945666800,35.25766674804687,0.2668283974230289,0.0691477705061435,-0.0480731990996748
1776176163955597800,35.267597900390626,0.2273311025594361,0.0682481913179159,-0.0569824817422777
1776176163965527800,35.27752783203125,0.1751110677123069,0.0547241083562374,-0.0447869439706206
1776176163975458800,35.28745874023438,0.1259820394167676,0.0116647188305854,-0.0069439739190042
1776176163985389800,35.297389892578124,0.0401637046167627,0.0555395163923501,0.0635443244758993
1776176163995320800,35.30732080078125,-0.0081119582524523,0.0771177264720201,0.1180362315114587
1776176164005251800,35.317251953125,-0.0774807145655155,0.1242985798418521,0.1413975986808538
1776176164015182800,35.327182861328126,-0.1229063034995459,0.179396782207489,0.1274645695921033
1776176164025113900,35.33711376953125,-0.0961609016487374,0.1713251194328069,0.0775644473262131
1776176164035044600,35.347044677734374,0.0429903976763598,0.0891483560055494,0.0348695802640169
1776176164044975900,35.35697583007813,0.2479553546488284,0.0012906243324279,0.0204303552187979
1776176164054907000,35.366906982421874,0.3833201394388452,-0.0853489637225866,0.0532443181272596
1776176164064837600,35.376837646484375,0.4162228400766849,-0.0988029040575027,0.0706656277231872
1776176164074769000,35.38676879882812,0.3337526101281866,-0.0904424874693155,0.0835117383580654
1776176164084700000,35.396699951171875,0.1534299817800521,-0.0842395411759614,0.0797601307395845
1776176164094630000,35.4066298828125,-0.0093488796362653,-0.0555137974292039,0.0937727278705686
1776176164104561000,35.41656079101563,-0.1056336633929982,-0.00634089345932,0.0829127495516091
1776176164114491600,35.42649169921875,-0.1503670870780944,0.013754384586215,0.0953228068567812
1776176164124423000,35.4364228515625,-0.1059936923444271,0.0224368727356195,0.1108469045292586
1776176164134354000,35.44635400390625,-0.0330359716286882,0.0399514866381883,0.0957300724834203
1776176164144284700,35.45628466796875,0.0609796616196632,0.0558621724754571,0.0836570651128888
1776176164154216000,35.4662158203125,0.1932640160510316,0.0683978289216756,0.0526583349328488
1776176164164146700,35.47614672851562,0.2721031229555606,0.0844663356691598,0.0286567701637744
1776176164174077700,35.48607763671875,0.293159902977012,0.110960374841094,0.0249255477461963
1776176164184009000,35.49600903320312,0.2423790158212184,0.1096767647713422,0.022102599279955
1776176164193939700,35.505939697265624,0.1495592778265476,0.0778922179758548,-0.0309570829953998
1776176164203870700,35.51587060546875,0.0699170013129711,0.0397042338788509,-0.0291552942704409
1776176164213802000,35.525802001953124,-0.0108183676669374,0.0141261405080556,0.0102764062773436
1776176164223731700,35.53573168945312,-0.0830851104438304,0.0102735567331314,0.0151024381943047
1776176164233662700,35.54566284179688,-0.1769733179202303,0.021667641928792,-0.0019650164626538
1776176164243593700,35.55559375,-0.2407365093111991,0.0270411516606807,-0.0665831807151436
1776176164253524700,35.565524658203124,-0.265187059956789,0.0166682262063026,-0.1177056843828409
1776176164263455700,35.57545581054688,-0.2311865541448816,-0.014077040669322,-0.1156440756779164
1776176164273386800,35.58538671875,-0.1146188608160242,-0.0129103349775075,-0.091491046674177
1776176164283317800,35.59531787109375,-0.0082627648999914,-0.0149520699381828,-0.0667630673266947
1776176164293248800,35.60524877929687,0.1178781914055347,-0.0155640643566846,-0.0690722210519015
1776176164303179800,35.6151796875,0.2228699766984209,0.0052975218862295,-0.0759461984746158
1776176164313110800,35.62511083984375,0.2988321033945307,-0.0040332010388374,-0.1167724221207201
1776176164323041800,35.63504174804687,0.3119020493805408,-0.0022667758882045,-0.193524091759324
1776176164332972800,35.64497290039063,0.2536976976931095,-0.0137806880712509,-0.2088451411403715
1776176164342903800,35.65490380859375,0.1004944921399466,0.0218389068424701,-0.2364366201601922
1776176164352833800,35.66483374023438,-0.0431201798021793,0.0411333898991346,-0.2319550908319652
1776176164362764800,35.674764892578125,-0.092472531992197,0.0423158776819705,-0.2044430337239056
1776176164372695800,35.68469580078125,-0.0688426683460362,0.032829671934247,-0.1778181347139179
1776176164382626800,35.69462670898437,0.0151016710093244,0.010615502038598,-0.1608730643276125
1776176164392557800,35.70455786132813,0.07140756866429,-0.0024883096843957,-0.1524495193753391
1776176164402488800,35.71448876953125,0.0728384417176246,-0.0111018242508172,-0.1684757944162934
1776176164412419800,35.724419921875,0.0344482495794072,-0.0337871187895536,-0.1864978463843464
1776176164422350800,35.73435083007813,-0.001021707730554,-0.0135667530596256,-0.149989851263538
1776176164432281900,35.74428173828125,-0.0126022919416427,-0.0303144742429256,-0.1137277206625789
1776176164442212900,35.754212890625,-0.0149883102953433,-0.0647580111145973,-0.050229646481201
1776176164452143600,35.7641435546875,0.0152840783715248,-0.0878653304576873,0.0053946986503899
1776176164462075000,35.77407495117188,0.0401379856536164,-0.0990180081129074,0.0632720103405416
1776176164472006000,35.784005859375,0.0862286691665649,-0.0435790294855833,0.0887528538819402
1776176164481935600,35.793935546875,0.1284849621484056,-0.0007002572238445,0.1022300289619713
1776176164491866400,35.80386645507812,0.1272609733114019,0.0301660056829452,0.0740197604566812
1776176164501797400,35.81379736328125,0.0495417372822761,0.0395984354168176,0.0535507537279278
1776176164511728600,35.82372875976562,-0.0043254619836807,0.0425707292258739,0.0296308028277009
1776176164521659400,35.833659423828124,-0.040851065826416,0.0510790298521518,0.0206654060836881
1776176164531590400,35.84359033203125,-0.021202910493873,0.0648041883438825,0.0015083587363362
1776176164541521700,35.853521728515624,0.0023299042522907,0.0469558124423027,-0.0172830701690167
1776176164551452400,35.863452392578125,0.0070890632118098,0.061002457973361,-0.0064662003394216
1776176164561383400,35.87338354492187,0.0021615436817519,0.0629763883948326,0.0189873898688703
1776176164571314400,35.883314453125,0.005059621477127,0.0479056605130434,0.0087764500431716
1776176164581245400,35.89324536132813,0.0031739903936162,0.0186187757521867,-0.0092266780287027
1776176164591176400,35.90317651367187,-0.0143944360554218,0.0210398654192686,-0.0124277390923351
1776176164601106400,35.9131064453125,-0.0034358196675777,-0.0235410345852375,-0.0145703771442174
1776176164611037400,35.923037353515625,0.0075227967202663,-0.0560574027866125,-0.0455794095225632
1776176164620968400,35.93296850585938,0.0224736976146698,-0.0787462044566869,-0.0696918873202055
1776176164630899500,35.9428994140625,0.048989948618412,-0.0703583153396844,-0.0947083282202482
1776176164640830500,35.95283056640625,0.0839408504903316,-0.073964230877161,-0.0486079635635018
1776176164650761500,35.96276147460937,0.1124374433900229,-0.0340484000742435,-0.0317137465815991
1776176164660692500,35.9726923828125,0.1366495273709297,-0.0236187759965658,0.007771876110509
1776176164670623500,35.98262353515625,0.1433855576276779,-0.0298041866332292,0.042411008619517
1776176164680554500,35.992554443359374,0.1561935830081812,-0.0229670340895652,0.038999008218944
1776176164690485500,36.00248559570313,0.1572644453763961,-0.0301841258615255,0.0368801163688302
1776176164700416300,36.01241625976562,0.1750468068370595,-0.0170095869898796,0.0250865104615688
1776176164710347500,36.022347412109376,0.1472866567194461,-0.0232218856334686,0.0086680212326347
1776176164720278500,36.03227856445312,0.1070832594131119,-0.0011415712505578,-0.0053369771137833
1776176164730208500,36.04220849609375,0.0322317243074066,0.0255687410205602,-0.038018545814231
1776176164740139500,36.05213940429688,-0.0118003096426837,0.0336959333747625,-0.056431204535067
1776176164750070300,36.0620703125,-0.0467009608983993,0.0358119026154279,-0.0401011973071843
1776176164760001500,36.07200146484375,-0.0346095410883426,0.0311368965417146,-0.0303800137598067
1776176164769932500,36.0819326171875,0.0231833071887493,0.0268558582216501,-0.0422163628302514
1776176164779863300,36.09186328125,0.0299672499741427,0.0158364515572786,-0.017246099159494
1776176164789794600,36.101794677734375,0.0162122991323471,0.0148825118333101,0.0912207783654332
1776176164799725600,36.1117255859375,0.0045779937063343,0.004735211828351,0.1326409493166953
1776176164809656300,36.12165625,-0.0198199499691836,0.057854223075509,0.1964056385450065
1776176164819587600,36.13158764648438,-0.0504383938610553,0.0775268917948007,0.2053882056195289
1776176164829518600,36.1415185546875,-0.0683878737832419,0.0801893890023231,0.1392439277783036
1776176164839449300,36.15144946289063,-0.1058440547406673,0.0764373429924249,0.0868939281422644
1776176164849380600,36.16138061523438,-0.1025356608450412,0.0717775344878435,0.075242726380378
1776176164859310300,36.171310302734376,-0.0766483553946018,0.0686146865427494,0.0479164741680026
1776176164869241600,36.18124169921875,-0.0433025506317615,0.060994859188795,0.0729282388929277
1776176164879172400,36.19117236328125,0.0025964462339878,0.0546042813688516,0.0881172593921423
1776176164889103400,36.20110327148438,0.0376712484802119,0.0691676442503929,0.0795358204644173
1776176164899034600,36.21103466796875,0.0446773278499953,0.0461205306619405,-0.0145263188067823
1776176164908965400,36.22096533203125,0.0647427952791564,-0.0163683664768934,-0.1186060672886669
1776176164918896400,36.230896484375,0.0344517019118182,-0.0033013796329498,-0.1194852612759918
1776176164928827600,36.24082763671875,0.0034241109634749,0.0144458739817142,-0.0708411304205656
1776176164938758400,36.25075830078125,-0.0508031537865288,0.035588030731678,0.0479644049629569
1776176164948689400,36.260689453125,-0.1301695359681733,0.0613069938778877,0.0844403244450688
1776176164958620700,36.27062060546875,-0.1665945837795734,0.0649380438566207,0.1188711479656398
1776176164968551400,36.280551513671874,-0.1692506329800002,0.0715776280015706,0.0593927577544003
1776176164978481400,36.2904814453125,-0.1373205585002899,0.0382815075993537,-0.0102406773768365
1776176164988412400,36.300412353515625,-0.089007504496444,0.0158978263556957,-0.0485506073530763
1776176164998343400,36.31034350585937,-0.0087479728673584,-0.027810966989398,-0.1369959296558052
1776176165008274400,36.3202744140625,0.0897790551245212,-0.0599444733530282,-0.1890934158354997
1776176165018205400,36.33020532226563,0.1348351896916516,-0.0761439130038023,-0.2026929021209478
1776176165028136400,36.34013647460937,0.1410766961634159,-0.0920668738007545,-0.1302012280143797
1776176165038067500,36.3500673828125,0.1403284716119989,-0.0671352616399526,-0.0391042221590876
1776176165047998500,36.35999853515625,0.062820923838485,-0.0028226562052965,0.0172254947628825
1776176165057929500,36.369929443359375,-0.0565606761336326,0.0453197356730699,-0.0165053637947887
1776176165067860500,36.37986059570313,-0.1615010600328445,0.0768435857057571,-0.0359359673865139
1776176165077791500,36.38979150390625,-0.1839092911958694,0.0704898327648639,-0.0359882090304046
1776176165087722500,36.39972241210938,-0.1485130019103177,0.0741191291779279,-0.0027262831587344
1776176165097653500,36.40965356445312,-0.0408884569610469,0.0198071087539196,0.0078309128213673
1776176165107583500,36.41958349609375,0.1139478844855911,-0.0174649295419454,0.0589128652829676
1776176165117514500,36.42951440429688,0.2751566653072834,-0.0450514401257038,0.0570804622240364
1776176165127445500,36.43944555664063,0.3466612280726432,-0.0496112953871488,0.0595301934637129
1776176165137376500,36.44937646484375,0.3235574158608913,-0.0433919824808835,0.0367423883985728
1776176165147307500,36.4593076171875,0.1724491732929833,-0.0006494038194417,0.0692488927930593
1776176165157238500,36.46923852539062,-0.0252209504961967,0.0480827706456184,0.0582012829475104
1776176165167169300,36.47916918945312,-0.1848936077917926,0.0508247628301382,0.0333510654598474
1776176165177100500,36.4891005859375,-0.2667138311326503,0.0471183095276355,0.024927155181393
1776176165187031600,36.499031494140624,-0.2320201371585019,0.0338116687089204,0.0491685931209474
1776176165196962300,36.50896240234375,-0.1396317397858016,0.0013531681746244,0.0529255345016717
1776176165206893600,36.5188935546875,-0.0333621713757514,-0.0185217451184988,0.0704341570548713
1776176165216824600,36.52882446289063,0.031568858218193,0.0111754740089178,0.0835548468474298
1776176165226755300,36.53875537109375,0.089283398828376,0.0208849671185016,0.0999794004909694
1776176165236685600,36.548685546875,0.0941021790206432,0.0105815997689962,0.0902436769615858
1776176165246616300,36.5586162109375,0.0916834274411201,0.0193155258446931,0.0528568531796336
1776176165256547300,36.56854736328125,0.0354840041016228,0.0396159710735082,0.0606381547056138
1776176165266478600,36.578478515625,-0.0012006079614162,0.0499199229449033,0.049725715547055
1776176165276409300,36.588409423828125,-0.0279822045036125,0.0543961915761232,0.0024610563512891
1776176165286340400,36.59834033203125,-0.0576268440604209,0.0521639024794101,-0.0633166531998664
1776176165296271400,36.60827124023437,-0.0724152478694915,0.0376736048340797,-0.0587249414954334
1776176165306202400,36.61820239257813,-0.0299672682404518,-0.0200555305570363,-0.0395523312527686
1776176165316133400,36.62813330078125,0.0208148244917392,-0.0870534295529127,-0.0205320620276033
1776176165326064400,36.638064453125,0.0971919799958355,-0.1431225227773189,0.0109823625896126
1776176165335995400,36.64799536132813,0.0891325739145278,-0.1685720213323831,0.0051631549168378
1776176165345926400,36.65792651367188,0.0420224476933479,-0.1018622916281223,-0.059231502778083
1776176165355856400,36.6678564453125,-0.0391851784408092,-0.0385983184635639,-0.0991512791037559
1776176165365787400,36.677787353515626,-0.1035422075390815,0.0706131668835878,-0.1307073509056121
1776176165375718400,36.68771850585937,-0.1680862836420536,0.1479664556771516,-0.1624407520357519
1776176165385649400,36.6976494140625,-0.1718997044503688,0.2148848596960306,-0.1534150764718651
1776176165395580400,36.70758032226563,-0.141554825936025,0.1925046855837106,-0.1444347013544291
1776176165405511400,36.717511474609374,-0.0603612374603748,0.1560831266373396,-0.1743012856993824
1776176165415442400,36.7274423828125,0.0280699193196836,0.0848030202776193,-0.2030848240479826
1776176165425373400,36.73737353515625,0.0528185761290136,0.0253501298338174,-0.234061853852868
1776176165435304400,36.747304443359376,0.0352045843720436,-0.0056336219727993,-0.2215084425542503
1776176165445235500,36.7572353515625,-0.0204267019569873,-0.043385552740097,-0.238884743964672
1776176165455166500,36.76716650390625,-0.0601473070153268,-0.0859808318853378,-0.2715794644076377
1776176165465097500,36.77709741210938,-0.0846294172763824,-0.1183037233412265,-0.2999710077639669
1776176165475028500,36.78702856445312,-0.1396224057018756,-0.1372293730854988,-0.2919164422545582
1776176165484958500,36.79695849609375,-0.1739864475965499,-0.0984527754455804,-0.2954507538605481
1776176165494890000,36.80688989257813,-0.2188894191622734,-0.0695855774015188,-0.286100230256468
1776176165504821000,36.81682104492187,-0.2342752043426036,-0.0488192682266235,-0.2199073640331625
1776176165514752300,36.82675219726563,-0.2103881327986717,-0.0543523524343967,-0.1333838035732507
1776176165524683000,36.83668310546875,-0.1844634179472923,-0.0345575186401605,-0.0708347737450152
1776176165534614000,36.84661401367188,-0.1611807420372963,-0.0139753338605165,-0.0358441243845969
1776176165544545300,36.85654516601563,-0.1323638128757476,-0.0441384169340133,-0.0424729679398238
1776176165554476000,36.86647607421875,-0.1348293262064457,-0.0394166491091251,-0.0704427787527442
1776176165564407000,36.87640698242188,-0.1177133562326431,-0.0119517190784215,-0.0717860831204801
1776176165574338000,36.88633813476562,-0.1298538758814335,-0.0268418296962976,-0.0959318786658346
1776176165584269000,36.89626904296875,-0.1527811624825,-0.0218324771016836,-0.1260816638663411
1776176165594200000,36.90619995117188,-0.1662052922010421,0.0252349790215492,-0.1163238015703856
1776176165604131000,36.916131103515625,-0.1835094782233238,0.042387773874402,-0.1041984064254909
1776176165614061000,36.92606103515625,-0.1792576659977436,0.0631476533085107,-0.1333561118487268
1776176165623992000,36.935991943359376,-0.1337958915054798,0.0758750329345464,-0.1514065131284296
1776176165633923000,36.94592309570312,-0.0707283222624333,0.0794932234317064,-0.171534816660732
1776176165643854000,36.95585400390625,-0.0376876287928549,0.0820949303627014,-0.1752249033503234
1776176165653785000,36.96578515625,-0.0033750293910503,0.0439829341113567,-0.1690565899789333
1776176165663716000,36.97571606445312,0.0697615184903144,0.0167675949275493,-0.1757588640965521
1776176165673647000,36.98564721679688,0.0611819061934947,0.0055237318575382,-0.2120987361088395
1776176165683578000,36.995578125,0.0047860606661764,0.0037841947138309,-0.2845079926289617
1776176165693509000,37.005509033203126,-0.0519920576104195,0.0244306769013404,-0.3488317039795219
1776176165703440000,37.01543994140625,-0.1449544143795967,0.0717021311640739,-0.3226799754392355
1776176165713371100,37.02537109375,-0.1857248161852359,0.0926426278620958,-0.2644213362812996
1776176165723302100,37.03530224609375,-0.1141641393184661,0.0383159943908453,-0.1817505787920206
1776176165733233000,37.04523291015625,-1.05259605916e-05,-0.0207996269226074,-0.1089914128556847
1776176165743163100,37.0551630859375,0.1210299334347248,-0.0887374371170997,-0.0679709087464958
1776176165753094000,37.06509399414063,0.1714391012012958,-0.1262923840075731,-0.0003445756539702
1776176165763025200,37.07502514648438,0.1459457635045051,-0.1134042608618736,0.009794833305478
1776176165772956200,37.0849560546875,0.0437269089570967,-0.070775079447031,-0.0194582953162491
1776176165782887000,37.09488696289063,-0.1155880346417426,-0.0531838931769132,-0.0692014003895223
1776176165792818200,37.10481811523437,-0.3056803983867168,-0.0046615620702505,-0.0837069686692208
1776176165802749200,37.11474926757813,-0.3865104233801364,0.0423620549112558,-0.0628578765816986
1776176165812680000,37.12467993164063,-0.3541115440785884,0.0804267048895359,-0.0387883611429482
1776176165822611200,37.134611083984375,-0.2186240462243557,0.0846989753812551,-0.0020220073468983
1776176165832542200,37.14454223632813,-0.0856675281524658,0.0780845256775617,0.0250741624366492
1776176165842473000,37.15447290039062,0.0761094262123107,0.0875520267248153,0.0468709106378257
1776176165852404200,37.164404296875,0.1444143161535263,0.058167526808381,0.0619992869909852
1776176165862334000,37.174333984375,0.129401455938816,0.0475140308469533,0.0338439635433256
1776176165872265200,37.18426513671875,0.0662789370715618,0.0479214426040649,-0.0364883405722677
1776176165882196000,37.194196044921874,0.0240109901845455,-0.0022685294538736,-0.0980216174867004
1776176165892127000,37.204126953125,0.0055061950592033,-0.0141734867811203,-0.1247632016789168
1776176165902058200,37.214058349609374,0.0190028054920665,-0.0363104997873306,-0.1228875440001487
1776176165911989000,37.22398901367188,0.0100607907652854,-0.0391828403532505,-0.143995579284802
1776176165921920000,37.233919921875,-0.0065863937946327,-0.0663099167317152,-0.0980421488180756
1776176165931851300,37.243851318359376,-0.0265852245867252,-0.0447825600564479,-0.0702622345540672
1776176165941782000,37.25378198242188,-0.0033668460845947,-0.034903555598855,-0.0148434949971735
1776176165951713000,37.26371313476562,0.0095826518595218,-0.048961891567707,0.0166851773411035
1776176165961644300,37.27364428710938,0.0435655854821205,-0.0573351676374673,0.0250274006854742
1776176165971575000,37.28357495117187,0.1188730476617813,-0.0455155505061149,0.0072429568655788
1776176165981506000,37.293506103515625,0.1507470263063907,-0.056464814543724,0.0203318632803857
1776176165991436000,37.30343603515625,0.170280578815937,-0.0218161104887723,-0.016994827812165
1776176166001367000,37.31336694335938,0.2248047806859016,0.0048591304689645,-0.0595583966448903
1776176166011298300,37.32329833984375,0.2261293072879314,0.0234480956047773,-0.0314164441354572
1776176166021229000,37.33322900390625,0.1862345192730426,0.0152390701860189,0.025174261810258
1776176166031160000,37.34316015625,0.1450058523058891,0.0103086280465126,0.0225182674087584
1776176166041091000,37.353091064453125,0.0937210707485675,0.0138876555770635,0.0220648976180702
1776176166051022000,37.36302197265625,0.0317430457413196,0.0256833073109388,0.0355493792217224
1776176166060953000,37.372953125,-0.00796352622509,0.0532119502276182,0.0684188717097044
1776176166070884000,37.382884033203126,0.0036719665110111,0.0558650950849056,0.0653005935586988
1776176166080815000,37.39281518554687,0.0477133528113365,0.0324731135815382,0.020658099560067
1776176166090746000,37.40274609375,0.0718611211180687,0.0390261884868144,0.0047526013545691
1776176166100677000,37.41267700195313,0.0699661011517047,0.0271568869948387,0.0226343680690974
1776176166110608100,37.42260815429688,0.0772843152105808,0.0205097040653228,0.0114789139349013
1776176166120538000,37.4325380859375,0.0468330628454685,0.0012672434568405,-0.004874547233805
1776176166130469000,37.44246923828125,0.0162251586139202,-0.0325292276829481,-0.0074087418865412
1776176166140400000,37.45240014648437,0.0064998834133148,-0.0482359153807163,-0.0081338412906974
1776176166150331100,37.4623310546875,0.0095440745564468,-0.0380056132674217,0.022615517238155
1776176166160262100,37.47226220703125,-0.0018809902993671,-0.0223304897516965,0.0789453802905976
1776176166170193000,37.48219287109375,-0.0320376447737216,-0.0010977321088314,0.057684054140374
1776176166180124200,37.49212426757813,-0.0725040951967239,0.0275987855434417,0.0183021840836852
1776176166190055200,37.50205517578125,-0.0833680190384388,0.0163198511600494,-0.0660287617027759
1776176166199986000,37.51198583984375,-0.081849431169033,0.0234118552476167,-0.0728876146215945
1776176166209917200,37.52191723632812,-0.0663619391798973,-0.0066366615355014,-0.0641734892249107
1776176166219848200,37.53184814453125,2.92255236621e-05,-0.0098860187202692,-0.0282334301851689
1776176166229779000,37.54177905273438,0.0428103832006454,-0.0117851303398609,0.0120882780048996
1776176166239709200,37.55170922851563,0.0899988353550434,-0.0266793326109647,0.0403640129618346
1776176166249640000,37.56163989257813,0.0895312178432941,-0.0373398428350687,0.0295778305314481
1776176166259571200,37.5715712890625,0.0612052870690822,-0.0028267478585243,-0.0029271394930779
1776176166269502200,37.58150219726563,0.0405646501004695,0.0231365454375743,-0.0607663841951638
1776176166279433000,37.59143286132812,0.0089665657877922,0.0173076931536197,-0.12629340692088
1776176166289364200,37.6013642578125,0.0258300223052501,0.010251929423213,-0.1241679391995072
1776176166299295000,37.611294921875,0.0548924506604671,0.0202349787771701,-0.0686528265960514
1776176166309226000,37.62122607421875,0.1018470940589904,0.0115326168835163,-0.0407667485438287
1776176166319157200,37.6311572265625,0.0957832639753818,0.0232312379837036,-0.0028116233546286
1776176166329088000,37.641087890625,0.0835007055073976,0.0284083483606576,0.0275170255441218
1776176166339019000,37.65101904296875,0.0072042317195649,-0.0149152450591325,-0.0026301293078809
1776176166348950300,37.6609501953125,0.0186614458501338,-0.0405956297606229,-0.0697093499116599
1776176166358881000,37.670881103515626,-0.0050327323285571,-0.0730202280253171,-0.0641550767853856
1776176166368811000,37.68081103515625,-0.0084007497402199,-0.0895925926417112,-0.0763438194900751
1776176166378742000,37.69074194335938,-0.0342863004833459,-0.0404138434529304,-0.070160966136679
1776176166388673000,37.70067309570312,-0.0294289235800504,0.0083627546757459,-0.0368979442864656
1776176166398604000,37.71060400390625,-0.0090349548488855,0.0410270069152116,-0.0441683006156235
1776176166408535000,37.72053515625,0.0378641566868289,0.0696744247287511,-0.0817373490966856
1776176166418466000,37.730466064453125,0.0358352812077268,0.0936883375227451,-0.1192461918231099
1776176166428397000,37.74039697265625,0.006477672723151,0.1005108770191669,-0.1551150122575461
1776176166438328000,37.750328125,-0.0317214184314012,0.081319854336977,-0.1460255507424473
1776176166448259000,37.76025903320313,-0.0264350024610757,0.0808481451719999,-0.1173567248146981
1776176166458190000,37.77019018554687,0.0069826984941959,0.0309977803319692,-0.0952526642300188
1776176166468121000,37.78012109375,0.0274848037749528,-0.0300847571402788,-0.0817695708658546
1776176166478052000,37.79005200195313,0.0597971738368272,-0.0458358685016632,-0.0399148809548467
1776176166487983000,37.79998315429688,0.0771492906540632,-0.0632394232451915,-0.0051467883039265
1776176166497913000,37.8099130859375,0.0724473965734243,-0.0760030432283878,-0.0088203622501343
1776176166507844000,37.81984399414063,0.0391571213901042,-0.0570166032075881,-0.0285321208707988
1776176166517775000,37.82977514648437,-0.0115150835101143,-0.0061205287069082,-0.0268181565597653
1776176166527706000,37.8397060546875,-0.0438379772492917,-0.017150456765294,-0.0356404185060411
1776176166537637000,37.84963720703125,-0.0408633407860994,-0.0055529579520225,-0.0621378186788409
1776176166547568000,37.85956811523437,-0.0296960478003486,-0.0068067574054002,-0.0531396887090057
1776176166557499100,37.8694990234375,0.0024602526336908,-0.0036924247771501,-0.0643509646836668
1776176166567430100,37.87943017578125,0.0245633633702993,-0.0170206929057836,-0.0795393275957554
1776176166577361200,37.889361083984376,0.0310702564797131,-0.019388591080904,-0.0207174285318702
1776176166587292000,37.8992919921875,0.0046545478075742,-0.0067483052164316,0.0455867891114205
1776176166597223200,37.90922314453125,-0.0058925651699304,-0.018890578430891,0.0304907075926661
1776176166607154200,37.919154296875,-0.0080646485120058,0.0204699565768241,0.0022688217148184
1776176166617085000,37.9290849609375,-0.0103735191094223,0.0380003525704145,-0.0231779003612697
1776176166627015200,37.93901513671875,-0.0144283383250236,0.0448819287776947,-0.0909937646765261
1776176166636946000,37.94894580078125,-0.0531342088162899,0.0524696074277162,-0.1685857575967908
1776176166646877000,37.958876953125,-0.1004828291016165,0.0384328987687826,-0.2256725764963775
1776176166656808200,37.96880810546875,-0.1237198940379079,0.0312421104818582,-0.2599745129402727
1776176166666739000,37.97873901367188,-0.1334469228041823,0.0261333891659975,-0.2273911439172923
1776176166676670000,37.988669921875,-0.1521194745702203,0.0346580564051866,-0.1698885107584297
1776176166686601200,37.99860131835938,-0.1316349140793085,0.0093289693593978,-0.1257829731807112
1776176166696532000,38.00853198242187,-0.1369178229182958,0.0083504797160625,-0.1235385552547872
1776176166706463000,38.018462890625,-0.1130792666912078,0.0155441906124353,-0.1516392259057611
1776176166716394000,38.02839404296875,-0.0812304224878549,-0.0034790742874145,-0.1260188277631998
1776176166726325000,38.03832495117187,-0.0378986548947636,-0.0096329207420349,-0.0895708922665566
1776176166736256000,38.04825610351563,-0.0132528556717094,-0.0085778587311506,-0.0080101418457925
1776176166746187000,38.05818701171875,-0.046579389478499,0.0164630590230226,-0.0204671800978481
1776176166756117000,38.06811694335938,-0.0621346860068384,0.0262689982444047,0.0096524291601032
1776176166766048000,38.07804809570312,-0.0710036183727439,0.0417851318061351,-0.0197430305417627
1776176166775979000,38.08797900390625,-0.0608230006200727,0.0252694658130407,-0.0420535004187375
1776176166785910000,38.09790991210937,-0.0483849684625864,-0.0059077627390623,-0.0282838451981544
1776176166795841000,38.107841064453126,-0.0403372893516905,-0.0298953720480203,-0.0053386576142162
1776176166805772000,38.11777197265625,-0.0396598102152347,-0.0291980374336242,0.0035018706411123
1776176166815703000,38.127703125,-0.0290746941817458,-0.0301841258615255,-0.0128765788383781
1776176166825634000,38.13763403320313,-0.0451104951028712,-0.0017407061874866,-0.0613266484264284
1776176166835565000,38.14756494140625,-0.0763286036546342,0.0302408244848251,-0.0750190736923366
1776176166845496000,38.15749609375,-0.1000239611519034,0.0457569580465555,-0.0623189473994076
1776176166855427000,38.16742700195312,-0.0978232271040789,0.0569622426718473,-0.0155666947051882
1776176166865358000,38.17735815429688,-0.0654845718234777,0.0750911890804767,0.0504329139683395
1776176166875289000,38.1872890625,-0.0166039287984371,0.0657201341450214,0.0501505898956209
1776176166885219000,38.19721899414063,0.0063215859706513,0.0200824185639619,0.0561238921515643
1776176166895150000,38.20715014648437,0.0247153573279269,0.0014735796838998,0.0067191521871834
1776176166905081000,38.2170810546875,0.0667149995344225,-0.027812720555067,-0.0172523827698081
1776176166915012000,38.22701220703125,0.0490770423799753,-0.0439361723601818,0.0507642648145556
1776176166924942800,38.23694287109375,0.0184919162358157,-0.034053076249361,0.1049947444349527
1776176166934874000,38.2468740234375,-0.0241939638023264,-0.0065156655043363,0.0987859529227018
1776176166944805000,38.25680517578125,-0.0606143537049181,0.0217646725624799,0.0879347424320876
1776176166954735900,38.26673583984375,-0.1060299509678967,0.0763923348069191,0.0695996059268713
1776176166964667100,38.27666723632812,-0.1288753953712526,0.1027221233278512,0.032194077444449
1776176166974598100,38.28659814453125,-0.1292547500776592,0.0961082581460475,0.01351421915479
1776176166984529000,38.29652880859375,-0.0917804580748081,0.0910807853728532,-0.0016946020234376
1776176166994460200,38.306460205078125,-0.0403267496913671,0.0692629213184118,-0.0020566402688622
1776176167004390000,38.31638989257812,0.0429214423596858,0.0225999543428421,0.0136067197438329
1776176167014321200,38.32632104492188,0.1212099661767482,-0.0023415946900844,0.0339835912097245
1776176167024252200,38.33625219726562,0.1498462872075382,0.0031073183655738,0.0542087061800062
1776176167034183000,38.34618286132813,0.113716998339165,0.0261070856809616,0.0412193876821547
1776176167044114200,38.3561142578125,-0.0370423120600637,0.0615688596844673,0.0450219217702746
1776176167054045000,38.366044921875,-0.1756137565374374,0.0614268208652734,-0.0130549310799688
1776176167063976000,38.375975830078126,-0.2450900283455848,0.0597825607895851,-0.0837785726007074
1776176167073907200,38.3859072265625,-0.2467418872058391,0.0277361481875181,-0.0996121746137738
1776176167083838000,38.395837890625,-0.1687006161481141,-0.000587444499135,-0.0777718064665794
1776176167093769000,38.40576904296875,-0.0467623265636619,0.0041565351575613,-0.050478141349554
1776176167103700200,38.4157001953125,0.067952432374889,0.0015425532668828,0.0064792059514671
1776176167113631000,38.425630859375,0.1186281329900026,0.0068663786381483,0.0185532362353056
1776176167123562000,38.43556201171875,0.1054085950660053,0.0029319617986679,0.0171002609480172
1776176167133492000,38.44549194335937,0.0475590390324592,0.0171527948528528,0.0426088692791759
1776176167143423000,38.455423095703125,-0.0103629885822534,0.0078916300326585,0.0375424527350813
1776176167153354200,38.46535424804687,-0.0504863337891642,0.0041974516898393,0.0131401251453906
1776176167163285000,38.47528491210937,-0.0829313903199974,-0.0168482589483261,0.012109905314818
1776176167173216000,38.48521606445313,-0.0859498613583389,-0.064396776586771,0.0062855830755084
1776176167183147000,38.49514697265625,-0.0909405001193285,-0.0640805502444505,-0.001800108224526
1776176167193078000,38.505078125,-0.1117611789631191,-0.025024551141262,-0.0169135062042623
1776176167203009000,38.51500903320313,-0.113458630530769,0.0075865096062421,-0.0243540314685553
1776176167212940000,38.52493994140625,-0.1082616464095655,0.0191243871867656,0.0029971359893679
1776176167222871000,38.53487109375,-0.0885579888969659,0.0152472534924745,0.0116555126108229
1776176167232802000,38.54480200195312,-0.021632575181988,0.0115600894123315,0.0080034198440611
1776176167242733000,38.55473315429688,0.0404611942925723,0.0466378325343132,0.0243994049802422
1776176167252664000,38.5646640625,0.1050584573209285,0.0526753591328859,0.00337561391294
1776176167262594000,38.57459399414063,0.1151443825274705,0.0453974770843982,-0.0422676546260714
1776176167272525000,38.58452514648437,0.0632668957740068,0.0323094474524259,-0.0400718981474637
1776176167282456000,38.5944560546875,-0.0043453220281982,0.0328396088063716,-0.032177783896774
1776176167292387000,38.60438696289062,-0.041762919974327,0.0333346988469362,-0.0668031070761382
1776176167302318000,38.614318115234376,-0.0859030904740095,0.013901684102416,-0.072542600576207
1776176167312249000,38.6242490234375,-0.1314513742059469,-0.0102998602181673,-0.0580759760674089
1776176167322180000,38.63418017578125,-0.1429699625641107,-0.0113245270907878,-0.0272016759846359
1776176167332111000,38.64411108398438,-0.1249257718294858,-0.0145692081004381,-0.0123045511040836
1776176167342041900,38.65404174804687,-0.0961263783246278,-0.0562321748316287,0.004726224804297
1776176167351973000,38.66397314453125,-0.0405780849707778,-0.055515550994873,0.0446577646329998
1776176167361904000,38.67390405273437,0.0196972232052357,-0.0506003064244985,0.0574783024352043
1776176167371835000,38.6838349609375,0.0548842719205888,-0.0600245528519153,0.0603858604449778
1776176167381766100,38.69376611328125,0.0370393894506152,-0.0384720617353916,0.067385290878266
1776176167391696000,38.70369580078125,0.0536550178200006,-0.0298573781251907,0.0446434438467025
1776176167401627100,38.71362719726562,0.0454781456717522,-0.0513601848810911,0.0001624240200966
1776176167411558100,38.72355810546875,0.0054635169697459,-0.0016460136413574,0.0104516897790133
1776176167421489000,38.73348901367188,-0.1368488493353128,0.0839887812852859,-0.0353905353982001
1776176167431420200,38.743420166015625,-0.121898532962799,0.0802151079654693,0.0120876934830099
1776176167441351200,38.75335107421875,0.0078957216858863,0.1206587620347738,0.0693626553658395
1776176167451282000,38.76328198242187,0.0300812500089406,0.1187882919877767,0.0367200304362922
1776176167461213200,38.773213134765626,0.0735842916488647,0.1353174019843339,-0.0258873785156756
1776176167471144000,38.78314404296875,0.0901724383562803,0.0856751269370317,-0.0643321869179606
1776176167481075000,38.793074951171874,0.1327273946242872,0.052179100048542,-0.0684372110839933
1776176167491006200,38.80300610351563,0.1885702687442302,0.0279652807682752,-0.0442776792742311
1776176167500936700,38.81293676757812,0.1861211220264434,0.0074801266223192,0.0181258046034723
1776176167510867700,38.82286767578125,0.115510877752304,-0.0076285951822996,0.006535320052877
1776176167520797700,38.832797607421874,0.0135632459282875,-0.0426566539436578,0.0004026625167578
1776176167530728700,38.84272875976563,-0.0697246936112642,-0.0447281995207071,0.0554369328007102
1776176167540659700,38.85265966796875,-0.116702717885375,-0.0292541515350341,0.0828824274785816
1776176167550590700,38.8625908203125,-0.1222948388040065,-0.0217412916868925,0.0537431344948709
1776176167560521700,38.87252172851562,-0.0614595449579414,-0.0515098224848508,0.0354602396335452
1776176167570452700,38.88245263671875,0.0395844160246197,-0.0577864185363054,0.0687990301337093
1776176167580383500,38.89238354492188,0.0796779323488473,-0.0578425326377153,0.0761762809034437
1776176167590314800,38.90231469726562,0.0244908826559782,-0.056280105626583,0.0191240949258208
1776176167600245800,38.91224584960938,-0.0522393058031797,-0.0195434893816709,0.0361767173398286
1776176167610176500,38.92217651367187,-0.1169523178654257,0.0444382766634225,0.0689975483804941
1776176167620107800,38.932107666015625,-0.1347691204518079,0.0913344678729772,0.0506293133232742
1776176167630038800,38.94203881835937,-0.0868985312521457,0.0909288096815347,0.0361303209148347
1776176167639969500,38.95196948242187,0.0258428817868232,0.0559580340653657,0.0514629876684397
1776176167649899800,38.96189965820312,0.1471615690350532,0.0297094940871,0.0765697372004389
1776176167659830500,38.97183056640625,0.2025426799952983,0.0081254387885332,0.0944135099921375
1776176167669761500,38.98176147460938,0.189376324430108,-0.0209375740885734,0.0723098147336393
1776176167679692800,38.99169287109375,0.1191793279988225,-0.0232318225055933,0.0119287035290151
1776176167689623600,39.00162353515625,-0.0291027603656053,-0.0065764557808637,-0.0419964364692568
1776176167699554600,39.01155444335937,-0.1226122524564154,-0.0061006549626588,-0.0896189691919833
1776176167709485600,39.021485595703126,-0.1555816068559884,-0.0166828392535448,-0.0760083769906312
1776176167719416600,39.03141650390625,-0.1516629721075296,-0.0268272166490554,-0.0511582325682044
1776176167729347600,39.04134765625,-0.0965770355684217,-0.0224397953450679,0.0100193627763539
1776176167739278600,39.05127856445313,-0.0625473493278026,-0.0055079497665166,0.0322553061123937
1776176167749209600,39.06120971679688,-0.023342297142744,0.0162134681761264,0.0302987652171403
1776176167759140600,39.071140625,0.0065998366564512,0.0090530750274658,0.088866470324248
1776176167769070600,39.08107055664063,0.0106149357830174,0.0485877975583076,0.1172186315182596
1776176167779001600,39.09100170898437,0.0206991074238903,0.0492097288489341,0.1190600216012448
1776176167788932600,39.1009326171875,-0.0158452193856239,0.0525029251754283,0.1019861372034996
1776176167798863600,39.11086352539063,-0.0613444032788276,0.0646183103829622,0.0910735519144684
1776176167808794600,39.12079467773437,-0.0872533543054945,0.0526455485165119,0.123043246018514
1776176167818725600,39.1307255859375,-0.1330985568910837,0.0333545725911855,0.1235425738427788
1776176167828656600,39.14065673828125,-0.1584124646340496,0.0534276388049125,0.1289103114210069
1776176167838587600,39.150587646484375,-0.1373287600730545,0.056446109843254,0.1347889941960573
1776176167848518700,39.1605185546875,-0.0605050298452377,0.0380903689414262,0.1523771117262542
1776176167858449700,39.17044970703125,0.0308949044793844,0.0288818110913038,0.1332471715815365
1776176167868380700,39.18038061523438,0.1084322994018904,-0.0023082769423723,0.1130174535013735
1776176167878311700,39.19031176757812,0.1450555366665124,0.0076636664956808,0.0934618352904915
1776176167888242700,39.20024267578125,0.1569955835734494,0.0299105696171522,0.0547761308044195
1776176167898172700,39.21017260742188,0.1319949886965099,0.0331231019228696,0.0157565181888639
1776176167908103700,39.22010375976563,0.0394517295556608,0.0071451955795288,-0.056718862370029
1776176167918034400,39.23003442382812,-0.0457324081271886,-0.0149538235038518,-0.0741281892672181
1776176167927965700,39.23996557617188,-0.1024245834196917,-0.0360135626673698,-0.0657811436172574
1776176167937896700,39.24989672851562,-0.0984895820583216,-0.0458300232827663,-0.0075900898028165
1776176167947827500,39.25982739257813,-0.1232803244437091,0.0092348613351583,0.0127207306895405
1776176167957758700,39.2697587890625,-0.1420125065756496,0.0574795445442199,0.024101298816502
1776176167967689700,39.27968969726562,-0.1193564655308611,0.078376786622405,-0.0266305980984121
1776176167977620500,39.289620361328126,-0.0598848703865893,0.0637754298180341,-0.0578788460601121
1776176167987551700,39.2995517578125,0.0130482821434736,0.0690828885763883,-0.0602795505262911
1776176167997482500,39.309482421875,0.0528401943057775,0.0633288550943136,-0.0589361000280827
1776176168007413500,39.31941357421875,0.0782271490186452,0.0526180759876966,-0.05004975986965
1776176168017344800,39.3293447265625,0.1088514198631048,0.0083826284199953,-0.0803523244790732
1776176168027274500,39.3392744140625,0.1062234094470739,-0.0303133051991462,-0.0250866565920412
1776176168037205800,39.34920581054688,0.087647906581033,-0.0326467165827751,-0.0125570645604282
1776176168047136500,39.35913647460937,0.0135878049808088,-0.0299222600549459,-0.0333886209912598
1776176168057067500,39.369067626953125,-0.0454021532595157,-0.0351566535770893,-0.0537505871489644
1776176168066998800,39.37899877929687,-0.0601461334049701,-0.0327741423547267,-0.0572185555204749
1776176168076929500,39.38892944335937,-0.0589636456221342,-0.006712064859271,-0.0307741276439279
1776176168086860500,39.39886059570313,-0.0547866521984338,0.0069663318812847,0.0095753453359007
1776176168096791800,39.40879174804687,-0.0551209987193345,-0.008785948523879,-0.0027852468043565
1776176168106722600,39.41872265625,-0.0400514307481702,-0.0077577745199203,-0.011804931018874
1776176168116653600,39.42865356445313,-0.0442202682648785,-0.0291273102849721,-0.045400180498138
1776176168126584800,39.43858471679688,-0.0390513137949164,-0.0402700510680675,-0.0168904906548559
1776176168136515600,39.448515625,-0.0227022456735372,-0.0605307488083839,-0.0161581577923148
1776176168146446600,39.45844653320312,-0.0025876784056425,-0.0658078124284744,-0.0372409125052392
1776176168156376600,39.46837646484375,0.0240086520969867,-0.0599070639520883,-0.0385130513329058
1776176168166307600,39.4783076171875,0.0363894285087473,-0.0658493134826421,-0.060069853298366
1776176168176238600,39.48823852539063,0.0391448464304208,-0.0423030182003974,-0.050365840081498
1776176168186169600,39.49816967773437,-0.0652501968120224,0.0116623807430267,0.0124004857592284
1776176168196100600,39.5081005859375,-0.0666349109023809,0.1124807162761688,0.0295256619527935
1776176168206031600,39.51803149414062,0.0157283150076866,0.1350432612180709,0.0266879543088376
1776176168215962600,39.527962646484376,0.1511246274471283,0.1203641630023717,0.0740557816181331
1776176168225893600,39.5378935546875,0.1858183396875858,0.1055471176207065,0.0855506968397647
1776176168235824600,39.54782470703125,0.181832484921813,0.0662239920139312,0.0753849843952804
1776176168245755600,39.55775561523438,0.1031418100446462,0.0081979195028543,0.0283205970119684
1776176168255686700,39.56768676757813,0.0494716037886682,0.0222667768657207,-0.019052417929098
1776176168265617700,39.57761767578125,-0.0260199919193983,-0.0331201793134212,-0.0443829662796109
1776176168275548700,39.58754858398437,-0.0675917732357978,-0.0403483770012855,-0.0328675927918404
1776176168285478700,39.59747875976562,-0.0466173651350196,-0.0582113659501075,-0.0186078159667551
1776176168295409700,39.60740966796875,0.016758808832895,-0.0811895059555768,-0.0045450230184942
1776176168305340700,39.61734057617188,0.0870347065861336,-0.0583867225170135,0.0134163117382675
1776176168315271700,39.62727172851562,0.1387538153069559,0.0188911629527807,0.0145027918007224
1776176168325202700,39.63720263671875,0.1429150175064802,0.0762573102504014,-0.0142103847254067
1776176168335133400,39.64713354492188,0.1111713963764254,0.0722445674777031,-0.0683750325679779
1776176168345064700,39.657064697265625,0.037223522979021,0.0750865129053592,-0.1271028966728598
1776176168354995700,39.66699560546875,-0.0102688896911684,0.0434007503092288,-0.110305710324645
1776176168364926500,39.67692651367187,-0.0281201882021967,0.0282388370126485,0.0008183306455612
1776176168374857700,39.68685766601563,0.0144335898888763,0.0261275439471006,0.0332449747368693
1776176168384788700,39.69678881835937,0.0654863162559922,0.0062023617714643,0.0448567943364381
1776176168394719500,39.70671948242188,0.0994867855352815,-0.011064999371767,-0.0020269757829606
1776176168404650800,39.71665063476563,0.1036351465195417,-0.0398965415805578,-0.0796468065582215
1776176168414580500,39.72658056640625,0.100782104309136,-0.0464133761286735,-0.0904543971028178
1776176168424511700,39.73651171875,0.1089314902288373,-0.0610971505194902,-0.043751536508277
1776176168434442800,39.74644287109375,0.0877326439887285,-0.0862280846446752,-0.0210089588243514
1776176168444373500,39.75637353515625,0.0482592962563037,-0.1214186404913663,-0.0504938503753393
1776176168454304800,39.7663046875,0.0321165643619839,-0.152046418467164,-0.1142295327048748
1776176168464235500,39.77623559570313,-0.0350227889311965,-0.1576075597256422,-0.1470929607782513
1776176168474166500,39.78616650390625,-0.0862888657880481,-0.1088753852605819,-0.1943056705910712
1776176168484097800,39.79609790039063,-0.1123568067687098,-0.0392839626401662,-0.1524349793933332
1776176168494028500,39.80602856445312,-0.1348071143746376,0.0611029957383871,-0.0695206954717636
1776176168503959600,39.81595947265625,-0.0820166135626379,0.1141238073080778,-0.0296364288508892
1776176168513890800,39.82589086914062,-0.0126385322988033,0.0863397283256053,-0.0573517534460872
1776176168523821600,39.83582153320312,0.0969312649667263,0.0557780013233423,-0.1697336124576628
1776176168533752600,39.84575268554688,0.1872013184785843,0.034582653081417,-0.2362205662567168
1776176168543682600,39.8556826171875,0.2093441767036914,0.0178273331135511,-0.1911303284905851
1776176168553613600,39.86561352539063,0.1843435909599065,0.0378396090507507,-0.179319844513759
1776176168563544800,39.875544921875,0.1429810684800148,0.0434393287539482,-0.1845745501715689
1776176168573475600,39.8854755859375,0.0568120114130433,0.0569148963987827,-0.1662918014407158
1776176168583406600,39.89540649414062,0.0168377375543117,0.0549134934484958,-0.1671979565002024
1776176168593337600,39.90533764648438,0.0254927440417464,0.0296481192886829,-0.1360224815137684
1776176168603268600,39.9152685546875,0.0279097420556005,0.020818916144967,-0.0844397399231791
1776176168613199600,39.92519970703125,0.0166658789855893,-0.0002589431971311,0.0086292235922068
1776176168623130600,39.93513061523438,-0.0547679474979639,0.0092582422107458,0.0791387109056115
1776176168633061600,39.9450615234375,-0.0791471956061665,0.0296522109419107,0.165750534170866
1776176168642992600,39.95499267578125,-0.1114122102618217,0.0493219570517539,0.1816354279797524
1776176168652923600,39.96492358398437,-0.1021983917146921,0.0555190581262111,0.1041012296613305
1776176168662854700,39.974854736328126,-0.1181552456480916,0.0305775090932846,-0.008771043215692
1776176168672784600,39.98478466796875,-0.0987175455952994,0.0054833998471498,-0.0710929862897843
1776176168682715600,39.99471557617188,-0.0329489052665885,-0.0020937574088573,-0.0639998862236738
1776176168692646700,40.00464672851562,0.0501379587429109,-0.0282452667534351,-0.0764767982199788
1776176168702577700,40.01457763671875,0.1005845176441129,-0.0667079761385917,-0.082816376505047
1776176168712508700,40.0245087890625,0.1038485061424318,-0.1037350997626781,-0.1065774105165153
1776176168722439700,40.034439697265626,0.071572376437718,-0.1405173087149858,-0.0916273864049464
1776176168732370700,40.04437060546875,0.0280465293109416,-0.1768067657142877,-0.118648737386614
1776176168742301700,40.0543017578125,-0.0074210899114608,-0.211963419291377,-0.1332129039857536
1776176168752232400,40.064232421875,-0.077833172131842,-0.2057037743747234,-0.0465036116953939
1776176168762163700,40.074163818359374,-0.1429822283906396,-0.1500555369108915,-0.0151627900794148
1776176168772094700,40.0840947265625,-0.176315767326951,-0.0972258639991283,-0.0285631735961884
1776176168782025500,40.094025390625,-0.2210755310297012,-0.0446434438467025,-0.0126871206808835
1776176168791956700,40.103956787109375,-0.2511988666146993,0.0358352834910154,0.0321638284366577
1776176168801886500,40.11388647460937,-0.2293389169842004,0.0787771841168403,0.0340566564459353
1776176168811817700,40.12381762695313,-0.174682028645277,0.0924088191062211,0.0093280195113271
1776176168821748700,40.13374877929687,-0.1333726976573467,0.1201075578927993,-0.0227115980237722
1776176168831679500,40.143679443359375,-0.095071307180589,0.1336123516321182,-0.0557240061137825
1776176168841610800,40.15361083984375,-0.0529664601671043,0.1463882465749978,-0.0524655157744884
1776176168851541800,40.16354174804688,-0.0016547814697027,0.1745709694862365,-0.0786611565217375
1776176168861472500,40.173472412109376,0.0398778368800878,0.162641462239623,-0.0853768015775829
1776176168871403800,40.18340380859375,0.0327700507014989,0.1436409936934709,-0.1078077560290694
1776176168881334500,40.19333447265625,-0.0359001745539251,0.1057692359387874,-0.0966219067566096
1776176168891265500,40.203265625,-0.0855143925505224,0.0951695159912109,-0.0270829449757933
1776176168901196800,40.21319677734375,-0.1189192248910665,0.0796679954767227,0.0358239583794027
1776176168911127600,40.22312744140625,-0.1378606567263603,0.0818605370849371,0.0211939600024372
1776176168921058600,40.23305859375,-0.1783008036643266,0.1037052891463041,0.0082676968034356
1776176168930988500,40.24298852539062,-0.2007330002248287,0.0895271261900663,-0.0007674772411584
1776176168940919600,40.25291943359375,-0.158719320359826,0.080597969803214,-0.0138635440491139
1776176168950850800,40.26285083007812,-0.0901099036472383,0.0648076954752206,-0.0307365721125155
1776176168960781600,40.272781494140624,-0.0253232509600464,0.0395960973292589,-0.004723448325321
1776176168970712600,40.28271264648438,0.0389969532591756,0.0027034137398004,0.0078349314093589
1776176168980643800,40.29264379882813,0.0986374752295669,-0.0199754510581493,-0.01879457071051
1776176168990574600,40.30257470703125,0.1235848786145448,0.0065618427336215,-0.0401158834196627
1776176169000505600,40.31250561523437,0.0875409208089113,0.0548351675152778,-0.0602001286145299
1776176169010436600,40.3224365234375,-0.0586135261433664,0.1224520751923322,-0.0910468100380152
1776176169020367600,40.33236767578125,-0.2259615495055913,0.1268447571933269,-0.1394938839513808
1776176169030298600,40.34229858398437,-0.315448928207159,0.1170306346654891,-0.1875496935248375
1776176169040229600,40.35222973632813,-0.270459447401762,0.063956631603837,-0.2265580540940165
1776176169050160600,40.36216064453125,-0.136202377258474,-0.0554284572333097,-0.1479451936934143
1776176169060090600,40.37209057617188,-0.0038216041147708,-0.148066408920288,-0.0878111891176551
1776176169070021600,40.382021728515625,0.0729588714932091,-0.2016980458647012,-0.0266620161499828
1776176169079952600,40.39195263671875,0.0808025524646043,-0.2215618532419204,-0.0460851670876145
1776176169089883600,40.40188354492187,0.0280716454858891,-0.2136409971147775,-0.0481467757925391
1776176169099814700,40.411814697265626,-0.0452303220902569,-0.1546007791250944,-0.0825176858194172
1776176169109745700,40.42174560546875,-0.1018470849258359,-0.1010983215183019,-0.0623776918493211
1776176169119676700,40.4316767578125,-0.135915952399373,-0.0104483287781476,-0.0499507564745843
1776176169129607700,40.44160766601563,-0.1388134456728585,0.0485807832956314,-0.0024210166018456
1776176169139538700,40.45153857421875,-0.1676946539759636,0.1240010582000017,0.0454450425531715
1776176169149469700,40.4614697265625,-0.12325639557885,0.1842453912824392,0.0124395756606012
1776176169159400700,40.47140063476562,-0.0881418275778181,0.1649479856163263,-0.0025531185489147
1776176169169331500,40.48133154296875,-0.0347662112210877,0.1574596756875514,-0.0484245698206126
1776176169179262700,40.4912626953125,0.0074456398308277,0.1148304942727088,-0.0884283711679279
1776176169189192400,40.5011923828125,0.0340203247572295,0.036294717696309,-0.1232981706276536
1776176169199123700,40.51112377929688,0.068117240148317,0.0011380641192197,-0.1575408511649817
1776176169209054700,40.5210546875,0.0600333024139516,-0.001851765346527,-0.1642884987942874
1776176169218985500,40.5309853515625,-0.0096797007595188,-0.0387123002320528,-0.2202397377926856
1776176169228916700,40.54091674804688,-0.02353635841012,-0.0721884533762931,-0.2750605114564299
1776176169238847700,40.55084765625,-0.0992956742768175,-0.0998714100718498,-0.2914524049393832
1776176169248778500,40.56077856445312,-0.1799912409693002,-0.1253179860174655,-0.2675275586683303
1776176169258709800,40.57070971679688,-0.2090145063579082,-0.1259188745200634,-0.2073803292848169
1776176169268640800,40.58064086914062,-0.2334627006496302,-0.1380243228554725,-0.1656749116513878
1776176169278571500,40.590571533203125,-0.2311684522326104,-0.0888952580273151,-0.0977898545574396
1776176169288502800,40.60050268554688,-0.1935375357627868,-0.0211707983225584,-0.0781461196716874
1776176169298433500,40.61043359375,-0.1636041697919368,0.0426888026475906,-0.069423810968548
1776176169308364500,40.62036450195313,-0.1042003700537141,0.0865215146332979,-0.0709820732612162
1776176169318294800,40.630294677734376,-0.0013578443497419,0.1025496893703937,-0.0638570436868816
1776176169328225500,40.6402255859375,0.0583288548499345,0.1396346806615591,-0.0982118793617933
1776176169338156800,40.65015673828125,0.1222761158372275,0.141197692194581,-0.1497892871901393
1776176169348087600,40.66008764648438,0.1375204649865627,0.0888321296632289,-0.169853950901702
1776176169358018600,40.6700185546875,0.159323715993762,0.0804430715024471,-0.1504521350130438
1776176169367949800,40.67994970703125,0.1726145747214555,0.0648626405328512,-0.0753548084527254
1776176169377880600,40.68988061523437,0.1467822143286466,0.062315294137597,-0.0429262646652758
1776176169387811600,40.6998115234375,0.1201484744250774,0.0293693023473024,-0.046423605261743
1776176169397742800,40.70974291992187,0.0531418076008558,0.0021194763720035,-0.0582250291492789
1776176169407673600,40.71967358398437,0.0005932897180318,-0.0363292044878005,-0.0371622212458401
1776176169417604600,40.7296044921875,-0.0581985064685344,-0.1009486839145421,-0.0402150329452008
1776176169427535600,40.73953564453125,-0.0977688848346471,-0.1605710857063531,-0.0105833533346652
1776176169437465600,40.74946557617187,-0.1603670875668525,-0.1864905398607254,0.0520402030345052
1776176169447396900,40.75939697265625,-0.1604828229010105,-0.1947165164142847,0.0512161002352833
1776176169457327600,40.76932763671875,-0.1539005036349408,-0.1204465805888175,0.0549085980776697
1776176169467258600,40.77925854492187,-0.1544066995914094,-0.0780360103607177,0.0402699049375951
1776176169477189600,40.78918969726563,-0.1161345626085996,-0.023390812459588,-0.0120580289971083
1776176169487120600,40.79912060546875,-0.0410182390868663,0.0411047483265399,-0.0383257851324975
1776176169497051400,40.80905151367188,0.0922001539247576,0.0795382316172123,-0.0301853679705411
1776176169506982400,40.818982421875,0.2081435687422752,0.1060924765437841,-0.0242258019790053
1776176169516913400,40.82891333007812,0.3246837895423173,0.142460259476304,-0.013015841178596
1776176169526844400,40.83884448242188,0.3897083426386117,0.1590004753887653,-0.0146217420052736
1776176169536775400,40.848775390625,0.3358990110397338,0.1606488271176815,-0.0687455463808029
1776176169546706400,40.85870654296875,0.2151747825533151,0.1043511858344078,-0.0537100359428674
1776176169556637200,40.86863720703125,0.098265125652682,0.0555675734430551,-0.0016476941417902
1776176169566568400,40.878568359375,-0.0228413801495917,0.0093950203329324,0.054732656988874
1776176169576498400,40.88849853515625,-0.1264636397880967,0.0032031799554824,0.0338278891913592
1776176169586429400,40.898429443359376,-0.2196726784944534,-0.032624504750967,-0.0284790024440735
1776176169596360400,40.9083603515625,-0.2727303149431944,-0.0713040717571973,-0.1066950455468147
1776176169606291200,40.91829125976562,-0.2458954995095729,-0.0743733961999416,-0.1123733103789389
1776176169616222500,40.92822241210938,-0.1690600971102714,-0.0430757561385631,-0.1160815903123468
1776176169626153500,40.93815356445312,-0.0414309115409851,-0.0226478851377964,-0.1457560861513018
1776176169636084200,40.948084228515626,0.0984188731759786,-0.0271025264590978,-0.1105253444246947
1776176169646015500,40.95801538085937,0.2332224804192781,0.0076847092837095,-0.0290278684984892
1776176169655946500,40.967946533203126,0.3176157508522272,0.0613952566832304,0.0895233998630195
1776176169665877200,40.97787719726563,0.2934726587206125,0.0858382085442543,0.1004330625426024
1776176169675808500,40.98780859375,0.1705412755787372,0.1116705689370632,0.0538105737078934
1776176169685739500,40.99773950195313,-0.0043038255406077,0.1204600245922803,-0.022500804817304
1776176169695670300,41.00767016601562,-0.1304781452596187,0.0677636226713657,-0.0757598821222782
1776176169705600500,41.0176005859375,-0.202476026233565,0.0045949265748262,-0.107026104132086
1776176169715531300,41.02753125,-0.2002332340091466,-0.0576660070270299,-0.1485970817308873
1776176169725462500,41.03746264648437,-0.1653869615554809,-0.0805599758803844,-0.1177256311923265
1776176169735393300,41.04739331054687,-0.1749795502871274,-0.0982037691205739,-0.0878310628619045
1776176169745324300,41.05732421875,-0.1343856740921735,-0.0818973619639873,-0.1042041055139154
1776176169755255600,41.06725561523437,-0.0990063176751136,-0.0307218860000371,-0.1386609402585774
1776176169765186300,41.07718627929688,-0.0889612998676951,-0.0017103110492229,-0.1354107062909752
1776176169775117300,41.08711743164063,-0.0332517058717552,0.0239706581741571,-0.1718509699378162
1776176169785048600,41.097048583984375,0.0155681560099124,0.0330003523260355,-0.1582377473879605
1776176169794979300,41.10697924804688,0.063193830537796,0.0661345601648092,-0.1389017632771283
1776176169804910300,41.11691040039062,0.099502567626303,0.0661772302627563,-0.0939560485482215
1776176169814841600,41.126841552734376,0.1033457990509923,0.0313590148597955,-0.0507246634565293
1776176169824772400,41.1367724609375,0.0459194551318883,0.043247605574131,-0.0336289325531572
1776176169834702600,41.14670263671875,-0.0327332258224487,0.0422591790586709,-0.0362774012353271
1776176169844633300,41.15663330078125,-0.1001198318749666,0.023575521376729,-0.0724285457424819
1776176169854564400,41.166564453125,-0.1039952120035886,0.0023275661647319,-0.0390834716320037
1776176169864495600,41.17649560546875,-0.0937941359847784,0.0002501753687858,-0.0012642477821558
1776176169874426400,41.18642626953125,-0.1015571803348604,-0.0176712657690048,0.0108474841635674
1776176169884357400,41.196357421875,-0.0771644790900405,-0.0310848740935325,0.0117880529493093
1776176169894288400,41.20628833007813,-0.0314694894969463,-0.0248836813658475,0.0069444123104214
1776176169904219400,41.21621948242188,-0.0029547581523656,-0.0031271921098232,-0.0293614843670278
1776176169914150400,41.226150390625,-0.0039946225941181,-0.0357131184160709,-0.0597725508522242
1776176169924081400,41.236081298828125,-0.0407107805728912,-0.0601367810547351,-0.1312128892749547
1776176169934012400,41.24601245117187,-0.0648135406941175,-0.0699222620099783,-0.1691493097636848
1776176169943943400,41.255943359375,-0.0691325638038571,-0.0593605359852313,-0.0967368383731692
1776176169953874400,41.26587451171875,-0.0508709400594234,-0.0162999774158,-0.0243524240333586
1776176169963804400,41.27580444335938,-0.0679582775937858,0.0082405896008014,0.0140782827783375
1776176169973735400,41.2857353515625,-0.0762047124134842,0.0215852243423461,0.0321294877756387
1776176169983666400,41.29566650390625,-0.0749216777324676,0.0513999323695898,0.0011860679794102
1776176169993597400,41.30559741210938,-0.0485083025813102,0.0696884532541036,-0.0398171927340328
1776176170003528400,41.315528564453125,-0.0123439332664012,0.0418646267831325,-0.067275400763005
1776176170013459500,41.32545947265625,0.002117731939489,0.0111889180123805,-0.080289853702113
1776176170023390200,41.33539013671875,0.0023784104359801,-0.019261749830842,-0.0846326321467757
1776176170033321500,41.345321533203126,0.0033025486767292,-0.0490127449721097,-0.1580124141994863
1776176170043252500,41.35525244140625,0.0029980127722024,-0.0682668960183858,-0.1603830888535827
1776176170053183200,41.365183349609374,-0.0874012109441217,-0.0434942738115787,-0.0874348300859332
1776176170063114500,41.37511450195313,-0.1081815577775239,-0.0375631301969289,-0.0802747291982173
1776176170073045500,41.38504541015625,-0.1688695429742336,-0.0511135166436433,-0.0976531495004892
1776176170082976300,41.394976318359376,-0.3115425684183835,-0.0133364514350891,-0.1780925677411258
1776176170092906500,41.40490649414063,-0.2141483621150255,-0.0335953956097364,-0.1042781205981969
1776176170102837200,41.41483715820313,-0.1179068329781293,0.0196557175844907,-0.0816741476673632
1776176170112768500,41.4247685546875,-0.0949824689865112,0.0526133998125791,-0.0362967635229229
1776176170122699500,41.43469946289063,-0.0432061045199632,0.0700169545561075,-0.0507850153416395
1776176170132630300,41.44463037109375,-0.0003676597020355,0.0630032764017582,-0.0963346142478287
1776176170142561500,41.4545615234375,0.0278483763903379,0.052951253464818,-0.1547424526181071
1776176170152492300,41.4644921875,0.0092407088373438,0.0210077167153358,-0.140686162475869
1776176170162423300,41.47442333984375,0.0354834013134241,-0.0157411744892597,-0.0771042824685573
1776176170172354600,41.4843544921875,-0.0123819271892309,0.0455541289508342,-0.0006113368313759
1776176170182285300,41.49428540039062,-0.0110053804223076,0.0895510915875434,0.0874783039014786
1776176170192216300,41.50421630859375,-8.47556740045e-05,0.0718336485892534,0.119038613487035
1776176170202147600,41.51414770507812,0.0139957921266555,0.0532382537126541,0.066003846457228
1776176170212078300,41.52407836914063,0.0535854597151279,0.021630232527852,-0.0092263857677578
1776176170222008600,41.53400854492188,0.0645990211606025,0.0100695585936307,-0.0371822411205619
1776176170231939300,41.543939208984376,0.1686848340570926,0.0130453595340251,-0.0177247495219111
1776176170241870300,41.55387036132812,0.2680547243475913,-0.0049152445703744,0.0469018902979791
1776176170251801600,41.56380151367188,0.3834767547726631,-0.0480266565442085,0.072634443578124
1776176170261732400,41.573732421875,0.4265525109112262,-0.1211404080718755,0.0101334906753152
1776176170271663400,41.58366333007813,0.337801045268774,-0.1833966654986143,-0.1101063152950257
1776176170281594600,41.5935947265625,0.1018307274460792,-0.1557692383825779,-0.0976888784009963
1776176170291525400,41.603525390625,-0.0996972225487232,-0.0801063868939876,-0.0523120057132095
1776176170301456400,41.613456298828126,-0.1959293993353843,-0.0330704949527978,-0.0183169432613998
1776176170311387400,41.62338745117187,-0.1582628087639808,0.0186135150551795,-0.0208718153759837
1776176170321318400,41.633318359375,-0.0079600213770405,-0.0043447512060403,0.0220538647674024
1776176170331249400,41.64324951171875,0.1657575484335422,-0.0401128146797418,0.0450591850407421
1776176170341180400,41.653180419921874,0.2403027940690517,-0.0144990654736757,0.0128184919755905
1776176170351111400,41.663111328125,0.2255763495802879,-0.0199812962770462,-0.0203612355053424
1776176170361041400,41.67304150390625,0.1405143861055374,-0.0368535206228494,-0.0380176690313965
1776176170370972400,41.68297241210937,-0.0307248086094856,-0.0331254400104284,-0.0858068635579198
1776176170380903400,41.6929033203125,-0.2267161672651767,-0.0402209512293338,-0.1215326953250914
1776176170390834400,41.70283447265625,-0.3565992692410946,-0.0049058922201395,-0.1761065084904432
1776176170400765400,41.71276538085937,-0.3112076373755931,0.0129927525639534,-0.1814774609390646
1776176170410696400,41.72269653320313,-0.1628174033284187,0.0710199941188097,-0.0701554862439632
1776176170420627500,41.73262744140625,0.024701895058155,0.1382417649984359,0.0017704437386244
1776176170430558500,41.742558349609375,0.1234697278022766,0.1835422114491462,0.0304998407471925
1776176170440489200,41.7524892578125,0.1573895330607891,0.1724509085923433,0.0139629858355969
1776176170450420500,41.76242041015625,0.1442798761188984,0.1662830336123704,-0.0236824888825416
1776176170460351500,41.7723515625,0.1426695183128118,0.1202449205368757,-0.0668032532066106
1776176170470282200,41.7822822265625,0.1119564001411199,0.0722170949488878,-0.0831295341074466
1776176170480213500,41.79221362304688,0.028017887738347,0.0466349099248647,-0.0793758806623518
1776176170490143200,41.80214331054688,-0.1163578499704599,0.0258797066658735,-0.021480521858856
1776176170500074800,41.81207470703125,-0.2948509613364934,0.0461591091066598,0.0241542711127549
1776176170510005800,41.822005859375,-0.3866074540138244,0.0302455006599426,0.0302924816068261
1776176170519936500,41.8319365234375,-0.3673977266311645,0.0104044896364212,0.0001090863976627
1776176170529867800,41.84186767578125,-0.2832119614690542,-0.0145329677432775,-0.0467612397182732
1776176170539798800,41.851798828125,-0.1903004535377025,-0.0316799173772335,-0.0137323188848793
1776176170549729500,41.8617294921875,-0.0910229177057743,-0.0258177473455667,-0.0193634566396474
1776176170559660800,41.87166088867188,0.0131365460904606,0.0088882398545742,-0.0352241658553481
1776176170569591800,41.881591796875,0.0972621043562889,0.0309796601533889,-0.0467503529980778
1776176170579522600,41.8915224609375,0.1474023920536041,0.0644575668632984,-0.0316604089591652
1776176170589453800,41.90145385742188,0.1790986760437488,0.0810346076548099,0.0165565094601362
1776176170599384600,41.91138452148437,0.1390016434550285,0.0653045390814542,-0.0196115861818194
1776176170609315600,41.921315673828126,0.0727472563028335,0.0202431620836257,-0.0767491123553365
1776176170619245800,41.931245849609375,-0.0220037442986504,0.0088730422854423,-0.0885894069485366
1776176170629176600,41.94117651367188,-0.0518681344032287,-0.0212158065080642,-0.0686933778021484
1776176170639107600,41.95110766601562,-0.0222913245017989,-0.0481686953634023,-0.0707142891705036
1776176170649038600,41.96103857421875,-0.0033142368312343,-0.0820522602647542,-0.0997324399925768
1776176170658969600,41.97096948242187,-0.0074339516763226,-0.1182160450577735,-0.0975672978479415
1776176170668900600,41.980900634765625,-0.0313081637386814,-0.1036795701831579,-0.1221735505118966
1776176170678831600,41.99083154296875,-0.066658876299858,-0.0703092155009508,-0.1378580263778567
1776176170688762600,42.0007626953125,-0.0995405706822872,-0.0287128842651844,-0.1263460138909518
1776176170698693600,42.01069360351563,-0.117368488317728,0.0108218382656574,-0.0546141451757401
1776176170708624600,42.02062475585937,-0.1128431198477745,0.0327127675563096,0.0121682844385504
1776176170718555600,42.0305556640625,-0.0472083258986473,0.0498293220520019,0.0011507044050842
1776176170728486700,42.04048657226563,0.0166425072431564,0.0475151998907327,0.0020312135666608
1776176170738417700,42.050417724609375,0.0202279645144939,0.0362701677769422,0.0445701594147831
1776176170748347600,42.06034765625,7.014244838e-06,0.0387041169255971,0.0847401111092418
1776176170758278700,42.070278564453126,-0.0293394917309284,0.0276776959985494,0.0911952055327594
1776176170768209700,42.08020971679687,-0.0014268173619027,0.0163712890863418,0.0596898410048335
1776176170778140700,42.090140625,-0.0031856431571475,-0.0022755437165498,0.0364792804829776
1776176170788071700,42.10007177734375,0.0060047945143945,-0.0001455459505319,0.0386319284722209
1776176170798002700,42.11000268554688,0.0460579868197441,-0.0037210663497447,0.0250306886211037
1776176170807933700,42.11993359375,0.0646843613564968,-0.0160083009928464,0.0260727450199425
1776176170817864700,42.12986474609375,0.0111129278834327,0.0010153145223855,0.0077880965929478
1776176170827795700,42.13979565429688,0.018430557420419,-0.0670931760638952,0.0195477271653711
1776176170837726700,42.14972680664062,-0.0201443801675573,-0.0464373415261507,0.0495491168711334
1776176170847657700,42.15965771484375,-0.1134340714782476,-0.0221697462320327,0.0532636073496192
1776176170857588700,42.16958862304688,-0.1679769780486822,-0.0099807112663984,0.0617086334813386
1776176170867519700,42.179519775390624,-0.1664326712161302,-0.0066980363339185,0.0816350577659904
1776176170877449700,42.18944970703125,-0.127629770091176,0.011124620604515,0.0569186957910656
1776176170887380500,42.19938037109375,-0.0423591323018074,0.0106786304026842,-0.0141512749493122
1776176170897311700,42.20931176757812,-0.0024281033589359,0.0012444471031427,-0.0868150176871568
1776176170907242500,42.21924243164062,0.0238525847524404,-0.0110457101494073,-0.1063343224756419
1776176170917173500,42.22917358398438,0.0616840104967355,-0.0240776256799697,-0.0446681398965418
1776176170927104800,42.23910473632812,0.0602946019649505,-0.0416191275894641,-0.0093967008333653
1776176170937035500,42.24903540039063,0.0858271026283502,-0.076245035290718,-0.0077473992563784
1776176170946966500,42.25896655273438,0.0648468584418296,-0.0712117172986269,-0.0057404433481395
1776176170956897800,42.268897705078125,0.0030921213672641,-0.030709026518464,-0.014609028654173
1776176170966828500,42.27882861328125,-0.0710047965496778,-0.0178559746861457,-0.0460525069270282
1776176170976759600,42.28875952148437,-0.1433230137854814,0.0387134692758321,-0.0703877606298774
1776176170986690800,42.29869091796875,-0.1586620372146368,0.0837456201791763,-0.07527392523624
1776176170996621600,42.30862158203125,-0.0753589001059532,0.0778711751878261,-0.0653265317175537
1776176171006551800,42.3185517578125,0.0357739086925983,0.0332335765600204,-0.0427352721378207
1776176171016482600,42.32848266601562,0.1251882221579551,0.0346679932773113,-0.0476824462164193
1776176171026413600,42.33841357421875,0.1569265917241573,0.020112229180336,-0.0166750943385064
1776176171036344800,42.3483447265625,0.1536053383469581,0.0558452213406562,-0.0094982615116983
1776176171046275600,42.358275634765626,0.1071381862044334,0.0824643481969833,-0.0102595282077789
1776176171056206600,42.36820654296875,0.0448351670265197,0.0795814862370491,-0.0571809999890625
1776176171066137600,42.3781376953125,-0.0626946488440036,0.0570680411338806,-0.1048361928723752
1776176171076068600,42.38806860351563,-0.1165279458403587,0.0619195728182792,-0.1070394750703126
1776176171085999600,42.39799951171875,-0.1379734694510698,0.0542003767430782,-0.1114940433263778
1776176171095930600,42.4079306640625,-0.1037754317730665,0.0515624294549226,-0.0777133542776107
1776176171105861600,42.41786157226562,-0.0277782337635755,0.0174608378887176,-0.1044671403642743
1776176171115792600,42.427792724609375,0.0306914908617734,-0.0196118784427642,-0.0726468646682798
1776176171125723600,42.4377236328125,0.0178963066965341,-0.017628011149168,-0.0423060138750821
1776176171135654700,42.44765454101562,-0.008003274855233,-0.0162327573984861,-0.0402914591822773
1776176171145584600,42.45758471679687,-0.0390817180663347,-0.0245598562389612,-0.0325417949035763
1776176171155515600,42.467515625,-0.0432768316686153,-0.0008382043898105,-0.0344104383196681
1776176171165446700,42.47744677734375,-0.0612514642983674,-0.0041863457739353,-0.0211763512805104
1776176171175377700,42.48737768554688,-0.0894061301589012,0.0085199910640716,0.0067076809450983
1776176171185308700,42.49730859375,-0.0907020151883363,0.0502577765971422,0.0073537237636744
1776176171195239400,42.50723950195312,-0.100857498499751,0.0623895284175872,-0.010063055787608
1776176171205170700,42.51717065429688,-0.0897007291913032,0.0667442164957523,-0.0295290229536592
1776176171215101700,42.52710180664062,-0.0515641830205917,0.0921937150508165,-0.0486025567360222
1776176171225032400,42.53703247070312,-0.010525484525942,0.0741945325016975,-0.0883965877901762
1776176171234963700,42.54696362304688,0.0577805733174085,0.0101993224531412,-0.0941805049538612
1776176171244894700,42.556894775390624,0.1118757361203432,-0.0124918173044919,-0.0864468419618904
1776176171254825500,42.566825439453126,0.1930272481530904,-0.0077758946985006,-0.0091925565633922
1776176171264756700,42.5767568359375,0.187613990932703,-0.0055038581132888,0.0032414661392569
1776176171274686500,42.5866865234375,0.0918617066174745,0.0503004466950893,-0.1181525513675063
1776176171284617700,42.59661767578125,0.0835118114233016,0.0577694674015045,-0.0876871243465691
1776176171294548700,42.606548828125,0.088981182745099,0.1010486371576786,-0.0669443421777337
1776176171304479500,42.6164794921875,0.0037672412957414,0.1122907466620206,-0.0288194864448159
1776176171314410800,42.62641064453125,0.0083171596850617,0.0821913764744997,-0.1391012313719838
1776176171324341500,42.63634155273437,0.0434101026594638,0.0008294365614652,-0.2098229001313447
1776176171334272500,42.6462724609375,0.0981762965917587,-0.0671434449464082,-0.2848383205618709
1776176171344203800,42.65620385742187,0.2292956623643636,-0.1943114427447319,-0.2596108672596514
1776176171354134500,42.66613452148437,0.2287590712696313,-0.1924725368797779,-0.3188982649434357
1776176171364065500,42.6760654296875,0.0818675513476133,-0.1957850224286317,-0.3030012423053383
1776176171373996800,42.68599682617187,0.0335574016869068,-0.1706897441387176,-0.1757486349634826
1776176171383927600,42.695927490234375,-0.0518944333216873,-0.0548076949864625,-0.1518083719275891
1776176171393858600,42.70585864257812,-0.1712649136781692,-0.0260761060208082,-0.1041517908047884
1776176171403788500,42.71578857421875,-0.2261351525068283,0.0533867222726345,0.0783523828335106
1776176171413719600,42.72571948242187,-0.2825841849595308,0.127170920407772,0.1409939863160252
1776176171423650800,42.73565087890625,-0.2704261296540499,0.1334878484696149,0.0808819743763655
1776176171433581600,42.74558154296875,-0.1640063208520412,0.0919698431670665,-0.0642496962662786
1776176171443512600,42.7555126953125,-0.0740501555949449,0.0895101750552654,-0.0257991157103329
1776176171453443800,42.76544384765625,-0.0476110706137958,0.0341729032367467,-0.1213414836019277
1776176171463374600,42.77537451171875,0.0201467159718275,-0.0009983633875846,-0.1434265472251921
1776176171473305600,42.7853056640625,0.0669505572893889,-0.0201467159718275,-0.0609611761149019
1776176171483236600,42.79523657226562,0.0546025323697598,0.0167331081360578,0.0150632752276957
1776176171493167600,42.805167724609376,0.069376318565011,0.0334141938239336,0.1391698396287858
1776176171503098600,42.8150986328125,0.109015085992217,0.0279307939767837,0.2131730873420834
1776176171513030000,42.82502978515625,0.0307610489666461,0.0547165095716714,0.1682042109332978
1776176171522960600,42.83496069335938,0.0389338385948212,-0.0058463879406452,0.1147808829773217
1776176171532891000,42.84489086914063,0.0567833881067577,-0.0001157353341579,0.0391080215513706
1776176171542822000,42.85482177734375,0.0407172103136777,0.0014402619361877,-0.0530227112658321
1776176171552752600,42.86475268554688,0.0234597906091483,0.0225578687667846,-0.1091477724611759
1776176171562684000,42.87468383789062,0.0065022260674508,0.0508545734465122,-0.1564754138905555
1776176171572614700,42.88461474609375,0.0164051959225209,0.039060675278306,-0.1315391255546361
1776176171582545700,42.89454565429688,0.0246335082803503,0.0155588036596775,-0.119493663778156
1776176171592477000,42.90447680664062,0.0151888013035058,-0.0123076929092407,-0.1283121993973851
1776176171602407700,42.91440771484375,0.0359597866535186,-0.0283732770472764,-0.0961697060097008
1776176171612338700,42.92433862304687,0.026540218684508,-0.0229138425976037,-0.1475786254033446
1776176171622270000,42.93427001953125,0.0326987413142458,-0.0268605343967676,-0.1203752689182758
1776176171632200700,42.94420068359375,0.0146878660440444,-0.0059328971803188,-0.092114877660945
1776176171642131700,42.95413159179687,-0.0258218389987945,0.0116863461405038,-0.0957236427426338
1776176171652063000,42.96406298828125,-0.054451141200331,0.0163847330898046,-0.1433639303177595
1776176171661992700,42.97399267578125,-0.0453033690601587,0.0162006086945533,-0.1574523691639304
1776176171671924000,42.98392407226562,0.0440899107503239,0.0071229837477207,-0.1808055530268698
1776176171681854700,42.993854736328124,0.1169990704834461,-0.0254629425585269,-0.0945746919032186
1776176171691785700,43.00378564453125,0.1659036789059638,-0.0300163680791854,-0.0067906830534338
1776176171701716700,43.013716796875,0.1525520299017429,-0.0250759890675544,0.0313811536263674
1776176171711647700,43.023647705078126,0.075323239704105,-0.0030079496443271,0.0567559795100241
1776176171721578800,43.03357885742187,-0.005783848665026,-0.0027221184402704,0.0667364715807139
1776176171731509800,43.043509765625,-0.1028711764097213,0.0187064540356397,0.0407204982493072
1776176171741440800,43.05344067382813,-0.1737228282243013,0.015281740283966,0.0085321929585188
1776176171751371800,43.063371826171874,-0.1966910313576459,-0.0015144962161779,-0.0659448097463697
1776176171761302800,43.073302734375,-0.1783960807323455,-0.0004833996027708,-0.1359798114158213
1776176171771233800,43.08323388671875,-0.1279845748782158,-0.0094575641751289,-0.1997375594466924
1776176171781164800,43.09316479492188,-0.0817927325457334,-0.0135416186183691,-0.1822202421303838
1776176171791095800,43.103095703125,-0.0544505475452868,0.0293026668518781,-0.0948744785673916
1776176171801025800,43.11302587890625,-0.0341319775713142,0.0466799181103706,0.0260582781031727
1776176171810956800,43.12295678710937,-0.0272124120077816,0.0532376691907644,0.0578751197330653
1776176171820887800,43.1328876953125,-0.0374625924319028,0.0722685328751802,0.0557701102778315
1776176171830818800,43.14281884765625,-0.0394885498681338,0.0715320352941751,-0.0272918384861201
1776176171840749800,43.152749755859375,-0.0108399584442377,0.022432196560502,-0.0911895064443349
1776176171850680800,43.16268090820312,0.0179079971343278,-0.0051209962755441,-0.0908954188685864
1776176171860611600,43.17261157226562,0.0134621190747944,-0.002603460496664,-0.0942461175359785
1776176171870542800,43.18254296875,-0.0103062945255311,-0.0032405893564224,-0.0992507208902388
1776176171880473900,43.19247387695312,-0.0306213528015883,-0.029181670820713,-0.1020040381863713
1776176171890404600,43.202404541015625,-0.0437900418877601,-0.0449555785357952,-0.0632680648177862
1776176171900335900,43.2123359375,-0.0594207463064463,-0.026510990306735,-0.0937882177006453
1776176171910267000,43.222266845703125,-0.0258989958882331,-0.0197685303092002,-0.1226516894176602
1776176171920197600,43.23219775390625,0.0120212771832942,-0.0137882868558168,-0.1020725003127008
1776176171930128000,43.2421279296875,0.0442032988637685,0.0190086518526077,-0.0660434478152543
1776176171940058600,43.25205859375,0.0881172593921423,0.0156295308083295,-0.0490826684031635
1776176171949990000,43.261989990234376,0.0620920067757368,0.0374538246035575,-0.0501987398862838
1776176171959921000,43.2719208984375,0.0400035090863704,0.0440250196874141,-0.0444504785578697
1776176171969851600,43.2818515625,-0.0011684638240607,0.0165881467074155,-0.0851650585230439
1776176171979783000,43.29178295898438,-0.0478735118091106,-0.0203612355053424,-0.1534835385981947
1776176171989713700,43.30171362304687,-0.0984480992704629,0.0119219084620475,-0.1729287552371621
1776176171999644700,43.31164477539063,-0.097567809304595,0.0191962833791971,-0.1219672142848372
1776176172009576000,43.32157592773437,-0.0522995069912401,0.017521628165245,-0.0324405264861881
1776176172019506700,43.33150659179688,-0.0058533976367441,0.0330418533802032,-0.0078198799706995
1776176172029437700,43.34143774414063,0.0557248189645353,0.0238964238941669,-0.0209460496559739
1776176172039369000,43.35136889648437,0.0792109084921423,-0.0076467153608798,-0.0234177735317498
1776176172049299700,43.3612998046875,0.0947749637156724,-0.0229658650457859,0.0105011549439281
1776176172059230000,43.37122998046875,0.0915373152350075,-0.0232709854722023,0.0338524391107261
1776176172069160700,43.38116064453125,0.0638192598266061,-0.0347533334732055,0.0428489616453647
1776176172079091700,43.391091796875,0.013500702086091,-0.02693067702353,0.038542204362154
1776176172089023000,43.40102294921875,-0.0318938615220133,-0.0087999770492315,0.0033846009369939
1776176172098953700,43.41095361328125,-0.0932417719321791,-0.008043605723977,-0.0505491607591509
1776176172108884700,43.420884765625,-0.1495750599175691,-0.0309556947559118,-0.1093147995911538
1776176172118815700,43.43081567382813,-0.1669528956979513,0.001439677414298,-0.1585121804151684
1776176172128746800,43.44074682617188,-0.1225315701693296,0.0083697689384222,-0.1700095067895948
1776176172138677800,43.450677734375,-0.086827219581604,0.0354775560945272,-0.1398459853246808
1776176172148608800,43.46060888671875,-0.0136853973035002,0.0396902053534984,-0.1155072244904935
1776176172158539800,43.47053979492188,0.0503226493937429,0.0326958164215087,-0.0556678920123726
1776176172168470800,43.480470703125,0.0720604430824518,0.0210889652580022,0.0207556416504085
1776176172178401800,43.49040185546875,0.05614682550258,-0.0142196640104055,0.0040279403418302
1776176172188332800,43.50033276367188,0.0620347236305475,-0.0001695113480091,-0.0229430686920881
1776176172198262800,43.5102626953125,0.0331324451399501,-0.007816226708889,-0.0289599908940494
1776176172208193800,43.52019384765625,0.0132511112391948,-0.0039338323175907,-0.0010953940212726
1776176172218124800,43.530124755859376,0.0248895311513217,-0.0021621464699506,0.0131334762088954
1776176172228055800,43.54005590820312,0.0354138432085514,0.0243231248736381,-0.0077520023662596
1776176172237986800,43.54998681640625,-0.0072089084655046,0.0351309346139431,-0.0048231823727488
1776176172247917800,43.55991772460938,-0.0400859266728162,0.0685205785185098,0.0148573773920536
1776176172257848800,43.56984887695312,-0.0709825847178697,0.0646346769958734,0.0093729546315968
1776176172267779800,43.57977978515625,-0.045353053420782,0.0453033690601587,-0.0480240261957049
1776176172277710600,43.58971069335937,0.0170469963908195,0.0427303037017583,-0.0036721857067197
1776176172287641900,43.599641845703125,0.0539092848420143,0.0377840794712305,0.0582712794438004
1776176172297572900,43.60957275390625,0.0874894828826189,0.0400426720529794,0.087220237487182
1776176172307503600,43.61950366210937,0.0724099917390616,0.0704746351957321,0.0598459814146161
1776176172317435000,43.62943481445313,0.0038128362864255,0.0898591346234083,0.0364158598579466
1776176172327366000,43.63936596679687,-0.0493231260955333,0.0881242736548185,0.0289153480347245
1776176172337296000,43.6492958984375,-0.0481371311813592,0.0695680417448282,-0.0047599809434264
1776176172347227000,43.65922680664063,0.0560439587831497,-0.04608429030478,0.0534810494925826
1776176172357157600,43.66915771484375,0.1210579904854297,-0.0614092852085828,0.1635850267000496
1776176172367089000,43.6790888671875,0.1444043792814016,-0.0673760846585035,0.2388715922221541
1776176172377020000,43.68902001953125,0.1626777025967836,-0.0502314731121063,0.2260910941693931
1776176172386950700,43.69895068359375,0.145599142023921,-0.0129816466480493,0.1821362171087414
1776176172396882000,43.7088818359375,0.1078647469133138,0.0133516490042209,0.1132729626324027
1776176172406812700,43.71881274414063,0.0804658678561449,0.0227162741988897,0.0338259894952178
1776176172416743700,43.72874365234375,0.0514355882048606,-0.0095867435127496,-0.0694457305394113
1776176172426675000,43.73867504882813,0.0723193862795829,-0.0459656323611736,-0.0910219678577035
1776176172436605700,43.74860571289062,0.1147159279823303,-0.0687561408400535,-0.0772271781958639
1776176172446536700,43.75853662109375,0.1535609146833419,-0.0755716660737991,-0.0740967712156474
1776176172456466700,43.768466796875,0.1803133125305175,-0.125194067376852,-0.0501281588681042
1776176172466397700,43.77839770507813,0.1962204912364482,-0.0946124666303396,-0.0092881989575922
1776176172476329000,43.788328857421874,0.1430769300699234,-0.0396434436023235,0.0193906369075179
1776176172486259700,43.798259765625,0.1056605148673057,0.0247808055132627,0.0368007675223052
1776176172496190700,43.80819067382812,0.0467968224883079,0.0688952570497989,0.0559573034130036
1776176172506122200,43.81812231445313,0.0245429073874489,0.0763444040119648,0.0270300457447767
1776176172516053200,43.82805322265625,0.0453285035014152,0.086456048181653,-0.0047535512026399
1776176172525984000,43.83798388671875,0.0381844746823771,0.0655640668004751,-0.044440176359564
1776176172535915300,43.84791528320312,0.0476361959218978,0.0753162300080061,-0.0355026905357837
1776176172545846300,43.85784619140625,0.0151695120811462,0.0770996062934398,-0.0505784599188715
1776176172555777000,43.86777709960938,0.0136731360435485,0.0490939935147762,-0.0404602398779243
1776176172565708300,43.87770825195312,0.0403051223814487,0.020220365729928,-0.000439122069627
1776176172575639300,43.88763940429688,0.0834662187159061,-0.0190787944793701,0.0672814651776105
1776176172585570000,43.89757006835937,0.1104500872313976,-0.0393248791724443,0.0661791299588978
1776176172595500300,43.90750024414063,0.1222328794836997,-0.0257172095805406,0.0707980219312012
1776176172605431000,43.91743115234375,0.0936146877646446,0.0093272157937288,0.0726311556424945
1776176172615362000,43.92736206054688,0.0408440515637397,0.0494464602142572,0.0130193483099341
1776176172625293300,43.93729321289062,-0.0148234751224517,0.0573503652065992,-0.0666081690259277
1776176172635224000,43.94722412109375,-0.0584381604433059,0.0665536623597145,-0.1187060935970395
1776176172645155000,43.95715502929688,-0.0504395629048347,0.0777916802108287,-0.1104808476958423
1776176172655086000,43.967086181640624,0.0155845226228237,0.0361287134796381,-0.1772588933959603
1776176172665017000,43.97701708984375,0.1188344692170619,-0.0151478847712278,-0.1716883267220109
1776176172674948000,43.98694799804687,0.2027811649262905,-0.0378887088894844,-0.140699314218387
1776176172684879000,43.99687915039063,0.2064320886492729,-0.0785042123943567,-0.1126128182232379
1776176172694810000,44.00681005859375,0.186871648132801,-0.1033218427866697,-0.1159630784992128
1776176172704741000,44.0167412109375,0.139554601162672,-0.0893967778086662,-0.0902020297769457
1776176172714672000,44.02667211914063,-0.0267845465511083,-0.0448760835587978,-0.0123943482793867
1776176172724602000,44.03660205078125,-0.1597258670538663,0.0293336465120315,-0.0007153817277401
1776176172734533000,44.046533203125,-0.2218114440888166,0.0277080911368131,-0.0306231748659163
1776176172744464100,44.056464111328125,-0.2349105796366929,-0.0146089555889368,-0.0620937603414058
1776176172754395100,44.06639501953125,-0.2550958740532398,0.0035363574326038,-0.0927626740451902
1776176172764326100,44.076326171875,-0.2585843006908893,0.0222907422631978,-0.094479195639491
1776176172774257200,44.08625708007813,-0.2026426332384348,0.0048608840346336,-0.1070146328900009
1776176172784188200,44.09618823242187,-0.1338712948292493,0.0224175835132598,-0.1359902597445994
1776176172794119200,44.106119140625,-0.1077343985319137,0.0355979676038026,-0.1356666538134217
1776176172804050200,44.11605029296875,0.0185030427013174,-0.0037356793969869,-0.1549810836795717
1776176172813981200,44.12598120117188,0.0831312876731157,0.009686696755886,-0.1645669504094868
1776176172823912200,44.135912109375,0.0610743541657924,0.044881344255805,-0.1898169078044593
1776176172833843200,44.14584326171875,0.0428244071594206,0.0454512530982494,-0.187895438222587
1776176172843774200,44.15577416992188,0.0197445649117231,0.0448117861509323,-0.1500049027021974
1776176172853705200,44.16570532226562,-0.0015220995673211,0.028144728988409,-0.1159762302417308
1776176172863635000,44.17563500976563,-0.0409282227158546,0.0679068305343389,-0.0900283537104725
1776176172873566200,44.185566162109374,-0.0707920305818319,0.0716442634969949,-0.0266383430134505
1776176172883497200,44.19549731445313,-0.1079763905942439,0.0561865821242332,0.019470058819279
1776176172893428000,44.20542797851562,-0.1402262168139219,0.0765694449394941,0.0743364251904189
1776176172903359200,44.215359130859376,-0.1245540159076452,0.0551028785407543,0.079779712222889
1776176172913290200,44.22529028320312,-0.1105272441208362,0.0147790514588356,0.0485001192748546
1776176172923221000,44.23522094726562,-0.0896668269217014,-0.017316460981965,0.0035616380043327
1776176172933152300,44.24515234375,-0.0379272827676264,-0.0061906713336706,-0.0161511435296386
1776176172943083000,44.2550830078125,0.0002747298547299,-0.0342956528335809,-0.0119921972192823
1776176172953014000,44.265013916015626,0.0495733014643192,-0.0316314020603895,-0.0289800107687711
1776176172962945300,44.2749453125,0.1035030445724725,-0.0103033673495054,0.0005386369213461
1776176172972876000,44.2848759765625,0.1213590192586183,0.0149123224496841,0.0118083650849759
1776176172982807000,44.29480712890625,0.1041565400451421,0.0654682052105665,0.0566557340059429
1776176172992737000,44.30473706054688,0.0733352898904355,0.0901601633965969,0.0650873891994357
1776176173002668000,44.31466796875,-0.0094750998318195,0.080264207804203,0.0251226777534931
1776176173012599300,44.32459936523438,-0.068536945131421,0.0655190586149692,-0.017818638350442
1776176173022530000,44.33453002929687,-0.0822808083236217,0.0408177480787038,-0.0384688468649983
1776176173032461000,44.3444609375,-0.0213321217975346,-0.0135381114870309,-0.0240555599786341
1776176173042392300,44.35439233398437,0.0790191761791706,-0.0121814361810684,0.0669748834464699
1776176173052323000,44.36432299804687,0.1451566589534282,0.0194978966742753,0.1628549588598311
1776176173062254000,44.37425415039063,0.1781950052022934,0.0308592486441135,0.1471619343612343
1776176173072185000,44.38418505859375,0.1731207706779241,0.0095902506440877,0.0669276833038777
1776176173082116000,44.3941162109375,0.0827946030646562,0.0582931990146636,-0.0023168986402451
1776176173092047000,44.40404711914063,0.0168412446856498,0.0635766923755407,-0.0348779827661812
1776176173101978000,44.41397802734375,-0.0394201562404632,0.0467079751610755,-0.0246002613145858
1776176173111909000,44.4239091796875,-0.0203027833163738,0.0549924039036035,-0.0082548373218625
1776176173121840000,44.43384008789062,0.0293944367885589,0.0178039522379636,0.0324788857351988
1776176173131770000,44.44377001953125,0.0798906983166933,-0.0079752166628837,0.07325272160694
1776176173141701000,44.453701171875,0.1539957989692688,-0.0111795656621456,0.0817228091146796
1776176173151632100,44.46363208007813,0.1843734015762805,-0.0338397257596254,0.0148013363558799
1776176173161563100,44.473563232421874,0.1681248620867729,-0.0255120423972606,0.0529446045283228
1776176173171494100,44.483494140625,0.0964911108506377,0.0097790512144565,0.0834133194848895
1776176173181425200,44.49342504882812,0.0343582012423547,0.0457096117734909,0.0847358002603054
1776176173191356200,44.50335620117188,0.0012310030996799,0.0732563748687505,0.074127458614856
1776176173201287000,44.51328686523438,-0.0143085113376379,0.0666845952630043,0.0686959350854158
1776176173211218200,44.52321826171875,0.0064484454870223,0.0749409669548273,0.0620149960167705
1776176173221149200,44.53314916992188,0.0881593449681997,0.0383417133539915,0.1052441891513764
1776176173231080000,44.54307983398437,0.1528963132947683,-0.048394905334711,0.1152666937328875
1776176173241011200,44.55301123046875,0.1779384000927209,-0.1477186183959245,0.1398826640732586
1776176173250942200,44.56294213867187,0.1390963451343122,-0.2161421662807464,0.1637798186197877
1776176173260872200,44.5728720703125,0.0646902157085482,-0.2119067206680774,0.1027484998781234
1776176173270803200,44.58280322265625,-0.0608025332207791,-0.1225450141727924,0.0723872638840228
1776176173280734000,44.59273388671875,-0.2127759047180414,-0.0295972658842802,0.0659255935892462
1776176173290665200,44.60266528320312,-0.3420633788883686,0.0509399136424064,0.0239271843586117
1776176173300596200,44.61259619140625,-0.3548790213197469,0.1193704757899045,-0.0064090633247047
1776176173310527000,44.62252685546875,-0.2854039185553789,0.1144651680916547,-0.0051855128791183
1776176173320458200,44.632458251953125,-0.1763397327244281,0.0373813438892364,-0.0488769166979938
1776176173330389200,44.64238916015625,-0.0930336730062961,0.0248614695340394,-0.0926050723306834
1776176173340320000,44.65232006835937,-0.0292103123933076,0.0509352374672889,-0.0456884228549897
1776176173350251300,44.662251220703126,-0.0047661914885044,0.0716354956686496,-0.0011362374883145
1776176173360182000,44.67218212890625,0.0160083009928464,0.0614490326970815,0.0368687181919813
1776176173370113000,44.682113037109374,-0.0074655227082315,0.067783496415615,0.1126846413504332
1776176173380044300,44.69204418945313,-0.0310451266050338,0.0500648843735456,0.083608988187462
1776176173389975000,44.70197509765625,-0.0483627474976237,-0.0059387423992156,0.0921144392695277
1776176173399905300,44.7119052734375,-0.0792687670260667,-0.0112064536690711,0.0778955059114843
1776176173409836000,44.7218359375,-0.0895189520167652,-0.0126981535315513,0.1103167431753128
1776176173419767000,44.73176708984375,-0.0850625571297947,-0.0023018472015857,0.1670665852054953
1776176173429698300,44.7416982421875,-0.054929860061407,-0.0120955114632844,0.2026505973491817
1776176173439629000,44.75162915039063,-0.0338637002902571,-0.0239542915612459,0.2065107068434357
1776176173449560000,44.76156005859375,0.020526659766701,-0.0466126980930566,0.2211085565164685
1776176173459491300,44.7714912109375,0.0384597913422854,-0.0946872854322195,0.1739224424496293
1776176173469422000,44.78142211914062,0.0302466742702992,-0.1388333011507987,0.0813918235946446
1776176173479353000,44.79135302734375,-0.0075362407237291,-0.1495224529474973,0.1158584490809589
1776176173489284000,44.8012841796875,-0.1070259580016136,-0.1223690730839967,0.1319298053726554
1776176173499214800,44.81121484375,-0.2245686338424682,-0.0638350510507822,0.1681402057863771
1776176173509145900,44.821145751953125,-0.3554062600642442,0.0072410571694374,0.2067526258405297
1776176173519076900,44.83107690429687,-0.4313257166624069,0.0883411312758922,0.2051680600628256
1776176173529006800,44.8410068359375,-0.5056353999763726,0.132911509886384,0.2057927678324282
1776176173538937900,44.85093774414062,-0.4896048871517181,0.1636643755465746,0.2135164939522743
1776176173548868900,44.86086889648438,-0.3989928883343935,0.2252677220225334,0.2171963515087962
1776176173558800000,44.8707998046875,-0.2297562656134366,0.2295434996455907,0.098225615626201
1776176173568731000,44.88073095703125,0.016199439650774,0.1867225950509309,0.1023457642961293
1776176173578662000,44.89066186523438,0.1915150900244712,0.1871282532423734,0.1667535006683319
1776176173588593000,44.900593017578124,0.347377851909399,0.2101899798780679,0.0555299448464065
1776176173598524000,44.91052392578125,0.4407727594435214,0.2147802302777767,-0.0091277476988732
1776176173608455000,44.92045483398437,0.4159399314820766,0.2533189275085926,-0.0606605126678943
1776176173618385700,44.9303857421875,0.2956336361467838,0.29047464594841,-0.0602742898292839
1776176173628317000,44.94031689453125,0.13722703499794,0.2844178301274776,-0.0736250620506703
1776176173638248000,44.950248046875,0.0150958623230457,0.2414151392251253,-0.0239822755467146
1776176173648178700,44.9601787109375,-0.0329448227465152,0.1604214481025934,0.054601651020348
1776176173658109000,44.97010888671875,-0.0674620185094419,-0.044021512556076,0.1086269634574651
1776176173668039700,44.98003979492187,0.0170201083838939,-0.3223357651114463,0.1637015657518059
1776176173677971000,44.989970947265626,0.099938045567274,-0.4947492643028497,0.1827408319383859
1776176173687902000,44.99990185546875,0.2087713452517986,-0.6665408322036266,0.1723928947947919
1776176173697832700,45.009832763671874,0.2471323478281497,-0.7837807257056236,0.1908607177689671
1776176173707764000,45.01976391601563,0.2830827821314334,-0.819666278079152,0.1745953732751309
1776176173717695000,45.02969506835937,0.2453109776198863,-0.6294371362119913,0.1512439429778605
1776176173727625700,45.03962573242188,0.086471839405829,-0.334473946672678,0.1644637092307209
1776176173737557000,45.04955688476562,-0.1403413493598811,-0.0366916080594062,0.1676844979081302
1776176173747487700,45.05948779296875,-0.2818412576377391,0.2049520792245864,0.065904039344564
1776176173757418800,45.06941870117188,-0.2832371141766198,0.3497703000038862,-0.0484892325546592
1776176173767350000,45.07935009765625,-0.1780219867229461,0.4365700470566749,-0.0785024588286876
1776176173777280800,45.08928076171875,-0.0189992812360636,0.5030921452343463,-0.0839138894181698
1776176173787211800,45.09921166992188,0.181116463873256,0.4968605573683977,-0.0615676175754517
1776176173797141800,45.10914184570313,0.3231704623699188,0.4400602272599935,-0.0158450732551515
1776176173807072800,45.11907275390625,0.3436532784283161,0.3689981475651264,-0.0033189883548766
1776176173817004000,45.12900415039063,0.3017278613686561,0.2499532504677772,-0.0183900084976106
1776176173826934800,45.13893481445312,0.2044891561542637,0.1295055008351802,-0.0552170795049518
1776176173836865800,45.14886572265625,0.1187725281630642,-0.0092915599584579,-0.0972826356876641
1776176173846797000,45.15879711914062,-0.0203939504648558,-0.1153220771819353,-0.1327156219881027
1776176173856727800,45.16872778320312,-0.1693617104053497,-0.1687666671216487,-0.1891853319026529
1776176173866658800,45.17865893554688,-0.3419336150288581,-0.175884974694252,-0.1302378336977213
1776176173876590000,45.188590087890624,-0.4531026641845703,-0.1192962415099143,-0.1003518870651721
1776176173886520800,45.198520751953126,-0.4887596684992313,-0.0252916776448488,-0.0833475607722997
1776176173896451800,45.20845190429687,-0.4251449822008609,0.0145908354103565,-0.016723828851059
1776176173906382800,45.2183828125,-0.2968342441082,0.0515121605724096,0.0136818308066576
1776176173916313900,45.22831396484375,-0.1539478681743145,0.0570797315716743,0.0377133523225784
1776176173926244900,45.23824487304688,-0.0175052798186428,0.0712713385313749,0.0525068706981837
1776176173936174800,45.2481748046875,0.1290998426437377,0.0376356109112501,0.0518364971559494
1776176173946105900,45.25810595703125,0.1832745004236698,0.0388876567989587,-0.0064588207505643
1776176173956036900,45.26803686523437,0.1105307421190198,0.0399941567361354,-0.0999435985252261
1776176173965968000,45.2779677734375,-0.0197521728294435,0.0427256275266408,-0.1212996902868151
1776176173975899000,45.28789892578125,-0.1490343680364545,0.05401040712893,-0.1246487815190106
1776176173985830000,45.29782983398437,-0.2574105807363986,0.0533791234880685,-0.1090799679219722
1776176173995761000,45.30776098632813,-0.3105038730204105,0.0302349792659282,-0.0751108436290174
1776176174005692000,45.31769189453125,-0.2900970448076725,0.0087613986045122,-0.0709115653082728
1776176174015623000,45.327622802734375,-0.2265828962743282,-0.025994272956252,-0.0851741916775703
1776176174025554000,45.33755395507813,-0.1776023000061511,-0.0366167892575263,-0.1270328271113336
1776176174035484700,45.34748461914062,-0.0920130795205943,-0.0596674099773168,-0.1529940745808184
1776176174045416000,45.357416015625,0.0002291417139116,-0.0977905121445655,-0.2083138107426464
1776176174055347000,45.36734692382812,0.0726736156778875,-0.1219447101920843,-0.218190257916972
1776176174065277000,45.37727685546875,0.1035912891115061,-0.1599684436380863,-0.2311255081400275
1776176174075208000,45.3872080078125,0.0549053010088857,-0.1443991185843944,-0.2635715875841677
1776176174085138700,45.397138671875,-0.0265314531394513,-0.0969651672363281,-0.3350849912431091
1776176174095070000,45.407070068359374,-0.0819242499709129,-0.0590343727707862,-0.3638574236758053
1776176174105001000,45.4170009765625,-0.1403039582252502,-0.0436515101999044,-0.4069877595458179
1776176174114931700,45.426931640625,-0.2201683530569076,0.0227203658521175,-0.3441531907744705
1776176174124863000,45.436863037109376,-0.2786439229011535,0.0851893892467021,-0.2743382615964859
1776176174134794000,45.4467939453125,-0.273053555548191,0.1457177999675273,-0.2427412732623517
1776176174144724700,45.45672485351562,-0.2133516587793827,0.1289332539051771,-0.2175174732219427
1776176174154656000,45.46665600585938,-0.148633395153284,0.1376607502400875,-0.1617852107364684
1776176174164586800,45.47658666992187,-0.0691723204255104,0.1256172612249851,-0.127151850381121
1776176174174517800,45.486517822265625,0.025015198791027,0.0577507627010345,-0.1570710416961461
1776176174184449000,45.49644897460937,0.0798901137948036,5.26069700717e-05,-0.1755045970745384
1776176174194379800,45.5063798828125,0.0803659146130084,-0.0319148951768875,-0.1516210326619446
1776176174204310000,45.51631005859375,0.0227975227415561,-0.0604255348682403,-0.1061436952743679
1776176174214240800,45.52624072265625,-0.0434013348311185,-0.1120201130270957,-0.084337813918665
1776176174224171800,45.536171875,-0.1414390997350215,-0.0853740981638431,-0.1475196617577225
1776176174234103000,45.54610302734375,-0.2778203315585851,-0.064877838101983,-0.1722360967978835
1776176174244033800,45.55603369140625,-0.3640279579371214,-0.041595162191987,-0.2232557246129959
1776176174253964800,45.56596484375,-0.3861638018995523,-0.0388356343507766,-0.2523903414215892
1776176174263896000,45.57589599609375,-0.3573918809235096,-0.0188683665990829,-0.2145036052934825
1776176174273826800,45.58582690429687,-0.276865807312727,0.0039203883141279,-0.1837066082306206
1776176174283757800,45.5957578125,-0.1562567296385765,0.0067968205332756,-0.2059832489032298
1776176174293689000,45.60568920898437,-0.0711485889345407,0.0182201318234205,-0.1780755435410886
1776176174303619800,45.61561987304688,-0.0056575873702764,0.006878069075942,-0.1626193234730512
1776176174313550800,45.62555078125,0.0063525838971138,0.0106166710823774,-0.1594444928292185
1776176174323481900,45.63548193359375,0.0128875386238098,0.0148866034865379,-0.1823924568921327
1776176174333412900,45.64541284179688,0.0398620547890663,-0.0141343238145112,-0.1429005505897104
1776176174343342800,45.6553427734375,0.0524994180440902,-0.0432049354761838,-0.0723459089603275
1776176174353273900,45.66527392578125,0.0439759198486804,-0.0431008905798196,0.0185126850292086
1776176174363204900,45.67520483398437,0.0538403112590312,-0.0143470897823572,0.0990033950656652
1776176174373136000,45.68513598632813,0.0202606977403163,0.0442319404363632,0.140046037941426
1776176174383067000,45.69506689453125,0.0119932212742336,0.0513543396621942,0.106461894378066
1776176174392998000,45.704997802734376,-0.0092833777936466,0.0457885222285985,0.0666403907950967
1776176174402929000,45.71492895507812,-0.0504243653357028,0.043092707273364,0.0346048649132251
1776176174412860000,45.72485986328125,-0.0960357774317264,-0.0010655834048986,-0.0323863851461559
1776176174422791000,45.734791015625,-0.0638648616671562,-0.0545318006545305,-0.0689802319195121
1776176174432722000,45.74472192382812,-0.0550596239209175,-0.0523497804403305,-0.0909144888952374
1776176174442653000,45.75465283203125,-0.0534708888581721,-0.0199433023542165,-0.0871107126981019
1776176174452583700,45.76458374023437,-0.073090950607392,-0.0182283151298761,-0.0560781533136963
1776176174462515000,45.774514892578125,-0.075908341549104,0.001555412748456,-0.0501239941496402
1776176174472446000,45.78444604492187,-0.0668073402932612,0.0263911633193492,-0.083037471909821
1776176174482376000,45.7943759765625,-0.054174657779932,0.0226145673900842,-0.1146704083401709
1776176174492307000,45.80430688476562,-0.026305823123455,0.0263403099149465,-0.0877641351055353
1776176174502237700,45.81423779296875,-0.002202478480339,0.0459551109671592,-0.0413165644463151
1776176174512169000,45.8241689453125,0.0132569564580917,0.0425672220945358,-0.0424905766617506
1776176174522100000,45.834099853515625,0.0021767549506155,0.0447229388236999,-0.0347774450011551
1776176174532030700,45.84403076171875,-0.0322445655226707,0.0501502245694398,-0.0946232802852988
1776176174541962000,45.8539619140625,-0.0498912813723087,0.0556406386792659,-0.1418800484355539
1776176174551893000,45.86389306640625,-0.0834206260085105,-0.0099918171823024,-0.1963794081252068
1776176174561823700,45.87382373046875,-0.0419628264605999,-0.0452501775681972,-0.1139610910270363
1776176174571755000,45.883755126953126,-0.0750023417532444,-0.0575742370903491,-0.0595242751795798
1776176174581685800,45.89368579101563,-0.0647264514991315,-0.0420347226530313,-0.0063755994465202
1776176174591616800,45.90361669921875,-0.0282277333800331,-0.0182160401701927,-0.0083935882054269
1776176174601548000,45.91354809570313,0.0025625485309632,-0.0500514403700828,-0.0061165101189166
1776176174611477800,45.923477783203126,-0.0384966070881811,-0.0323936186045408,-0.0660525809697806
1776176174621409000,45.93340893554687,-0.0894482157349586,-0.0330406843364238,-0.1582297832772135
1776176174631339800,45.94333984375,-0.1698211446106433,-0.05166062913239,-0.1681131716489791
1776176174641270800,45.95327075195313,-0.2231096672058105,-0.0363578460603952,-0.1609263288848102
1776176174651202000,45.9632021484375,-0.2632534615457058,0.0066080199629068,-0.1451084358975291
1776176174661132800,45.9731328125,-0.2645943547606468,0.0649549949914217,-0.1182242283642291
1776176174671063800,45.98306372070312,-0.2391360883772373,0.1015969186902046,-0.0930259280912578
1776176174680995000,45.9929951171875,-0.1612824488461017,0.1340630180090666,-0.0483427367560565
1776176174690925800,46.00292578125,-0.0660661665371386,0.1193885959684848,-0.0158304602079093
1776176174700856800,46.01285693359375,0.0458452208518981,0.0767307729810476,-0.0158512838002294
1776176174710788000,46.0227880859375,0.1170399870157241,0.0189548758387565,0.0091777973856776
1776176174720718800,46.03271875,0.1743850915253162,-0.0314946239382028,0.010746508007124
1776176174730649900,46.04264990234375,0.1713572681367397,-0.0589414337903261,-0.0006049801558256
1776176174740580900,46.05258081054688,0.116174894618988,-0.0585755230873823,-0.0425495403073728
1776176174750510800,46.0625107421875,0.060094700045255,-0.0634872605264186,-0.0739803052291274
1776176174760442000,46.07244213867188,-0.0090016325345961,-0.0283522342592477,-0.0838471808575093
1776176174770372900,46.082372802734376,-0.0832101981282234,-0.015076573100686,-0.0804539582226425
1776176174780304000,46.09230395507812,-0.1478559810400009,0.004071194961667,-0.0077552903018891
1776176174790235000,46.10223486328125,-0.1348012691557407,0.0381844769656658,0.0340692967317998
1776176174800166000,46.11216577148438,-0.0471802688479423,0.0217307702928781,0.0330719562575221
1776176174810097000,46.12209692382813,0.0605190675037447,-0.0075917703032493,0.0043791649322956
1776176174820028000,46.13202783203125,0.1022492542522493,-0.0071358432292938,-0.0006893705036491
1776176174829959000,46.141958984375,0.1385948253529612,-0.0147381349265575,-0.0247208920195698
1776176174839890000,46.151889892578126,0.1345698076205793,0.0068652095943689,-0.005098784443736
1776176174849821000,46.16182104492187,0.1374140820026397,0.0513742134064435,0.008924918603152
1776176174859752000,46.171751953125,0.1269979019284248,0.0489355880826711,0.016306553287059
1776176174869682700,46.1816826171875,0.1275076050162315,0.0278320097774267,0.0342805283296853
1776176174879614000,46.191614013671874,0.1212497136652469,0.0332248087316751,0.0339352950885891
1776176174889544000,46.2015439453125,0.1545218686699867,0.0460392821192741,-0.0381652608085423
1776176174899475000,46.211474853515625,0.1595487569212913,-0.004813537761569,-0.1462771143507212
1776176174909406000,46.22140600585937,0.1531634397983551,-0.0525683916270732,-0.1550914852514863
1776176174919336700,46.23133666992187,0.100869782592589,-0.0535211623072624,-0.0815124542996287
1776176174929268000,46.24126806640625,0.0256289467751979,0.0058165773242712,0.0069062722571194
1776176174939199000,46.25119897460937,-0.0215922294718679,0.0159516023695468,0.060991717383638
1776176174949129700,46.26112963867188,-0.0720914227426052,0.0224169989913701,0.0670870385840535
1776176174959061000,46.27106103515625,-0.0898702314061578,0.0534790767312049,0.0688971567459404
1776176174968992000,46.280991943359375,-0.0413666141331195,0.0738081635326147,0.0415468660708516
1776176174978922800,46.2909228515625,0.0314917013287544,0.0234644622176885,-0.0301020736012607
1776176174988854000,46.30085400390625,0.1062859532892703,-0.0082458502978086,-0.1203640168718993
1776176174998785000,46.310784912109376,0.2009551185429096,-0.0787508806318044,-0.1195062309987843
1776176175008715800,46.3207158203125,0.2611702255308628,-0.1278998192042112,-0.06219780523777
1776176175018646000,46.33064599609375,0.3017956659078598,-0.1535188291072845,-0.0086325115278363
1776176175028576800,46.34057666015625,0.2796832210873253,-0.0936503435999155,0.0426438675273209
1776176175038508000,46.35050805664063,0.1945803228139877,-0.0211631995379924,0.0715828886985778
1776176175048438800,46.36043872070312,0.0512929694303544,0.04505845438838,0.0575794977873563
1776176175058369800,46.37036987304688,-0.0734743969670264,0.0936105961114168,-0.0081869597174227
1776176175068301000,46.38030102539062,-0.1087538047075271,0.1165560028910636,-0.0481511597067117
1776176175078231800,46.39023168945312,-0.0613291965765412,0.1063748006165027,-0.0560020193375647
1776176175088162800,46.40016284179688,0.046676420112187,0.1129050791680812,-0.0931090032648295
1776176175098094000,46.410093994140624,0.1531236923098564,0.0936924291759729,-0.0758745945431292
1776176175108024800,46.42002490234375,0.2382651507616043,0.0896148044735193,-0.0275474937476217
1776176175117955800,46.42995581054687,0.2880395277559757,0.0725514414697885,0.0233957808956503
1776176175127887000,46.43988720703125,0.2390717909693717,0.0506318706065416,0.0224231364712119
1776176175137817900,46.44981787109375,0.1163081656098365,0.0269791923403739,0.046491190605238
1776176175147748900,46.45974877929687,-0.020044420074555,-0.010732990938425,0.0302799874514341
1776176175157678800,46.46967895507812,-0.0813829644347541,-0.0746428607910871,-0.033583485976234
1776176175167609900,46.47960986328125,-0.158210201793909,-0.0998293244957923,-0.0498119325257837
1776176175177541000,46.489541015625,-0.2284767471969127,-0.1036310548663139,-0.0768413937486708
1776176175187472000,46.499471923828125,-0.2675064428150653,-0.0708230102419853,-0.0932023075714707
1776176175197403000,46.50940283203125,-0.2519756962060928,-0.0244546422988176,-0.1139140370149165
1776176175207334000,46.519333984375,-0.175612587493658,-0.0056476504981517,-0.0987485435217618
1776176175217265000,46.52926489257813,-0.0260474644482135,0.0291775791674852,-0.0146352590739727
1776176175227196000,46.53919580078125,0.0870458307683467,0.0304494987994432,0.0631711803145706
1776176175237127000,46.549126953125,0.2189081238627433,0.0276361949443817,0.1183373333498835
1776176175247058000,46.55905786132813,0.300696764755249,0.0456873999416828,0.1128466269791126
1776176175256989000,46.568989013671874,0.3266998055398464,0.0679530077636241,0.0702232907831668
1776176175266920000,46.578919921875,0.2957365119993686,0.0383849679738283,-0.0110839963331818
1776176175276851000,46.58885083007812,0.2417325346112251,-0.0279378082394599,-0.0947480026435106
1776176175286781000,46.59878100585937,0.1855330930054187,-0.043924481922388,-0.1031998969074338
1776176175296712000,46.6087119140625,0.1228676793890539,-0.0500648843735456,-0.0320075418964028
1776176175306643000,46.61864282226563,0.0689139526171144,-0.0482628033876419,0.0360508259378373
1776176175316574000,46.628573974609374,0.0283995713991578,-0.0419540586322546,0.0865639655355364
1776176175326505000,46.6385048828125,-0.0259703166919294,0.0191325704932212,0.0859350930474698
1776176175336435700,46.64843579101562,-0.0143488433480262,0.09492869297266,0.102566421309486
1776176175346367000,46.658366943359376,-0.0064390840036328,0.1073632271319627,0.1109655624728649
1776176175356298000,46.66829809570312,0.0563946719169616,0.1276432140946388,0.0859700912956148
1776176175366228700,46.67822875976562,0.1274444857852999,0.1227875907570123,0.0245020616371184
1776176175376160000,46.68815991210938,0.1890355481684207,0.0936450829029083,-0.05725085035488
1776176175386091000,46.69809106445312,0.2002934397637844,0.034385084682703,-0.1387402160398662
1776176175396021800,46.708021728515625,0.1737947244167327,-0.005938157877326,-0.1793484860863536
1776176175405953000,46.717953125,0.0942518257575575,-0.0313520005971193,-0.1888857644341885
1776176175415884000,46.727884033203125,-0.0143336366457398,-0.0189583829700946,-0.1768198443915694
1776176175425814000,46.73781396484375,-0.0991898575484752,0.0056663551986217,-0.2176313088599592
1776176175435745000,46.7477451171875,-0.1856675330400466,0.0093318919688463,-0.1848215106699615
1776176175445675800,46.75767578125,-0.2700806772172451,0.0244786076962947,-0.1656825104359537
1776176175455607000,46.76760693359375,-0.273542215847969,0.0635141485333442,-0.1865024494942277
1776176175465537800,46.77753784179688,-0.2927729860186576,0.0707914460599422,-0.1286010993413627
1776176175475468800,46.78746875,-0.2365057398736476,0.0398509488731622,-0.0799323455013334
1776176175485400000,46.79740014648438,-0.1145475856781005,0.0395107571333646,-0.1088583610605448
1776176175495330800,46.80733081054687,0.0123977081386081,0.0478302571892738,-0.1274094784040003
1776176175505261300,46.81726123046875,0.1026081415593624,0.0675537793129682,-0.1158821952827274
1776176175515192600,46.82719262695313,0.126005383759737,0.1136550207525491,-0.1369699184317141
1776176175525123600,46.83712353515625,0.0963730465620756,0.0977881740570068,-0.2314932454738766
1776176175535054300,46.847054443359376,-0.0304787203273503,0.0575748216122388,-0.3415234998580068
1776176175544985600,46.85698559570312,-0.1651391242742538,0.0080307462424039,-0.3941653951127082
1776176175554916600,46.86691650390625,-0.3254009979009628,-0.0328121362775564,-0.3329827582668513
1776176175564846600,46.8768466796875,-0.3769084822982549,-0.017141104415059,-0.1624761156100779
1776176175574777600,46.88677758789063,-0.3076467300236224,0.0107774146020412,0.0729161100637167
1776176175584708400,46.89670825195312,-0.2519259935791604,0.0776554866105318,0.310610109873861
1776176175594639600,46.9066396484375,-0.1780102962851524,0.1318582014411687,0.3980510774396359
1776176175604570600,46.91657055664062,-0.0712000359939876,0.1510708514332771,0.3709916594699025
1776176175614501400,46.92650146484375,0.0300718885255511,0.1430494575411081,0.3142151486285031
1776176175624432600,46.9364326171875,0.0865378721130546,0.1237812779694795,0.2388756838753819
1776176175634363400,46.94636328125,0.1170803190261125,0.0746218180030584,0.1591138726353645
1776176175644294400,46.95629443359375,0.1417436356395482,-0.0242816238194704,0.0304678381737321
1776176175654225700,46.9662255859375,0.165782098352909,-0.1387993988811969,-0.0409968309726566
1776176175664156400,46.97615649414063,0.1304705464750528,-0.1933002198755741,-0.0327490079134702
1776176175674087400,46.98608740234375,0.0422807972354348,-0.169773213815689,0.0066301587294787
1776176175684018700,46.996018798828125,-0.0660609104067087,-0.1203787760496139,0.0452739968352019
1776176175693949400,47.00594946289063,-0.2072784763455391,-0.0871983909815549,0.059003100849688
1776176175703879700,47.01587963867188,-0.2673468683391809,-0.0753624072372913,-0.031874197840318
1776176175713810400,47.025810546875,-0.2261503500759601,-0.078005615222454,-0.0552110150903463
1776176175723741400,47.03574145507813,-0.1287169716728385,-0.0472673626095056,-0.1020825833152979
1776176175733672700,47.04567260742188,0.0532277323186397,-0.0506575895696878,-0.0815993288654833
1776176175743603500,47.055603515625,0.2607850256055593,-0.030121582019329,-0.0554217352315783
1776176175753534500,47.065534423828126,0.4640186104744672,0.0170499190002679,-0.0267076819226145
1776176175763465700,47.0754658203125,0.6121820500284433,0.0439963781148195,-0.0380621657602489
1776176175773396500,47.085396484375,0.6793611508101225,0.070267714446783,-0.0618970687255263
1776176175783327500,47.09532739257813,0.644443566685915,0.0509147792011499,-0.1285657357670366
1776176175793258500,47.105258544921874,0.5567202750474214,0.0138186819940805,-0.1614550289340317
1776176175803189500,47.115189453125,0.4416933814197778,0.0284416661083698,-0.1423025846965611
1776176175813120500,47.12512060546875,0.3331009047538041,0.0575888501375913,-0.0758941760264337
1776176175823051500,47.13505151367188,0.2000999630182981,0.0656517450839281,-0.0148524820212274
1776176175832982500,47.144982421875,0.0751426315733464,0.0671241557240486,-0.0095318715203553
1776176175842912500,47.15491259765625,-0.015233814055589,0.0307768310576677,-0.0062445204127579
1776176175852843500,47.16484350585937,-0.101169048666954,0.0001589899539947,0.0086382836814969
1776176175862774500,47.1747744140625,-0.1514952143251896,-0.026070845323801,0.0167388072244822
1776176175872705500,47.18470556640625,-0.1573304963499307,-0.0505892005085945,0.0423433502107858
1776176175882636500,47.194636474609375,-0.1747019023895263,-0.0439303271412849,0.0472913280069828
1776176175892567600,47.20456762695313,-0.1188093347758054,-0.0390881478071212,-0.0127300099745392
1776176175902498600,47.21449853515625,-0.0397802217245101,-0.0519417841613292,-0.1287406539425253
1776176175912429600,47.2244296875,0.0120025724828243,-0.054635261029005,-0.1224491525828838
1776176175922360300,47.2343603515625,0.0470732967755524,-0.0087222356379032,-0.1476333512652665
1776176175932291600,47.24429150390625,0.0449281014404026,0.0222322900742292,-0.149250650268793
1776176175942222600,47.25422265625,0.0159591965875355,0.050459436649084,-0.1597103041585534
1776176175952153300,47.2641533203125,-0.0352273807257413,0.0583230096310377,-0.1411383632227778
1776176175962084600,47.27408471679688,-0.0562280786118237,0.0576245059728622,-0.0919358678322285
1776176175972015600,47.284015625,-0.0651525633901357,0.0582803395330905,-0.0277229233797639
1776176175981945600,47.29394555664062,-0.0320499288665596,0.059292146924138,0.0422628323204815
1776176175991876600,47.303876708984376,-0.0010913023680448,0.0649830520421266,0.0868735429413616
1776176176001807400,47.31380737304688,2.86324394401e-05,0.0465723660826683,0.0655449237085878
1776176176011738600,47.323738525390624,0.0014046061009168,0.0006207622468471,0.0529546875309199
1776176176021669600,47.33366967773438,0.0318769103872124,-0.0094382749527692,0.0370307038206607
1776176176031600400,47.34360034179687,0.0826946498215198,-0.012915011152625,0.0054218789182603
1776176176041531600,47.35353173828125,0.124758589435881,-0.0183510647267103,-0.0179031017635017
1776176176051462400,47.36346240234375,0.1409112764686346,-0.0372913275182247,-0.0225633486595004
1776176176061393400,47.37339331054688,0.0895914235979318,-0.0401221670299768,-0.0646684331350028
1776176176071324700,47.38332470703125,0.021081950995326,-0.0148532857388257,-0.1108395249404013
1776176176081255400,47.39325537109375,-0.026799168731505,0.0230646492451429,-0.1321153910726308
1776176176091186400,47.4031865234375,-0.0406388935136143,0.0060626610398292,-0.124575789348036
1776176176101117700,47.41311767578125,-0.044851533639431,0.0162760120183229,-0.0707023795370012
1776176176111048400,47.42304833984375,-0.0356984962356742,0.0165951609700918,-0.0460646357562392
1776176176120978700,47.432978759765625,-0.0032493571847677,0.0042132337808609,-0.0019528145682066
1776176176130909400,47.44290942382813,0.0425830133187118,0.0032107787400484,0.0436021911654621
1776176176140840400,47.45284033203125,0.1070417400926351,-0.0342798707425594,0.0749108640775084
1776176176150771700,47.46277172851563,0.1187479599773883,-0.0365817179441452,0.1123429883059114
1776176176160702500,47.47270239257813,0.1096440406786743,-0.017217676782608,0.1035731141339987
1776176176170633500,47.48263354492188,0.0729401576595846,-0.0028109657675027,0.1018128995284438
1776176176180564700,47.49256469726563,0.0172346370505634,0.0174462248414754,0.0940416810050606
1776176176190495500,47.50249560546875,-0.0376771119654178,0.0537479568004608,0.1332444681677967
1776176176200426500,47.51242651367188,-0.1067109007030725,0.0945411549597978,0.0990931191757321
1776176176210357500,47.522357421875,-0.1332172148346901,0.09793138191998,0.0586388706471771
1776176176220288500,47.53228857421875,-0.1593430052161216,0.0857616361767053,0.057342328030616
1776176176230219500,47.54221948242188,-0.1336941846966743,0.0701560707658529,0.057366951015219
1776176176240150500,47.55215063476562,-0.0535837152826134,0.0487403577715158,0.0998246483206748
1776176176250081500,47.56208154296875,0.0313543478178326,0.017933716097474,0.1280007953606546
1776176176260011500,47.572011474609376,0.0899304554271046,-0.008815759140253,0.1240618484765291
1776176176269942500,47.58194262695312,0.0822685333639383,-0.0011573533415794,0.0726323246862739
1776176176279873500,47.59187353515625,0.0355938805171521,0.0157791684120893,0.0031172552376985
1776176176289804500,47.60180444335938,-0.0005301613539457,-0.0077186115533113,-0.0330734175622463
1776176176299735600,47.61173559570312,-0.0137251447919989,-0.0481575894474983,-0.0465155943941324
1776176176309666600,47.62166650390625,0.0065963295251131,-0.0958341173797845,-0.0317138927120715
1776176176319597600,47.63159765625,0.0504769631726201,-0.0797667796760797,0.0131873252879828
1776176176329528600,47.641528564453125,0.0077297174692153,-0.0455599741697311,0.0776000300962477
1776176176339459300,47.65145922851563,-0.0309714677137788,0.0095294603675603,0.1254561523791402
1776176176349390600,47.661390625,-0.0556751254707574,0.064523617836833,0.1149992749683559
1776176176359321600,47.67132153320313,-0.1121124766188207,0.0773638101875782,0.0477335918817669
1776176176369252400,47.68125244140625,-0.1585802041500806,0.0563970100045204,0.0075691931452602
1776176176379183600,47.69118359375,-0.1320148533076048,0.0371989730596542,-0.0403861517284065
1776176176389113300,47.70111328125,-0.0496545454404084,0.018704115948081,-0.0743966309450566
1776176176399044600,47.71104467773438,0.0248907093282556,-0.030179449686408,-0.0434045497015118
1776176176408975600,47.7209755859375,0.0843763192981481,-0.0402852486371994,0.0315297683168202
1776176176418906400,47.73090625,0.0971130421412643,-0.0244797767400741,0.0760784465521574
1776176176428837600,47.74083764648437,0.0818622815174516,-0.0537128854870796,0.0397196506436914
1776176176438768600,47.7507685546875,0.06658055036664,-0.0485340215444564,0.0311904533598572
1776176176448699400,47.76069946289063,0.0232347359818872,-0.0497802222132682,-0.0042989393029361
1776176176458630700,47.77063061523437,-0.0162064539134502,-0.0623971272021532,-0.076765917359665
1776176176468561400,47.7805615234375,-0.0778179836958646,-0.0229407306045293,-0.120376730223
1776176176478492400,47.79049243164062,-0.1166565497892443,0.0153407769948244,-0.1476379543751478
1776176176488423700,47.800423583984376,-0.1353968969613313,0.0376274276047945,-0.1186564092364162
1776176176498354400,47.8103544921875,-0.0789911282616201,0.0548252306431531,-0.1306616851329803
1776176176508285400,47.820285400390624,-0.0409621158523019,0.053187984830141,-0.1297034345600753
1776176176518216400,47.83021655273438,0.005919453176856,0.0497281997650861,-0.1136911149792373
1776176176528147500,47.8401474609375,0.0541541995137929,0.0118196171313524,-0.1218533786468207
1776176176538077400,47.85007739257812,0.0644365240752697,-0.0232364986807107,-0.117423579505831
1776176176548008400,47.86000854492188,0.0234615304750856,-0.0728150608420371,-0.0725880471531301
1776176176557939500,47.869939453125,-0.0299678527623415,-0.0775111097037792,-0.0978213456742465
1776176176567870500,47.87987036132812,-0.0946405236810445,-0.035793197914958,-0.0836965203404426
1776176176577801500,47.88980151367188,-0.1650514459908008,-0.0100759883344173,-0.084444562228769
1776176176587732500,47.899732421875,-0.2102636296361684,-0.0047270285218954,-0.1000865871924907
1776176176597663500,47.90966357421875,-0.2514899585157633,0.0127104284912347,-0.152161496214196
1776176176607594500,47.91959448242188,-0.25136545535326,0.0087181439846754,-0.1640545439079404
1776176176617525200,47.92952514648437,-0.2107704101145267,0.0081932433277368,-0.1207012129370123
1776176176627456500,47.93945654296875,-0.1851946548312902,0.0169821144610643,-0.0708636345133185
1776176176637387500,47.94938745117187,-0.1322580052805598,0.0461526793658733,-0.010993614635989
1776176176647318300,47.959318359375,-0.0753109510446898,0.0009714753806591,0.0051096711639314
1776176176657249500,47.96924951171875,-0.0479740587072912,-0.0332476050853729,0.0229865425076335
1776176176667179300,47.97917919921875,-0.0375654774176422,-0.0037397710502147,-0.0173201873090118
1776176176677110500,47.98911059570312,-0.0579185296165291,0.0042021278649568,-0.0811008778240531
1776176176687041500,47.99904150390625,-0.0797059893995523,-0.0051022915750741,-0.1178240500655025
1776176176696972300,48.00897216796875,-0.0843903478235006,0.0283709389597177,-0.126587640627101
1776176176706903600,48.018903564453126,-0.0861123675768263,0.0415752884477376,-0.1449736305367201
1776176176716834600,48.02883447265625,-0.1036795701831579,0.040832361125946,-0.1446610574562102
1776176176726765300,48.038765380859374,-0.0948825157433748,0.0553325956434011,-0.1120627100598067
1776176176736696600,48.04869653320313,-0.0834112919245846,0.0461667078912258,-0.0886247705228626
1776176176746627300,48.05862744140625,-0.0669944101308472,0.0008183306455612,-0.0581231031447649
1776176176756558300,48.068558349609376,-0.0571820411686785,-0.019655133062601,-0.0399633962716907
1776176176766489600,48.07848950195312,-0.0809101044923067,-0.025257775375247,-0.0583697713822126
1776176176776420400,48.08842041015625,-0.1088087406320031,-0.0373036024779081,-0.0598401361957192
1776176176786351400,48.09835131835938,-0.1110240785939153,-0.095310970288515,-0.1233599107522517
1776176176796282600,48.10828271484375,-0.1277501816004514,-0.1292477266818285,-0.1639117744363844
1776176176806212400,48.11821240234375,-0.137576012832392,-0.1063730470508337,-0.2187299908168613
1776176176816143600,48.1281435546875,-0.1494628499810583,-0.0835159030765295,-0.1858326604738831
1776176176826074400,48.13807446289063,-0.1648836882084608,-0.0413981783151626,-0.1688853981304913
1776176176836005400,48.14800537109375,-0.1957990509539842,0.0083113167494535,-0.1940367905218154
1776176176845936600,48.1579365234375,-0.1702770716845989,0.0557996286332607,-0.1659148578871041
1776176176855867400,48.16786743164062,-0.1393956294749863,0.0464706592738628,-0.0947404769241809
1776176176865798400,48.17779833984375,-0.1214642514650709,0.049704234367609,-0.1428473590977489
1776176176875729700,48.18772973632812,-0.126428559341561,0.018842063114047,-0.2003194509878754
1776176176885660400,48.19766040039063,-0.1623526901598088,0.0185211605966091,-0.1456732301734387
1776176176895591400,48.20759130859375,-0.1814309183835983,0.0403507150888442,-0.0999325656745582
1776176176905522400,48.2175224609375,-0.1896440354555845,0.0533282700836658,-0.0906853563144803
1776176176915453400,48.22745336914063,-0.184180509352684,0.059096332091093,-0.0789100897815078
1776176176925384400,48.23738452148437,-0.1951537205214612,0.0518371547430753,-0.090437811294198
1776176176935315500,48.2473154296875,-0.1891653120279312,0.0349953255355358,-0.1105053976152092
1776176176945246500,48.25724658203125,-0.1869751267735846,0.0283113177269697,-0.1230295828193426
1776176176955176400,48.26717651367188,-0.1841582792545668,0.0305482829988002,-0.134544225654751
1776176176965107500,48.277107421875,-0.1429079849774949,0.0080967972159385,-0.1705810961324721
1776176176975038500,48.28703857421875,-0.1082294885724782,0.0169581490635871,-0.1212142770256847
1776176176984969500,48.29696948242187,-0.0460182393312454,-0.0051005380094051,-0.0222123432647436
1776176176994900500,48.306900390625,0.0366729033589363,0.0316904387712478,0.021288871744275
1776176177004831500,48.31683154296875,0.1407861887842416,0.0508376223117113,0.0392306250177323
1776176177014762500,48.326762451171874,0.2006669492512941,0.0045341362982988,0.0107047877572476
1776176177024693500,48.33669360351563,0.1663180866594426,-0.0346276612669229,-0.0411002182818949
1776176177034624300,48.34662426757812,0.0391769951343536,-0.0377443319827318,-0.0787463505871594
1776176177044555500,48.35655541992188,-0.1100619646966457,-0.0610673399031162,-0.1004771208800375
1776176177054486500,48.36648657226562,-0.2595125397180207,-0.0489466939985752,-0.11087445012331
1776176177064417300,48.37641723632812,-0.3330570656120777,-0.0622498276859521,-0.1143969251610338
1776176177074348500,48.3863486328125,-0.3647498424708843,-0.0547258619219064,-0.0760350458018481
1776176177084279600,48.39627954101562,-0.3180401137441396,-0.0375695599377155,-0.0047886225160211
1776176177094209500,48.40620947265625,-0.2185930848305113,-0.0001508066475391,0.0477288426414132
1776176177104140500,48.416140625,-0.1105570547372102,-0.011907879936695,0.0584784924536943
1776176177114071300,48.4260712890625,-0.0247340437620878,-0.024409049591422,0.0361924263656139
1776176177124002600,48.43600244140625,0.0839151223940309,-0.0244639946490526,-0.00110489250198
1776176177133933600,48.44593359375,0.1354512574970722,-0.0191407537996768,-0.0241320592809468
1776176177143864300,48.4558642578125,0.1284492606473621,-0.0062082069903612,-0.0599918926913291
1776176177153795600,48.46579565429688,0.1172001368803437,0.0029606033712625,-0.0867336230140179
1776176177163726300,48.47572631835938,0.0624479806065559,0.016111761367321,-0.1047146123193204
1776176177173657300,48.4856572265625,0.0053840219927486,0.019341829329729,-0.144335551828891
1776176177183588600,48.49558862304688,-0.0412678299337625,0.0584720627129077,-0.1366387137159705
1776176177193519400,48.50551928710937,-0.081750646969676,0.1005979707807302,-0.1080860615137964
1776176177203450400,48.515450439453126,-0.0406856552647892,0.0950298152595758,-0.0605479191388934
1776176177213381600,48.52538159179687,0.0127531031557591,0.1017629229068756,-0.0183227884802967
1776176177223312400,48.5353125,0.0351788654088974,0.1260176587194204,-0.0125341951414942
1776176177233242600,48.54524267578125,0.0544289248019456,0.1172165126264095,-0.0418508174534887
1776176177243173400,48.55517333984375,0.0508791279324563,0.0936006592392921,-0.0537915036812424
1776176177253104400,48.5651044921875,0.0030927053183317,0.0432113652169704,-0.0729337918508797
1776176177263035600,48.57503564453125,-0.0512877087333472,-0.0044599020183086,-0.0518971413020044
1776176177272966400,48.58496630859375,-0.107047585311532,-0.008825111490488,-0.0238951817851513
1776176177282897400,48.5948974609375,-0.177490656325221,0.0256236860781908,0.0190076289393007
1776176177292828700,48.60482861328125,-0.2302145307749509,0.0424111547499895,-0.0236120539948344
1776176177302759400,48.61475952148437,-0.2270616197019815,0.0414946244269609,-0.075661390183866
1776176177312690400,48.6246904296875,-0.1841460225611925,0.0059784898877143,-0.0780268041409552
1776176177322621400,48.63462133789063,-0.1081067389756441,-0.0226794493198394,-0.0679949472092092
1776176177332552400,48.644552490234375,-0.017902151915431,-0.0657341626703739,-0.083203841452673
1776176177342483500,48.6544833984375,0.0813350519061088,-0.0715448947757482,-0.0458368914149701
1776176177352414500,48.66441455078125,0.1499228504419326,-0.0695809012264013,-0.052928749372065
1776176177362345500,48.67434545898438,0.1472153450489044,-0.0846837778121232,-0.0392832319878041
1776176177372275500,48.684275390625,0.1150280626714229,-0.0598345832377672,-0.054060310685262
1776176177382206500,48.69420654296875,0.0249812988047138,-0.0373848510205745,-0.0170806794647127
1776176177392137500,48.704137451171874,-0.0447042295566527,-0.0179272863566875,-0.008205079896003
1776176177402068500,48.714068359375,-0.0745920073866844,-0.0001233341187238,-0.0289746039412915
1776176177411999500,48.72399951171875,-0.075471128308773,0.0402659594148397,-0.0451387530829757
1776176177421930500,48.73393041992188,-0.0261596926510334,0.0704787268489599,-0.0720781248696148
1776176177431861500,48.74386157226562,0.0625835896849632,0.0406815544784069,-0.1095670938517898
1776176177441792500,48.75379248046875,0.0889560483038425,0.0434884285926818,-0.1191351326640695
1776176177451723300,48.76372314453125,0.102763624382019,0.0448129551947116,-0.0935943025637418
1776176177461654500,48.77365454101562,0.0977905212777201,0.0307388371348381,-0.0766628953766077
1776176177471585500,48.78358544921875,0.0556429722002474,0.0549959110349416,-0.0242309896107763
1776176177481516300,48.79351635742187,-0.0150432553529739,0.0459019194751977,-0.0100909667078405
1776176177491447600,48.803447509765626,-0.0594318522223504,0.0308668474286794,0.0185615656722337
1776176177501378600,48.81337866210937,-0.13376667454415,0.0061351417541503,0.049662660248205
1776176177511308800,48.82330883789062,-0.165759886521101,0.0112198976725339,0.0325672946710139
1776176177521240000,48.833239990234375,-0.1770657089114189,0.0064133741736412,-0.0132170628391206
1776176177531171000,48.84317114257812,-0.1853635816574096,-0.0043950200885534,-0.0067374915614724
1776176177541101800,48.85310180664062,-0.181235688072443,-0.0231727857947349,-0.0348566477172076
1776176177551033000,48.863033203125,-0.1248258094531949,-0.010263035339117,-0.0283031344205141
1776176177560964000,48.87296411132812,-0.0802548645871225,0.025552374407649,0.0083054715305566
1776176177570894800,48.88289477539063,-0.0457446830868721,0.034944472131133,0.0403228041686117
1776176177580826000,48.892826171875,-0.0178466223359107,0.065649991518259,0.0762514650315046
1776176177590757000,48.902757080078125,-0.0010474632263183,0.057188452643156,0.0534543806813657
1776176177600687900,48.91268798828125,-0.0068751464664936,0.064396776586771,-0.0048142684139311
1776176177610619100,48.922619140625,-0.0077577653867658,0.0299012172669172,-0.093631127442792
1776176177620550000,48.9325498046875,-0.0016799067778047,-0.009802432090044,-0.1131610266905277
1776176177630481000,48.94248095703125,0.0301005392313003,-0.0002951835542917,-0.0930892025858163
1776176177640412200,48.952412109375,0.0795277193563524,0.0175023389428853,0.0122374041520059
1776176177650342000,48.962341796875,0.1263245327115058,0.0373047715216875,0.0721206488370895
1776176177660273200,48.97227319335938,0.1642202558636665,0.0561018264502286,0.0920014804143458
1776176177670204000,48.98220385742187,0.162718034607172,0.0292646729290485,0.0704931207004934
1776176177680135000,48.992135009765626,0.0890916573822498,0.0007762450695037,0.0270723505165427
1776176177690066200,49.00206616210937,-0.0303892930448055,-0.012023615270853,0.0035183103192597
1776176177699997000,49.011996826171874,-0.1316764060003217,0.011818448087573,-0.0578084111724048
1776176177709928000,49.02192797851563,-0.1829845775663852,0.0076321023136377,-0.0563303014438599
1776176177719859200,49.031859130859374,-0.1867535747110843,-0.0323608853787183,-0.0718329910021275
1776176177729790000,49.0417900390625,-0.1773404341995716,-0.0529348868519067,-0.0389205361552536
1776176177739721000,49.05172094726562,-0.1186836534363683,-0.0368494289696216,-0.0016656681898981
1776176177749652000,49.06165185546875,-0.0905833663778845,-0.0054804772377014,0.0136789812624454
1776176177759583000,49.0715830078125,-0.0396726696968078,0.0052922611892223,0.035247035274282
1776176177769514000,49.08151391601562,0.0168704890464432,0.0407873529404401,0.0328664968132972
1776176177779445000,49.09144506835938,0.0833610230420716,0.0442827938407659,0.0100046766638755
1776176177789375000,49.101375,0.1020879353438504,0.0220575180292129,-0.0016539046868681
1776176177799306000,49.11130590820313,0.0589128104840405,0.0144996499955654,-0.011124255278334
1776176177809237000,49.12123706054688,-0.0132639707207679,0.0254793091714382,-0.0149870681863278
1776176177819168000,49.13116796875,-0.0724877285838127,0.0008194996893405,-0.0181949243169277
1776176177829099000,49.14109912109375,-0.0622539284723345,0.0052864159703254,-0.0625385814994573
1776176177839030000,49.15103002929688,-0.0058136547148227,-0.0145288760900497,-0.0905256357081234
1776176177848961000,49.1609609375,0.0671873023544438,-0.0093353991001844,-0.0281356688991189
1776176177858892000,49.17089208984375,0.1229986214254982,-0.0102606972515583,0.027151114841178
1776176177868823000,49.18082299804688,0.1741022011970169,0.0081441434890031,0.0184830936085432
1776176177878754000,49.190754150390624,0.2182827037070877,0.0144645786821842,0.0039235301192849
1776176177888685000,49.20068505859375,0.231359627423156,-0.0009252981513738,-0.0114299602266401
1776176177898616000,49.21061596679687,0.1644575717508792,-0.0060106385916471,-0.0493671844329684
1776176177908546800,49.220546875,0.0137374243182595,-0.0557037670433521,-0.0454713460382074
1776176177918478000,49.23047802734375,-0.0769441508702468,-0.0822170954376459,-0.0589979862831532
1776176177928407800,49.24040771484375,-0.1399625974416732,-0.0734124422132968,-0.0586164396196603
1776176177938339000,49.25033911132813,-0.1583376640984788,-0.0279272868454456,-0.0575330282971262
1776176177948270000,49.26027001953125,-0.1160427926719188,0.0327764804422855,-0.052108738226071
1776176177958200800,49.27020092773437,-0.0471989552821032,0.040774493458867,-0.1193918839041143
1776176177968132000,49.280132080078126,0.0426245052397251,0.0743424165397882,-0.1424604056067764
1776176177978063000,49.29006298828125,0.1148491989731788,0.1027998647391796,-0.1332343851651996
1776176177987993900,49.29999389648437,0.1993698951780796,0.1186842470914125,-0.1049604768391698
1776176177997925000,49.30992504882813,0.268887065252196,0.0744610744833946,-0.079765829828009
1776176178007856000,49.31985620117187,0.2550374218642711,0.0386561861306428,-0.0193252435211092
1776176178017787000,49.329786865234375,0.2146282363201491,0.0290688580960035,-0.0094893475528806
1776176178027718100,49.33971826171875,0.1225216150308959,0.0049859717190265,-0.0611597674269229
1776176178037649000,49.34964892578125,0.0185948103547096,0.0375315660148859,-0.0958161433316767
1776176178047580000,49.35957983398438,-0.0229389953051693,0.0653635757923126,-0.1541227863498032
1776176178057511200,49.36951123046875,-0.0195686420892365,0.0924222631096839,-0.1410445474594831
1776176178067441000,49.37944091796875,0.0572480373432859,0.099594931218028,-0.1100200983162969
1776176178077372200,49.3893720703125,0.1632125401258468,0.0840641846090555,-0.0298763020213693
1776176178087303000,49.39930297851563,0.2833060694932937,0.0485159013658762,-0.0045923692915588
1776176178097234000,49.40923388671875,0.3620458442091941,0.0012847791135311,-0.0202190505556762
1776176178107165200,49.41916528320313,0.4207949702978134,-0.0413385570824146,-0.0362383113339543
1776176178117096000,49.42909594726562,0.4133060758471488,-0.0920627821475267,-0.0784754246912896
1776176178127027000,49.43902685546875,0.3381798154532909,-0.0875765766441822,-0.0887265503969043
1776176178136958200,49.44895825195312,0.2497919224262237,-0.063458618953824,-0.0193728820551186
1776176178146889000,49.45888891601562,0.1533902342915535,-0.0380874463319778,0.0255960674189031
1776176178156820000,49.46882006835938,0.0915337898373603,0.0075222121983766,0.0197393042147159
1776176178166751000,49.4787509765625,0.0399941384698264,-0.0170230309933424,-0.0317105317112058
1776176178176682000,49.488681884765626,0.0183107144500128,-0.0266062673747539,-0.059756184239313
1776176178186613000,49.49861303710937,-0.0072620999574661,-0.0311111775785684,-0.0793090259712189
1776176178196544000,49.5085439453125,-0.0202022455513477,-0.0571668253332376,-0.0731331138152629
1776176178206474000,49.51847387695312,-0.015839374166727,-0.070327335679531,-0.01269355042167
1776176178216405000,49.52840502929688,-0.0205845228672027,-0.0229950911402702,0.0611973960235714
1776176178226336000,49.5383359375,0.0232206983233802,0.0273649767875671,0.0498033838931471
1776176178236267000,49.54826708984375,0.0130651967456564,0.0819248344928026,0.0160043554700911
1776176178246198000,49.55819799804687,0.0665817011441104,0.0981610990226268,-0.0281415871832519
1776176178256129000,49.56812890625,0.131885673969984,0.0800613787084817,-0.0702072164312005
1776176178266060000,49.57806005859375,0.2449392034317366,0.0579927547633647,-0.0738106477506458
1776176178275991000,49.58799096679687,0.3653390405356884,0.0377256272822618,-0.0505538369342684
1776176178285922000,49.59792211914063,0.4228010128905996,0.0144715929448604,0.0534024312984198
1776176178295853000,49.60785302734375,0.4863689739704132,-0.0131838912218809,0.1236509295880794
1776176178305784000,49.6177841796875,0.5533738872289657,-0.0081067340880632,0.1867611734956502
1776176178315715000,49.62771508789063,0.5860065752863883,-0.0038525837749242,0.1695483190186321
1776176178325645800,49.63764575195312,0.5488438425838947,-0.002631517547369,0.0932039880719035
1776176178335577000,49.6475771484375,0.4514578561196103,-0.0356301163077354,-0.0434668743479996
1776176178345508000,49.65750805664062,0.3751005926260724,-0.035541268980503,-0.1211832243002951
1776176178355438000,49.66743798828125,0.3241314163565635,-0.0321235694915056,-0.1404012080546468
1776176178365369000,49.677369140625,0.311394720912911,0.0009071779727935,-0.1196718698892742
1776176178375299800,49.6872998046875,0.2722282106399536,0.0312695830106735,-0.0223990249432623
1776176178385231000,49.697231201171874,0.2480407313773408,0.0878694221109151,0.0590047082848846
1776176178395162000,49.707162109375,0.1943313164889812,0.1284884327471256,0.0841870072711259
1776176178405092900,49.7170927734375,0.1455424434006214,0.144446464857459,0.0806347946822643
1776176178415024000,49.72702416992188,0.1363642076235264,0.1918459294140339,0.0528993771471083
1776176178424955100,49.736955078125,0.1453658812573179,0.19271102181077,0.0093712010659277
1776176178434886000,49.74688598632813,0.1982826844632625,0.1766635578513145,-0.0378024188455194
1776176178444817200,49.75681713867188,0.2614227024545893,0.1181038168549537,-0.0879015708148479
1776176178454748000,49.76674780273437,0.3611339900612831,0.0076291797041893,-0.1497716784682125
1776176178464679000,49.776678955078125,0.4454407512545585,-0.1737304270088672,-0.1461183435924351
1776176178474610200,49.78661010742187,0.4645838796744123,-0.3067605948388576,-0.1758539219688624
1776176178484541000,49.796541015625,0.3766881540784612,-0.3841103765010834,-0.2025749748297035
1776176178494471200,49.80647119140625,0.174365254313685,-0.3619885610640049,-0.1770166821379214
1776176178504402000,49.81640185546875,-0.0847778858363628,-0.2733405557960272,-0.1619733537197113
1776176178514333000,49.8263330078125,-0.2931015238532796,-0.147225281921029,-0.1280787559676915
1776176178524264000,49.836263916015625,-0.3808265325248241,-0.0193044199287891,-0.089687139057368
1776176178534195000,49.84619482421875,-0.3903951193263754,0.0950420902192592,-0.0982694547679275
1776176178544126000,49.8561259765625,-0.3231213990638032,0.1517149945557117,-0.0823098882876336
1776176178554057000,49.86605688476563,-0.2254629158010706,0.1807405980318784,-0.1212757979545742
1776176178563988000,49.87598803710937,-0.1300198800981044,0.1614507911503314,-0.1890641897410154
1776176178573919000,49.8859189453125,-0.0375777432441711,0.120184714782238,-0.1629269281174987
1776176178583850000,49.89585009765625,0.019235409813188,0.1418161163538694,-0.083693524665758
1776176178593781000,49.905781005859374,0.0348152927935123,0.1569306833773851,-0.0145019880831241
1776176178603711700,49.91571166992188,0.018940847313404,0.1934779145300388,0.0515576071493327
1776176178613643000,49.92564306640625,-0.0595663059567101,0.2394143207967281,0.0782406660873442
1776176178623574000,49.935573974609376,-0.1543780762851238,0.2812427072227001,0.0526546816710382
1776176178633504000,49.94550390625,-0.1920388764365576,0.3027969519048929,0.0465224625263363
1776176178643435000,49.95543505859375,-0.2012566953053697,0.3093400899380445,0.057729792978242
1776176178653365800,49.96536572265625,-0.0904337196409702,0.2448497898489236,0.0932346024058759
1776176178663297000,49.97529711914063,0.0446632993246428,0.1834106940239667,0.1388224874958395
1776176178673228000,49.98522802734375,0.1215115429392084,0.1187123041421174,0.1344601275678724
1776176178683158800,49.99515869140625,0.158338778343331,0.0584971971541643,0.0835647106543183
1776176178693090000,50.00509008789062,0.1487841835345141,-0.0058119011491537,-0.0214856364253908
1776176178703021000,50.01502099609375,0.1198667348742485,-0.024955577558279,-0.063528980776295
1776176178712951800,50.02495190429688,0.0661328248654492,-0.015046762484312,-0.0485486345916986
1776176178722883000,50.03488305664062,0.0047065702557563,-0.0057271454751491,-0.0139860744502395
1776176178732813800,50.044813720703125,-0.0037561376631259,-0.0282861832857131,-0.0503161557208746
1776176178742744800,50.05474487304687,-0.0246247381687164,-0.0572983427584171,-0.0782403007611632
1776176178752676000,50.06467602539063,-0.0659644642949104,-0.0842506470918655,-0.1363563165780156
1776176178762606800,50.07460693359375,-0.0917044884954579,-0.0989893665403127,-0.1900094347018748
1776176178772537000,50.084537109375,-0.111557189956773,-0.0919108064562082,-0.2221010016199201
1776176178782467800,50.0944677734375,-0.1047474916756153,-0.0865057325422763,-0.1932602531913667
1776176178792398800,50.10439892578125,-0.1006102548735681,-0.0727589467406272,-0.1452451409544795
1776176178802330000,50.114330078125,-0.1039397006903775,-0.0606564210146665,-0.1337799632839858
1776176178812260900,50.1242607421875,-0.0923240634322166,-0.0370563497185707,-0.1118440988730639
1776176178822191900,50.13419189453125,-0.0967851344943046,-0.0194715931892395,-0.0966925608400255
1776176178832123100,50.144123046875,-0.1007809261322021,0.0035071313381195,-0.0891605578999966
1776176178842054000,50.154053955078126,-0.114686701887846,0.0493786556750536,-0.0795994602851569
1776176178851985000,50.16398486328125,-0.1464613118112087,0.1135515603780746,-0.0971707728110253
1776176178861916000,50.173916015625,-0.1986170309841632,0.1437777718156576,-0.0715006903078407
1776176178871847000,50.18384692382813,-0.1761269667565822,0.1238712943404912,-0.0311306129314005
1776176178881778000,50.19377783203125,-0.1396738436281681,0.0457014284670352,-0.0012551146276295
1776176178891709000,50.203708984375,-0.0524608350327936,-0.0500023405313491,0.0254031751953065
1776176178901640000,50.21363989257812,0.025337854874134,-0.148290280804038,0.0574953266352415
1776176178911571000,50.22357104492188,0.0500888497710227,-0.1903968996495008,0.0219304575834423
1776176178921501000,50.2335009765625,0.0205529586851596,-0.1703045442134141,0.0109155809637159
1776176178931432000,50.24343188476563,-0.0647065731883049,-0.1309071843266487,0.0433718164756894
1776176178941363000,50.253363037109374,-0.1086976906061172,-0.0319575652748346,0.0481427572045475
1776176178951294000,50.2632939453125,-0.1115945810914039,-0.0054220250487327,0.0650408466439694
1776176178961225000,50.27322485351562,-0.0972317092180252,0.0145844056695699,0.0351890945419669
1776176178971156000,50.283156005859375,-0.0654220279812812,0.033926234999299,-0.0116688835490494
1776176178981087000,50.2930869140625,-0.0513514170527458,0.0421598103374242,-0.0071731064997613
1776176178991018000,50.30301806640625,-0.0177425751562579,0.0580956306159496,-0.0353837403312325
1776176179000949000,50.31294897460938,-0.0136415741447941,0.0126841250061988,-0.1054566628582775
1776176179010880000,50.3228798828125,-0.043413609790802,-0.0677846654593944,-0.1865375208076089
1776176179020810800,50.332810791015625,-0.1187725098967552,-0.1255629006892442,-0.2520838327556848
1776176179030742000,50.34274194335938,-0.1797112549841404,-0.1310784492403268,-0.254448881386593
1776176179040673000,50.352673095703125,-0.1639689114511013,-0.1536567762732505,-0.2104251038081943
1776176179050603800,50.362603759765626,-0.1369336050093174,-0.1396802733689546,-0.0863612095050513
1776176179060535000,50.37253515625,-0.1153460425794124,-0.0675771601885557,-0.0322560367647558
1776176179070464800,50.38246484375,-0.0724842260190518,-0.0124783733010292,0.0170120712079107
1776176179080396000,50.39239599609375,-0.0495814893373521,0.0032622166663408,0.0006243424434214
1776176179090327000,50.4023271484375,-0.0412438645362853,0.0044885435909032,-0.0430914651643484
1776176179100257800,50.4122578125,-0.0195744781749788,1.51975691318e-05,-0.0247612240299582
1776176179110189000,50.42218896484375,-0.0262543851971626,-0.0007405892342329,-0.0032901275865733
1776176179120120000,50.4321201171875,0.0023521069509442,0.0015004676908254,-0.000405146734789
1776176179130050800,50.44205078125,0.0101928744460456,0.0038759646505117,-0.0059895227383822
1776176179139982000,50.45198217773437,0.0162719203650951,-0.0013981763601303,-0.047001332084462
1776176179149912800,50.46191284179688,0.0343991040749009,0.0136363111644983,-0.0767413674402981
1776176179159843800,50.47184375,0.0289069455325603,-0.0052782326638698,-0.0605458002470433
1776176179169775000,50.48177514648437,-0.0202548525214195,-0.007525134807825,0.0247140969526022
1776176179179705900,50.49170581054688,-0.0701496410250663,0.0066460138857364,0.0726518331043422
1776176179189636900,50.50163696289062,-0.1224339367474429,-0.019420155262947,0.1489191532921046
1776176179199568100,50.511568115234375,-0.1494937931085936,0.0160386961311101,0.1599024657297879
1776176179209497900,50.52149780273437,-0.1385211481953971,0.0539917024284601,0.1128071717515587
1776176179219429000,50.53142919921875,-0.1073673187851905,0.0560708467900753,-0.0131192284878343
1776176179229359900,50.54135986328125,-0.099624741834402,0.0523971267133951,-0.1492981426723301
